id,ip_a_qwen,ip_a_mistral,ip_b_qwen,ip_b_mistral,ip_c_qwen,ip_c_mistral,hc_a_qwen,hc_a_mistral,hc_b_qwen,hc_b_mistral,hc_c_qwen,hc_c_mistral,co_a_qwen,co_a_mistral,co_b_qwen,co_b_mistral,co_c_qwen,co_c_mistral,ol_a_qwen,ol_a_mistral,ol_b_qwen,ol_b_mistral,ol_c_qwen,ol_c_mistral,oq_a_qwen,oq_a_mistral,oq_b_qwen,oq_b_mistral,oq_c_qwen,oq_c_mistral,ip_score_qwen,ip_score_mistral,hc_score_qwen,hc_score_mistral,co_score_qwen,co_score_mistral,ol_score_qwen,ol_score_mistral,oq_score_qwen,oq_score_mistral,ip_score,hc_score,co_score,ol_score,overall_quality
1,1.0,2.0,1.0,2.0,2.0,3.0,1.0,2.0,3.0,2.0,3.0,3.0,5.0,5.0,4.0,5.0,4.0,4.0,1.0,2.0,1.0,2.0,2.0,2.0,5.0,6.0,4.0,6.0,4.0,6.0,1.33,2.33,2.32,2.33,4.34,4.67,1.33,2.0,4.33,6.0,1.83,2.33,4.5,1.66,5.16
2,2.0,4.0,3.0,3.0,2.0,3.0,5.0,5.0,6.0,5.0,6.0,5.0,4.0,5.0,3.0,4.0,5.0,4.0,5.0,6.0,6.0,6.0,5.0,5.0,5.0,6.0,5.0,7.0,5.0,6.0,2.33,3.34,5.67,5.01,4.03,4.34,5.33,5.67,5.0,6.33,2.84,5.34,4.19,5.5,5.66
3,2.0,4.0,2.0,4.0,2.0,3.0,4.0,3.0,4.0,4.0,4.0,4.0,3.0,3.0,3.0,3.0,2.0,2.0,3.0,3.0,2.0,3.0,3.0,4.0,3.0,5.0,3.0,3.0,3.0,4.0,2.0,3.67,4.0,3.67,2.65,2.66,2.67,3.33,3.0,4.0,2.84,3.84,2.66,3.0,3.5
4,2.0,2.0,1.0,3.0,2.0,3.0,4.0,4.0,4.0,4.0,4.0,4.0,6.0,6.0,5.0,6.0,5.0,7.0,2.0,3.0,2.0,2.0,2.0,3.0,3.0,4.0,3.0,4.0,3.0,4.0,1.67,2.66,4.0,4.0,5.35,6.36,2.0,2.67,3.0,4.0,2.16,4.0,5.86,2.34,3.5
5,1.0,1.0,1.0,1.0,1.0,1.0,1.0,1.0,1.0,1.0,1.0,1.0,2.0,2.0,1.0,2.0,1.0,2.0,2.0,3.0,2.0,3.0,2.0,3.0,3.0,5.0,4.0,4.0,4.0,5.0,1.0,1.0,1.0,1.0,1.31,1.99,2.0,3.0,3.67,4.67,1.0,1.0,1.65,2.5,4.17
6,1.0,1.0,1.0,1.0,1.0,1.0,1.0,1.0,2.0,1.0,1.0,1.0,1.0,1.0,1.0,1.0,1.0,1.0,2.0,2.0,2.0,3.0,2.0,2.0,3.0,5.0,3.0,3.0,3.0,4.0,1.0,1.0,1.32,1.0,1.0,1.0,2.0,2.33,3.0,4.0,1.0,1.16,1.0,2.16,3.5
7,1.0,1.0,1.0,1.0,1.0,1.0,5.0,4.0,5.0,5.0,5.0,5.0,1.0,1.0,1.0,1.0,1.0,1.0,3.0,3.0,2.0,3.0,2.0,3.0,1.0,2.0,2.0,3.0,1.0,2.0,1.0,1.0,5.0,4.67,1.0,1.0,2.33,3.0,1.33,2.33,1.0,4.84,1.0,2.66,1.83
8,4.0,6.0,5.0,5.0,4.0,5.0,3.0,3.0,3.0,3.0,3.0,3.0,1.0,1.0,1.0,1.0,1.0,1.0,1.0,3.0,2.0,4.0,2.0,3.0,4.0,4.0,3.0,5.0,3.0,5.0,4.33,5.34,3.0,3.0,1.0,1.0,1.67,3.33,3.33,4.67,4.84,3.0,1.0,2.5,4.0
9,2.0,2.0,3.0,3.0,2.0,3.0,2.0,1.0,4.0,3.0,3.0,2.0,2.0,3.0,2.0,2.0,2.0,2.0,3.0,4.0,3.0,4.0,3.0,4.0,3.0,4.0,3.0,5.0,4.0,4.0,2.33,2.66,3.0,1.99,2.0,2.32,3.0,4.0,3.33,4.33,2.5,2.5,2.16,3.5,3.83
10,4.0,5.0,5.0,5.0,3.0,5.0,7.0,6.0,7.0,6.0,7.0,7.0,5.0,5.0,6.0,6.0,5.0,6.0,5.0,6.0,4.0,5.0,6.0,6.0,7.0,7.0,7.0,7.0,7.0,7.0,4.01,5.0,7.0,6.35,5.35,5.69,5.0,5.67,7.0,7.0,4.5,6.68,5.52,5.34,7.0
11,2.0,2.0,2.0,3.0,3.0,3.0,2.0,1.0,3.0,2.0,3.0,2.0,2.0,2.0,1.0,1.0,1.0,1.0,2.0,2.0,2.0,3.0,2.0,3.0,1.0,2.0,1.0,2.0,1.0,2.0,2.33,2.66,2.66,1.66,1.31,1.32,2.0,2.67,1.0,2.0,2.5,2.16,1.32,2.34,1.5
12,1.0,2.0,1.0,1.0,2.0,2.0,7.0,7.0,7.0,7.0,7.0,7.0,6.0,5.0,4.0,5.0,3.0,4.0,2.0,3.0,3.0,3.0,2.0,3.0,2.0,2.0,1.0,2.0,1.0,2.0,1.33,1.67,7.0,7.0,4.32,4.67,2.33,3.0,1.33,2.0,1.5,7.0,4.5,2.66,1.66
13,2.0,2.0,2.0,3.0,2.0,4.0,1.0,1.0,2.0,1.0,2.0,1.0,2.0,3.0,2.0,3.0,3.0,3.0,5.0,5.0,5.0,5.0,5.0,6.0,3.0,3.0,3.0,3.0,2.0,3.0,2.0,2.99,1.66,1.0,2.35,3.0,5.0,5.33,2.67,3.0,2.5,1.33,2.68,5.16,2.84
14,2.0,2.0,2.0,2.0,1.0,2.0,4.0,4.0,4.0,4.0,4.0,4.0,1.0,1.0,1.0,1.0,1.0,1.0,3.0,3.0,3.0,4.0,3.0,3.0,2.0,3.0,2.0,3.0,2.0,3.0,1.67,2.0,4.0,4.0,1.0,1.0,3.0,3.33,2.0,3.0,1.84,4.0,1.0,3.16,2.5
15,3.0,4.0,3.0,4.0,4.0,5.0,6.0,5.0,7.0,5.0,6.0,6.0,4.0,4.0,4.0,4.0,4.0,5.0,4.0,4.0,3.0,5.0,4.0,4.0,3.0,4.0,3.0,4.0,2.0,3.0,3.33,4.33,6.34,5.34,4.01,4.35,3.67,4.33,2.67,3.67,3.83,5.84,4.18,4.0,3.17
16,2.0,2.0,4.0,4.0,3.0,4.0,5.0,4.0,5.0,5.0,5.0,5.0,3.0,4.0,5.0,5.0,4.0,6.0,3.0,3.0,2.0,3.0,2.0,3.0,3.0,3.0,2.0,3.0,3.0,3.0,3.0,3.33,5.0,4.67,4.02,5.02,2.33,3.0,2.67,3.0,3.16,4.84,4.52,2.66,2.84
17,2.0,3.0,2.0,2.0,2.0,2.0,1.0,1.0,1.0,1.0,1.0,1.0,6.0,6.0,5.0,5.0,3.0,5.0,7.0,7.0,6.0,7.0,6.0,7.0,4.0,3.0,3.0,4.0,3.0,4.0,2.0,2.34,1.0,1.0,4.65,5.35,6.33,7.0,3.33,3.67,2.17,1.0,5.0,6.66,3.5
18,1.0,1.0,1.0,1.0,1.0,1.0,2.0,1.0,3.0,2.0,2.0,3.0,3.0,4.0,3.0,4.0,3.0,3.0,4.0,5.0,4.0,4.0,4.0,4.0,1.0,4.0,1.0,2.0,1.0,2.0,1.0,1.0,2.33,1.99,3.0,3.66,4.0,4.33,1.0,2.67,1.0,2.16,3.33,4.16,1.84
19,1.0,1.0,1.0,1.0,1.0,1.0,2.0,3.0,4.0,4.0,4.0,4.0,3.0,3.0,3.0,4.0,3.0,4.0,5.0,5.0,3.0,5.0,5.0,5.0,2.0,4.0,3.0,3.0,3.0,4.0,1.0,1.0,3.33,3.67,3.0,3.67,4.34,5.0,2.67,3.67,1.0,3.5,3.34,4.67,3.17
20,2.0,2.0,3.0,3.0,3.0,3.0,2.0,2.0,3.0,3.0,3.0,2.0,3.0,4.0,3.0,4.0,3.0,4.0,1.0,1.0,1.0,1.0,1.0,1.0,1.0,2.0,1.0,1.0,1.0,1.0,2.66,2.66,2.66,2.33,3.0,4.01,1.0,1.0,1.0,1.33,2.66,2.5,3.5,1.0,1.16
21,1.0,1.0,1.0,1.0,1.0,1.0,3.0,2.0,4.0,3.0,4.0,3.0,5.0,6.0,4.0,5.0,5.0,5.0,4.0,4.0,3.0,4.0,4.0,4.0,4.0,5.0,6.0,6.0,5.0,6.0,1.0,1.0,3.66,2.66,4.69,5.35,3.67,4.0,5.0,5.67,1.0,3.16,5.02,3.84,5.34
22,3.0,3.0,3.0,3.0,4.0,3.0,3.0,2.0,3.0,3.0,4.0,3.0,5.0,6.0,5.0,6.0,4.0,5.0,2.0,3.0,2.0,2.0,3.0,4.0,2.0,2.0,2.0,3.0,2.0,2.0,3.33,3.0,3.33,2.66,4.67,5.68,2.33,3.0,2.0,2.33,3.16,3.0,5.18,2.66,2.16
23,5.0,4.0,6.0,6.0,4.0,6.0,3.0,2.0,3.0,3.0,2.0,2.0,1.0,1.0,1.0,2.0,1.0,2.0,1.0,1.0,1.0,1.0,1.0,1.0,3.0,4.0,3.0,4.0,3.0,3.0,5.01,5.33,2.66,2.33,1.0,1.66,1.0,1.0,3.0,3.67,5.17,2.5,1.33,1.0,3.34
24,4.0,6.0,3.0,4.0,4.0,5.0,3.0,2.0,3.0,3.0,2.0,3.0,5.0,6.0,4.0,5.0,5.0,5.0,2.0,3.0,2.0,3.0,2.0,3.0,3.0,4.0,3.0,4.0,4.0,3.0,3.67,5.0,2.66,2.66,4.69,5.35,2.0,3.0,3.33,3.67,4.34,2.66,5.02,2.5,3.5
25,7.0,7.0,7.0,7.0,7.0,7.0,4.0,4.0,6.0,5.0,6.0,5.0,6.0,4.0,6.0,6.0,5.0,5.0,4.0,4.0,4.0,5.0,4.0,5.0,5.0,7.0,6.0,7.0,7.0,7.0,7.0,7.0,5.34,4.67,5.68,5.01,4.0,4.67,6.0,7.0,7.0,5.0,5.34,4.34,6.5
26,5.0,5.0,4.0,4.0,4.0,6.0,3.0,3.0,3.0,2.0,4.0,3.0,2.0,3.0,2.0,3.0,2.0,2.0,4.0,4.0,4.0,4.0,4.0,5.0,7.0,7.0,6.0,7.0,6.0,7.0,4.34,5.0,3.33,2.66,2.0,2.66,4.0,4.33,6.33,7.0,4.67,3.0,2.33,4.16,6.66
27,3.0,4.0,4.0,3.0,3.0,4.0,2.0,3.0,3.0,2.0,2.0,2.0,5.0,5.0,5.0,6.0,4.0,5.0,6.0,6.0,6.0,7.0,7.0,7.0,6.0,7.0,6.0,7.0,6.0,7.0,3.33,3.67,2.33,2.33,4.67,5.35,6.33,6.67,6.0,7.0,3.5,2.33,5.01,6.5,6.5
28,4.0,5.0,4.0,5.0,5.0,4.0,3.0,4.0,4.0,4.0,4.0,4.0,5.0,6.0,6.0,6.0,5.0,6.0,3.0,4.0,3.0,4.0,3.0,4.0,3.0,3.0,3.0,4.0,3.0,4.0,4.33,4.67,3.66,4.0,5.35,6.02,3.0,4.0,3.0,3.67,4.5,3.83,5.68,3.5,3.34
29,1.0,1.0,1.0,1.0,1.0,1.0,2.0,2.0,3.0,3.0,3.0,2.0,1.0,2.0,1.0,2.0,1.0,1.0,1.0,1.0,1.0,1.0,1.0,1.0,2.0,2.0,2.0,2.0,1.0,2.0,1.0,1.0,2.66,2.33,1.0,1.65,1.0,1.0,1.67,2.0,1.0,2.5,1.32,1.0,1.84
30,6.0,5.0,5.0,5.0,3.0,5.0,4.0,4.0,4.0,4.0,3.0,3.0,2.0,3.0,1.0,2.0,1.0,2.0,3.0,4.0,3.0,3.0,3.0,2.0,5.0,6.0,5.0,6.0,5.0,5.0,4.68,5.0,3.67,3.67,1.31,2.32,3.0,3.0,5.0,5.67,4.84,3.67,1.82,3.0,5.34
31,5.0,5.0,6.0,7.0,5.0,6.0,7.0,7.0,7.0,6.0,7.0,7.0,4.0,4.0,4.0,3.0,3.0,2.0,5.0,5.0,4.0,5.0,4.0,6.0,4.0,5.0,5.0,6.0,3.0,5.0,5.34,6.0,7.0,6.68,3.66,2.99,4.33,5.33,4.0,5.33,5.67,6.84,3.32,4.83,4.66
32,3.0,2.0,2.0,3.0,2.0,2.0,2.0,1.0,3.0,2.0,3.0,2.0,2.0,1.0,1.0,1.0,1.0,1.0,4.0,5.0,4.0,5.0,5.0,5.0,1.0,2.0,1.0,2.0,2.0,2.0,2.34,2.33,2.66,1.66,1.31,1.0,4.33,5.0,1.33,2.0,2.34,2.16,1.16,4.66,1.66
33,3.0,2.0,2.0,2.0,2.0,3.0,3.0,3.0,2.0,3.0,2.0,2.0,4.0,4.0,5.0,5.0,3.0,5.0,5.0,5.0,4.0,6.0,5.0,5.0,4.0,6.0,5.0,7.0,5.0,5.0,2.34,2.33,2.33,2.66,4.0,4.68,4.67,5.33,4.67,6.0,2.34,2.5,4.34,5.0,5.34
34,2.0,3.0,2.0,3.0,3.0,3.0,3.0,2.0,4.0,4.0,4.0,4.0,2.0,1.0,2.0,1.0,1.0,2.0,5.0,6.0,6.0,6.0,5.0,6.0,2.0,3.0,3.0,3.0,2.0,3.0,2.33,3.0,3.66,3.33,1.65,1.33,5.33,6.0,2.33,3.0,2.66,3.5,1.49,5.66,2.66
35,3.0,4.0,4.0,4.0,3.0,3.0,5.0,4.0,5.0,4.0,5.0,5.0,3.0,4.0,3.0,4.0,3.0,4.0,3.0,4.0,4.0,4.0,4.0,4.0,2.0,3.0,2.0,4.0,4.0,4.0,3.33,3.67,5.0,4.34,3.0,4.01,3.67,4.0,2.66,3.67,3.5,4.67,3.5,3.84,3.16
36,5.0,4.0,4.0,5.0,4.0,6.0,3.0,2.0,4.0,5.0,3.0,2.0,7.0,7.0,6.0,7.0,7.0,7.0,3.0,3.0,3.0,3.0,2.0,4.0,3.0,3.0,3.0,4.0,2.0,3.0,4.34,5.0,3.33,2.99,6.71,7.0,2.67,3.33,2.67,3.33,4.67,3.16,6.86,3.0,3.0
37,1.0,2.0,2.0,2.0,2.0,2.0,3.0,3.0,4.0,4.0,3.0,2.0,5.0,5.0,4.0,4.0,3.0,3.0,3.0,4.0,4.0,3.0,3.0,3.0,2.0,4.0,3.0,4.0,3.0,4.0,1.66,2.0,3.33,3.0,3.99,4.0,3.33,3.33,2.67,4.0,1.83,3.16,4.0,3.33,3.34
38,3.0,4.0,3.0,4.0,3.0,3.0,4.0,3.0,5.0,5.0,5.0,5.0,7.0,6.0,6.0,7.0,5.0,6.0,1.0,2.0,2.0,2.0,2.0,2.0,1.0,2.0,1.0,2.0,1.0,2.0,3.0,3.67,4.67,4.34,6.01,6.35,1.67,2.0,1.0,2.0,3.34,4.5,6.18,1.84,1.5
39,4.0,5.0,4.0,4.0,4.0,5.0,6.0,6.0,7.0,6.0,6.0,6.0,7.0,7.0,7.0,7.0,7.0,7.0,6.0,7.0,6.0,7.0,7.0,7.0,5.0,6.0,6.0,6.0,5.0,6.0,4.0,4.67,6.34,6.01,7.0,7.0,6.33,7.0,5.33,6.0,4.34,6.18,7.0,6.66,5.66
40,5.0,5.0,4.0,6.0,6.0,6.0,3.0,2.0,4.0,3.0,3.0,2.0,3.0,3.0,2.0,3.0,3.0,3.0,2.0,3.0,3.0,4.0,2.0,3.0,4.0,6.0,3.0,5.0,4.0,4.0,5.0,5.66,3.33,2.33,2.67,3.0,2.33,3.33,3.67,5.0,5.33,2.83,2.84,2.83,4.34
41,2.0,3.0,3.0,4.0,2.0,3.0,4.0,3.0,4.0,3.0,3.0,3.0,4.0,5.0,5.0,5.0,4.0,4.0,4.0,4.0,4.0,5.0,4.0,5.0,5.0,5.0,4.0,5.0,5.0,6.0,2.33,3.33,3.67,3.0,4.35,4.67,4.0,4.67,4.67,5.33,2.83,3.34,4.51,4.34,5.0
42,4.0,5.0,5.0,5.0,3.0,5.0,4.0,4.0,4.0,3.0,4.0,3.0,1.0,1.0,1.0,2.0,1.0,1.0,5.0,5.0,5.0,5.0,5.0,6.0,6.0,6.0,6.0,6.0,6.0,7.0,4.01,5.0,4.0,3.33,1.0,1.32,5.0,5.33,6.0,6.33,4.5,3.66,1.16,5.16,6.16
43,1.0,1.0,1.0,1.0,1.0,1.0,2.0,2.0,3.0,2.0,2.0,2.0,5.0,5.0,5.0,6.0,4.0,6.0,1.0,2.0,4.0,1.0,1.0,1.0,3.0,4.0,3.0,4.0,3.0,3.0,1.0,1.0,2.33,1.99,4.67,5.69,1.99,1.33,3.0,3.67,1.0,2.16,5.18,1.66,3.34
44,4.0,4.0,4.0,5.0,5.0,5.0,4.0,3.0,3.0,3.0,3.0,4.0,3.0,4.0,3.0,3.0,3.0,3.0,3.0,4.0,3.0,5.0,3.0,3.0,4.0,5.0,4.0,5.0,4.0,5.0,4.33,4.66,3.33,3.33,3.0,3.33,3.0,4.0,4.0,5.0,4.5,3.33,3.16,3.5,4.5
45,5.0,4.0,3.0,5.0,4.0,3.0,4.0,4.0,5.0,4.0,4.0,5.0,5.0,6.0,5.0,5.0,5.0,5.0,1.0,2.0,1.0,2.0,2.0,2.0,2.0,3.0,2.0,2.0,3.0,4.0,4.0,4.0,4.34,4.34,5.02,5.35,1.33,2.0,2.33,3.0,4.0,4.34,5.18,1.66,2.66
46,5.0,6.0,5.0,7.0,7.0,6.0,3.0,2.0,4.0,3.0,4.0,4.0,2.0,3.0,2.0,3.0,2.0,3.0,4.0,6.0,5.0,6.0,4.0,4.0,4.0,5.0,4.0,6.0,5.0,6.0,5.66,6.33,3.66,3.0,2.0,3.0,4.33,5.33,4.33,5.67,6.0,3.33,2.5,4.83,5.0
47,2.0,2.0,2.0,3.0,4.0,4.0,7.0,7.0,7.0,7.0,7.0,7.0,5.0,6.0,6.0,6.0,5.0,5.0,4.0,4.0,3.0,4.0,3.0,4.0,1.0,3.0,2.0,3.0,2.0,3.0,2.66,2.99,7.0,7.0,5.35,5.68,3.33,4.0,1.67,3.0,2.82,7.0,5.52,3.66,2.34
48,5.0,6.0,6.0,6.0,5.0,6.0,5.0,4.0,5.0,5.0,5.0,4.0,5.0,5.0,4.0,5.0,4.0,5.0,6.0,7.0,6.0,6.0,6.0,7.0,2.0,3.0,3.0,3.0,2.0,3.0,5.34,6.0,5.0,4.34,4.34,5.01,6.0,6.67,2.33,3.0,5.67,4.67,4.68,6.34,2.66
49,3.0,3.0,2.0,3.0,2.0,2.0,4.0,3.0,4.0,3.0,3.0,3.0,3.0,3.0,3.0,4.0,3.0,3.0,4.0,4.0,3.0,4.0,4.0,3.0,3.0,4.0,4.0,4.0,4.0,4.0,2.34,2.67,3.67,3.0,3.0,3.33,3.67,3.67,3.67,4.0,2.5,3.34,3.16,3.67,3.84
50,3.0,5.0,5.0,4.0,5.0,5.0,5.0,4.0,4.0,4.0,5.0,4.0,1.0,1.0,1.0,1.0,1.0,1.0,4.0,5.0,4.0,5.0,4.0,5.0,4.0,6.0,3.0,6.0,6.0,6.0,4.33,4.67,4.67,4.0,1.0,1.0,4.0,5.0,4.33,6.0,4.5,4.34,1.0,4.5,5.16
51,6.0,7.0,7.0,7.0,7.0,7.0,6.0,5.0,6.0,4.0,6.0,5.0,2.0,3.0,2.0,2.0,2.0,3.0,4.0,4.0,4.0,4.0,4.0,4.0,7.0,7.0,6.0,7.0,6.0,7.0,6.66,7.0,6.01,4.67,2.0,2.67,4.0,4.0,6.33,7.0,6.83,5.34,2.34,4.0,6.66
52,4.0,5.0,5.0,5.0,5.0,5.0,5.0,5.0,5.0,5.0,5.0,5.0,4.0,5.0,4.0,5.0,3.0,4.0,4.0,5.0,4.0,5.0,4.0,5.0,2.0,3.0,3.0,3.0,2.0,3.0,4.66,5.0,5.0,5.01,3.66,4.67,4.0,5.0,2.33,3.0,4.83,5.0,4.16,4.5,2.66
53,3.0,5.0,4.0,4.0,4.0,4.0,4.0,3.0,4.0,4.0,4.0,4.0,6.0,7.0,6.0,7.0,5.0,6.0,5.0,6.0,4.0,5.0,5.0,5.0,4.0,5.0,3.0,4.0,3.0,5.0,3.66,4.34,4.0,3.67,5.68,6.69,4.67,5.33,3.33,4.67,4.0,3.84,6.18,5.0,4.0
54,1.0,1.0,1.0,1.0,1.0,1.0,1.0,1.0,2.0,1.0,1.0,1.0,5.0,5.0,5.0,6.0,4.0,4.0,4.0,5.0,4.0,5.0,5.0,5.0,6.0,7.0,5.0,6.0,5.0,6.0,1.0,1.0,1.32,1.0,4.67,5.0,4.33,5.0,5.33,6.33,1.0,1.16,4.84,4.66,5.83
55,5.0,5.0,5.0,5.0,4.0,5.0,3.0,3.0,3.0,3.0,3.0,3.0,2.0,3.0,2.0,3.0,2.0,2.0,4.0,6.0,4.0,5.0,4.0,6.0,3.0,4.0,2.0,3.0,2.0,3.0,4.67,5.0,3.0,3.0,2.0,2.66,4.0,5.67,2.33,3.33,4.84,3.0,2.33,4.84,2.83
56,3.0,5.0,4.0,5.0,3.0,4.0,4.0,4.0,4.0,4.0,4.0,4.0,5.0,5.0,5.0,6.0,4.0,5.0,2.0,3.0,2.0,3.0,2.0,2.0,2.0,2.0,2.0,3.0,3.0,3.0,3.33,4.67,4.0,4.0,4.67,5.35,2.0,2.67,2.33,2.67,4.0,4.0,5.01,2.34,2.5
57,3.0,4.0,3.0,4.0,3.0,3.0,5.0,4.0,5.0,4.0,5.0,5.0,7.0,7.0,7.0,7.0,7.0,7.0,3.0,4.0,3.0,4.0,3.0,4.0,4.0,4.0,3.0,4.0,3.0,5.0,3.0,3.67,5.0,4.34,7.0,7.0,3.0,4.0,3.33,4.33,3.34,4.67,7.0,3.5,3.83
58,1.0,2.0,2.0,2.0,1.0,1.0,2.0,1.0,3.0,2.0,3.0,2.0,4.0,4.0,3.0,4.0,3.0,3.0,4.0,4.0,3.0,4.0,3.0,4.0,2.0,4.0,2.0,2.0,3.0,3.0,1.33,1.67,2.66,1.66,3.33,3.66,3.33,4.0,2.33,3.0,1.5,2.16,3.5,3.66,2.66
59,1.0,2.0,1.0,2.0,2.0,3.0,4.0,3.0,5.0,4.0,4.0,5.0,2.0,3.0,2.0,2.0,2.0,2.0,2.0,2.0,2.0,3.0,2.0,3.0,5.0,6.0,4.0,6.0,5.0,6.0,1.33,2.33,4.34,4.0,2.0,2.32,2.0,2.67,4.67,6.0,1.83,4.17,2.16,2.34,5.34
60,5.0,5.0,6.0,6.0,5.0,6.0,6.0,6.0,6.0,6.0,7.0,6.0,4.0,5.0,3.0,4.0,3.0,3.0,7.0,7.0,7.0,7.0,7.0,7.0,7.0,7.0,7.0,7.0,7.0,7.0,5.34,5.66,6.34,6.01,3.33,4.0,7.0,7.0,7.0,7.0,5.5,6.18,3.66,7.0,7.0
61,1.0,1.0,2.0,1.0,2.0,2.0,1.0,1.0,2.0,1.0,1.0,1.0,1.0,1.0,1.0,1.0,1.0,2.0,2.0,2.0,1.0,2.0,2.0,2.0,2.0,3.0,2.0,5.0,3.0,3.0,1.66,1.33,1.32,1.0,1.0,1.33,1.67,2.0,2.33,3.67,1.5,1.16,1.16,1.84,3.0
62,2.0,1.0,1.0,1.0,1.0,2.0,5.0,5.0,6.0,5.0,6.0,5.0,4.0,5.0,5.0,5.0,4.0,4.0,7.0,7.0,7.0,7.0,6.0,7.0,4.0,5.0,4.0,5.0,4.0,5.0,1.34,1.33,5.67,5.01,4.35,4.67,6.67,7.0,4.0,5.0,1.34,5.34,4.51,6.84,4.5
63,6.0,7.0,6.0,7.0,5.0,6.0,6.0,6.0,6.0,6.0,6.0,5.0,3.0,4.0,3.0,4.0,3.0,3.0,5.0,4.0,4.0,5.0,5.0,6.0,5.0,6.0,5.0,4.0,6.0,6.0,5.67,6.67,6.01,5.68,3.0,3.66,4.67,5.0,5.33,5.33,6.17,5.84,3.33,4.84,5.33
64,6.0,6.0,7.0,6.0,7.0,7.0,2.0,1.0,2.0,2.0,2.0,1.0,5.0,5.0,4.0,5.0,3.0,4.0,2.0,3.0,2.0,2.0,2.0,3.0,2.0,3.0,2.0,3.0,2.0,2.0,6.66,6.33,1.99,1.32,3.99,4.67,2.0,2.67,2.0,2.67,6.5,1.66,4.33,2.34,2.34
65,2.0,3.0,2.0,3.0,3.0,3.0,4.0,3.0,4.0,4.0,5.0,3.0,4.0,4.0,3.0,4.0,3.0,4.0,2.0,3.0,2.0,3.0,2.0,3.0,6.0,6.0,6.0,7.0,6.0,7.0,2.33,3.0,4.33,3.33,3.33,4.01,2.0,3.0,6.0,6.67,2.66,3.83,3.67,2.5,6.34
66,2.0,3.0,1.0,2.0,3.0,2.0,6.0,5.0,6.0,6.0,7.0,6.0,1.0,2.0,1.0,2.0,1.0,1.0,2.0,3.0,2.0,3.0,3.0,3.0,1.0,2.0,1.0,2.0,1.0,2.0,2.0,2.34,6.34,5.68,1.0,1.65,2.33,3.0,1.0,2.0,2.17,6.01,1.32,2.66,1.5
67,5.0,5.0,4.0,5.0,4.0,4.0,2.0,2.0,4.0,4.0,4.0,3.0,4.0,4.0,4.0,5.0,5.0,5.0,4.0,5.0,5.0,6.0,4.0,5.0,5.0,6.0,5.0,5.0,4.0,6.0,4.34,4.67,3.33,3.0,4.36,4.68,4.33,5.33,4.67,5.67,4.5,3.16,4.52,4.83,5.17
68,2.0,4.0,3.0,4.0,3.0,4.0,4.0,4.0,5.0,5.0,4.0,4.0,2.0,2.0,2.0,2.0,2.0,2.0,3.0,3.0,3.0,3.0,2.0,3.0,2.0,3.0,3.0,5.0,3.0,5.0,2.66,4.0,4.34,4.34,2.0,1.99,2.67,3.0,2.67,4.33,3.33,4.34,2.0,2.84,3.5
69,6.0,6.0,7.0,7.0,6.0,7.0,5.0,5.0,4.0,5.0,5.0,5.0,4.0,3.0,2.0,3.0,3.0,3.0,7.0,7.0,7.0,7.0,7.0,7.0,6.0,7.0,6.0,6.0,6.0,7.0,6.34,6.67,4.67,5.01,3.0,3.0,7.0,7.0,6.0,6.67,6.5,4.84,3.0,7.0,6.34
70,5.0,5.0,6.0,6.0,6.0,7.0,4.0,3.0,3.0,3.0,4.0,3.0,3.0,4.0,3.0,4.0,3.0,4.0,6.0,6.0,6.0,6.0,6.0,6.0,6.0,6.0,5.0,6.0,6.0,6.0,5.66,6.0,3.67,3.0,3.0,4.01,6.0,6.0,5.67,6.0,5.83,3.34,3.5,6.0,5.84
71,2.0,3.0,3.0,2.0,2.0,2.0,1.0,1.0,2.0,2.0,2.0,2.0,1.0,2.0,1.0,1.0,1.0,1.0,1.0,3.0,2.0,2.0,2.0,3.0,2.0,1.0,2.0,2.0,1.0,2.0,2.33,2.34,1.66,1.66,1.0,1.32,1.67,2.67,1.67,1.67,2.34,1.66,1.16,2.17,1.67
72,4.0,4.0,3.0,3.0,3.0,3.0,6.0,5.0,6.0,6.0,6.0,5.0,4.0,5.0,4.0,5.0,4.0,4.0,4.0,5.0,5.0,5.0,5.0,5.0,5.0,6.0,5.0,6.0,5.0,6.0,3.34,3.34,6.01,5.34,4.01,4.67,4.67,5.0,5.0,6.0,3.34,5.68,4.34,4.84,5.5
73,3.0,1.0,1.0,1.0,1.0,1.0,1.0,1.0,1.0,1.0,1.0,1.0,1.0,1.0,1.0,1.0,1.0,1.0,1.0,1.0,1.0,1.0,1.0,1.0,3.0,3.0,3.0,4.0,3.0,3.0,1.67,1.0,1.0,1.0,1.0,1.0,1.0,1.0,3.0,3.33,1.34,1.0,1.0,1.0,3.16
74,1.0,1.0,1.0,1.0,1.0,1.0,4.0,3.0,4.0,4.0,4.0,4.0,1.0,1.0,1.0,1.0,1.0,1.0,2.0,3.0,3.0,4.0,2.0,2.0,2.0,2.0,1.0,3.0,2.0,2.0,1.0,1.0,4.0,3.67,1.0,1.0,2.33,3.0,1.67,2.33,1.0,3.84,1.0,2.66,2.0
75,1.0,1.0,1.0,1.0,1.0,1.0,5.0,5.0,5.0,5.0,5.0,5.0,4.0,5.0,4.0,5.0,3.0,4.0,5.0,4.0,4.0,5.0,4.0,5.0,3.0,4.0,5.0,5.0,3.0,5.0,1.0,1.0,5.0,5.01,3.66,4.67,4.33,4.67,3.67,4.67,1.0,5.0,4.16,4.5,4.17
76,3.0,3.0,2.0,2.0,1.0,3.0,3.0,2.0,4.0,3.0,3.0,2.0,1.0,2.0,1.0,1.0,1.0,1.0,2.0,3.0,3.0,4.0,3.0,4.0,4.0,5.0,4.0,5.0,5.0,4.0,2.01,2.67,3.33,2.33,1.0,1.32,2.67,3.67,4.33,4.67,2.34,2.83,1.16,3.17,4.5
77,6.0,6.0,6.0,6.0,5.0,7.0,6.0,5.0,6.0,5.0,6.0,7.0,3.0,3.0,3.0,3.0,3.0,3.0,4.0,5.0,4.0,4.0,5.0,6.0,5.0,6.0,5.0,6.0,6.0,6.0,5.67,6.33,6.01,5.68,3.0,3.0,4.33,5.0,5.33,6.0,6.0,5.84,3.0,4.66,5.66
78,4.0,4.0,4.0,5.0,4.0,4.0,4.0,4.0,5.0,4.0,4.0,4.0,1.0,1.0,1.0,1.0,1.0,1.0,3.0,3.0,3.0,3.0,3.0,3.0,3.0,3.0,5.0,6.0,4.0,5.0,4.0,4.33,4.34,4.0,1.0,1.0,3.0,3.0,4.0,4.67,4.16,4.17,1.0,3.0,4.34
79,4.0,6.0,3.0,6.0,5.0,5.0,5.0,4.0,5.0,5.0,5.0,4.0,1.0,1.0,1.0,1.0,1.0,1.0,5.0,6.0,5.0,5.0,4.0,5.0,2.0,3.0,2.0,4.0,3.0,4.0,4.0,5.67,5.0,4.34,1.0,1.0,4.67,5.33,2.33,3.67,4.84,4.67,1.0,5.0,3.0
80,1.0,1.0,2.0,3.0,2.0,1.0,3.0,3.0,4.0,3.0,3.0,3.0,5.0,5.0,6.0,6.0,5.0,4.0,2.0,3.0,1.0,2.0,2.0,3.0,2.0,3.0,3.0,3.0,2.0,3.0,1.66,1.67,3.33,3.0,5.35,5.0,1.67,2.67,2.33,3.0,1.66,3.16,5.18,2.17,2.66
81,1.0,2.0,1.0,2.0,1.0,2.0,3.0,2.0,3.0,3.0,2.0,3.0,4.0,4.0,2.0,3.0,3.0,4.0,4.0,4.0,4.0,5.0,3.0,5.0,2.0,4.0,3.0,5.0,3.0,4.0,1.0,2.0,2.66,2.66,3.0,3.67,3.67,4.67,2.67,4.33,1.5,2.66,3.34,4.17,3.5
82,4.0,5.0,4.0,4.0,4.0,5.0,4.0,3.0,4.0,5.0,4.0,3.0,7.0,6.0,7.0,7.0,6.0,6.0,6.0,7.0,6.0,6.0,6.0,6.0,7.0,7.0,7.0,7.0,7.0,7.0,4.0,4.67,4.0,3.67,6.69,6.35,6.0,6.33,7.0,7.0,4.34,3.84,6.52,6.16,7.0
83,3.0,4.0,5.0,6.0,4.0,5.0,2.0,2.0,3.0,2.0,3.0,3.0,3.0,2.0,3.0,4.0,2.0,2.0,2.0,2.0,1.0,1.0,1.0,2.0,5.0,5.0,6.0,6.0,4.0,6.0,4.0,5.0,2.66,2.33,2.65,2.66,1.33,1.67,5.0,5.67,4.5,2.5,2.66,1.5,5.34
84,1.0,2.0,1.0,1.0,2.0,1.0,4.0,3.0,5.0,4.0,5.0,4.0,1.0,1.0,1.0,1.0,1.0,1.0,2.0,2.0,1.0,3.0,1.0,2.0,1.0,2.0,2.0,2.0,2.0,2.0,1.33,1.34,4.67,3.67,1.0,1.0,1.33,2.33,1.67,2.0,1.34,4.17,1.0,1.83,1.84
85,2.0,3.0,3.0,3.0,3.0,4.0,5.0,4.0,5.0,4.0,4.0,3.0,2.0,4.0,2.0,2.0,2.0,2.0,4.0,4.0,4.0,4.0,5.0,5.0,6.0,7.0,6.0,7.0,6.0,7.0,2.66,3.33,4.67,3.67,2.0,2.66,4.33,4.33,6.0,7.0,3.0,4.17,2.33,4.33,6.5
86,1.0,1.0,2.0,2.0,2.0,2.0,1.0,1.0,1.0,1.0,2.0,1.0,2.0,3.0,2.0,2.0,2.0,3.0,4.0,4.0,4.0,4.0,3.0,4.0,1.0,1.0,1.0,2.0,1.0,2.0,1.66,1.66,1.32,1.0,2.0,2.67,3.67,4.0,1.0,1.67,1.66,1.16,2.34,3.84,1.34
87,7.0,7.0,7.0,7.0,7.0,7.0,7.0,6.0,7.0,7.0,7.0,6.0,6.0,6.0,6.0,6.0,4.0,5.0,6.0,6.0,5.0,6.0,5.0,7.0,6.0,6.0,6.0,7.0,6.0,6.0,7.0,7.0,7.0,6.35,5.33,5.68,5.33,6.33,6.0,6.33,7.0,6.68,5.5,5.83,6.16
88,5.0,6.0,5.0,5.0,5.0,6.0,4.0,4.0,5.0,5.0,5.0,4.0,4.0,3.0,3.0,3.0,3.0,3.0,3.0,3.0,3.0,4.0,2.0,3.0,2.0,3.0,3.0,3.0,2.0,3.0,5.0,5.67,4.67,4.34,3.33,3.0,2.67,3.33,2.33,3.0,5.34,4.5,3.16,3.0,2.66
89,1.0,1.0,2.0,1.0,2.0,2.0,2.0,1.0,3.0,2.0,2.0,3.0,2.0,2.0,2.0,4.0,2.0,1.0,2.0,3.0,1.0,3.0,2.0,2.0,1.0,1.0,1.0,1.0,1.0,1.0,1.66,1.33,2.33,1.99,2.0,2.31,1.67,2.67,1.0,1.0,1.5,2.16,2.16,2.17,1.0
90,6.0,6.0,6.0,6.0,6.0,7.0,3.0,2.0,3.0,3.0,3.0,3.0,1.0,1.0,1.0,1.0,1.0,1.0,4.0,5.0,4.0,5.0,4.0,5.0,2.0,2.0,1.0,2.0,2.0,3.0,6.0,6.33,3.0,2.66,1.0,1.0,4.0,5.0,1.67,2.33,6.16,2.83,1.0,4.5,2.0
91,2.0,2.0,1.0,2.0,1.0,2.0,2.0,2.0,2.0,1.0,2.0,1.0,3.0,4.0,3.0,4.0,2.0,3.0,2.0,2.0,2.0,2.0,2.0,1.0,1.0,2.0,1.0,2.0,1.0,2.0,1.34,2.0,1.99,1.32,2.65,3.66,2.0,1.67,1.0,2.0,1.67,1.66,3.16,1.84,1.5
92,1.0,1.0,1.0,1.0,1.0,1.0,4.0,4.0,5.0,4.0,4.0,4.0,4.0,4.0,2.0,4.0,2.0,4.0,5.0,5.0,4.0,5.0,5.0,5.0,5.0,6.0,6.0,6.0,4.0,6.0,1.0,1.0,4.34,4.0,2.65,4.01,4.67,5.0,5.0,6.0,1.0,4.17,3.33,4.84,5.5
93,4.0,3.0,3.0,5.0,3.0,4.0,7.0,7.0,7.0,7.0,7.0,7.0,3.0,3.0,3.0,2.0,3.0,2.0,7.0,7.0,7.0,7.0,6.0,7.0,6.0,7.0,6.0,7.0,6.0,6.0,3.34,4.0,7.0,7.0,3.0,2.32,6.67,7.0,6.0,6.67,3.67,7.0,2.66,6.84,6.34
94,3.0,5.0,5.0,5.0,5.0,4.0,5.0,6.0,5.0,5.0,5.0,6.0,5.0,5.0,4.0,4.0,4.0,4.0,7.0,7.0,7.0,7.0,7.0,7.0,4.0,5.0,5.0,6.0,4.0,5.0,4.33,4.67,5.0,5.68,4.34,4.34,7.0,7.0,4.33,5.33,4.5,5.34,4.34,7.0,4.83
95,3.0,4.0,4.0,4.0,4.0,4.0,2.0,3.0,3.0,3.0,3.0,2.0,5.0,6.0,6.0,7.0,6.0,6.0,3.0,3.0,2.0,3.0,3.0,4.0,4.0,4.0,3.0,4.0,3.0,4.0,3.66,4.0,2.66,2.66,5.7,6.35,2.67,3.33,3.33,4.0,3.83,2.66,6.02,3.0,3.66
96,6.0,5.0,6.0,7.0,6.0,7.0,6.0,5.0,6.0,6.0,6.0,6.0,4.0,6.0,5.0,5.0,4.0,4.0,2.0,3.0,2.0,3.0,2.0,3.0,7.0,7.0,5.0,7.0,6.0,7.0,6.0,6.33,6.01,5.68,4.35,5.0,2.0,3.0,6.0,7.0,6.16,5.84,4.68,2.5,6.5
97,2.0,4.0,2.0,3.0,3.0,3.0,4.0,3.0,4.0,3.0,4.0,2.0,4.0,5.0,4.0,5.0,4.0,4.0,4.0,4.0,3.0,3.0,3.0,4.0,3.0,3.0,3.0,4.0,3.0,4.0,2.33,3.34,4.0,2.66,4.01,4.67,3.33,3.67,3.0,3.67,2.84,3.33,4.34,3.5,3.34
98,1.0,1.0,1.0,2.0,1.0,1.0,2.0,2.0,2.0,2.0,2.0,2.0,5.0,5.0,5.0,5.0,4.0,5.0,4.0,4.0,4.0,5.0,4.0,4.0,1.0,1.0,1.0,2.0,1.0,2.0,1.0,1.33,1.99,1.99,4.67,5.01,4.0,4.33,1.0,1.67,1.16,1.99,4.84,4.16,1.34
99,2.0,3.0,2.0,3.0,2.0,2.0,2.0,2.0,2.0,2.0,2.0,2.0,6.0,6.0,6.0,5.0,6.0,5.0,6.0,7.0,6.0,6.0,6.0,7.0,5.0,6.0,4.0,5.0,4.0,6.0,2.0,2.67,1.99,1.99,6.03,5.35,6.0,6.67,4.33,5.67,2.34,1.99,5.69,6.34,5.0
100,3.0,3.0,2.0,3.0,2.0,3.0,2.0,2.0,2.0,2.0,1.0,1.0,1.0,1.0,2.0,2.0,1.0,1.0,3.0,4.0,4.0,5.0,4.0,4.0,1.0,3.0,2.0,3.0,2.0,2.0,2.34,3.0,1.66,1.66,1.32,1.32,3.67,4.33,1.67,2.67,2.67,1.66,1.32,4.0,2.17
101,1.0,2.0,1.0,1.0,1.0,2.0,4.0,4.0,3.0,4.0,4.0,3.0,2.0,2.0,2.0,3.0,2.0,3.0,4.0,4.0,4.0,5.0,3.0,4.0,2.0,2.0,2.0,2.0,2.0,2.0,1.0,1.67,3.67,3.67,2.0,2.67,3.67,4.33,2.0,2.0,1.34,3.67,2.34,4.0,2.0
102,3.0,5.0,4.0,4.0,3.0,4.0,5.0,4.0,5.0,5.0,5.0,4.0,4.0,4.0,2.0,3.0,3.0,4.0,2.0,3.0,2.0,2.0,2.0,3.0,2.0,2.0,2.0,2.0,2.0,3.0,3.33,4.34,5.0,4.34,3.0,3.67,2.0,2.67,2.0,2.33,3.84,4.67,3.34,2.34,2.16
103,2.0,2.0,3.0,3.0,2.0,3.0,1.0,1.0,1.0,1.0,1.0,1.0,1.0,2.0,1.0,2.0,1.0,2.0,4.0,5.0,4.0,4.0,3.0,5.0,1.0,1.0,1.0,1.0,1.0,1.0,2.33,2.66,1.0,1.0,1.0,1.99,3.67,4.67,1.0,1.0,2.5,1.0,1.5,4.17,1.0
104,3.0,2.0,3.0,4.0,2.0,2.0,3.0,2.0,4.0,3.0,2.0,2.0,1.0,1.0,1.0,1.0,1.0,1.0,2.0,2.0,3.0,3.0,3.0,4.0,3.0,3.0,3.0,4.0,4.0,3.0,2.67,2.67,3.0,2.33,1.0,1.0,2.67,3.0,3.33,3.33,2.67,2.66,1.0,2.84,3.33
105,2.0,2.0,2.0,2.0,2.0,2.0,2.0,1.0,2.0,1.0,2.0,1.0,4.0,6.0,4.0,5.0,3.0,3.0,4.0,4.0,3.0,3.0,2.0,3.0,2.0,4.0,2.0,3.0,2.0,3.0,2.0,2.0,1.99,1.0,3.66,4.66,3.0,3.33,2.0,3.33,2.0,1.5,4.16,3.16,2.66
106,4.0,3.0,4.0,3.0,4.0,4.0,4.0,4.0,4.0,4.0,5.0,4.0,3.0,3.0,3.0,2.0,3.0,3.0,6.0,6.0,6.0,7.0,6.0,7.0,4.0,5.0,3.0,4.0,3.0,4.0,4.0,3.33,4.33,4.0,3.0,2.67,6.0,6.67,3.33,4.33,3.66,4.16,2.84,6.34,3.83
107,3.0,4.0,2.0,4.0,3.0,3.0,6.0,6.0,6.0,6.0,7.0,6.0,5.0,6.0,6.0,7.0,5.0,6.0,7.0,7.0,7.0,7.0,7.0,7.0,6.0,7.0,6.0,7.0,6.0,6.0,2.67,3.67,6.34,6.01,5.35,6.35,7.0,7.0,6.0,6.67,3.17,6.18,5.85,7.0,6.34
108,1.0,1.0,2.0,2.0,1.0,2.0,4.0,4.0,5.0,4.0,4.0,5.0,2.0,2.0,2.0,2.0,2.0,2.0,2.0,3.0,2.0,3.0,2.0,3.0,4.0,5.0,4.0,5.0,4.0,5.0,1.33,1.66,4.34,4.34,2.0,1.99,2.0,3.0,4.0,5.0,1.5,4.34,2.0,2.5,4.5
109,4.0,5.0,3.0,4.0,3.0,4.0,5.0,5.0,5.0,5.0,5.0,5.0,3.0,4.0,3.0,3.0,1.0,3.0,4.0,5.0,4.0,4.0,4.0,4.0,3.0,5.0,4.0,5.0,4.0,5.0,3.34,4.34,5.0,5.01,2.31,3.33,4.0,4.33,3.67,5.0,3.84,5.0,2.82,4.16,4.34
110,6.0,7.0,7.0,7.0,6.0,7.0,6.0,5.0,5.0,6.0,6.0,5.0,5.0,6.0,7.0,7.0,5.0,6.0,5.0,5.0,5.0,6.0,5.0,5.0,6.0,6.0,6.0,6.0,5.0,6.0,6.34,7.0,5.67,5.34,5.69,6.35,5.0,5.33,5.67,6.0,6.67,5.5,6.02,5.16,5.84
111,2.0,2.0,1.0,2.0,2.0,3.0,6.0,5.0,6.0,6.0,5.0,6.0,3.0,4.0,4.0,5.0,3.0,4.0,4.0,4.0,4.0,5.0,4.0,4.0,7.0,7.0,6.0,7.0,7.0,7.0,1.67,2.33,5.68,5.68,3.34,4.34,4.0,4.33,6.67,7.0,2.0,5.68,3.84,4.16,6.84
112,2.0,3.0,2.0,3.0,2.0,2.0,4.0,4.0,6.0,5.0,5.0,4.0,3.0,4.0,4.0,3.0,2.0,3.0,6.0,6.0,6.0,6.0,4.0,6.0,6.0,7.0,6.0,6.0,5.0,5.0,2.0,2.67,5.0,4.34,2.99,3.33,5.33,6.0,5.67,6.0,2.34,4.67,3.16,5.66,5.84
113,6.0,7.0,6.0,6.0,6.0,7.0,7.0,7.0,7.0,6.0,7.0,7.0,6.0,7.0,6.0,6.0,5.0,5.0,3.0,4.0,4.0,4.0,3.0,4.0,6.0,6.0,5.0,6.0,5.0,5.0,6.0,6.67,7.0,6.68,5.68,6.01,3.33,4.0,5.33,5.67,6.34,6.84,5.84,3.66,5.5
114,1.0,1.0,2.0,1.0,2.0,2.0,3.0,2.0,2.0,2.0,3.0,2.0,5.0,6.0,5.0,4.0,5.0,6.0,1.0,2.0,1.0,1.0,1.0,1.0,1.0,3.0,2.0,2.0,1.0,2.0,1.66,1.33,2.66,1.99,5.02,5.36,1.0,1.33,1.33,2.33,1.5,2.33,5.19,1.16,1.83
115,1.0,1.0,1.0,2.0,1.0,1.0,2.0,1.0,3.0,3.0,2.0,2.0,4.0,4.0,4.0,4.0,3.0,4.0,5.0,6.0,5.0,6.0,5.0,6.0,5.0,5.0,6.0,6.0,4.0,6.0,1.0,1.33,2.33,1.99,3.66,4.01,5.0,6.0,5.0,5.67,1.16,2.16,3.84,5.5,5.34
116,6.0,5.0,5.0,6.0,4.0,5.0,7.0,7.0,7.0,7.0,7.0,7.0,3.0,4.0,3.0,5.0,2.0,4.0,3.0,5.0,4.0,6.0,4.0,5.0,4.0,6.0,5.0,5.0,4.0,5.0,5.01,5.33,7.0,7.0,2.65,4.34,3.67,5.33,4.33,5.33,5.17,7.0,3.5,4.5,4.83
117,3.0,3.0,3.0,3.0,4.0,4.0,4.0,3.0,4.0,3.0,3.0,3.0,3.0,3.0,4.0,5.0,3.0,5.0,4.0,4.0,4.0,4.0,4.0,5.0,5.0,6.0,5.0,6.0,6.0,7.0,3.33,3.33,3.67,3.0,3.34,4.35,4.0,4.33,5.33,6.33,3.33,3.34,3.84,4.16,5.83
118,5.0,5.0,6.0,5.0,4.0,5.0,2.0,1.0,2.0,2.0,2.0,1.0,7.0,7.0,7.0,7.0,6.0,7.0,3.0,4.0,3.0,4.0,4.0,5.0,1.0,3.0,2.0,3.0,2.0,2.0,5.01,5.0,1.99,1.32,6.69,7.0,3.33,4.33,1.67,2.67,5.0,1.66,6.85,3.83,2.17
119,3.0,4.0,4.0,4.0,3.0,5.0,6.0,5.0,6.0,5.0,5.0,5.0,6.0,7.0,6.0,7.0,7.0,7.0,7.0,7.0,7.0,7.0,7.0,7.0,7.0,7.0,7.0,7.0,7.0,7.0,3.33,4.33,5.68,5.01,6.38,7.0,7.0,7.0,7.0,7.0,3.83,5.34,6.69,7.0,7.0
120,4.0,4.0,4.0,4.0,4.0,4.0,4.0,3.0,4.0,4.0,4.0,3.0,3.0,4.0,4.0,4.0,2.0,2.0,4.0,5.0,5.0,6.0,4.0,4.0,4.0,4.0,3.0,5.0,3.0,5.0,4.0,4.0,4.0,3.33,2.99,3.32,4.33,5.0,3.33,4.67,4.0,3.66,3.16,4.66,4.0
121,2.0,2.0,3.0,3.0,2.0,2.0,1.0,2.0,2.0,2.0,1.0,1.0,2.0,2.0,2.0,2.0,2.0,2.0,4.0,3.0,3.0,3.0,3.0,3.0,5.0,5.0,3.0,5.0,4.0,5.0,2.33,2.33,1.32,1.66,2.0,1.99,3.33,3.0,4.0,5.0,2.33,1.49,2.0,3.16,4.5
122,2.0,3.0,3.0,4.0,4.0,5.0,3.0,3.0,3.0,2.0,4.0,3.0,2.0,3.0,3.0,2.0,2.0,4.0,2.0,2.0,2.0,2.0,1.0,2.0,2.0,2.0,2.0,2.0,2.0,2.0,2.99,3.99,3.33,2.66,2.33,3.01,1.67,2.0,2.0,2.0,3.49,3.0,2.67,1.84,2.0
123,3.0,4.0,4.0,4.0,3.0,4.0,5.0,5.0,5.0,4.0,4.0,5.0,6.0,6.0,7.0,7.0,4.0,5.0,2.0,3.0,2.0,2.0,2.0,3.0,7.0,7.0,6.0,7.0,7.0,7.0,3.33,4.0,4.67,4.67,5.66,6.01,2.0,2.67,6.67,7.0,3.66,4.67,5.84,2.34,6.84
124,2.0,2.0,2.0,2.0,2.0,2.0,2.0,1.0,2.0,2.0,2.0,2.0,2.0,2.0,2.0,1.0,2.0,2.0,3.0,4.0,3.0,4.0,3.0,3.0,2.0,3.0,3.0,4.0,2.0,3.0,2.0,2.0,1.99,1.66,2.0,1.66,3.0,3.67,2.33,3.33,2.0,1.82,1.83,3.34,2.83
125,5.0,6.0,5.0,6.0,5.0,5.0,4.0,4.0,5.0,5.0,5.0,4.0,3.0,5.0,3.0,5.0,3.0,3.0,3.0,4.0,3.0,4.0,3.0,4.0,4.0,5.0,4.0,6.0,4.0,5.0,5.0,5.67,4.67,4.34,3.0,4.33,3.0,4.0,4.0,5.33,5.34,4.5,3.66,3.5,4.66
126,1.0,2.0,1.0,1.0,2.0,2.0,4.0,5.0,6.0,5.0,6.0,5.0,3.0,4.0,3.0,3.0,2.0,2.0,3.0,4.0,2.0,4.0,3.0,4.0,1.0,2.0,1.0,2.0,1.0,2.0,1.33,1.67,5.34,5.01,2.65,2.99,2.67,4.0,1.0,2.0,1.5,5.18,2.82,3.34,1.5
127,4.0,5.0,5.0,3.0,4.0,5.0,4.0,3.0,4.0,4.0,4.0,4.0,4.0,4.0,4.0,4.0,4.0,4.0,4.0,5.0,5.0,5.0,4.0,6.0,4.0,5.0,3.0,5.0,4.0,5.0,4.33,4.33,4.0,3.67,4.01,4.01,4.33,5.33,3.67,5.0,4.33,3.84,4.01,4.83,4.34
128,6.0,6.0,5.0,6.0,6.0,5.0,1.0,1.0,2.0,1.0,1.0,1.0,7.0,7.0,6.0,6.0,6.0,6.0,4.0,4.0,3.0,4.0,4.0,5.0,4.0,5.0,3.0,4.0,4.0,5.0,5.67,5.67,1.32,1.0,6.36,6.35,3.67,4.33,3.67,4.67,5.67,1.16,6.36,4.0,4.17
129,2.0,2.0,2.0,2.0,2.0,3.0,6.0,6.0,6.0,6.0,6.0,6.0,3.0,4.0,3.0,4.0,2.0,3.0,3.0,4.0,3.0,3.0,3.0,4.0,1.0,2.0,1.0,2.0,2.0,3.0,2.0,2.33,6.01,6.01,2.65,3.66,3.0,3.67,1.33,2.33,2.16,6.01,3.16,3.34,1.83
130,6.0,6.0,6.0,6.0,6.0,6.0,2.0,2.0,2.0,1.0,1.0,1.0,3.0,5.0,4.0,4.0,3.0,4.0,1.0,2.0,1.0,1.0,1.0,2.0,4.0,5.0,4.0,5.0,5.0,5.0,6.0,6.0,1.66,1.32,3.34,4.34,1.0,1.67,4.33,5.0,6.0,1.49,3.84,1.34,4.66
131,6.0,7.0,6.0,7.0,7.0,7.0,5.0,4.0,4.0,5.0,4.0,4.0,5.0,6.0,6.0,7.0,6.0,6.0,4.0,4.0,3.0,4.0,4.0,4.0,5.0,6.0,5.0,7.0,5.0,5.0,6.33,7.0,4.34,4.34,5.7,6.35,3.67,4.0,5.0,6.0,6.66,4.34,6.02,3.84,5.5
132,4.0,3.0,3.0,4.0,3.0,4.0,4.0,4.0,5.0,5.0,4.0,4.0,1.0,1.0,1.0,1.0,1.0,1.0,2.0,2.0,2.0,3.0,2.0,3.0,1.0,1.0,1.0,1.0,1.0,1.0,3.34,3.66,4.34,4.34,1.0,1.0,2.0,2.67,1.0,1.0,3.5,4.34,1.0,2.34,1.0
133,2.0,3.0,2.0,3.0,3.0,3.0,2.0,1.0,2.0,2.0,2.0,2.0,1.0,2.0,1.0,2.0,1.0,1.0,2.0,3.0,4.0,4.0,3.0,3.0,1.0,2.0,1.0,2.0,1.0,1.0,2.33,3.0,1.99,1.66,1.0,1.65,3.0,3.33,1.0,1.67,2.66,1.82,1.32,3.16,1.34
134,2.0,4.0,4.0,4.0,3.0,4.0,3.0,4.0,3.0,2.0,3.0,3.0,4.0,4.0,3.0,3.0,3.0,4.0,4.0,6.0,5.0,6.0,5.0,6.0,4.0,4.0,3.0,3.0,3.0,4.0,3.0,4.0,3.0,3.0,3.33,3.67,4.67,6.0,3.33,3.67,3.5,3.0,3.5,5.34,3.5
135,2.0,3.0,2.0,3.0,3.0,3.0,3.0,3.0,3.0,3.0,4.0,3.0,3.0,3.0,3.0,3.0,3.0,2.0,6.0,7.0,6.0,7.0,6.0,7.0,5.0,6.0,6.0,7.0,7.0,7.0,2.33,3.0,3.33,3.0,3.0,2.66,6.0,7.0,6.0,6.67,2.66,3.16,2.83,6.5,6.34
136,5.0,6.0,5.0,5.0,5.0,4.0,1.0,1.0,1.0,1.0,1.0,1.0,3.0,4.0,4.0,4.0,3.0,3.0,7.0,7.0,7.0,7.0,6.0,7.0,3.0,4.0,3.0,4.0,2.0,3.0,5.0,5.01,1.0,1.0,3.34,3.66,6.67,7.0,2.67,3.67,5.0,1.0,3.5,6.84,3.17
137,2.0,3.0,2.0,3.0,2.0,4.0,3.0,4.0,5.0,5.0,5.0,4.0,6.0,7.0,4.0,5.0,4.0,6.0,6.0,7.0,5.0,5.0,6.0,6.0,3.0,5.0,3.0,4.0,3.0,4.0,2.0,3.33,4.33,4.34,4.67,6.02,5.67,6.0,3.0,4.33,2.66,4.34,5.34,5.84,3.66
138,4.0,3.0,2.0,3.0,2.0,3.0,3.0,2.0,3.0,3.0,2.0,3.0,2.0,2.0,2.0,2.0,1.0,1.0,2.0,2.0,1.0,2.0,1.0,3.0,2.0,2.0,1.0,2.0,1.0,2.0,2.68,3.0,2.66,2.66,1.65,1.65,1.33,2.33,1.33,2.0,2.84,2.66,1.65,1.83,1.66
139,4.0,3.0,2.0,3.0,2.0,2.0,1.0,1.0,2.0,2.0,2.0,1.0,1.0,1.0,1.0,1.0,1.0,1.0,1.0,2.0,2.0,3.0,2.0,3.0,1.0,2.0,1.0,1.0,1.0,1.0,2.68,2.67,1.66,1.32,1.0,1.0,1.67,2.67,1.0,1.33,2.68,1.49,1.0,2.17,1.16
140,1.0,1.0,1.0,1.0,1.0,1.0,3.0,2.0,4.0,4.0,4.0,3.0,2.0,1.0,1.0,2.0,2.0,2.0,4.0,4.0,3.0,4.0,4.0,4.0,3.0,3.0,3.0,3.0,2.0,3.0,1.0,1.0,3.66,3.0,1.66,1.66,3.67,4.0,2.67,3.0,1.0,3.33,1.66,3.84,2.84
141,3.0,4.0,5.0,6.0,3.0,5.0,1.0,1.0,2.0,2.0,1.0,1.0,7.0,7.0,6.0,7.0,6.0,6.0,3.0,3.0,2.0,3.0,3.0,3.0,2.0,4.0,3.0,4.0,2.0,3.0,3.67,5.0,1.32,1.32,6.36,6.69,2.67,3.0,2.33,3.67,4.34,1.32,6.52,2.84,3.0
142,4.0,3.0,4.0,4.0,4.0,4.0,5.0,4.0,5.0,5.0,5.0,4.0,3.0,4.0,3.0,3.0,4.0,4.0,2.0,3.0,2.0,2.0,2.0,3.0,1.0,1.0,1.0,2.0,1.0,1.0,4.0,3.66,5.0,4.34,3.35,3.67,2.0,2.67,1.0,1.33,3.83,4.67,3.51,2.34,1.16
143,3.0,5.0,3.0,4.0,3.0,4.0,1.0,1.0,1.0,1.0,1.0,1.0,2.0,3.0,2.0,3.0,3.0,4.0,4.0,4.0,3.0,5.0,3.0,5.0,1.0,1.0,1.0,1.0,1.0,1.0,3.0,4.34,1.0,1.0,2.35,3.34,3.33,4.67,1.0,1.0,3.67,1.0,2.84,4.0,1.0
144,2.0,3.0,3.0,4.0,2.0,4.0,7.0,7.0,7.0,7.0,6.0,6.0,3.0,4.0,3.0,3.0,2.0,2.0,1.0,1.0,1.0,1.0,1.0,1.0,2.0,2.0,2.0,3.0,3.0,4.0,2.33,3.66,6.68,6.68,2.65,2.99,1.0,1.0,2.33,3.0,3.0,6.68,2.82,1.0,2.66
145,7.0,6.0,5.0,6.0,6.0,6.0,4.0,4.0,4.0,3.0,4.0,4.0,6.0,6.0,6.0,7.0,5.0,6.0,5.0,5.0,4.0,5.0,5.0,6.0,4.0,6.0,5.0,6.0,5.0,6.0,6.01,6.0,4.0,3.67,5.68,6.35,4.67,5.33,4.67,6.0,6.0,3.84,6.02,5.0,5.34
146,2.0,2.0,1.0,3.0,2.0,4.0,4.0,4.0,5.0,4.0,5.0,4.0,5.0,6.0,6.0,6.0,6.0,6.0,3.0,4.0,4.0,4.0,4.0,5.0,5.0,5.0,3.0,5.0,4.0,5.0,1.67,2.99,4.67,4.0,5.7,6.02,3.67,4.33,4.0,5.0,2.33,4.34,5.86,4.0,4.5
147,6.0,6.0,5.0,6.0,4.0,6.0,1.0,1.0,2.0,1.0,1.0,2.0,2.0,3.0,1.0,1.0,1.0,1.0,1.0,2.0,2.0,2.0,1.0,2.0,1.0,2.0,1.0,3.0,2.0,2.0,5.01,6.0,1.32,1.32,1.31,1.65,1.33,2.0,1.33,2.33,5.5,1.32,1.48,1.66,1.83
148,6.0,6.0,6.0,6.0,6.0,7.0,3.0,4.0,5.0,3.0,4.0,4.0,3.0,4.0,4.0,3.0,3.0,3.0,5.0,5.0,5.0,6.0,6.0,5.0,4.0,4.0,4.0,4.0,3.0,5.0,6.0,6.33,4.0,3.67,3.34,3.33,5.33,5.33,3.67,4.33,6.16,3.84,3.34,5.33,4.0
149,3.0,4.0,2.0,4.0,2.0,3.0,1.0,1.0,1.0,1.0,1.0,1.0,5.0,5.0,4.0,4.0,4.0,5.0,3.0,3.0,2.0,4.0,3.0,3.0,2.0,3.0,2.0,2.0,3.0,3.0,2.34,3.67,1.0,1.0,4.34,4.68,2.67,3.33,2.33,2.67,3.0,1.0,4.51,3.0,2.5
150,3.0,3.0,2.0,3.0,3.0,3.0,2.0,2.0,4.0,2.0,2.0,3.0,3.0,3.0,3.0,3.0,2.0,3.0,3.0,4.0,4.0,5.0,4.0,5.0,3.0,4.0,4.0,4.0,4.0,4.0,2.67,3.0,2.66,2.33,2.65,3.0,3.67,4.67,3.67,4.0,2.84,2.5,2.82,4.17,3.84
151,3.0,4.0,4.0,5.0,3.0,4.0,7.0,6.0,7.0,6.0,7.0,7.0,4.0,4.0,4.0,4.0,3.0,4.0,4.0,5.0,4.0,5.0,4.0,5.0,6.0,6.0,5.0,6.0,5.0,6.0,3.33,4.33,7.0,6.35,3.66,4.01,4.0,5.0,5.33,6.0,3.83,6.68,3.84,4.5,5.66
152,2.0,3.0,2.0,3.0,1.0,2.0,3.0,3.0,4.0,3.0,3.0,3.0,4.0,6.0,6.0,6.0,5.0,6.0,4.0,4.0,4.0,5.0,5.0,6.0,3.0,4.0,3.0,3.0,3.0,4.0,1.67,2.67,3.33,3.0,5.03,6.02,4.33,5.0,3.0,3.67,2.17,3.16,5.52,4.66,3.34
153,1.0,1.0,1.0,1.0,1.0,1.0,1.0,1.0,1.0,1.0,1.0,1.0,3.0,4.0,2.0,3.0,3.0,3.0,4.0,5.0,4.0,5.0,5.0,5.0,3.0,4.0,4.0,3.0,3.0,4.0,1.0,1.0,1.0,1.0,2.67,3.33,4.33,5.0,3.33,3.67,1.0,1.0,3.0,4.66,3.5
154,4.0,5.0,5.0,5.0,6.0,5.0,6.0,5.0,6.0,7.0,6.0,6.0,4.0,5.0,5.0,5.0,4.0,4.0,7.0,7.0,7.0,7.0,7.0,7.0,6.0,7.0,5.0,7.0,3.0,7.0,4.99,5.0,6.01,6.01,4.35,4.67,7.0,7.0,4.67,7.0,5.0,6.01,4.51,7.0,5.84
155,3.0,4.0,4.0,4.0,4.0,4.0,3.0,3.0,3.0,3.0,3.0,3.0,3.0,4.0,3.0,3.0,2.0,3.0,4.0,5.0,5.0,5.0,4.0,5.0,4.0,5.0,4.0,6.0,5.0,6.0,3.66,4.0,3.0,3.0,2.65,3.33,4.33,5.0,4.33,5.67,3.83,3.0,2.99,4.66,5.0
156,4.0,3.0,3.0,4.0,4.0,4.0,6.0,6.0,7.0,7.0,7.0,7.0,5.0,6.0,4.0,5.0,4.0,5.0,3.0,4.0,3.0,3.0,3.0,4.0,4.0,4.0,3.0,5.0,3.0,5.0,3.67,3.66,6.68,6.68,4.34,5.35,3.0,3.67,3.33,4.67,3.66,6.68,4.84,3.34,4.0
157,5.0,6.0,5.0,6.0,6.0,7.0,6.0,6.0,6.0,6.0,5.0,6.0,4.0,4.0,3.0,3.0,3.0,3.0,5.0,5.0,3.0,3.0,4.0,3.0,4.0,6.0,5.0,5.0,4.0,6.0,5.33,6.33,5.68,6.01,3.33,3.33,4.0,3.67,4.33,5.67,5.83,5.84,3.33,3.84,5.0
158,3.0,3.0,2.0,3.0,3.0,3.0,2.0,2.0,3.0,3.0,2.0,2.0,3.0,3.0,1.0,3.0,2.0,2.0,2.0,3.0,2.0,2.0,1.0,3.0,3.0,3.0,3.0,3.0,2.0,3.0,2.67,3.0,2.33,2.33,1.99,2.66,1.67,2.67,2.67,3.0,2.84,2.33,2.33,2.17,2.84
159,1.0,1.0,2.0,2.0,1.0,2.0,6.0,5.0,7.0,7.0,6.0,6.0,6.0,6.0,4.0,5.0,4.0,5.0,4.0,4.0,3.0,4.0,3.0,4.0,3.0,4.0,3.0,4.0,4.0,4.0,1.33,1.66,6.34,6.01,4.67,5.35,3.33,4.0,3.33,4.0,1.5,6.18,5.01,3.66,3.66
160,1.0,2.0,1.0,2.0,1.0,2.0,5.0,5.0,5.0,5.0,4.0,5.0,5.0,6.0,6.0,6.0,5.0,5.0,3.0,3.0,4.0,3.0,3.0,4.0,4.0,4.0,4.0,5.0,5.0,5.0,1.0,2.0,4.67,5.01,5.35,5.68,3.33,3.33,4.33,4.67,1.5,4.84,5.52,3.33,4.5
161,2.0,2.0,1.0,3.0,2.0,3.0,4.0,2.0,3.0,4.0,4.0,3.0,4.0,4.0,5.0,6.0,4.0,4.0,2.0,2.0,1.0,2.0,2.0,3.0,4.0,4.0,4.0,5.0,5.0,6.0,1.67,2.66,3.67,3.0,4.35,4.67,1.67,2.33,4.33,5.0,2.16,3.34,4.51,2.0,4.66
162,6.0,5.0,6.0,6.0,5.0,6.0,5.0,4.0,5.0,5.0,5.0,4.0,2.0,2.0,2.0,3.0,1.0,2.0,5.0,5.0,5.0,6.0,6.0,6.0,6.0,7.0,5.0,6.0,5.0,6.0,5.67,5.66,5.0,4.34,1.65,2.32,5.33,5.67,5.33,6.33,5.66,4.67,1.98,5.5,5.83
163,2.0,1.0,1.0,2.0,1.0,1.0,3.0,2.0,4.0,3.0,3.0,2.0,2.0,3.0,3.0,3.0,1.0,2.0,3.0,3.0,2.0,3.0,2.0,3.0,3.0,4.0,3.0,4.0,4.0,4.0,1.34,1.33,3.33,2.33,1.98,2.66,2.33,3.0,3.33,4.0,1.34,2.83,2.32,2.66,3.66
164,3.0,4.0,4.0,3.0,4.0,4.0,2.0,2.0,3.0,2.0,3.0,3.0,2.0,3.0,2.0,3.0,2.0,3.0,4.0,3.0,2.0,3.0,3.0,3.0,1.0,2.0,2.0,2.0,3.0,2.0,3.66,3.67,2.66,2.33,2.0,3.0,3.0,3.0,2.0,2.0,3.66,2.5,2.5,3.0,2.0
165,1.0,1.0,1.0,1.0,1.0,1.0,4.0,3.0,3.0,3.0,3.0,3.0,2.0,3.0,2.0,2.0,1.0,1.0,6.0,6.0,6.0,7.0,6.0,7.0,3.0,7.0,7.0,7.0,6.0,7.0,1.0,1.0,3.33,3.0,1.65,1.98,6.0,6.67,5.33,7.0,1.0,3.16,1.82,6.34,6.16
166,3.0,5.0,5.0,5.0,5.0,6.0,4.0,4.0,5.0,4.0,4.0,5.0,3.0,3.0,3.0,3.0,2.0,3.0,3.0,3.0,2.0,3.0,3.0,3.0,4.0,5.0,3.0,4.0,2.0,3.0,4.33,5.33,4.34,4.34,2.65,3.0,2.67,3.0,3.0,4.0,4.83,4.34,2.82,2.84,3.5
167,2.0,2.0,2.0,3.0,2.0,3.0,5.0,6.0,6.0,6.0,5.0,5.0,3.0,3.0,2.0,4.0,3.0,3.0,4.0,5.0,4.0,5.0,5.0,5.0,4.0,4.0,4.0,5.0,3.0,5.0,2.0,2.66,5.34,5.68,2.67,3.33,4.33,5.0,3.67,4.67,2.33,5.51,3.0,4.66,4.17
168,2.0,3.0,2.0,2.0,1.0,2.0,3.0,3.0,4.0,4.0,4.0,3.0,5.0,5.0,4.0,5.0,4.0,4.0,1.0,1.0,1.0,1.0,1.0,2.0,2.0,2.0,2.0,3.0,2.0,3.0,1.67,2.34,3.66,3.33,4.34,4.67,1.0,1.33,2.0,2.67,2.0,3.5,4.5,1.16,2.34
169,6.0,6.0,6.0,6.0,6.0,6.0,5.0,4.0,4.0,5.0,5.0,5.0,3.0,3.0,2.0,2.0,2.0,2.0,2.0,3.0,3.0,3.0,3.0,3.0,6.0,6.0,5.0,7.0,6.0,7.0,6.0,6.0,4.67,4.67,2.32,2.32,2.67,3.0,5.67,6.67,6.0,4.67,2.32,2.84,6.17
170,1.0,2.0,1.0,2.0,1.0,3.0,4.0,4.0,5.0,5.0,6.0,5.0,3.0,3.0,2.0,2.0,2.0,3.0,7.0,7.0,6.0,7.0,6.0,7.0,2.0,4.0,3.0,4.0,3.0,3.0,1.0,2.33,5.0,4.67,2.32,2.67,6.33,7.0,2.67,3.67,1.66,4.84,2.5,6.66,3.17
171,4.0,5.0,2.0,4.0,4.0,3.0,6.0,6.0,7.0,7.0,6.0,6.0,2.0,2.0,2.0,3.0,2.0,2.0,5.0,6.0,5.0,6.0,6.0,6.0,6.0,6.0,5.0,6.0,6.0,7.0,3.33,4.01,6.34,6.35,2.0,2.32,5.33,6.0,5.67,6.33,3.67,6.34,2.16,5.66,6.0
172,5.0,6.0,4.0,5.0,4.0,6.0,6.0,5.0,5.0,6.0,6.0,5.0,4.0,5.0,3.0,4.0,3.0,3.0,6.0,6.0,5.0,6.0,5.0,6.0,6.0,7.0,7.0,7.0,7.0,7.0,4.34,5.67,5.67,5.34,3.33,4.0,5.33,6.0,6.67,7.0,5.0,5.5,3.66,5.66,6.84
173,3.0,4.0,5.0,6.0,3.0,4.0,2.0,2.0,3.0,2.0,3.0,3.0,5.0,5.0,4.0,5.0,5.0,5.0,6.0,6.0,5.0,6.0,5.0,6.0,2.0,3.0,2.0,2.0,2.0,3.0,3.67,4.67,2.66,2.33,4.69,5.01,5.33,6.0,2.0,2.67,4.17,2.5,4.85,5.66,2.34
174,5.0,6.0,5.0,6.0,5.0,6.0,6.0,5.0,6.0,5.0,6.0,6.0,3.0,4.0,3.0,4.0,3.0,3.0,5.0,6.0,6.0,6.0,5.0,5.0,6.0,6.0,5.0,7.0,6.0,7.0,5.0,6.0,6.01,5.34,3.0,3.66,5.33,5.67,5.67,6.67,5.5,5.68,3.33,5.5,6.17
175,6.0,5.0,6.0,6.0,5.0,5.0,5.0,4.0,4.0,4.0,4.0,4.0,2.0,3.0,2.0,3.0,1.0,1.0,6.0,6.0,6.0,6.0,6.0,7.0,5.0,6.0,5.0,6.0,6.0,6.0,5.67,5.33,4.34,4.0,1.65,2.31,6.0,6.33,5.33,6.0,5.5,4.17,1.98,6.16,5.66
176,5.0,6.0,6.0,7.0,7.0,7.0,1.0,1.0,3.0,3.0,3.0,2.0,4.0,5.0,4.0,4.0,3.0,3.0,3.0,3.0,3.0,4.0,3.0,4.0,3.0,3.0,3.0,3.0,3.0,4.0,5.99,6.67,2.32,1.99,3.66,4.0,3.0,3.67,3.0,3.33,6.33,2.15,3.83,3.34,3.16
177,2.0,2.0,2.0,2.0,2.0,2.0,3.0,2.0,4.0,4.0,3.0,4.0,5.0,5.0,4.0,6.0,5.0,5.0,4.0,5.0,5.0,5.0,4.0,4.0,3.0,4.0,3.0,4.0,4.0,5.0,2.0,2.0,3.33,3.33,4.69,5.35,4.33,4.67,3.33,4.33,2.0,3.33,5.02,4.5,3.83
178,1.0,1.0,1.0,1.0,1.0,1.0,3.0,2.0,3.0,3.0,3.0,3.0,2.0,3.0,2.0,2.0,2.0,2.0,2.0,2.0,1.0,3.0,2.0,2.0,2.0,4.0,2.0,3.0,3.0,4.0,1.0,1.0,3.0,2.66,2.0,2.32,1.67,2.33,2.33,3.67,1.0,2.83,2.16,2.0,3.0
179,3.0,4.0,4.0,4.0,3.0,4.0,1.0,1.0,1.0,1.0,1.0,1.0,3.0,3.0,1.0,3.0,2.0,3.0,3.0,4.0,4.0,5.0,3.0,4.0,2.0,2.0,2.0,3.0,3.0,3.0,3.33,4.0,1.0,1.0,1.99,3.0,3.33,4.33,2.33,2.67,3.66,1.0,2.5,3.83,2.5
180,1.0,2.0,1.0,1.0,1.0,1.0,2.0,1.0,3.0,3.0,3.0,2.0,2.0,3.0,2.0,3.0,2.0,3.0,5.0,6.0,5.0,6.0,6.0,6.0,4.0,4.0,4.0,5.0,4.0,5.0,1.0,1.34,2.66,1.99,2.0,3.0,5.33,6.0,4.0,4.67,1.17,2.33,2.5,5.66,4.34
181,1.0,2.0,1.0,1.0,2.0,2.0,5.0,5.0,5.0,5.0,4.0,5.0,7.0,7.0,7.0,7.0,7.0,7.0,3.0,3.0,3.0,4.0,3.0,4.0,4.0,6.0,4.0,4.0,3.0,6.0,1.33,1.67,4.67,5.01,7.0,7.0,3.0,3.67,3.67,5.33,1.5,4.84,7.0,3.34,4.5
182,1.0,1.0,1.0,1.0,1.0,1.0,3.0,2.0,4.0,3.0,3.0,3.0,1.0,1.0,1.0,1.0,1.0,1.0,1.0,2.0,2.0,3.0,1.0,2.0,2.0,4.0,4.0,3.0,3.0,5.0,1.0,1.0,3.33,2.66,1.0,1.0,1.33,2.33,3.0,4.0,1.0,3.0,1.0,1.83,3.5
183,2.0,2.0,2.0,3.0,2.0,3.0,4.0,3.0,5.0,4.0,3.0,2.0,2.0,3.0,2.0,2.0,1.0,2.0,5.0,5.0,5.0,5.0,5.0,5.0,2.0,3.0,2.0,4.0,3.0,3.0,2.0,2.66,4.0,3.0,1.65,2.32,5.0,5.0,2.33,3.33,2.33,3.5,1.98,5.0,2.83
184,3.0,4.0,3.0,4.0,3.0,3.0,6.0,4.0,6.0,6.0,5.0,5.0,5.0,6.0,5.0,5.0,5.0,4.0,4.0,6.0,5.0,6.0,4.0,5.0,4.0,6.0,4.0,5.0,5.0,6.0,3.0,3.67,5.68,5.01,5.02,5.0,4.33,5.67,4.33,5.67,3.34,5.34,5.01,5.0,5.0
185,6.0,6.0,5.0,6.0,6.0,6.0,2.0,2.0,3.0,2.0,3.0,3.0,2.0,3.0,3.0,4.0,2.0,2.0,3.0,2.0,2.0,3.0,2.0,3.0,6.0,7.0,6.0,6.0,5.0,6.0,5.67,6.0,2.66,2.33,2.33,2.99,2.33,2.67,5.67,6.33,5.84,2.5,2.66,2.5,6.0
186,3.0,3.0,3.0,3.0,5.0,5.0,1.0,1.0,1.0,1.0,1.0,1.0,5.0,4.0,4.0,5.0,4.0,4.0,1.0,2.0,1.0,2.0,1.0,2.0,3.0,4.0,2.0,3.0,3.0,4.0,3.66,3.66,1.0,1.0,4.34,4.34,1.0,2.0,2.67,3.67,3.66,1.0,4.34,1.5,3.17
187,1.0,1.0,1.0,2.0,1.0,1.0,3.0,3.0,3.0,3.0,3.0,4.0,5.0,5.0,2.0,3.0,3.0,3.0,2.0,3.0,3.0,3.0,3.0,5.0,4.0,4.0,3.0,4.0,3.0,4.0,1.0,1.33,3.0,3.33,3.32,3.66,2.67,3.67,3.33,4.0,1.16,3.16,3.49,3.17,3.66
188,3.0,4.0,3.0,3.0,3.0,3.0,3.0,4.0,4.0,4.0,4.0,4.0,2.0,3.0,3.0,3.0,2.0,2.0,4.0,5.0,4.0,5.0,4.0,5.0,5.0,6.0,4.0,5.0,4.0,5.0,3.0,3.34,3.66,4.0,2.33,2.66,4.0,5.0,4.33,5.33,3.17,3.83,2.5,4.5,4.83
189,7.0,7.0,7.0,7.0,7.0,7.0,5.0,5.0,7.0,6.0,6.0,6.0,2.0,2.0,3.0,2.0,1.0,2.0,6.0,6.0,5.0,6.0,6.0,7.0,5.0,6.0,5.0,6.0,5.0,7.0,7.0,7.0,6.01,5.68,1.98,1.99,5.67,6.33,5.0,6.33,7.0,5.84,1.98,6.0,5.66
190,5.0,5.0,4.0,5.0,5.0,6.0,6.0,5.0,5.0,6.0,6.0,5.0,1.0,1.0,1.0,1.0,1.0,1.0,5.0,5.0,3.0,4.0,4.0,4.0,4.0,6.0,4.0,7.0,6.0,7.0,4.67,5.33,5.67,5.34,1.0,1.0,4.0,4.33,4.67,6.67,5.0,5.5,1.0,4.16,5.67
191,5.0,6.0,5.0,6.0,5.0,6.0,2.0,2.0,3.0,3.0,2.0,3.0,6.0,7.0,6.0,7.0,5.0,6.0,3.0,4.0,4.0,5.0,4.0,4.0,2.0,3.0,2.0,3.0,2.0,3.0,5.0,6.0,2.33,2.66,5.68,6.69,3.67,4.33,2.0,3.0,5.5,2.5,6.18,4.0,2.5
192,3.0,3.0,2.0,4.0,3.0,3.0,2.0,1.0,2.0,1.0,2.0,1.0,4.0,5.0,4.0,4.0,3.0,4.0,4.0,5.0,4.0,4.0,4.0,4.0,1.0,2.0,2.0,3.0,2.0,3.0,2.67,3.33,1.99,1.0,3.66,4.34,4.0,4.33,1.67,2.67,3.0,1.5,4.0,4.16,2.17
193,1.0,1.0,1.0,1.0,1.0,1.0,4.0,4.0,4.0,3.0,4.0,3.0,3.0,4.0,3.0,4.0,4.0,3.0,1.0,1.0,1.0,1.0,1.0,1.0,2.0,2.0,1.0,2.0,2.0,2.0,1.0,1.0,4.0,3.33,3.35,3.66,1.0,1.0,1.67,2.0,1.0,3.66,3.5,1.0,1.84
194,2.0,2.0,1.0,2.0,1.0,2.0,1.0,1.0,2.0,2.0,1.0,1.0,5.0,7.0,5.0,6.0,5.0,5.0,4.0,5.0,5.0,4.0,5.0,5.0,3.0,4.0,3.0,4.0,3.0,5.0,1.34,2.0,1.32,1.32,5.02,6.01,4.67,4.67,3.0,4.33,1.67,1.32,5.52,4.67,3.66
195,1.0,2.0,1.0,1.0,1.0,2.0,4.0,4.0,4.0,4.0,4.0,4.0,5.0,5.0,5.0,5.0,4.0,4.0,4.0,4.0,4.0,4.0,2.0,3.0,5.0,6.0,5.0,6.0,5.0,6.0,1.0,1.67,4.0,4.0,4.67,4.67,3.33,3.67,5.0,6.0,1.34,4.0,4.67,3.5,5.5
196,1.0,2.0,1.0,2.0,1.0,1.0,4.0,2.0,3.0,2.0,2.0,2.0,6.0,6.0,6.0,6.0,5.0,5.0,3.0,4.0,3.0,3.0,3.0,4.0,3.0,4.0,3.0,4.0,3.0,4.0,1.0,1.67,3.0,1.99,5.68,5.68,3.0,3.67,3.0,4.0,1.34,2.5,5.68,3.34,3.5
197,1.0,1.0,1.0,1.0,1.0,1.0,7.0,6.0,7.0,7.0,7.0,6.0,3.0,3.0,3.0,3.0,2.0,3.0,2.0,2.0,1.0,2.0,2.0,3.0,5.0,5.0,5.0,6.0,5.0,5.0,1.0,1.0,7.0,6.35,2.65,3.0,1.67,2.33,5.0,5.33,1.0,6.68,2.82,2.0,5.16
198,1.0,2.0,1.0,2.0,2.0,3.0,3.0,2.0,4.0,3.0,3.0,3.0,1.0,1.0,1.0,2.0,1.0,1.0,4.0,6.0,5.0,5.0,4.0,4.0,2.0,3.0,2.0,4.0,3.0,4.0,1.33,2.33,3.33,2.66,1.0,1.32,4.33,5.0,2.33,3.67,1.83,3.0,1.16,4.66,3.0
199,3.0,3.0,4.0,4.0,3.0,3.0,1.0,1.0,2.0,2.0,2.0,1.0,4.0,5.0,4.0,4.0,3.0,4.0,4.0,4.0,4.0,5.0,4.0,5.0,1.0,2.0,1.0,2.0,1.0,2.0,3.33,3.33,1.66,1.32,3.66,4.34,4.0,4.67,1.0,2.0,3.33,1.49,4.0,4.34,1.5
200,3.0,3.0,3.0,3.0,2.0,3.0,4.0,4.0,5.0,5.0,4.0,5.0,4.0,5.0,4.0,4.0,4.0,5.0,7.0,4.0,7.0,7.0,7.0,7.0,5.0,6.0,5.0,6.0,5.0,6.0,2.67,3.0,4.34,4.67,4.01,4.68,7.0,6.0,5.0,6.0,2.84,4.5,4.34,6.5,5.5
201,3.0,4.0,3.0,4.0,4.0,3.0,3.0,2.0,2.0,3.0,4.0,2.0,6.0,6.0,5.0,5.0,6.0,6.0,5.0,5.0,6.0,7.0,6.0,6.0,3.0,4.0,3.0,5.0,4.0,4.0,3.33,3.67,2.99,2.33,5.7,5.69,5.67,6.0,3.33,4.33,3.5,2.66,5.7,5.84,3.83
202,5.0,5.0,4.0,6.0,5.0,5.0,5.0,5.0,6.0,6.0,5.0,5.0,7.0,7.0,7.0,7.0,6.0,7.0,6.0,7.0,6.0,6.0,5.0,6.0,4.0,5.0,4.0,5.0,5.0,6.0,4.67,5.33,5.34,5.34,6.69,7.0,5.67,6.33,4.33,5.33,5.0,5.34,6.85,6.0,4.83
203,1.0,1.0,1.0,1.0,1.0,1.0,3.0,2.0,3.0,2.0,3.0,3.0,3.0,4.0,3.0,3.0,3.0,4.0,1.0,2.0,1.0,2.0,2.0,2.0,1.0,2.0,1.0,2.0,2.0,2.0,1.0,1.0,3.0,2.33,3.0,3.67,1.33,2.0,1.33,2.0,1.0,2.66,3.34,1.66,1.66
204,1.0,1.0,1.0,1.0,1.0,1.0,4.0,4.0,4.0,5.0,5.0,4.0,2.0,3.0,2.0,3.0,2.0,2.0,4.0,4.0,3.0,4.0,3.0,5.0,5.0,4.0,3.0,4.0,2.0,4.0,1.0,1.0,4.33,4.34,2.0,2.66,3.33,4.33,3.34,4.0,1.0,4.34,2.33,3.83,3.67
205,3.0,4.0,4.0,4.0,3.0,3.0,1.0,1.0,2.0,2.0,2.0,2.0,2.0,2.0,2.0,1.0,2.0,1.0,5.0,5.0,6.0,6.0,6.0,7.0,5.0,5.0,4.0,6.0,3.0,4.0,3.33,3.67,1.66,1.66,2.0,1.32,5.67,6.0,4.0,5.0,3.5,1.66,1.66,5.84,4.5
206,6.0,6.0,6.0,6.0,5.0,7.0,5.0,5.0,5.0,4.0,4.0,5.0,6.0,7.0,7.0,7.0,6.0,6.0,4.0,4.0,4.0,4.0,4.0,4.0,3.0,4.0,4.0,5.0,4.0,5.0,5.67,6.33,4.67,4.67,6.36,6.69,4.0,4.0,3.67,4.67,6.0,4.67,6.52,4.0,4.17
207,5.0,5.0,5.0,6.0,5.0,5.0,6.0,6.0,6.0,7.0,7.0,6.0,4.0,4.0,3.0,4.0,3.0,3.0,6.0,6.0,6.0,7.0,6.0,7.0,7.0,7.0,7.0,7.0,6.0,7.0,5.0,5.33,6.34,6.35,3.33,3.66,6.0,6.67,6.67,7.0,5.16,6.34,3.5,6.34,6.84
208,4.0,5.0,5.0,4.0,5.0,5.0,1.0,1.0,1.0,1.0,1.0,1.0,3.0,3.0,3.0,4.0,3.0,3.0,2.0,3.0,2.0,3.0,3.0,3.0,2.0,3.0,2.0,3.0,3.0,4.0,4.66,4.67,1.0,1.0,3.0,3.33,2.33,3.0,2.33,3.33,4.66,1.0,3.16,2.66,2.83
209,1.0,1.0,1.0,1.0,1.0,1.0,3.0,3.0,3.0,3.0,3.0,3.0,3.0,3.0,3.0,4.0,2.0,3.0,1.0,2.0,2.0,2.0,2.0,3.0,1.0,1.0,1.0,2.0,1.0,2.0,1.0,1.0,3.0,3.0,2.65,3.33,1.67,2.33,1.0,1.67,1.0,3.0,2.99,2.0,1.34
210,1.0,2.0,1.0,1.0,1.0,1.0,3.0,3.0,4.0,4.0,4.0,4.0,3.0,4.0,3.0,4.0,3.0,2.0,2.0,4.0,2.0,1.0,4.0,2.0,3.0,5.0,4.0,5.0,4.0,6.0,1.0,1.34,3.66,3.67,3.0,3.32,2.67,2.33,3.67,5.33,1.17,3.66,3.16,2.5,4.5
211,7.0,7.0,7.0,7.0,7.0,7.0,7.0,7.0,6.0,6.0,6.0,6.0,5.0,6.0,5.0,5.0,4.0,5.0,4.0,4.0,3.0,4.0,3.0,4.0,5.0,7.0,6.0,7.0,6.0,7.0,7.0,7.0,6.35,6.35,4.67,5.35,3.33,4.0,5.67,7.0,7.0,6.35,5.01,3.66,6.34
212,2.0,5.0,4.0,4.0,5.0,5.0,3.0,2.0,2.0,2.0,2.0,2.0,2.0,2.0,4.0,3.0,3.0,3.0,6.0,6.0,5.0,6.0,6.0,6.0,2.0,2.0,2.0,2.0,2.0,3.0,3.65,4.67,2.33,1.99,3.01,2.67,5.67,6.0,2.0,2.33,4.16,2.16,2.84,5.84,2.16
213,2.0,2.0,2.0,3.0,3.0,3.0,3.0,2.0,3.0,3.0,3.0,2.0,4.0,5.0,5.0,6.0,4.0,4.0,4.0,6.0,4.0,5.0,5.0,6.0,6.0,7.0,6.0,7.0,7.0,7.0,2.33,2.66,3.0,2.33,4.35,5.0,4.33,5.67,6.33,7.0,2.5,2.66,4.68,5.0,6.66
214,6.0,7.0,5.0,5.0,6.0,6.0,5.0,4.0,5.0,5.0,5.0,5.0,2.0,3.0,2.0,3.0,2.0,2.0,5.0,6.0,6.0,5.0,6.0,6.0,2.0,2.0,1.0,1.0,3.0,2.0,5.67,6.0,5.0,4.67,2.0,2.66,5.67,5.67,2.0,1.67,5.84,4.84,2.33,5.67,1.84
215,4.0,5.0,3.0,4.0,5.0,5.0,4.0,3.0,4.0,4.0,5.0,4.0,5.0,6.0,4.0,4.0,4.0,3.0,5.0,6.0,4.0,5.0,5.0,5.0,5.0,5.0,6.0,6.0,5.0,6.0,4.0,4.67,4.33,3.67,4.34,4.33,4.67,5.33,5.33,5.67,4.34,4.0,4.34,5.0,5.5
216,2.0,2.0,2.0,2.0,3.0,3.0,6.0,7.0,6.0,6.0,6.0,6.0,3.0,4.0,3.0,3.0,2.0,2.0,4.0,5.0,4.0,5.0,5.0,6.0,6.0,7.0,6.0,7.0,6.0,6.0,2.33,2.33,6.01,6.35,2.65,2.99,4.33,5.33,6.0,6.67,2.33,6.18,2.82,4.83,6.34
217,4.0,5.0,5.0,6.0,3.0,5.0,3.0,3.0,4.0,3.0,4.0,3.0,3.0,4.0,3.0,3.0,2.0,3.0,1.0,1.0,1.0,1.0,1.0,1.0,1.0,1.0,1.0,1.0,1.0,1.0,4.01,5.33,3.66,3.0,2.65,3.33,1.0,1.0,1.0,1.0,4.67,3.33,2.99,1.0,1.0
218,1.0,2.0,2.0,2.0,1.0,1.0,4.0,3.0,4.0,4.0,4.0,3.0,3.0,5.0,4.0,4.0,3.0,5.0,2.0,3.0,2.0,3.0,1.0,2.0,1.0,2.0,1.0,2.0,1.0,2.0,1.33,1.67,4.0,3.33,3.34,4.68,1.67,2.67,1.0,2.0,1.5,3.66,4.01,2.17,1.5
219,1.0,1.0,1.0,1.0,1.0,1.0,5.0,4.0,5.0,5.0,4.0,5.0,5.0,5.0,5.0,5.0,4.0,5.0,4.0,4.0,3.0,5.0,4.0,5.0,2.0,3.0,2.0,3.0,2.0,3.0,1.0,1.0,4.67,4.67,4.67,5.01,3.67,4.67,2.0,3.0,1.0,4.67,4.84,4.17,2.5
220,1.0,1.0,1.0,1.0,1.0,2.0,1.0,1.0,2.0,2.0,1.0,1.0,4.0,5.0,5.0,5.0,3.0,5.0,1.0,1.0,1.0,2.0,1.0,1.0,2.0,3.0,1.0,3.0,2.0,4.0,1.0,1.33,1.32,1.32,4.0,5.01,1.0,1.33,1.67,3.33,1.16,1.32,4.5,1.16,2.5
221,3.0,3.0,2.0,2.0,3.0,3.0,5.0,5.0,5.0,5.0,5.0,6.0,2.0,2.0,2.0,3.0,2.0,2.0,5.0,7.0,5.0,6.0,6.0,7.0,4.0,6.0,4.0,5.0,5.0,5.0,2.67,2.67,5.0,5.34,2.0,2.32,5.33,6.67,4.33,5.33,2.67,5.17,2.16,6.0,4.83
222,3.0,4.0,3.0,3.0,3.0,4.0,7.0,6.0,7.0,6.0,7.0,7.0,4.0,5.0,5.0,4.0,4.0,5.0,1.0,2.0,2.0,2.0,2.0,3.0,3.0,5.0,4.0,5.0,4.0,4.0,3.0,3.67,7.0,6.35,4.35,4.68,1.67,2.33,3.67,4.67,3.34,6.68,4.51,2.0,4.17
223,1.0,2.0,2.0,3.0,1.0,2.0,4.0,3.0,5.0,4.0,4.0,5.0,4.0,5.0,6.0,6.0,4.0,6.0,1.0,2.0,1.0,2.0,1.0,1.0,4.0,5.0,6.0,6.0,5.0,6.0,1.33,2.33,4.34,4.0,4.68,5.69,1.0,1.67,5.0,5.67,1.83,4.17,5.18,1.34,5.34
224,4.0,5.0,4.0,5.0,5.0,5.0,3.0,2.0,3.0,3.0,4.0,3.0,1.0,2.0,1.0,2.0,1.0,1.0,2.0,3.0,2.0,2.0,2.0,2.0,4.0,4.0,4.0,5.0,3.0,4.0,4.33,5.0,3.33,2.66,1.0,1.65,2.0,2.33,3.67,4.33,4.66,3.0,1.32,2.16,4.0
225,3.0,5.0,4.0,5.0,4.0,5.0,5.0,4.0,5.0,4.0,5.0,5.0,5.0,4.0,5.0,5.0,5.0,5.0,2.0,3.0,3.0,3.0,3.0,3.0,5.0,6.0,6.0,7.0,6.0,7.0,3.66,5.0,5.0,4.34,5.02,4.68,2.67,3.0,5.67,6.67,4.33,4.67,4.85,2.84,6.17
226,4.0,3.0,3.0,4.0,3.0,2.0,6.0,5.0,7.0,6.0,6.0,6.0,4.0,3.0,2.0,3.0,3.0,4.0,3.0,4.0,3.0,4.0,2.0,3.0,3.0,3.0,3.0,4.0,3.0,4.0,3.34,3.0,6.34,5.68,3.0,3.34,2.67,3.67,3.0,3.67,3.17,6.01,3.17,3.17,3.34
227,3.0,3.0,3.0,2.0,2.0,2.0,5.0,4.0,4.0,4.0,5.0,3.0,3.0,3.0,3.0,5.0,2.0,4.0,4.0,4.0,3.0,4.0,4.0,5.0,3.0,3.0,3.0,3.0,2.0,4.0,2.67,2.34,4.67,3.67,2.65,4.01,3.67,4.33,2.67,3.33,2.5,4.17,3.33,4.0,3.0
228,1.0,1.0,1.0,1.0,1.0,2.0,4.0,4.0,4.0,4.0,4.0,4.0,3.0,3.0,2.0,4.0,2.0,2.0,3.0,3.0,3.0,4.0,3.0,4.0,5.0,5.0,6.0,6.0,5.0,6.0,1.0,1.33,4.0,4.0,2.32,2.99,3.0,3.67,5.33,5.67,1.16,4.0,2.66,3.34,5.5
229,1.0,1.0,1.0,1.0,1.0,1.0,5.0,4.0,5.0,6.0,5.0,4.0,3.0,3.0,3.0,4.0,2.0,3.0,2.0,1.0,1.0,2.0,1.0,2.0,1.0,2.0,2.0,2.0,1.0,2.0,1.0,1.0,5.0,4.67,2.65,3.33,1.33,1.67,1.33,2.0,1.0,4.84,2.99,1.5,1.66
230,2.0,3.0,3.0,3.0,4.0,3.0,3.0,2.0,2.0,2.0,3.0,2.0,6.0,6.0,5.0,5.0,4.0,5.0,6.0,6.0,5.0,5.0,5.0,6.0,3.0,3.0,2.0,3.0,2.0,3.0,2.99,3.0,2.66,1.99,5.0,5.35,5.33,5.67,2.33,3.0,3.0,2.33,5.18,5.5,2.66
231,3.0,3.0,3.0,5.0,3.0,4.0,5.0,5.0,5.0,5.0,6.0,5.0,4.0,5.0,5.0,6.0,5.0,5.0,2.0,2.0,2.0,2.0,2.0,3.0,6.0,6.0,6.0,7.0,6.0,7.0,3.0,4.0,5.34,5.01,4.7,5.35,2.0,2.33,6.0,6.67,3.5,5.18,5.03,2.16,6.34
232,1.0,1.0,1.0,1.0,1.0,1.0,4.0,3.0,4.0,4.0,4.0,4.0,6.0,7.0,6.0,7.0,6.0,6.0,3.0,3.0,2.0,3.0,4.0,3.0,1.0,2.0,1.0,1.0,2.0,2.0,1.0,1.0,4.0,3.67,6.03,6.69,3.0,3.0,1.33,1.67,1.0,3.84,6.36,3.0,1.5
233,1.0,2.0,1.0,1.0,1.0,2.0,5.0,4.0,4.0,4.0,5.0,4.0,1.0,2.0,2.0,2.0,2.0,2.0,5.0,5.0,3.0,4.0,5.0,5.0,3.0,3.0,3.0,3.0,2.0,3.0,1.0,1.67,4.67,4.0,1.67,1.99,4.34,4.67,2.67,3.0,1.34,4.34,1.83,4.5,2.84
234,4.0,5.0,4.0,5.0,4.0,5.0,2.0,3.0,2.0,2.0,3.0,2.0,1.0,1.0,1.0,1.0,1.0,1.0,1.0,1.0,1.0,1.0,1.0,1.0,1.0,2.0,1.0,2.0,1.0,2.0,4.0,5.0,2.32,2.33,1.0,1.0,1.0,1.0,1.0,2.0,4.5,2.33,1.0,1.0,1.5
235,4.0,4.0,3.0,4.0,3.0,3.0,4.0,3.0,5.0,5.0,4.0,4.0,5.0,7.0,5.0,5.0,4.0,6.0,2.0,3.0,2.0,3.0,2.0,3.0,3.0,4.0,4.0,4.0,3.0,4.0,3.34,3.67,4.34,4.0,4.67,6.02,2.0,3.0,3.33,4.0,3.5,4.17,5.34,2.5,3.66
236,5.0,6.0,5.0,4.0,4.0,5.0,5.0,5.0,6.0,5.0,5.0,5.0,3.0,3.0,4.0,4.0,2.0,3.0,5.0,5.0,4.0,6.0,5.0,4.0,4.0,5.0,4.0,4.0,3.0,5.0,4.67,5.0,5.34,5.01,2.99,3.33,4.67,5.0,3.67,4.67,4.84,5.18,3.16,4.84,4.17
237,1.0,1.0,1.0,1.0,2.0,1.0,2.0,2.0,3.0,2.0,2.0,2.0,2.0,4.0,3.0,2.0,2.0,3.0,6.0,7.0,6.0,6.0,5.0,7.0,2.0,4.0,3.0,4.0,2.0,3.0,1.33,1.0,2.33,1.99,2.33,3.0,5.67,6.67,2.33,3.67,1.16,2.16,2.66,6.17,3.0
238,2.0,2.0,3.0,3.0,1.0,2.0,2.0,1.0,2.0,3.0,3.0,2.0,6.0,7.0,6.0,6.0,6.0,6.0,4.0,4.0,5.0,4.0,4.0,4.0,1.0,1.0,1.0,2.0,1.0,2.0,2.01,2.33,2.32,1.99,6.03,6.35,4.33,4.0,1.0,1.67,2.17,2.15,6.19,4.16,1.34
239,2.0,2.0,1.0,2.0,2.0,2.0,4.0,3.0,5.0,4.0,5.0,5.0,4.0,6.0,4.0,5.0,3.0,4.0,3.0,4.0,3.0,3.0,4.0,4.0,4.0,5.0,4.0,6.0,5.0,5.0,1.67,2.0,4.67,4.0,3.66,5.0,3.33,3.67,4.33,5.33,1.84,4.34,4.33,3.5,4.83
240,3.0,3.0,3.0,4.0,2.0,2.0,5.0,4.0,5.0,4.0,4.0,3.0,6.0,5.0,5.0,5.0,4.0,5.0,3.0,4.0,3.0,4.0,4.0,4.0,1.0,1.0,1.0,1.0,1.0,2.0,2.67,3.0,4.67,3.67,5.0,5.01,3.33,4.0,1.0,1.33,2.84,4.17,5.0,3.66,1.16
241,4.0,6.0,3.0,3.0,4.0,3.0,2.0,2.0,1.0,1.0,2.0,1.0,1.0,1.0,1.0,1.0,1.0,1.0,5.0,5.0,4.0,6.0,6.0,5.0,5.0,6.0,6.0,6.0,6.0,6.0,3.67,4.01,1.66,1.32,1.0,1.0,5.0,5.33,5.67,6.0,3.84,1.49,1.0,5.16,5.84
242,1.0,1.0,1.0,1.0,1.0,1.0,6.0,6.0,6.0,5.0,6.0,6.0,3.0,3.0,2.0,3.0,3.0,3.0,6.0,6.0,5.0,6.0,6.0,6.0,3.0,3.0,3.0,3.0,3.0,4.0,1.0,1.0,6.01,5.68,2.67,3.0,5.67,6.0,3.0,3.33,1.0,5.84,2.84,5.84,3.16
243,4.0,6.0,5.0,5.0,5.0,6.0,6.0,6.0,7.0,7.0,7.0,6.0,3.0,4.0,2.0,3.0,3.0,3.0,3.0,4.0,3.0,4.0,4.0,4.0,5.0,7.0,7.0,7.0,6.0,7.0,4.66,5.67,6.68,6.35,2.67,3.33,3.33,4.0,6.0,7.0,5.16,6.52,3.0,3.66,6.5
244,2.0,2.0,2.0,3.0,2.0,2.0,5.0,4.0,5.0,4.0,4.0,3.0,3.0,3.0,4.0,3.0,3.0,4.0,3.0,3.0,3.0,4.0,3.0,4.0,6.0,6.0,3.0,7.0,5.0,6.0,2.0,2.33,4.67,3.67,3.34,3.34,3.0,3.67,4.67,6.33,2.16,4.17,3.34,3.34,5.5
245,3.0,1.0,1.0,1.0,1.0,2.0,3.0,3.0,2.0,2.0,4.0,3.0,1.0,2.0,1.0,2.0,1.0,1.0,3.0,2.0,2.0,3.0,2.0,3.0,1.0,2.0,1.0,3.0,2.0,2.0,1.67,1.33,2.99,2.66,1.0,1.65,2.33,2.67,1.33,2.33,1.5,2.82,1.32,2.5,1.83
246,4.0,3.0,2.0,3.0,4.0,4.0,5.0,3.0,5.0,4.0,6.0,4.0,7.0,7.0,7.0,7.0,7.0,7.0,3.0,5.0,4.0,4.0,4.0,4.0,6.0,6.0,5.0,7.0,5.0,7.0,3.33,3.33,5.34,3.67,7.0,7.0,3.67,4.33,5.33,6.67,3.33,4.5,7.0,4.0,6.0
247,6.0,6.0,5.0,6.0,5.0,5.0,4.0,3.0,5.0,4.0,4.0,4.0,4.0,5.0,3.0,4.0,4.0,4.0,5.0,5.0,4.0,5.0,4.0,4.0,6.0,6.0,5.0,6.0,7.0,7.0,5.34,5.67,4.34,3.67,3.68,4.34,4.33,4.67,6.0,6.33,5.5,4.0,4.01,4.5,6.16
248,5.0,5.0,5.0,5.0,5.0,5.0,5.0,5.0,5.0,5.0,5.0,4.0,5.0,5.0,5.0,5.0,5.0,6.0,5.0,5.0,5.0,6.0,5.0,5.0,3.0,3.0,2.0,4.0,4.0,4.0,5.0,5.0,5.0,4.67,5.02,5.36,5.0,5.33,3.0,3.67,5.0,4.84,5.19,5.16,3.34
249,2.0,3.0,3.0,3.0,4.0,5.0,4.0,4.0,3.0,4.0,4.0,4.0,4.0,4.0,3.0,5.0,3.0,3.0,5.0,6.0,6.0,6.0,6.0,6.0,6.0,6.0,5.0,6.0,6.0,7.0,2.99,3.66,3.67,4.0,3.33,4.0,5.67,6.0,5.67,6.33,3.32,3.84,3.66,5.84,6.0
250,4.0,5.0,5.0,5.0,5.0,5.0,4.0,3.0,3.0,3.0,3.0,3.0,3.0,3.0,3.0,4.0,3.0,3.0,3.0,4.0,3.0,3.0,3.0,4.0,5.0,5.0,3.0,5.0,4.0,5.0,4.66,5.0,3.33,3.0,3.0,3.33,3.0,3.67,4.0,5.0,4.83,3.16,3.16,3.34,4.5
251,1.0,2.0,2.0,1.0,1.0,1.0,5.0,4.0,5.0,5.0,6.0,5.0,3.0,4.0,4.0,4.0,3.0,4.0,6.0,6.0,4.0,6.0,4.0,5.0,3.0,5.0,3.0,4.0,3.0,4.0,1.33,1.34,5.34,4.67,3.34,4.01,4.67,5.67,3.0,4.33,1.34,5.0,3.68,5.17,3.66
252,1.0,1.0,1.0,1.0,1.0,1.0,5.0,4.0,5.0,5.0,5.0,4.0,3.0,3.0,4.0,3.0,3.0,3.0,4.0,6.0,3.0,4.0,4.0,5.0,4.0,5.0,5.0,5.0,4.0,4.0,1.0,1.0,5.0,4.34,3.34,3.0,3.67,5.0,4.33,4.67,1.0,4.67,3.17,4.34,4.5
253,1.0,1.0,1.0,1.0,1.0,1.0,1.0,1.0,1.0,1.0,1.0,2.0,1.0,1.0,1.0,1.0,3.0,1.0,1.0,1.0,1.0,1.0,1.0,1.0,1.0,1.0,1.0,1.0,1.0,1.0,1.0,1.0,1.0,1.32,1.69,1.0,1.0,1.0,1.0,1.0,1.0,1.16,1.34,1.0,1.0
254,2.0,2.0,2.0,3.0,2.0,2.0,2.0,2.0,4.0,2.0,3.0,3.0,4.0,3.0,3.0,3.0,3.0,3.0,3.0,4.0,3.0,4.0,4.0,4.0,4.0,4.0,5.0,6.0,5.0,5.0,2.0,2.33,3.0,2.33,3.33,3.0,3.33,4.0,4.67,5.0,2.16,2.66,3.16,3.66,4.84
255,5.0,3.0,5.0,6.0,6.0,6.0,3.0,3.0,4.0,3.0,4.0,3.0,6.0,7.0,6.0,6.0,6.0,5.0,6.0,6.0,6.0,7.0,5.0,6.0,6.0,7.0,5.0,6.0,6.0,7.0,5.33,4.99,3.66,3.0,6.03,6.01,5.67,6.33,5.67,6.67,5.16,3.33,6.02,6.0,6.17
256,1.0,1.0,1.0,1.0,1.0,1.0,6.0,5.0,5.0,5.0,5.0,6.0,5.0,5.0,5.0,5.0,6.0,5.0,4.0,5.0,4.0,5.0,5.0,6.0,5.0,4.0,5.0,6.0,5.0,6.0,1.0,1.0,5.34,5.34,5.37,5.01,4.33,5.33,5.0,5.33,1.0,5.34,5.19,4.83,5.16
257,1.0,1.0,1.0,2.0,2.0,3.0,3.0,2.0,3.0,2.0,3.0,2.0,1.0,1.0,1.0,1.0,1.0,1.0,2.0,2.0,2.0,3.0,2.0,3.0,1.0,2.0,1.0,2.0,1.0,2.0,1.33,1.99,3.0,1.99,1.0,1.0,2.0,2.67,1.0,2.0,1.66,2.5,1.0,2.34,1.5
258,2.0,2.0,1.0,2.0,1.0,2.0,6.0,5.0,6.0,6.0,5.0,5.0,2.0,2.0,2.0,2.0,2.0,2.0,2.0,3.0,3.0,4.0,3.0,4.0,3.0,4.0,3.0,4.0,4.0,3.0,1.34,2.0,5.68,5.34,2.0,1.99,2.67,3.67,3.33,3.67,1.67,5.51,2.0,3.17,3.5
259,3.0,3.0,3.0,3.0,3.0,4.0,7.0,7.0,7.0,4.0,7.0,7.0,7.0,7.0,7.0,7.0,7.0,7.0,6.0,7.0,6.0,6.0,6.0,7.0,3.0,4.0,2.0,3.0,3.0,4.0,3.0,3.33,7.0,6.01,7.0,7.0,6.0,6.67,2.67,3.67,3.16,6.5,7.0,6.34,3.17
260,1.0,1.0,1.0,1.0,1.0,1.0,7.0,6.0,7.0,7.0,7.0,7.0,2.0,3.0,2.0,2.0,3.0,3.0,3.0,4.0,3.0,4.0,3.0,3.0,7.0,7.0,7.0,7.0,7.0,7.0,1.0,1.0,7.0,6.68,2.35,2.67,3.0,3.67,7.0,7.0,1.0,6.84,2.51,3.34,7.0
261,6.0,6.0,5.0,6.0,6.0,6.0,3.0,1.0,4.0,3.0,3.0,3.0,2.0,3.0,2.0,3.0,2.0,3.0,5.0,7.0,5.0,5.0,4.0,6.0,4.0,3.0,4.0,5.0,4.0,5.0,5.67,6.0,3.33,2.33,2.0,3.0,4.67,6.0,4.0,4.33,5.84,2.83,2.5,5.34,4.16
262,2.0,2.0,2.0,3.0,2.0,4.0,3.0,2.0,4.0,3.0,3.0,3.0,1.0,1.0,1.0,1.0,1.0,1.0,2.0,2.0,2.0,3.0,2.0,3.0,1.0,2.0,2.0,2.0,2.0,2.0,2.0,2.99,3.33,2.66,1.0,1.0,2.0,2.67,1.67,2.0,2.5,3.0,1.0,2.34,1.84
263,1.0,1.0,1.0,1.0,1.0,1.0,3.0,2.0,2.0,1.0,2.0,1.0,3.0,4.0,2.0,2.0,2.0,3.0,1.0,1.0,1.0,2.0,1.0,2.0,1.0,2.0,1.0,1.0,1.0,1.0,1.0,1.0,2.33,1.32,2.32,3.0,1.0,1.67,1.0,1.33,1.0,1.83,2.66,1.34,1.16
264,1.0,1.0,1.0,1.0,1.0,1.0,2.0,3.0,4.0,3.0,3.0,2.0,3.0,3.0,2.0,3.0,2.0,2.0,3.0,5.0,3.0,4.0,4.0,5.0,1.0,3.0,2.0,2.0,1.0,2.0,1.0,1.0,3.0,2.66,2.32,2.66,3.33,4.67,1.33,2.33,1.0,2.83,2.49,4.0,1.83
265,5.0,6.0,6.0,6.0,7.0,7.0,2.0,1.0,3.0,2.0,1.0,2.0,1.0,2.0,3.0,3.0,2.0,3.0,5.0,6.0,5.0,6.0,5.0,6.0,3.0,4.0,3.0,4.0,4.0,4.0,5.99,6.33,1.99,1.66,2.0,2.67,5.0,6.0,3.33,4.0,6.16,1.82,2.34,5.5,3.66
266,3.0,3.0,3.0,5.0,3.0,3.0,3.0,3.0,3.0,3.0,3.0,3.0,2.0,2.0,2.0,3.0,1.0,2.0,2.0,3.0,3.0,4.0,3.0,3.0,4.0,4.0,3.0,5.0,3.0,4.0,3.0,3.67,3.0,3.0,1.65,2.32,2.67,3.33,3.33,4.33,3.34,3.0,1.98,3.0,3.83
267,1.0,2.0,1.0,2.0,1.0,1.0,4.0,4.0,3.0,3.0,3.0,3.0,4.0,5.0,4.0,4.0,3.0,4.0,6.0,6.0,5.0,6.0,5.0,6.0,5.0,6.0,5.0,5.0,4.0,6.0,1.0,1.67,3.33,3.33,3.66,4.34,5.33,6.0,4.67,5.67,1.34,3.33,4.0,5.66,5.17
268,1.0,1.0,1.0,1.0,1.0,1.0,1.0,1.0,1.0,1.0,1.0,1.0,3.0,5.0,4.0,4.0,4.0,3.0,1.0,2.0,1.0,1.0,1.0,2.0,1.0,2.0,1.0,2.0,2.0,2.0,1.0,1.0,1.0,1.0,3.69,4.0,1.0,1.67,1.33,2.0,1.0,1.0,3.84,1.34,1.66
269,4.0,5.0,3.0,3.0,2.0,3.0,5.0,3.0,3.0,4.0,5.0,4.0,2.0,3.0,2.0,3.0,2.0,2.0,5.0,6.0,6.0,6.0,6.0,6.0,3.0,4.0,2.0,3.0,3.0,4.0,3.01,3.67,4.33,3.67,2.0,2.66,5.67,6.0,2.67,3.67,3.34,4.0,2.33,5.84,3.17
270,4.0,5.0,6.0,6.0,5.0,6.0,6.0,5.0,6.0,5.0,6.0,5.0,4.0,5.0,5.0,6.0,3.0,3.0,5.0,6.0,4.0,6.0,6.0,6.0,4.0,5.0,4.0,5.0,5.0,6.0,5.0,5.66,6.01,5.01,4.0,4.66,5.0,6.0,4.33,5.33,5.33,5.51,4.33,5.5,4.83
271,3.0,4.0,2.0,3.0,3.0,4.0,3.0,2.0,3.0,3.0,3.0,2.0,2.0,3.0,1.0,1.0,1.0,1.0,3.0,4.0,4.0,4.0,3.0,3.0,2.0,3.0,3.0,3.0,3.0,3.0,2.67,3.67,3.0,2.33,1.31,1.65,3.33,3.67,2.67,3.0,3.17,2.66,1.48,3.5,2.84
272,2.0,3.0,2.0,3.0,3.0,3.0,4.0,3.0,3.0,3.0,4.0,3.0,4.0,5.0,4.0,4.0,4.0,5.0,5.0,6.0,5.0,5.0,5.0,7.0,1.0,2.0,1.0,2.0,1.0,3.0,2.33,3.0,3.67,3.0,4.01,4.68,5.0,6.0,1.0,2.33,2.66,3.34,4.34,5.5,1.66
273,7.0,7.0,7.0,7.0,7.0,7.0,3.0,3.0,3.0,4.0,4.0,3.0,4.0,4.0,3.0,4.0,3.0,3.0,3.0,5.0,4.0,4.0,3.0,5.0,3.0,4.0,3.0,4.0,2.0,3.0,7.0,7.0,3.33,3.33,3.33,3.66,3.33,4.67,2.67,3.67,7.0,3.33,3.5,4.0,3.17
274,4.0,4.0,2.0,3.0,3.0,3.0,7.0,7.0,7.0,7.0,7.0,7.0,3.0,3.0,3.0,4.0,2.0,3.0,6.0,7.0,5.0,6.0,6.0,7.0,2.0,2.0,3.0,4.0,3.0,4.0,3.0,3.34,7.0,7.0,2.65,3.33,5.67,6.67,2.67,3.33,3.17,7.0,2.99,6.17,3.0
275,4.0,5.0,4.0,4.0,4.0,4.0,4.0,4.0,5.0,4.0,4.0,3.0,5.0,5.0,3.0,4.0,3.0,4.0,6.0,7.0,6.0,6.0,6.0,6.0,1.0,1.0,1.0,2.0,1.0,1.0,4.0,4.34,4.34,3.67,3.66,4.34,6.0,6.33,1.0,1.33,4.17,4.0,4.0,6.16,1.16
276,1.0,2.0,2.0,2.0,1.0,2.0,6.0,5.0,6.0,6.0,6.0,5.0,5.0,6.0,5.0,6.0,4.0,5.0,5.0,5.0,4.0,5.0,5.0,6.0,2.0,3.0,1.0,2.0,2.0,2.0,1.33,2.0,6.01,5.34,4.67,5.68,4.67,5.33,1.67,2.33,1.66,5.68,5.18,5.0,2.0
277,1.0,1.0,1.0,1.0,1.0,1.0,4.0,4.0,5.0,4.0,4.0,4.0,5.0,6.0,5.0,6.0,4.0,5.0,3.0,5.0,4.0,5.0,4.0,5.0,2.0,2.0,3.0,4.0,3.0,3.0,1.0,1.0,4.34,4.0,4.67,5.68,3.67,5.0,2.67,3.0,1.0,4.17,5.18,4.34,2.84
278,6.0,5.0,5.0,6.0,5.0,6.0,4.0,4.0,5.0,5.0,5.0,5.0,5.0,6.0,6.0,6.0,5.0,5.0,3.0,4.0,3.0,4.0,5.0,4.0,7.0,7.0,7.0,7.0,7.0,7.0,5.34,5.66,4.67,4.67,5.35,5.68,3.67,4.0,7.0,7.0,5.5,4.67,5.52,3.84,7.0
279,6.0,5.0,5.0,6.0,5.0,6.0,7.0,6.0,7.0,7.0,7.0,6.0,6.0,6.0,6.0,7.0,5.0,7.0,6.0,6.0,6.0,6.0,6.0,7.0,4.0,5.0,4.0,6.0,4.0,5.0,5.34,5.66,7.0,6.35,5.68,6.7,6.0,6.33,4.0,5.33,5.5,6.68,6.19,6.16,4.66
280,2.0,2.0,1.0,2.0,2.0,2.0,4.0,4.0,5.0,4.0,4.0,5.0,1.0,2.0,1.0,2.0,1.0,1.0,1.0,1.0,1.0,2.0,1.0,2.0,2.0,2.0,2.0,3.0,3.0,3.0,1.67,2.0,4.34,4.34,1.0,1.65,1.0,1.67,2.33,2.67,1.84,4.34,1.32,1.34,2.5
281,3.0,4.0,3.0,3.0,3.0,3.0,2.0,3.0,3.0,3.0,4.0,4.0,2.0,3.0,2.0,2.0,2.0,2.0,3.0,4.0,3.0,4.0,3.0,4.0,4.0,5.0,4.0,5.0,5.0,5.0,3.0,3.34,2.99,3.33,2.0,2.32,3.0,4.0,4.33,5.0,3.17,3.16,2.16,3.5,4.66
282,4.0,5.0,5.0,6.0,5.0,5.0,3.0,2.0,3.0,3.0,2.0,3.0,5.0,6.0,4.0,5.0,3.0,4.0,4.0,5.0,5.0,6.0,5.0,5.0,4.0,5.0,4.0,5.0,4.0,4.0,4.66,5.33,2.66,2.66,3.99,5.0,4.67,5.33,4.0,4.67,5.0,2.66,4.5,5.0,4.34
283,3.0,4.0,4.0,4.0,4.0,4.0,5.0,4.0,5.0,4.0,5.0,4.0,2.0,3.0,2.0,3.0,2.0,2.0,2.0,3.0,2.0,3.0,2.0,3.0,1.0,1.0,1.0,2.0,1.0,2.0,3.66,4.0,5.0,4.0,2.0,2.66,2.0,3.0,1.0,1.67,3.83,4.5,2.33,2.5,1.34
284,1.0,1.0,1.0,1.0,1.0,1.0,5.0,5.0,5.0,5.0,4.0,4.0,2.0,2.0,2.0,3.0,2.0,2.0,3.0,3.0,3.0,3.0,3.0,4.0,2.0,4.0,3.0,3.0,2.0,3.0,1.0,1.0,4.67,4.67,2.0,2.32,3.0,3.33,2.33,3.33,1.0,4.67,2.16,3.16,2.83
285,3.0,4.0,4.0,5.0,4.0,5.0,5.0,5.0,5.0,5.0,5.0,5.0,1.0,1.0,1.0,2.0,1.0,1.0,4.0,3.0,4.0,5.0,3.0,4.0,4.0,5.0,4.0,5.0,5.0,6.0,3.66,4.66,5.0,5.01,1.0,1.32,3.67,4.0,4.33,5.33,4.16,5.0,1.16,3.84,4.83
286,4.0,5.0,6.0,4.0,5.0,6.0,3.0,2.0,3.0,2.0,4.0,2.0,2.0,2.0,1.0,1.0,1.0,1.0,2.0,4.0,3.0,3.0,3.0,4.0,4.0,6.0,5.0,6.0,4.0,6.0,5.0,5.0,3.33,1.99,1.31,1.32,2.67,3.67,4.33,6.0,5.0,2.66,1.32,3.17,5.16
287,4.0,3.0,3.0,2.0,3.0,4.0,1.0,1.0,1.0,2.0,1.0,1.0,3.0,3.0,2.0,4.0,2.0,3.0,3.0,3.0,2.0,3.0,3.0,3.0,5.0,7.0,6.0,6.0,4.0,6.0,3.34,3.0,1.0,1.32,2.32,3.33,2.67,3.0,5.0,6.33,3.17,1.16,2.82,2.84,5.66
288,3.0,3.0,3.0,4.0,2.0,4.0,5.0,4.0,5.0,5.0,5.0,4.0,2.0,3.0,2.0,2.0,2.0,1.0,4.0,3.0,4.0,4.0,3.0,4.0,2.0,3.0,3.0,4.0,2.0,4.0,2.67,3.66,5.0,4.34,2.0,1.98,3.67,3.67,2.33,3.67,3.16,4.67,1.99,3.67,3.0
289,4.0,5.0,4.0,4.0,4.0,4.0,7.0,7.0,7.0,7.0,7.0,7.0,7.0,7.0,7.0,7.0,7.0,7.0,4.0,4.0,3.0,3.0,3.0,3.0,6.0,7.0,7.0,7.0,6.0,7.0,4.0,4.34,7.0,7.0,7.0,7.0,3.33,3.33,6.33,7.0,4.17,7.0,7.0,3.33,6.66
290,7.0,7.0,7.0,7.0,7.0,7.0,5.0,5.0,6.0,6.0,5.0,5.0,2.0,4.0,3.0,3.0,3.0,3.0,4.0,4.0,5.0,5.0,4.0,5.0,4.0,5.0,4.0,5.0,4.0,5.0,7.0,7.0,5.34,5.34,2.68,3.33,4.33,4.67,4.0,5.0,7.0,5.34,3.0,4.5,4.5
291,4.0,4.0,4.0,5.0,3.0,3.0,5.0,5.0,6.0,5.0,5.0,5.0,1.0,1.0,1.0,4.0,1.0,1.0,3.0,3.0,3.0,4.0,2.0,3.0,3.0,4.0,4.0,5.0,3.0,5.0,3.67,4.0,5.34,5.01,1.0,1.98,2.67,3.33,3.33,4.67,3.84,5.18,1.49,3.0,4.0
292,2.0,1.0,1.0,1.0,1.0,1.0,6.0,5.0,7.0,6.0,6.0,6.0,2.0,3.0,3.0,3.0,2.0,3.0,4.0,6.0,4.0,5.0,4.0,5.0,5.0,6.0,4.0,5.0,5.0,6.0,1.34,1.0,6.34,5.68,2.33,3.0,4.0,5.33,4.67,5.67,1.17,6.01,2.66,4.66,5.17
293,3.0,5.0,4.0,5.0,3.0,3.0,3.0,2.0,4.0,3.0,4.0,4.0,4.0,4.0,2.0,3.0,2.0,3.0,2.0,3.0,2.0,3.0,2.0,4.0,4.0,5.0,4.0,5.0,4.0,5.0,3.33,4.34,3.66,3.0,2.65,3.33,2.0,3.33,4.0,5.0,3.84,3.33,2.99,2.66,4.5
294,5.0,5.0,4.0,6.0,5.0,4.0,1.0,1.0,2.0,2.0,1.0,1.0,4.0,4.0,4.0,5.0,3.0,5.0,3.0,5.0,3.0,4.0,3.0,3.0,5.0,6.0,5.0,6.0,5.0,6.0,4.67,5.0,1.32,1.32,3.66,4.68,3.0,4.0,5.0,6.0,4.84,1.32,4.17,3.5,5.5
295,2.0,3.0,2.0,2.0,2.0,3.0,3.0,2.0,2.0,2.0,3.0,4.0,3.0,4.0,4.0,3.0,3.0,4.0,1.0,2.0,1.0,1.0,1.0,1.0,3.0,5.0,4.0,5.0,4.0,4.0,2.0,2.67,2.66,2.66,3.34,3.67,1.0,1.33,3.67,4.67,2.34,2.66,3.5,1.16,4.17
296,5.0,5.0,6.0,5.0,5.0,6.0,6.0,5.0,7.0,6.0,6.0,5.0,4.0,4.0,4.0,4.0,4.0,4.0,6.0,6.0,6.0,7.0,5.0,6.0,4.0,5.0,4.0,5.0,5.0,4.0,5.34,5.33,6.34,5.34,4.01,4.01,5.67,6.33,4.33,4.67,5.34,5.84,4.01,6.0,4.5
297,6.0,6.0,6.0,6.0,6.0,5.0,3.0,2.0,2.0,2.0,4.0,2.0,1.0,1.0,2.0,2.0,1.0,2.0,3.0,3.0,3.0,4.0,3.0,5.0,5.0,6.0,5.0,6.0,6.0,7.0,6.0,5.67,2.99,1.99,1.32,1.66,3.0,4.0,5.33,6.33,5.84,2.49,1.49,3.5,5.83
298,4.0,4.0,4.0,6.0,4.0,5.0,7.0,6.0,6.0,6.0,6.0,6.0,4.0,6.0,4.0,4.0,3.0,4.0,4.0,4.0,5.0,6.0,4.0,6.0,7.0,7.0,6.0,7.0,7.0,7.0,4.0,5.0,6.35,6.01,3.66,4.67,4.33,5.33,6.67,7.0,4.5,6.18,4.16,4.83,6.84
299,3.0,4.0,3.0,5.0,4.0,4.0,3.0,3.0,3.0,3.0,4.0,2.0,2.0,2.0,1.0,1.0,1.0,2.0,3.0,4.0,3.0,3.0,3.0,4.0,2.0,3.0,3.0,4.0,3.0,3.0,3.33,4.33,3.33,2.66,1.31,1.66,3.0,3.67,2.67,3.33,3.83,3.0,1.48,3.34,3.0
300,1.0,1.0,1.0,1.0,1.0,1.0,2.0,1.0,1.0,1.0,2.0,1.0,1.0,1.0,1.0,1.0,1.0,1.0,1.0,1.0,1.0,1.0,1.0,1.0,3.0,3.0,2.0,3.0,3.0,4.0,1.0,1.0,1.66,1.0,1.0,1.0,1.0,1.0,2.67,3.33,1.0,1.33,1.0,1.0,3.0
301,2.0,3.0,3.0,3.0,4.0,4.0,4.0,3.0,5.0,4.0,4.0,4.0,1.0,1.0,1.0,1.0,1.0,1.0,4.0,5.0,5.0,5.0,4.0,5.0,1.0,1.0,1.0,1.0,1.0,1.0,2.99,3.33,4.34,3.67,1.0,1.0,4.33,5.0,1.0,1.0,3.16,4.0,1.0,4.66,1.0
302,6.0,5.0,4.0,5.0,4.0,5.0,7.0,7.0,7.0,7.0,6.0,7.0,6.0,6.0,6.0,5.0,6.0,6.0,2.0,3.0,3.0,4.0,2.0,3.0,6.0,7.0,6.0,7.0,7.0,7.0,4.68,5.0,6.68,7.0,6.03,5.69,2.33,3.33,6.33,7.0,4.84,6.84,5.86,2.83,6.66
303,3.0,2.0,3.0,5.0,4.0,4.0,3.0,2.0,5.0,4.0,3.0,2.0,3.0,3.0,3.0,4.0,3.0,3.0,5.0,5.0,4.0,4.0,5.0,6.0,4.0,5.0,4.0,5.0,5.0,5.0,3.33,3.66,3.67,2.66,3.0,3.33,4.67,5.0,4.33,5.0,3.5,3.16,3.16,4.84,4.66
304,4.0,3.0,5.0,4.0,5.0,5.0,2.0,2.0,3.0,2.0,2.0,1.0,3.0,4.0,3.0,3.0,2.0,3.0,1.0,2.0,1.0,2.0,1.0,1.0,1.0,1.0,1.0,1.0,1.0,2.0,4.66,3.99,2.33,1.66,2.65,3.33,1.0,1.67,1.0,1.33,4.32,2.0,2.99,1.34,1.16
305,2.0,3.0,2.0,2.0,2.0,2.0,1.0,1.0,1.0,1.0,1.0,1.0,3.0,3.0,3.0,4.0,2.0,3.0,3.0,4.0,2.0,3.0,3.0,4.0,3.0,5.0,3.0,5.0,3.0,4.0,2.0,2.34,1.0,1.0,2.65,3.33,2.67,3.67,3.0,4.67,2.17,1.0,2.99,3.17,3.84
306,6.0,7.0,7.0,6.0,6.0,6.0,6.0,5.0,6.0,6.0,6.0,5.0,6.0,5.0,5.0,6.0,6.0,5.0,5.0,6.0,4.0,4.0,5.0,5.0,3.0,5.0,3.0,4.0,3.0,5.0,6.34,6.34,6.01,5.34,5.7,5.35,4.67,5.0,3.0,4.67,6.34,5.68,5.52,4.84,3.84
307,6.0,6.0,5.0,5.0,5.0,6.0,3.0,3.0,5.0,4.0,4.0,3.0,5.0,4.0,3.0,6.0,4.0,4.0,4.0,3.0,4.0,5.0,3.0,5.0,1.0,1.0,1.0,2.0,1.0,2.0,5.34,5.67,4.0,3.33,4.01,4.67,3.67,4.33,1.0,1.67,5.5,3.66,4.34,4.0,1.34
308,2.0,2.0,2.0,2.0,2.0,2.0,4.0,3.0,3.0,3.0,4.0,4.0,7.0,7.0,7.0,7.0,5.0,6.0,3.0,4.0,3.0,3.0,3.0,4.0,3.0,3.0,3.0,4.0,3.0,4.0,2.0,2.0,3.67,3.33,6.34,6.69,3.0,3.67,3.0,3.67,2.0,3.5,6.52,3.34,3.34
309,2.0,2.0,2.0,2.0,3.0,2.0,4.0,3.0,5.0,5.0,4.0,4.0,7.0,7.0,6.0,6.0,7.0,6.0,2.0,2.0,1.0,2.0,2.0,2.0,5.0,6.0,5.0,6.0,6.0,6.0,2.33,2.0,4.34,4.0,6.71,6.35,1.67,2.0,5.33,6.0,2.16,4.17,6.53,1.84,5.66
310,3.0,3.0,3.0,3.0,2.0,2.0,7.0,6.0,7.0,7.0,7.0,7.0,5.0,5.0,4.0,6.0,5.0,5.0,6.0,6.0,6.0,7.0,7.0,7.0,4.0,5.0,5.0,5.0,5.0,6.0,2.67,2.67,7.0,6.68,4.69,5.35,6.33,6.67,4.67,5.33,2.67,6.84,5.02,6.5,5.0
311,5.0,7.0,6.0,6.0,6.0,6.0,5.0,5.0,5.0,4.0,5.0,4.0,3.0,3.0,4.0,4.0,3.0,3.0,4.0,5.0,5.0,5.0,5.0,5.0,3.0,4.0,3.0,4.0,5.0,6.0,5.66,6.34,5.0,4.34,3.34,3.33,4.67,5.0,3.67,4.67,6.0,4.67,3.34,4.84,4.17
312,5.0,6.0,6.0,6.0,5.0,6.0,7.0,6.0,7.0,6.0,7.0,7.0,3.0,3.0,2.0,4.0,2.0,3.0,1.0,2.0,1.0,2.0,1.0,2.0,3.0,5.0,4.0,4.0,3.0,5.0,5.34,6.0,7.0,6.35,2.32,3.33,1.0,2.0,3.33,4.67,5.67,6.68,2.82,1.5,4.0
313,1.0,1.0,1.0,1.0,1.0,1.0,1.0,1.0,2.0,1.0,2.0,1.0,3.0,5.0,4.0,5.0,3.0,4.0,5.0,6.0,6.0,6.0,6.0,6.0,3.0,4.0,3.0,3.0,4.0,5.0,1.0,1.0,1.66,1.0,3.34,4.67,5.67,6.0,3.33,4.0,1.0,1.33,4.0,5.84,3.66
314,4.0,4.0,3.0,4.0,5.0,4.0,4.0,4.0,5.0,6.0,5.0,5.0,5.0,6.0,4.0,5.0,4.0,4.0,4.0,6.0,5.0,5.0,4.0,4.0,3.0,4.0,3.0,3.0,3.0,4.0,4.0,4.0,4.67,5.01,4.34,5.0,4.33,5.0,3.0,3.67,4.0,4.84,4.67,4.66,3.34
315,2.0,4.0,3.0,4.0,2.0,2.0,6.0,5.0,5.0,5.0,5.0,5.0,2.0,2.0,2.0,2.0,2.0,2.0,4.0,5.0,4.0,4.0,4.0,4.0,2.0,3.0,2.0,3.0,2.0,4.0,2.33,3.34,5.34,5.01,2.0,1.99,4.0,4.33,2.0,3.33,2.84,5.18,2.0,4.16,2.66
316,1.0,1.0,1.0,1.0,1.0,1.0,4.0,3.0,5.0,4.0,4.0,4.0,2.0,3.0,2.0,2.0,2.0,2.0,4.0,4.0,4.0,5.0,4.0,5.0,2.0,4.0,3.0,3.0,2.0,4.0,1.0,1.0,4.34,3.67,2.0,2.32,4.0,4.67,2.33,3.67,1.0,4.0,2.16,4.34,3.0
317,3.0,3.0,4.0,3.0,3.0,2.0,1.0,1.0,1.0,1.0,1.0,1.0,2.0,3.0,2.0,2.0,2.0,2.0,2.0,3.0,2.0,2.0,2.0,3.0,2.0,4.0,3.0,4.0,3.0,4.0,3.33,2.67,1.0,1.0,2.0,2.32,2.0,2.67,2.67,4.0,3.0,1.0,2.16,2.34,3.34
318,1.0,2.0,1.0,1.0,1.0,1.0,7.0,6.0,7.0,6.0,7.0,6.0,5.0,5.0,4.0,4.0,4.0,4.0,6.0,7.0,6.0,7.0,6.0,7.0,7.0,7.0,7.0,7.0,6.0,7.0,1.0,1.34,7.0,6.01,4.34,4.34,6.0,7.0,6.67,7.0,1.17,6.5,4.34,6.5,6.84
319,2.0,3.0,2.0,3.0,2.0,2.0,3.0,3.0,4.0,3.0,4.0,2.0,5.0,6.0,5.0,6.0,5.0,5.0,2.0,2.0,3.0,3.0,3.0,3.0,3.0,4.0,3.0,4.0,4.0,5.0,2.0,2.67,3.66,2.66,5.02,5.68,2.67,2.67,3.33,4.33,2.34,3.16,5.35,2.67,3.83
320,1.0,1.0,1.0,1.0,1.0,1.0,7.0,7.0,7.0,7.0,7.0,7.0,4.0,5.0,5.0,6.0,3.0,4.0,2.0,2.0,2.0,3.0,2.0,2.0,3.0,4.0,3.0,3.0,3.0,4.0,1.0,1.0,7.0,7.0,4.0,5.0,2.0,2.33,3.0,3.67,1.0,7.0,4.5,2.16,3.34
321,3.0,4.0,3.0,3.0,3.0,4.0,3.0,3.0,3.0,3.0,4.0,3.0,1.0,1.0,1.0,1.0,1.0,1.0,3.0,4.0,4.0,4.0,3.0,5.0,4.0,4.0,4.0,4.0,4.0,3.0,3.0,3.67,3.33,3.0,1.0,1.0,3.33,4.33,4.0,3.67,3.34,3.16,1.0,3.83,3.84
322,3.0,4.0,3.0,4.0,2.0,4.0,5.0,5.0,5.0,5.0,6.0,6.0,2.0,2.0,2.0,2.0,1.0,2.0,4.0,4.0,3.0,3.0,3.0,3.0,2.0,3.0,2.0,2.0,2.0,3.0,2.67,4.0,5.34,5.34,1.65,1.99,3.33,3.33,2.0,2.67,3.34,5.34,1.82,3.33,2.34
323,1.0,2.0,1.0,2.0,1.0,2.0,5.0,5.0,5.0,4.0,5.0,4.0,2.0,3.0,1.0,1.0,1.0,1.0,3.0,3.0,3.0,3.0,3.0,4.0,3.0,4.0,4.0,4.0,4.0,4.0,1.0,2.0,5.0,4.34,1.31,1.65,3.0,3.33,3.67,4.0,1.5,4.67,1.48,3.16,3.84
324,7.0,7.0,7.0,7.0,7.0,6.0,5.0,4.0,6.0,6.0,5.0,5.0,4.0,3.0,4.0,6.0,4.0,5.0,6.0,7.0,5.0,6.0,6.0,6.0,6.0,7.0,6.0,7.0,6.0,6.0,7.0,6.67,5.34,5.01,4.01,4.68,5.67,6.33,6.0,6.67,6.84,5.18,4.34,6.0,6.34
325,3.0,4.0,3.0,3.0,3.0,3.0,3.0,3.0,4.0,3.0,4.0,4.0,1.0,1.0,1.0,1.0,1.0,1.0,2.0,3.0,2.0,3.0,2.0,3.0,3.0,3.0,3.0,3.0,3.0,4.0,3.0,3.34,3.66,3.33,1.0,1.0,2.0,3.0,3.0,3.33,3.17,3.5,1.0,2.5,3.16
326,2.0,2.0,2.0,2.0,2.0,2.0,3.0,3.0,4.0,3.0,4.0,4.0,3.0,4.0,4.0,5.0,3.0,3.0,2.0,1.0,1.0,2.0,1.0,1.0,1.0,2.0,1.0,2.0,1.0,2.0,2.0,2.0,3.66,3.33,3.34,4.0,1.33,1.33,1.0,2.0,2.0,3.5,3.67,1.33,1.5
327,1.0,2.0,2.0,1.0,1.0,1.0,3.0,3.0,4.0,3.0,4.0,3.0,1.0,1.0,1.0,1.0,1.0,2.0,7.0,7.0,6.0,6.0,6.0,7.0,3.0,3.0,4.0,5.0,4.0,4.0,1.33,1.34,3.66,3.0,1.0,1.33,6.33,6.67,3.67,4.0,1.34,3.33,1.16,6.5,3.84
328,1.0,1.0,1.0,1.0,1.0,2.0,4.0,4.0,5.0,5.0,4.0,4.0,5.0,6.0,6.0,5.0,5.0,5.0,1.0,2.0,1.0,2.0,2.0,2.0,1.0,2.0,2.0,3.0,2.0,3.0,1.0,1.33,4.34,4.34,5.35,5.35,1.33,2.0,1.67,2.67,1.16,4.34,5.35,1.66,2.17
329,4.0,5.0,5.0,5.0,6.0,5.0,6.0,5.0,6.0,7.0,6.0,5.0,5.0,6.0,6.0,7.0,5.0,5.0,4.0,5.0,5.0,5.0,4.0,5.0,3.0,4.0,3.0,4.0,4.0,4.0,4.99,5.0,6.01,5.68,5.35,6.01,4.33,5.0,3.33,4.0,5.0,5.84,5.68,4.66,3.66
330,4.0,3.0,4.0,5.0,3.0,4.0,3.0,3.0,3.0,3.0,3.0,4.0,3.0,4.0,3.0,3.0,3.0,3.0,6.0,6.0,5.0,7.0,6.0,6.0,3.0,3.0,3.0,4.0,4.0,5.0,3.67,4.0,3.0,3.33,3.0,3.33,5.67,6.33,3.33,4.0,3.84,3.16,3.16,6.0,3.66
331,3.0,4.0,2.0,3.0,3.0,4.0,2.0,2.0,2.0,2.0,2.0,3.0,4.0,3.0,4.0,4.0,2.0,3.0,5.0,5.0,4.0,6.0,5.0,5.0,4.0,4.0,4.0,4.0,3.0,4.0,2.67,3.67,1.99,2.33,3.31,3.33,4.67,5.33,3.67,4.0,3.17,2.16,3.32,5.0,3.84
332,3.0,4.0,2.0,3.0,2.0,5.0,7.0,7.0,7.0,7.0,4.0,7.0,5.0,5.0,5.0,5.0,4.0,5.0,1.0,1.0,1.0,1.0,1.0,2.0,3.0,3.0,4.0,5.0,3.0,4.0,2.34,4.0,6.01,7.0,4.67,5.01,1.0,1.33,3.33,4.0,3.17,6.5,4.84,1.16,3.66
333,3.0,3.0,2.0,3.0,3.0,2.0,5.0,5.0,6.0,6.0,6.0,5.0,5.0,5.0,5.0,5.0,5.0,5.0,5.0,6.0,5.0,6.0,6.0,6.0,6.0,7.0,6.0,7.0,6.0,7.0,2.67,2.67,5.67,5.34,5.02,5.01,5.33,6.0,6.0,7.0,2.67,5.5,5.01,5.66,6.5
334,2.0,2.0,2.0,3.0,3.0,3.0,1.0,1.0,1.0,1.0,1.0,1.0,4.0,6.0,5.0,6.0,4.0,6.0,2.0,2.0,2.0,2.0,2.0,2.0,1.0,1.0,1.0,1.0,1.0,1.0,2.33,2.66,1.0,1.0,4.35,6.02,2.0,2.0,1.0,1.0,2.5,1.0,5.18,2.0,1.0
335,2.0,3.0,2.0,3.0,3.0,4.0,1.0,1.0,2.0,1.0,2.0,1.0,1.0,1.0,1.0,2.0,1.0,1.0,1.0,1.0,1.0,2.0,1.0,1.0,2.0,3.0,2.0,3.0,2.0,3.0,2.33,3.33,1.66,1.0,1.0,1.32,1.0,1.33,2.0,3.0,2.83,1.33,1.16,1.16,2.5
336,3.0,3.0,3.0,4.0,2.0,2.0,5.0,5.0,5.0,5.0,5.0,5.0,1.0,1.0,1.0,1.0,1.0,1.0,3.0,2.0,2.0,4.0,2.0,3.0,5.0,6.0,4.0,5.0,4.0,4.0,2.67,3.0,5.0,5.01,1.0,1.0,2.33,3.0,4.33,5.0,2.84,5.0,1.0,2.66,4.66
337,1.0,2.0,1.0,1.0,1.0,1.0,4.0,4.0,4.0,5.0,4.0,4.0,5.0,5.0,4.0,5.0,3.0,4.0,5.0,5.0,5.0,5.0,4.0,5.0,3.0,5.0,3.0,5.0,3.0,4.0,1.0,1.34,4.0,4.34,3.99,4.67,4.67,5.0,3.0,4.67,1.17,4.17,4.33,4.84,3.84
338,6.0,7.0,7.0,7.0,7.0,7.0,7.0,7.0,7.0,7.0,7.0,6.0,3.0,4.0,4.0,5.0,3.0,3.0,7.0,7.0,7.0,7.0,7.0,7.0,7.0,7.0,7.0,7.0,6.0,7.0,6.66,7.0,7.0,6.68,3.34,4.0,7.0,7.0,6.67,7.0,6.83,6.84,3.67,7.0,6.84
339,2.0,4.0,3.0,3.0,3.0,4.0,1.0,1.0,1.0,2.0,1.0,1.0,1.0,1.0,1.0,1.0,1.0,1.0,5.0,5.0,4.0,5.0,5.0,4.0,1.0,1.0,1.0,1.0,1.0,1.0,2.66,3.67,1.0,1.32,1.0,1.0,4.67,4.67,1.0,1.0,3.16,1.16,1.0,4.67,1.0
340,6.0,6.0,6.0,7.0,7.0,7.0,5.0,5.0,4.0,4.0,5.0,4.0,6.0,6.0,5.0,6.0,5.0,6.0,6.0,7.0,6.0,7.0,6.0,6.0,2.0,3.0,3.0,3.0,3.0,3.0,6.33,6.67,4.67,4.34,5.35,6.02,6.0,6.67,2.67,3.0,6.5,4.5,5.68,6.34,2.84
341,4.0,5.0,4.0,4.0,4.0,4.0,4.0,3.0,4.0,4.0,4.0,3.0,3.0,4.0,3.0,4.0,2.0,3.0,4.0,4.0,3.0,4.0,4.0,5.0,4.0,4.0,4.0,5.0,3.0,5.0,4.0,4.34,4.0,3.33,2.65,3.66,3.67,4.33,3.67,4.67,4.17,3.66,3.16,4.0,4.17
342,4.0,5.0,4.0,4.0,4.0,3.0,5.0,4.0,5.0,5.0,5.0,5.0,2.0,2.0,2.0,3.0,1.0,1.0,3.0,4.0,4.0,4.0,3.0,4.0,5.0,6.0,5.0,6.0,5.0,6.0,4.0,4.01,5.0,4.67,1.65,1.98,3.33,4.0,5.0,6.0,4.0,4.84,1.82,3.66,5.5
343,3.0,4.0,1.0,1.0,2.0,3.0,3.0,2.0,3.0,3.0,4.0,2.0,4.0,5.0,5.0,6.0,4.0,5.0,6.0,7.0,6.0,6.0,6.0,6.0,3.0,4.0,2.0,2.0,2.0,2.0,2.0,2.67,3.33,2.33,4.35,5.35,6.0,6.33,2.33,2.67,2.34,2.83,4.85,6.16,2.5
344,1.0,1.0,1.0,1.0,1.0,1.0,4.0,5.0,5.0,5.0,6.0,5.0,2.0,2.0,2.0,2.0,1.0,2.0,3.0,5.0,3.0,4.0,5.0,5.0,4.0,6.0,4.0,6.0,4.0,5.0,1.0,1.0,5.0,5.01,1.65,1.99,3.67,4.67,4.0,5.67,1.0,5.0,1.82,4.17,4.84
345,3.0,4.0,3.0,4.0,2.0,2.0,1.0,2.0,3.0,3.0,2.0,2.0,6.0,6.0,5.0,6.0,4.0,5.0,5.0,6.0,5.0,6.0,5.0,6.0,5.0,5.0,5.0,6.0,5.0,6.0,2.67,3.34,1.99,2.33,5.0,5.68,5.0,6.0,5.0,5.67,3.0,2.16,5.34,5.5,5.34
346,2.0,2.0,3.0,4.0,4.0,4.0,6.0,5.0,7.0,6.0,6.0,5.0,7.0,7.0,5.0,7.0,5.0,7.0,7.0,7.0,7.0,7.0,7.0,7.0,3.0,5.0,3.0,5.0,3.0,5.0,2.99,3.33,6.34,5.34,5.67,7.0,7.0,7.0,3.0,5.0,3.16,5.84,6.34,7.0,4.0
347,5.0,5.0,4.0,6.0,5.0,6.0,4.0,4.0,5.0,5.0,5.0,4.0,3.0,3.0,3.0,3.0,2.0,2.0,3.0,3.0,3.0,4.0,3.0,4.0,4.0,5.0,4.0,6.0,4.0,5.0,4.67,5.66,4.67,4.34,2.65,2.66,3.0,3.67,4.0,5.33,5.16,4.5,2.66,3.34,4.66
348,1.0,1.0,1.0,1.0,1.0,1.0,1.0,1.0,1.0,2.0,1.0,1.0,2.0,4.0,2.0,2.0,3.0,2.0,1.0,2.0,1.0,1.0,1.0,1.0,4.0,5.0,4.0,5.0,4.0,6.0,1.0,1.0,1.0,1.32,2.35,2.66,1.0,1.33,4.0,5.33,1.0,1.16,2.5,1.16,4.66
349,7.0,7.0,7.0,7.0,7.0,7.0,3.0,3.0,4.0,3.0,3.0,3.0,5.0,6.0,5.0,6.0,5.0,6.0,3.0,3.0,3.0,5.0,3.0,4.0,3.0,4.0,3.0,4.0,2.0,4.0,7.0,7.0,3.33,3.0,5.02,6.02,3.0,4.0,2.67,4.0,7.0,3.16,5.52,3.5,3.34
350,1.0,1.0,1.0,2.0,2.0,2.0,5.0,5.0,5.0,4.0,5.0,5.0,2.0,2.0,2.0,2.0,2.0,1.0,5.0,5.0,5.0,6.0,6.0,5.0,4.0,5.0,4.0,5.0,3.0,4.0,1.33,1.66,5.0,4.67,2.0,1.65,5.33,5.33,3.67,4.67,1.5,4.84,1.82,5.33,4.17
351,1.0,1.0,1.0,1.0,1.0,1.0,5.0,5.0,5.0,5.0,5.0,5.0,3.0,5.0,4.0,4.0,3.0,3.0,4.0,5.0,4.0,5.0,4.0,5.0,3.0,4.0,3.0,4.0,4.0,5.0,1.0,1.0,5.0,5.01,3.34,4.0,4.0,5.0,3.33,4.33,1.0,5.0,3.67,4.5,3.83
352,4.0,3.0,4.0,5.0,3.0,4.0,4.0,4.0,4.0,4.0,5.0,4.0,2.0,2.0,1.0,1.0,1.0,1.0,2.0,2.0,1.0,2.0,2.0,3.0,2.0,2.0,2.0,2.0,1.0,2.0,3.67,4.0,4.33,4.0,1.31,1.32,1.67,2.33,1.67,2.0,3.84,4.16,1.32,2.0,1.84
353,2.0,2.0,2.0,2.0,1.0,2.0,2.0,1.0,2.0,2.0,2.0,1.0,1.0,1.0,2.0,2.0,1.0,1.0,4.0,5.0,5.0,5.0,4.0,4.0,2.0,2.0,2.0,3.0,3.0,4.0,1.67,2.0,1.99,1.32,1.32,1.32,4.33,4.67,2.33,3.0,1.84,1.66,1.32,4.5,2.66
354,6.0,6.0,6.0,7.0,6.0,6.0,3.0,3.0,4.0,3.0,4.0,4.0,2.0,4.0,2.0,2.0,1.0,2.0,4.0,5.0,4.0,5.0,3.0,4.0,5.0,5.0,4.0,5.0,6.0,6.0,6.0,6.33,3.66,3.33,1.65,2.66,3.67,4.67,5.0,5.33,6.16,3.5,2.16,4.17,5.16
355,1.0,2.0,1.0,1.0,1.0,2.0,5.0,5.0,5.0,5.0,5.0,5.0,4.0,3.0,3.0,4.0,3.0,3.0,5.0,7.0,5.0,5.0,5.0,6.0,2.0,3.0,3.0,4.0,3.0,3.0,1.0,1.67,5.0,5.01,3.33,3.33,5.0,6.0,2.67,3.33,1.34,5.0,3.33,5.5,3.0
356,5.0,5.0,6.0,6.0,5.0,6.0,6.0,6.0,5.0,5.0,6.0,5.0,5.0,5.0,5.0,4.0,4.0,4.0,4.0,5.0,4.0,5.0,5.0,6.0,5.0,6.0,6.0,6.0,5.0,6.0,5.34,5.66,5.67,5.34,4.67,4.34,4.33,5.33,5.33,6.0,5.5,5.5,4.5,4.83,5.66
357,1.0,2.0,2.0,2.0,2.0,2.0,4.0,4.0,4.0,4.0,5.0,4.0,1.0,2.0,2.0,2.0,1.0,1.0,3.0,4.0,4.0,4.0,2.0,3.0,4.0,4.0,4.0,5.0,4.0,4.0,1.66,2.0,4.33,4.0,1.32,1.65,3.0,3.67,4.0,4.33,1.83,4.16,1.48,3.34,4.16
358,6.0,6.0,6.0,5.0,5.0,6.0,2.0,1.0,3.0,3.0,3.0,3.0,1.0,1.0,2.0,2.0,1.0,1.0,2.0,3.0,2.0,2.0,3.0,3.0,1.0,2.0,1.0,2.0,1.0,2.0,5.67,5.67,2.66,2.33,1.32,1.32,2.33,2.67,1.0,2.0,5.67,2.5,1.32,2.5,1.5
359,3.0,3.0,3.0,5.0,4.0,5.0,7.0,7.0,7.0,7.0,7.0,7.0,3.0,4.0,3.0,4.0,3.0,3.0,3.0,4.0,4.0,4.0,4.0,4.0,7.0,7.0,7.0,7.0,7.0,7.0,3.33,4.33,7.0,7.0,3.0,3.66,3.67,4.0,7.0,7.0,3.83,7.0,3.33,3.84,7.0
360,4.0,5.0,6.0,5.0,4.0,5.0,4.0,4.0,4.0,4.0,4.0,4.0,3.0,4.0,3.0,4.0,3.0,4.0,6.0,7.0,6.0,6.0,6.0,7.0,4.0,4.0,2.0,4.0,4.0,5.0,4.67,5.0,4.0,4.0,3.0,4.01,6.0,6.67,3.33,4.33,4.84,4.0,3.5,6.34,3.83
361,1.0,2.0,1.0,1.0,2.0,1.0,5.0,5.0,6.0,6.0,6.0,6.0,5.0,5.0,5.0,6.0,4.0,4.0,4.0,3.0,4.0,3.0,3.0,5.0,2.0,2.0,2.0,4.0,3.0,4.0,1.33,1.34,5.67,5.68,4.67,5.0,3.67,3.67,2.33,3.33,1.34,5.68,4.84,3.67,2.83
362,2.0,3.0,3.0,4.0,4.0,5.0,3.0,3.0,3.0,3.0,2.0,3.0,1.0,2.0,1.0,2.0,1.0,2.0,4.0,4.0,3.0,4.0,3.0,4.0,4.0,4.0,4.0,5.0,4.0,5.0,2.99,3.99,2.66,3.0,1.0,1.99,3.33,4.0,4.0,4.67,3.49,2.83,1.5,3.66,4.34
363,2.0,2.0,3.0,3.0,2.0,3.0,6.0,6.0,6.0,6.0,7.0,6.0,4.0,5.0,3.0,4.0,4.0,4.0,5.0,5.0,4.0,4.0,4.0,4.0,6.0,7.0,6.0,6.0,6.0,7.0,2.33,2.66,6.34,6.01,3.68,4.34,4.33,4.33,6.0,6.67,2.5,6.18,4.01,4.33,6.34
364,3.0,5.0,4.0,3.0,4.0,4.0,2.0,1.0,1.0,1.0,1.0,1.0,2.0,4.0,2.0,4.0,2.0,2.0,4.0,5.0,4.0,4.0,4.0,5.0,4.0,4.0,3.0,3.0,3.0,4.0,3.66,4.0,1.32,1.0,2.0,3.32,4.0,4.67,3.33,3.67,3.83,1.16,2.66,4.34,3.5
365,7.0,7.0,7.0,7.0,7.0,7.0,2.0,2.0,3.0,2.0,1.0,1.0,2.0,3.0,2.0,4.0,3.0,3.0,3.0,3.0,3.0,4.0,4.0,5.0,2.0,2.0,1.0,2.0,2.0,2.0,7.0,7.0,1.99,1.66,2.35,3.33,3.33,4.0,1.67,2.0,7.0,1.82,2.84,3.66,1.84
366,4.0,5.0,4.0,5.0,4.0,5.0,3.0,2.0,2.0,2.0,3.0,3.0,3.0,5.0,3.0,3.0,3.0,4.0,4.0,5.0,3.0,4.0,4.0,5.0,2.0,2.0,1.0,2.0,1.0,3.0,4.0,5.0,2.66,2.33,3.0,4.01,3.67,4.67,1.33,2.33,4.5,2.5,3.5,4.17,1.83
367,6.0,6.0,7.0,7.0,6.0,5.0,6.0,5.0,5.0,6.0,5.0,5.0,2.0,2.0,3.0,4.0,1.0,2.0,4.0,4.0,3.0,4.0,4.0,5.0,6.0,7.0,6.0,6.0,7.0,7.0,6.34,6.0,5.34,5.34,1.98,2.66,3.67,4.33,6.33,6.67,6.17,5.34,2.32,4.0,6.5
368,3.0,3.0,3.0,4.0,4.0,4.0,2.0,1.0,1.0,1.0,1.0,1.0,3.0,3.0,3.0,4.0,2.0,3.0,7.0,6.0,6.0,6.0,6.0,6.0,2.0,3.0,3.0,4.0,3.0,4.0,3.33,3.66,1.32,1.0,2.65,3.33,6.33,6.0,2.67,3.67,3.5,1.16,2.99,6.16,3.17
369,1.0,1.0,1.0,2.0,1.0,1.0,3.0,3.0,3.0,3.0,3.0,3.0,4.0,5.0,3.0,2.0,2.0,2.0,4.0,4.0,3.0,3.0,3.0,3.0,4.0,6.0,5.0,6.0,5.0,6.0,1.0,1.33,3.0,3.0,2.98,2.99,3.33,3.33,4.67,6.0,1.16,3.0,2.99,3.33,5.34
370,3.0,3.0,3.0,4.0,4.0,4.0,6.0,5.0,6.0,6.0,6.0,5.0,7.0,7.0,6.0,6.0,5.0,5.0,5.0,7.0,6.0,7.0,7.0,6.0,4.0,5.0,4.0,5.0,5.0,6.0,3.33,3.66,6.01,5.34,6.01,6.01,6.0,6.67,4.33,5.33,3.5,5.68,6.01,6.34,4.83
371,3.0,2.0,1.0,2.0,1.0,3.0,5.0,5.0,6.0,6.0,6.0,6.0,3.0,3.0,3.0,3.0,2.0,2.0,2.0,2.0,2.0,3.0,2.0,2.0,6.0,7.0,6.0,6.0,5.0,6.0,1.67,2.33,5.67,5.68,2.65,2.66,2.0,2.33,5.67,6.33,2.0,5.68,2.66,2.16,6.0
372,2.0,3.0,3.0,3.0,2.0,3.0,1.0,2.0,1.0,2.0,1.0,1.0,1.0,2.0,1.0,2.0,2.0,2.0,1.0,1.0,1.0,1.0,1.0,1.0,1.0,1.0,1.0,1.0,1.0,1.0,2.33,3.0,1.0,1.66,1.34,1.99,1.0,1.0,1.0,1.0,2.66,1.33,1.66,1.0,1.0
373,1.0,1.0,1.0,1.0,1.0,1.0,6.0,6.0,6.0,6.0,6.0,5.0,4.0,4.0,3.0,4.0,3.0,4.0,5.0,6.0,4.0,4.0,4.0,5.0,5.0,6.0,5.0,6.0,6.0,7.0,1.0,1.0,6.01,5.68,3.33,4.01,4.33,5.0,5.33,6.33,1.0,5.84,3.67,4.66,5.83
374,2.0,3.0,2.0,3.0,2.0,2.0,3.0,2.0,3.0,3.0,2.0,2.0,1.0,1.0,1.0,1.0,1.0,1.0,1.0,2.0,1.0,1.0,1.0,1.0,1.0,1.0,1.0,1.0,1.0,1.0,2.0,2.67,2.66,2.33,1.0,1.0,1.0,1.33,1.0,1.0,2.34,2.5,1.0,1.16,1.0
375,5.0,5.0,2.0,4.0,4.0,5.0,6.0,5.0,6.0,6.0,6.0,6.0,5.0,6.0,4.0,5.0,5.0,4.0,4.0,5.0,5.0,5.0,4.0,5.0,6.0,7.0,5.0,7.0,6.0,6.0,3.67,4.67,6.01,5.68,4.69,5.0,4.33,5.0,5.67,6.67,4.17,5.84,4.85,4.66,6.17
376,2.0,2.0,2.0,2.0,2.0,3.0,6.0,5.0,6.0,6.0,6.0,5.0,3.0,4.0,2.0,4.0,2.0,3.0,6.0,7.0,7.0,7.0,7.0,7.0,4.0,4.0,3.0,5.0,4.0,5.0,2.0,2.33,6.01,5.34,2.32,3.66,6.67,7.0,3.67,4.67,2.16,5.68,2.99,6.84,4.17
377,4.0,4.0,5.0,5.0,4.0,6.0,3.0,3.0,4.0,4.0,4.0,4.0,4.0,5.0,3.0,5.0,3.0,3.0,5.0,6.0,5.0,5.0,5.0,6.0,3.0,5.0,4.0,5.0,4.0,4.0,4.33,5.0,3.66,3.67,3.33,4.33,5.0,5.67,3.67,4.67,4.66,3.66,3.83,5.34,4.17
378,4.0,5.0,3.0,3.0,4.0,6.0,4.0,3.0,4.0,4.0,4.0,4.0,7.0,7.0,7.0,7.0,6.0,6.0,2.0,2.0,2.0,3.0,1.0,3.0,3.0,4.0,4.0,5.0,4.0,5.0,3.67,4.66,4.0,3.67,6.69,6.69,1.67,2.67,3.67,4.67,4.16,3.84,6.69,2.17,4.17
379,1.0,1.0,1.0,1.0,1.0,2.0,3.0,2.0,4.0,3.0,3.0,3.0,2.0,3.0,2.0,2.0,1.0,2.0,5.0,6.0,5.0,6.0,6.0,6.0,2.0,3.0,2.0,3.0,2.0,3.0,1.0,1.33,3.33,2.66,1.65,2.32,5.33,6.0,2.0,3.0,1.16,3.0,1.98,5.66,2.5
380,2.0,2.0,1.0,3.0,2.0,3.0,2.0,2.0,4.0,2.0,3.0,2.0,3.0,3.0,3.0,3.0,2.0,3.0,3.0,3.0,2.0,2.0,2.0,3.0,4.0,5.0,4.0,4.0,3.0,4.0,1.67,2.66,3.0,1.99,2.65,3.0,2.33,2.67,3.67,4.33,2.16,2.5,2.82,2.5,4.0
381,2.0,3.0,2.0,2.0,2.0,3.0,4.0,4.0,5.0,5.0,4.0,5.0,3.0,4.0,3.0,4.0,2.0,3.0,5.0,6.0,4.0,5.0,5.0,5.0,1.0,2.0,1.0,2.0,3.0,1.0,2.0,2.67,4.34,4.67,2.65,3.66,4.67,5.33,1.66,1.67,2.34,4.5,3.16,5.0,1.66
382,1.0,2.0,1.0,2.0,2.0,1.0,4.0,5.0,6.0,5.0,5.0,5.0,5.0,6.0,5.0,5.0,5.0,5.0,4.0,4.0,3.0,3.0,3.0,4.0,6.0,6.0,5.0,7.0,6.0,6.0,1.33,1.67,5.0,5.01,5.02,5.35,3.33,3.67,5.67,6.33,1.5,5.0,5.18,3.5,6.0
383,5.0,6.0,6.0,6.0,6.0,6.0,4.0,4.0,4.0,4.0,4.0,4.0,3.0,3.0,3.0,2.0,2.0,2.0,5.0,5.0,5.0,6.0,4.0,5.0,2.0,3.0,2.0,3.0,2.0,3.0,5.66,6.0,4.0,4.0,2.65,2.32,4.67,5.33,2.0,3.0,5.83,4.0,2.48,5.0,2.5
384,2.0,4.0,4.0,4.0,5.0,5.0,5.0,5.0,5.0,5.0,5.0,4.0,1.0,2.0,1.0,1.0,1.0,1.0,5.0,6.0,5.0,5.0,5.0,5.0,4.0,5.0,4.0,5.0,5.0,4.0,3.65,4.33,5.0,4.67,1.0,1.32,5.0,5.33,4.33,4.67,3.99,4.84,1.16,5.16,4.5
385,2.0,3.0,1.0,1.0,1.0,1.0,5.0,4.0,6.0,5.0,6.0,5.0,7.0,7.0,7.0,7.0,7.0,7.0,7.0,7.0,7.0,7.0,7.0,7.0,5.0,6.0,5.0,6.0,6.0,7.0,1.34,1.67,5.67,4.67,7.0,7.0,7.0,7.0,5.33,6.33,1.5,5.17,7.0,7.0,5.83
386,7.0,7.0,6.0,7.0,7.0,7.0,6.0,6.0,7.0,6.0,7.0,6.0,2.0,4.0,2.0,3.0,2.0,2.0,7.0,7.0,7.0,7.0,6.0,7.0,4.0,4.0,3.0,4.0,3.0,5.0,6.67,7.0,6.68,6.01,2.0,2.99,6.67,7.0,3.33,4.33,6.84,6.34,2.5,6.84,3.83
387,2.0,2.0,2.0,3.0,2.0,2.0,6.0,6.0,6.0,6.0,7.0,6.0,4.0,4.0,3.0,5.0,2.0,4.0,7.0,7.0,7.0,7.0,7.0,7.0,4.0,5.0,3.0,4.0,3.0,4.0,2.0,2.33,6.34,6.01,2.98,4.34,7.0,7.0,3.33,4.33,2.16,6.18,3.66,7.0,3.83
388,2.0,2.0,2.0,2.0,3.0,3.0,3.0,3.0,4.0,3.0,3.0,4.0,3.0,4.0,4.0,4.0,3.0,4.0,4.0,6.0,4.0,5.0,5.0,5.0,4.0,4.0,5.0,5.0,4.0,4.0,2.33,2.33,3.33,3.33,3.34,4.01,4.33,5.33,4.33,4.33,2.33,3.33,3.68,4.83,4.33
389,1.0,1.0,1.0,1.0,1.0,2.0,2.0,3.0,2.0,2.0,4.0,3.0,3.0,3.0,3.0,3.0,2.0,2.0,1.0,1.0,1.0,1.0,1.0,1.0,2.0,4.0,3.0,3.0,3.0,3.0,1.0,1.33,2.66,2.66,2.65,2.66,1.0,1.0,2.67,3.33,1.16,2.66,2.66,1.0,3.0
390,2.0,3.0,1.0,2.0,2.0,2.0,1.0,2.0,2.0,1.0,1.0,1.0,2.0,3.0,3.0,3.0,2.0,2.0,3.0,3.0,3.0,3.0,3.0,4.0,1.0,2.0,1.0,1.0,1.0,1.0,1.67,2.34,1.32,1.32,2.33,2.66,3.0,3.33,1.0,1.33,2.0,1.32,2.5,3.16,1.16
391,1.0,1.0,1.0,1.0,1.0,1.0,5.0,4.0,4.0,4.0,4.0,3.0,1.0,2.0,2.0,2.0,1.0,1.0,4.0,4.0,3.0,3.0,4.0,4.0,4.0,5.0,4.0,5.0,3.0,5.0,1.0,1.0,4.34,3.67,1.32,1.65,3.67,3.67,3.67,5.0,1.0,4.0,1.48,3.67,4.34
392,6.0,7.0,5.0,5.0,4.0,6.0,3.0,4.0,4.0,3.0,3.0,3.0,2.0,1.0,1.0,2.0,1.0,1.0,5.0,5.0,4.0,6.0,5.0,6.0,4.0,5.0,5.0,6.0,5.0,6.0,5.01,6.0,3.33,3.33,1.31,1.32,4.67,5.67,4.67,5.67,5.5,3.33,1.32,5.17,5.17
393,6.0,6.0,5.0,6.0,5.0,6.0,6.0,4.0,6.0,6.0,6.0,5.0,1.0,2.0,2.0,2.0,1.0,1.0,4.0,4.0,4.0,4.0,4.0,4.0,3.0,4.0,4.0,4.0,4.0,5.0,5.34,6.0,6.01,5.01,1.32,1.65,4.0,4.0,3.67,4.33,5.67,5.51,1.48,4.0,4.0
394,1.0,1.0,1.0,1.0,2.0,2.0,4.0,4.0,4.0,4.0,4.0,4.0,2.0,3.0,3.0,3.0,1.0,2.0,2.0,2.0,2.0,2.0,3.0,3.0,1.0,3.0,1.0,2.0,1.0,1.0,1.33,1.33,4.0,4.0,1.98,2.66,2.33,2.33,1.0,2.0,1.33,4.0,2.32,2.33,1.5
395,3.0,2.0,4.0,4.0,2.0,3.0,4.0,3.0,5.0,4.0,4.0,4.0,5.0,5.0,4.0,4.0,4.0,6.0,3.0,3.0,2.0,4.0,3.0,5.0,1.0,3.0,2.0,2.0,2.0,2.0,3.01,3.0,4.34,3.67,4.34,5.02,2.67,4.0,1.67,2.33,3.0,4.0,4.68,3.34,2.0
396,2.0,3.0,1.0,2.0,1.0,2.0,6.0,6.0,7.0,6.0,7.0,6.0,2.0,4.0,2.0,3.0,2.0,2.0,6.0,7.0,7.0,7.0,6.0,7.0,4.0,4.0,4.0,5.0,4.0,5.0,1.34,2.34,6.68,6.01,2.0,2.99,6.33,7.0,4.0,4.67,1.84,6.34,2.5,6.66,4.34
397,6.0,6.0,7.0,7.0,6.0,6.0,3.0,2.0,3.0,3.0,3.0,2.0,3.0,3.0,3.0,2.0,2.0,2.0,5.0,5.0,4.0,5.0,3.0,5.0,4.0,4.0,3.0,4.0,3.0,5.0,6.34,6.33,3.0,2.33,2.65,2.32,4.0,5.0,3.33,4.33,6.34,2.66,2.48,4.5,3.83
398,1.0,1.0,1.0,1.0,1.0,1.0,6.0,6.0,7.0,7.0,7.0,6.0,2.0,3.0,1.0,2.0,2.0,2.0,1.0,2.0,2.0,2.0,2.0,2.0,7.0,7.0,7.0,7.0,7.0,7.0,1.0,1.0,6.68,6.35,1.66,2.32,1.67,2.0,7.0,7.0,1.0,6.52,1.99,1.84,7.0
399,3.0,4.0,2.0,2.0,2.0,2.0,5.0,5.0,5.0,6.0,6.0,6.0,4.0,5.0,4.0,4.0,4.0,5.0,3.0,4.0,3.0,3.0,4.0,4.0,3.0,4.0,3.0,4.0,3.0,4.0,2.34,2.67,5.34,5.68,4.01,4.68,3.33,3.67,3.0,4.0,2.5,5.51,4.34,3.5,3.5
400,3.0,2.0,2.0,2.0,2.0,2.0,2.0,2.0,3.0,3.0,3.0,2.0,1.0,1.0,1.0,2.0,1.0,1.0,2.0,2.0,1.0,3.0,2.0,3.0,1.0,1.0,1.0,1.0,1.0,1.0,2.34,2.0,2.66,2.33,1.0,1.32,1.67,2.67,1.0,1.0,2.17,2.5,1.16,2.17,1.0
401,6.0,6.0,6.0,7.0,3.0,7.0,7.0,7.0,7.0,7.0,7.0,7.0,5.0,6.0,6.0,6.0,5.0,5.0,4.0,6.0,5.0,6.0,5.0,6.0,7.0,7.0,7.0,7.0,7.0,7.0,5.01,6.67,7.0,7.0,5.35,5.68,4.67,6.0,7.0,7.0,5.84,7.0,5.52,5.34,7.0
402,5.0,5.0,6.0,6.0,5.0,6.0,4.0,4.0,5.0,4.0,4.0,5.0,2.0,2.0,1.0,3.0,2.0,3.0,4.0,5.0,4.0,5.0,5.0,6.0,3.0,4.0,3.0,4.0,2.0,4.0,5.34,5.66,4.34,4.34,1.66,2.67,4.33,5.33,2.67,4.0,5.5,4.34,2.16,4.83,3.34
403,4.0,4.0,3.0,3.0,4.0,4.0,3.0,3.0,4.0,4.0,3.0,3.0,6.0,6.0,6.0,5.0,5.0,6.0,7.0,7.0,7.0,7.0,7.0,7.0,6.0,7.0,6.0,7.0,6.0,7.0,3.67,3.67,3.33,3.33,5.68,5.69,7.0,7.0,6.0,7.0,3.67,3.33,5.68,7.0,6.5
404,1.0,1.0,1.0,1.0,1.0,1.0,2.0,1.0,2.0,2.0,2.0,2.0,4.0,3.0,2.0,3.0,2.0,2.0,2.0,2.0,2.0,2.0,2.0,3.0,1.0,2.0,1.0,1.0,1.0,2.0,1.0,1.0,1.99,1.66,2.65,2.66,2.0,2.33,1.0,1.67,1.0,1.82,2.66,2.16,1.34
405,1.0,1.0,1.0,1.0,1.0,1.0,4.0,4.0,5.0,5.0,5.0,4.0,5.0,5.0,4.0,5.0,5.0,5.0,6.0,6.0,6.0,6.0,5.0,6.0,4.0,5.0,4.0,5.0,4.0,5.0,1.0,1.0,4.67,4.34,4.69,5.01,5.67,6.0,4.0,5.0,1.0,4.5,4.85,5.84,4.5
406,3.0,7.0,7.0,7.0,7.0,7.0,6.0,6.0,6.0,6.0,6.0,6.0,6.0,6.0,6.0,6.0,6.0,5.0,7.0,7.0,7.0,7.0,7.0,7.0,5.0,5.0,3.0,4.0,3.0,4.0,5.65,7.0,6.01,6.01,6.03,5.68,7.0,7.0,3.67,4.33,6.32,6.01,5.86,7.0,4.0
407,3.0,4.0,4.0,4.0,4.0,4.0,5.0,4.0,5.0,5.0,6.0,5.0,3.0,4.0,3.0,3.0,3.0,3.0,6.0,7.0,6.0,6.0,6.0,6.0,3.0,4.0,4.0,4.0,3.0,5.0,3.66,4.0,5.34,4.67,3.0,3.33,6.0,6.33,3.33,4.33,3.83,5.0,3.16,6.16,3.83
408,5.0,6.0,5.0,6.0,5.0,5.0,4.0,3.0,4.0,3.0,4.0,2.0,4.0,5.0,4.0,4.0,5.0,4.0,2.0,3.0,3.0,4.0,2.0,2.0,1.0,1.0,1.0,2.0,1.0,2.0,5.0,5.67,4.0,2.66,4.36,4.34,2.33,3.0,1.0,1.67,5.34,3.33,4.35,2.66,1.34
409,1.0,1.0,1.0,1.0,1.0,1.0,2.0,2.0,2.0,2.0,2.0,2.0,3.0,4.0,3.0,3.0,2.0,4.0,2.0,2.0,3.0,4.0,3.0,3.0,3.0,3.0,2.0,3.0,2.0,4.0,1.0,1.0,1.99,1.99,2.65,3.67,2.67,3.0,2.33,3.33,1.0,1.99,3.16,2.84,2.83
410,2.0,2.0,1.0,2.0,2.0,2.0,4.0,5.0,5.0,5.0,6.0,5.0,3.0,5.0,2.0,4.0,3.0,3.0,6.0,7.0,6.0,6.0,5.0,7.0,3.0,4.0,4.0,5.0,3.0,4.0,1.67,2.0,5.0,5.01,2.67,4.0,5.67,6.67,3.33,4.33,1.84,5.0,3.34,6.17,3.83
411,1.0,1.0,1.0,2.0,1.0,1.0,5.0,6.0,6.0,6.0,6.0,6.0,1.0,2.0,1.0,2.0,1.0,2.0,3.0,4.0,3.0,4.0,3.0,3.0,1.0,1.0,1.0,1.0,1.0,2.0,1.0,1.33,5.67,6.01,1.0,1.99,3.0,3.67,1.0,1.33,1.16,5.84,1.5,3.34,1.16
412,5.0,4.0,4.0,4.0,4.0,4.0,6.0,6.0,6.0,5.0,6.0,5.0,3.0,4.0,3.0,4.0,3.0,4.0,4.0,5.0,6.0,5.0,5.0,5.0,5.0,6.0,5.0,6.0,5.0,6.0,4.34,4.0,6.01,5.34,3.0,4.01,5.0,5.0,5.0,6.0,4.17,5.68,3.5,5.0,5.5
413,1.0,1.0,1.0,2.0,1.0,1.0,2.0,2.0,3.0,3.0,3.0,3.0,3.0,3.0,2.0,4.0,2.0,4.0,3.0,3.0,3.0,4.0,4.0,4.0,2.0,3.0,3.0,3.0,2.0,3.0,1.0,1.33,2.66,2.66,2.32,3.67,3.33,3.67,2.33,3.0,1.16,2.66,3.0,3.5,2.66
414,6.0,5.0,5.0,5.0,5.0,5.0,4.0,4.0,5.0,5.0,6.0,5.0,1.0,2.0,2.0,1.0,1.0,1.0,5.0,6.0,5.0,6.0,6.0,6.0,4.0,5.0,4.0,4.0,4.0,5.0,5.34,5.0,5.0,4.67,1.32,1.32,5.33,6.0,4.0,4.67,5.17,4.84,1.32,5.66,4.34
415,2.0,2.0,3.0,2.0,3.0,3.0,4.0,3.0,4.0,4.0,5.0,4.0,7.0,7.0,6.0,6.0,5.0,7.0,7.0,7.0,6.0,7.0,7.0,7.0,7.0,7.0,7.0,7.0,7.0,7.0,2.66,2.33,4.33,3.67,6.01,6.7,6.67,7.0,7.0,7.0,2.5,4.0,6.36,6.84,7.0
416,4.0,5.0,4.0,4.0,3.0,3.0,4.0,5.0,6.0,6.0,5.0,5.0,4.0,5.0,5.0,5.0,4.0,5.0,3.0,3.0,3.0,3.0,3.0,3.0,3.0,4.0,3.0,3.0,2.0,3.0,3.67,4.01,5.0,5.34,4.35,5.01,3.0,3.0,2.67,3.33,3.84,5.17,4.68,3.0,3.0
417,2.0,2.0,2.0,3.0,2.0,2.0,4.0,4.0,5.0,4.0,4.0,4.0,1.0,2.0,1.0,1.0,1.0,1.0,3.0,3.0,4.0,4.0,4.0,4.0,4.0,4.0,2.0,4.0,3.0,4.0,2.0,2.33,4.34,4.0,1.0,1.32,3.67,3.67,3.0,4.0,2.16,4.17,1.16,3.67,3.5
418,1.0,2.0,2.0,2.0,2.0,2.0,5.0,4.0,5.0,4.0,5.0,4.0,5.0,6.0,5.0,5.0,4.0,5.0,1.0,2.0,1.0,2.0,2.0,3.0,2.0,3.0,3.0,4.0,4.0,4.0,1.66,2.0,5.0,4.0,4.67,5.35,1.33,2.33,3.0,3.67,1.83,4.5,5.01,1.83,3.34
419,2.0,2.0,1.0,1.0,1.0,2.0,5.0,6.0,6.0,6.0,5.0,5.0,1.0,2.0,2.0,2.0,1.0,1.0,3.0,4.0,3.0,4.0,2.0,3.0,3.0,3.0,3.0,3.0,3.0,3.0,1.34,1.67,5.34,5.68,1.32,1.65,2.67,3.67,3.0,3.0,1.5,5.51,1.48,3.17,3.0
420,5.0,4.0,4.0,4.0,5.0,6.0,4.0,4.0,4.0,4.0,5.0,4.0,2.0,2.0,3.0,3.0,2.0,2.0,5.0,6.0,6.0,6.0,6.0,7.0,1.0,2.0,2.0,2.0,2.0,2.0,4.67,4.66,4.33,4.0,2.33,2.32,5.67,6.33,1.67,2.0,4.66,4.16,2.33,6.0,1.84
421,2.0,2.0,2.0,3.0,2.0,2.0,3.0,3.0,3.0,3.0,4.0,3.0,3.0,4.0,3.0,3.0,3.0,2.0,2.0,3.0,2.0,3.0,3.0,4.0,4.0,4.0,4.0,5.0,4.0,6.0,2.0,2.33,3.33,3.0,3.0,2.99,2.33,3.33,4.0,5.0,2.16,3.16,3.0,2.83,4.5
422,2.0,1.0,1.0,1.0,2.0,2.0,2.0,1.0,3.0,3.0,3.0,2.0,2.0,1.0,1.0,1.0,1.0,1.0,2.0,2.0,2.0,3.0,2.0,2.0,1.0,2.0,2.0,2.0,2.0,2.0,1.67,1.33,2.66,1.99,1.31,1.0,2.0,2.33,1.67,2.0,1.5,2.33,1.16,2.16,1.84
423,5.0,5.0,4.0,4.0,4.0,4.0,3.0,3.0,3.0,2.0,2.0,2.0,1.0,2.0,1.0,1.0,1.0,1.0,3.0,4.0,3.0,3.0,4.0,2.0,2.0,4.0,3.0,3.0,3.0,3.0,4.34,4.34,2.66,2.33,1.0,1.32,3.33,3.0,2.67,3.33,4.34,2.5,1.16,3.16,3.0
424,2.0,2.0,2.0,2.0,2.0,2.0,5.0,4.0,5.0,5.0,5.0,4.0,2.0,2.0,2.0,2.0,1.0,2.0,3.0,3.0,3.0,3.0,3.0,3.0,3.0,4.0,4.0,5.0,4.0,4.0,2.0,2.0,5.0,4.34,1.65,1.99,3.0,3.0,3.67,4.33,2.0,4.67,1.82,3.0,4.0
425,2.0,2.0,2.0,2.0,1.0,2.0,7.0,7.0,7.0,7.0,7.0,7.0,1.0,2.0,1.0,1.0,1.0,1.0,5.0,5.0,6.0,6.0,5.0,6.0,5.0,6.0,5.0,4.0,5.0,6.0,1.67,2.0,7.0,7.0,1.0,1.32,5.33,5.67,5.0,5.33,1.84,7.0,1.16,5.5,5.16
426,7.0,7.0,7.0,7.0,7.0,7.0,4.0,4.0,5.0,5.0,5.0,4.0,4.0,5.0,4.0,5.0,3.0,4.0,7.0,7.0,6.0,6.0,6.0,7.0,3.0,2.0,2.0,3.0,2.0,2.0,7.0,7.0,4.67,4.34,3.66,4.67,6.33,6.67,2.33,2.33,7.0,4.5,4.16,6.5,2.33
427,5.0,4.0,4.0,4.0,4.0,4.0,2.0,2.0,2.0,2.0,3.0,2.0,4.0,5.0,3.0,3.0,4.0,5.0,4.0,4.0,4.0,4.0,4.0,4.0,5.0,5.0,5.0,6.0,5.0,6.0,4.34,4.0,2.32,1.99,3.68,4.35,4.0,4.0,5.0,5.67,4.17,2.15,4.01,4.0,5.34
428,1.0,1.0,1.0,1.0,1.0,1.0,4.0,4.0,4.0,3.0,4.0,3.0,2.0,2.0,2.0,3.0,1.0,2.0,5.0,5.0,5.0,5.0,4.0,6.0,4.0,4.0,3.0,4.0,3.0,4.0,1.0,1.0,4.0,3.33,1.65,2.32,4.67,5.33,3.33,4.0,1.0,3.66,1.98,5.0,3.66
429,4.0,4.0,5.0,5.0,4.0,6.0,5.0,5.0,5.0,4.0,4.0,4.0,3.0,4.0,3.0,5.0,2.0,3.0,4.0,4.0,3.0,4.0,3.0,4.0,3.0,3.0,3.0,5.0,3.0,4.0,4.33,5.0,4.67,4.34,2.65,4.0,3.33,4.0,3.0,4.0,4.66,4.5,3.32,3.66,3.5
430,2.0,1.0,1.0,2.0,2.0,2.0,6.0,6.0,6.0,7.0,7.0,7.0,7.0,7.0,6.0,7.0,7.0,7.0,6.0,6.0,6.0,6.0,6.0,7.0,4.0,5.0,4.0,5.0,4.0,6.0,1.67,1.66,6.34,6.68,6.71,7.0,6.0,6.33,4.0,5.33,1.66,6.51,6.86,6.16,4.66
431,2.0,3.0,2.0,2.0,2.0,2.0,3.0,3.0,4.0,4.0,3.0,3.0,1.0,1.0,1.0,2.0,1.0,1.0,2.0,3.0,3.0,4.0,2.0,3.0,3.0,5.0,3.0,4.0,3.0,5.0,2.0,2.34,3.33,3.33,1.0,1.32,2.33,3.33,3.0,4.67,2.17,3.33,1.16,2.83,3.84
432,1.0,2.0,2.0,2.0,2.0,2.0,6.0,4.0,5.0,6.0,6.0,6.0,2.0,2.0,2.0,3.0,1.0,1.0,5.0,6.0,5.0,6.0,6.0,6.0,6.0,7.0,6.0,7.0,7.0,7.0,1.66,2.0,5.67,5.34,1.65,1.98,5.33,6.0,6.33,7.0,1.83,5.5,1.82,5.66,6.66
433,2.0,3.0,3.0,2.0,1.0,2.0,5.0,5.0,6.0,5.0,5.0,4.0,2.0,3.0,3.0,3.0,2.0,3.0,6.0,6.0,6.0,7.0,6.0,6.0,2.0,3.0,3.0,3.0,3.0,3.0,2.01,2.34,5.34,4.67,2.33,3.0,6.0,6.33,2.67,3.0,2.17,5.0,2.66,6.16,2.84
434,3.0,4.0,4.0,4.0,5.0,5.0,6.0,5.0,7.0,6.0,6.0,6.0,2.0,3.0,2.0,4.0,2.0,3.0,6.0,7.0,6.0,7.0,6.0,7.0,4.0,6.0,4.0,5.0,5.0,6.0,3.99,4.33,6.34,5.68,2.0,3.33,6.0,7.0,4.33,5.67,4.16,6.01,2.66,6.5,5.0
435,2.0,2.0,1.0,2.0,1.0,2.0,5.0,5.0,6.0,5.0,6.0,5.0,4.0,5.0,3.0,3.0,3.0,3.0,5.0,6.0,4.0,6.0,5.0,5.0,2.0,4.0,3.0,3.0,3.0,4.0,1.34,2.0,5.67,5.01,3.33,3.66,4.67,5.67,2.67,3.67,1.67,5.34,3.5,5.17,3.17
436,2.0,3.0,2.0,4.0,4.0,3.0,4.0,3.0,4.0,5.0,4.0,4.0,1.0,1.0,1.0,1.0,1.0,1.0,3.0,4.0,3.0,4.0,3.0,4.0,2.0,2.0,2.0,3.0,2.0,3.0,2.66,3.33,4.0,4.0,1.0,1.0,3.0,4.0,2.0,2.67,3.0,4.0,1.0,3.5,2.34
437,5.0,5.0,5.0,5.0,5.0,5.0,7.0,6.0,6.0,6.0,6.0,6.0,7.0,7.0,7.0,7.0,7.0,7.0,6.0,7.0,5.0,6.0,6.0,7.0,5.0,6.0,5.0,5.0,6.0,6.0,5.0,5.0,6.35,6.01,7.0,7.0,5.67,6.67,5.33,5.67,5.0,6.18,7.0,6.17,5.5
438,7.0,6.0,5.0,6.0,5.0,6.0,4.0,4.0,6.0,4.0,5.0,4.0,4.0,5.0,4.0,4.0,4.0,4.0,2.0,3.0,2.0,4.0,1.0,2.0,3.0,5.0,4.0,5.0,5.0,6.0,5.68,6.0,5.0,4.0,4.01,4.34,1.67,3.0,4.0,5.33,5.84,4.5,4.18,2.34,4.66
439,1.0,1.0,1.0,1.0,1.0,1.0,1.0,1.0,1.0,1.0,1.0,1.0,1.0,1.0,1.0,1.0,1.0,1.0,2.0,3.0,1.0,2.0,2.0,3.0,1.0,1.0,1.0,1.0,1.0,1.0,1.0,1.0,1.0,1.0,1.0,1.0,1.67,2.67,1.0,1.0,1.0,1.0,1.0,2.17,1.0
440,7.0,7.0,7.0,7.0,7.0,7.0,4.0,3.0,5.0,4.0,4.0,4.0,3.0,3.0,2.0,3.0,3.0,4.0,5.0,6.0,5.0,5.0,5.0,5.0,5.0,5.0,5.0,5.0,5.0,6.0,7.0,7.0,4.34,3.67,2.67,3.34,5.0,5.33,5.0,5.33,7.0,4.0,3.0,5.16,5.16
441,3.0,2.0,2.0,3.0,3.0,3.0,5.0,4.0,5.0,4.0,5.0,4.0,3.0,3.0,2.0,2.0,2.0,2.0,2.0,3.0,2.0,2.0,1.0,2.0,5.0,5.0,3.0,5.0,4.0,5.0,2.67,2.66,5.0,4.0,2.32,2.32,1.67,2.33,4.0,5.0,2.66,4.5,2.32,2.0,4.5
442,1.0,1.0,1.0,2.0,1.0,2.0,1.0,1.0,1.0,1.0,1.0,1.0,3.0,2.0,2.0,2.0,1.0,2.0,4.0,5.0,5.0,6.0,5.0,6.0,1.0,1.0,1.0,1.0,1.0,2.0,1.0,1.66,1.0,1.0,1.97,1.99,4.67,5.67,1.0,1.33,1.33,1.0,1.98,5.17,1.16
443,2.0,2.0,2.0,2.0,2.0,4.0,4.0,3.0,4.0,3.0,2.0,2.0,2.0,3.0,2.0,3.0,1.0,2.0,4.0,4.0,3.0,4.0,3.0,3.0,4.0,4.0,4.0,4.0,3.0,4.0,2.0,2.66,3.33,2.66,1.65,2.66,3.33,3.67,3.67,4.0,2.33,3.0,2.16,3.5,3.84
444,3.0,1.0,2.0,2.0,2.0,2.0,4.0,4.0,4.0,3.0,4.0,3.0,3.0,4.0,3.0,5.0,4.0,4.0,4.0,4.0,3.0,4.0,3.0,3.0,2.0,4.0,3.0,4.0,4.0,5.0,2.34,1.66,4.0,3.33,3.35,4.34,3.33,3.67,3.0,4.33,2.0,3.66,3.84,3.5,3.66
445,2.0,2.0,2.0,2.0,2.0,2.0,6.0,5.0,6.0,5.0,6.0,5.0,3.0,4.0,3.0,3.0,3.0,3.0,4.0,4.0,4.0,5.0,4.0,5.0,2.0,4.0,3.0,5.0,3.0,5.0,2.0,2.0,6.01,5.01,3.0,3.33,4.0,4.67,2.67,4.67,2.0,5.51,3.16,4.34,3.67
446,2.0,3.0,2.0,3.0,3.0,2.0,1.0,1.0,2.0,2.0,2.0,2.0,1.0,1.0,1.0,1.0,1.0,1.0,3.0,2.0,2.0,3.0,2.0,3.0,1.0,2.0,2.0,2.0,1.0,3.0,2.33,2.67,1.66,1.66,1.0,1.0,2.33,2.67,1.33,2.33,2.5,1.66,1.0,2.5,1.83
447,2.0,2.0,2.0,3.0,2.0,3.0,1.0,1.0,2.0,2.0,2.0,1.0,3.0,3.0,4.0,4.0,2.0,2.0,1.0,1.0,1.0,1.0,1.0,1.0,1.0,1.0,1.0,1.0,1.0,1.0,2.0,2.66,1.66,1.32,2.99,2.99,1.0,1.0,1.0,1.0,2.33,1.49,2.99,1.0,1.0
448,5.0,5.0,5.0,5.0,6.0,6.0,4.0,4.0,5.0,4.0,4.0,4.0,3.0,4.0,2.0,4.0,3.0,3.0,2.0,2.0,3.0,3.0,4.0,4.0,5.0,6.0,4.0,5.0,5.0,7.0,5.33,5.33,4.34,4.0,2.67,3.66,3.0,3.0,4.67,6.0,5.33,4.17,3.16,3.0,5.34
449,3.0,5.0,5.0,5.0,5.0,5.0,5.0,5.0,5.0,5.0,5.0,5.0,6.0,7.0,7.0,7.0,7.0,7.0,7.0,4.0,7.0,7.0,6.0,7.0,6.0,6.0,6.0,6.0,5.0,6.0,4.33,5.0,5.0,5.01,6.71,7.0,6.67,6.0,5.67,6.0,4.66,5.0,6.86,6.34,5.84
450,5.0,5.0,5.0,6.0,6.0,5.0,2.0,2.0,2.0,2.0,1.0,2.0,3.0,3.0,3.0,3.0,2.0,3.0,4.0,5.0,4.0,5.0,4.0,6.0,3.0,5.0,4.0,4.0,3.0,4.0,5.33,5.33,1.66,1.99,2.65,3.0,4.0,5.33,3.33,4.33,5.33,1.82,2.82,4.66,3.83
451,4.0,4.0,2.0,3.0,4.0,5.0,4.0,3.0,5.0,4.0,3.0,3.0,5.0,5.0,3.0,5.0,4.0,4.0,1.0,2.0,2.0,2.0,2.0,2.0,4.0,5.0,3.0,5.0,4.0,5.0,3.33,4.0,4.0,3.33,4.01,4.67,1.67,2.0,3.67,5.0,3.66,3.66,4.34,1.84,4.34
452,2.0,1.0,1.0,2.0,1.0,2.0,6.0,5.0,6.0,5.0,6.0,6.0,4.0,4.0,4.0,3.0,3.0,3.0,6.0,7.0,7.0,7.0,6.0,7.0,3.0,5.0,3.0,4.0,3.0,5.0,1.34,1.66,6.01,5.34,3.66,3.33,6.33,7.0,3.0,4.67,1.5,5.68,3.5,6.66,3.84
453,5.0,5.0,5.0,5.0,5.0,6.0,4.0,4.0,5.0,5.0,5.0,5.0,4.0,4.0,4.0,4.0,4.0,5.0,7.0,7.0,7.0,7.0,7.0,7.0,7.0,7.0,6.0,7.0,7.0,7.0,5.0,5.33,4.67,4.67,4.01,4.35,7.0,7.0,6.67,7.0,5.16,4.67,4.18,7.0,6.84
454,1.0,2.0,2.0,2.0,1.0,2.0,5.0,5.0,4.0,5.0,5.0,5.0,4.0,5.0,4.0,4.0,4.0,5.0,6.0,6.0,6.0,6.0,5.0,7.0,3.0,4.0,4.0,5.0,4.0,5.0,1.33,2.0,4.67,5.01,4.01,4.68,5.67,6.33,3.67,4.67,1.66,4.84,4.34,6.0,4.17
455,1.0,1.0,1.0,1.0,1.0,1.0,1.0,1.0,1.0,1.0,1.0,1.0,2.0,3.0,2.0,2.0,1.0,1.0,2.0,2.0,2.0,2.0,2.0,2.0,2.0,3.0,2.0,3.0,2.0,3.0,1.0,1.0,1.0,1.0,1.65,1.98,2.0,2.0,2.0,3.0,1.0,1.0,1.82,2.0,2.5
456,1.0,1.0,1.0,1.0,1.0,2.0,4.0,4.0,5.0,4.0,6.0,5.0,3.0,4.0,4.0,4.0,3.0,3.0,3.0,4.0,4.0,5.0,2.0,3.0,1.0,2.0,1.0,2.0,2.0,2.0,1.0,1.33,5.0,4.34,3.34,3.66,3.0,4.0,1.33,2.0,1.16,4.67,3.5,3.5,1.66
457,7.0,7.0,7.0,7.0,7.0,7.0,4.0,3.0,4.0,4.0,3.0,4.0,4.0,5.0,4.0,4.0,3.0,4.0,1.0,2.0,1.0,2.0,2.0,2.0,3.0,4.0,2.0,4.0,4.0,5.0,7.0,7.0,3.67,3.67,3.66,4.34,1.33,2.0,3.0,4.33,7.0,3.67,4.0,1.66,3.66
458,3.0,3.0,2.0,3.0,4.0,4.0,1.0,2.0,4.0,3.0,3.0,2.0,4.0,6.0,4.0,4.0,3.0,4.0,1.0,2.0,2.0,2.0,1.0,2.0,2.0,3.0,3.0,4.0,3.0,5.0,3.0,3.33,2.66,2.33,3.66,4.67,1.33,2.0,2.67,4.0,3.16,2.5,4.16,1.66,3.34
459,3.0,3.0,2.0,3.0,3.0,3.0,1.0,1.0,2.0,2.0,2.0,1.0,3.0,4.0,2.0,2.0,3.0,3.0,3.0,4.0,3.0,5.0,3.0,4.0,1.0,2.0,1.0,2.0,1.0,2.0,2.67,3.0,1.66,1.32,2.67,3.0,3.0,4.33,1.0,2.0,2.84,1.49,2.84,3.66,1.5
460,2.0,2.0,2.0,1.0,2.0,3.0,4.0,4.0,4.0,4.0,5.0,4.0,4.0,5.0,4.0,4.0,3.0,3.0,5.0,5.0,5.0,5.0,6.0,6.0,5.0,6.0,6.0,6.0,5.0,6.0,2.0,2.0,4.33,4.0,3.66,4.0,5.33,5.33,5.33,6.0,2.0,4.16,3.83,5.33,5.66
461,4.0,4.0,4.0,5.0,3.0,5.0,4.0,4.0,5.0,4.0,4.0,3.0,6.0,6.0,6.0,6.0,5.0,7.0,6.0,7.0,7.0,7.0,6.0,6.0,5.0,6.0,5.0,6.0,5.0,6.0,3.67,4.66,4.34,3.67,5.68,6.36,6.33,6.67,5.0,6.0,4.16,4.0,6.02,6.5,5.5
462,1.0,1.0,1.0,1.0,1.0,1.0,4.0,5.0,6.0,5.0,5.0,5.0,3.0,4.0,2.0,3.0,2.0,2.0,5.0,6.0,4.0,5.0,5.0,6.0,3.0,4.0,5.0,5.0,4.0,6.0,1.0,1.0,5.0,5.01,2.32,2.99,4.67,5.67,4.0,5.0,1.0,5.0,2.66,5.17,4.5
463,6.0,7.0,7.0,7.0,7.0,7.0,7.0,6.0,7.0,7.0,7.0,7.0,5.0,6.0,4.0,4.0,4.0,4.0,6.0,7.0,6.0,7.0,6.0,7.0,6.0,7.0,5.0,6.0,5.0,7.0,6.66,7.0,7.0,6.68,4.34,4.67,6.0,7.0,5.33,6.67,6.83,6.84,4.5,6.5,6.0
464,6.0,6.0,5.0,6.0,5.0,6.0,6.0,6.0,7.0,7.0,6.0,7.0,5.0,6.0,5.0,6.0,3.0,5.0,5.0,5.0,4.0,4.0,4.0,5.0,6.0,7.0,6.0,7.0,6.0,7.0,5.34,6.0,6.34,6.68,4.32,5.68,4.33,4.67,6.0,7.0,5.67,6.51,5.0,4.5,6.5
465,4.0,2.0,2.0,3.0,2.0,4.0,4.0,4.0,4.0,4.0,4.0,4.0,1.0,1.0,1.0,1.0,1.0,1.0,3.0,3.0,2.0,3.0,3.0,3.0,1.0,1.0,1.0,1.0,1.0,1.0,2.68,2.99,4.0,4.0,1.0,1.0,2.67,3.0,1.0,1.0,2.84,4.0,1.0,2.84,1.0
466,1.0,1.0,1.0,1.0,1.0,1.0,5.0,5.0,6.0,5.0,6.0,6.0,3.0,5.0,4.0,5.0,3.0,4.0,4.0,4.0,4.0,6.0,4.0,5.0,7.0,7.0,6.0,7.0,6.0,7.0,1.0,1.0,5.67,5.34,3.34,4.67,4.0,5.0,6.33,7.0,1.0,5.5,4.0,4.5,6.66
467,7.0,7.0,6.0,7.0,6.0,7.0,2.0,3.0,4.0,4.0,3.0,3.0,4.0,5.0,4.0,5.0,5.0,6.0,4.0,5.0,4.0,5.0,4.0,5.0,5.0,6.0,4.0,5.0,4.0,4.0,6.34,7.0,3.0,3.33,4.36,5.36,4.0,5.0,4.33,5.0,6.67,3.16,4.86,4.5,4.66
468,3.0,4.0,3.0,4.0,4.0,4.0,4.0,4.0,5.0,4.0,4.0,4.0,5.0,6.0,5.0,6.0,6.0,5.0,6.0,6.0,4.0,6.0,6.0,6.0,6.0,7.0,6.0,7.0,6.0,7.0,3.33,4.0,4.34,4.0,5.37,5.68,5.34,6.0,6.0,7.0,3.66,4.17,5.52,5.67,6.5
469,6.0,7.0,5.0,6.0,5.0,6.0,4.0,4.0,4.0,4.0,4.0,4.0,6.0,6.0,5.0,7.0,4.0,5.0,2.0,3.0,3.0,3.0,3.0,3.0,4.0,5.0,4.0,5.0,4.0,5.0,5.34,6.34,4.0,4.0,5.0,6.01,2.67,3.0,4.0,5.0,5.84,4.0,5.5,2.84,4.5
470,4.0,5.0,3.0,3.0,3.0,4.0,2.0,1.0,3.0,4.0,2.0,2.0,4.0,5.0,5.0,5.0,4.0,5.0,1.0,3.0,1.0,2.0,2.0,2.0,1.0,1.0,1.0,1.0,1.0,1.0,3.34,4.0,2.33,2.32,4.35,5.01,1.33,2.33,1.0,1.0,3.67,2.33,4.68,1.83,1.0
471,4.0,5.0,4.0,4.0,5.0,5.0,4.0,3.0,4.0,3.0,4.0,3.0,4.0,4.0,4.0,4.0,4.0,5.0,4.0,5.0,4.0,5.0,5.0,6.0,7.0,7.0,7.0,7.0,7.0,7.0,4.33,4.67,4.0,3.0,4.01,4.35,4.33,5.33,7.0,7.0,4.5,3.5,4.18,4.83,7.0
472,4.0,4.0,4.0,4.0,3.0,5.0,3.0,2.0,3.0,2.0,3.0,2.0,3.0,3.0,3.0,4.0,4.0,3.0,2.0,2.0,2.0,3.0,3.0,4.0,3.0,5.0,4.0,5.0,3.0,4.0,3.67,4.33,3.0,1.99,3.35,3.33,2.33,3.0,3.33,4.67,4.0,2.5,3.34,2.66,4.0
473,6.0,6.0,5.0,5.0,5.0,6.0,1.0,1.0,1.0,1.0,1.0,1.0,3.0,4.0,2.0,3.0,3.0,3.0,3.0,3.0,3.0,4.0,3.0,4.0,6.0,6.0,5.0,6.0,5.0,6.0,5.34,5.67,1.0,1.0,2.67,3.33,3.0,3.67,5.33,6.0,5.5,1.0,3.0,3.34,5.66
474,2.0,2.0,2.0,2.0,4.0,3.0,4.0,3.0,4.0,4.0,4.0,4.0,2.0,3.0,3.0,3.0,3.0,3.0,3.0,5.0,6.0,5.0,6.0,6.0,5.0,5.0,5.0,6.0,4.0,6.0,2.66,2.33,4.0,3.67,2.68,3.0,5.0,5.33,4.67,5.67,2.5,3.84,2.84,5.16,5.17
475,2.0,2.0,1.0,2.0,2.0,2.0,2.0,1.0,2.0,1.0,2.0,2.0,1.0,2.0,1.0,2.0,1.0,1.0,2.0,3.0,2.0,3.0,3.0,3.0,1.0,1.0,1.0,1.0,1.0,1.0,1.67,2.0,1.99,1.32,1.0,1.65,2.33,3.0,1.0,1.0,1.84,1.66,1.32,2.66,1.0
476,4.0,5.0,3.0,5.0,5.0,5.0,2.0,3.0,3.0,2.0,3.0,3.0,5.0,5.0,5.0,6.0,6.0,5.0,5.0,6.0,6.0,7.0,5.0,7.0,2.0,3.0,2.0,3.0,3.0,4.0,4.0,5.0,2.66,2.66,5.37,5.35,5.33,6.67,2.33,3.33,4.5,2.66,5.36,6.0,2.83
477,3.0,3.0,4.0,4.0,3.0,4.0,3.0,2.0,4.0,3.0,3.0,3.0,4.0,5.0,4.0,4.0,3.0,2.0,3.0,5.0,4.0,5.0,5.0,5.0,3.0,3.0,3.0,4.0,3.0,4.0,3.33,3.66,3.33,2.66,3.66,3.65,4.0,5.0,3.0,3.67,3.5,3.0,3.66,4.5,3.34
478,3.0,2.0,1.0,2.0,3.0,3.0,4.0,5.0,4.0,5.0,5.0,5.0,1.0,1.0,1.0,1.0,1.0,1.0,4.0,4.0,4.0,5.0,5.0,5.0,3.0,4.0,3.0,4.0,3.0,4.0,2.33,2.33,4.33,5.01,1.0,1.0,4.33,4.67,3.0,4.0,2.33,4.67,1.0,4.5,3.5
479,1.0,1.0,1.0,1.0,1.0,1.0,1.0,1.0,1.0,1.0,1.0,1.0,2.0,2.0,2.0,3.0,1.0,1.0,7.0,6.0,7.0,7.0,6.0,7.0,3.0,5.0,4.0,6.0,4.0,5.0,1.0,1.0,1.0,1.0,1.65,1.98,6.67,6.67,3.67,5.33,1.0,1.0,1.82,6.67,4.5
480,2.0,2.0,3.0,2.0,1.0,2.0,2.0,1.0,1.0,1.0,1.0,1.0,2.0,2.0,2.0,2.0,1.0,2.0,6.0,7.0,6.0,7.0,7.0,7.0,6.0,7.0,6.0,7.0,6.0,6.0,2.01,2.0,1.32,1.0,1.65,1.99,6.33,7.0,6.0,6.67,2.0,1.16,1.82,6.66,6.34
481,5.0,6.0,6.0,7.0,6.0,6.0,3.0,1.0,4.0,3.0,2.0,2.0,7.0,6.0,6.0,7.0,6.0,6.0,2.0,2.0,2.0,3.0,2.0,3.0,3.0,5.0,4.0,5.0,3.0,4.0,5.66,6.33,3.0,1.99,6.36,6.35,2.0,2.67,3.33,4.67,6.0,2.5,6.36,2.34,4.0
482,5.0,6.0,3.0,5.0,4.0,6.0,3.0,1.0,2.0,2.0,1.0,2.0,3.0,3.0,2.0,2.0,3.0,2.0,1.0,2.0,1.0,1.0,1.0,1.0,2.0,3.0,2.0,4.0,3.0,4.0,4.0,5.67,1.99,1.66,2.67,2.32,1.0,1.33,2.33,3.67,4.84,1.82,2.5,1.16,3.0
483,2.0,2.0,2.0,2.0,2.0,2.0,4.0,3.0,3.0,3.0,4.0,4.0,3.0,3.0,3.0,3.0,3.0,3.0,3.0,4.0,3.0,4.0,3.0,4.0,4.0,5.0,3.0,4.0,3.0,4.0,2.0,2.0,3.67,3.33,3.0,3.0,3.0,4.0,3.33,4.33,2.0,3.5,3.0,3.5,3.83
484,3.0,3.0,3.0,3.0,3.0,4.0,3.0,3.0,3.0,3.0,4.0,3.0,2.0,4.0,2.0,3.0,2.0,3.0,3.0,3.0,3.0,3.0,3.0,3.0,5.0,5.0,4.0,5.0,5.0,5.0,3.0,3.33,3.33,3.0,2.0,3.33,3.0,3.0,4.67,5.0,3.16,3.16,2.66,3.0,4.84
485,4.0,3.0,4.0,5.0,4.0,5.0,3.0,3.0,3.0,2.0,3.0,2.0,3.0,4.0,2.0,3.0,2.0,3.0,4.0,5.0,4.0,4.0,4.0,4.0,3.0,4.0,3.0,4.0,3.0,3.0,4.0,4.33,3.0,2.33,2.32,3.33,4.0,4.33,3.0,3.67,4.16,2.66,2.82,4.16,3.34
486,3.0,4.0,3.0,3.0,2.0,3.0,1.0,1.0,1.0,1.0,1.0,1.0,4.0,4.0,3.0,4.0,4.0,4.0,2.0,3.0,1.0,2.0,1.0,3.0,1.0,2.0,1.0,2.0,1.0,3.0,2.67,3.34,1.0,1.0,3.68,4.01,1.33,2.67,1.0,2.33,3.0,1.0,3.84,2.0,1.66
487,6.0,6.0,4.0,4.0,5.0,5.0,5.0,6.0,6.0,5.0,6.0,6.0,2.0,2.0,2.0,3.0,2.0,2.0,6.0,6.0,6.0,7.0,6.0,7.0,4.0,5.0,4.0,5.0,4.0,5.0,5.0,5.0,5.67,5.68,2.0,2.32,6.0,6.67,4.0,5.0,5.0,5.68,2.16,6.34,4.5
488,1.0,2.0,2.0,3.0,2.0,3.0,6.0,5.0,6.0,6.0,6.0,5.0,3.0,5.0,3.0,4.0,3.0,3.0,2.0,2.0,1.0,2.0,2.0,2.0,3.0,5.0,4.0,4.0,4.0,5.0,1.66,2.66,6.01,5.34,3.0,4.0,1.67,2.0,3.67,4.67,2.16,5.68,3.5,1.84,4.17
489,5.0,6.0,6.0,6.0,4.0,6.0,1.0,1.0,3.0,2.0,3.0,2.0,3.0,2.0,2.0,2.0,1.0,1.0,1.0,1.0,1.0,1.0,1.0,2.0,5.0,6.0,5.0,6.0,6.0,6.0,5.01,6.0,2.32,1.66,1.97,1.65,1.0,1.33,5.33,6.0,5.5,1.99,1.81,1.16,5.66
490,2.0,2.0,1.0,2.0,1.0,2.0,4.0,4.0,4.0,4.0,4.0,4.0,4.0,4.0,3.0,3.0,2.0,4.0,5.0,5.0,4.0,5.0,6.0,5.0,2.0,3.0,1.0,3.0,3.0,4.0,1.34,2.0,4.0,4.0,2.98,3.67,5.0,5.0,2.0,3.33,1.67,4.0,3.32,5.0,2.66
491,2.0,2.0,2.0,2.0,1.0,2.0,4.0,4.0,4.0,4.0,5.0,4.0,1.0,2.0,1.0,1.0,1.0,2.0,3.0,4.0,3.0,4.0,4.0,3.0,1.0,1.0,1.0,1.0,1.0,1.0,1.67,2.0,4.33,4.0,1.0,1.66,3.33,3.67,1.0,1.0,1.84,4.16,1.33,3.5,1.0
492,1.0,1.0,1.0,1.0,1.0,1.0,7.0,6.0,6.0,7.0,6.0,5.0,3.0,5.0,4.0,5.0,4.0,5.0,3.0,3.0,2.0,2.0,2.0,3.0,6.0,6.0,6.0,7.0,6.0,6.0,1.0,1.0,6.35,6.01,3.69,5.01,2.33,2.67,6.0,6.33,1.0,6.18,4.35,2.5,6.16
493,4.0,4.0,2.0,3.0,4.0,4.0,4.0,4.0,4.0,4.0,4.0,4.0,3.0,2.0,3.0,3.0,2.0,2.0,3.0,3.0,2.0,3.0,2.0,3.0,1.0,2.0,1.0,1.0,1.0,2.0,3.33,3.67,4.0,4.0,2.65,2.32,2.33,3.0,1.0,1.67,3.5,4.0,2.48,2.66,1.34
494,3.0,4.0,3.0,4.0,3.0,4.0,3.0,3.0,3.0,2.0,2.0,1.0,4.0,4.0,5.0,5.0,3.0,4.0,3.0,3.0,3.0,3.0,3.0,4.0,4.0,5.0,3.0,6.0,4.0,5.0,3.0,4.0,2.66,1.99,4.0,4.34,3.0,3.33,3.67,5.33,3.5,2.33,4.17,3.16,4.5
495,1.0,1.0,1.0,1.0,1.0,1.0,4.0,4.0,4.0,4.0,4.0,4.0,1.0,1.0,1.0,1.0,1.0,1.0,3.0,3.0,2.0,3.0,2.0,4.0,1.0,1.0,1.0,1.0,1.0,1.0,1.0,1.0,4.0,4.0,1.0,1.0,2.33,3.33,1.0,1.0,1.0,4.0,1.0,2.83,1.0
496,1.0,1.0,1.0,1.0,1.0,1.0,3.0,3.0,4.0,3.0,4.0,4.0,3.0,4.0,3.0,3.0,3.0,3.0,4.0,4.0,4.0,5.0,4.0,5.0,6.0,7.0,5.0,6.0,5.0,6.0,1.0,1.0,3.66,3.33,3.0,3.33,4.0,4.67,5.33,6.33,1.0,3.5,3.16,4.34,5.83
497,2.0,2.0,1.0,1.0,2.0,3.0,4.0,4.0,3.0,3.0,3.0,3.0,3.0,3.0,2.0,3.0,2.0,3.0,4.0,4.0,4.0,5.0,4.0,5.0,5.0,6.0,6.0,5.0,5.0,5.0,1.67,2.0,3.33,3.33,2.32,3.0,4.0,4.67,5.33,5.33,1.84,3.33,2.66,4.34,5.33
498,5.0,4.0,5.0,5.0,6.0,6.0,5.0,5.0,6.0,5.0,6.0,5.0,7.0,7.0,6.0,6.0,6.0,7.0,2.0,3.0,3.0,3.0,2.0,2.0,5.0,6.0,4.0,5.0,4.0,5.0,5.33,5.0,5.67,5.01,6.36,6.7,2.33,2.67,4.33,5.33,5.16,5.34,6.53,2.5,4.83
499,1.0,2.0,1.0,1.0,2.0,2.0,4.0,5.0,5.0,5.0,5.0,5.0,3.0,4.0,2.0,3.0,2.0,3.0,4.0,5.0,3.0,5.0,3.0,4.0,4.0,5.0,5.0,6.0,4.0,5.0,1.33,1.67,4.67,5.01,2.32,3.33,3.33,4.67,4.33,5.33,1.5,4.84,2.82,4.0,4.83
500,1.0,1.0,1.0,2.0,1.0,1.0,3.0,3.0,3.0,2.0,3.0,2.0,2.0,3.0,3.0,4.0,3.0,3.0,3.0,5.0,4.0,4.0,4.0,4.0,7.0,7.0,7.0,7.0,6.0,7.0,1.0,1.33,3.0,2.33,2.68,3.33,3.67,4.33,6.67,7.0,1.16,2.66,3.0,4.0,6.84
501,2.0,2.0,2.0,3.0,1.0,1.0,5.0,5.0,5.0,4.0,5.0,5.0,7.0,7.0,6.0,7.0,7.0,7.0,4.0,6.0,3.0,5.0,6.0,6.0,5.0,6.0,5.0,6.0,5.0,6.0,1.67,2.0,5.0,4.67,6.71,7.0,4.34,5.67,5.0,6.0,1.84,4.84,6.86,5.0,5.5
502,2.0,4.0,2.0,3.0,4.0,4.0,4.0,4.0,5.0,4.0,4.0,4.0,5.0,6.0,5.0,5.0,4.0,5.0,7.0,7.0,7.0,7.0,6.0,7.0,6.0,7.0,6.0,4.0,6.0,7.0,2.66,3.67,4.34,4.0,4.67,5.35,6.67,7.0,6.0,6.0,3.16,4.17,5.01,6.84,6.0
503,2.0,2.0,2.0,1.0,1.0,3.0,4.0,3.0,3.0,3.0,3.0,2.0,2.0,2.0,2.0,3.0,2.0,2.0,2.0,2.0,2.0,2.0,2.0,3.0,4.0,5.0,4.0,6.0,4.0,4.0,1.67,2.0,3.33,2.66,2.0,2.32,2.0,2.33,4.0,5.0,1.84,3.0,2.16,2.16,4.5
504,3.0,4.0,2.0,3.0,2.0,4.0,3.0,3.0,4.0,3.0,3.0,3.0,2.0,2.0,2.0,3.0,1.0,2.0,3.0,4.0,2.0,3.0,3.0,3.0,3.0,4.0,4.0,5.0,4.0,5.0,2.34,3.67,3.33,3.0,1.65,2.32,2.67,3.33,3.67,4.67,3.0,3.16,1.98,3.0,4.17
505,3.0,3.0,2.0,3.0,2.0,2.0,2.0,3.0,4.0,3.0,4.0,3.0,5.0,5.0,4.0,4.0,4.0,6.0,5.0,6.0,5.0,6.0,6.0,5.0,4.0,5.0,3.0,4.0,3.0,4.0,2.34,2.67,3.33,3.0,4.34,5.02,5.33,5.67,3.33,4.33,2.5,3.16,4.68,5.5,3.83
506,4.0,4.0,4.0,4.0,4.0,5.0,4.0,4.0,4.0,3.0,4.0,4.0,3.0,3.0,3.0,4.0,2.0,3.0,2.0,2.0,2.0,2.0,2.0,3.0,2.0,2.0,2.0,2.0,3.0,4.0,4.0,4.33,4.0,3.67,2.65,3.33,2.0,2.33,2.33,2.67,4.16,3.84,2.99,2.16,2.5
507,1.0,1.0,1.0,1.0,1.0,1.0,3.0,2.0,3.0,3.0,3.0,3.0,3.0,5.0,3.0,4.0,3.0,4.0,2.0,2.0,1.0,2.0,1.0,2.0,3.0,4.0,3.0,4.0,3.0,4.0,1.0,1.0,3.0,2.66,3.0,4.34,1.33,2.0,3.0,4.0,1.0,2.83,3.67,1.66,3.5
508,5.0,5.0,5.0,6.0,5.0,5.0,1.0,1.0,1.0,1.0,1.0,1.0,1.0,2.0,2.0,2.0,1.0,1.0,3.0,4.0,3.0,4.0,3.0,4.0,2.0,3.0,2.0,3.0,2.0,4.0,5.0,5.33,1.0,1.0,1.32,1.65,3.0,4.0,2.0,3.33,5.16,1.0,1.48,3.5,2.66
509,7.0,7.0,6.0,7.0,7.0,7.0,4.0,4.0,4.0,4.0,5.0,4.0,2.0,3.0,2.0,2.0,2.0,2.0,2.0,3.0,3.0,4.0,3.0,3.0,2.0,3.0,2.0,3.0,3.0,3.0,6.67,7.0,4.33,4.0,2.0,2.32,2.67,3.33,2.33,3.0,6.84,4.16,2.16,3.0,2.66
510,1.0,1.0,1.0,1.0,1.0,1.0,3.0,3.0,4.0,4.0,3.0,3.0,2.0,3.0,3.0,3.0,3.0,3.0,3.0,4.0,2.0,3.0,3.0,4.0,2.0,2.0,2.0,2.0,2.0,3.0,1.0,1.0,3.33,3.33,2.68,3.0,2.67,3.67,2.0,2.33,1.0,3.33,2.84,3.17,2.16
511,3.0,5.0,3.0,4.0,5.0,5.0,3.0,3.0,4.0,3.0,3.0,3.0,7.0,7.0,7.0,7.0,6.0,7.0,4.0,4.0,3.0,4.0,3.0,4.0,5.0,6.0,5.0,6.0,5.0,7.0,3.66,4.67,3.33,3.0,6.69,7.0,3.33,4.0,5.0,6.33,4.16,3.16,6.85,3.66,5.66
512,2.0,2.0,2.0,2.0,1.0,2.0,1.0,1.0,1.0,1.0,1.0,1.0,1.0,2.0,1.0,1.0,1.0,2.0,1.0,1.0,1.0,1.0,1.0,2.0,1.0,2.0,1.0,2.0,1.0,2.0,1.67,2.0,1.0,1.0,1.0,1.66,1.0,1.33,1.0,2.0,1.84,1.0,1.33,1.16,1.5
513,3.0,4.0,4.0,4.0,4.0,5.0,3.0,3.0,3.0,3.0,4.0,4.0,5.0,5.0,5.0,4.0,4.0,5.0,4.0,4.0,4.0,4.0,3.0,4.0,2.0,3.0,2.0,3.0,3.0,4.0,3.66,4.33,3.33,3.33,4.67,4.68,3.67,4.0,2.33,3.33,4.0,3.33,4.68,3.84,2.83
514,2.0,3.0,2.0,3.0,1.0,2.0,1.0,1.0,1.0,1.0,1.0,1.0,3.0,4.0,4.0,5.0,3.0,3.0,3.0,4.0,2.0,3.0,2.0,3.0,3.0,4.0,4.0,4.0,3.0,4.0,1.67,2.67,1.0,1.0,3.34,4.0,2.33,3.33,3.33,4.0,2.17,1.0,3.67,2.83,3.66
515,4.0,3.0,3.0,3.0,2.0,3.0,7.0,7.0,7.0,7.0,7.0,7.0,7.0,7.0,7.0,5.0,6.0,6.0,2.0,2.0,1.0,2.0,2.0,2.0,5.0,6.0,6.0,6.0,5.0,6.0,3.01,3.0,7.0,7.0,6.69,6.02,1.67,2.0,5.33,6.0,3.0,7.0,6.36,1.84,5.66
516,1.0,2.0,1.0,1.0,1.0,2.0,5.0,4.0,5.0,5.0,5.0,4.0,3.0,3.0,3.0,3.0,3.0,3.0,1.0,1.0,1.0,1.0,1.0,1.0,1.0,2.0,1.0,1.0,2.0,3.0,1.0,1.67,5.0,4.34,3.0,3.0,1.0,1.0,1.33,2.0,1.34,4.67,3.0,1.0,1.66
517,3.0,4.0,4.0,5.0,4.0,5.0,5.0,5.0,6.0,5.0,5.0,5.0,2.0,3.0,3.0,4.0,2.0,3.0,7.0,7.0,7.0,7.0,7.0,7.0,6.0,7.0,6.0,6.0,4.0,6.0,3.66,4.66,5.34,5.01,2.33,3.33,7.0,7.0,5.34,6.33,4.16,5.18,2.83,7.0,5.84
518,3.0,3.0,4.0,4.0,2.0,3.0,4.0,3.0,5.0,3.0,4.0,4.0,3.0,3.0,3.0,3.0,3.0,3.0,5.0,6.0,5.0,7.0,5.0,6.0,1.0,2.0,1.0,2.0,1.0,2.0,3.01,3.33,4.34,3.33,3.0,3.0,5.0,6.33,1.0,2.0,3.17,3.84,3.0,5.66,1.5
519,7.0,7.0,7.0,7.0,7.0,7.0,5.0,5.0,5.0,6.0,6.0,5.0,6.0,6.0,6.0,7.0,6.0,6.0,6.0,7.0,6.0,7.0,6.0,6.0,7.0,7.0,7.0,7.0,7.0,7.0,7.0,7.0,5.34,5.34,6.03,6.35,6.0,6.67,7.0,7.0,7.0,5.34,6.19,6.34,7.0
520,4.0,5.0,5.0,6.0,6.0,6.0,6.0,6.0,6.0,5.0,6.0,6.0,4.0,5.0,4.0,4.0,4.0,3.0,4.0,5.0,5.0,4.0,4.0,5.0,5.0,6.0,6.0,7.0,5.0,6.0,4.99,5.66,6.01,5.68,4.01,4.0,4.33,4.67,5.33,6.33,5.32,5.84,4.0,4.5,5.83
521,3.0,4.0,4.0,4.0,3.0,5.0,3.0,2.0,4.0,3.0,3.0,3.0,2.0,3.0,2.0,2.0,2.0,2.0,7.0,7.0,7.0,7.0,7.0,7.0,4.0,5.0,4.0,5.0,4.0,4.0,3.33,4.33,3.33,2.66,2.0,2.32,7.0,7.0,4.0,4.67,3.83,3.0,2.16,7.0,4.34
522,7.0,7.0,7.0,7.0,7.0,7.0,4.0,4.0,5.0,5.0,5.0,4.0,4.0,5.0,3.0,3.0,3.0,2.0,6.0,6.0,6.0,6.0,6.0,6.0,3.0,4.0,3.0,4.0,3.0,4.0,7.0,7.0,4.67,4.34,3.33,3.32,6.0,6.0,3.0,4.0,7.0,4.5,3.32,6.0,3.5
523,1.0,1.0,1.0,1.0,1.0,1.0,3.0,3.0,4.0,3.0,4.0,4.0,2.0,3.0,2.0,3.0,2.0,3.0,6.0,6.0,6.0,7.0,6.0,6.0,2.0,3.0,3.0,3.0,3.0,4.0,1.0,1.0,3.66,3.33,2.0,3.0,6.0,6.33,2.67,3.33,1.0,3.5,2.5,6.16,3.0
524,7.0,7.0,7.0,7.0,7.0,7.0,6.0,5.0,6.0,5.0,5.0,5.0,2.0,3.0,1.0,2.0,1.0,2.0,6.0,6.0,6.0,6.0,6.0,6.0,5.0,6.0,5.0,6.0,5.0,6.0,7.0,7.0,5.68,5.01,1.31,2.32,6.0,6.0,5.0,6.0,7.0,5.34,1.82,6.0,5.5
525,1.0,1.0,1.0,1.0,1.0,1.0,2.0,3.0,3.0,3.0,3.0,2.0,5.0,5.0,5.0,5.0,5.0,5.0,3.0,4.0,3.0,5.0,4.0,5.0,6.0,7.0,6.0,6.0,5.0,6.0,1.0,1.0,2.66,2.66,5.02,5.01,3.33,4.67,5.67,6.33,1.0,2.66,5.01,4.0,6.0
526,3.0,3.0,2.0,3.0,3.0,2.0,7.0,7.0,7.0,6.0,7.0,6.0,3.0,5.0,4.0,5.0,4.0,3.0,4.0,5.0,5.0,4.0,4.0,5.0,5.0,6.0,5.0,6.0,4.0,5.0,2.67,2.67,7.0,6.35,3.69,4.33,4.33,4.67,4.67,5.67,2.67,6.68,4.01,4.5,5.17
527,2.0,2.0,1.0,1.0,2.0,2.0,4.0,4.0,4.0,3.0,5.0,4.0,1.0,1.0,1.0,2.0,1.0,1.0,1.0,2.0,1.0,2.0,1.0,1.0,3.0,3.0,2.0,4.0,2.0,3.0,1.67,1.67,4.33,3.67,1.0,1.32,1.0,1.67,2.33,3.33,1.67,4.0,1.16,1.34,2.83
528,3.0,5.0,4.0,5.0,4.0,4.0,3.0,2.0,4.0,4.0,4.0,4.0,4.0,4.0,3.0,3.0,3.0,3.0,2.0,2.0,2.0,3.0,2.0,3.0,6.0,6.0,5.0,6.0,5.0,6.0,3.66,4.67,3.66,3.33,3.33,3.33,2.0,2.67,5.33,6.0,4.16,3.5,3.33,2.34,5.66
529,1.0,1.0,1.0,1.0,1.0,1.0,2.0,2.0,3.0,2.0,3.0,2.0,2.0,3.0,1.0,2.0,1.0,2.0,4.0,5.0,5.0,6.0,4.0,6.0,2.0,3.0,2.0,2.0,2.0,2.0,1.0,1.0,2.66,1.99,1.31,2.32,4.33,5.67,2.0,2.33,1.0,2.33,1.82,5.0,2.16
530,3.0,4.0,3.0,5.0,4.0,5.0,1.0,1.0,1.0,1.0,1.0,1.0,2.0,3.0,3.0,2.0,2.0,2.0,4.0,4.0,3.0,4.0,3.0,3.0,1.0,2.0,1.0,2.0,1.0,1.0,3.33,4.66,1.0,1.0,2.33,2.32,3.33,3.67,1.0,1.67,4.0,1.0,2.33,3.5,1.34
531,1.0,1.0,1.0,1.0,1.0,1.0,1.0,1.0,2.0,2.0,2.0,1.0,3.0,3.0,3.0,3.0,3.0,3.0,2.0,2.0,2.0,3.0,2.0,3.0,2.0,2.0,2.0,2.0,1.0,2.0,1.0,1.0,1.66,1.32,3.0,3.0,2.0,2.67,1.67,2.0,1.0,1.49,3.0,2.34,1.84
532,2.0,2.0,2.0,3.0,2.0,2.0,6.0,6.0,7.0,7.0,7.0,6.0,6.0,6.0,5.0,6.0,4.0,5.0,3.0,4.0,3.0,4.0,3.0,3.0,4.0,4.0,3.0,4.0,3.0,4.0,2.0,2.33,6.68,6.35,5.0,5.68,3.0,3.67,3.33,4.0,2.16,6.52,5.34,3.34,3.66
533,2.0,3.0,2.0,1.0,2.0,3.0,2.0,1.0,3.0,3.0,3.0,2.0,4.0,4.0,4.0,5.0,3.0,5.0,4.0,5.0,4.0,4.0,5.0,5.0,4.0,4.0,3.0,4.0,4.0,5.0,2.0,2.33,2.66,1.99,3.66,4.68,4.33,4.67,3.67,4.33,2.16,2.33,4.17,4.5,4.0
534,1.0,3.0,1.0,3.0,1.0,2.0,1.0,1.0,1.0,1.0,1.0,1.0,3.0,4.0,3.0,4.0,3.0,3.0,1.0,1.0,1.0,1.0,1.0,2.0,2.0,3.0,1.0,2.0,1.0,3.0,1.0,2.67,1.0,1.0,3.0,3.66,1.0,1.33,1.33,2.67,1.84,1.0,3.33,1.16,2.0
535,1.0,1.0,1.0,1.0,1.0,2.0,6.0,6.0,6.0,5.0,6.0,6.0,5.0,6.0,5.0,5.0,3.0,4.0,3.0,4.0,4.0,4.0,3.0,5.0,4.0,5.0,4.0,5.0,4.0,4.0,1.0,1.33,6.01,5.68,4.32,5.0,3.33,4.33,4.0,4.67,1.16,5.84,4.66,3.83,4.34
536,3.0,3.0,2.0,3.0,3.0,3.0,1.0,1.0,1.0,1.0,1.0,4.0,1.0,2.0,1.0,2.0,1.0,1.0,2.0,3.0,3.0,3.0,2.0,4.0,2.0,2.0,3.0,4.0,3.0,4.0,2.67,3.0,1.0,1.99,1.0,1.65,2.33,3.33,2.67,3.33,2.84,1.5,1.32,2.83,3.0
537,6.0,6.0,4.0,5.0,4.0,4.0,3.0,3.0,4.0,4.0,3.0,3.0,6.0,6.0,6.0,6.0,5.0,6.0,7.0,7.0,6.0,7.0,6.0,7.0,6.0,7.0,6.0,6.0,6.0,7.0,4.68,5.01,3.33,3.33,5.68,6.02,6.33,7.0,6.0,6.67,4.84,3.33,5.85,6.66,6.34
538,3.0,3.0,4.0,4.0,1.0,3.0,1.0,1.0,2.0,1.0,1.0,1.0,3.0,4.0,3.0,4.0,3.0,4.0,3.0,3.0,3.0,3.0,3.0,3.0,1.0,1.0,1.0,1.0,1.0,1.0,2.68,3.33,1.32,1.0,3.0,4.01,3.0,3.0,1.0,1.0,3.0,1.16,3.5,3.0,1.0
539,2.0,3.0,3.0,3.0,3.0,3.0,3.0,3.0,4.0,3.0,4.0,4.0,6.0,5.0,5.0,6.0,4.0,5.0,4.0,5.0,4.0,5.0,4.0,5.0,3.0,4.0,3.0,3.0,3.0,4.0,2.66,3.0,3.66,3.33,5.0,5.35,4.0,5.0,3.0,3.67,2.83,3.5,5.18,4.5,3.34
540,1.0,1.0,1.0,1.0,1.0,1.0,4.0,3.0,4.0,4.0,4.0,4.0,1.0,2.0,2.0,1.0,2.0,2.0,3.0,4.0,4.0,3.0,4.0,4.0,1.0,1.0,1.0,1.0,1.0,1.0,1.0,1.0,4.0,3.67,1.67,1.66,3.67,3.67,1.0,1.0,1.0,3.84,1.66,3.67,1.0
541,1.0,1.0,1.0,1.0,1.0,1.0,1.0,1.0,2.0,1.0,2.0,2.0,1.0,2.0,2.0,2.0,1.0,1.0,3.0,3.0,3.0,3.0,3.0,4.0,5.0,6.0,6.0,7.0,6.0,6.0,1.0,1.0,1.66,1.32,1.32,1.65,3.0,3.33,5.67,6.33,1.0,1.49,1.48,3.16,6.0
542,6.0,7.0,7.0,7.0,7.0,6.0,4.0,2.0,5.0,4.0,4.0,4.0,4.0,5.0,4.0,5.0,3.0,3.0,5.0,6.0,5.0,6.0,6.0,6.0,3.0,5.0,4.0,5.0,4.0,6.0,6.66,6.67,4.34,3.33,3.66,4.33,5.33,6.0,3.67,5.33,6.66,3.84,4.0,5.66,4.5
543,7.0,7.0,6.0,6.0,6.0,7.0,6.0,6.0,7.0,7.0,6.0,6.0,1.0,1.0,1.0,1.0,1.0,1.0,7.0,7.0,7.0,7.0,7.0,7.0,4.0,6.0,4.0,6.0,5.0,5.0,6.34,6.67,6.34,6.35,1.0,1.0,7.0,7.0,4.33,5.67,6.5,6.34,1.0,7.0,5.0
544,2.0,2.0,2.0,1.0,2.0,2.0,1.0,1.0,1.0,1.0,1.0,1.0,1.0,1.0,1.0,2.0,1.0,1.0,4.0,5.0,3.0,5.0,4.0,4.0,4.0,4.0,4.0,4.0,3.0,4.0,2.0,1.67,1.0,1.0,1.0,1.32,3.67,4.67,3.67,4.0,1.84,1.0,1.16,4.17,3.84
545,4.0,5.0,5.0,7.0,5.0,6.0,5.0,4.0,5.0,5.0,5.0,5.0,5.0,5.0,3.0,5.0,4.0,5.0,3.0,4.0,3.0,4.0,5.0,4.0,6.0,6.0,6.0,6.0,6.0,7.0,4.66,6.0,5.0,4.67,4.01,5.01,3.67,4.0,6.0,6.33,5.33,4.84,4.51,3.84,6.16
546,4.0,5.0,4.0,4.0,4.0,6.0,4.0,3.0,5.0,4.0,4.0,3.0,5.0,5.0,3.0,4.0,3.0,4.0,3.0,5.0,4.0,4.0,5.0,5.0,3.0,3.0,3.0,4.0,3.0,3.0,4.0,5.0,4.34,3.33,3.66,4.34,4.0,4.67,3.0,3.33,4.5,3.84,4.0,4.34,3.16
547,3.0,3.0,3.0,3.0,3.0,4.0,5.0,5.0,6.0,6.0,5.0,6.0,6.0,6.0,5.0,5.0,6.0,6.0,2.0,3.0,2.0,3.0,2.0,3.0,3.0,5.0,4.0,4.0,3.0,4.0,3.0,3.33,5.34,5.68,5.7,5.69,2.0,3.0,3.33,4.33,3.16,5.51,5.7,2.5,3.83
548,3.0,4.0,3.0,4.0,3.0,3.0,3.0,3.0,3.0,2.0,2.0,2.0,4.0,4.0,4.0,5.0,3.0,4.0,7.0,7.0,6.0,7.0,7.0,7.0,3.0,5.0,4.0,4.0,3.0,4.0,3.0,3.67,2.66,2.33,3.66,4.34,6.67,7.0,3.33,4.33,3.34,2.5,4.0,6.84,3.83
549,1.0,2.0,2.0,2.0,2.0,2.0,3.0,1.0,3.0,3.0,3.0,2.0,1.0,1.0,2.0,1.0,1.0,1.0,6.0,6.0,6.0,6.0,6.0,6.0,1.0,2.0,1.0,2.0,3.0,2.0,1.66,2.0,3.0,1.99,1.32,1.0,6.0,6.0,1.66,2.0,1.83,2.5,1.16,6.0,1.83
550,6.0,6.0,5.0,5.0,5.0,5.0,6.0,6.0,6.0,6.0,6.0,5.0,2.0,3.0,2.0,3.0,2.0,2.0,3.0,3.0,3.0,3.0,4.0,5.0,4.0,5.0,3.0,3.0,4.0,5.0,5.34,5.34,6.01,5.68,2.0,2.66,3.33,3.67,3.67,4.33,5.34,5.84,2.33,3.5,4.0
551,4.0,4.0,4.0,4.0,4.0,4.0,4.0,4.0,4.0,3.0,3.0,3.0,5.0,5.0,4.0,6.0,4.0,5.0,1.0,2.0,1.0,1.0,2.0,2.0,5.0,6.0,4.0,4.0,4.0,5.0,4.0,4.0,3.67,3.33,4.34,5.35,1.33,1.67,4.33,5.0,4.0,3.5,4.84,1.5,4.66
552,2.0,2.0,2.0,3.0,3.0,4.0,3.0,3.0,4.0,4.0,5.0,4.0,4.0,5.0,4.0,5.0,5.0,5.0,2.0,2.0,1.0,2.0,1.0,2.0,4.0,5.0,4.0,5.0,4.0,6.0,2.33,2.99,4.0,3.67,4.36,5.01,1.33,2.0,4.0,5.33,2.66,3.84,4.69,1.66,4.66
553,2.0,2.0,2.0,3.0,2.0,3.0,4.0,4.0,4.0,4.0,4.0,3.0,5.0,5.0,3.0,4.0,4.0,4.0,5.0,5.0,5.0,6.0,5.0,6.0,6.0,6.0,6.0,7.0,7.0,7.0,2.0,2.66,4.0,3.67,4.01,4.34,5.0,5.67,6.33,6.67,2.33,3.84,4.18,5.34,6.5
554,2.0,4.0,4.0,3.0,5.0,4.0,5.0,4.0,5.0,5.0,4.0,5.0,5.0,6.0,5.0,6.0,4.0,6.0,5.0,6.0,5.0,6.0,6.0,6.0,2.0,3.0,1.0,2.0,1.0,3.0,3.65,3.67,4.67,4.67,4.67,6.02,5.33,6.0,1.33,2.67,3.66,4.67,5.34,5.66,2.0
555,2.0,3.0,2.0,2.0,3.0,3.0,5.0,4.0,4.0,4.0,4.0,4.0,6.0,5.0,5.0,5.0,4.0,5.0,3.0,3.0,2.0,3.0,2.0,3.0,4.0,4.0,4.0,5.0,4.0,5.0,2.33,2.67,4.34,4.0,5.0,5.01,2.33,3.0,4.0,4.67,2.5,4.17,5.0,2.66,4.34
556,4.0,6.0,5.0,6.0,5.0,6.0,5.0,6.0,6.0,6.0,6.0,5.0,3.0,3.0,2.0,3.0,3.0,3.0,6.0,7.0,6.0,7.0,6.0,6.0,3.0,3.0,3.0,3.0,3.0,4.0,4.66,6.0,5.67,5.68,2.67,3.0,6.0,6.67,3.0,3.33,5.33,5.68,2.84,6.34,3.16
557,1.0,1.0,1.0,1.0,1.0,1.0,3.0,2.0,2.0,3.0,2.0,2.0,1.0,1.0,1.0,1.0,1.0,1.0,3.0,4.0,3.0,4.0,3.0,3.0,2.0,4.0,2.0,3.0,2.0,3.0,1.0,1.0,2.33,2.33,1.0,1.0,3.0,3.67,2.0,3.33,1.0,2.33,1.0,3.34,2.66
558,3.0,4.0,4.0,5.0,5.0,5.0,2.0,3.0,4.0,3.0,3.0,3.0,6.0,7.0,6.0,6.0,5.0,6.0,4.0,4.0,5.0,4.0,4.0,5.0,2.0,3.0,2.0,3.0,2.0,3.0,3.99,4.66,3.0,3.0,5.68,6.35,4.33,4.33,2.0,3.0,4.32,3.0,6.02,4.33,2.5
559,3.0,4.0,3.0,3.0,5.0,5.0,1.0,1.0,1.0,1.0,1.0,1.0,1.0,1.0,1.0,1.0,1.0,1.0,3.0,4.0,4.0,5.0,4.0,4.0,2.0,3.0,3.0,4.0,4.0,5.0,3.66,4.0,1.0,1.0,1.0,1.0,3.67,4.33,3.0,4.0,3.83,1.0,1.0,4.0,3.5
560,1.0,1.0,1.0,1.0,1.0,1.0,3.0,4.0,3.0,3.0,4.0,3.0,4.0,6.0,4.0,5.0,4.0,4.0,3.0,4.0,3.0,4.0,3.0,4.0,3.0,4.0,2.0,4.0,3.0,5.0,1.0,1.0,3.33,3.33,4.01,5.0,3.0,4.0,2.67,4.33,1.0,3.33,4.5,3.5,3.5
561,5.0,5.0,4.0,4.0,4.0,4.0,5.0,4.0,5.0,4.0,4.0,4.0,3.0,3.0,2.0,3.0,2.0,2.0,6.0,7.0,6.0,7.0,6.0,7.0,5.0,6.0,6.0,7.0,6.0,7.0,4.34,4.34,4.67,4.0,2.32,2.66,6.0,7.0,5.67,6.67,4.34,4.34,2.49,6.5,6.17
562,3.0,3.0,3.0,4.0,3.0,3.0,5.0,5.0,5.0,4.0,5.0,4.0,2.0,2.0,1.0,2.0,2.0,2.0,7.0,7.0,6.0,7.0,7.0,7.0,4.0,4.0,5.0,6.0,5.0,5.0,3.0,3.33,5.0,4.34,1.66,1.99,6.67,7.0,4.67,5.0,3.16,4.67,1.82,6.84,4.84
563,4.0,3.0,2.0,3.0,3.0,3.0,3.0,2.0,3.0,4.0,3.0,3.0,5.0,5.0,5.0,5.0,5.0,4.0,1.0,2.0,1.0,2.0,1.0,1.0,1.0,2.0,2.0,2.0,1.0,1.0,3.0,3.0,3.0,3.0,5.02,4.67,1.0,1.67,1.33,1.67,3.0,3.0,4.84,1.34,1.5
564,4.0,5.0,4.0,5.0,6.0,6.0,4.0,4.0,5.0,5.0,4.0,4.0,1.0,1.0,1.0,1.0,1.0,1.0,3.0,4.0,4.0,4.0,4.0,4.0,1.0,2.0,2.0,2.0,1.0,2.0,4.66,5.33,4.34,4.34,1.0,1.0,3.67,4.0,1.33,2.0,5.0,4.34,1.0,3.84,1.66
565,1.0,1.0,1.0,1.0,1.0,1.0,2.0,1.0,2.0,2.0,2.0,2.0,3.0,4.0,3.0,4.0,2.0,3.0,2.0,2.0,2.0,3.0,2.0,3.0,1.0,2.0,1.0,2.0,2.0,3.0,1.0,1.0,1.99,1.66,2.65,3.66,2.0,2.67,1.33,2.33,1.0,1.82,3.16,2.34,1.83
566,4.0,4.0,5.0,6.0,4.0,4.0,4.0,4.0,5.0,4.0,5.0,4.0,3.0,5.0,4.0,5.0,4.0,4.0,3.0,4.0,3.0,5.0,3.0,4.0,6.0,7.0,6.0,7.0,6.0,7.0,4.33,4.67,4.67,4.0,3.69,4.67,3.0,4.33,6.0,7.0,4.5,4.34,4.18,3.66,6.5
567,3.0,3.0,2.0,5.0,4.0,5.0,3.0,3.0,4.0,4.0,4.0,4.0,4.0,3.0,3.0,5.0,3.0,4.0,3.0,4.0,3.0,4.0,3.0,4.0,6.0,6.0,4.0,5.0,4.0,6.0,3.0,4.33,3.66,3.67,3.33,4.01,3.0,4.0,4.67,5.67,3.66,3.66,3.67,3.5,5.17
568,5.0,5.0,5.0,6.0,4.0,5.0,6.0,5.0,6.0,5.0,5.0,4.0,2.0,2.0,2.0,3.0,2.0,3.0,2.0,4.0,3.0,3.0,2.0,3.0,4.0,5.0,3.0,4.0,3.0,4.0,4.67,5.33,5.68,4.67,2.0,2.67,2.33,3.33,3.33,4.33,5.0,5.18,2.34,2.83,3.83
569,3.0,4.0,2.0,3.0,4.0,4.0,4.0,4.0,4.0,4.0,5.0,5.0,2.0,2.0,1.0,1.0,1.0,2.0,3.0,4.0,2.0,3.0,3.0,4.0,4.0,4.0,3.0,4.0,4.0,4.0,3.0,3.67,4.33,4.34,1.31,1.66,2.67,3.67,3.67,4.0,3.34,4.34,1.48,3.17,3.84
570,7.0,7.0,7.0,7.0,7.0,7.0,6.0,7.0,6.0,7.0,7.0,6.0,5.0,5.0,5.0,6.0,4.0,5.0,4.0,5.0,3.0,5.0,4.0,4.0,5.0,6.0,5.0,5.0,5.0,6.0,7.0,7.0,6.34,6.68,4.67,5.35,3.67,4.67,5.0,5.67,7.0,6.51,5.01,4.17,5.34
571,5.0,6.0,4.0,5.0,5.0,4.0,4.0,3.0,3.0,3.0,4.0,4.0,3.0,3.0,3.0,5.0,3.0,3.0,5.0,6.0,4.0,6.0,4.0,4.0,1.0,1.0,1.0,1.0,1.0,1.0,4.67,5.01,3.67,3.33,3.0,3.66,4.33,5.33,1.0,1.0,4.84,3.5,3.33,4.83,1.0
572,2.0,3.0,1.0,2.0,2.0,3.0,2.0,2.0,2.0,2.0,2.0,1.0,2.0,2.0,3.0,4.0,2.0,2.0,3.0,4.0,4.0,4.0,3.0,4.0,4.0,5.0,4.0,4.0,4.0,5.0,1.67,2.67,1.99,1.66,2.33,2.66,3.33,4.0,4.0,4.67,2.17,1.82,2.5,3.66,4.34
573,3.0,3.0,3.0,3.0,4.0,5.0,4.0,3.0,4.0,4.0,4.0,4.0,1.0,1.0,1.0,1.0,1.0,1.0,6.0,6.0,6.0,7.0,6.0,7.0,2.0,3.0,2.0,3.0,2.0,3.0,3.33,3.66,4.0,3.67,1.0,1.0,6.0,6.67,2.0,3.0,3.5,3.84,1.0,6.34,2.5
574,4.0,5.0,5.0,5.0,6.0,7.0,2.0,2.0,2.0,2.0,2.0,2.0,3.0,3.0,3.0,3.0,3.0,3.0,4.0,4.0,4.0,5.0,4.0,5.0,5.0,6.0,6.0,5.0,6.0,6.0,4.99,5.66,1.99,1.99,3.0,3.0,4.0,4.67,5.67,5.67,5.32,1.99,3.0,4.34,5.67
575,2.0,3.0,3.0,3.0,3.0,3.0,5.0,5.0,6.0,6.0,5.0,5.0,2.0,3.0,2.0,3.0,2.0,2.0,2.0,2.0,1.0,1.0,2.0,2.0,6.0,6.0,4.0,5.0,5.0,6.0,2.66,3.0,5.34,5.34,2.0,2.66,1.67,1.67,5.0,5.67,2.83,5.34,2.33,1.67,5.34
576,4.0,4.0,3.0,3.0,6.0,6.0,2.0,1.0,3.0,2.0,2.0,3.0,3.0,4.0,3.0,4.0,2.0,3.0,3.0,3.0,3.0,5.0,4.0,5.0,3.0,3.0,2.0,3.0,3.0,4.0,4.32,4.33,2.33,1.99,2.65,3.66,3.33,4.33,2.67,3.33,4.32,2.16,3.16,3.83,3.0
577,5.0,6.0,6.0,6.0,6.0,6.0,4.0,4.0,4.0,4.0,4.0,3.0,4.0,5.0,4.0,6.0,3.0,5.0,6.0,7.0,6.0,7.0,6.0,6.0,4.0,4.0,3.0,5.0,4.0,4.0,5.66,6.0,4.0,3.67,3.66,5.35,6.0,6.67,3.67,4.33,5.83,3.84,4.5,6.34,4.0
578,1.0,1.0,1.0,1.0,1.0,1.0,2.0,3.0,4.0,3.0,3.0,3.0,1.0,1.0,1.0,1.0,1.0,1.0,2.0,3.0,1.0,2.0,1.0,2.0,3.0,4.0,3.0,4.0,3.0,4.0,1.0,1.0,3.0,3.0,1.0,1.0,1.33,2.33,3.0,4.0,1.0,3.0,1.0,1.83,3.5
579,6.0,6.0,6.0,3.0,5.0,6.0,1.0,1.0,1.0,1.0,1.0,1.0,5.0,6.0,4.0,5.0,5.0,5.0,3.0,4.0,3.0,4.0,3.0,3.0,3.0,3.0,2.0,3.0,3.0,2.0,5.67,5.0,1.0,1.0,4.69,5.35,3.0,3.67,2.67,2.67,5.34,1.0,5.02,3.34,2.67
580,3.0,3.0,3.0,4.0,3.0,4.0,4.0,3.0,4.0,3.0,4.0,3.0,5.0,6.0,5.0,5.0,4.0,4.0,2.0,4.0,2.0,4.0,3.0,3.0,3.0,5.0,5.0,6.0,5.0,5.0,3.0,3.66,4.0,3.0,4.67,5.0,2.33,3.67,4.33,5.33,3.33,3.5,4.84,3.0,4.83
581,4.0,5.0,4.0,4.0,4.0,5.0,3.0,2.0,3.0,2.0,3.0,2.0,5.0,6.0,5.0,5.0,4.0,5.0,5.0,6.0,6.0,7.0,5.0,6.0,3.0,6.0,4.0,5.0,4.0,5.0,4.0,4.67,3.0,1.99,4.67,5.35,5.33,6.33,3.67,5.33,4.34,2.5,5.01,5.83,4.5
582,1.0,1.0,1.0,3.0,1.0,1.0,4.0,3.0,5.0,5.0,4.0,5.0,2.0,3.0,4.0,4.0,2.0,3.0,2.0,3.0,3.0,3.0,2.0,3.0,4.0,4.0,3.0,4.0,4.0,4.0,1.0,1.67,4.34,4.34,2.66,3.33,2.33,3.0,3.67,4.0,1.34,4.34,3.0,2.66,3.84
583,3.0,4.0,4.0,4.0,5.0,5.0,5.0,5.0,6.0,5.0,5.0,5.0,6.0,6.0,5.0,7.0,6.0,5.0,4.0,5.0,5.0,6.0,4.0,5.0,6.0,7.0,5.0,6.0,6.0,6.0,3.99,4.33,5.34,5.01,5.7,6.01,4.33,5.33,5.67,6.33,4.16,5.18,5.86,4.83,6.0
584,2.0,2.0,2.0,3.0,2.0,2.0,6.0,6.0,6.0,5.0,6.0,6.0,1.0,2.0,1.0,2.0,2.0,1.0,5.0,6.0,5.0,6.0,5.0,5.0,4.0,5.0,4.0,5.0,4.0,5.0,2.0,2.33,6.01,5.68,1.34,1.65,5.0,5.67,4.0,5.0,2.16,5.84,1.5,5.34,4.5
585,5.0,6.0,6.0,5.0,6.0,7.0,5.0,5.0,5.0,5.0,6.0,5.0,5.0,6.0,6.0,5.0,5.0,5.0,6.0,7.0,7.0,7.0,6.0,6.0,5.0,4.0,5.0,6.0,6.0,6.0,5.66,6.0,5.34,5.01,5.35,5.35,6.33,6.67,5.33,5.33,5.83,5.18,5.35,6.5,5.33
586,5.0,7.0,6.0,6.0,7.0,7.0,4.0,3.0,3.0,3.0,2.0,3.0,5.0,6.0,4.0,6.0,5.0,5.0,4.0,5.0,4.0,5.0,4.0,5.0,4.0,5.0,3.0,4.0,5.0,5.0,5.99,6.67,3.0,3.0,4.69,5.68,4.0,5.0,4.0,4.67,6.33,3.0,5.18,4.5,4.34
587,1.0,2.0,1.0,1.0,1.0,1.0,4.0,4.0,5.0,6.0,4.0,4.0,1.0,1.0,1.0,1.0,1.0,1.0,3.0,5.0,3.0,5.0,3.0,3.0,4.0,5.0,4.0,5.0,5.0,4.0,1.0,1.34,4.34,4.67,1.0,1.0,3.0,4.33,4.33,4.67,1.17,4.5,1.0,3.66,4.5
588,3.0,4.0,3.0,4.0,4.0,5.0,3.0,2.0,4.0,2.0,4.0,3.0,1.0,2.0,1.0,2.0,1.0,1.0,2.0,3.0,3.0,4.0,2.0,3.0,3.0,2.0,2.0,3.0,3.0,4.0,3.33,4.33,3.66,2.33,1.0,1.65,2.33,3.33,2.67,3.0,3.83,3.0,1.32,2.83,2.84
589,1.0,2.0,2.0,2.0,2.0,1.0,4.0,3.0,5.0,4.0,3.0,3.0,2.0,2.0,3.0,3.0,2.0,2.0,1.0,1.0,2.0,2.0,1.0,1.0,1.0,2.0,1.0,2.0,1.0,2.0,1.66,1.67,4.0,3.33,2.33,2.32,1.33,1.33,1.0,2.0,1.66,3.66,2.33,1.33,1.5
590,1.0,1.0,1.0,1.0,1.0,1.0,3.0,3.0,4.0,2.0,3.0,3.0,4.0,4.0,4.0,4.0,4.0,4.0,4.0,4.0,3.0,4.0,3.0,4.0,1.0,2.0,1.0,2.0,1.0,2.0,1.0,1.0,3.33,2.66,4.01,4.01,3.33,4.0,1.0,2.0,1.0,3.0,4.01,3.66,1.5
591,2.0,3.0,3.0,3.0,3.0,5.0,5.0,4.0,5.0,4.0,5.0,4.0,1.0,2.0,1.0,1.0,1.0,1.0,4.0,5.0,4.0,5.0,3.0,4.0,5.0,5.0,4.0,5.0,4.0,5.0,2.66,3.66,5.0,4.0,1.0,1.32,3.67,4.67,4.33,5.0,3.16,4.5,1.16,4.17,4.66
592,2.0,2.0,1.0,1.0,2.0,2.0,1.0,1.0,2.0,1.0,1.0,2.0,6.0,6.0,6.0,7.0,4.0,5.0,5.0,6.0,5.0,5.0,4.0,5.0,2.0,3.0,3.0,4.0,3.0,3.0,1.67,1.67,1.32,1.32,5.33,6.01,4.67,5.33,2.67,3.33,1.67,1.32,5.67,5.0,3.0
593,3.0,5.0,4.0,4.0,3.0,3.0,5.0,4.0,5.0,6.0,6.0,5.0,3.0,5.0,3.0,4.0,3.0,3.0,4.0,4.0,3.0,5.0,4.0,4.0,2.0,3.0,2.0,3.0,3.0,3.0,3.33,4.01,5.34,5.01,3.0,4.0,3.67,4.33,2.33,3.0,3.67,5.18,3.5,4.0,2.66
594,5.0,5.0,4.0,5.0,5.0,6.0,4.0,4.0,4.0,3.0,5.0,4.0,3.0,3.0,3.0,3.0,3.0,2.0,2.0,2.0,2.0,3.0,2.0,3.0,1.0,1.0,1.0,1.0,1.0,1.0,4.67,5.33,4.33,3.67,3.0,2.66,2.0,2.67,1.0,1.0,5.0,4.0,2.83,2.34,1.0
595,2.0,3.0,2.0,2.0,2.0,4.0,3.0,2.0,2.0,2.0,3.0,3.0,2.0,2.0,2.0,2.0,1.0,1.0,3.0,3.0,3.0,3.0,3.0,5.0,2.0,2.0,2.0,2.0,2.0,3.0,2.0,3.0,2.66,2.33,1.65,1.65,3.0,3.67,2.0,2.33,2.5,2.5,1.65,3.34,2.16
596,2.0,3.0,1.0,2.0,2.0,3.0,2.0,2.0,3.0,2.0,3.0,2.0,5.0,6.0,5.0,6.0,5.0,5.0,3.0,3.0,4.0,4.0,3.0,4.0,4.0,5.0,5.0,6.0,4.0,6.0,1.67,2.67,2.66,1.99,5.02,5.68,3.33,3.67,4.33,5.67,2.17,2.33,5.35,3.5,5.0
597,6.0,6.0,6.0,6.0,5.0,6.0,5.0,5.0,5.0,5.0,4.0,4.0,3.0,5.0,4.0,5.0,3.0,3.0,5.0,6.0,4.0,6.0,5.0,6.0,1.0,2.0,1.0,2.0,2.0,2.0,5.67,6.0,4.67,4.67,3.34,4.33,4.67,6.0,1.33,2.0,5.84,4.67,3.84,5.34,1.66
598,4.0,4.0,4.0,5.0,3.0,3.0,5.0,4.0,4.0,4.0,5.0,4.0,3.0,3.0,2.0,3.0,2.0,2.0,4.0,5.0,4.0,4.0,4.0,6.0,3.0,4.0,3.0,4.0,4.0,4.0,3.67,4.0,4.67,4.0,2.32,2.66,4.0,5.0,3.33,4.0,3.84,4.34,2.49,4.5,3.66
599,2.0,3.0,3.0,4.0,3.0,3.0,3.0,3.0,3.0,3.0,4.0,4.0,2.0,2.0,3.0,3.0,2.0,2.0,6.0,7.0,7.0,7.0,6.0,7.0,3.0,4.0,3.0,4.0,3.0,4.0,2.66,3.33,3.33,3.33,2.33,2.32,6.33,7.0,3.0,4.0,3.0,3.33,2.33,6.66,3.5
600,5.0,5.0,5.0,6.0,5.0,5.0,2.0,2.0,4.0,2.0,2.0,2.0,3.0,2.0,2.0,2.0,1.0,2.0,1.0,1.0,1.0,2.0,1.0,1.0,5.0,6.0,4.0,5.0,5.0,6.0,5.0,5.33,2.66,1.99,1.97,1.99,1.0,1.33,4.67,5.67,5.16,2.33,1.98,1.16,5.17
601,7.0,7.0,3.0,7.0,7.0,7.0,4.0,4.0,4.0,4.0,4.0,3.0,3.0,3.0,3.0,4.0,2.0,2.0,3.0,4.0,3.0,4.0,3.0,4.0,3.0,3.0,3.0,3.0,4.0,3.0,5.67,7.0,4.0,3.67,2.65,2.99,3.0,4.0,3.33,3.0,6.34,3.84,2.82,3.5,3.16
602,2.0,3.0,2.0,3.0,3.0,3.0,3.0,3.0,4.0,3.0,3.0,3.0,2.0,2.0,1.0,2.0,2.0,2.0,6.0,7.0,6.0,7.0,6.0,7.0,2.0,3.0,2.0,3.0,3.0,4.0,2.33,3.0,3.33,3.0,1.66,1.99,6.0,7.0,2.33,3.33,2.66,3.16,1.82,6.5,2.83
603,6.0,7.0,6.0,7.0,7.0,6.0,3.0,2.0,4.0,4.0,4.0,4.0,5.0,7.0,6.0,5.0,5.0,6.0,3.0,4.0,3.0,4.0,4.0,5.0,6.0,6.0,5.0,6.0,7.0,7.0,6.33,6.67,3.66,3.33,5.35,6.02,3.33,4.33,6.0,6.33,6.5,3.5,5.68,3.83,6.16
604,1.0,1.0,1.0,1.0,1.0,1.0,1.0,1.0,1.0,1.0,1.0,1.0,2.0,3.0,3.0,3.0,1.0,2.0,4.0,4.0,3.0,4.0,4.0,5.0,2.0,2.0,2.0,2.0,1.0,2.0,1.0,1.0,1.0,1.0,1.98,2.66,3.67,4.33,1.67,2.0,1.0,1.0,2.32,4.0,1.84
605,5.0,5.0,7.0,7.0,5.0,6.0,7.0,6.0,7.0,7.0,7.0,7.0,2.0,3.0,4.0,3.0,2.0,3.0,5.0,6.0,5.0,6.0,6.0,6.0,7.0,7.0,7.0,7.0,7.0,7.0,5.67,6.0,7.0,6.68,2.66,3.0,5.33,6.0,7.0,7.0,5.84,6.84,2.83,5.66,7.0
606,1.0,2.0,1.0,2.0,1.0,1.0,5.0,4.0,6.0,5.0,5.0,6.0,1.0,2.0,1.0,2.0,1.0,1.0,5.0,6.0,5.0,5.0,5.0,6.0,2.0,4.0,3.0,4.0,3.0,3.0,1.0,1.67,5.34,5.01,1.0,1.65,5.0,5.67,2.67,3.67,1.34,5.18,1.32,5.34,3.17
607,2.0,2.0,2.0,3.0,2.0,2.0,5.0,4.0,5.0,5.0,5.0,5.0,6.0,6.0,5.0,7.0,5.0,6.0,7.0,7.0,7.0,7.0,7.0,7.0,3.0,4.0,4.0,5.0,4.0,6.0,2.0,2.33,5.0,4.67,5.35,6.35,7.0,7.0,3.67,5.0,2.16,4.84,5.85,7.0,4.34
608,3.0,3.0,2.0,3.0,3.0,3.0,2.0,3.0,3.0,3.0,3.0,3.0,6.0,6.0,6.0,6.0,5.0,5.0,5.0,5.0,6.0,6.0,6.0,6.0,5.0,6.0,6.0,7.0,6.0,7.0,2.67,3.0,2.66,3.0,5.68,5.68,5.67,5.67,5.67,6.67,2.84,2.83,5.68,5.67,6.17
609,1.0,1.0,1.0,1.0,1.0,1.0,3.0,3.0,3.0,4.0,4.0,3.0,1.0,2.0,1.0,2.0,1.0,1.0,2.0,3.0,2.0,3.0,3.0,2.0,2.0,3.0,2.0,3.0,2.0,3.0,1.0,1.0,3.33,3.33,1.0,1.65,2.33,2.67,2.0,3.0,1.0,3.33,1.32,2.5,2.5
610,2.0,2.0,2.0,2.0,2.0,3.0,4.0,2.0,2.0,2.0,3.0,3.0,4.0,6.0,4.0,4.0,3.0,3.0,3.0,4.0,4.0,4.0,4.0,5.0,6.0,6.0,5.0,7.0,6.0,6.0,2.0,2.33,3.0,2.33,3.66,4.33,3.67,4.33,5.67,6.33,2.16,2.66,4.0,4.0,6.0
611,5.0,6.0,4.0,6.0,6.0,6.0,6.0,5.0,7.0,6.0,6.0,6.0,3.0,3.0,3.0,3.0,2.0,2.0,5.0,6.0,5.0,4.0,4.0,5.0,4.0,6.0,4.0,4.0,4.0,5.0,5.0,6.0,6.34,5.68,2.65,2.66,4.67,5.0,4.0,5.0,5.5,6.01,2.66,4.84,4.5
612,5.0,5.0,5.0,6.0,3.0,5.0,6.0,5.0,6.0,5.0,6.0,5.0,5.0,6.0,5.0,5.0,3.0,4.0,4.0,5.0,4.0,5.0,4.0,4.0,2.0,2.0,2.0,3.0,1.0,2.0,4.34,5.33,6.01,5.01,4.32,5.0,4.0,4.67,1.67,2.33,4.84,5.51,4.66,4.34,2.0
613,1.0,1.0,1.0,1.0,1.0,1.0,5.0,4.0,4.0,5.0,4.0,4.0,1.0,2.0,1.0,1.0,1.0,1.0,4.0,5.0,3.0,4.0,4.0,5.0,4.0,5.0,4.0,6.0,4.0,4.0,1.0,1.0,4.34,4.34,1.0,1.32,3.67,4.67,4.0,5.0,1.0,4.34,1.16,4.17,4.5
614,1.0,1.0,2.0,1.0,1.0,1.0,4.0,4.0,4.0,4.0,3.0,3.0,2.0,3.0,3.0,4.0,2.0,3.0,5.0,5.0,5.0,5.0,4.0,5.0,6.0,5.0,3.0,5.0,5.0,5.0,1.33,1.0,3.67,3.67,2.33,3.33,4.67,5.0,4.67,5.0,1.16,3.67,2.83,4.84,4.84
615,1.0,1.0,1.0,1.0,1.0,1.0,1.0,1.0,1.0,1.0,1.0,1.0,2.0,1.0,1.0,2.0,1.0,1.0,4.0,5.0,4.0,5.0,4.0,5.0,2.0,2.0,2.0,2.0,1.0,2.0,1.0,1.0,1.0,1.0,1.31,1.32,4.0,5.0,1.67,2.0,1.0,1.0,1.32,4.5,1.84
616,4.0,5.0,4.0,5.0,3.0,4.0,4.0,5.0,4.0,4.0,4.0,4.0,4.0,4.0,3.0,4.0,3.0,3.0,3.0,3.0,4.0,4.0,4.0,6.0,5.0,6.0,6.0,7.0,5.0,6.0,3.67,4.67,4.0,4.34,3.33,3.66,3.67,4.33,5.33,6.33,4.17,4.17,3.5,4.0,5.83
617,7.0,7.0,7.0,7.0,7.0,7.0,3.0,2.0,3.0,4.0,3.0,3.0,1.0,2.0,1.0,2.0,1.0,2.0,4.0,5.0,5.0,6.0,5.0,5.0,3.0,4.0,4.0,5.0,4.0,5.0,7.0,7.0,3.0,3.0,1.0,1.99,4.67,5.33,3.67,4.67,7.0,3.0,1.5,5.0,4.17
618,4.0,4.0,3.0,3.0,3.0,4.0,3.0,2.0,3.0,3.0,2.0,3.0,7.0,7.0,6.0,7.0,6.0,6.0,4.0,5.0,3.0,5.0,5.0,5.0,3.0,4.0,3.0,4.0,2.0,3.0,3.34,3.67,2.66,2.66,6.36,6.69,4.0,5.0,2.67,3.67,3.5,2.66,6.52,4.5,3.17
619,2.0,2.0,1.0,2.0,2.0,2.0,2.0,2.0,2.0,3.0,3.0,3.0,4.0,6.0,4.0,5.0,4.0,4.0,2.0,3.0,3.0,2.0,2.0,3.0,1.0,2.0,1.0,2.0,2.0,2.0,1.67,2.0,2.32,2.66,4.01,5.0,2.33,2.67,1.33,2.0,1.84,2.49,4.5,2.5,1.66
620,1.0,3.0,1.0,1.0,1.0,1.0,3.0,3.0,4.0,4.0,3.0,3.0,4.0,4.0,4.0,4.0,3.0,5.0,4.0,5.0,4.0,4.0,4.0,5.0,2.0,3.0,2.0,3.0,2.0,3.0,1.0,1.67,3.33,3.33,3.66,4.35,4.0,4.67,2.0,3.0,1.34,3.33,4.0,4.34,2.5
621,5.0,6.0,5.0,6.0,4.0,5.0,4.0,4.0,4.0,4.0,4.0,4.0,1.0,2.0,2.0,2.0,1.0,1.0,6.0,6.0,6.0,6.0,4.0,6.0,5.0,6.0,5.0,5.0,5.0,6.0,4.67,5.67,4.0,4.0,1.32,1.65,5.33,6.0,5.0,5.67,5.17,4.0,1.48,5.66,5.34
622,4.0,3.0,3.0,5.0,4.0,4.0,4.0,4.0,5.0,5.0,5.0,5.0,5.0,6.0,4.0,5.0,4.0,5.0,3.0,2.0,2.0,2.0,2.0,3.0,5.0,5.0,4.0,5.0,4.0,5.0,3.67,4.0,4.67,4.67,4.34,5.35,2.33,2.33,4.33,5.0,3.84,4.67,4.84,2.33,4.66
623,7.0,7.0,7.0,7.0,7.0,7.0,6.0,6.0,6.0,6.0,7.0,5.0,3.0,5.0,4.0,5.0,4.0,3.0,4.0,5.0,4.0,4.0,4.0,5.0,3.0,4.0,3.0,4.0,3.0,4.0,7.0,7.0,6.34,5.68,3.69,4.33,4.0,4.67,3.0,4.0,7.0,6.01,4.01,4.34,3.5
624,7.0,7.0,7.0,7.0,7.0,7.0,2.0,2.0,3.0,3.0,2.0,2.0,2.0,2.0,2.0,2.0,2.0,2.0,4.0,5.0,4.0,5.0,5.0,5.0,5.0,6.0,6.0,7.0,5.0,6.0,7.0,7.0,2.33,2.33,2.0,1.99,4.33,5.0,5.33,6.33,7.0,2.33,2.0,4.66,5.83
625,6.0,6.0,6.0,5.0,5.0,4.0,5.0,5.0,6.0,6.0,6.0,5.0,7.0,7.0,7.0,7.0,6.0,6.0,5.0,6.0,5.0,6.0,5.0,6.0,2.0,3.0,2.0,3.0,2.0,3.0,5.67,5.01,5.67,5.34,6.69,6.69,5.0,6.0,2.0,3.0,5.34,5.5,6.69,5.5,2.5
626,4.0,5.0,4.0,5.0,4.0,5.0,2.0,3.0,2.0,3.0,2.0,2.0,4.0,5.0,5.0,6.0,5.0,6.0,2.0,2.0,2.0,3.0,4.0,3.0,1.0,2.0,1.0,1.0,1.0,2.0,4.0,5.0,1.99,2.66,4.7,5.69,2.67,2.67,1.0,1.67,4.5,2.33,5.2,2.67,1.34
627,2.0,3.0,1.0,2.0,2.0,2.0,7.0,7.0,7.0,7.0,7.0,7.0,6.0,6.0,5.0,6.0,5.0,5.0,6.0,7.0,7.0,7.0,7.0,7.0,6.0,7.0,6.0,7.0,6.0,7.0,1.67,2.34,7.0,7.0,5.35,5.68,6.67,7.0,6.0,7.0,2.0,7.0,5.52,6.84,6.5
628,1.0,1.0,1.0,1.0,1.0,1.0,2.0,2.0,2.0,2.0,3.0,3.0,4.0,4.0,3.0,4.0,3.0,3.0,4.0,4.0,4.0,5.0,3.0,4.0,3.0,2.0,2.0,4.0,2.0,2.0,1.0,1.0,2.32,2.33,3.33,3.66,3.67,4.33,2.33,2.67,1.0,2.33,3.5,4.0,2.5
629,5.0,5.0,5.0,5.0,6.0,5.0,4.0,5.0,5.0,5.0,4.0,5.0,3.0,4.0,3.0,4.0,3.0,4.0,7.0,7.0,7.0,7.0,7.0,7.0,3.0,3.0,3.0,3.0,2.0,3.0,5.33,5.0,4.34,5.01,3.0,4.01,7.0,7.0,2.67,3.0,5.16,4.68,3.5,7.0,2.84
630,1.0,1.0,1.0,1.0,1.0,1.0,3.0,2.0,3.0,3.0,3.0,3.0,2.0,2.0,2.0,2.0,2.0,2.0,1.0,1.0,1.0,2.0,1.0,2.0,3.0,2.0,2.0,3.0,3.0,3.0,1.0,1.0,3.0,2.66,2.0,1.99,1.0,1.67,2.67,2.67,1.0,2.83,2.0,1.34,2.67
631,4.0,7.0,4.0,5.0,6.0,7.0,5.0,4.0,6.0,6.0,6.0,6.0,5.0,6.0,6.0,7.0,6.0,6.0,7.0,7.0,6.0,7.0,7.0,7.0,7.0,6.0,6.0,6.0,6.0,7.0,4.66,6.33,5.67,5.34,5.7,6.35,6.67,7.0,6.33,6.33,5.5,5.5,6.02,6.84,6.33
632,5.0,5.0,5.0,6.0,6.0,7.0,4.0,4.0,4.0,4.0,4.0,4.0,4.0,3.0,4.0,4.0,4.0,4.0,3.0,4.0,4.0,4.0,3.0,4.0,3.0,3.0,3.0,3.0,3.0,4.0,5.33,6.0,4.0,4.0,4.01,3.67,3.33,4.0,3.0,3.33,5.66,4.0,3.84,3.66,3.16
633,1.0,1.0,1.0,2.0,2.0,3.0,5.0,5.0,5.0,6.0,6.0,5.0,5.0,5.0,4.0,5.0,4.0,5.0,2.0,4.0,3.0,4.0,3.0,4.0,4.0,4.0,4.0,5.0,3.0,4.0,1.33,1.99,5.34,5.34,4.34,5.01,2.67,4.0,3.67,4.33,1.66,5.34,4.68,3.34,4.0
634,2.0,3.0,1.0,2.0,2.0,3.0,5.0,4.0,5.0,4.0,5.0,4.0,1.0,1.0,1.0,1.0,1.0,1.0,2.0,2.0,2.0,3.0,3.0,3.0,1.0,1.0,1.0,1.0,1.0,1.0,1.67,2.67,5.0,4.0,1.0,1.0,2.33,2.67,1.0,1.0,2.17,4.5,1.0,2.5,1.0
635,3.0,3.0,4.0,3.0,3.0,3.0,4.0,3.0,4.0,3.0,4.0,4.0,1.0,2.0,1.0,1.0,1.0,1.0,5.0,6.0,5.0,5.0,4.0,5.0,2.0,3.0,2.0,3.0,3.0,3.0,3.33,3.0,4.0,3.33,1.0,1.32,4.67,5.33,2.33,3.0,3.16,3.66,1.16,5.0,2.66
636,4.0,4.0,4.0,3.0,5.0,4.0,4.0,4.0,5.0,5.0,5.0,6.0,4.0,5.0,5.0,5.0,4.0,5.0,4.0,5.0,3.0,4.0,4.0,4.0,1.0,3.0,2.0,3.0,2.0,2.0,4.33,3.67,4.67,5.01,4.35,5.01,3.67,4.33,1.67,2.67,4.0,4.84,4.68,4.0,2.17
637,3.0,4.0,4.0,4.0,4.0,5.0,5.0,5.0,5.0,4.0,5.0,5.0,3.0,3.0,3.0,4.0,3.0,3.0,4.0,5.0,4.0,5.0,5.0,5.0,4.0,5.0,3.0,4.0,3.0,3.0,3.66,4.33,5.0,4.67,3.0,3.33,4.33,5.0,3.33,4.0,4.0,4.84,3.16,4.66,3.66
638,1.0,2.0,1.0,1.0,1.0,1.0,4.0,4.0,4.0,4.0,3.0,3.0,5.0,6.0,4.0,5.0,4.0,5.0,3.0,3.0,3.0,4.0,4.0,3.0,5.0,6.0,5.0,6.0,5.0,6.0,1.0,1.34,3.67,3.67,4.34,5.35,3.33,3.33,5.0,6.0,1.17,3.67,4.84,3.33,5.5
639,1.0,1.0,1.0,1.0,1.0,1.0,1.0,1.0,1.0,1.0,1.0,1.0,2.0,2.0,2.0,2.0,1.0,1.0,2.0,2.0,1.0,3.0,1.0,2.0,2.0,3.0,2.0,4.0,2.0,3.0,1.0,1.0,1.0,1.0,1.65,1.65,1.33,2.33,2.0,3.33,1.0,1.0,1.65,1.83,2.66
640,1.0,1.0,1.0,1.0,1.0,1.0,2.0,2.0,4.0,2.0,3.0,3.0,2.0,2.0,1.0,2.0,1.0,1.0,1.0,1.0,1.0,2.0,1.0,1.0,1.0,1.0,1.0,1.0,1.0,1.0,1.0,1.0,3.0,2.33,1.31,1.65,1.0,1.33,1.0,1.0,1.0,2.66,1.48,1.16,1.0
641,5.0,6.0,5.0,5.0,5.0,5.0,2.0,2.0,3.0,3.0,3.0,2.0,4.0,5.0,4.0,3.0,3.0,4.0,5.0,6.0,5.0,6.0,5.0,5.0,1.0,1.0,1.0,1.0,1.0,1.0,5.0,5.34,2.66,2.33,3.66,4.01,5.0,5.67,1.0,1.0,5.17,2.5,3.84,5.34,1.0
642,4.0,4.0,3.0,3.0,3.0,4.0,5.0,4.0,4.0,4.0,5.0,5.0,1.0,1.0,1.0,1.0,1.0,1.0,3.0,3.0,4.0,4.0,3.0,3.0,4.0,5.0,5.0,6.0,4.0,6.0,3.34,3.67,4.67,4.34,1.0,1.0,3.33,3.33,4.33,5.67,3.5,4.5,1.0,3.33,5.0
643,1.0,1.0,1.0,1.0,1.0,1.0,6.0,6.0,6.0,6.0,7.0,6.0,5.0,5.0,5.0,5.0,3.0,4.0,3.0,3.0,2.0,4.0,3.0,3.0,4.0,5.0,4.0,5.0,4.0,6.0,1.0,1.0,6.34,6.01,4.32,4.67,2.67,3.33,4.0,5.33,1.0,6.18,4.5,3.0,4.66
644,1.0,1.0,1.0,1.0,1.0,1.0,2.0,2.0,3.0,2.0,3.0,2.0,6.0,6.0,4.0,6.0,4.0,6.0,2.0,2.0,2.0,2.0,2.0,2.0,2.0,2.0,2.0,3.0,2.0,3.0,1.0,1.0,2.66,1.99,4.67,6.02,2.0,2.0,2.0,2.67,1.0,2.33,5.34,2.0,2.34
645,7.0,7.0,7.0,7.0,7.0,7.0,6.0,6.0,6.0,6.0,6.0,6.0,4.0,4.0,5.0,5.0,3.0,4.0,5.0,6.0,7.0,6.0,5.0,6.0,5.0,6.0,5.0,6.0,4.0,6.0,7.0,7.0,6.01,6.01,4.0,4.34,5.66,6.0,4.67,6.0,7.0,6.01,4.17,5.83,5.34
646,1.0,1.0,1.0,1.0,1.0,1.0,4.0,3.0,5.0,3.0,5.0,4.0,3.0,4.0,3.0,3.0,3.0,4.0,3.0,3.0,3.0,4.0,3.0,3.0,5.0,6.0,5.0,6.0,6.0,6.0,1.0,1.0,4.67,3.33,3.0,3.67,3.0,3.33,5.33,6.0,1.0,4.0,3.34,3.16,5.66
647,2.0,2.0,2.0,2.0,1.0,2.0,3.0,3.0,4.0,3.0,3.0,2.0,1.0,1.0,1.0,2.0,1.0,1.0,4.0,4.0,4.0,4.0,4.0,4.0,2.0,3.0,2.0,3.0,3.0,3.0,1.67,2.0,3.33,2.66,1.0,1.32,4.0,4.0,2.33,3.0,1.84,3.0,1.16,4.0,2.66
648,1.0,2.0,1.0,2.0,2.0,2.0,3.0,3.0,4.0,3.0,3.0,3.0,5.0,6.0,5.0,5.0,6.0,5.0,4.0,5.0,5.0,4.0,5.0,5.0,4.0,5.0,4.0,5.0,4.0,6.0,1.33,2.0,3.33,3.0,5.37,5.35,4.67,4.67,4.0,5.33,1.66,3.16,5.36,4.67,4.66
649,1.0,2.0,3.0,3.0,2.0,2.0,3.0,3.0,5.0,5.0,4.0,4.0,5.0,6.0,4.0,5.0,3.0,5.0,3.0,4.0,3.0,4.0,4.0,4.0,2.0,2.0,2.0,3.0,3.0,4.0,2.0,2.33,4.0,4.0,3.99,5.35,3.33,4.0,2.33,3.0,2.16,4.0,4.67,3.66,2.66
650,1.0,1.0,1.0,1.0,1.0,1.0,4.0,3.0,4.0,4.0,4.0,4.0,2.0,3.0,2.0,2.0,2.0,2.0,6.0,7.0,7.0,7.0,7.0,7.0,3.0,4.0,4.0,4.0,4.0,5.0,1.0,1.0,4.0,3.67,2.0,2.32,6.67,7.0,3.67,4.33,1.0,3.84,2.16,6.84,4.0
651,1.0,1.0,1.0,1.0,1.0,1.0,2.0,1.0,4.0,4.0,3.0,2.0,1.0,3.0,2.0,3.0,2.0,3.0,2.0,3.0,2.0,3.0,2.0,2.0,4.0,4.0,4.0,5.0,4.0,5.0,1.0,1.0,3.0,2.32,1.67,3.0,2.0,2.67,4.0,4.67,1.0,2.66,2.34,2.34,4.34
652,1.0,1.0,1.0,1.0,1.0,1.0,3.0,3.0,4.0,3.0,4.0,3.0,2.0,3.0,3.0,4.0,1.0,2.0,3.0,4.0,3.0,4.0,4.0,4.0,3.0,3.0,2.0,4.0,2.0,3.0,1.0,1.0,3.66,3.0,1.98,2.99,3.33,4.0,2.33,3.33,1.0,3.33,2.49,3.66,2.83
653,3.0,4.0,3.0,4.0,4.0,3.0,5.0,5.0,5.0,5.0,7.0,6.0,3.0,4.0,3.0,4.0,3.0,3.0,5.0,7.0,5.0,6.0,6.0,6.0,3.0,4.0,4.0,4.0,3.0,4.0,3.33,3.67,5.67,5.34,3.0,3.66,5.33,6.33,3.33,4.0,3.5,5.5,3.33,5.83,3.66
654,5.0,6.0,6.0,6.0,6.0,7.0,4.0,4.0,4.0,4.0,3.0,4.0,2.0,4.0,4.0,4.0,3.0,3.0,5.0,6.0,5.0,6.0,5.0,6.0,6.0,7.0,5.0,7.0,6.0,7.0,5.66,6.33,3.67,4.0,3.01,3.66,5.0,6.0,5.67,7.0,6.0,3.84,3.34,5.5,6.34
655,5.0,4.0,5.0,5.0,3.0,5.0,7.0,6.0,7.0,7.0,7.0,7.0,7.0,7.0,6.0,7.0,6.0,7.0,4.0,5.0,5.0,6.0,5.0,5.0,5.0,6.0,4.0,7.0,5.0,6.0,4.34,4.66,7.0,6.68,6.36,7.0,4.67,5.33,4.67,6.33,4.5,6.84,6.68,5.0,5.5
656,1.0,2.0,1.0,2.0,1.0,2.0,1.0,1.0,1.0,1.0,1.0,1.0,2.0,2.0,3.0,3.0,1.0,2.0,2.0,4.0,3.0,4.0,3.0,4.0,2.0,3.0,2.0,3.0,2.0,3.0,1.0,2.0,1.0,1.0,1.98,2.32,2.67,4.0,2.0,3.0,1.5,1.0,2.15,3.34,2.5
657,1.0,2.0,1.0,2.0,2.0,1.0,3.0,3.0,3.0,2.0,4.0,3.0,3.0,4.0,3.0,3.0,2.0,3.0,5.0,5.0,4.0,4.0,4.0,5.0,1.0,2.0,1.0,2.0,1.0,2.0,1.33,1.67,3.33,2.66,2.65,3.33,4.33,4.67,1.0,2.0,1.5,3.0,2.99,4.5,1.5
658,2.0,4.0,3.0,3.0,3.0,4.0,6.0,5.0,5.0,6.0,6.0,5.0,6.0,6.0,6.0,7.0,6.0,6.0,7.0,7.0,7.0,7.0,7.0,7.0,4.0,4.0,4.0,5.0,5.0,6.0,2.66,3.67,5.67,5.34,6.03,6.35,7.0,7.0,4.33,5.0,3.16,5.5,6.19,7.0,4.66
659,1.0,1.0,1.0,1.0,1.0,1.0,5.0,5.0,6.0,5.0,4.0,4.0,2.0,2.0,2.0,3.0,2.0,2.0,1.0,2.0,2.0,2.0,2.0,2.0,2.0,4.0,2.0,3.0,2.0,4.0,1.0,1.0,5.01,4.67,2.0,2.32,1.67,2.0,2.0,3.67,1.0,4.84,2.16,1.84,2.84
660,4.0,4.0,4.0,6.0,4.0,5.0,2.0,2.0,3.0,2.0,4.0,2.0,6.0,7.0,6.0,5.0,6.0,6.0,1.0,1.0,1.0,1.0,1.0,1.0,5.0,5.0,5.0,6.0,4.0,6.0,4.0,5.0,2.99,1.99,6.03,6.02,1.0,1.0,4.67,5.67,4.5,2.49,6.02,1.0,5.17
661,3.0,2.0,4.0,3.0,2.0,4.0,7.0,7.0,7.0,7.0,7.0,7.0,4.0,5.0,3.0,3.0,4.0,4.0,2.0,2.0,3.0,3.0,3.0,4.0,3.0,5.0,5.0,5.0,4.0,6.0,3.01,2.99,7.0,7.0,3.68,4.01,2.67,3.0,4.0,5.33,3.0,7.0,3.84,2.84,4.66
662,4.0,5.0,5.0,4.0,4.0,6.0,4.0,3.0,4.0,3.0,4.0,4.0,4.0,4.0,3.0,3.0,4.0,4.0,6.0,6.0,5.0,5.0,5.0,6.0,4.0,5.0,4.0,5.0,3.0,4.0,4.33,5.0,4.0,3.33,3.68,3.67,5.33,5.67,3.67,4.67,4.66,3.66,3.68,5.5,4.17
663,2.0,3.0,2.0,2.0,3.0,3.0,2.0,1.0,2.0,2.0,3.0,2.0,4.0,4.0,2.0,4.0,3.0,3.0,3.0,4.0,4.0,5.0,4.0,4.0,2.0,2.0,1.0,3.0,2.0,2.0,2.33,2.67,2.32,1.66,3.0,3.66,3.67,4.33,1.67,2.33,2.5,1.99,3.33,4.0,2.0
664,1.0,1.0,1.0,1.0,1.0,1.0,5.0,4.0,5.0,5.0,5.0,5.0,3.0,4.0,2.0,3.0,2.0,3.0,4.0,4.0,4.0,4.0,3.0,4.0,2.0,4.0,2.0,3.0,2.0,3.0,1.0,1.0,5.0,4.67,2.32,3.33,3.67,4.0,2.0,3.33,1.0,4.84,2.82,3.84,2.66
665,6.0,7.0,5.0,6.0,4.0,5.0,3.0,3.0,4.0,3.0,4.0,3.0,1.0,1.0,1.0,1.0,1.0,1.0,3.0,3.0,2.0,3.0,2.0,3.0,3.0,3.0,3.0,4.0,3.0,4.0,5.01,6.01,3.66,3.0,1.0,1.0,2.33,3.0,3.0,3.67,5.51,3.33,1.0,2.66,3.34
666,4.0,5.0,4.0,5.0,6.0,5.0,6.0,5.0,6.0,6.0,5.0,6.0,2.0,3.0,2.0,2.0,2.0,3.0,7.0,7.0,7.0,7.0,7.0,7.0,4.0,5.0,3.0,4.0,4.0,4.0,4.66,5.0,5.68,5.68,2.0,2.67,7.0,7.0,3.67,4.33,4.83,5.68,2.34,7.0,4.0
667,5.0,5.0,5.0,6.0,5.0,6.0,6.0,5.0,6.0,6.0,6.0,5.0,5.0,5.0,5.0,5.0,5.0,5.0,6.0,5.0,5.0,5.0,6.0,6.0,6.0,7.0,6.0,7.0,6.0,7.0,5.0,5.66,6.01,5.34,5.02,5.01,5.67,5.33,6.0,7.0,5.33,5.68,5.01,5.5,6.5
668,1.0,2.0,2.0,2.0,2.0,2.0,4.0,4.0,5.0,5.0,5.0,5.0,1.0,2.0,2.0,2.0,1.0,2.0,5.0,5.0,4.0,5.0,4.0,6.0,4.0,5.0,4.0,6.0,4.0,6.0,1.66,2.0,4.67,4.67,1.32,1.99,4.33,5.33,4.0,5.67,1.83,4.67,1.66,4.83,4.84
669,7.0,6.0,4.0,5.0,5.0,6.0,3.0,2.0,3.0,2.0,3.0,2.0,4.0,5.0,3.0,3.0,3.0,3.0,2.0,3.0,2.0,3.0,3.0,3.0,5.0,6.0,4.0,5.0,5.0,5.0,5.34,5.67,3.0,1.99,3.33,3.66,2.33,3.0,4.67,5.33,5.5,2.5,3.5,2.66,5.0
670,1.0,1.0,1.0,1.0,1.0,1.0,2.0,1.0,3.0,2.0,3.0,2.0,3.0,1.0,1.0,1.0,1.0,1.0,1.0,1.0,1.0,2.0,1.0,1.0,1.0,3.0,2.0,3.0,2.0,3.0,1.0,1.0,2.66,1.66,1.64,1.0,1.0,1.33,1.67,3.0,1.0,2.16,1.32,1.16,2.34
671,4.0,6.0,5.0,5.0,5.0,5.0,2.0,2.0,2.0,2.0,3.0,3.0,2.0,3.0,2.0,3.0,2.0,2.0,6.0,6.0,6.0,7.0,6.0,7.0,6.0,5.0,5.0,6.0,5.0,6.0,4.66,5.34,2.32,2.33,2.0,2.66,6.0,6.67,5.33,5.67,5.0,2.33,2.33,6.34,5.5
672,1.0,1.0,1.0,1.0,1.0,1.0,2.0,1.0,2.0,2.0,2.0,2.0,2.0,3.0,2.0,2.0,2.0,2.0,2.0,2.0,1.0,2.0,2.0,3.0,3.0,3.0,3.0,4.0,3.0,4.0,1.0,1.0,1.99,1.66,2.0,2.32,1.67,2.33,3.0,3.67,1.0,1.82,2.16,2.0,3.34
673,7.0,7.0,7.0,7.0,7.0,7.0,6.0,7.0,7.0,6.0,7.0,6.0,2.0,2.0,2.0,2.0,1.0,2.0,3.0,5.0,3.0,3.0,4.0,4.0,7.0,6.0,6.0,6.0,6.0,6.0,7.0,7.0,6.68,6.35,1.65,1.99,3.33,4.0,6.33,6.0,7.0,6.52,1.82,3.66,6.16
674,2.0,2.0,2.0,2.0,1.0,2.0,2.0,2.0,4.0,2.0,3.0,3.0,2.0,2.0,2.0,1.0,1.0,1.0,2.0,2.0,2.0,3.0,3.0,3.0,1.0,2.0,2.0,2.0,2.0,3.0,1.67,2.0,3.0,2.33,1.65,1.32,2.33,2.67,1.67,2.33,1.84,2.66,1.48,2.5,2.0
675,3.0,4.0,3.0,3.0,2.0,2.0,3.0,2.0,3.0,3.0,4.0,3.0,4.0,5.0,5.0,5.0,4.0,4.0,3.0,4.0,3.0,3.0,3.0,4.0,5.0,5.0,4.0,5.0,5.0,5.0,2.67,3.01,3.33,2.66,4.35,4.67,3.0,3.67,4.67,5.0,2.84,3.0,4.51,3.34,4.84
676,3.0,4.0,3.0,4.0,3.0,4.0,6.0,7.0,7.0,6.0,7.0,6.0,1.0,3.0,1.0,2.0,1.0,1.0,3.0,2.0,2.0,3.0,2.0,2.0,3.0,4.0,3.0,4.0,4.0,4.0,3.0,4.0,6.68,6.35,1.0,1.98,2.33,2.33,3.33,4.0,3.5,6.52,1.49,2.33,3.66
677,1.0,2.0,1.0,2.0,2.0,2.0,3.0,2.0,3.0,2.0,3.0,3.0,2.0,3.0,3.0,3.0,2.0,2.0,3.0,4.0,2.0,4.0,3.0,4.0,4.0,5.0,3.0,4.0,4.0,5.0,1.33,2.0,3.0,2.33,2.33,2.66,2.67,4.0,3.67,4.67,1.66,2.66,2.5,3.34,4.17
678,5.0,5.0,4.0,5.0,4.0,4.0,2.0,3.0,3.0,3.0,3.0,2.0,3.0,3.0,3.0,3.0,2.0,3.0,3.0,3.0,2.0,3.0,2.0,3.0,2.0,4.0,2.0,4.0,2.0,4.0,4.34,4.67,2.66,2.66,2.65,3.0,2.33,3.0,2.0,4.0,4.5,2.66,2.82,2.66,3.0
679,3.0,3.0,2.0,3.0,2.0,3.0,1.0,1.0,2.0,2.0,1.0,1.0,2.0,2.0,3.0,3.0,2.0,3.0,3.0,4.0,3.0,4.0,4.0,4.0,3.0,4.0,3.0,3.0,2.0,4.0,2.34,3.0,1.32,1.32,2.33,2.67,3.33,4.0,2.67,3.67,2.67,1.32,2.5,3.66,3.17
680,3.0,3.0,3.0,3.0,4.0,5.0,4.0,4.0,5.0,5.0,5.0,6.0,3.0,4.0,3.0,4.0,3.0,4.0,5.0,5.0,5.0,5.0,4.0,5.0,2.0,3.0,2.0,3.0,2.0,4.0,3.33,3.66,4.67,5.01,3.0,4.01,4.67,5.0,2.0,3.33,3.5,4.84,3.5,4.84,2.66
681,5.0,5.0,4.0,5.0,5.0,6.0,6.0,6.0,7.0,6.0,7.0,6.0,2.0,2.0,2.0,2.0,1.0,2.0,2.0,2.0,2.0,2.0,1.0,2.0,5.0,5.0,5.0,6.0,6.0,6.0,4.67,5.33,6.68,6.01,1.65,1.99,1.67,2.0,5.33,5.67,5.0,6.34,1.82,1.84,5.5
682,2.0,3.0,1.0,2.0,2.0,2.0,5.0,4.0,5.0,6.0,6.0,5.0,3.0,4.0,2.0,2.0,2.0,2.0,1.0,2.0,1.0,2.0,1.0,3.0,5.0,6.0,5.0,5.0,5.0,6.0,1.67,2.34,5.34,5.01,2.32,2.66,1.0,2.33,5.0,5.67,2.0,5.18,2.49,1.66,5.34
683,1.0,1.0,1.0,1.0,1.0,1.0,5.0,4.0,4.0,4.0,4.0,4.0,1.0,1.0,1.0,1.0,1.0,1.0,1.0,2.0,2.0,2.0,2.0,1.0,2.0,3.0,2.0,3.0,2.0,2.0,1.0,1.0,4.34,4.0,1.0,1.0,1.67,1.67,2.0,2.67,1.0,4.17,1.0,1.67,2.34
684,2.0,2.0,1.0,1.0,1.0,1.0,1.0,1.0,1.0,2.0,1.0,1.0,1.0,2.0,2.0,1.0,2.0,2.0,2.0,2.0,2.0,2.0,2.0,3.0,3.0,4.0,4.0,4.0,3.0,4.0,1.34,1.34,1.0,1.32,1.67,1.66,2.0,2.33,3.33,4.0,1.34,1.16,1.66,2.16,3.66
685,5.0,5.0,3.0,5.0,5.0,5.0,3.0,2.0,3.0,3.0,2.0,2.0,5.0,5.0,4.0,5.0,4.0,4.0,5.0,6.0,5.0,7.0,6.0,7.0,4.0,5.0,5.0,6.0,5.0,5.0,4.33,5.0,2.66,2.33,4.34,4.67,5.33,6.67,4.67,5.33,4.66,2.5,4.5,6.0,5.0
686,2.0,2.0,2.0,4.0,2.0,2.0,3.0,4.0,3.0,4.0,4.0,3.0,2.0,3.0,2.0,3.0,2.0,3.0,4.0,4.0,3.0,5.0,3.0,4.0,3.0,4.0,3.0,3.0,4.0,5.0,2.0,2.67,3.33,3.67,2.0,3.0,3.33,4.33,3.33,4.0,2.34,3.5,2.5,3.83,3.66
687,5.0,6.0,4.0,4.0,6.0,7.0,5.0,5.0,5.0,5.0,5.0,4.0,3.0,3.0,4.0,4.0,3.0,4.0,5.0,5.0,6.0,6.0,6.0,6.0,2.0,4.0,2.0,3.0,3.0,4.0,5.0,5.66,5.0,4.67,3.34,3.67,5.67,5.67,2.33,3.67,5.33,4.84,3.5,5.67,3.0
688,4.0,6.0,5.0,5.0,5.0,5.0,5.0,4.0,5.0,5.0,6.0,5.0,2.0,3.0,2.0,3.0,2.0,2.0,6.0,7.0,6.0,6.0,6.0,7.0,2.0,4.0,4.0,5.0,4.0,5.0,4.66,5.34,5.34,4.67,2.0,2.66,6.0,6.67,3.33,4.67,5.0,5.0,2.33,6.34,4.0
689,1.0,1.0,1.0,1.0,1.0,1.0,4.0,3.0,4.0,4.0,3.0,4.0,1.0,1.0,1.0,1.0,1.0,1.0,5.0,5.0,5.0,5.0,5.0,5.0,5.0,6.0,5.0,6.0,5.0,6.0,1.0,1.0,3.67,3.67,1.0,1.0,5.0,5.0,5.0,6.0,1.0,3.67,1.0,5.0,5.5
690,6.0,6.0,6.0,7.0,5.0,6.0,7.0,6.0,7.0,6.0,7.0,5.0,7.0,7.0,7.0,7.0,7.0,7.0,4.0,5.0,6.0,5.0,5.0,5.0,4.0,5.0,4.0,6.0,5.0,4.0,5.67,6.33,7.0,5.68,7.0,7.0,5.0,5.0,4.33,5.0,6.0,6.34,7.0,5.0,4.66
691,4.0,4.0,3.0,5.0,6.0,4.0,3.0,2.0,3.0,3.0,3.0,3.0,5.0,6.0,5.0,5.0,4.0,5.0,7.0,7.0,6.0,7.0,7.0,7.0,4.0,6.0,4.0,6.0,4.0,5.0,4.32,4.33,3.0,2.66,4.67,5.35,6.67,7.0,4.0,5.67,4.32,2.83,5.01,6.84,4.84
692,1.0,2.0,1.0,1.0,2.0,2.0,5.0,4.0,4.0,4.0,5.0,4.0,2.0,3.0,2.0,3.0,2.0,2.0,3.0,4.0,3.0,5.0,3.0,4.0,4.0,5.0,6.0,6.0,5.0,6.0,1.33,1.67,4.67,4.0,2.0,2.66,3.0,4.33,5.0,5.67,1.5,4.34,2.33,3.66,5.34
693,3.0,3.0,3.0,3.0,2.0,4.0,4.0,4.0,5.0,5.0,4.0,4.0,2.0,2.0,1.0,2.0,2.0,2.0,1.0,2.0,1.0,2.0,1.0,1.0,3.0,5.0,4.0,5.0,4.0,5.0,2.67,3.33,4.34,4.34,1.66,1.99,1.0,1.67,3.67,5.0,3.0,4.34,1.82,1.34,4.34
694,5.0,5.0,5.0,5.0,4.0,4.0,2.0,2.0,2.0,2.0,2.0,2.0,3.0,3.0,5.0,4.0,3.0,3.0,5.0,6.0,6.0,6.0,5.0,6.0,2.0,4.0,4.0,5.0,3.0,4.0,4.67,4.67,1.99,1.99,3.67,3.33,5.33,6.0,3.0,4.33,4.67,1.99,3.5,5.66,3.66
695,6.0,7.0,6.0,7.0,7.0,6.0,6.0,5.0,5.0,6.0,6.0,6.0,6.0,6.0,7.0,7.0,5.0,6.0,4.0,5.0,4.0,6.0,4.0,4.0,5.0,6.0,4.0,6.0,5.0,6.0,6.33,6.67,5.67,5.68,6.01,6.35,4.0,5.0,4.67,6.0,6.5,5.68,6.18,4.5,5.34
696,1.0,2.0,2.0,1.0,1.0,2.0,5.0,5.0,7.0,6.0,6.0,5.0,5.0,6.0,6.0,6.0,5.0,5.0,2.0,4.0,3.0,3.0,2.0,3.0,3.0,4.0,4.0,5.0,4.0,5.0,1.33,1.67,6.01,5.34,5.35,5.68,2.33,3.33,3.67,4.67,1.5,5.68,5.52,2.83,4.17
697,2.0,3.0,3.0,3.0,2.0,4.0,2.0,1.0,3.0,2.0,2.0,1.0,3.0,3.0,2.0,4.0,2.0,4.0,3.0,3.0,3.0,3.0,2.0,2.0,4.0,5.0,3.0,5.0,4.0,5.0,2.33,3.33,2.33,1.32,2.32,3.67,2.67,2.67,3.67,5.0,2.83,1.83,3.0,2.67,4.34
698,7.0,7.0,7.0,7.0,7.0,7.0,3.0,2.0,3.0,3.0,3.0,3.0,4.0,4.0,3.0,3.0,3.0,4.0,3.0,4.0,2.0,4.0,3.0,4.0,2.0,4.0,3.0,4.0,2.0,3.0,7.0,7.0,3.0,2.66,3.33,3.67,2.67,4.0,2.33,3.67,7.0,2.83,3.5,3.34,3.0
699,6.0,7.0,6.0,6.0,6.0,7.0,2.0,1.0,2.0,2.0,2.0,1.0,3.0,3.0,2.0,3.0,2.0,2.0,1.0,2.0,1.0,2.0,3.0,3.0,5.0,5.0,5.0,6.0,5.0,5.0,6.0,6.67,1.99,1.32,2.32,2.66,1.67,2.33,5.0,5.33,6.34,1.66,2.49,2.0,5.16
700,6.0,6.0,5.0,5.0,5.0,6.0,3.0,3.0,4.0,3.0,4.0,4.0,4.0,5.0,4.0,5.0,3.0,5.0,5.0,5.0,5.0,6.0,4.0,5.0,6.0,7.0,7.0,7.0,7.0,7.0,5.34,5.67,3.66,3.33,3.66,5.01,4.67,5.33,6.67,7.0,5.5,3.5,4.34,5.0,6.84
701,1.0,1.0,1.0,1.0,1.0,1.0,5.0,4.0,5.0,4.0,5.0,5.0,4.0,4.0,3.0,4.0,4.0,4.0,5.0,5.0,5.0,5.0,5.0,5.0,3.0,4.0,4.0,4.0,4.0,5.0,1.0,1.0,5.0,4.34,3.68,4.01,5.0,5.0,3.67,4.33,1.0,4.67,3.84,5.0,4.0
702,4.0,4.0,3.0,4.0,3.0,5.0,3.0,2.0,2.0,1.0,2.0,2.0,3.0,4.0,3.0,3.0,3.0,3.0,3.0,4.0,3.0,3.0,4.0,4.0,5.0,6.0,5.0,6.0,5.0,6.0,3.34,4.33,2.33,1.66,3.0,3.33,3.33,3.67,5.0,6.0,3.84,2.0,3.16,3.5,5.5
703,3.0,3.0,4.0,4.0,4.0,4.0,7.0,6.0,7.0,7.0,7.0,6.0,4.0,5.0,3.0,4.0,3.0,3.0,6.0,7.0,7.0,7.0,7.0,7.0,2.0,3.0,2.0,4.0,2.0,3.0,3.66,3.66,7.0,6.35,3.33,4.0,6.67,7.0,2.0,3.33,3.66,6.68,3.66,6.84,2.66
704,1.0,1.0,1.0,1.0,1.0,1.0,1.0,1.0,1.0,1.0,1.0,1.0,2.0,3.0,2.0,3.0,2.0,2.0,2.0,3.0,2.0,3.0,3.0,3.0,4.0,5.0,3.0,5.0,5.0,5.0,1.0,1.0,1.0,1.0,2.0,2.66,2.33,3.0,4.0,5.0,1.0,1.0,2.33,2.66,4.5
705,4.0,5.0,4.0,5.0,3.0,4.0,4.0,3.0,3.0,3.0,5.0,3.0,3.0,4.0,3.0,3.0,3.0,3.0,4.0,4.0,4.0,4.0,4.0,5.0,7.0,7.0,7.0,7.0,7.0,7.0,3.67,4.67,4.0,3.0,3.0,3.33,4.0,4.33,7.0,7.0,4.17,3.5,3.16,4.16,7.0
706,4.0,4.0,6.0,5.0,3.0,5.0,4.0,4.0,5.0,4.0,4.0,5.0,3.0,3.0,2.0,3.0,2.0,2.0,3.0,4.0,3.0,3.0,3.0,4.0,1.0,1.0,1.0,2.0,2.0,2.0,4.34,4.66,4.34,4.34,2.32,2.66,3.0,3.67,1.33,1.67,4.5,4.34,2.49,3.34,1.5
707,1.0,1.0,1.0,1.0,1.0,2.0,6.0,6.0,7.0,7.0,7.0,6.0,4.0,4.0,4.0,5.0,3.0,4.0,4.0,5.0,4.0,5.0,3.0,5.0,4.0,6.0,5.0,6.0,4.0,5.0,1.0,1.33,6.68,6.35,3.66,4.34,3.67,5.0,4.33,5.67,1.16,6.52,4.0,4.34,5.0
708,6.0,6.0,7.0,6.0,6.0,7.0,4.0,4.0,5.0,4.0,5.0,4.0,5.0,6.0,5.0,6.0,5.0,5.0,6.0,6.0,4.0,5.0,5.0,4.0,4.0,5.0,4.0,5.0,4.0,4.0,6.34,6.33,4.67,4.0,5.02,5.68,5.0,5.0,4.0,4.67,6.34,4.34,5.35,5.0,4.34
709,1.0,2.0,1.0,1.0,1.0,1.0,1.0,1.0,1.0,2.0,2.0,2.0,5.0,5.0,4.0,4.0,5.0,4.0,2.0,3.0,2.0,4.0,3.0,4.0,2.0,3.0,3.0,4.0,3.0,4.0,1.0,1.34,1.32,1.66,4.69,4.34,2.33,3.67,2.67,3.67,1.17,1.49,4.52,3.0,3.17
710,3.0,5.0,3.0,3.0,3.0,4.0,4.0,3.0,4.0,4.0,4.0,4.0,3.0,4.0,3.0,5.0,2.0,3.0,4.0,5.0,3.0,4.0,4.0,5.0,2.0,4.0,3.0,3.0,3.0,3.0,3.0,4.0,4.0,3.67,2.65,4.0,3.67,4.67,2.67,3.33,3.5,3.84,3.32,4.17,3.0
711,3.0,4.0,2.0,4.0,3.0,3.0,4.0,3.0,3.0,4.0,4.0,3.0,4.0,4.0,4.0,4.0,3.0,3.0,4.0,5.0,4.0,5.0,5.0,4.0,2.0,3.0,3.0,3.0,2.0,3.0,2.67,3.67,3.67,3.33,3.66,3.66,4.33,4.67,2.33,3.0,3.17,3.5,3.66,4.5,2.66
712,6.0,6.0,6.0,7.0,6.0,7.0,6.0,6.0,7.0,7.0,6.0,7.0,3.0,3.0,4.0,3.0,3.0,3.0,7.0,6.0,6.0,7.0,6.0,6.0,6.0,7.0,6.0,7.0,5.0,6.0,6.0,6.67,6.34,6.68,3.34,3.0,6.33,6.33,5.67,6.67,6.34,6.51,3.17,6.33,6.17
713,1.0,1.0,1.0,1.0,1.0,1.0,6.0,5.0,5.0,5.0,6.0,5.0,7.0,7.0,7.0,7.0,7.0,7.0,1.0,2.0,2.0,2.0,1.0,2.0,5.0,6.0,5.0,6.0,5.0,5.0,1.0,1.0,5.67,5.01,7.0,7.0,1.33,2.0,5.0,5.67,1.0,5.34,7.0,1.66,5.34
714,3.0,4.0,4.0,5.0,3.0,4.0,3.0,3.0,4.0,5.0,4.0,4.0,2.0,3.0,2.0,3.0,1.0,2.0,4.0,3.0,3.0,4.0,3.0,4.0,5.0,6.0,4.0,6.0,5.0,5.0,3.33,4.33,3.66,4.0,1.65,2.66,3.33,3.67,4.67,5.67,3.83,3.83,2.16,3.5,5.17
715,2.0,1.0,2.0,2.0,1.0,2.0,2.0,1.0,3.0,3.0,4.0,3.0,1.0,1.0,1.0,1.0,1.0,1.0,3.0,5.0,4.0,4.0,4.0,4.0,2.0,3.0,1.0,3.0,1.0,2.0,1.67,1.66,2.99,2.33,1.0,1.0,3.67,4.33,1.33,2.67,1.66,2.66,1.0,4.0,2.0
716,1.0,1.0,1.0,1.0,1.0,1.0,2.0,2.0,3.0,3.0,2.0,2.0,4.0,4.0,4.0,4.0,3.0,2.0,4.0,4.0,3.0,4.0,4.0,5.0,1.0,1.0,3.0,1.0,1.0,1.0,1.0,1.0,2.33,2.33,3.66,3.32,3.67,4.33,1.67,1.0,1.0,2.33,3.49,4.0,1.34
717,5.0,6.0,4.0,4.0,5.0,5.0,6.0,6.0,7.0,6.0,6.0,6.0,4.0,4.0,3.0,4.0,3.0,4.0,4.0,5.0,4.0,4.0,3.0,3.0,4.0,4.0,3.0,5.0,4.0,5.0,4.67,5.0,6.34,6.01,3.33,4.01,3.67,4.0,3.67,4.67,4.84,6.18,3.67,3.84,4.17
718,4.0,6.0,6.0,6.0,6.0,6.0,4.0,4.0,4.0,3.0,4.0,4.0,3.0,4.0,3.0,4.0,3.0,3.0,6.0,7.0,7.0,7.0,6.0,7.0,1.0,2.0,1.0,2.0,1.0,1.0,5.33,6.0,4.0,3.67,3.0,3.66,6.33,7.0,1.0,1.67,5.66,3.84,3.33,6.66,1.34
719,7.0,7.0,7.0,7.0,3.0,7.0,7.0,7.0,7.0,7.0,7.0,7.0,6.0,5.0,5.0,5.0,5.0,6.0,4.0,5.0,5.0,6.0,4.0,5.0,7.0,7.0,7.0,7.0,7.0,7.0,5.69,7.0,7.0,7.0,5.35,5.36,4.33,5.33,7.0,7.0,6.35,7.0,5.36,4.83,7.0
720,1.0,2.0,1.0,1.0,1.0,2.0,3.0,2.0,2.0,2.0,2.0,2.0,1.0,1.0,1.0,2.0,2.0,2.0,4.0,4.0,4.0,4.0,4.0,5.0,2.0,4.0,2.0,4.0,3.0,5.0,1.0,1.67,2.33,1.99,1.34,1.66,4.0,4.33,2.33,4.33,1.34,2.16,1.5,4.16,3.33
721,2.0,4.0,4.0,4.0,4.0,5.0,3.0,3.0,4.0,3.0,3.0,3.0,2.0,3.0,2.0,3.0,2.0,2.0,3.0,3.0,3.0,4.0,3.0,3.0,3.0,4.0,3.0,4.0,3.0,5.0,3.33,4.33,3.33,3.0,2.0,2.66,3.0,3.33,3.0,4.33,3.83,3.16,2.33,3.16,3.66
722,3.0,2.0,3.0,4.0,3.0,4.0,4.0,4.0,5.0,5.0,5.0,4.0,5.0,5.0,4.0,3.0,3.0,3.0,5.0,5.0,5.0,6.0,6.0,6.0,2.0,3.0,2.0,4.0,3.0,4.0,3.0,3.33,4.67,4.34,3.99,3.66,5.33,5.67,2.33,3.67,3.16,4.5,3.82,5.5,3.0
723,2.0,1.0,2.0,3.0,2.0,2.0,2.0,2.0,2.0,2.0,3.0,2.0,3.0,4.0,3.0,4.0,3.0,4.0,4.0,5.0,4.0,6.0,4.0,4.0,3.0,5.0,5.0,6.0,5.0,6.0,2.0,2.0,2.32,1.99,3.0,4.01,4.0,5.0,4.33,5.67,2.0,2.15,3.5,4.5,5.0
724,1.0,2.0,1.0,1.0,1.0,1.0,5.0,3.0,5.0,5.0,5.0,4.0,2.0,3.0,2.0,2.0,1.0,1.0,3.0,3.0,3.0,3.0,3.0,3.0,3.0,5.0,3.0,4.0,3.0,3.0,1.0,1.34,5.0,4.0,1.65,1.98,3.0,3.0,3.0,4.0,1.17,4.5,1.82,3.0,3.5
725,3.0,4.0,3.0,4.0,3.0,3.0,4.0,4.0,4.0,4.0,4.0,4.0,4.0,4.0,3.0,3.0,3.0,3.0,5.0,6.0,4.0,5.0,5.0,6.0,3.0,3.0,3.0,5.0,3.0,4.0,3.0,3.67,4.0,4.0,3.33,3.33,4.67,5.67,3.0,4.0,3.34,4.0,3.33,5.17,3.5
726,2.0,3.0,2.0,2.0,2.0,3.0,5.0,4.0,5.0,4.0,5.0,4.0,4.0,5.0,6.0,5.0,4.0,5.0,4.0,6.0,5.0,5.0,4.0,6.0,4.0,5.0,4.0,5.0,4.0,4.0,2.0,2.67,5.0,4.0,4.68,5.01,4.33,5.67,4.0,4.67,2.34,4.5,4.84,5.0,4.34
727,5.0,6.0,5.0,6.0,5.0,6.0,5.0,5.0,6.0,5.0,6.0,5.0,3.0,3.0,3.0,3.0,2.0,2.0,4.0,5.0,5.0,5.0,5.0,5.0,6.0,7.0,6.0,7.0,6.0,7.0,5.0,6.0,5.67,5.01,2.65,2.66,4.67,5.0,6.0,7.0,5.5,5.34,2.66,4.84,6.5
728,3.0,2.0,2.0,4.0,2.0,3.0,4.0,3.0,5.0,4.0,4.0,4.0,7.0,7.0,7.0,7.0,6.0,7.0,6.0,6.0,5.0,7.0,6.0,6.0,3.0,4.0,4.0,5.0,4.0,6.0,2.34,3.0,4.34,3.67,6.69,7.0,5.67,6.33,3.67,5.0,2.67,4.0,6.85,6.0,4.34
729,1.0,1.0,1.0,1.0,1.0,1.0,4.0,3.0,3.0,4.0,3.0,2.0,5.0,5.0,3.0,4.0,4.0,4.0,3.0,4.0,5.0,4.0,4.0,5.0,2.0,3.0,2.0,3.0,2.0,4.0,1.0,1.0,3.33,3.0,4.01,4.34,4.0,4.33,2.0,3.33,1.0,3.16,4.18,4.16,2.66
730,7.0,7.0,7.0,7.0,6.0,7.0,4.0,6.0,6.0,6.0,6.0,5.0,5.0,5.0,4.0,5.0,5.0,5.0,5.0,6.0,4.0,5.0,5.0,6.0,5.0,6.0,5.0,7.0,6.0,6.0,6.67,7.0,5.34,5.68,4.69,5.01,4.67,5.67,5.33,6.33,6.84,5.51,4.85,5.17,5.83
731,5.0,4.0,5.0,4.0,5.0,5.0,3.0,3.0,3.0,3.0,3.0,3.0,2.0,2.0,2.0,2.0,2.0,2.0,2.0,2.0,1.0,2.0,2.0,3.0,2.0,3.0,2.0,3.0,2.0,3.0,5.0,4.33,3.0,3.0,2.0,1.99,1.67,2.33,2.0,3.0,4.66,3.0,2.0,2.0,2.5
732,6.0,7.0,6.0,7.0,6.0,7.0,5.0,5.0,6.0,6.0,6.0,6.0,2.0,3.0,3.0,2.0,2.0,2.0,2.0,4.0,3.0,3.0,3.0,3.0,4.0,5.0,5.0,5.0,5.0,7.0,6.0,7.0,5.67,5.68,2.33,2.32,2.67,3.33,4.67,5.67,6.5,5.68,2.33,3.0,5.17
733,1.0,1.0,1.0,1.0,1.0,1.0,1.0,2.0,1.0,1.0,2.0,1.0,5.0,6.0,6.0,7.0,5.0,6.0,5.0,4.0,4.0,5.0,5.0,5.0,3.0,5.0,3.0,5.0,4.0,5.0,1.0,1.0,1.32,1.32,5.35,6.35,4.67,4.67,3.33,5.0,1.0,1.32,5.85,4.67,4.16
734,2.0,2.0,3.0,3.0,2.0,3.0,5.0,4.0,5.0,5.0,5.0,4.0,2.0,4.0,2.0,3.0,2.0,3.0,5.0,6.0,5.0,6.0,5.0,5.0,5.0,7.0,6.0,6.0,6.0,7.0,2.33,2.66,5.0,4.34,2.0,3.33,5.0,5.67,5.67,6.67,2.5,4.67,2.66,5.34,6.17
735,4.0,4.0,4.0,5.0,4.0,6.0,5.0,4.0,5.0,5.0,6.0,6.0,1.0,2.0,1.0,2.0,1.0,1.0,5.0,6.0,4.0,6.0,5.0,6.0,2.0,3.0,3.0,4.0,3.0,4.0,4.0,5.0,5.34,5.01,1.0,1.65,4.67,6.0,2.67,3.67,4.5,5.18,1.32,5.34,3.17
736,4.0,6.0,6.0,6.0,5.0,6.0,4.0,4.0,4.0,4.0,5.0,4.0,6.0,6.0,5.0,6.0,5.0,5.0,2.0,3.0,1.0,2.0,4.0,2.0,1.0,2.0,1.0,2.0,2.0,2.0,5.0,6.0,4.33,4.0,5.35,5.68,2.34,2.33,1.33,2.0,5.5,4.16,5.52,2.34,1.66
737,1.0,1.0,1.0,1.0,1.0,2.0,2.0,2.0,4.0,3.0,3.0,3.0,1.0,2.0,1.0,2.0,1.0,1.0,3.0,4.0,4.0,5.0,4.0,5.0,2.0,2.0,2.0,2.0,2.0,2.0,1.0,1.33,3.0,2.66,1.0,1.65,3.67,4.67,2.0,2.0,1.16,2.83,1.32,4.17,2.0
738,3.0,4.0,4.0,4.0,4.0,5.0,5.0,5.0,5.0,6.0,4.0,5.0,5.0,4.0,4.0,4.0,2.0,3.0,3.0,4.0,3.0,4.0,5.0,5.0,5.0,6.0,5.0,6.0,6.0,7.0,3.66,4.33,4.67,5.34,3.64,3.66,3.67,4.33,5.33,6.33,4.0,5.0,3.65,4.0,5.83
739,2.0,3.0,2.0,3.0,2.0,3.0,4.0,1.0,2.0,1.0,2.0,2.0,1.0,1.0,1.0,1.0,1.0,2.0,3.0,3.0,3.0,4.0,2.0,3.0,2.0,3.0,2.0,3.0,3.0,3.0,2.0,3.0,2.66,1.32,1.0,1.33,2.67,3.33,2.33,3.0,2.5,1.99,1.16,3.0,2.66
740,3.0,4.0,3.0,4.0,4.0,4.0,4.0,3.0,4.0,4.0,4.0,4.0,3.0,4.0,4.0,4.0,3.0,3.0,3.0,3.0,4.0,3.0,3.0,4.0,4.0,6.0,5.0,7.0,5.0,6.0,3.33,4.0,4.0,3.67,3.34,3.66,3.33,3.33,4.67,6.33,3.66,3.84,3.5,3.33,5.5
741,3.0,4.0,4.0,4.0,4.0,4.0,1.0,1.0,1.0,1.0,1.0,1.0,1.0,2.0,1.0,2.0,1.0,2.0,2.0,2.0,1.0,2.0,2.0,2.0,4.0,5.0,4.0,4.0,3.0,5.0,3.66,4.0,1.0,1.0,1.0,1.99,1.67,2.0,3.67,4.67,3.83,1.0,1.5,1.84,4.17
742,1.0,2.0,2.0,2.0,2.0,1.0,6.0,6.0,7.0,6.0,6.0,6.0,1.0,1.0,2.0,2.0,1.0,1.0,4.0,5.0,3.0,5.0,4.0,4.0,4.0,5.0,5.0,6.0,5.0,5.0,1.66,1.67,6.34,6.01,1.32,1.32,3.67,4.67,4.67,5.33,1.66,6.18,1.32,4.17,5.0
743,4.0,4.0,4.0,5.0,4.0,4.0,1.0,1.0,2.0,1.0,2.0,2.0,1.0,2.0,1.0,1.0,1.0,2.0,3.0,3.0,2.0,3.0,2.0,2.0,1.0,3.0,3.0,3.0,2.0,2.0,4.0,4.33,1.66,1.32,1.0,1.66,2.33,2.67,2.0,2.67,4.16,1.49,1.33,2.5,2.34
744,3.0,4.0,3.0,4.0,3.0,3.0,4.0,3.0,4.0,3.0,4.0,5.0,4.0,4.0,5.0,4.0,4.0,5.0,6.0,6.0,6.0,6.0,6.0,6.0,1.0,2.0,1.0,2.0,1.0,1.0,3.0,3.67,4.0,3.67,4.35,4.35,6.0,6.0,1.0,1.67,3.34,3.84,4.35,6.0,1.34
745,1.0,2.0,1.0,1.0,1.0,1.0,4.0,4.0,4.0,4.0,4.0,4.0,4.0,4.0,3.0,3.0,4.0,4.0,3.0,3.0,3.0,5.0,3.0,4.0,1.0,3.0,2.0,3.0,2.0,2.0,1.0,1.34,4.0,4.0,3.68,3.67,3.0,4.0,1.67,2.67,1.17,4.0,3.68,3.5,2.17
746,4.0,4.0,3.0,3.0,4.0,4.0,4.0,3.0,4.0,5.0,3.0,3.0,1.0,2.0,1.0,1.0,1.0,1.0,1.0,1.0,1.0,1.0,1.0,1.0,2.0,2.0,3.0,3.0,2.0,3.0,3.67,3.67,3.67,3.67,1.0,1.32,1.0,1.0,2.33,2.67,3.67,3.67,1.16,1.0,2.5
747,2.0,3.0,2.0,3.0,2.0,3.0,4.0,3.0,2.0,4.0,4.0,4.0,2.0,2.0,1.0,2.0,1.0,1.0,3.0,4.0,3.0,4.0,4.0,4.0,4.0,5.0,3.0,4.0,3.0,4.0,2.0,3.0,3.33,3.67,1.31,1.65,3.33,4.0,3.33,4.33,2.5,3.5,1.48,3.66,3.83
748,3.0,2.0,3.0,4.0,3.0,3.0,3.0,4.0,4.0,4.0,5.0,4.0,2.0,4.0,4.0,4.0,3.0,4.0,2.0,3.0,3.0,3.0,3.0,3.0,3.0,3.0,3.0,3.0,2.0,3.0,3.0,3.0,4.0,4.0,3.01,4.01,2.67,3.0,2.67,3.0,3.0,4.0,3.51,2.84,2.84
749,4.0,5.0,4.0,4.0,4.0,6.0,5.0,4.0,4.0,5.0,5.0,4.0,4.0,4.0,3.0,5.0,3.0,4.0,4.0,5.0,5.0,6.0,6.0,6.0,4.0,5.0,5.0,5.0,5.0,6.0,4.0,5.0,4.67,4.34,3.33,4.34,5.0,5.67,4.67,5.33,4.5,4.5,3.84,5.34,5.0
750,4.0,5.0,3.0,4.0,3.0,5.0,4.0,4.0,4.0,4.0,4.0,4.0,4.0,4.0,4.0,5.0,3.0,4.0,7.0,7.0,7.0,7.0,6.0,7.0,5.0,6.0,4.0,6.0,5.0,6.0,3.34,4.67,4.0,4.0,3.66,4.34,6.67,7.0,4.67,6.0,4.0,4.0,4.0,6.84,5.34
751,1.0,1.0,1.0,1.0,1.0,1.0,2.0,2.0,3.0,2.0,2.0,1.0,2.0,2.0,3.0,4.0,2.0,2.0,4.0,5.0,5.0,5.0,4.0,5.0,5.0,7.0,5.0,6.0,6.0,6.0,1.0,1.0,2.33,1.66,2.33,2.66,4.33,5.0,5.33,6.33,1.0,2.0,2.5,4.66,5.83
752,5.0,6.0,6.0,5.0,6.0,6.0,5.0,5.0,5.0,5.0,4.0,4.0,3.0,5.0,3.0,2.0,4.0,3.0,6.0,6.0,7.0,7.0,6.0,7.0,5.0,6.0,5.0,6.0,6.0,6.0,5.66,5.67,4.67,4.67,3.35,3.33,6.33,6.67,5.33,6.0,5.66,4.67,3.34,6.5,5.66
753,4.0,3.0,3.0,4.0,4.0,5.0,5.0,4.0,7.0,6.0,6.0,5.0,4.0,5.0,5.0,5.0,4.0,4.0,6.0,7.0,6.0,7.0,6.0,7.0,3.0,4.0,4.0,4.0,3.0,4.0,3.67,3.99,6.01,5.01,4.35,4.67,6.0,7.0,3.33,4.0,3.83,5.51,4.51,6.5,3.66
754,1.0,1.0,2.0,2.0,1.0,1.0,4.0,4.0,4.0,4.0,5.0,5.0,5.0,5.0,5.0,4.0,5.0,5.0,7.0,7.0,6.0,7.0,6.0,6.0,4.0,5.0,5.0,5.0,5.0,5.0,1.33,1.33,4.33,4.34,5.02,4.68,6.33,6.67,4.67,5.0,1.33,4.34,4.85,6.5,4.84
755,6.0,6.0,6.0,7.0,7.0,7.0,5.0,4.0,4.0,5.0,4.0,4.0,4.0,4.0,4.0,4.0,3.0,4.0,6.0,7.0,6.0,6.0,6.0,6.0,6.0,7.0,7.0,7.0,6.0,6.0,6.33,6.67,4.34,4.34,3.66,4.01,6.0,6.33,6.33,6.67,6.5,4.34,3.84,6.16,6.5
756,3.0,5.0,5.0,5.0,4.0,5.0,1.0,1.0,1.0,1.0,1.0,1.0,1.0,2.0,1.0,1.0,1.0,1.0,1.0,1.0,1.0,1.0,1.0,1.0,1.0,2.0,1.0,2.0,1.0,1.0,4.0,5.0,1.0,1.0,1.0,1.32,1.0,1.0,1.0,1.67,4.5,1.0,1.16,1.0,1.34
757,4.0,4.0,4.0,4.0,4.0,5.0,4.0,3.0,3.0,4.0,4.0,3.0,3.0,4.0,3.0,5.0,3.0,3.0,4.0,5.0,3.0,4.0,4.0,5.0,4.0,4.0,4.0,4.0,3.0,4.0,4.0,4.33,3.67,3.33,3.0,4.0,3.67,4.67,3.67,4.0,4.16,3.5,3.5,4.17,3.84
758,3.0,3.0,4.0,5.0,4.0,4.0,1.0,1.0,1.0,1.0,1.0,1.0,2.0,3.0,3.0,3.0,2.0,3.0,1.0,2.0,1.0,1.0,1.0,1.0,1.0,1.0,1.0,1.0,1.0,1.0,3.66,4.0,1.0,1.0,2.33,3.0,1.0,1.33,1.0,1.0,3.83,1.0,2.66,1.16,1.0
759,2.0,3.0,2.0,3.0,3.0,4.0,1.0,1.0,1.0,1.0,2.0,2.0,2.0,3.0,2.0,3.0,1.0,1.0,2.0,2.0,2.0,2.0,1.0,1.0,1.0,1.0,1.0,1.0,1.0,1.0,2.33,3.33,1.32,1.32,1.65,2.31,1.67,1.67,1.0,1.0,2.83,1.32,1.98,1.67,1.0
760,3.0,4.0,4.0,4.0,4.0,5.0,7.0,6.0,7.0,6.0,7.0,6.0,5.0,6.0,5.0,5.0,3.0,5.0,5.0,5.0,5.0,5.0,4.0,5.0,6.0,7.0,6.0,6.0,6.0,7.0,3.66,4.33,7.0,6.01,4.32,5.35,4.67,5.0,6.0,6.67,4.0,6.5,4.84,4.84,6.34
761,3.0,3.0,3.0,3.0,3.0,3.0,4.0,4.0,4.0,3.0,4.0,5.0,7.0,7.0,7.0,7.0,7.0,7.0,4.0,4.0,4.0,5.0,4.0,5.0,6.0,6.0,6.0,7.0,5.0,6.0,3.0,3.0,4.0,4.0,7.0,7.0,4.0,4.67,5.67,6.33,3.0,4.0,7.0,4.34,6.0
762,1.0,1.0,1.0,1.0,1.0,1.0,3.0,2.0,3.0,3.0,2.0,3.0,5.0,5.0,5.0,5.0,5.0,5.0,6.0,5.0,5.0,6.0,5.0,6.0,3.0,5.0,4.0,5.0,3.0,4.0,1.0,1.0,2.66,2.66,5.02,5.01,5.33,5.67,3.33,4.67,1.0,2.66,5.01,5.5,4.0
763,2.0,1.0,2.0,2.0,2.0,2.0,2.0,3.0,3.0,2.0,3.0,2.0,2.0,2.0,2.0,2.0,2.0,2.0,6.0,7.0,6.0,6.0,6.0,6.0,3.0,4.0,3.0,4.0,3.0,4.0,2.0,1.66,2.66,2.33,2.0,1.99,6.0,6.33,3.0,4.0,1.83,2.5,2.0,6.16,3.5
764,3.0,3.0,2.0,4.0,2.0,3.0,4.0,4.0,4.0,4.0,5.0,5.0,4.0,4.0,3.0,3.0,2.0,2.0,5.0,6.0,6.0,6.0,6.0,6.0,4.0,5.0,5.0,7.0,5.0,5.0,2.34,3.33,4.33,4.34,2.98,2.99,5.67,6.0,4.67,5.67,2.84,4.34,2.99,5.84,5.17
765,1.0,2.0,2.0,1.0,1.0,1.0,5.0,4.0,4.0,3.0,5.0,4.0,3.0,3.0,3.0,2.0,2.0,2.0,2.0,3.0,4.0,4.0,3.0,4.0,3.0,4.0,3.0,5.0,3.0,4.0,1.33,1.34,4.67,3.67,2.65,2.32,3.0,3.67,3.0,4.33,1.34,4.17,2.48,3.34,3.66
766,1.0,1.0,1.0,1.0,1.0,1.0,3.0,3.0,3.0,2.0,3.0,3.0,1.0,1.0,1.0,1.0,1.0,1.0,2.0,3.0,2.0,2.0,2.0,3.0,3.0,4.0,3.0,4.0,3.0,4.0,1.0,1.0,3.0,2.66,1.0,1.0,2.0,2.67,3.0,4.0,1.0,2.83,1.0,2.34,3.5
767,6.0,6.0,6.0,7.0,6.0,7.0,4.0,4.0,5.0,3.0,4.0,4.0,3.0,4.0,2.0,2.0,2.0,2.0,4.0,5.0,5.0,5.0,5.0,5.0,4.0,6.0,5.0,6.0,5.0,6.0,6.0,6.67,4.34,3.67,2.32,2.66,4.67,5.0,4.67,6.0,6.34,4.0,2.49,4.84,5.34
768,2.0,2.0,1.0,2.0,2.0,2.0,5.0,5.0,6.0,5.0,5.0,5.0,3.0,4.0,4.0,4.0,4.0,3.0,1.0,1.0,1.0,2.0,1.0,2.0,3.0,4.0,3.0,4.0,3.0,5.0,1.67,2.0,5.34,5.01,3.69,3.66,1.0,1.67,3.0,4.33,1.84,5.18,3.68,1.34,3.66
769,1.0,2.0,2.0,4.0,3.0,4.0,1.0,1.0,1.0,2.0,2.0,1.0,3.0,4.0,3.0,4.0,3.0,3.0,2.0,1.0,1.0,2.0,2.0,1.0,4.0,4.0,4.0,4.0,4.0,5.0,1.99,3.33,1.32,1.32,3.0,3.66,1.67,1.33,4.0,4.33,2.66,1.32,3.33,1.5,4.16
770,6.0,7.0,7.0,6.0,6.0,6.0,3.0,2.0,3.0,3.0,3.0,3.0,3.0,3.0,2.0,3.0,2.0,2.0,5.0,6.0,5.0,6.0,5.0,6.0,3.0,5.0,4.0,4.0,3.0,5.0,6.34,6.34,3.0,2.66,2.32,2.66,5.0,6.0,3.33,4.67,6.34,2.83,2.49,5.5,4.0
771,6.0,6.0,5.0,6.0,6.0,6.0,3.0,2.0,3.0,3.0,3.0,3.0,3.0,4.0,3.0,3.0,2.0,3.0,4.0,6.0,4.0,5.0,5.0,6.0,4.0,5.0,4.0,5.0,5.0,6.0,5.67,6.0,3.0,2.66,2.65,3.33,4.33,5.67,4.33,5.33,5.84,2.83,2.99,5.0,4.83
772,2.0,4.0,2.0,3.0,4.0,4.0,3.0,3.0,4.0,3.0,3.0,3.0,3.0,3.0,2.0,2.0,2.0,2.0,6.0,7.0,7.0,7.0,7.0,7.0,4.0,5.0,5.0,5.0,5.0,6.0,2.66,3.67,3.33,3.0,2.32,2.32,6.67,7.0,4.67,5.33,3.16,3.16,2.32,6.84,5.0
773,1.0,1.0,1.0,1.0,1.0,1.0,4.0,3.0,4.0,4.0,5.0,4.0,5.0,6.0,5.0,5.0,3.0,5.0,3.0,3.0,2.0,3.0,3.0,3.0,3.0,5.0,4.0,4.0,3.0,4.0,1.0,1.0,4.33,3.67,4.32,5.35,2.67,3.0,3.33,4.33,1.0,4.0,4.84,2.84,3.83
774,2.0,3.0,3.0,3.0,2.0,2.0,2.0,2.0,3.0,2.0,3.0,3.0,3.0,4.0,3.0,3.0,3.0,3.0,4.0,5.0,3.0,4.0,4.0,5.0,6.0,6.0,6.0,7.0,6.0,6.0,2.33,2.67,2.66,2.33,3.0,3.33,3.67,4.67,6.0,6.33,2.5,2.5,3.16,4.17,6.16
775,2.0,3.0,2.0,3.0,2.0,2.0,1.0,1.0,2.0,2.0,2.0,2.0,3.0,4.0,4.0,4.0,3.0,4.0,2.0,3.0,3.0,4.0,3.0,3.0,5.0,6.0,6.0,7.0,5.0,6.0,2.0,2.67,1.66,1.66,3.34,4.01,2.67,3.33,5.33,6.33,2.34,1.66,3.68,3.0,5.83
776,4.0,6.0,4.0,4.0,4.0,4.0,4.0,3.0,4.0,4.0,5.0,4.0,3.0,3.0,3.0,3.0,2.0,3.0,1.0,2.0,2.0,1.0,2.0,2.0,1.0,1.0,1.0,1.0,1.0,1.0,4.0,4.67,4.33,3.67,2.65,3.0,1.67,1.67,1.0,1.0,4.34,4.0,2.82,1.67,1.0
777,1.0,1.0,1.0,1.0,1.0,2.0,1.0,1.0,1.0,1.0,1.0,1.0,2.0,2.0,2.0,2.0,1.0,2.0,3.0,3.0,2.0,3.0,2.0,3.0,3.0,4.0,3.0,3.0,3.0,3.0,1.0,1.33,1.0,1.0,1.65,1.99,2.33,3.0,3.0,3.33,1.16,1.0,1.82,2.66,3.16
778,3.0,3.0,3.0,4.0,2.0,2.0,4.0,3.0,4.0,3.0,4.0,4.0,6.0,5.0,5.0,6.0,6.0,5.0,4.0,5.0,4.0,5.0,4.0,4.0,2.0,3.0,2.0,4.0,3.0,3.0,2.67,3.0,4.0,3.33,5.7,5.35,4.0,4.67,2.33,3.33,2.84,3.66,5.52,4.34,2.83
779,1.0,2.0,2.0,3.0,2.0,2.0,5.0,5.0,6.0,6.0,6.0,5.0,3.0,3.0,3.0,4.0,3.0,3.0,3.0,3.0,3.0,4.0,2.0,3.0,5.0,6.0,5.0,6.0,6.0,6.0,1.66,2.33,5.67,5.34,3.0,3.33,2.67,3.33,5.33,6.0,2.0,5.5,3.16,3.0,5.66
780,2.0,3.0,2.0,4.0,3.0,3.0,6.0,5.0,6.0,5.0,6.0,5.0,2.0,4.0,4.0,4.0,3.0,2.0,5.0,5.0,5.0,5.0,5.0,5.0,5.0,5.0,5.0,6.0,5.0,6.0,2.33,3.33,6.01,5.01,3.01,3.32,5.0,5.0,5.0,5.67,2.83,5.51,3.16,5.0,5.34
781,1.0,1.0,1.0,2.0,1.0,3.0,3.0,2.0,4.0,3.0,3.0,2.0,2.0,4.0,2.0,3.0,2.0,3.0,5.0,6.0,4.0,5.0,4.0,5.0,4.0,4.0,3.0,4.0,4.0,4.0,1.0,1.99,3.33,2.33,2.0,3.33,4.33,5.33,3.67,4.0,1.5,2.83,2.66,4.83,3.84
782,2.0,3.0,2.0,4.0,3.0,4.0,4.0,3.0,3.0,3.0,3.0,2.0,3.0,5.0,3.0,3.0,3.0,4.0,5.0,5.0,4.0,5.0,5.0,5.0,2.0,3.0,2.0,3.0,2.0,3.0,2.33,3.66,3.33,2.66,3.0,4.01,4.67,5.0,2.0,3.0,3.0,3.0,3.5,4.84,2.5
783,6.0,5.0,4.0,5.0,5.0,5.0,7.0,7.0,7.0,7.0,7.0,7.0,6.0,7.0,5.0,6.0,3.0,5.0,4.0,5.0,5.0,6.0,5.0,6.0,7.0,7.0,7.0,7.0,7.0,7.0,5.0,5.0,7.0,7.0,4.65,6.01,4.67,5.67,7.0,7.0,5.0,7.0,5.33,5.17,7.0
784,7.0,7.0,7.0,7.0,7.0,7.0,6.0,6.0,7.0,5.0,7.0,6.0,6.0,6.0,6.0,7.0,6.0,6.0,6.0,7.0,6.0,7.0,6.0,6.0,2.0,3.0,3.0,4.0,2.0,3.0,7.0,7.0,6.68,5.68,6.03,6.35,6.0,6.67,2.33,3.33,7.0,6.18,6.19,6.34,2.83
785,1.0,1.0,2.0,2.0,1.0,2.0,4.0,4.0,5.0,4.0,4.0,4.0,4.0,5.0,4.0,5.0,3.0,4.0,5.0,6.0,5.0,6.0,5.0,6.0,2.0,3.0,1.0,3.0,2.0,3.0,1.33,1.66,4.34,4.0,3.66,4.67,5.0,6.0,1.67,3.0,1.5,4.17,4.16,5.5,2.34
786,1.0,1.0,1.0,1.0,1.0,2.0,1.0,1.0,1.0,1.0,1.0,1.0,1.0,1.0,1.0,1.0,1.0,1.0,2.0,2.0,2.0,4.0,3.0,4.0,3.0,3.0,2.0,4.0,2.0,3.0,1.0,1.33,1.0,1.0,1.0,1.0,2.33,3.33,2.33,3.33,1.16,1.0,1.0,2.83,2.83
787,1.0,1.0,1.0,1.0,1.0,1.0,1.0,1.0,1.0,1.0,1.0,1.0,1.0,1.0,1.0,1.0,1.0,1.0,2.0,2.0,1.0,1.0,2.0,2.0,2.0,3.0,2.0,3.0,1.0,1.0,1.0,1.0,1.0,1.0,1.0,1.0,1.67,1.67,1.67,2.33,1.0,1.0,1.0,1.67,2.0
788,7.0,7.0,7.0,6.0,6.0,6.0,3.0,1.0,3.0,2.0,3.0,2.0,3.0,4.0,3.0,3.0,2.0,2.0,4.0,4.0,3.0,4.0,4.0,5.0,2.0,4.0,3.0,3.0,2.0,3.0,6.67,6.34,3.0,1.66,2.65,2.99,3.67,4.33,2.33,3.33,6.5,2.33,2.82,4.0,2.83
789,3.0,3.0,4.0,4.0,4.0,4.0,2.0,1.0,2.0,2.0,3.0,2.0,2.0,3.0,2.0,2.0,3.0,3.0,3.0,3.0,2.0,3.0,2.0,2.0,4.0,5.0,5.0,6.0,5.0,6.0,3.66,3.66,2.32,1.66,2.35,2.67,2.33,2.67,4.67,5.67,3.66,1.99,2.51,2.5,5.17
790,4.0,4.0,4.0,4.0,4.0,4.0,4.0,4.0,4.0,4.0,4.0,4.0,5.0,6.0,5.0,4.0,4.0,5.0,7.0,7.0,7.0,7.0,7.0,7.0,5.0,6.0,5.0,7.0,5.0,7.0,4.0,4.0,4.0,4.0,4.67,5.01,7.0,7.0,5.0,6.67,4.0,4.0,4.84,7.0,5.84
791,2.0,3.0,4.0,4.0,3.0,4.0,1.0,1.0,1.0,1.0,1.0,1.0,4.0,4.0,3.0,3.0,2.0,2.0,2.0,2.0,2.0,3.0,2.0,3.0,2.0,4.0,3.0,3.0,2.0,3.0,3.0,3.66,1.0,1.0,2.98,2.99,2.0,2.67,2.33,3.33,3.33,1.0,2.99,2.34,2.83
792,1.0,1.0,1.0,1.0,1.0,3.0,1.0,1.0,1.0,1.0,1.0,1.0,3.0,3.0,3.0,4.0,3.0,4.0,3.0,3.0,1.0,2.0,2.0,3.0,1.0,1.0,1.0,2.0,1.0,2.0,1.0,1.66,1.0,1.0,3.0,3.67,2.0,2.67,1.0,1.67,1.33,1.0,3.34,2.34,1.34
793,1.0,1.0,1.0,1.0,1.0,1.0,4.0,5.0,5.0,5.0,5.0,5.0,2.0,2.0,2.0,3.0,2.0,3.0,5.0,6.0,5.0,5.0,5.0,6.0,2.0,4.0,2.0,3.0,2.0,3.0,1.0,1.0,4.67,5.01,2.0,2.67,5.0,5.67,2.0,3.33,1.0,4.84,2.34,5.34,2.66
794,3.0,4.0,3.0,3.0,4.0,5.0,6.0,6.0,6.0,6.0,6.0,6.0,7.0,7.0,6.0,7.0,6.0,6.0,5.0,6.0,5.0,5.0,6.0,6.0,5.0,6.0,4.0,6.0,6.0,6.0,3.33,4.0,6.01,6.01,6.36,6.69,5.33,5.67,5.0,6.0,3.66,6.01,6.52,5.5,5.5
795,3.0,4.0,2.0,2.0,3.0,5.0,4.0,5.0,5.0,4.0,4.0,4.0,3.0,3.0,3.0,3.0,3.0,2.0,2.0,2.0,2.0,3.0,3.0,2.0,5.0,6.0,5.0,6.0,5.0,6.0,2.67,3.66,4.34,4.34,3.0,2.66,2.33,2.33,5.0,6.0,3.16,4.34,2.83,2.33,5.5
796,4.0,5.0,3.0,4.0,5.0,5.0,6.0,6.0,7.0,7.0,6.0,6.0,4.0,4.0,4.0,5.0,3.0,5.0,6.0,7.0,6.0,7.0,6.0,7.0,3.0,4.0,3.0,4.0,2.0,3.0,4.0,4.67,6.34,6.35,3.66,4.68,6.0,7.0,2.67,3.67,4.34,6.34,4.17,6.5,3.17
797,3.0,4.0,2.0,4.0,3.0,3.0,4.0,3.0,4.0,4.0,4.0,5.0,4.0,5.0,4.0,5.0,5.0,4.0,3.0,4.0,4.0,4.0,3.0,3.0,4.0,4.0,4.0,5.0,3.0,4.0,2.67,3.67,4.0,4.0,4.36,4.67,3.33,3.67,3.67,4.33,3.17,4.0,4.52,3.5,4.0
798,4.0,4.0,4.0,3.0,4.0,5.0,4.0,3.0,4.0,4.0,4.0,4.0,3.0,3.0,2.0,2.0,1.0,2.0,5.0,5.0,5.0,6.0,5.0,6.0,5.0,5.0,3.0,5.0,5.0,6.0,4.0,4.0,4.0,3.67,1.97,2.32,5.0,5.67,4.33,5.33,4.0,3.84,2.14,5.34,4.83
799,5.0,6.0,5.0,6.0,5.0,6.0,7.0,6.0,7.0,7.0,7.0,7.0,6.0,6.0,5.0,5.0,4.0,6.0,5.0,6.0,6.0,6.0,6.0,7.0,3.0,5.0,4.0,5.0,5.0,5.0,5.0,6.0,7.0,6.68,5.0,5.69,5.67,6.33,4.0,5.0,5.5,6.84,5.35,6.0,4.5
800,5.0,6.0,5.0,5.0,5.0,4.0,5.0,4.0,5.0,4.0,5.0,5.0,6.0,5.0,5.0,5.0,5.0,6.0,5.0,5.0,5.0,6.0,4.0,5.0,7.0,7.0,7.0,7.0,3.0,7.0,5.0,5.01,5.0,4.34,5.35,5.36,4.67,5.33,5.67,7.0,5.0,4.67,5.36,5.0,6.34
801,1.0,2.0,2.0,3.0,3.0,3.0,4.0,3.0,4.0,4.0,4.0,3.0,4.0,5.0,4.0,3.0,4.0,4.0,3.0,4.0,4.0,4.0,3.0,4.0,3.0,3.0,2.0,3.0,2.0,2.0,1.99,2.66,4.0,3.33,4.01,4.01,3.33,4.0,2.33,2.67,2.33,3.66,4.01,3.66,2.5
802,3.0,4.0,4.0,3.0,4.0,4.0,4.0,4.0,5.0,4.0,5.0,5.0,6.0,7.0,6.0,7.0,6.0,7.0,1.0,1.0,1.0,1.0,1.0,1.0,4.0,5.0,5.0,6.0,5.0,6.0,3.66,3.67,4.67,4.34,6.03,7.0,1.0,1.0,4.67,5.67,3.66,4.5,6.52,1.0,5.17
803,5.0,5.0,6.0,6.0,6.0,7.0,6.0,5.0,6.0,6.0,6.0,5.0,2.0,3.0,2.0,2.0,1.0,1.0,5.0,6.0,6.0,7.0,6.0,7.0,6.0,7.0,6.0,7.0,6.0,6.0,5.66,6.0,6.01,5.34,1.65,1.98,5.67,6.67,6.0,6.67,5.83,5.68,1.82,6.17,6.34
804,1.0,1.0,1.0,1.0,2.0,2.0,2.0,1.0,2.0,2.0,4.0,4.0,2.0,2.0,3.0,3.0,1.0,1.0,2.0,3.0,2.0,3.0,2.0,3.0,1.0,1.0,1.0,1.0,1.0,1.0,1.33,1.33,2.66,2.33,1.98,1.98,2.0,3.0,1.0,1.0,1.33,2.5,1.98,2.5,1.0
805,6.0,7.0,6.0,6.0,5.0,6.0,7.0,7.0,7.0,7.0,7.0,7.0,5.0,5.0,6.0,6.0,4.0,4.0,7.0,7.0,7.0,7.0,7.0,7.0,3.0,5.0,4.0,4.0,3.0,4.0,5.67,6.34,7.0,7.0,5.0,5.0,7.0,7.0,3.33,4.33,6.0,7.0,5.0,7.0,3.83
806,1.0,2.0,2.0,2.0,2.0,3.0,2.0,2.0,2.0,2.0,3.0,2.0,2.0,2.0,2.0,2.0,1.0,1.0,4.0,6.0,4.0,5.0,6.0,5.0,5.0,6.0,5.0,5.0,4.0,5.0,1.66,2.33,2.32,1.99,1.65,1.65,4.67,5.33,4.67,5.33,2.0,2.15,1.65,5.0,5.0
807,2.0,3.0,3.0,3.0,3.0,3.0,7.0,6.0,7.0,6.0,7.0,6.0,6.0,7.0,5.0,6.0,5.0,6.0,5.0,5.0,5.0,5.0,4.0,4.0,3.0,5.0,3.0,5.0,3.0,5.0,2.66,3.0,7.0,6.01,5.35,6.35,4.67,4.67,3.0,5.0,2.83,6.5,5.85,4.67,4.0
808,4.0,4.0,3.0,2.0,3.0,3.0,1.0,1.0,1.0,1.0,1.0,1.0,4.0,5.0,5.0,5.0,4.0,5.0,4.0,5.0,5.0,6.0,6.0,5.0,3.0,4.0,2.0,4.0,2.0,3.0,3.34,3.0,1.0,1.0,4.35,5.01,5.0,5.33,2.33,3.67,3.17,1.0,4.68,5.16,3.0
809,6.0,7.0,7.0,7.0,6.0,7.0,3.0,3.0,4.0,3.0,3.0,3.0,3.0,4.0,2.0,4.0,3.0,3.0,3.0,3.0,3.0,4.0,3.0,4.0,4.0,4.0,3.0,5.0,3.0,4.0,6.34,7.0,3.33,3.0,2.67,3.66,3.0,3.67,3.33,4.33,6.67,3.16,3.16,3.34,3.83
810,2.0,2.0,1.0,2.0,2.0,3.0,3.0,2.0,2.0,3.0,3.0,3.0,4.0,5.0,5.0,5.0,4.0,5.0,5.0,6.0,6.0,6.0,6.0,7.0,2.0,2.0,2.0,3.0,2.0,3.0,1.67,2.33,2.66,2.66,4.35,5.01,5.67,6.33,2.0,2.67,2.0,2.66,4.68,6.0,2.34
811,4.0,5.0,4.0,4.0,4.0,6.0,3.0,2.0,3.0,3.0,3.0,2.0,3.0,4.0,4.0,5.0,4.0,4.0,3.0,4.0,3.0,4.0,4.0,4.0,2.0,3.0,2.0,3.0,2.0,3.0,4.0,5.0,3.0,2.33,3.69,4.34,3.33,4.0,2.0,3.0,4.5,2.66,4.01,3.66,2.5
812,1.0,1.0,1.0,1.0,1.0,1.0,2.0,2.0,2.0,2.0,2.0,2.0,3.0,4.0,3.0,4.0,3.0,4.0,3.0,4.0,3.0,5.0,4.0,4.0,3.0,4.0,4.0,5.0,4.0,4.0,1.0,1.0,1.99,1.99,3.0,4.01,3.33,4.33,3.67,4.33,1.0,1.99,3.5,3.83,4.0
813,1.0,2.0,2.0,2.0,2.0,3.0,4.0,4.0,4.0,3.0,5.0,5.0,1.0,1.0,1.0,1.0,1.0,1.0,2.0,3.0,1.0,3.0,3.0,2.0,2.0,2.0,1.0,2.0,2.0,3.0,1.66,2.33,4.33,4.0,1.0,1.0,2.0,2.67,1.67,2.33,2.0,4.16,1.0,2.34,2.0
814,4.0,4.0,5.0,5.0,5.0,4.0,5.0,4.0,4.0,4.0,3.0,3.0,3.0,4.0,4.0,4.0,3.0,3.0,5.0,6.0,5.0,5.0,4.0,6.0,2.0,2.0,2.0,2.0,3.0,3.0,4.66,4.33,4.0,3.67,3.34,3.66,4.67,5.67,2.33,2.33,4.5,3.84,3.5,5.17,2.33
815,4.0,4.0,5.0,6.0,4.0,5.0,7.0,7.0,7.0,7.0,7.0,7.0,6.0,6.0,6.0,6.0,6.0,6.0,6.0,6.0,6.0,7.0,7.0,7.0,5.0,6.0,6.0,6.0,5.0,6.0,4.33,5.0,7.0,7.0,6.03,6.02,6.33,6.67,5.33,6.0,4.66,7.0,6.02,6.5,5.66
816,3.0,3.0,3.0,4.0,3.0,3.0,2.0,3.0,3.0,3.0,3.0,2.0,4.0,5.0,4.0,3.0,3.0,2.0,1.0,2.0,1.0,2.0,2.0,2.0,1.0,2.0,1.0,2.0,1.0,2.0,3.0,3.33,2.66,2.66,3.66,3.32,1.33,2.0,1.0,2.0,3.16,2.66,3.49,1.66,1.5
817,4.0,4.0,4.0,4.0,4.0,3.0,4.0,4.0,5.0,4.0,4.0,4.0,3.0,3.0,2.0,2.0,2.0,2.0,3.0,4.0,3.0,4.0,3.0,4.0,4.0,5.0,5.0,6.0,6.0,6.0,4.0,3.67,4.34,4.0,2.32,2.32,3.0,4.0,5.0,5.67,3.84,4.17,2.32,3.5,5.34
818,2.0,3.0,2.0,3.0,2.0,2.0,2.0,1.0,2.0,2.0,1.0,1.0,2.0,2.0,2.0,3.0,1.0,2.0,2.0,4.0,2.0,3.0,2.0,3.0,1.0,2.0,1.0,2.0,2.0,2.0,2.0,2.67,1.66,1.32,1.65,2.32,2.0,3.33,1.33,2.0,2.34,1.49,1.98,2.66,1.66
819,4.0,4.0,3.0,3.0,4.0,3.0,3.0,3.0,3.0,3.0,4.0,3.0,4.0,5.0,4.0,4.0,3.0,3.0,4.0,5.0,4.0,5.0,3.0,5.0,2.0,3.0,3.0,3.0,3.0,4.0,3.67,3.34,3.33,3.0,3.66,4.0,3.67,5.0,2.67,3.33,3.5,3.16,3.83,4.34,3.0
820,1.0,1.0,1.0,1.0,1.0,1.0,6.0,6.0,6.0,7.0,6.0,6.0,3.0,3.0,3.0,4.0,3.0,3.0,7.0,7.0,6.0,7.0,7.0,7.0,2.0,3.0,2.0,3.0,2.0,3.0,1.0,1.0,6.01,6.35,3.0,3.33,6.67,7.0,2.0,3.0,1.0,6.18,3.16,6.84,2.5
821,3.0,2.0,3.0,3.0,2.0,3.0,2.0,1.0,2.0,2.0,2.0,1.0,3.0,4.0,3.0,4.0,2.0,3.0,6.0,6.0,6.0,6.0,6.0,6.0,1.0,2.0,2.0,3.0,2.0,3.0,2.67,2.66,1.99,1.32,2.65,3.66,6.0,6.0,1.67,2.67,2.66,1.66,3.16,6.0,2.17
822,3.0,2.0,3.0,4.0,3.0,3.0,5.0,4.0,6.0,5.0,6.0,5.0,4.0,5.0,4.0,4.0,4.0,4.0,7.0,7.0,7.0,7.0,7.0,7.0,6.0,7.0,6.0,6.0,6.0,6.0,3.0,3.0,5.67,4.67,4.01,4.34,7.0,7.0,6.0,6.33,3.0,5.17,4.18,7.0,6.16
823,6.0,6.0,6.0,7.0,5.0,6.0,5.0,4.0,5.0,4.0,5.0,4.0,3.0,3.0,3.0,3.0,3.0,3.0,3.0,4.0,3.0,4.0,3.0,4.0,5.0,6.0,5.0,5.0,5.0,6.0,5.67,6.33,5.0,4.0,3.0,3.0,3.0,4.0,5.0,5.67,6.0,4.5,3.0,3.5,5.34
824,1.0,2.0,2.0,2.0,2.0,2.0,4.0,4.0,4.0,4.0,4.0,3.0,5.0,5.0,5.0,6.0,4.0,5.0,5.0,5.0,4.0,5.0,5.0,5.0,4.0,5.0,4.0,4.0,5.0,6.0,1.66,2.0,4.0,3.67,4.67,5.35,4.67,5.0,4.33,5.0,1.83,3.84,5.01,4.84,4.66
825,2.0,2.0,4.0,3.0,3.0,3.0,4.0,3.0,4.0,4.0,4.0,4.0,1.0,1.0,1.0,1.0,1.0,2.0,1.0,1.0,1.0,1.0,1.0,1.0,3.0,5.0,3.0,3.0,4.0,4.0,3.0,2.66,4.0,3.67,1.0,1.33,1.0,1.0,3.33,4.0,2.83,3.84,1.16,1.0,3.66
826,4.0,4.0,3.0,5.0,3.0,3.0,1.0,1.0,1.0,4.0,1.0,1.0,2.0,2.0,2.0,2.0,1.0,2.0,2.0,3.0,2.0,2.0,3.0,3.0,1.0,2.0,1.0,2.0,2.0,2.0,3.34,4.0,1.0,1.99,1.65,1.99,2.33,2.67,1.33,2.0,3.67,1.5,1.82,2.5,1.66
827,3.0,3.0,3.0,4.0,2.0,2.0,3.0,2.0,3.0,3.0,3.0,3.0,1.0,2.0,1.0,1.0,1.0,1.0,5.0,6.0,5.0,6.0,5.0,6.0,3.0,4.0,4.0,4.0,4.0,5.0,2.67,3.0,3.0,2.66,1.0,1.32,5.0,6.0,3.67,4.33,2.84,2.83,1.16,5.5,4.0
828,1.0,1.0,1.0,1.0,1.0,1.0,2.0,2.0,2.0,2.0,2.0,1.0,3.0,6.0,4.0,5.0,4.0,4.0,3.0,4.0,3.0,4.0,3.0,3.0,1.0,2.0,1.0,1.0,1.0,2.0,1.0,1.0,1.99,1.66,3.69,5.0,3.0,3.67,1.0,1.67,1.0,1.82,4.34,3.34,1.34
829,4.0,4.0,3.0,3.0,3.0,4.0,4.0,4.0,4.0,3.0,4.0,3.0,2.0,3.0,2.0,3.0,1.0,2.0,3.0,3.0,3.0,3.0,3.0,3.0,3.0,4.0,5.0,4.0,3.0,5.0,3.34,3.67,4.0,3.33,1.65,2.66,3.0,3.0,3.67,4.33,3.5,3.66,2.16,3.0,4.0
830,1.0,1.0,1.0,1.0,1.0,1.0,4.0,3.0,3.0,4.0,3.0,3.0,1.0,2.0,2.0,2.0,1.0,2.0,2.0,2.0,2.0,2.0,1.0,2.0,3.0,5.0,3.0,4.0,3.0,4.0,1.0,1.0,3.33,3.33,1.32,1.99,1.67,2.0,3.0,4.33,1.0,3.33,1.66,1.84,3.66
831,2.0,3.0,2.0,3.0,2.0,3.0,4.0,4.0,5.0,4.0,4.0,4.0,2.0,2.0,2.0,3.0,1.0,3.0,5.0,6.0,5.0,6.0,5.0,6.0,2.0,3.0,2.0,3.0,2.0,3.0,2.0,3.0,4.34,4.0,1.65,2.67,5.0,6.0,2.0,3.0,2.5,4.17,2.16,5.5,2.5
832,3.0,2.0,2.0,3.0,3.0,4.0,4.0,3.0,4.0,4.0,4.0,4.0,5.0,6.0,4.0,5.0,4.0,5.0,3.0,3.0,2.0,3.0,2.0,3.0,4.0,4.0,3.0,4.0,2.0,3.0,2.67,2.99,4.0,3.67,4.34,5.35,2.33,3.0,3.0,3.67,2.83,3.84,4.84,2.66,3.34
833,3.0,3.0,2.0,3.0,4.0,3.0,4.0,4.0,5.0,4.0,4.0,3.0,3.0,2.0,2.0,3.0,2.0,3.0,1.0,2.0,1.0,2.0,2.0,2.0,2.0,2.0,2.0,3.0,2.0,3.0,3.0,3.0,4.34,3.67,2.32,2.67,1.33,2.0,2.0,2.67,3.0,4.0,2.5,1.66,2.34
834,1.0,2.0,3.0,2.0,2.0,3.0,4.0,4.0,4.0,3.0,4.0,4.0,6.0,6.0,6.0,6.0,6.0,7.0,3.0,4.0,3.0,4.0,4.0,4.0,3.0,4.0,3.0,4.0,4.0,4.0,2.0,2.33,4.0,3.67,6.03,6.36,3.33,4.0,3.33,4.0,2.16,3.84,6.2,3.66,3.66
835,1.0,2.0,1.0,2.0,1.0,1.0,3.0,4.0,4.0,4.0,5.0,4.0,3.0,5.0,4.0,5.0,4.0,4.0,3.0,4.0,3.0,4.0,3.0,4.0,4.0,4.0,5.0,5.0,5.0,5.0,1.0,1.67,4.0,4.0,3.69,4.67,3.0,4.0,4.67,4.67,1.34,4.0,4.18,3.5,4.67
836,1.0,1.0,1.0,1.0,1.0,1.0,1.0,1.0,1.0,1.0,1.0,2.0,3.0,3.0,3.0,3.0,2.0,3.0,3.0,4.0,3.0,5.0,4.0,4.0,1.0,1.0,1.0,2.0,1.0,1.0,1.0,1.0,1.0,1.32,2.65,3.0,3.33,4.33,1.0,1.33,1.0,1.16,2.82,3.83,1.16
837,2.0,3.0,3.0,3.0,3.0,3.0,1.0,1.0,3.0,3.0,3.0,2.0,4.0,4.0,3.0,4.0,3.0,4.0,2.0,3.0,2.0,3.0,2.0,3.0,1.0,1.0,1.0,1.0,1.0,2.0,2.66,3.0,2.32,1.99,3.33,4.01,2.0,3.0,1.0,1.33,2.83,2.15,3.67,2.5,1.16
838,7.0,7.0,7.0,7.0,7.0,7.0,6.0,5.0,5.0,5.0,6.0,5.0,4.0,4.0,4.0,4.0,4.0,5.0,5.0,5.0,5.0,6.0,5.0,6.0,5.0,6.0,5.0,7.0,6.0,6.0,7.0,7.0,5.67,5.01,4.01,4.35,5.0,5.67,5.33,6.33,7.0,5.34,4.18,5.34,5.83
839,1.0,1.0,1.0,1.0,1.0,1.0,3.0,3.0,2.0,2.0,4.0,2.0,3.0,3.0,1.0,2.0,2.0,1.0,3.0,3.0,2.0,3.0,3.0,3.0,4.0,6.0,5.0,6.0,6.0,6.0,1.0,1.0,2.99,2.33,1.99,1.98,2.67,3.0,5.0,6.0,1.0,2.66,1.98,2.84,5.5
840,1.0,1.0,1.0,1.0,1.0,1.0,3.0,4.0,4.0,3.0,5.0,3.0,4.0,4.0,4.0,4.0,4.0,4.0,4.0,5.0,5.0,5.0,4.0,5.0,2.0,4.0,2.0,5.0,2.0,3.0,1.0,1.0,4.0,3.33,4.01,4.01,4.33,5.0,2.0,4.0,1.0,3.66,4.01,4.66,3.0
841,4.0,5.0,4.0,3.0,4.0,4.0,5.0,4.0,6.0,5.0,6.0,5.0,3.0,3.0,3.0,3.0,3.0,2.0,7.0,7.0,6.0,7.0,6.0,7.0,6.0,7.0,6.0,7.0,6.0,7.0,4.0,4.0,5.67,4.67,3.0,2.66,6.33,7.0,6.0,7.0,4.0,5.17,2.83,6.66,6.5
842,5.0,5.0,4.0,5.0,4.0,5.0,3.0,3.0,3.0,3.0,2.0,3.0,1.0,1.0,1.0,1.0,1.0,1.0,7.0,7.0,7.0,7.0,7.0,7.0,3.0,4.0,3.0,5.0,3.0,3.0,4.34,5.0,2.66,3.0,1.0,1.0,7.0,7.0,3.0,4.0,4.67,2.83,1.0,7.0,3.5
843,4.0,5.0,5.0,6.0,5.0,6.0,7.0,6.0,7.0,7.0,7.0,6.0,2.0,3.0,3.0,3.0,2.0,3.0,5.0,5.0,5.0,5.0,6.0,6.0,7.0,7.0,7.0,7.0,7.0,7.0,4.66,5.66,7.0,6.35,2.33,3.0,5.33,5.33,7.0,7.0,5.16,6.68,2.66,5.33,7.0
844,3.0,4.0,3.0,4.0,3.0,3.0,6.0,5.0,7.0,6.0,6.0,6.0,2.0,2.0,1.0,2.0,1.0,1.0,5.0,5.0,6.0,5.0,3.0,5.0,2.0,2.0,2.0,2.0,2.0,4.0,3.0,3.67,6.34,5.68,1.31,1.65,4.66,5.0,2.0,2.67,3.34,6.01,1.48,4.83,2.34
845,3.0,3.0,4.0,4.0,3.0,4.0,5.0,4.0,6.0,5.0,5.0,4.0,6.0,6.0,6.0,6.0,6.0,7.0,7.0,7.0,7.0,7.0,7.0,7.0,7.0,4.0,7.0,7.0,7.0,7.0,3.33,3.66,5.34,4.34,6.03,6.36,7.0,7.0,7.0,6.0,3.5,4.84,6.2,7.0,6.5
846,2.0,1.0,1.0,2.0,2.0,2.0,4.0,2.0,3.0,3.0,4.0,3.0,1.0,1.0,1.0,1.0,1.0,1.0,2.0,2.0,2.0,2.0,2.0,2.0,2.0,3.0,2.0,3.0,2.0,3.0,1.67,1.66,3.67,2.66,1.0,1.0,2.0,2.0,2.0,3.0,1.66,3.16,1.0,2.0,2.5
847,4.0,3.0,4.0,5.0,3.0,4.0,2.0,1.0,3.0,2.0,2.0,2.0,3.0,3.0,3.0,3.0,2.0,3.0,3.0,3.0,3.0,4.0,2.0,2.0,3.0,4.0,2.0,4.0,2.0,4.0,3.67,4.0,2.33,1.66,2.65,3.0,2.67,3.0,2.33,4.0,3.84,2.0,2.82,2.84,3.16
848,1.0,1.0,1.0,1.0,1.0,1.0,2.0,1.0,2.0,2.0,3.0,2.0,4.0,5.0,5.0,6.0,5.0,4.0,6.0,6.0,6.0,6.0,6.0,6.0,3.0,4.0,3.0,4.0,4.0,4.0,1.0,1.0,2.32,1.66,4.7,5.0,6.0,6.0,3.33,4.0,1.0,1.99,4.85,6.0,3.66
849,3.0,4.0,3.0,3.0,5.0,5.0,4.0,5.0,6.0,5.0,6.0,5.0,4.0,4.0,4.0,4.0,3.0,4.0,3.0,3.0,2.0,4.0,3.0,3.0,2.0,3.0,2.0,2.0,2.0,3.0,3.66,4.0,5.34,5.01,3.66,4.01,2.67,3.33,2.0,2.67,3.83,5.18,3.84,3.0,2.34
850,4.0,5.0,6.0,4.0,5.0,5.0,4.0,5.0,6.0,6.0,5.0,5.0,3.0,3.0,4.0,5.0,3.0,4.0,6.0,7.0,6.0,7.0,6.0,6.0,3.0,5.0,5.0,6.0,5.0,6.0,5.0,4.67,5.0,5.34,3.34,4.01,6.0,6.67,4.33,5.67,4.84,5.17,3.68,6.34,5.0
851,2.0,2.0,1.0,2.0,2.0,2.0,5.0,6.0,6.0,5.0,6.0,5.0,3.0,3.0,2.0,3.0,2.0,2.0,3.0,4.0,2.0,4.0,3.0,3.0,2.0,4.0,2.0,3.0,2.0,3.0,1.67,2.0,5.67,5.34,2.32,2.66,2.67,3.67,2.0,3.33,1.84,5.5,2.49,3.17,2.66
852,3.0,3.0,4.0,3.0,3.0,3.0,4.0,3.0,5.0,5.0,4.0,4.0,4.0,4.0,2.0,3.0,2.0,2.0,4.0,5.0,4.0,5.0,4.0,5.0,4.0,5.0,4.0,5.0,4.0,5.0,3.33,3.0,4.34,4.0,2.65,2.99,4.0,5.0,4.0,5.0,3.16,4.17,2.82,4.5,4.5
853,4.0,6.0,5.0,5.0,4.0,5.0,5.0,5.0,5.0,6.0,5.0,5.0,4.0,4.0,3.0,4.0,3.0,4.0,7.0,7.0,6.0,6.0,5.0,7.0,4.0,4.0,4.0,5.0,4.0,5.0,4.33,5.34,5.0,5.34,3.33,4.01,6.0,6.67,4.0,4.67,4.84,5.17,3.67,6.34,4.34
854,3.0,5.0,3.0,3.0,5.0,4.0,3.0,3.0,4.0,3.0,3.0,3.0,1.0,1.0,1.0,4.0,1.0,1.0,1.0,2.0,1.0,2.0,1.0,2.0,2.0,3.0,3.0,3.0,3.0,4.0,3.66,4.0,3.33,3.0,1.0,1.98,1.0,2.0,2.67,3.33,3.83,3.16,1.49,1.5,3.0
855,7.0,7.0,7.0,7.0,7.0,7.0,4.0,3.0,5.0,4.0,5.0,5.0,6.0,6.0,6.0,6.0,4.0,4.0,4.0,4.0,4.0,5.0,5.0,5.0,5.0,5.0,3.0,5.0,3.0,4.0,7.0,7.0,4.67,4.0,5.33,5.34,4.33,4.67,3.67,4.67,7.0,4.34,5.34,4.5,4.17
856,2.0,2.0,3.0,2.0,3.0,3.0,4.0,3.0,4.0,3.0,3.0,4.0,4.0,4.0,3.0,4.0,4.0,4.0,4.0,4.0,5.0,5.0,4.0,5.0,5.0,5.0,6.0,5.0,6.0,6.0,2.66,2.33,3.67,3.33,3.68,4.01,4.33,4.67,5.67,5.33,2.5,3.5,3.84,4.5,5.5
857,5.0,5.0,4.0,5.0,5.0,5.0,6.0,5.0,6.0,6.0,6.0,6.0,7.0,7.0,7.0,7.0,7.0,7.0,4.0,5.0,4.0,5.0,4.0,6.0,6.0,7.0,7.0,7.0,7.0,7.0,4.67,5.0,6.01,5.68,7.0,7.0,4.0,5.33,6.67,7.0,4.84,5.84,7.0,4.66,6.84
858,2.0,2.0,2.0,2.0,2.0,4.0,6.0,6.0,7.0,6.0,6.0,6.0,3.0,4.0,2.0,4.0,2.0,3.0,2.0,3.0,2.0,3.0,3.0,3.0,2.0,3.0,3.0,4.0,3.0,4.0,2.0,2.66,6.34,6.01,2.32,3.66,2.33,3.0,2.67,3.67,2.33,6.18,2.99,2.66,3.17
859,2.0,2.0,2.0,2.0,2.0,2.0,6.0,6.0,6.0,5.0,6.0,5.0,3.0,4.0,3.0,4.0,4.0,3.0,3.0,3.0,4.0,4.0,3.0,3.0,4.0,5.0,3.0,5.0,4.0,5.0,2.0,2.0,6.01,5.34,3.35,3.66,3.33,3.33,3.67,5.0,2.0,5.68,3.5,3.33,4.34
860,2.0,2.0,2.0,2.0,1.0,2.0,4.0,4.0,4.0,5.0,4.0,5.0,2.0,3.0,2.0,3.0,3.0,3.0,6.0,6.0,6.0,6.0,6.0,6.0,5.0,7.0,6.0,7.0,7.0,7.0,1.67,2.0,4.0,4.67,2.35,3.0,6.0,6.0,6.0,7.0,1.84,4.34,2.68,6.0,6.5
861,7.0,6.0,6.0,6.0,5.0,6.0,4.0,7.0,7.0,7.0,7.0,7.0,4.0,5.0,5.0,4.0,4.0,5.0,7.0,7.0,7.0,7.0,7.0,7.0,7.0,7.0,7.0,7.0,7.0,7.0,6.01,6.0,6.01,7.0,4.35,4.68,7.0,7.0,7.0,7.0,6.0,6.5,4.51,7.0,7.0
862,4.0,4.0,4.0,5.0,4.0,6.0,4.0,4.0,4.0,4.0,5.0,5.0,2.0,3.0,3.0,3.0,2.0,1.0,6.0,6.0,4.0,6.0,5.0,5.0,6.0,6.0,5.0,7.0,6.0,7.0,4.0,5.0,4.33,4.34,2.33,2.31,5.0,5.67,5.67,6.67,4.5,4.34,2.32,5.34,6.17
863,7.0,7.0,7.0,7.0,7.0,7.0,4.0,3.0,4.0,4.0,5.0,4.0,4.0,5.0,4.0,4.0,4.0,6.0,7.0,7.0,7.0,7.0,7.0,7.0,5.0,6.0,5.0,5.0,5.0,6.0,7.0,7.0,4.33,3.67,4.01,5.02,7.0,7.0,5.0,5.67,7.0,4.0,4.51,7.0,5.34
864,2.0,2.0,1.0,1.0,2.0,2.0,1.0,1.0,1.0,1.0,1.0,1.0,5.0,5.0,3.0,5.0,4.0,4.0,5.0,6.0,4.0,5.0,5.0,5.0,3.0,4.0,3.0,3.0,2.0,4.0,1.67,1.67,1.0,1.0,4.01,4.67,4.67,5.33,2.67,3.67,1.67,1.0,4.34,5.0,3.17
865,1.0,1.0,1.0,2.0,1.0,2.0,5.0,6.0,6.0,6.0,6.0,6.0,3.0,3.0,3.0,3.0,2.0,2.0,6.0,6.0,5.0,6.0,6.0,6.0,6.0,6.0,6.0,7.0,5.0,6.0,1.0,1.66,5.67,6.01,2.65,2.66,5.67,6.0,5.67,6.33,1.33,5.84,2.66,5.84,6.0
866,2.0,2.0,3.0,4.0,2.0,4.0,5.0,6.0,7.0,7.0,6.0,6.0,1.0,1.0,1.0,1.0,1.0,1.0,3.0,3.0,2.0,3.0,2.0,3.0,4.0,4.0,3.0,4.0,4.0,5.0,2.33,3.33,6.01,6.35,1.0,1.0,2.33,3.0,3.67,4.33,2.83,6.18,1.0,2.66,4.0
867,5.0,5.0,4.0,5.0,4.0,5.0,2.0,1.0,2.0,2.0,2.0,2.0,3.0,4.0,3.0,3.0,2.0,3.0,5.0,6.0,4.0,5.0,5.0,6.0,1.0,2.0,2.0,2.0,1.0,2.0,4.34,5.0,1.99,1.66,2.65,3.33,4.67,5.67,1.33,2.0,4.67,1.82,2.99,5.17,1.66
868,5.0,5.0,6.0,6.0,4.0,6.0,4.0,4.0,6.0,5.0,6.0,5.0,7.0,7.0,6.0,6.0,7.0,3.0,3.0,4.0,3.0,3.0,3.0,4.0,4.0,6.0,5.0,6.0,4.0,5.0,5.01,5.66,5.34,4.67,6.71,5.32,3.0,3.67,4.33,5.67,5.34,5.0,6.02,3.34,5.0
869,3.0,4.0,3.0,4.0,4.0,4.0,1.0,1.0,1.0,4.0,1.0,1.0,3.0,5.0,4.0,4.0,4.0,5.0,6.0,6.0,6.0,7.0,6.0,6.0,7.0,7.0,7.0,7.0,7.0,7.0,3.33,4.0,1.0,1.99,3.69,4.68,6.0,6.33,7.0,7.0,3.66,1.5,4.18,6.16,7.0
870,4.0,3.0,4.0,5.0,3.0,3.0,3.0,3.0,3.0,3.0,3.0,3.0,1.0,1.0,1.0,1.0,1.0,1.0,3.0,4.0,4.0,5.0,4.0,5.0,5.0,5.0,4.0,5.0,4.0,5.0,3.67,3.67,3.0,3.0,1.0,1.0,3.67,4.67,4.33,5.0,3.67,3.0,1.0,4.17,4.66
871,7.0,7.0,7.0,7.0,7.0,7.0,4.0,3.0,6.0,6.0,6.0,5.0,4.0,5.0,5.0,5.0,4.0,5.0,7.0,7.0,7.0,7.0,7.0,7.0,4.0,7.0,6.0,6.0,5.0,6.0,7.0,7.0,5.34,4.67,4.35,5.01,7.0,7.0,5.0,6.33,7.0,5.0,4.68,7.0,5.66
872,2.0,3.0,2.0,3.0,3.0,2.0,5.0,5.0,6.0,6.0,6.0,6.0,2.0,3.0,2.0,2.0,1.0,2.0,3.0,3.0,3.0,3.0,3.0,4.0,3.0,4.0,4.0,5.0,3.0,5.0,2.33,2.67,5.67,5.68,1.65,2.32,3.0,3.33,3.33,4.67,2.5,5.68,1.98,3.16,4.0
873,3.0,3.0,2.0,3.0,3.0,2.0,6.0,6.0,6.0,5.0,7.0,6.0,4.0,5.0,3.0,4.0,3.0,4.0,4.0,4.0,5.0,5.0,4.0,4.0,7.0,7.0,7.0,7.0,7.0,7.0,2.67,2.67,6.34,5.68,3.33,4.34,4.33,4.33,7.0,7.0,2.67,6.01,3.84,4.33,7.0
874,3.0,4.0,4.0,5.0,4.0,5.0,3.0,3.0,4.0,3.0,3.0,2.0,2.0,3.0,2.0,3.0,2.0,2.0,3.0,4.0,3.0,4.0,3.0,4.0,4.0,5.0,3.0,4.0,3.0,4.0,3.66,4.66,3.33,2.66,2.0,2.66,3.0,4.0,3.33,4.33,4.16,3.0,2.33,3.5,3.83
875,1.0,1.0,1.0,1.0,1.0,1.0,4.0,5.0,5.0,5.0,4.0,5.0,2.0,1.0,1.0,2.0,1.0,2.0,4.0,5.0,3.0,5.0,4.0,6.0,4.0,5.0,5.0,5.0,4.0,5.0,1.0,1.0,4.34,5.01,1.31,1.66,3.67,5.33,4.33,5.0,1.0,4.68,1.48,4.5,4.66
876,1.0,2.0,2.0,2.0,1.0,2.0,5.0,5.0,6.0,5.0,6.0,6.0,2.0,3.0,2.0,4.0,2.0,2.0,3.0,3.0,3.0,3.0,4.0,4.0,4.0,6.0,5.0,5.0,5.0,6.0,1.33,2.0,5.67,5.34,2.0,2.99,3.33,3.33,4.67,5.67,1.66,5.5,2.5,3.33,5.17
877,6.0,7.0,7.0,7.0,7.0,7.0,2.0,1.0,2.0,2.0,2.0,1.0,3.0,4.0,3.0,3.0,3.0,4.0,5.0,5.0,4.0,5.0,5.0,6.0,7.0,7.0,6.0,6.0,6.0,7.0,6.66,7.0,1.99,1.32,3.0,3.67,4.67,5.33,6.33,6.67,6.83,1.66,3.34,5.0,6.5
878,1.0,1.0,1.0,1.0,1.0,1.0,2.0,1.0,3.0,2.0,2.0,2.0,1.0,2.0,2.0,3.0,1.0,2.0,4.0,5.0,4.0,5.0,4.0,4.0,1.0,2.0,1.0,2.0,2.0,2.0,1.0,1.0,2.33,1.66,1.32,2.32,4.0,4.67,1.33,2.0,1.0,2.0,1.82,4.34,1.66
879,3.0,5.0,3.0,4.0,5.0,5.0,3.0,2.0,3.0,2.0,3.0,2.0,4.0,5.0,4.0,4.0,4.0,4.0,5.0,6.0,5.0,5.0,5.0,6.0,4.0,5.0,5.0,5.0,4.0,5.0,3.66,4.67,3.0,1.99,4.01,4.34,5.0,5.67,4.33,5.0,4.16,2.5,4.18,5.34,4.66
880,1.0,2.0,1.0,1.0,1.0,2.0,1.0,2.0,1.0,2.0,2.0,1.0,1.0,2.0,2.0,2.0,1.0,1.0,1.0,2.0,1.0,2.0,1.0,3.0,1.0,1.0,1.0,1.0,1.0,1.0,1.0,1.67,1.32,1.66,1.32,1.65,1.0,2.33,1.0,1.0,1.34,1.49,1.48,1.66,1.0
881,3.0,4.0,4.0,5.0,4.0,4.0,4.0,4.0,5.0,5.0,5.0,5.0,3.0,3.0,3.0,3.0,3.0,4.0,3.0,4.0,4.0,5.0,4.0,5.0,1.0,2.0,3.0,1.0,1.0,2.0,3.66,4.33,4.67,4.67,3.0,3.34,3.67,4.67,1.67,1.67,4.0,4.67,3.17,4.17,1.67
882,7.0,7.0,6.0,6.0,7.0,6.0,7.0,7.0,7.0,7.0,5.0,6.0,7.0,7.0,6.0,7.0,5.0,6.0,6.0,7.0,7.0,7.0,7.0,7.0,4.0,5.0,5.0,6.0,6.0,6.0,6.67,6.34,6.35,6.68,6.01,6.69,6.67,7.0,5.0,5.67,6.5,6.52,6.35,6.84,5.34
883,4.0,4.0,3.0,4.0,4.0,4.0,3.0,3.0,4.0,4.0,4.0,3.0,2.0,2.0,2.0,2.0,2.0,3.0,5.0,5.0,4.0,5.0,5.0,4.0,3.0,4.0,4.0,4.0,3.0,4.0,3.67,4.0,3.66,3.33,2.0,2.33,4.67,4.67,3.33,4.0,3.84,3.5,2.16,4.67,3.66
884,3.0,3.0,2.0,3.0,2.0,3.0,5.0,4.0,4.0,5.0,5.0,5.0,7.0,7.0,6.0,7.0,6.0,7.0,3.0,5.0,4.0,4.0,4.0,5.0,6.0,7.0,7.0,7.0,6.0,7.0,2.34,3.0,4.67,4.67,6.36,7.0,3.67,4.67,6.33,7.0,2.67,4.67,6.68,4.17,6.66
885,4.0,5.0,4.0,6.0,5.0,6.0,6.0,5.0,6.0,5.0,6.0,6.0,5.0,6.0,4.0,5.0,5.0,5.0,4.0,3.0,3.0,5.0,4.0,4.0,5.0,5.0,5.0,6.0,5.0,6.0,4.33,5.66,6.01,5.34,4.69,5.35,3.67,4.0,5.0,5.67,5.0,5.68,5.02,3.84,5.34
886,1.0,1.0,1.0,1.0,1.0,1.0,1.0,1.0,2.0,1.0,1.0,1.0,2.0,3.0,2.0,2.0,1.0,2.0,5.0,6.0,5.0,6.0,5.0,6.0,1.0,2.0,1.0,1.0,1.0,2.0,1.0,1.0,1.32,1.0,1.65,2.32,5.0,6.0,1.0,1.67,1.0,1.16,1.98,5.5,1.34
887,4.0,5.0,3.0,3.0,3.0,4.0,5.0,3.0,4.0,4.0,4.0,4.0,5.0,6.0,5.0,6.0,5.0,6.0,4.0,6.0,6.0,5.0,5.0,6.0,6.0,7.0,6.0,7.0,7.0,7.0,3.34,4.0,4.34,3.67,5.02,6.02,5.0,5.67,6.33,7.0,3.67,4.0,5.52,5.34,6.66
888,4.0,4.0,5.0,4.0,5.0,6.0,6.0,5.0,6.0,5.0,6.0,6.0,3.0,3.0,3.0,3.0,2.0,3.0,2.0,2.0,1.0,2.0,2.0,3.0,2.0,3.0,3.0,3.0,3.0,3.0,4.66,4.66,6.01,5.34,2.65,3.0,1.67,2.33,2.67,3.0,4.66,5.68,2.82,2.0,2.84
889,6.0,6.0,6.0,6.0,6.0,6.0,4.0,3.0,4.0,4.0,4.0,4.0,5.0,5.0,4.0,5.0,4.0,6.0,2.0,3.0,3.0,3.0,3.0,3.0,5.0,6.0,5.0,6.0,6.0,7.0,6.0,6.0,4.0,3.67,4.34,5.36,2.67,3.0,5.33,6.33,6.0,3.84,4.85,2.84,5.83
890,1.0,1.0,1.0,1.0,1.0,1.0,5.0,5.0,6.0,6.0,6.0,5.0,1.0,1.0,1.0,2.0,1.0,1.0,2.0,2.0,2.0,2.0,2.0,3.0,3.0,4.0,3.0,4.0,2.0,3.0,1.0,1.0,5.67,5.34,1.0,1.32,2.0,2.33,2.67,3.67,1.0,5.5,1.16,2.16,3.17
891,3.0,4.0,3.0,3.0,4.0,5.0,4.0,3.0,5.0,4.0,5.0,4.0,1.0,1.0,1.0,1.0,1.0,2.0,6.0,7.0,7.0,7.0,7.0,7.0,4.0,5.0,5.0,6.0,4.0,5.0,3.33,4.0,4.67,3.67,1.0,1.33,6.67,7.0,4.33,5.33,3.66,4.17,1.16,6.84,4.83
892,2.0,3.0,2.0,3.0,3.0,3.0,1.0,1.0,1.0,1.0,2.0,1.0,4.0,3.0,3.0,3.0,3.0,3.0,4.0,5.0,5.0,5.0,4.0,5.0,4.0,5.0,4.0,5.0,4.0,5.0,2.33,3.0,1.32,1.0,3.33,3.0,4.33,5.0,4.0,5.0,2.66,1.16,3.16,4.66,4.5
893,2.0,4.0,3.0,4.0,3.0,3.0,4.0,5.0,5.0,5.0,5.0,5.0,3.0,3.0,2.0,3.0,1.0,2.0,2.0,4.0,2.0,3.0,2.0,3.0,3.0,3.0,3.0,4.0,4.0,4.0,2.66,3.67,4.67,5.01,1.97,2.66,2.0,3.33,3.33,3.67,3.16,4.84,2.32,2.66,3.5
894,4.0,5.0,4.0,5.0,4.0,5.0,1.0,1.0,1.0,1.0,1.0,1.0,7.0,7.0,6.0,7.0,5.0,7.0,1.0,2.0,1.0,2.0,1.0,2.0,4.0,6.0,5.0,6.0,5.0,5.0,4.0,5.0,1.0,1.0,6.01,7.0,1.0,2.0,4.67,5.67,4.5,1.0,6.5,1.5,5.17
895,2.0,2.0,2.0,2.0,2.0,3.0,2.0,1.0,3.0,2.0,3.0,2.0,3.0,4.0,4.0,5.0,2.0,4.0,3.0,3.0,3.0,4.0,4.0,5.0,1.0,1.0,1.0,1.0,1.0,1.0,2.0,2.33,2.66,1.66,2.99,4.34,3.33,4.0,1.0,1.0,2.16,2.16,3.66,3.66,1.0
896,4.0,3.0,3.0,4.0,3.0,4.0,3.0,2.0,4.0,4.0,4.0,3.0,2.0,2.0,2.0,3.0,1.0,2.0,4.0,4.0,4.0,4.0,3.0,5.0,5.0,5.0,5.0,6.0,5.0,5.0,3.34,3.66,3.66,3.0,1.65,2.32,3.67,4.33,5.0,5.33,3.5,3.33,1.98,4.0,5.16
897,2.0,2.0,2.0,3.0,3.0,3.0,2.0,2.0,2.0,2.0,4.0,3.0,7.0,7.0,7.0,7.0,6.0,7.0,7.0,7.0,7.0,7.0,7.0,7.0,3.0,3.0,3.0,4.0,3.0,5.0,2.33,2.66,2.66,2.33,6.69,7.0,7.0,7.0,3.0,4.0,2.5,2.5,6.85,7.0,3.5
898,7.0,6.0,7.0,7.0,6.0,7.0,4.0,5.0,6.0,5.0,5.0,5.0,6.0,6.0,5.0,6.0,5.0,6.0,4.0,3.0,2.0,3.0,3.0,3.0,4.0,4.0,3.0,5.0,4.0,5.0,6.67,6.67,5.0,5.01,5.35,6.02,3.0,3.0,3.67,4.67,6.67,5.0,5.68,3.0,4.17
899,4.0,3.0,3.0,4.0,3.0,3.0,3.0,4.0,3.0,4.0,3.0,3.0,4.0,5.0,3.0,5.0,4.0,5.0,4.0,4.0,3.0,4.0,3.0,4.0,2.0,4.0,3.0,3.0,3.0,4.0,3.34,3.33,3.0,3.67,3.68,5.01,3.33,4.0,2.67,3.67,3.34,3.34,4.34,3.66,3.17
900,1.0,1.0,1.0,1.0,1.0,1.0,4.0,3.0,4.0,4.0,3.0,3.0,3.0,2.0,3.0,4.0,2.0,3.0,3.0,4.0,3.0,4.0,3.0,4.0,3.0,4.0,3.0,5.0,3.0,4.0,1.0,1.0,3.67,3.33,2.65,3.0,3.0,4.0,3.0,4.33,1.0,3.5,2.82,3.5,3.66
901,2.0,4.0,2.0,4.0,3.0,4.0,2.0,2.0,3.0,2.0,2.0,2.0,6.0,6.0,5.0,6.0,5.0,6.0,3.0,5.0,2.0,3.0,3.0,4.0,4.0,5.0,4.0,4.0,4.0,5.0,2.33,4.0,2.33,1.99,5.35,6.02,2.67,4.0,4.0,4.67,3.16,2.16,5.68,3.34,4.34
902,1.0,1.0,1.0,1.0,1.0,1.0,3.0,1.0,3.0,3.0,2.0,2.0,4.0,4.0,4.0,5.0,3.0,4.0,3.0,4.0,4.0,4.0,4.0,4.0,2.0,4.0,3.0,4.0,4.0,4.0,1.0,1.0,2.66,1.99,3.66,4.34,3.67,4.0,3.0,4.0,1.0,2.33,4.0,3.84,3.5
903,3.0,3.0,3.0,3.0,4.0,5.0,4.0,4.0,4.0,4.0,5.0,4.0,2.0,2.0,1.0,2.0,2.0,2.0,7.0,7.0,7.0,7.0,7.0,7.0,7.0,7.0,7.0,7.0,7.0,7.0,3.33,3.66,4.33,4.0,1.66,1.99,7.0,7.0,7.0,7.0,3.5,4.16,1.82,7.0,7.0
904,4.0,6.0,5.0,6.0,4.0,5.0,2.0,2.0,3.0,3.0,3.0,3.0,1.0,1.0,1.0,1.0,1.0,1.0,3.0,4.0,2.0,3.0,3.0,2.0,3.0,4.0,3.0,4.0,3.0,5.0,4.33,5.67,2.66,2.66,1.0,1.0,2.67,3.0,3.0,4.33,5.0,2.66,1.0,2.84,3.66
905,4.0,4.0,3.0,4.0,5.0,6.0,7.0,5.0,7.0,6.0,7.0,6.0,6.0,6.0,5.0,5.0,3.0,3.0,7.0,7.0,6.0,6.0,6.0,7.0,3.0,4.0,3.0,5.0,3.0,4.0,4.0,4.66,7.0,5.68,4.65,4.66,6.33,6.67,3.0,4.33,4.33,6.34,4.66,6.5,3.66
906,2.0,2.0,1.0,2.0,2.0,2.0,1.0,1.0,1.0,1.0,1.0,1.0,5.0,5.0,4.0,5.0,4.0,5.0,2.0,2.0,2.0,3.0,2.0,2.0,1.0,2.0,2.0,3.0,2.0,3.0,1.67,2.0,1.0,1.0,4.34,5.01,2.0,2.33,1.67,2.67,1.84,1.0,4.68,2.16,2.17
907,3.0,3.0,3.0,2.0,4.0,6.0,5.0,5.0,5.0,5.0,5.0,5.0,4.0,5.0,3.0,4.0,3.0,4.0,5.0,6.0,5.0,6.0,6.0,6.0,6.0,7.0,5.0,6.0,6.0,7.0,3.33,3.66,5.0,5.01,3.33,4.34,5.33,6.0,5.67,6.67,3.5,5.0,3.84,5.66,6.17
908,5.0,6.0,5.0,6.0,4.0,6.0,4.0,3.0,5.0,4.0,5.0,4.0,4.0,5.0,3.0,4.0,3.0,3.0,5.0,6.0,5.0,7.0,5.0,7.0,2.0,3.0,2.0,3.0,2.0,3.0,4.67,6.0,4.67,3.67,3.33,4.0,5.0,6.67,2.0,3.0,5.34,4.17,3.66,5.84,2.5
909,4.0,4.0,3.0,5.0,3.0,5.0,4.0,3.0,4.0,4.0,5.0,4.0,5.0,6.0,4.0,5.0,4.0,5.0,6.0,6.0,6.0,7.0,6.0,7.0,5.0,6.0,4.0,6.0,4.0,4.0,3.34,4.66,4.33,3.67,4.34,5.35,6.0,6.67,4.33,5.33,4.0,4.0,4.84,6.34,4.83
910,1.0,1.0,1.0,1.0,2.0,2.0,4.0,3.0,4.0,4.0,4.0,3.0,5.0,6.0,5.0,6.0,4.0,5.0,1.0,1.0,1.0,2.0,1.0,1.0,5.0,6.0,5.0,6.0,6.0,7.0,1.33,1.33,4.0,3.33,4.67,5.68,1.0,1.33,5.33,6.33,1.33,3.66,5.18,1.16,5.83
911,1.0,1.0,1.0,1.0,1.0,1.0,4.0,4.0,4.0,4.0,3.0,2.0,3.0,3.0,2.0,3.0,2.0,2.0,1.0,2.0,1.0,2.0,1.0,1.0,1.0,1.0,1.0,1.0,1.0,2.0,1.0,1.0,3.67,3.33,2.32,2.66,1.0,1.67,1.0,1.33,1.0,3.5,2.49,1.34,1.16
912,1.0,1.0,1.0,1.0,1.0,1.0,1.0,1.0,1.0,1.0,1.0,1.0,1.0,1.0,1.0,1.0,1.0,1.0,3.0,3.0,2.0,3.0,3.0,4.0,1.0,1.0,1.0,1.0,1.0,1.0,1.0,1.0,1.0,1.0,1.0,1.0,2.67,3.33,1.0,1.0,1.0,1.0,1.0,3.0,1.0
913,2.0,3.0,2.0,4.0,1.0,1.0,4.0,5.0,5.0,4.0,5.0,3.0,4.0,4.0,4.0,4.0,3.0,3.0,5.0,5.0,4.0,4.0,4.0,4.0,2.0,3.0,2.0,3.0,1.0,3.0,1.67,2.67,4.67,4.0,3.66,3.66,4.33,4.33,1.67,3.0,2.17,4.34,3.66,4.33,2.34
914,3.0,4.0,4.0,4.0,3.0,4.0,2.0,3.0,4.0,2.0,3.0,3.0,3.0,4.0,3.0,4.0,3.0,3.0,1.0,1.0,1.0,1.0,2.0,1.0,2.0,3.0,2.0,3.0,2.0,3.0,3.33,4.0,3.0,2.66,3.0,3.66,1.33,1.0,2.0,3.0,3.66,2.83,3.33,1.16,2.5
915,3.0,2.0,4.0,3.0,3.0,4.0,6.0,6.0,7.0,7.0,7.0,7.0,3.0,3.0,3.0,4.0,2.0,3.0,4.0,5.0,4.0,4.0,4.0,4.0,2.0,3.0,2.0,3.0,2.0,3.0,3.33,2.99,6.68,6.68,2.65,3.33,4.0,4.33,2.0,3.0,3.16,6.68,2.99,4.16,2.5
916,4.0,5.0,3.0,4.0,6.0,6.0,4.0,3.0,4.0,3.0,4.0,3.0,4.0,6.0,4.0,5.0,4.0,4.0,7.0,7.0,6.0,7.0,6.0,7.0,2.0,3.0,2.0,3.0,1.0,3.0,4.32,5.0,4.0,3.0,4.01,5.0,6.33,7.0,1.67,3.0,4.66,3.5,4.5,6.66,2.34
917,1.0,1.0,1.0,2.0,1.0,2.0,4.0,4.0,5.0,4.0,5.0,4.0,4.0,5.0,3.0,5.0,2.0,4.0,4.0,5.0,4.0,5.0,5.0,5.0,4.0,5.0,3.0,4.0,5.0,5.0,1.0,1.66,4.67,4.0,2.98,4.67,4.33,5.0,4.0,4.67,1.33,4.34,3.82,4.66,4.34
918,2.0,2.0,2.0,2.0,3.0,2.0,2.0,2.0,3.0,2.0,3.0,2.0,2.0,3.0,2.0,3.0,2.0,2.0,1.0,2.0,2.0,3.0,2.0,2.0,3.0,5.0,4.0,4.0,4.0,4.0,2.33,2.0,2.66,1.99,2.0,2.66,1.67,2.33,3.67,4.33,2.16,2.33,2.33,2.0,4.0
919,2.0,3.0,1.0,3.0,1.0,2.0,3.0,4.0,5.0,4.0,5.0,3.0,2.0,2.0,2.0,2.0,2.0,2.0,5.0,5.0,6.0,7.0,5.0,4.0,3.0,3.0,3.0,4.0,3.0,4.0,1.34,2.67,4.33,3.67,2.0,1.99,5.33,5.33,3.0,3.67,2.0,4.0,2.0,5.33,3.34
920,2.0,2.0,3.0,3.0,2.0,3.0,2.0,2.0,2.0,2.0,2.0,1.0,2.0,3.0,2.0,2.0,3.0,2.0,3.0,4.0,2.0,3.0,2.0,4.0,3.0,4.0,3.0,3.0,2.0,4.0,2.33,2.66,1.99,1.66,2.35,2.32,2.33,3.67,2.67,3.67,2.5,1.82,2.34,3.0,3.17
921,5.0,5.0,6.0,6.0,5.0,6.0,5.0,5.0,6.0,6.0,6.0,6.0,4.0,4.0,3.0,4.0,3.0,2.0,5.0,6.0,4.0,4.0,4.0,5.0,3.0,4.0,4.0,4.0,3.0,4.0,5.34,5.66,5.67,5.68,3.33,3.32,4.33,5.0,3.33,4.0,5.5,5.68,3.32,4.66,3.66
922,1.0,2.0,1.0,2.0,2.0,3.0,2.0,1.0,1.0,1.0,2.0,2.0,3.0,3.0,2.0,3.0,1.0,2.0,3.0,4.0,2.0,3.0,2.0,3.0,1.0,2.0,1.0,2.0,1.0,2.0,1.33,2.33,1.66,1.32,1.97,2.66,2.33,3.33,1.0,2.0,1.83,1.49,2.32,2.83,1.5
923,1.0,1.0,1.0,1.0,1.0,2.0,5.0,4.0,6.0,5.0,6.0,5.0,4.0,4.0,4.0,4.0,4.0,4.0,3.0,3.0,3.0,4.0,2.0,3.0,5.0,5.0,6.0,7.0,7.0,7.0,1.0,1.33,5.67,4.67,4.01,4.01,2.67,3.33,6.0,6.33,1.16,5.17,4.01,3.0,6.16
924,4.0,5.0,4.0,5.0,3.0,5.0,2.0,2.0,2.0,2.0,2.0,2.0,6.0,6.0,5.0,5.0,5.0,5.0,4.0,3.0,4.0,4.0,3.0,4.0,5.0,6.0,6.0,6.0,6.0,5.0,3.67,5.0,1.99,1.99,5.35,5.35,3.67,3.67,5.67,5.67,4.34,1.99,5.35,3.67,5.67
925,2.0,3.0,2.0,2.0,2.0,3.0,4.0,4.0,5.0,4.0,5.0,5.0,4.0,4.0,4.0,5.0,5.0,5.0,5.0,5.0,5.0,6.0,5.0,6.0,4.0,6.0,5.0,6.0,4.0,6.0,2.0,2.67,4.67,4.34,4.36,4.68,5.0,5.67,4.33,6.0,2.34,4.5,4.52,5.34,5.16
926,3.0,3.0,2.0,3.0,2.0,2.0,5.0,5.0,5.0,4.0,5.0,4.0,3.0,2.0,3.0,3.0,3.0,3.0,3.0,4.0,4.0,5.0,4.0,5.0,3.0,3.0,2.0,4.0,3.0,4.0,2.34,2.67,5.0,4.34,3.0,2.67,3.67,4.67,2.67,3.67,2.5,4.67,2.84,4.17,3.17
927,1.0,2.0,2.0,2.0,2.0,3.0,4.0,4.0,3.0,3.0,4.0,2.0,4.0,3.0,3.0,4.0,3.0,4.0,2.0,2.0,3.0,3.0,3.0,3.0,2.0,2.0,2.0,3.0,2.0,3.0,1.66,2.33,3.67,3.0,3.33,3.67,2.67,2.67,2.0,2.67,2.0,3.34,3.5,2.67,2.34
928,4.0,4.0,2.0,4.0,3.0,4.0,3.0,3.0,4.0,4.0,3.0,3.0,5.0,5.0,5.0,5.0,4.0,5.0,3.0,3.0,2.0,3.0,3.0,3.0,2.0,3.0,2.0,3.0,2.0,2.0,3.0,4.0,3.33,3.33,4.67,5.01,2.67,3.0,2.0,2.67,3.5,3.33,4.84,2.84,2.34
929,3.0,3.0,2.0,3.0,2.0,3.0,5.0,4.0,6.0,6.0,6.0,6.0,3.0,3.0,3.0,4.0,2.0,3.0,3.0,4.0,2.0,3.0,3.0,4.0,5.0,5.0,4.0,5.0,4.0,5.0,2.34,3.0,5.67,5.34,2.65,3.33,2.67,3.67,4.33,5.0,2.67,5.5,2.99,3.17,4.66
930,3.0,3.0,2.0,3.0,2.0,2.0,1.0,1.0,2.0,1.0,1.0,1.0,2.0,4.0,3.0,4.0,3.0,3.0,5.0,6.0,5.0,6.0,5.0,6.0,2.0,3.0,2.0,4.0,2.0,3.0,2.34,2.67,1.32,1.0,2.68,3.66,5.0,6.0,2.0,3.33,2.5,1.16,3.17,5.5,2.66
931,2.0,2.0,2.0,2.0,2.0,2.0,1.0,1.0,1.0,1.0,1.0,1.0,4.0,5.0,4.0,4.0,4.0,4.0,4.0,3.0,4.0,4.0,3.0,4.0,1.0,3.0,1.0,3.0,2.0,2.0,2.0,2.0,1.0,1.0,4.01,4.34,3.67,3.67,1.33,2.67,2.0,1.0,4.18,3.67,2.0
932,1.0,1.0,1.0,1.0,1.0,1.0,1.0,1.0,1.0,1.0,1.0,1.0,3.0,4.0,3.0,4.0,3.0,4.0,3.0,3.0,3.0,3.0,3.0,3.0,5.0,6.0,5.0,6.0,5.0,6.0,1.0,1.0,1.0,1.0,3.0,4.01,3.0,3.0,5.0,6.0,1.0,1.0,3.5,3.0,5.5
933,7.0,7.0,7.0,7.0,7.0,7.0,4.0,4.0,5.0,5.0,5.0,5.0,4.0,5.0,4.0,5.0,4.0,4.0,6.0,7.0,6.0,7.0,7.0,7.0,5.0,6.0,5.0,5.0,5.0,6.0,7.0,7.0,4.67,4.67,4.01,4.67,6.33,7.0,5.0,5.67,7.0,4.67,4.34,6.66,5.34
934,1.0,2.0,2.0,2.0,1.0,2.0,4.0,3.0,5.0,4.0,4.0,4.0,7.0,7.0,7.0,7.0,6.0,7.0,2.0,3.0,3.0,3.0,2.0,2.0,4.0,4.0,5.0,5.0,3.0,4.0,1.33,2.0,4.34,3.67,6.69,7.0,2.33,2.67,4.0,4.33,1.66,4.0,6.85,2.5,4.16
935,1.0,1.0,1.0,1.0,1.0,1.0,4.0,4.0,5.0,5.0,4.0,4.0,2.0,2.0,2.0,3.0,1.0,2.0,2.0,3.0,2.0,3.0,2.0,3.0,3.0,4.0,3.0,5.0,4.0,5.0,1.0,1.0,4.34,4.34,1.65,2.32,2.0,3.0,3.33,4.67,1.0,4.34,1.98,2.5,4.0
936,5.0,6.0,5.0,6.0,6.0,6.0,6.0,6.0,7.0,7.0,6.0,6.0,2.0,3.0,2.0,3.0,2.0,2.0,2.0,3.0,2.0,3.0,2.0,3.0,4.0,6.0,4.0,5.0,5.0,6.0,5.33,6.0,6.34,6.35,2.0,2.66,2.0,3.0,4.33,5.67,5.66,6.34,2.33,2.5,5.0
937,5.0,6.0,5.0,6.0,5.0,4.0,4.0,4.0,6.0,5.0,5.0,4.0,6.0,5.0,4.0,5.0,4.0,4.0,5.0,5.0,5.0,5.0,3.0,4.0,4.0,5.0,4.0,4.0,4.0,6.0,5.0,5.34,5.0,4.34,4.67,4.67,4.33,4.67,4.0,5.0,5.17,4.67,4.67,4.5,4.5
938,5.0,6.0,6.0,6.0,5.0,5.0,5.0,5.0,5.0,4.0,5.0,5.0,3.0,4.0,3.0,4.0,3.0,3.0,7.0,7.0,6.0,7.0,6.0,7.0,4.0,4.0,4.0,5.0,3.0,4.0,5.34,5.67,5.0,4.67,3.0,3.66,6.33,7.0,3.67,4.33,5.5,4.84,3.33,6.66,4.0
939,2.0,2.0,2.0,3.0,2.0,3.0,1.0,1.0,2.0,2.0,1.0,1.0,1.0,1.0,1.0,1.0,1.0,1.0,1.0,1.0,1.0,1.0,1.0,1.0,1.0,2.0,1.0,2.0,2.0,3.0,2.0,2.66,1.32,1.32,1.0,1.0,1.0,1.0,1.33,2.33,2.33,1.32,1.0,1.0,1.83
940,7.0,7.0,7.0,7.0,6.0,7.0,5.0,5.0,4.0,5.0,5.0,5.0,7.0,7.0,7.0,7.0,7.0,7.0,4.0,5.0,4.0,5.0,5.0,5.0,4.0,5.0,3.0,4.0,3.0,4.0,6.67,7.0,4.67,5.01,7.0,7.0,4.33,5.0,3.33,4.33,6.84,4.84,7.0,4.66,3.83
941,3.0,4.0,4.0,4.0,4.0,4.0,4.0,3.0,4.0,4.0,4.0,4.0,6.0,6.0,4.0,5.0,5.0,4.0,6.0,7.0,7.0,7.0,6.0,7.0,3.0,5.0,4.0,4.0,3.0,5.0,3.66,4.0,4.0,3.67,5.02,5.0,6.33,7.0,3.33,4.67,3.83,3.84,5.01,6.66,4.0
942,4.0,4.0,3.0,4.0,4.0,4.0,5.0,5.0,6.0,6.0,7.0,7.0,6.0,6.0,5.0,5.0,4.0,6.0,5.0,6.0,6.0,6.0,5.0,6.0,5.0,5.0,4.0,5.0,5.0,6.0,3.67,4.0,6.01,6.01,5.0,5.69,5.33,6.0,4.67,5.33,3.84,6.01,5.35,5.66,5.0
943,1.0,2.0,1.0,1.0,1.0,2.0,7.0,6.0,7.0,7.0,7.0,7.0,4.0,5.0,5.0,5.0,6.0,6.0,4.0,6.0,4.0,5.0,4.0,5.0,5.0,7.0,5.0,6.0,6.0,6.0,1.0,1.67,7.0,6.68,5.04,5.36,4.0,5.33,5.33,6.33,1.34,6.84,5.2,4.66,5.83
944,1.0,1.0,1.0,1.0,1.0,2.0,2.0,2.0,3.0,1.0,1.0,1.0,2.0,2.0,1.0,1.0,1.0,1.0,3.0,4.0,2.0,3.0,4.0,4.0,2.0,3.0,2.0,3.0,3.0,4.0,1.0,1.33,1.99,1.32,1.31,1.32,3.0,3.67,2.33,3.33,1.16,1.66,1.32,3.34,2.83
945,4.0,3.0,3.0,4.0,4.0,3.0,2.0,1.0,2.0,2.0,2.0,2.0,4.0,5.0,4.0,4.0,3.0,4.0,2.0,3.0,2.0,3.0,1.0,2.0,1.0,2.0,3.0,4.0,3.0,3.0,3.67,3.33,1.99,1.66,3.66,4.34,1.67,2.67,2.33,3.0,3.5,1.82,4.0,2.17,2.66
946,1.0,1.0,1.0,1.0,1.0,1.0,3.0,3.0,2.0,3.0,4.0,3.0,2.0,2.0,1.0,2.0,1.0,1.0,4.0,4.0,4.0,4.0,5.0,5.0,5.0,6.0,6.0,6.0,5.0,6.0,1.0,1.0,2.99,3.0,1.31,1.65,4.33,4.33,5.33,6.0,1.0,3.0,1.48,4.33,5.66
947,4.0,6.0,3.0,4.0,4.0,5.0,5.0,4.0,5.0,5.0,6.0,5.0,4.0,5.0,4.0,5.0,4.0,4.0,4.0,5.0,4.0,5.0,5.0,6.0,2.0,3.0,2.0,3.0,2.0,3.0,3.67,5.0,5.34,4.67,4.01,4.67,4.33,5.33,2.0,3.0,4.34,5.0,4.34,4.83,2.5
948,1.0,1.0,1.0,2.0,2.0,2.0,4.0,4.0,4.0,4.0,4.0,4.0,1.0,2.0,1.0,1.0,1.0,1.0,3.0,4.0,3.0,4.0,4.0,4.0,2.0,3.0,1.0,3.0,2.0,2.0,1.33,1.66,4.0,4.0,1.0,1.32,3.33,4.0,1.67,2.67,1.5,4.0,1.16,3.66,2.17
949,3.0,4.0,2.0,3.0,3.0,3.0,4.0,4.0,4.0,4.0,4.0,4.0,3.0,4.0,4.0,3.0,3.0,3.0,2.0,3.0,4.0,3.0,3.0,3.0,1.0,3.0,1.0,2.0,1.0,2.0,2.67,3.34,4.0,4.0,3.34,3.33,3.0,3.0,1.0,2.33,3.0,4.0,3.34,3.0,1.66
950,5.0,6.0,6.0,6.0,5.0,5.0,1.0,1.0,3.0,1.0,2.0,2.0,3.0,3.0,2.0,4.0,2.0,3.0,1.0,3.0,1.0,2.0,2.0,2.0,3.0,4.0,1.0,3.0,3.0,3.0,5.34,5.67,1.99,1.32,2.32,3.33,1.33,2.33,2.33,3.33,5.5,1.66,2.82,1.83,2.83
951,4.0,5.0,5.0,6.0,5.0,6.0,4.0,3.0,4.0,3.0,5.0,4.0,4.0,5.0,4.0,5.0,3.0,4.0,4.0,4.0,4.0,5.0,5.0,6.0,2.0,2.0,2.0,4.0,2.0,3.0,4.66,5.66,4.33,3.33,3.66,4.67,4.33,5.0,2.0,3.0,5.16,3.83,4.16,4.66,2.5
952,1.0,2.0,1.0,2.0,2.0,2.0,1.0,1.0,2.0,1.0,1.0,2.0,2.0,3.0,2.0,3.0,2.0,2.0,4.0,5.0,4.0,5.0,4.0,5.0,1.0,2.0,2.0,2.0,1.0,2.0,1.33,2.0,1.32,1.32,2.0,2.66,4.0,5.0,1.33,2.0,1.66,1.32,2.33,4.5,1.66
953,1.0,1.0,1.0,1.0,1.0,1.0,1.0,1.0,2.0,2.0,2.0,1.0,3.0,3.0,2.0,2.0,2.0,3.0,1.0,2.0,1.0,1.0,1.0,1.0,1.0,2.0,1.0,2.0,1.0,3.0,1.0,1.0,1.66,1.32,2.32,2.67,1.0,1.33,1.0,2.33,1.0,1.49,2.5,1.16,1.66
954,3.0,3.0,2.0,3.0,2.0,2.0,2.0,1.0,4.0,3.0,3.0,2.0,2.0,3.0,2.0,2.0,1.0,2.0,4.0,5.0,3.0,5.0,3.0,5.0,4.0,4.0,3.0,5.0,4.0,5.0,2.34,2.67,3.0,1.99,1.65,2.32,3.33,5.0,3.67,4.67,2.5,2.5,1.98,4.16,4.17
955,2.0,2.0,3.0,3.0,2.0,3.0,3.0,2.0,2.0,2.0,2.0,2.0,1.0,3.0,2.0,2.0,1.0,1.0,2.0,2.0,1.0,2.0,1.0,2.0,3.0,5.0,3.0,4.0,4.0,5.0,2.33,2.66,2.33,1.99,1.32,1.98,1.33,2.0,3.33,4.67,2.5,2.16,1.65,1.66,4.0
956,7.0,7.0,7.0,7.0,7.0,7.0,7.0,7.0,7.0,7.0,7.0,7.0,4.0,5.0,3.0,5.0,4.0,4.0,6.0,7.0,6.0,7.0,7.0,7.0,3.0,4.0,4.0,5.0,4.0,4.0,7.0,7.0,7.0,7.0,3.68,4.67,6.33,7.0,3.67,4.33,7.0,7.0,4.18,6.66,4.0
957,4.0,4.0,3.0,3.0,5.0,4.0,3.0,4.0,4.0,4.0,3.0,2.0,1.0,2.0,2.0,3.0,2.0,2.0,1.0,2.0,2.0,2.0,2.0,3.0,2.0,4.0,3.0,3.0,3.0,3.0,4.0,3.67,3.33,3.33,1.67,2.32,1.67,2.33,2.67,3.33,3.84,3.33,2.0,2.0,3.0
958,5.0,6.0,5.0,6.0,6.0,6.0,5.0,4.0,5.0,4.0,5.0,5.0,1.0,1.0,1.0,2.0,1.0,1.0,4.0,5.0,4.0,6.0,4.0,5.0,4.0,5.0,4.0,5.0,4.0,5.0,5.33,6.0,5.0,4.34,1.0,1.32,4.0,5.33,4.0,5.0,5.66,4.67,1.16,4.66,4.5
959,4.0,5.0,4.0,3.0,4.0,4.0,4.0,3.0,4.0,4.0,4.0,4.0,4.0,5.0,4.0,4.0,3.0,4.0,3.0,4.0,2.0,3.0,4.0,4.0,5.0,5.0,6.0,7.0,6.0,7.0,4.0,4.0,4.0,3.67,3.66,4.34,3.0,3.67,5.67,6.33,4.0,3.84,4.0,3.34,6.0
960,4.0,4.0,4.0,4.0,3.0,4.0,4.0,4.0,5.0,5.0,4.0,3.0,3.0,4.0,3.0,3.0,2.0,3.0,2.0,2.0,1.0,2.0,1.0,2.0,3.0,3.0,4.0,3.0,4.0,5.0,3.67,4.0,4.34,4.0,2.65,3.33,1.33,2.0,3.67,3.67,3.84,4.17,2.99,1.66,3.67
961,2.0,2.0,2.0,2.0,2.0,2.0,1.0,1.0,1.0,1.0,1.0,1.0,3.0,3.0,3.0,4.0,1.0,2.0,4.0,5.0,4.0,4.0,4.0,4.0,4.0,6.0,5.0,5.0,4.0,7.0,2.0,2.0,1.0,1.0,2.31,2.99,4.0,4.33,4.33,6.0,2.0,1.0,2.65,4.16,5.16
962,2.0,2.0,2.0,3.0,2.0,4.0,4.0,3.0,4.0,5.0,4.0,4.0,2.0,4.0,3.0,2.0,2.0,2.0,2.0,3.0,2.0,3.0,3.0,3.0,3.0,3.0,3.0,4.0,4.0,5.0,2.0,2.99,4.0,4.0,2.33,2.66,2.33,3.0,3.33,4.0,2.5,4.0,2.5,2.66,3.66
963,2.0,2.0,2.0,2.0,1.0,2.0,6.0,5.0,6.0,7.0,7.0,7.0,7.0,7.0,7.0,7.0,6.0,6.0,6.0,6.0,4.0,6.0,6.0,6.0,4.0,4.0,4.0,4.0,3.0,4.0,1.67,2.0,6.34,6.35,6.69,6.69,5.34,6.0,3.67,4.0,1.84,6.34,6.69,5.67,3.84
964,7.0,7.0,7.0,7.0,7.0,7.0,4.0,3.0,5.0,5.0,4.0,3.0,6.0,5.0,5.0,6.0,4.0,5.0,4.0,5.0,3.0,5.0,4.0,5.0,7.0,7.0,7.0,7.0,7.0,7.0,7.0,7.0,4.34,3.67,5.0,5.35,3.67,5.0,7.0,7.0,7.0,4.0,5.18,4.34,7.0
965,7.0,7.0,7.0,7.0,7.0,7.0,4.0,4.0,4.0,4.0,3.0,3.0,3.0,3.0,4.0,4.0,3.0,3.0,6.0,7.0,7.0,7.0,7.0,7.0,5.0,6.0,5.0,5.0,5.0,6.0,7.0,7.0,3.67,3.67,3.34,3.33,6.67,7.0,5.0,5.67,7.0,3.67,3.34,6.84,5.34
966,6.0,7.0,6.0,7.0,7.0,7.0,4.0,3.0,3.0,4.0,4.0,3.0,1.0,1.0,1.0,2.0,1.0,1.0,3.0,4.0,3.0,4.0,3.0,4.0,1.0,1.0,1.0,1.0,1.0,1.0,6.33,7.0,3.67,3.33,1.0,1.32,3.0,4.0,1.0,1.0,6.66,3.5,1.16,3.5,1.0
967,3.0,4.0,2.0,4.0,4.0,4.0,3.0,2.0,5.0,4.0,4.0,4.0,1.0,1.0,1.0,1.0,1.0,1.0,3.0,3.0,2.0,2.0,2.0,3.0,6.0,7.0,6.0,6.0,6.0,7.0,3.0,4.0,4.0,3.33,1.0,1.0,2.33,2.67,6.0,6.67,3.5,3.66,1.0,2.5,6.34
968,1.0,2.0,3.0,3.0,3.0,3.0,5.0,4.0,4.0,4.0,4.0,3.0,2.0,2.0,2.0,3.0,2.0,2.0,4.0,4.0,5.0,5.0,5.0,5.0,6.0,7.0,6.0,7.0,6.0,7.0,2.33,2.66,4.34,3.67,2.0,2.32,4.67,4.67,6.0,7.0,2.5,4.0,2.16,4.67,6.5
969,6.0,6.0,6.0,6.0,6.0,7.0,3.0,3.0,4.0,3.0,3.0,3.0,5.0,6.0,6.0,6.0,5.0,5.0,3.0,3.0,3.0,4.0,3.0,3.0,4.0,5.0,4.0,5.0,4.0,6.0,6.0,6.33,3.33,3.0,5.35,5.68,3.0,3.33,4.0,5.33,6.16,3.16,5.52,3.16,4.66
970,3.0,4.0,2.0,3.0,2.0,3.0,1.0,1.0,1.0,1.0,1.0,1.0,4.0,4.0,3.0,4.0,3.0,4.0,5.0,6.0,6.0,6.0,6.0,6.0,2.0,2.0,2.0,3.0,2.0,4.0,2.34,3.34,1.0,1.0,3.33,4.01,5.67,6.0,2.0,3.0,2.84,1.0,3.67,5.84,2.5
971,1.0,2.0,1.0,1.0,1.0,3.0,2.0,1.0,2.0,1.0,2.0,2.0,2.0,3.0,2.0,2.0,1.0,2.0,2.0,2.0,1.0,2.0,2.0,2.0,2.0,3.0,3.0,4.0,2.0,3.0,1.0,2.0,1.99,1.32,1.65,2.32,1.67,2.0,2.33,3.33,1.5,1.66,1.98,1.84,2.83
972,4.0,5.0,3.0,4.0,4.0,4.0,2.0,2.0,4.0,2.0,3.0,2.0,4.0,4.0,4.0,5.0,3.0,4.0,2.0,3.0,2.0,3.0,3.0,4.0,2.0,3.0,2.0,3.0,2.0,3.0,3.67,4.34,3.0,1.99,3.66,4.34,2.33,3.33,2.0,3.0,4.0,2.5,4.0,2.83,2.5
973,2.0,3.0,3.0,4.0,3.0,3.0,5.0,4.0,5.0,5.0,5.0,4.0,3.0,4.0,2.0,3.0,3.0,2.0,3.0,5.0,4.0,4.0,4.0,4.0,4.0,4.0,4.0,4.0,4.0,5.0,2.66,3.33,5.0,4.34,2.67,2.99,3.67,4.33,4.0,4.33,3.0,4.67,2.83,4.0,4.16
974,2.0,3.0,2.0,3.0,3.0,3.0,5.0,4.0,5.0,4.0,5.0,5.0,4.0,5.0,4.0,4.0,4.0,4.0,2.0,3.0,4.0,4.0,3.0,4.0,5.0,6.0,4.0,5.0,5.0,5.0,2.33,3.0,5.0,4.34,4.01,4.34,3.0,3.67,4.67,5.33,2.66,4.67,4.18,3.34,5.0
975,3.0,4.0,1.0,2.0,3.0,3.0,4.0,4.0,5.0,4.0,4.0,4.0,4.0,5.0,4.0,5.0,4.0,5.0,3.0,4.0,2.0,3.0,2.0,3.0,5.0,6.0,5.0,6.0,6.0,6.0,2.33,3.0,4.34,4.0,4.01,5.01,2.33,3.33,5.33,6.0,2.66,4.17,4.51,2.83,5.66
976,7.0,7.0,7.0,7.0,7.0,7.0,7.0,6.0,6.0,6.0,6.0,6.0,4.0,5.0,3.0,4.0,2.0,4.0,4.0,4.0,3.0,4.0,3.0,4.0,4.0,5.0,4.0,5.0,3.0,5.0,7.0,7.0,6.35,6.01,2.98,4.34,3.33,4.0,3.67,5.0,7.0,6.18,3.66,3.66,4.34
977,2.0,4.0,2.0,4.0,3.0,5.0,3.0,3.0,4.0,2.0,3.0,3.0,7.0,6.0,6.0,5.0,6.0,6.0,2.0,2.0,1.0,2.0,2.0,2.0,6.0,7.0,6.0,7.0,7.0,7.0,2.33,4.33,3.33,2.66,6.36,5.69,1.67,2.0,6.33,7.0,3.33,3.0,6.02,1.84,6.66
978,3.0,4.0,4.0,5.0,4.0,5.0,4.0,4.0,5.0,4.0,5.0,5.0,3.0,3.0,2.0,3.0,2.0,2.0,5.0,5.0,5.0,5.0,5.0,5.0,2.0,3.0,3.0,4.0,3.0,4.0,3.66,4.66,4.67,4.34,2.32,2.66,5.0,5.0,2.67,3.67,4.16,4.5,2.49,5.0,3.17
979,1.0,1.0,1.0,3.0,1.0,1.0,4.0,3.0,4.0,4.0,4.0,4.0,3.0,5.0,4.0,4.0,4.0,5.0,4.0,5.0,4.0,5.0,3.0,5.0,6.0,6.0,6.0,6.0,6.0,7.0,1.0,1.67,4.0,3.67,3.69,4.68,3.67,5.0,6.0,6.33,1.34,3.84,4.18,4.34,6.16
980,4.0,5.0,4.0,5.0,5.0,6.0,6.0,6.0,7.0,6.0,6.0,6.0,4.0,4.0,4.0,5.0,4.0,4.0,3.0,5.0,4.0,5.0,4.0,5.0,4.0,5.0,4.0,5.0,4.0,5.0,4.33,5.33,6.34,6.01,4.01,4.34,3.67,5.0,4.0,5.0,4.83,6.18,4.18,4.34,4.5
981,1.0,1.0,1.0,1.0,2.0,1.0,2.0,2.0,2.0,2.0,2.0,2.0,1.0,1.0,1.0,1.0,1.0,1.0,2.0,3.0,2.0,3.0,2.0,4.0,5.0,6.0,5.0,5.0,5.0,6.0,1.33,1.0,1.99,1.99,1.0,1.0,2.0,3.33,5.0,5.67,1.16,1.99,1.0,2.66,5.34
982,3.0,4.0,2.0,3.0,3.0,3.0,3.0,2.0,3.0,3.0,4.0,3.0,4.0,5.0,5.0,6.0,3.0,5.0,4.0,5.0,5.0,6.0,5.0,6.0,5.0,6.0,5.0,6.0,5.0,5.0,2.67,3.34,3.33,2.66,4.0,5.35,4.67,5.67,5.0,5.67,3.0,3.0,4.68,5.17,5.34
983,4.0,4.0,4.0,5.0,5.0,6.0,4.0,5.0,5.0,4.0,5.0,5.0,1.0,1.0,1.0,1.0,1.0,1.0,2.0,3.0,2.0,3.0,3.0,3.0,2.0,4.0,3.0,4.0,3.0,3.0,4.33,5.0,4.67,4.67,1.0,1.0,2.33,3.0,2.67,3.67,4.66,4.67,1.0,2.66,3.17
984,5.0,5.0,4.0,6.0,6.0,6.0,4.0,3.0,4.0,4.0,5.0,4.0,4.0,4.0,5.0,4.0,5.0,4.0,6.0,7.0,7.0,7.0,7.0,7.0,3.0,4.0,3.0,4.0,3.0,3.0,5.0,5.66,4.33,3.67,4.7,4.01,6.67,7.0,3.0,3.67,5.33,4.0,4.36,6.84,3.34
985,1.0,1.0,1.0,1.0,1.0,1.0,3.0,4.0,4.0,4.0,4.0,4.0,1.0,2.0,1.0,2.0,1.0,2.0,6.0,7.0,6.0,7.0,6.0,6.0,4.0,4.0,4.0,4.0,4.0,5.0,1.0,1.0,3.66,4.0,1.0,1.99,6.0,6.67,4.0,4.33,1.0,3.83,1.5,6.34,4.16
986,4.0,5.0,3.0,4.0,3.0,4.0,5.0,5.0,6.0,5.0,6.0,5.0,2.0,1.0,2.0,2.0,1.0,2.0,4.0,5.0,4.0,5.0,4.0,5.0,6.0,7.0,6.0,6.0,6.0,6.0,3.34,4.34,5.67,5.01,1.65,1.66,4.0,5.0,6.0,6.33,3.84,5.34,1.65,4.5,6.16
987,1.0,1.0,1.0,2.0,1.0,1.0,3.0,1.0,1.0,1.0,2.0,1.0,4.0,4.0,4.0,3.0,3.0,3.0,2.0,1.0,1.0,2.0,1.0,2.0,1.0,2.0,1.0,1.0,2.0,2.0,1.0,1.33,1.99,1.0,3.66,3.33,1.33,1.67,1.33,1.67,1.16,1.5,3.5,1.5,1.5
988,1.0,1.0,1.0,3.0,2.0,2.0,1.0,1.0,2.0,2.0,2.0,2.0,3.0,5.0,4.0,4.0,3.0,3.0,6.0,7.0,6.0,7.0,6.0,7.0,2.0,4.0,3.0,3.0,3.0,4.0,1.33,2.0,1.66,1.66,3.34,4.0,6.0,7.0,2.67,3.67,1.66,1.66,3.67,6.5,3.17
989,4.0,5.0,4.0,5.0,4.0,5.0,1.0,1.0,2.0,2.0,2.0,1.0,1.0,2.0,1.0,2.0,1.0,2.0,4.0,5.0,5.0,5.0,5.0,4.0,3.0,4.0,3.0,3.0,3.0,4.0,4.0,5.0,1.66,1.32,1.0,1.99,4.67,4.67,3.0,3.67,4.5,1.49,1.5,4.67,3.34
990,5.0,6.0,3.0,5.0,5.0,6.0,3.0,3.0,4.0,2.0,3.0,3.0,6.0,6.0,7.0,7.0,6.0,6.0,3.0,4.0,4.0,4.0,4.0,5.0,5.0,5.0,5.0,6.0,5.0,6.0,4.33,5.67,3.33,2.66,6.36,6.35,3.67,4.33,5.0,5.67,5.0,3.0,6.36,4.0,5.34
991,2.0,2.0,1.0,1.0,1.0,1.0,7.0,6.0,7.0,7.0,7.0,7.0,6.0,6.0,6.0,7.0,5.0,7.0,2.0,3.0,3.0,3.0,4.0,3.0,4.0,6.0,3.0,5.0,4.0,5.0,1.34,1.34,7.0,6.68,5.68,6.7,3.0,3.0,3.67,5.33,1.34,6.84,6.19,3.0,4.5
992,4.0,5.0,4.0,4.0,4.0,4.0,3.0,4.0,3.0,4.0,4.0,4.0,2.0,2.0,1.0,1.0,1.0,1.0,1.0,3.0,3.0,3.0,2.0,3.0,4.0,5.0,4.0,5.0,4.0,5.0,4.0,4.34,3.33,4.0,1.31,1.32,2.0,3.0,4.0,5.0,4.17,3.66,1.32,2.5,4.5
993,5.0,3.0,4.0,4.0,5.0,4.0,3.0,4.0,4.0,4.0,5.0,5.0,4.0,5.0,4.0,6.0,4.0,4.0,4.0,4.0,2.0,3.0,3.0,4.0,6.0,6.0,6.0,6.0,5.0,6.0,4.67,3.66,4.0,4.34,4.01,5.0,3.0,3.67,5.67,6.0,4.16,4.17,4.5,3.34,5.84
994,6.0,6.0,6.0,6.0,6.0,6.0,4.0,4.0,4.0,4.0,4.0,4.0,1.0,1.0,1.0,2.0,1.0,1.0,5.0,5.0,5.0,5.0,6.0,6.0,4.0,5.0,5.0,6.0,6.0,6.0,6.0,6.0,4.0,4.0,1.0,1.32,5.33,5.33,5.0,5.67,6.0,4.0,1.16,5.33,5.34
995,1.0,1.0,2.0,1.0,2.0,3.0,5.0,5.0,5.0,4.0,5.0,4.0,3.0,4.0,2.0,3.0,2.0,2.0,1.0,1.0,1.0,1.0,1.0,2.0,4.0,4.0,3.0,4.0,4.0,4.0,1.66,1.66,5.0,4.34,2.32,2.99,1.0,1.33,3.67,4.0,1.66,4.67,2.66,1.16,3.84
996,3.0,4.0,3.0,2.0,3.0,4.0,6.0,5.0,7.0,6.0,7.0,6.0,2.0,4.0,2.0,3.0,2.0,2.0,6.0,6.0,5.0,6.0,6.0,7.0,1.0,2.0,2.0,3.0,1.0,3.0,3.0,3.33,6.68,5.68,2.0,2.99,5.67,6.33,1.33,2.67,3.16,6.18,2.5,6.0,2.0
997,5.0,7.0,5.0,5.0,6.0,7.0,5.0,5.0,6.0,6.0,6.0,5.0,7.0,7.0,7.0,4.0,6.0,7.0,7.0,7.0,7.0,7.0,7.0,7.0,5.0,6.0,6.0,6.0,5.0,6.0,5.33,6.33,5.67,5.34,6.69,6.03,7.0,7.0,5.33,6.0,5.83,5.5,6.36,7.0,5.66
998,2.0,2.0,1.0,1.0,1.0,1.0,4.0,3.0,4.0,4.0,4.0,4.0,2.0,2.0,2.0,2.0,2.0,2.0,4.0,4.0,3.0,4.0,3.0,4.0,3.0,4.0,3.0,4.0,4.0,5.0,1.34,1.34,4.0,3.67,2.0,1.99,3.33,4.0,3.33,4.33,1.34,3.84,2.0,3.66,3.83
999,4.0,5.0,5.0,5.0,4.0,5.0,1.0,1.0,1.0,1.0,1.0,1.0,1.0,1.0,1.0,1.0,1.0,1.0,2.0,4.0,3.0,4.0,2.0,3.0,1.0,2.0,1.0,2.0,1.0,1.0,4.33,5.0,1.0,1.0,1.0,1.0,2.33,3.67,1.0,1.67,4.66,1.0,1.0,3.0,1.34
1000,2.0,3.0,2.0,2.0,2.0,2.0,4.0,4.0,4.0,3.0,4.0,4.0,3.0,4.0,3.0,3.0,1.0,2.0,3.0,4.0,4.0,5.0,4.0,5.0,4.0,5.0,3.0,5.0,4.0,6.0,2.0,2.34,4.0,3.67,2.31,2.99,3.67,4.67,3.67,5.33,2.17,3.84,2.65,4.17,4.5
1001,5.0,5.0,4.0,6.0,4.0,5.0,4.0,3.0,5.0,4.0,4.0,4.0,3.0,4.0,3.0,2.0,1.0,2.0,2.0,3.0,2.0,3.0,2.0,3.0,4.0,5.0,3.0,5.0,4.0,5.0,4.34,5.33,4.34,3.67,2.31,2.66,2.0,3.0,3.67,5.0,4.84,4.0,2.49,2.5,4.34
1002,1.0,1.0,1.0,1.0,1.0,1.0,6.0,5.0,6.0,6.0,5.0,5.0,1.0,1.0,1.0,1.0,1.0,1.0,2.0,3.0,2.0,3.0,3.0,2.0,3.0,3.0,2.0,4.0,2.0,3.0,1.0,1.0,5.68,5.34,1.0,1.0,2.33,2.67,2.33,3.33,1.0,5.51,1.0,2.5,2.83
1003,1.0,2.0,3.0,2.0,2.0,2.0,4.0,4.0,4.0,4.0,5.0,5.0,6.0,6.0,4.0,5.0,4.0,4.0,2.0,2.0,2.0,2.0,1.0,3.0,1.0,3.0,2.0,2.0,2.0,3.0,2.0,2.0,4.33,4.34,4.67,5.0,1.67,2.33,1.67,2.67,2.0,4.34,4.84,2.0,2.17
1004,4.0,5.0,2.0,3.0,3.0,4.0,3.0,3.0,3.0,3.0,3.0,2.0,4.0,4.0,4.0,5.0,4.0,4.0,4.0,4.0,3.0,4.0,4.0,4.0,5.0,6.0,4.0,5.0,6.0,7.0,3.0,4.0,3.0,2.66,4.01,4.34,3.67,4.0,5.0,6.0,3.5,2.83,4.18,3.84,5.5
1005,1.0,1.0,1.0,1.0,1.0,2.0,1.0,1.0,3.0,2.0,2.0,2.0,3.0,3.0,3.0,4.0,2.0,2.0,5.0,5.0,4.0,6.0,4.0,6.0,6.0,7.0,5.0,7.0,6.0,7.0,1.0,1.33,1.99,1.66,2.65,2.99,4.33,5.67,5.67,7.0,1.16,1.82,2.82,5.0,6.34
1006,3.0,3.0,2.0,4.0,2.0,2.0,1.0,1.0,1.0,1.0,1.0,1.0,1.0,1.0,1.0,1.0,1.0,1.0,1.0,1.0,1.0,2.0,1.0,1.0,1.0,2.0,1.0,2.0,1.0,2.0,2.34,3.0,1.0,1.0,1.0,1.0,1.0,1.33,1.0,2.0,2.67,1.0,1.0,1.16,1.5
1007,1.0,1.0,1.0,1.0,1.0,1.0,2.0,1.0,4.0,2.0,3.0,2.0,1.0,1.0,1.0,2.0,1.0,1.0,3.0,4.0,4.0,5.0,5.0,4.0,3.0,4.0,3.0,4.0,2.0,3.0,1.0,1.0,3.0,1.66,1.0,1.32,4.0,4.33,2.67,3.67,1.0,2.33,1.16,4.16,3.17
1008,2.0,2.0,3.0,3.0,3.0,3.0,4.0,4.0,4.0,3.0,5.0,4.0,4.0,5.0,4.0,4.0,3.0,4.0,2.0,2.0,1.0,1.0,2.0,3.0,4.0,5.0,4.0,4.0,4.0,4.0,2.66,2.66,4.33,3.67,3.66,4.34,1.67,2.0,4.0,4.33,2.66,4.0,4.0,1.84,4.16
1009,2.0,2.0,2.0,2.0,2.0,3.0,2.0,3.0,2.0,3.0,3.0,2.0,5.0,7.0,5.0,6.0,4.0,5.0,2.0,3.0,2.0,3.0,2.0,3.0,4.0,5.0,3.0,4.0,4.0,4.0,2.0,2.33,2.32,2.66,4.67,6.01,2.0,3.0,3.67,4.33,2.16,2.49,5.34,2.5,4.0
1010,1.0,2.0,1.0,2.0,2.0,3.0,3.0,2.0,4.0,4.0,4.0,4.0,2.0,2.0,2.0,3.0,2.0,3.0,7.0,7.0,7.0,7.0,7.0,7.0,3.0,5.0,2.0,3.0,3.0,3.0,1.33,2.33,3.66,3.33,2.0,2.67,7.0,7.0,2.67,3.67,1.83,3.5,2.34,7.0,3.17
1011,2.0,2.0,1.0,1.0,1.0,2.0,3.0,2.0,3.0,3.0,4.0,3.0,5.0,5.0,4.0,6.0,5.0,5.0,3.0,5.0,5.0,5.0,5.0,6.0,2.0,3.0,3.0,3.0,2.0,2.0,1.34,1.67,3.33,2.66,4.69,5.35,4.33,5.33,2.33,2.67,1.5,3.0,5.02,4.83,2.5
1012,5.0,5.0,4.0,5.0,5.0,6.0,5.0,5.0,5.0,5.0,6.0,5.0,4.0,4.0,3.0,4.0,3.0,4.0,7.0,7.0,5.0,6.0,5.0,6.0,7.0,6.0,6.0,7.0,7.0,7.0,4.67,5.33,5.34,5.01,3.33,4.01,5.67,6.33,6.67,6.67,5.0,5.18,3.67,6.0,6.67
1013,1.0,2.0,1.0,2.0,1.0,1.0,2.0,1.0,2.0,2.0,2.0,3.0,2.0,2.0,2.0,2.0,1.0,2.0,1.0,2.0,1.0,1.0,1.0,2.0,1.0,2.0,1.0,2.0,1.0,2.0,1.0,1.67,1.99,1.99,1.65,1.99,1.0,1.67,1.0,2.0,1.34,1.99,1.82,1.34,1.5
1014,4.0,5.0,6.0,5.0,5.0,5.0,2.0,2.0,2.0,3.0,2.0,2.0,4.0,4.0,3.0,4.0,3.0,3.0,4.0,5.0,3.0,4.0,3.0,4.0,2.0,3.0,2.0,3.0,2.0,3.0,5.0,5.0,1.99,2.33,3.33,3.66,3.33,4.33,2.0,3.0,5.0,2.16,3.5,3.83,2.5
1015,4.0,5.0,3.0,5.0,3.0,3.0,4.0,4.0,4.0,4.0,4.0,4.0,3.0,5.0,4.0,4.0,3.0,4.0,6.0,7.0,6.0,7.0,6.0,6.0,3.0,4.0,3.0,4.0,2.0,3.0,3.34,4.34,4.0,4.0,3.34,4.34,6.0,6.67,2.67,3.67,3.84,4.0,3.84,6.34,3.17
1016,2.0,2.0,1.0,2.0,3.0,3.0,2.0,2.0,3.0,2.0,3.0,1.0,2.0,4.0,3.0,4.0,1.0,2.0,5.0,6.0,4.0,5.0,5.0,5.0,3.0,3.0,3.0,3.0,3.0,3.0,2.0,2.33,2.66,1.66,1.98,3.32,4.67,5.33,3.0,3.0,2.16,2.16,2.65,5.0,3.0
1017,2.0,2.0,2.0,3.0,3.0,3.0,4.0,3.0,4.0,4.0,4.0,4.0,4.0,5.0,5.0,5.0,4.0,5.0,5.0,4.0,5.0,5.0,4.0,5.0,5.0,5.0,4.0,6.0,5.0,6.0,2.33,2.66,4.0,3.67,4.35,5.01,4.67,4.67,4.67,5.67,2.5,3.84,4.68,4.67,5.17
1018,4.0,5.0,5.0,6.0,4.0,6.0,1.0,1.0,2.0,1.0,2.0,1.0,1.0,1.0,1.0,1.0,1.0,1.0,4.0,6.0,5.0,5.0,3.0,5.0,2.0,3.0,2.0,2.0,2.0,3.0,4.33,5.66,1.66,1.0,1.0,1.0,4.0,5.33,2.0,2.67,5.0,1.33,1.0,4.66,2.34
1019,3.0,3.0,3.0,2.0,3.0,3.0,2.0,1.0,1.0,1.0,2.0,1.0,6.0,7.0,6.0,6.0,5.0,5.0,3.0,4.0,2.0,3.0,4.0,5.0,1.0,1.0,1.0,1.0,1.0,1.0,3.0,2.67,1.66,1.0,5.68,6.01,3.0,4.0,1.0,1.0,2.84,1.33,5.84,3.5,1.0
1020,2.0,2.0,2.0,2.0,1.0,3.0,6.0,5.0,6.0,5.0,5.0,4.0,2.0,2.0,2.0,2.0,1.0,2.0,5.0,6.0,6.0,6.0,6.0,6.0,6.0,7.0,6.0,6.0,6.0,6.0,1.67,2.33,5.68,4.67,1.65,1.99,5.67,6.0,6.0,6.33,2.0,5.18,1.82,5.84,6.16
1021,3.0,6.0,4.0,4.0,5.0,6.0,4.0,3.0,4.0,4.0,3.0,3.0,1.0,1.0,1.0,1.0,1.0,1.0,2.0,2.0,2.0,3.0,2.0,3.0,3.0,4.0,3.0,4.0,2.0,4.0,3.99,5.33,3.67,3.33,1.0,1.0,2.0,2.67,2.67,4.0,4.66,3.5,1.0,2.34,3.34
1022,2.0,3.0,2.0,3.0,2.0,3.0,5.0,5.0,4.0,5.0,5.0,4.0,4.0,5.0,4.0,5.0,4.0,3.0,6.0,6.0,6.0,6.0,6.0,6.0,5.0,5.0,5.0,6.0,6.0,5.0,2.0,3.0,4.67,4.67,4.01,4.33,6.0,6.0,5.33,5.33,2.5,4.67,4.17,6.0,5.33
1023,2.0,3.0,2.0,2.0,2.0,3.0,3.0,2.0,3.0,2.0,3.0,3.0,5.0,6.0,4.0,4.0,4.0,4.0,3.0,4.0,3.0,4.0,3.0,4.0,6.0,6.0,5.0,5.0,4.0,5.0,2.0,2.67,3.0,2.33,4.34,4.67,3.0,4.0,5.0,5.33,2.34,2.66,4.5,3.5,5.16
1024,3.0,4.0,5.0,5.0,3.0,3.0,4.0,4.0,4.0,3.0,5.0,5.0,5.0,5.0,5.0,5.0,4.0,5.0,5.0,6.0,6.0,7.0,6.0,6.0,2.0,4.0,1.0,3.0,2.0,3.0,3.67,4.0,4.33,4.0,4.67,5.01,5.67,6.33,1.67,3.33,3.84,4.16,4.84,6.0,2.5
1025,1.0,1.0,2.0,2.0,1.0,2.0,1.0,1.0,2.0,2.0,3.0,2.0,1.0,1.0,1.0,1.0,1.0,1.0,2.0,5.0,3.0,4.0,2.0,4.0,3.0,3.0,3.0,3.0,3.0,3.0,1.33,1.66,1.99,1.66,1.0,1.0,2.33,4.33,3.0,3.0,1.5,1.82,1.0,3.33,3.0
1026,4.0,5.0,3.0,4.0,4.0,5.0,2.0,2.0,2.0,2.0,2.0,3.0,2.0,2.0,1.0,1.0,1.0,1.0,1.0,1.0,1.0,1.0,1.0,1.0,5.0,5.0,3.0,4.0,3.0,4.0,3.67,4.67,1.99,2.33,1.31,1.32,1.0,1.0,3.67,4.33,4.17,2.16,1.32,1.0,4.0
1027,3.0,3.0,2.0,3.0,3.0,3.0,4.0,4.0,5.0,5.0,5.0,4.0,1.0,2.0,2.0,1.0,1.0,2.0,2.0,4.0,2.0,3.0,4.0,4.0,3.0,4.0,4.0,4.0,3.0,4.0,2.67,3.0,4.67,4.34,1.32,1.66,2.67,3.67,3.33,4.0,2.84,4.5,1.49,3.17,3.66
1028,1.0,1.0,1.0,1.0,1.0,1.0,2.0,1.0,2.0,2.0,1.0,1.0,1.0,2.0,1.0,1.0,1.0,2.0,2.0,3.0,2.0,3.0,3.0,3.0,2.0,2.0,1.0,2.0,2.0,3.0,1.0,1.0,1.66,1.32,1.0,1.66,2.33,3.0,1.67,2.33,1.0,1.49,1.33,2.66,2.0
1029,5.0,5.0,5.0,6.0,6.0,6.0,4.0,4.0,4.0,4.0,5.0,5.0,1.0,2.0,1.0,1.0,1.0,1.0,1.0,2.0,2.0,2.0,2.0,2.0,5.0,5.0,3.0,5.0,3.0,5.0,5.33,5.66,4.33,4.34,1.0,1.32,1.67,2.0,3.67,5.0,5.5,4.34,1.16,1.84,4.34
1030,1.0,1.0,1.0,1.0,1.0,1.0,3.0,3.0,3.0,3.0,2.0,3.0,3.0,3.0,2.0,3.0,2.0,2.0,1.0,1.0,1.0,2.0,1.0,1.0,2.0,2.0,2.0,3.0,2.0,2.0,1.0,1.0,2.66,3.0,2.32,2.66,1.0,1.33,2.0,2.33,1.0,2.83,2.49,1.16,2.16
1031,2.0,3.0,2.0,2.0,2.0,3.0,3.0,3.0,3.0,4.0,3.0,4.0,4.0,4.0,4.0,5.0,4.0,3.0,5.0,6.0,5.0,6.0,6.0,6.0,3.0,4.0,3.0,5.0,4.0,4.0,2.0,2.67,3.0,3.67,4.01,4.0,5.33,6.0,3.33,4.33,2.34,3.34,4.0,5.66,3.83
1032,3.0,3.0,3.0,4.0,3.0,4.0,6.0,5.0,7.0,6.0,7.0,7.0,7.0,7.0,6.0,7.0,5.0,6.0,2.0,2.0,1.0,2.0,1.0,1.0,4.0,4.0,4.0,5.0,4.0,5.0,3.0,3.66,6.68,6.01,6.01,6.69,1.33,1.67,4.0,4.67,3.33,6.34,6.35,1.5,4.34
1033,6.0,6.0,6.0,7.0,6.0,7.0,5.0,5.0,5.0,5.0,5.0,5.0,2.0,3.0,2.0,3.0,3.0,2.0,5.0,5.0,4.0,4.0,2.0,3.0,5.0,6.0,6.0,6.0,6.0,6.0,6.0,6.67,5.0,5.01,2.35,2.66,3.67,4.0,5.67,6.0,6.34,5.0,2.5,3.84,5.84
1034,5.0,5.0,4.0,6.0,6.0,5.0,2.0,2.0,2.0,2.0,2.0,2.0,2.0,2.0,2.0,2.0,1.0,2.0,6.0,7.0,6.0,6.0,6.0,7.0,5.0,6.0,5.0,4.0,5.0,6.0,5.0,5.33,1.99,1.99,1.65,1.99,6.0,6.67,5.0,5.33,5.16,1.99,1.82,6.34,5.16
1035,4.0,4.0,4.0,4.0,4.0,4.0,4.0,3.0,4.0,3.0,4.0,4.0,2.0,2.0,1.0,2.0,1.0,2.0,1.0,1.0,1.0,1.0,1.0,1.0,1.0,2.0,1.0,2.0,2.0,1.0,4.0,4.0,4.0,3.33,1.31,1.99,1.0,1.0,1.33,1.67,4.0,3.66,1.65,1.0,1.5
1036,3.0,3.0,2.0,3.0,2.0,4.0,5.0,4.0,5.0,6.0,5.0,5.0,7.0,7.0,7.0,7.0,7.0,7.0,6.0,6.0,6.0,7.0,6.0,7.0,6.0,6.0,6.0,7.0,6.0,7.0,2.34,3.33,5.0,5.01,7.0,7.0,6.0,6.67,6.0,6.67,2.84,5.0,7.0,6.34,6.34
1037,2.0,3.0,4.0,4.0,3.0,4.0,2.0,1.0,3.0,4.0,3.0,2.0,6.0,6.0,5.0,6.0,6.0,6.0,4.0,5.0,6.0,6.0,5.0,6.0,4.0,5.0,3.0,4.0,4.0,5.0,3.0,3.66,2.66,2.32,5.7,6.02,5.0,5.67,3.67,4.67,3.33,2.49,5.86,5.34,4.17
1038,3.0,3.0,3.0,3.0,3.0,4.0,2.0,1.0,3.0,2.0,3.0,2.0,6.0,7.0,5.0,5.0,4.0,4.0,3.0,4.0,3.0,4.0,4.0,5.0,4.0,4.0,5.0,5.0,5.0,4.0,3.0,3.33,2.66,1.66,5.0,5.33,3.33,4.33,4.67,4.33,3.16,2.16,5.16,3.83,4.5
1039,5.0,6.0,3.0,5.0,4.0,5.0,5.0,4.0,6.0,5.0,5.0,5.0,1.0,2.0,1.0,1.0,1.0,1.0,4.0,5.0,4.0,5.0,4.0,5.0,4.0,4.0,4.0,4.0,4.0,4.0,4.0,5.34,5.34,4.67,1.0,1.32,4.0,5.0,4.0,4.0,4.67,5.0,1.16,4.5,4.0
1040,2.0,2.0,2.0,3.0,4.0,3.0,2.0,2.0,3.0,2.0,3.0,2.0,2.0,3.0,2.0,2.0,2.0,3.0,3.0,4.0,4.0,4.0,4.0,4.0,5.0,5.0,4.0,4.0,4.0,5.0,2.66,2.66,2.66,1.99,2.0,2.67,3.67,4.0,4.33,4.67,2.66,2.33,2.34,3.84,4.5
1041,1.0,2.0,2.0,1.0,2.0,3.0,7.0,7.0,6.0,6.0,7.0,7.0,3.0,3.0,2.0,3.0,2.0,1.0,4.0,6.0,4.0,5.0,5.0,6.0,6.0,7.0,7.0,7.0,6.0,7.0,1.66,2.0,6.68,6.68,2.32,2.31,4.33,5.67,6.33,7.0,1.83,6.68,2.32,5.0,6.66
1042,1.0,3.0,1.0,1.0,1.0,2.0,6.0,5.0,7.0,6.0,6.0,5.0,3.0,4.0,4.0,4.0,3.0,3.0,5.0,5.0,6.0,6.0,6.0,6.0,1.0,2.0,1.0,2.0,1.0,1.0,1.0,2.0,6.34,5.34,3.34,3.66,5.67,5.67,1.0,1.67,1.5,5.84,3.5,5.67,1.34
1043,1.0,1.0,1.0,1.0,1.0,1.0,5.0,3.0,4.0,4.0,4.0,5.0,4.0,4.0,4.0,5.0,4.0,5.0,3.0,5.0,4.0,4.0,4.0,5.0,7.0,7.0,5.0,6.0,7.0,7.0,1.0,1.0,4.34,4.0,4.01,4.68,3.67,4.67,6.33,6.67,1.0,4.17,4.34,4.17,6.5
1044,3.0,2.0,3.0,3.0,4.0,3.0,6.0,5.0,6.0,7.0,7.0,6.0,3.0,6.0,6.0,6.0,5.0,5.0,6.0,6.0,6.0,6.0,5.0,7.0,4.0,5.0,4.0,5.0,4.0,5.0,3.33,2.66,6.34,6.01,4.7,5.68,5.67,6.33,4.0,5.0,3.0,6.18,5.19,6.0,4.5
1045,1.0,2.0,1.0,1.0,1.0,2.0,2.0,2.0,3.0,2.0,2.0,2.0,2.0,3.0,2.0,3.0,1.0,1.0,2.0,3.0,2.0,3.0,2.0,3.0,1.0,3.0,2.0,2.0,2.0,3.0,1.0,1.67,2.33,1.99,1.65,2.31,2.0,3.0,1.67,2.67,1.34,2.16,1.98,2.5,2.17
1046,7.0,7.0,7.0,7.0,7.0,7.0,7.0,7.0,7.0,7.0,7.0,7.0,6.0,7.0,6.0,7.0,6.0,6.0,6.0,7.0,6.0,7.0,6.0,7.0,6.0,7.0,6.0,6.0,6.0,7.0,7.0,7.0,7.0,7.0,6.03,6.69,6.0,7.0,6.0,6.67,7.0,7.0,6.36,6.5,6.34
1047,4.0,4.0,4.0,4.0,4.0,4.0,5.0,4.0,4.0,5.0,5.0,4.0,2.0,3.0,2.0,2.0,1.0,2.0,4.0,4.0,3.0,5.0,3.0,4.0,4.0,5.0,5.0,6.0,5.0,6.0,4.0,4.0,4.67,4.34,1.65,2.32,3.33,4.33,4.67,5.67,4.0,4.5,1.98,3.83,5.17
1048,1.0,1.0,1.0,1.0,1.0,2.0,4.0,4.0,4.0,5.0,5.0,4.0,4.0,5.0,3.0,4.0,4.0,5.0,3.0,3.0,3.0,4.0,3.0,4.0,1.0,1.0,1.0,1.0,1.0,1.0,1.0,1.33,4.33,4.34,3.68,4.68,3.0,3.67,1.0,1.0,1.16,4.34,4.18,3.34,1.0
1049,2.0,2.0,3.0,3.0,2.0,3.0,7.0,7.0,7.0,6.0,7.0,7.0,2.0,2.0,2.0,3.0,1.0,2.0,4.0,5.0,4.0,5.0,5.0,4.0,4.0,5.0,4.0,5.0,4.0,4.0,2.33,2.66,7.0,6.68,1.65,2.32,4.33,4.67,4.0,4.67,2.5,6.84,1.98,4.5,4.34
1050,4.0,6.0,4.0,5.0,5.0,5.0,5.0,4.0,5.0,4.0,6.0,5.0,5.0,5.0,6.0,6.0,4.0,6.0,3.0,4.0,4.0,4.0,2.0,3.0,5.0,6.0,5.0,6.0,6.0,6.0,4.33,5.34,5.34,4.34,5.0,5.69,3.0,3.67,5.33,6.0,4.84,4.84,5.35,3.34,5.66
1051,3.0,3.0,2.0,2.0,4.0,3.0,4.0,4.0,6.0,4.0,5.0,4.0,4.0,4.0,4.0,5.0,4.0,3.0,4.0,4.0,3.0,4.0,3.0,3.0,3.0,4.0,3.0,4.0,3.0,4.0,3.0,2.67,5.0,4.0,4.01,4.0,3.33,3.67,3.0,4.0,2.84,4.5,4.0,3.5,3.5
1052,3.0,3.0,2.0,2.0,2.0,3.0,3.0,3.0,4.0,4.0,5.0,4.0,2.0,3.0,2.0,2.0,2.0,2.0,4.0,4.0,4.0,3.0,4.0,5.0,4.0,5.0,4.0,5.0,3.0,5.0,2.34,2.67,4.0,3.67,2.0,2.32,4.0,4.0,3.67,5.0,2.5,3.84,2.16,4.0,4.34
1053,1.0,1.0,1.0,1.0,1.0,1.0,5.0,4.0,4.0,5.0,4.0,3.0,1.0,1.0,1.0,1.0,1.0,1.0,4.0,5.0,5.0,6.0,4.0,4.0,2.0,2.0,3.0,2.0,2.0,3.0,1.0,1.0,4.34,4.0,1.0,1.0,4.33,5.0,2.33,2.33,1.0,4.17,1.0,4.66,2.33
1054,4.0,5.0,5.0,5.0,4.0,5.0,5.0,5.0,6.0,4.0,5.0,4.0,2.0,2.0,1.0,2.0,1.0,1.0,4.0,3.0,3.0,4.0,2.0,4.0,2.0,2.0,2.0,3.0,2.0,2.0,4.33,5.0,5.34,4.34,1.31,1.65,3.0,3.67,2.0,2.33,4.66,4.84,1.48,3.34,2.16
1055,5.0,4.0,4.0,5.0,5.0,5.0,6.0,6.0,7.0,7.0,6.0,6.0,7.0,7.0,6.0,7.0,6.0,5.0,7.0,7.0,7.0,7.0,7.0,7.0,6.0,6.0,6.0,6.0,6.0,6.0,4.67,4.66,6.34,6.35,6.36,6.34,7.0,7.0,6.0,6.0,4.66,6.34,6.35,7.0,6.0
1056,1.0,1.0,1.0,1.0,1.0,1.0,5.0,5.0,6.0,6.0,6.0,5.0,2.0,4.0,4.0,3.0,2.0,3.0,4.0,5.0,4.0,5.0,5.0,5.0,4.0,5.0,4.0,5.0,5.0,5.0,1.0,1.0,5.67,5.34,2.66,3.33,4.33,5.0,4.33,5.0,1.0,5.5,3.0,4.66,4.66
1057,1.0,2.0,1.0,2.0,1.0,2.0,4.0,4.0,4.0,4.0,5.0,4.0,7.0,7.0,6.0,6.0,7.0,6.0,7.0,7.0,7.0,7.0,7.0,7.0,4.0,4.0,5.0,5.0,5.0,4.0,1.0,2.0,4.33,4.0,6.71,6.35,7.0,7.0,4.67,4.33,1.5,4.16,6.53,7.0,4.5
1058,2.0,3.0,1.0,2.0,2.0,2.0,4.0,3.0,4.0,4.0,3.0,3.0,3.0,3.0,3.0,3.0,2.0,3.0,4.0,5.0,4.0,5.0,4.0,5.0,1.0,2.0,2.0,2.0,1.0,2.0,1.67,2.34,3.67,3.33,2.65,3.0,4.0,5.0,1.33,2.0,2.0,3.5,2.82,4.5,1.66
1059,3.0,3.0,1.0,3.0,2.0,3.0,7.0,7.0,7.0,7.0,7.0,6.0,3.0,5.0,5.0,5.0,5.0,5.0,6.0,7.0,5.0,6.0,5.0,6.0,2.0,2.0,2.0,3.0,2.0,3.0,2.0,3.0,7.0,6.68,4.37,5.01,5.33,6.33,2.0,2.67,2.5,6.84,4.69,5.83,2.34
1060,6.0,7.0,6.0,7.0,6.0,7.0,5.0,4.0,5.0,4.0,5.0,4.0,1.0,1.0,1.0,1.0,1.0,1.0,2.0,3.0,2.0,3.0,3.0,2.0,3.0,4.0,3.0,4.0,2.0,4.0,6.0,7.0,5.0,4.0,1.0,1.0,2.33,2.67,2.67,4.0,6.5,4.5,1.0,2.5,3.34
1061,3.0,3.0,3.0,3.0,3.0,3.0,2.0,2.0,3.0,2.0,3.0,1.0,5.0,4.0,3.0,4.0,3.0,5.0,1.0,2.0,1.0,2.0,2.0,3.0,3.0,4.0,2.0,4.0,2.0,3.0,3.0,3.0,2.66,1.66,3.66,4.35,1.33,2.33,2.33,3.67,3.0,2.16,4.0,1.83,3.0
1062,3.0,4.0,4.0,4.0,4.0,5.0,3.0,3.0,4.0,4.0,4.0,4.0,1.0,1.0,2.0,1.0,1.0,1.0,3.0,3.0,3.0,3.0,3.0,3.0,5.0,4.0,4.0,5.0,5.0,5.0,3.66,4.33,3.66,3.67,1.32,1.0,3.0,3.0,4.67,4.67,4.0,3.66,1.16,3.0,4.67
1063,2.0,3.0,2.0,3.0,2.0,3.0,5.0,5.0,5.0,4.0,5.0,4.0,1.0,2.0,1.0,2.0,1.0,1.0,5.0,5.0,5.0,5.0,4.0,5.0,2.0,3.0,2.0,2.0,2.0,4.0,2.0,3.0,5.0,4.34,1.0,1.65,4.67,5.0,2.0,3.0,2.5,4.67,1.32,4.84,2.5
1064,2.0,2.0,1.0,1.0,2.0,2.0,4.0,4.0,4.0,4.0,4.0,4.0,2.0,2.0,2.0,2.0,1.0,2.0,3.0,4.0,3.0,3.0,4.0,5.0,2.0,3.0,2.0,3.0,3.0,3.0,1.67,1.67,4.0,4.0,1.65,1.99,3.33,4.0,2.33,3.0,1.67,4.0,1.82,3.66,2.66
1065,1.0,1.0,1.0,1.0,1.0,1.0,4.0,4.0,4.0,4.0,5.0,4.0,5.0,6.0,5.0,5.0,5.0,6.0,6.0,7.0,5.0,6.0,6.0,6.0,5.0,6.0,5.0,6.0,5.0,6.0,1.0,1.0,4.33,4.0,5.02,5.69,5.67,6.33,5.0,6.0,1.0,4.16,5.36,6.0,5.5
1066,1.0,1.0,1.0,2.0,1.0,1.0,4.0,4.0,4.0,4.0,4.0,4.0,3.0,4.0,2.0,2.0,3.0,3.0,3.0,3.0,3.0,4.0,3.0,3.0,4.0,6.0,5.0,6.0,5.0,6.0,1.0,1.33,4.0,4.0,2.67,3.0,3.0,3.33,4.67,6.0,1.16,4.0,2.84,3.16,5.34
1067,1.0,2.0,1.0,2.0,1.0,2.0,3.0,3.0,3.0,3.0,3.0,4.0,2.0,3.0,2.0,2.0,2.0,2.0,4.0,5.0,4.0,4.0,3.0,4.0,5.0,5.0,4.0,6.0,4.0,5.0,1.0,2.0,3.0,3.33,2.0,2.32,3.67,4.33,4.33,5.33,1.5,3.16,2.16,4.0,4.83
1068,1.0,1.0,1.0,2.0,2.0,2.0,1.0,1.0,1.0,1.0,1.0,1.0,3.0,5.0,3.0,3.0,3.0,2.0,4.0,3.0,3.0,4.0,2.0,3.0,1.0,1.0,1.0,2.0,1.0,1.0,1.33,1.66,1.0,1.0,3.0,3.32,3.0,3.33,1.0,1.33,1.5,1.0,3.16,3.16,1.16
1069,1.0,1.0,1.0,1.0,1.0,1.0,2.0,1.0,3.0,3.0,3.0,2.0,2.0,3.0,2.0,2.0,2.0,2.0,4.0,5.0,5.0,6.0,4.0,5.0,2.0,3.0,3.0,3.0,2.0,3.0,1.0,1.0,2.66,1.99,2.0,2.32,4.33,5.33,2.33,3.0,1.0,2.33,2.16,4.83,2.66
1070,2.0,1.0,1.0,1.0,1.0,2.0,6.0,5.0,7.0,6.0,7.0,6.0,4.0,4.0,4.0,4.0,4.0,4.0,3.0,3.0,3.0,3.0,3.0,3.0,5.0,5.0,5.0,5.0,5.0,6.0,1.34,1.33,6.68,5.68,4.01,4.01,3.0,3.0,5.0,5.33,1.34,6.18,4.01,3.0,5.16
1071,1.0,1.0,1.0,1.0,1.0,1.0,4.0,3.0,5.0,4.0,4.0,4.0,2.0,3.0,3.0,2.0,1.0,3.0,5.0,7.0,4.0,6.0,6.0,6.0,3.0,4.0,4.0,5.0,3.0,5.0,1.0,1.0,4.34,3.67,1.98,2.67,5.0,6.33,3.33,4.67,1.0,4.0,2.33,5.66,4.0
1072,3.0,1.0,3.0,3.0,3.0,4.0,2.0,3.0,4.0,4.0,4.0,2.0,1.0,1.0,1.0,1.0,1.0,1.0,3.0,4.0,4.0,4.0,3.0,4.0,7.0,7.0,7.0,7.0,7.0,7.0,3.0,2.66,3.33,3.0,1.0,1.0,3.33,4.0,7.0,7.0,2.83,3.16,1.0,3.66,7.0
1073,5.0,5.0,5.0,4.0,5.0,6.0,4.0,3.0,3.0,3.0,4.0,3.0,6.0,6.0,5.0,6.0,4.0,5.0,1.0,1.0,2.0,2.0,1.0,2.0,4.0,4.0,3.0,4.0,4.0,6.0,5.0,5.0,3.67,3.0,5.0,5.68,1.33,1.67,3.67,4.67,5.0,3.34,5.34,1.5,4.17
1074,4.0,3.0,4.0,5.0,3.0,4.0,4.0,3.0,4.0,3.0,5.0,4.0,3.0,3.0,2.0,2.0,2.0,2.0,6.0,6.0,6.0,6.0,6.0,7.0,5.0,6.0,5.0,6.0,5.0,7.0,3.67,4.0,4.33,3.33,2.32,2.32,6.0,6.33,5.0,6.33,3.84,3.83,2.32,6.16,5.66
1075,1.0,1.0,1.0,1.0,1.0,2.0,7.0,5.0,7.0,6.0,7.0,6.0,2.0,2.0,2.0,3.0,2.0,2.0,3.0,4.0,3.0,4.0,4.0,4.0,2.0,3.0,1.0,3.0,1.0,2.0,1.0,1.33,7.0,5.68,2.0,2.32,3.33,4.0,1.33,2.67,1.16,6.34,2.16,3.66,2.0
1076,3.0,3.0,3.0,3.0,3.0,3.0,2.0,1.0,2.0,1.0,2.0,2.0,6.0,6.0,5.0,5.0,4.0,5.0,3.0,3.0,3.0,4.0,4.0,5.0,1.0,2.0,1.0,2.0,2.0,2.0,3.0,3.0,1.99,1.32,5.0,5.35,3.33,4.0,1.33,2.0,3.0,1.66,5.18,3.66,1.66
1077,4.0,4.0,3.0,4.0,3.0,4.0,3.0,4.0,4.0,2.0,4.0,2.0,1.0,2.0,1.0,1.0,1.0,1.0,5.0,6.0,4.0,5.0,5.0,5.0,4.0,5.0,4.0,5.0,4.0,4.0,3.34,4.0,3.66,2.66,1.0,1.32,4.67,5.33,4.0,4.67,3.67,3.16,1.16,5.0,4.34
1078,5.0,5.0,4.0,5.0,4.0,4.0,4.0,3.0,3.0,3.0,4.0,3.0,2.0,3.0,3.0,3.0,3.0,3.0,5.0,6.0,5.0,6.0,5.0,7.0,2.0,3.0,2.0,3.0,2.0,3.0,4.34,4.67,3.67,3.0,2.68,3.0,5.0,6.33,2.0,3.0,4.5,3.34,2.84,5.66,2.5
1079,3.0,4.0,4.0,4.0,2.0,3.0,3.0,3.0,3.0,3.0,2.0,2.0,2.0,3.0,2.0,2.0,1.0,2.0,4.0,4.0,4.0,5.0,4.0,4.0,5.0,6.0,4.0,6.0,5.0,5.0,3.01,3.67,2.66,2.66,1.65,2.32,4.0,4.33,4.67,5.67,3.34,2.66,1.98,4.16,5.17
1080,4.0,3.0,4.0,4.0,3.0,5.0,1.0,1.0,1.0,1.0,1.0,1.0,3.0,4.0,2.0,2.0,2.0,3.0,4.0,6.0,4.0,5.0,4.0,5.0,2.0,4.0,4.0,5.0,3.0,4.0,3.67,3.99,1.0,1.0,2.32,3.0,4.0,5.33,3.0,4.33,3.83,1.0,2.66,4.66,3.66
1081,2.0,2.0,2.0,2.0,1.0,2.0,2.0,2.0,2.0,2.0,2.0,1.0,3.0,2.0,2.0,3.0,2.0,2.0,4.0,5.0,4.0,5.0,4.0,5.0,2.0,1.0,2.0,2.0,1.0,2.0,1.67,2.0,1.99,1.66,2.32,2.32,4.0,5.0,1.67,1.67,1.84,1.82,2.32,4.5,1.67
1082,3.0,4.0,4.0,4.0,3.0,3.0,3.0,4.0,5.0,4.0,5.0,4.0,2.0,2.0,2.0,2.0,1.0,2.0,4.0,5.0,3.0,3.0,4.0,4.0,3.0,3.0,3.0,3.0,2.0,3.0,3.33,3.67,4.33,4.0,1.65,1.99,3.67,4.0,2.67,3.0,3.5,4.16,1.82,3.84,2.84
1083,2.0,3.0,2.0,3.0,3.0,4.0,3.0,3.0,3.0,3.0,3.0,4.0,5.0,6.0,6.0,6.0,4.0,5.0,6.0,7.0,6.0,7.0,6.0,7.0,2.0,4.0,3.0,3.0,4.0,4.0,2.33,3.33,3.0,3.33,5.0,5.68,6.0,7.0,3.0,3.67,2.83,3.16,5.34,6.5,3.34
1084,4.0,4.0,5.0,6.0,5.0,6.0,4.0,4.0,4.0,3.0,4.0,4.0,3.0,4.0,2.0,2.0,2.0,2.0,4.0,4.0,3.0,3.0,3.0,3.0,5.0,5.0,5.0,7.0,5.0,6.0,4.66,5.33,4.0,3.67,2.32,2.66,3.33,3.33,5.0,6.0,5.0,3.84,2.49,3.33,5.5
1085,2.0,3.0,4.0,5.0,3.0,3.0,3.0,3.0,4.0,4.0,4.0,4.0,3.0,5.0,3.0,3.0,4.0,4.0,3.0,5.0,5.0,5.0,4.0,5.0,2.0,3.0,1.0,3.0,1.0,3.0,3.0,3.67,3.66,3.67,3.35,4.01,4.0,5.0,1.33,3.0,3.34,3.66,3.68,4.5,2.16
1086,1.0,1.0,2.0,2.0,1.0,1.0,3.0,3.0,3.0,3.0,4.0,4.0,5.0,4.0,3.0,4.0,3.0,4.0,1.0,2.0,1.0,1.0,1.0,2.0,3.0,4.0,3.0,5.0,4.0,4.0,1.33,1.33,3.33,3.33,3.66,4.01,1.0,1.67,3.33,4.33,1.33,3.33,3.84,1.34,3.83
1087,1.0,2.0,1.0,1.0,1.0,2.0,3.0,3.0,3.0,3.0,4.0,3.0,4.0,4.0,5.0,5.0,3.0,4.0,5.0,6.0,6.0,6.0,5.0,6.0,1.0,1.0,1.0,2.0,1.0,2.0,1.0,1.67,3.33,3.0,4.0,4.34,5.33,6.0,1.0,1.67,1.34,3.16,4.17,5.66,1.34
1088,2.0,3.0,2.0,3.0,2.0,3.0,3.0,2.0,4.0,3.0,4.0,3.0,6.0,7.0,6.0,6.0,5.0,6.0,5.0,7.0,6.0,6.0,5.0,6.0,1.0,1.0,1.0,1.0,1.0,1.0,2.0,3.0,3.66,2.66,5.68,6.35,5.33,6.33,1.0,1.0,2.5,3.16,6.02,5.83,1.0
1089,4.0,5.0,4.0,6.0,4.0,5.0,4.0,4.0,5.0,5.0,5.0,5.0,2.0,3.0,2.0,3.0,1.0,2.0,2.0,2.0,2.0,2.0,2.0,3.0,3.0,5.0,3.0,4.0,4.0,4.0,4.0,5.33,4.67,4.67,1.65,2.66,2.0,2.33,3.33,4.33,4.66,4.67,2.16,2.16,3.83
1090,3.0,4.0,3.0,3.0,3.0,3.0,4.0,4.0,6.0,5.0,5.0,6.0,3.0,4.0,2.0,3.0,2.0,2.0,2.0,3.0,3.0,3.0,2.0,3.0,1.0,2.0,2.0,2.0,1.0,2.0,3.0,3.34,5.0,5.01,2.32,2.99,2.33,3.0,1.33,2.0,3.17,5.0,2.66,2.66,1.66
1091,1.0,1.0,1.0,1.0,2.0,1.0,5.0,5.0,5.0,5.0,5.0,4.0,2.0,3.0,2.0,3.0,1.0,2.0,6.0,6.0,5.0,7.0,6.0,6.0,1.0,2.0,2.0,2.0,2.0,2.0,1.33,1.0,5.0,4.67,1.65,2.66,5.67,6.33,1.67,2.0,1.16,4.84,2.16,6.0,1.84
1092,1.0,1.0,2.0,2.0,1.0,1.0,3.0,2.0,3.0,3.0,2.0,3.0,3.0,3.0,3.0,5.0,3.0,4.0,5.0,6.0,6.0,6.0,6.0,6.0,2.0,2.0,1.0,3.0,2.0,2.0,1.33,1.33,2.66,2.66,3.0,4.01,5.67,6.0,1.67,2.33,1.33,2.66,3.5,5.84,2.0
1093,5.0,7.0,6.0,7.0,6.0,7.0,2.0,2.0,3.0,3.0,3.0,2.0,4.0,4.0,3.0,3.0,3.0,3.0,5.0,5.0,4.0,5.0,5.0,5.0,5.0,7.0,5.0,6.0,6.0,6.0,5.66,7.0,2.66,2.33,3.33,3.33,4.67,5.0,5.33,6.33,6.33,2.5,3.33,4.84,5.83
1094,1.0,1.0,1.0,1.0,2.0,2.0,1.0,1.0,1.0,1.0,1.0,1.0,1.0,1.0,1.0,1.0,1.0,1.0,1.0,1.0,1.0,1.0,1.0,1.0,2.0,3.0,2.0,3.0,3.0,3.0,1.33,1.33,1.0,1.0,1.0,1.0,1.0,1.0,2.33,3.0,1.33,1.0,1.0,1.0,2.66
1095,2.0,3.0,3.0,3.0,2.0,3.0,2.0,2.0,2.0,1.0,1.0,1.0,3.0,3.0,2.0,3.0,3.0,3.0,4.0,5.0,3.0,4.0,4.0,5.0,1.0,1.0,1.0,1.0,1.0,1.0,2.33,3.0,1.66,1.32,2.67,3.0,3.67,4.67,1.0,1.0,2.66,1.49,2.84,4.17,1.0
1096,4.0,4.0,4.0,5.0,4.0,4.0,4.0,3.0,4.0,4.0,4.0,4.0,5.0,5.0,5.0,5.0,4.0,5.0,2.0,4.0,3.0,4.0,2.0,3.0,2.0,3.0,2.0,4.0,3.0,4.0,4.0,4.33,4.0,3.67,4.67,5.01,2.33,3.67,2.33,3.67,4.16,3.84,4.84,3.0,3.0
1097,4.0,5.0,3.0,5.0,3.0,5.0,5.0,5.0,5.0,5.0,6.0,6.0,4.0,5.0,4.0,4.0,4.0,4.0,3.0,4.0,3.0,3.0,3.0,4.0,6.0,7.0,6.0,7.0,6.0,6.0,3.34,5.0,5.34,5.34,4.01,4.34,3.0,3.67,6.0,6.67,4.17,5.34,4.18,3.34,6.34
1098,7.0,7.0,7.0,7.0,7.0,7.0,2.0,2.0,3.0,3.0,2.0,2.0,5.0,4.0,4.0,5.0,3.0,4.0,5.0,6.0,5.0,6.0,5.0,5.0,2.0,4.0,3.0,4.0,3.0,4.0,7.0,7.0,2.33,2.33,3.99,4.34,5.0,5.67,2.67,4.0,7.0,2.33,4.16,5.34,3.34
1099,3.0,3.0,4.0,4.0,2.0,3.0,2.0,2.0,1.0,2.0,1.0,1.0,4.0,3.0,3.0,4.0,3.0,4.0,2.0,2.0,2.0,2.0,2.0,2.0,1.0,1.0,1.0,1.0,1.0,1.0,3.01,3.33,1.32,1.66,3.33,3.67,2.0,2.0,1.0,1.0,3.17,1.49,3.5,2.0,1.0
1100,5.0,6.0,5.0,6.0,6.0,6.0,4.0,2.0,3.0,3.0,4.0,4.0,4.0,5.0,3.0,4.0,4.0,5.0,6.0,6.0,6.0,7.0,4.0,6.0,2.0,3.0,2.0,4.0,3.0,3.0,5.33,6.0,3.67,3.0,3.68,4.68,5.33,6.33,2.33,3.33,5.66,3.34,4.18,5.83,2.83
1101,1.0,2.0,2.0,3.0,1.0,2.0,3.0,3.0,3.0,4.0,4.0,4.0,2.0,2.0,2.0,2.0,1.0,2.0,5.0,6.0,5.0,6.0,5.0,6.0,4.0,6.0,4.0,5.0,5.0,6.0,1.33,2.33,3.33,3.67,1.65,1.99,5.0,6.0,4.33,5.67,1.83,3.5,1.82,5.5,5.0
1102,5.0,5.0,5.0,5.0,4.0,6.0,4.0,5.0,6.0,5.0,5.0,5.0,6.0,7.0,6.0,6.0,5.0,6.0,5.0,6.0,4.0,4.0,4.0,5.0,6.0,7.0,5.0,7.0,3.0,6.0,4.67,5.33,5.0,5.01,5.68,6.35,4.33,5.0,4.67,6.67,5.0,5.0,6.02,4.66,5.67
1103,3.0,3.0,3.0,3.0,2.0,3.0,3.0,2.0,3.0,2.0,2.0,2.0,5.0,5.0,3.0,4.0,4.0,3.0,2.0,4.0,2.0,4.0,3.0,4.0,4.0,5.0,3.0,4.0,3.0,4.0,2.67,3.0,2.66,1.99,4.01,4.0,2.33,4.0,3.33,4.33,2.84,2.33,4.0,3.16,3.83
1104,5.0,5.0,5.0,6.0,6.0,7.0,5.0,5.0,6.0,6.0,6.0,6.0,5.0,5.0,4.0,5.0,3.0,6.0,5.0,6.0,5.0,5.0,5.0,6.0,2.0,2.0,2.0,2.0,2.0,3.0,5.33,6.0,5.67,5.68,3.99,5.36,5.0,5.67,2.0,2.33,5.66,5.68,4.68,5.34,2.16
1105,2.0,3.0,1.0,2.0,3.0,3.0,3.0,3.0,4.0,3.0,3.0,3.0,2.0,3.0,2.0,3.0,2.0,3.0,3.0,4.0,2.0,2.0,3.0,3.0,4.0,5.0,3.0,4.0,3.0,5.0,2.0,2.67,3.33,3.0,2.0,3.0,2.67,3.0,3.33,4.67,2.34,3.16,2.5,2.84,4.0
1106,3.0,3.0,3.0,4.0,3.0,3.0,2.0,2.0,2.0,1.0,2.0,3.0,4.0,4.0,3.0,5.0,4.0,3.0,4.0,4.0,4.0,5.0,5.0,5.0,6.0,6.0,6.0,7.0,6.0,6.0,3.0,3.33,1.99,1.99,3.68,4.0,4.33,4.67,6.0,6.33,3.16,1.99,3.84,4.5,6.16
1107,1.0,2.0,2.0,1.0,2.0,2.0,5.0,4.0,5.0,5.0,5.0,5.0,5.0,5.0,6.0,7.0,4.0,5.0,7.0,6.0,6.0,7.0,7.0,7.0,7.0,7.0,7.0,7.0,7.0,7.0,1.66,1.67,5.0,4.67,5.0,5.68,6.67,6.67,7.0,7.0,1.66,4.84,5.34,6.67,7.0
1108,1.0,2.0,2.0,2.0,2.0,2.0,3.0,3.0,4.0,3.0,4.0,3.0,6.0,7.0,6.0,7.0,5.0,6.0,3.0,4.0,3.0,4.0,3.0,4.0,4.0,6.0,5.0,5.0,5.0,5.0,1.66,2.0,3.66,3.0,5.68,6.69,3.0,4.0,4.67,5.33,1.83,3.33,6.18,3.5,5.0
1109,3.0,4.0,3.0,4.0,3.0,5.0,3.0,2.0,3.0,4.0,4.0,3.0,4.0,5.0,4.0,5.0,3.0,4.0,2.0,3.0,3.0,3.0,3.0,3.0,2.0,3.0,2.0,5.0,3.0,5.0,3.0,4.33,3.33,3.0,3.66,4.67,2.67,3.0,2.33,4.33,3.66,3.16,4.16,2.84,3.33
1110,3.0,3.0,3.0,4.0,3.0,4.0,1.0,1.0,3.0,1.0,2.0,1.0,1.0,2.0,2.0,2.0,1.0,2.0,3.0,4.0,3.0,3.0,3.0,4.0,2.0,2.0,1.0,2.0,1.0,2.0,3.0,3.66,1.99,1.0,1.32,1.99,3.0,3.67,1.33,2.0,3.33,1.5,1.66,3.34,1.66
1111,4.0,5.0,4.0,4.0,4.0,4.0,4.0,4.0,4.0,3.0,4.0,4.0,4.0,4.0,4.0,4.0,2.0,3.0,4.0,6.0,6.0,7.0,5.0,6.0,5.0,4.0,3.0,4.0,4.0,5.0,4.0,4.34,4.0,3.67,3.31,3.66,5.0,6.33,4.0,4.33,4.17,3.84,3.49,5.66,4.16
1112,2.0,2.0,2.0,3.0,2.0,2.0,3.0,3.0,3.0,3.0,4.0,4.0,3.0,3.0,3.0,4.0,3.0,3.0,2.0,3.0,3.0,3.0,2.0,3.0,5.0,6.0,5.0,6.0,5.0,6.0,2.0,2.33,3.33,3.33,3.0,3.33,2.33,3.0,5.0,6.0,2.16,3.33,3.16,2.66,5.5
1113,5.0,6.0,6.0,6.0,6.0,6.0,6.0,6.0,6.0,6.0,7.0,6.0,7.0,7.0,7.0,7.0,7.0,7.0,5.0,6.0,5.0,6.0,4.0,6.0,7.0,7.0,7.0,7.0,7.0,7.0,5.66,6.0,6.34,6.01,7.0,7.0,4.67,6.0,7.0,7.0,5.83,6.18,7.0,5.34,7.0
1114,7.0,7.0,6.0,7.0,7.0,7.0,6.0,7.0,7.0,7.0,7.0,7.0,5.0,5.0,4.0,4.0,4.0,4.0,3.0,3.0,4.0,4.0,3.0,4.0,6.0,6.0,5.0,6.0,6.0,7.0,6.67,7.0,6.68,7.0,4.34,4.34,3.33,3.67,5.67,6.33,6.84,6.84,4.34,3.5,6.0
1115,4.0,4.0,4.0,4.0,4.0,5.0,1.0,2.0,2.0,2.0,2.0,1.0,1.0,1.0,1.0,1.0,1.0,1.0,3.0,3.0,1.0,2.0,2.0,2.0,1.0,2.0,1.0,2.0,1.0,2.0,4.0,4.33,1.66,1.66,1.0,1.0,2.0,2.33,1.0,2.0,4.16,1.66,1.0,2.16,1.5
1116,2.0,2.0,2.0,2.0,2.0,2.0,5.0,4.0,4.0,5.0,5.0,4.0,4.0,4.0,4.0,4.0,2.0,4.0,3.0,2.0,2.0,3.0,2.0,4.0,2.0,4.0,3.0,4.0,2.0,4.0,2.0,2.0,4.67,4.34,3.31,4.01,2.33,3.0,2.33,4.0,2.0,4.5,3.66,2.66,3.16
1117,1.0,1.0,1.0,1.0,1.0,1.0,2.0,2.0,4.0,3.0,3.0,3.0,2.0,2.0,2.0,2.0,2.0,2.0,2.0,3.0,2.0,3.0,2.0,3.0,1.0,2.0,1.0,2.0,1.0,1.0,1.0,1.0,3.0,2.66,2.0,1.99,2.0,3.0,1.0,1.67,1.0,2.83,2.0,2.5,1.34
1118,1.0,2.0,1.0,1.0,1.0,1.0,3.0,3.0,3.0,2.0,3.0,2.0,3.0,3.0,2.0,3.0,3.0,3.0,4.0,4.0,4.0,5.0,4.0,5.0,3.0,4.0,4.0,4.0,3.0,4.0,1.0,1.34,3.0,2.33,2.67,3.0,4.0,4.67,3.33,4.0,1.17,2.66,2.84,4.34,3.66
1119,6.0,6.0,7.0,7.0,6.0,3.0,2.0,2.0,3.0,3.0,3.0,4.0,4.0,5.0,3.0,4.0,2.0,4.0,1.0,1.0,1.0,1.0,1.0,1.0,3.0,3.0,3.0,4.0,3.0,4.0,6.34,5.34,2.66,3.0,2.98,4.34,1.0,1.0,3.0,3.67,5.84,2.83,3.66,1.0,3.34
1120,2.0,3.0,2.0,2.0,2.0,2.0,3.0,3.0,4.0,3.0,3.0,2.0,1.0,1.0,1.0,2.0,1.0,1.0,4.0,5.0,5.0,5.0,4.0,4.0,3.0,4.0,3.0,4.0,3.0,5.0,2.0,2.34,3.33,2.66,1.0,1.32,4.33,4.67,3.0,4.33,2.17,3.0,1.16,4.5,3.66
1121,3.0,4.0,2.0,3.0,3.0,4.0,6.0,5.0,6.0,5.0,6.0,6.0,3.0,3.0,4.0,5.0,4.0,3.0,2.0,4.0,2.0,4.0,3.0,4.0,3.0,3.0,2.0,4.0,3.0,4.0,2.67,3.67,6.01,5.34,3.69,3.66,2.33,4.0,2.67,3.67,3.17,5.68,3.68,3.16,3.17
1122,2.0,3.0,3.0,3.0,3.0,3.0,6.0,5.0,6.0,5.0,6.0,5.0,1.0,1.0,2.0,2.0,1.0,1.0,1.0,3.0,2.0,2.0,2.0,3.0,1.0,2.0,1.0,2.0,1.0,3.0,2.66,3.0,6.01,5.01,1.32,1.32,1.67,2.67,1.0,2.33,2.83,5.51,1.32,2.17,1.66
1123,6.0,6.0,4.0,5.0,5.0,7.0,4.0,4.0,3.0,3.0,4.0,3.0,4.0,4.0,4.0,4.0,3.0,4.0,1.0,2.0,1.0,3.0,2.0,1.0,1.0,2.0,1.0,3.0,2.0,2.0,5.0,6.0,3.67,3.33,3.66,4.01,1.33,2.0,1.33,2.33,5.5,3.5,3.84,1.66,1.83
1124,1.0,1.0,1.0,1.0,1.0,1.0,5.0,6.0,5.0,6.0,5.0,6.0,7.0,7.0,6.0,7.0,6.0,6.0,1.0,2.0,1.0,2.0,1.0,3.0,7.0,7.0,7.0,7.0,7.0,7.0,1.0,1.0,5.0,6.01,6.36,6.69,1.0,2.33,7.0,7.0,1.0,5.5,6.52,1.66,7.0
1125,7.0,7.0,7.0,7.0,7.0,7.0,2.0,3.0,3.0,2.0,3.0,3.0,1.0,1.0,1.0,1.0,1.0,1.0,2.0,3.0,3.0,3.0,3.0,4.0,3.0,3.0,3.0,4.0,3.0,4.0,7.0,7.0,2.66,2.66,1.0,1.0,2.67,3.33,3.0,3.67,7.0,2.66,1.0,3.0,3.34
1126,3.0,3.0,3.0,4.0,3.0,4.0,2.0,2.0,2.0,2.0,2.0,2.0,3.0,2.0,3.0,3.0,3.0,2.0,2.0,2.0,2.0,2.0,2.0,2.0,1.0,1.0,1.0,2.0,1.0,2.0,3.0,3.66,1.99,1.99,3.0,2.32,2.0,2.0,1.0,1.67,3.33,1.99,2.66,2.0,1.34
1127,1.0,1.0,1.0,1.0,1.0,1.0,6.0,5.0,6.0,6.0,5.0,6.0,4.0,5.0,4.0,5.0,5.0,5.0,3.0,4.0,4.0,4.0,3.0,5.0,5.0,5.0,4.0,6.0,5.0,5.0,1.0,1.0,5.68,5.68,4.36,5.01,3.33,4.33,4.67,5.33,1.0,5.68,4.69,3.83,5.0
1128,1.0,1.0,1.0,2.0,1.0,1.0,5.0,5.0,6.0,5.0,6.0,5.0,4.0,4.0,4.0,5.0,3.0,4.0,5.0,6.0,5.0,6.0,4.0,6.0,4.0,4.0,4.0,5.0,4.0,5.0,1.0,1.33,5.67,5.01,3.66,4.34,4.67,6.0,4.0,4.67,1.16,5.34,4.0,5.34,4.34
1129,2.0,3.0,3.0,3.0,1.0,2.0,5.0,6.0,6.0,6.0,6.0,5.0,7.0,6.0,6.0,7.0,7.0,7.0,3.0,5.0,3.0,4.0,4.0,5.0,4.0,4.0,3.0,4.0,4.0,5.0,2.01,2.67,5.67,5.68,6.71,6.7,3.33,4.67,3.67,4.33,2.34,5.68,6.7,4.0,4.0
1130,3.0,2.0,3.0,3.0,2.0,3.0,5.0,5.0,5.0,5.0,6.0,4.0,2.0,3.0,2.0,3.0,2.0,2.0,7.0,6.0,6.0,6.0,7.0,7.0,5.0,5.0,6.0,6.0,5.0,6.0,2.67,2.66,5.34,4.67,2.0,2.66,6.67,6.33,5.33,5.67,2.66,5.0,2.33,6.5,5.5
1131,3.0,4.0,2.0,3.0,3.0,4.0,4.0,1.0,1.0,1.0,1.0,1.0,7.0,6.0,5.0,5.0,5.0,6.0,5.0,5.0,3.0,5.0,5.0,6.0,2.0,3.0,2.0,3.0,1.0,2.0,2.67,3.67,2.0,1.0,5.67,5.69,4.34,5.33,1.67,2.67,3.17,1.5,5.68,4.84,2.17
1132,2.0,2.0,2.0,3.0,2.0,3.0,6.0,6.0,7.0,6.0,6.0,6.0,3.0,3.0,2.0,3.0,2.0,2.0,5.0,5.0,4.0,5.0,4.0,4.0,3.0,5.0,3.0,4.0,4.0,4.0,2.0,2.66,6.34,6.01,2.32,2.66,4.33,4.67,3.33,4.33,2.33,6.18,2.49,4.5,3.83
1133,1.0,1.0,1.0,1.0,1.0,1.0,4.0,4.0,5.0,5.0,4.0,6.0,3.0,4.0,2.0,4.0,2.0,3.0,2.0,3.0,2.0,3.0,4.0,2.0,1.0,3.0,2.0,2.0,2.0,4.0,1.0,1.0,4.34,5.01,2.32,3.66,2.67,2.67,1.67,3.0,1.0,4.68,2.99,2.67,2.34
1134,2.0,3.0,2.0,3.0,1.0,2.0,3.0,2.0,3.0,4.0,3.0,3.0,1.0,2.0,1.0,1.0,1.0,1.0,1.0,2.0,1.0,2.0,2.0,3.0,3.0,4.0,3.0,4.0,2.0,3.0,1.67,2.67,3.0,3.0,1.0,1.32,1.33,2.33,2.67,3.67,2.17,3.0,1.16,1.83,3.17
1135,6.0,7.0,7.0,7.0,7.0,7.0,6.0,5.0,7.0,6.0,5.0,5.0,3.0,4.0,2.0,4.0,3.0,3.0,7.0,7.0,7.0,7.0,7.0,7.0,7.0,7.0,6.0,7.0,7.0,7.0,6.66,7.0,6.01,5.34,2.67,3.66,7.0,7.0,6.67,7.0,6.83,5.68,3.16,7.0,6.84
1136,2.0,2.0,2.0,2.0,1.0,3.0,4.0,3.0,4.0,3.0,4.0,5.0,3.0,3.0,3.0,4.0,3.0,4.0,2.0,3.0,3.0,2.0,2.0,3.0,5.0,6.0,5.0,6.0,5.0,6.0,1.67,2.33,4.0,3.67,3.0,3.67,2.33,2.67,5.0,6.0,2.0,3.84,3.34,2.5,5.5
1137,3.0,4.0,3.0,4.0,2.0,3.0,7.0,7.0,7.0,7.0,7.0,7.0,3.0,4.0,2.0,3.0,3.0,3.0,7.0,7.0,7.0,7.0,7.0,7.0,3.0,4.0,3.0,4.0,3.0,4.0,2.67,3.67,7.0,7.0,2.67,3.33,7.0,7.0,3.0,4.0,3.17,7.0,3.0,7.0,3.5
1138,1.0,2.0,2.0,3.0,2.0,2.0,4.0,4.0,6.0,5.0,5.0,4.0,4.0,4.0,3.0,3.0,3.0,3.0,4.0,6.0,5.0,6.0,3.0,5.0,4.0,5.0,3.0,4.0,3.0,4.0,1.66,2.33,5.0,4.34,3.33,3.33,4.0,5.67,3.33,4.33,2.0,4.67,3.33,4.84,3.83
1139,1.0,1.0,1.0,1.0,1.0,1.0,5.0,4.0,5.0,5.0,5.0,5.0,3.0,2.0,2.0,2.0,2.0,2.0,4.0,4.0,3.0,4.0,5.0,4.0,6.0,7.0,6.0,7.0,5.0,6.0,1.0,1.0,5.0,4.67,2.32,1.99,4.0,4.0,5.67,6.67,1.0,4.84,2.15,4.0,6.17
1140,5.0,5.0,4.0,5.0,5.0,5.0,2.0,1.0,2.0,1.0,2.0,2.0,2.0,2.0,2.0,2.0,2.0,1.0,4.0,4.0,4.0,4.0,4.0,4.0,2.0,3.0,2.0,3.0,2.0,3.0,4.67,5.0,1.99,1.32,2.0,1.65,4.0,4.0,2.0,3.0,4.84,1.66,1.82,4.0,2.5
1141,2.0,3.0,1.0,2.0,1.0,2.0,3.0,2.0,3.0,2.0,3.0,3.0,4.0,4.0,4.0,5.0,3.0,3.0,4.0,4.0,4.0,4.0,4.0,5.0,3.0,5.0,3.0,4.0,3.0,4.0,1.34,2.34,3.0,2.33,3.66,4.0,4.0,4.33,3.0,4.33,1.84,2.66,3.83,4.16,3.66
1142,3.0,4.0,4.0,3.0,3.0,4.0,5.0,5.0,6.0,6.0,5.0,5.0,1.0,3.0,2.0,2.0,2.0,2.0,2.0,2.0,1.0,2.0,2.0,3.0,3.0,4.0,3.0,4.0,3.0,3.0,3.33,3.67,5.34,5.34,1.67,2.32,1.67,2.33,3.0,3.67,3.5,5.34,2.0,2.0,3.34
1143,5.0,5.0,4.0,5.0,4.0,4.0,3.0,2.0,3.0,2.0,3.0,2.0,3.0,3.0,3.0,4.0,3.0,3.0,2.0,3.0,2.0,3.0,2.0,3.0,5.0,5.0,5.0,6.0,5.0,6.0,4.34,4.67,3.0,1.99,3.0,3.33,2.0,3.0,5.0,5.67,4.5,2.5,3.16,2.5,5.34
1144,7.0,7.0,7.0,7.0,7.0,7.0,2.0,2.0,4.0,3.0,3.0,3.0,4.0,4.0,3.0,3.0,3.0,4.0,6.0,6.0,6.0,7.0,6.0,6.0,3.0,5.0,4.0,6.0,4.0,5.0,7.0,7.0,3.0,2.66,3.33,3.67,6.0,6.33,3.67,5.33,7.0,2.83,3.5,6.16,4.5
1145,2.0,2.0,2.0,3.0,2.0,3.0,4.0,2.0,4.0,3.0,4.0,4.0,3.0,3.0,3.0,3.0,2.0,3.0,4.0,4.0,3.0,5.0,4.0,4.0,2.0,4.0,3.0,4.0,3.0,4.0,2.0,2.66,4.0,3.0,2.65,3.0,3.67,4.33,2.67,4.0,2.33,3.5,2.82,4.0,3.34
1146,1.0,1.0,1.0,1.0,1.0,1.0,1.0,1.0,1.0,1.0,1.0,1.0,4.0,5.0,4.0,5.0,3.0,4.0,3.0,3.0,3.0,3.0,3.0,4.0,2.0,3.0,2.0,2.0,1.0,2.0,1.0,1.0,1.0,1.0,3.66,4.67,3.0,3.33,1.67,2.33,1.0,1.0,4.16,3.16,2.0
1147,5.0,5.0,4.0,4.0,4.0,4.0,3.0,4.0,4.0,3.0,3.0,3.0,4.0,3.0,4.0,5.0,3.0,4.0,3.0,3.0,3.0,4.0,3.0,4.0,5.0,5.0,4.0,5.0,4.0,5.0,4.34,4.34,3.33,3.33,3.66,4.01,3.0,3.67,4.33,5.0,4.34,3.33,3.84,3.34,4.66
1148,3.0,4.0,2.0,3.0,3.0,3.0,5.0,5.0,6.0,5.0,5.0,5.0,2.0,2.0,2.0,3.0,2.0,2.0,1.0,2.0,1.0,1.0,1.0,1.0,4.0,5.0,5.0,6.0,5.0,6.0,2.67,3.34,5.34,5.01,2.0,2.32,1.0,1.33,4.67,5.67,3.0,5.18,2.16,1.16,5.17
1149,1.0,1.0,2.0,2.0,2.0,2.0,4.0,4.0,4.0,3.0,4.0,2.0,7.0,7.0,7.0,7.0,6.0,7.0,2.0,3.0,2.0,3.0,3.0,4.0,2.0,4.0,2.0,3.0,2.0,4.0,1.66,1.66,4.0,3.0,6.69,7.0,2.33,3.33,2.0,3.67,1.66,3.5,6.85,2.83,2.84
1150,3.0,4.0,4.0,4.0,4.0,5.0,4.0,3.0,5.0,4.0,4.0,5.0,3.0,3.0,2.0,3.0,2.0,2.0,3.0,3.0,3.0,3.0,3.0,4.0,2.0,3.0,2.0,4.0,3.0,3.0,3.66,4.33,4.34,4.0,2.32,2.66,3.0,3.33,2.33,3.33,4.0,4.17,2.49,3.16,2.83
1151,1.0,1.0,1.0,1.0,1.0,2.0,1.0,1.0,2.0,2.0,2.0,1.0,7.0,7.0,6.0,7.0,6.0,6.0,6.0,6.0,6.0,6.0,4.0,6.0,3.0,4.0,3.0,4.0,3.0,4.0,1.0,1.33,1.66,1.32,6.36,6.69,5.33,6.0,3.0,4.0,1.16,1.49,6.52,5.66,3.5
1152,2.0,3.0,2.0,3.0,2.0,2.0,3.0,3.0,3.0,3.0,2.0,2.0,1.0,1.0,1.0,1.0,1.0,2.0,1.0,2.0,1.0,1.0,2.0,2.0,4.0,4.0,3.0,4.0,4.0,4.0,2.0,2.67,2.66,2.66,1.0,1.33,1.33,1.67,3.67,4.0,2.34,2.66,1.16,1.5,3.84
1153,1.0,1.0,1.0,1.0,3.0,1.0,1.0,1.0,2.0,1.0,1.0,1.0,1.0,1.0,1.0,1.0,1.0,1.0,2.0,2.0,2.0,2.0,1.0,3.0,1.0,1.0,1.0,1.0,1.0,1.0,1.66,1.0,1.32,1.0,1.0,1.0,1.67,2.33,1.0,1.0,1.33,1.16,1.0,2.0,1.0
1154,3.0,2.0,3.0,4.0,3.0,4.0,5.0,5.0,5.0,5.0,6.0,5.0,1.0,2.0,1.0,1.0,1.0,1.0,6.0,7.0,6.0,7.0,6.0,7.0,2.0,4.0,2.0,3.0,1.0,3.0,3.0,3.33,5.34,5.01,1.0,1.32,6.0,7.0,1.67,3.33,3.16,5.18,1.16,6.5,2.5
1155,6.0,6.0,7.0,7.0,7.0,6.0,5.0,5.0,6.0,5.0,6.0,5.0,2.0,4.0,3.0,3.0,3.0,3.0,6.0,7.0,6.0,7.0,6.0,7.0,4.0,5.0,4.0,5.0,4.0,4.0,6.66,6.33,5.67,5.01,2.68,3.33,6.0,7.0,4.0,4.67,6.5,5.34,3.0,6.5,4.34
1156,6.0,7.0,6.0,7.0,7.0,7.0,3.0,3.0,4.0,4.0,3.0,3.0,2.0,2.0,2.0,3.0,2.0,1.0,6.0,6.0,6.0,6.0,6.0,6.0,5.0,5.0,6.0,6.0,5.0,7.0,6.33,7.0,3.33,3.33,2.0,1.98,6.0,6.0,5.33,6.0,6.66,3.33,1.99,6.0,5.66
1157,3.0,3.0,3.0,2.0,3.0,2.0,7.0,6.0,7.0,6.0,7.0,7.0,6.0,6.0,5.0,6.0,5.0,5.0,6.0,6.0,6.0,7.0,6.0,7.0,5.0,6.0,5.0,7.0,6.0,6.0,3.0,2.34,7.0,6.35,5.35,5.68,6.0,6.67,5.33,6.33,2.67,6.68,5.52,6.34,5.83
1158,3.0,3.0,2.0,4.0,3.0,4.0,3.0,3.0,4.0,3.0,4.0,3.0,3.0,5.0,3.0,4.0,2.0,4.0,5.0,6.0,5.0,5.0,4.0,5.0,4.0,5.0,5.0,6.0,4.0,6.0,2.67,3.66,3.66,3.0,2.65,4.34,4.67,5.33,4.33,5.67,3.16,3.33,3.5,5.0,5.0
1159,3.0,2.0,2.0,2.0,3.0,2.0,2.0,2.0,3.0,2.0,2.0,2.0,2.0,2.0,2.0,2.0,2.0,2.0,5.0,4.0,5.0,6.0,5.0,5.0,3.0,4.0,3.0,4.0,3.0,6.0,2.67,2.0,2.33,1.99,2.0,1.99,5.0,5.0,3.0,4.67,2.34,2.16,2.0,5.0,3.84
1160,5.0,5.0,5.0,6.0,5.0,6.0,7.0,7.0,7.0,7.0,7.0,7.0,4.0,6.0,5.0,6.0,5.0,5.0,5.0,6.0,6.0,6.0,5.0,6.0,4.0,5.0,3.0,4.0,4.0,5.0,5.0,5.66,7.0,7.0,4.7,5.68,5.33,6.0,3.67,4.67,5.33,7.0,5.19,5.66,4.17
1161,3.0,2.0,1.0,2.0,1.0,1.0,5.0,5.0,5.0,5.0,5.0,5.0,3.0,3.0,2.0,2.0,3.0,3.0,3.0,4.0,3.0,4.0,3.0,5.0,4.0,5.0,4.0,4.0,4.0,5.0,1.67,1.67,5.0,5.01,2.67,2.67,3.0,4.33,4.0,4.67,1.67,5.0,2.67,3.66,4.34
1162,6.0,6.0,5.0,6.0,6.0,6.0,5.0,4.0,6.0,5.0,5.0,5.0,7.0,7.0,7.0,7.0,7.0,7.0,5.0,5.0,5.0,6.0,4.0,5.0,3.0,5.0,4.0,5.0,4.0,5.0,5.67,6.0,5.34,4.67,7.0,7.0,4.67,5.33,3.67,5.0,5.84,5.0,7.0,5.0,4.34
1163,4.0,4.0,3.0,4.0,5.0,6.0,2.0,1.0,2.0,2.0,3.0,3.0,1.0,1.0,1.0,1.0,1.0,1.0,5.0,5.0,5.0,6.0,4.0,5.0,2.0,3.0,2.0,3.0,2.0,3.0,4.0,4.66,2.32,1.99,1.0,1.0,4.67,5.33,2.0,3.0,4.33,2.15,1.0,5.0,2.5
1164,1.0,1.0,1.0,1.0,1.0,1.0,1.0,1.0,1.0,1.0,1.0,1.0,1.0,1.0,1.0,1.0,1.0,1.0,1.0,2.0,1.0,3.0,1.0,3.0,1.0,1.0,1.0,1.0,1.0,1.0,1.0,1.0,1.0,1.0,1.0,1.0,1.0,2.67,1.0,1.0,1.0,1.0,1.0,1.84,1.0
1165,1.0,1.0,1.0,2.0,1.0,1.0,6.0,6.0,6.0,6.0,6.0,6.0,4.0,5.0,4.0,5.0,5.0,6.0,5.0,5.0,5.0,6.0,5.0,6.0,2.0,3.0,2.0,3.0,3.0,3.0,1.0,1.33,6.01,6.01,4.36,5.36,5.0,5.67,2.33,3.0,1.16,6.01,4.86,5.34,2.66
1166,4.0,5.0,6.0,6.0,5.0,6.0,6.0,5.0,5.0,5.0,6.0,5.0,3.0,3.0,3.0,3.0,2.0,2.0,7.0,7.0,7.0,7.0,7.0,7.0,4.0,4.0,2.0,4.0,4.0,4.0,5.0,5.66,5.67,5.01,2.65,2.66,7.0,7.0,3.33,4.0,5.33,5.34,2.66,7.0,3.66
1167,2.0,2.0,1.0,3.0,2.0,3.0,3.0,1.0,2.0,2.0,2.0,1.0,1.0,2.0,2.0,3.0,3.0,2.0,2.0,2.0,2.0,2.0,2.0,3.0,3.0,5.0,3.0,3.0,4.0,4.0,1.67,2.66,2.33,1.32,2.02,2.32,2.0,2.33,3.33,4.0,2.16,1.83,2.17,2.16,3.66
1168,3.0,3.0,3.0,4.0,3.0,4.0,4.0,4.0,5.0,5.0,5.0,5.0,4.0,4.0,4.0,4.0,2.0,3.0,4.0,4.0,4.0,4.0,3.0,4.0,2.0,4.0,4.0,4.0,2.0,4.0,3.0,3.66,4.67,4.67,3.31,3.66,3.67,4.0,2.67,4.0,3.33,4.67,3.49,3.84,3.34
1169,3.0,3.0,4.0,4.0,4.0,4.0,7.0,6.0,7.0,6.0,7.0,5.0,3.0,4.0,3.0,3.0,2.0,3.0,3.0,4.0,3.0,5.0,3.0,4.0,2.0,3.0,3.0,4.0,2.0,4.0,3.66,3.66,7.0,5.68,2.65,3.33,3.0,4.33,2.33,3.67,3.66,6.34,2.99,3.66,3.0
1170,1.0,1.0,1.0,1.0,1.0,2.0,1.0,1.0,2.0,1.0,1.0,4.0,1.0,3.0,1.0,1.0,1.0,1.0,5.0,6.0,4.0,4.0,4.0,6.0,5.0,6.0,5.0,6.0,5.0,6.0,1.0,1.33,1.32,1.99,1.0,1.65,4.33,5.33,5.0,6.0,1.16,1.66,1.32,4.83,5.5
1171,1.0,2.0,1.0,1.0,1.0,1.0,3.0,3.0,4.0,3.0,4.0,3.0,3.0,4.0,3.0,3.0,3.0,2.0,4.0,4.0,4.0,4.0,4.0,5.0,3.0,4.0,3.0,3.0,3.0,3.0,1.0,1.34,3.66,3.0,3.0,2.99,4.0,4.33,3.0,3.33,1.17,3.33,3.0,4.16,3.16
1172,5.0,6.0,4.0,5.0,5.0,6.0,6.0,5.0,5.0,5.0,5.0,5.0,4.0,3.0,3.0,5.0,3.0,4.0,5.0,6.0,6.0,6.0,6.0,6.0,5.0,5.0,5.0,6.0,5.0,6.0,4.67,5.67,5.34,5.01,3.33,4.01,5.67,6.0,5.0,5.67,5.17,5.18,3.67,5.84,5.34
1173,6.0,5.0,4.0,4.0,5.0,5.0,5.0,5.0,5.0,6.0,6.0,6.0,1.0,1.0,1.0,1.0,1.0,1.0,6.0,6.0,6.0,6.0,5.0,5.0,2.0,3.0,2.0,2.0,3.0,3.0,5.0,4.67,5.34,5.68,1.0,1.0,5.67,5.67,2.33,2.67,4.84,5.51,1.0,5.67,2.5
1174,5.0,6.0,5.0,5.0,6.0,6.0,2.0,2.0,2.0,2.0,3.0,2.0,4.0,5.0,5.0,5.0,3.0,4.0,6.0,5.0,4.0,5.0,6.0,6.0,4.0,5.0,4.0,5.0,4.0,5.0,5.33,5.67,2.32,1.99,4.0,4.67,5.34,5.33,4.0,5.0,5.5,2.15,4.34,5.34,4.5
1175,1.0,2.0,2.0,2.0,2.0,3.0,5.0,5.0,6.0,5.0,6.0,5.0,2.0,2.0,2.0,3.0,2.0,2.0,4.0,5.0,4.0,5.0,5.0,6.0,5.0,5.0,4.0,6.0,5.0,6.0,1.66,2.33,5.67,5.01,2.0,2.32,4.33,5.33,4.67,5.67,2.0,5.34,2.16,4.83,5.17
1176,3.0,4.0,3.0,4.0,4.0,2.0,2.0,1.0,4.0,3.0,2.0,3.0,5.0,5.0,4.0,6.0,4.0,5.0,4.0,5.0,3.0,5.0,4.0,5.0,2.0,3.0,2.0,2.0,3.0,4.0,3.33,3.34,2.66,2.33,4.34,5.35,3.67,5.0,2.33,3.0,3.34,2.5,4.84,4.34,2.66
1177,2.0,4.0,4.0,3.0,4.0,3.0,5.0,4.0,5.0,5.0,5.0,4.0,5.0,6.0,5.0,6.0,5.0,5.0,4.0,5.0,5.0,5.0,6.0,6.0,7.0,6.0,6.0,6.0,7.0,7.0,3.33,3.34,5.0,4.34,5.02,5.68,5.0,5.33,6.67,6.33,3.34,4.67,5.35,5.16,6.5
1178,2.0,2.0,3.0,3.0,2.0,2.0,1.0,1.0,2.0,1.0,2.0,1.0,1.0,1.0,1.0,1.0,1.0,1.0,3.0,4.0,3.0,5.0,3.0,4.0,1.0,2.0,1.0,2.0,2.0,2.0,2.33,2.33,1.66,1.0,1.0,1.0,3.0,4.33,1.33,2.0,2.33,1.33,1.0,3.66,1.66
1179,2.0,3.0,2.0,3.0,3.0,5.0,4.0,4.0,4.0,5.0,5.0,4.0,3.0,3.0,2.0,3.0,2.0,2.0,1.0,2.0,1.0,1.0,1.0,1.0,4.0,5.0,5.0,5.0,4.0,5.0,2.33,3.66,4.33,4.34,2.32,2.66,1.0,1.33,4.33,5.0,3.0,4.34,2.49,1.16,4.66
1180,1.0,1.0,1.0,1.0,1.0,1.0,3.0,2.0,3.0,2.0,3.0,1.0,3.0,3.0,3.0,4.0,2.0,2.0,4.0,5.0,3.0,4.0,3.0,4.0,3.0,4.0,4.0,5.0,4.0,5.0,1.0,1.0,3.0,1.66,2.65,2.99,3.33,4.33,3.67,4.67,1.0,2.33,2.82,3.83,4.17
1181,2.0,2.0,1.0,1.0,1.0,2.0,4.0,1.0,1.0,1.0,1.0,2.0,2.0,3.0,2.0,3.0,2.0,2.0,1.0,2.0,1.0,1.0,1.0,1.0,2.0,3.0,2.0,3.0,1.0,3.0,1.34,1.67,2.0,1.32,2.0,2.66,1.0,1.33,1.67,3.0,1.5,1.66,2.33,1.16,2.34
1182,4.0,3.0,5.0,4.0,4.0,4.0,4.0,3.0,5.0,4.0,5.0,4.0,4.0,3.0,3.0,4.0,2.0,2.0,3.0,5.0,4.0,4.0,5.0,5.0,3.0,5.0,4.0,4.0,4.0,5.0,4.33,3.66,4.67,3.67,2.98,2.99,4.0,4.67,3.67,4.67,4.0,4.17,2.99,4.34,4.17
1183,3.0,5.0,4.0,5.0,5.0,6.0,6.0,6.0,7.0,6.0,6.0,6.0,6.0,6.0,6.0,7.0,5.0,6.0,5.0,6.0,5.0,6.0,4.0,5.0,2.0,3.0,2.0,3.0,3.0,3.0,3.99,5.33,6.34,6.01,5.68,6.35,4.67,5.67,2.33,3.0,4.66,6.18,6.02,5.17,2.66
1184,1.0,1.0,1.0,1.0,1.0,1.0,4.0,2.0,3.0,3.0,3.0,2.0,4.0,4.0,4.0,4.0,4.0,4.0,1.0,1.0,1.0,1.0,1.0,1.0,2.0,3.0,3.0,3.0,1.0,3.0,1.0,1.0,3.33,2.33,4.01,4.01,1.0,1.0,2.0,3.0,1.0,2.83,4.01,1.0,2.5
1185,4.0,5.0,3.0,4.0,5.0,6.0,6.0,6.0,6.0,6.0,6.0,6.0,3.0,3.0,2.0,3.0,2.0,3.0,4.0,5.0,4.0,4.0,3.0,4.0,4.0,5.0,3.0,4.0,4.0,4.0,4.0,5.0,6.01,6.01,2.32,3.0,3.67,4.33,3.67,4.33,4.5,6.01,2.66,4.0,4.0
1186,2.0,4.0,2.0,3.0,4.0,3.0,2.0,1.0,4.0,3.0,3.0,2.0,3.0,2.0,3.0,3.0,1.0,2.0,3.0,4.0,4.0,4.0,4.0,4.0,2.0,2.0,2.0,2.0,2.0,2.0,2.66,3.34,3.0,1.99,2.31,2.32,3.67,4.0,2.0,2.0,3.0,2.5,2.32,3.84,2.0
1187,2.0,2.0,1.0,2.0,1.0,1.0,4.0,3.0,3.0,3.0,4.0,3.0,2.0,2.0,1.0,2.0,1.0,2.0,7.0,7.0,6.0,7.0,7.0,7.0,3.0,4.0,4.0,6.0,4.0,5.0,1.34,1.67,3.67,3.0,1.31,1.99,6.67,7.0,3.67,5.0,1.5,3.34,1.65,6.84,4.34
1188,1.0,2.0,1.0,1.0,1.0,2.0,4.0,4.0,6.0,4.0,5.0,4.0,3.0,3.0,2.0,3.0,2.0,3.0,5.0,4.0,4.0,4.0,4.0,5.0,3.0,5.0,3.0,4.0,3.0,4.0,1.0,1.67,5.0,4.0,2.32,3.0,4.33,4.33,3.0,4.33,1.34,4.5,2.66,4.33,3.66
1189,5.0,4.0,3.0,4.0,4.0,4.0,4.0,4.0,4.0,4.0,4.0,4.0,3.0,4.0,4.0,5.0,4.0,4.0,1.0,1.0,1.0,1.0,1.0,1.0,3.0,3.0,2.0,3.0,3.0,3.0,4.0,4.0,4.0,4.0,3.69,4.34,1.0,1.0,2.67,3.0,4.0,4.0,4.01,1.0,2.84
1190,7.0,7.0,7.0,7.0,7.0,7.0,4.0,4.0,4.0,5.0,5.0,5.0,6.0,6.0,6.0,6.0,5.0,6.0,1.0,2.0,2.0,2.0,1.0,2.0,4.0,6.0,5.0,5.0,5.0,6.0,7.0,7.0,4.33,4.67,5.68,6.02,1.33,2.0,4.67,5.67,7.0,4.5,5.85,1.66,5.17
1191,1.0,1.0,1.0,2.0,2.0,2.0,5.0,4.0,5.0,5.0,4.0,5.0,3.0,3.0,3.0,3.0,3.0,2.0,4.0,5.0,4.0,5.0,4.0,5.0,3.0,3.0,2.0,3.0,2.0,3.0,1.33,1.66,4.67,4.67,3.0,2.66,4.0,5.0,2.33,3.0,1.5,4.67,2.83,4.5,2.66
1192,1.0,1.0,1.0,1.0,1.0,1.0,6.0,6.0,6.0,6.0,6.0,6.0,3.0,3.0,3.0,4.0,3.0,3.0,5.0,5.0,5.0,6.0,5.0,5.0,5.0,6.0,5.0,7.0,5.0,6.0,1.0,1.0,6.01,6.01,3.0,3.33,5.0,5.33,5.0,6.33,1.0,6.01,3.16,5.16,5.66
1193,2.0,2.0,1.0,2.0,1.0,1.0,4.0,4.0,5.0,5.0,4.0,4.0,2.0,2.0,1.0,2.0,2.0,2.0,6.0,6.0,5.0,6.0,5.0,6.0,1.0,3.0,2.0,3.0,2.0,3.0,1.34,1.67,4.34,4.34,1.66,1.99,5.33,6.0,1.67,3.0,1.5,4.34,1.82,5.66,2.34
1194,2.0,3.0,2.0,3.0,3.0,3.0,1.0,1.0,1.0,1.0,1.0,1.0,1.0,1.0,1.0,1.0,1.0,1.0,1.0,2.0,3.0,4.0,2.0,4.0,2.0,3.0,2.0,4.0,2.0,3.0,2.33,3.0,1.0,1.0,1.0,1.0,2.0,3.33,2.0,3.33,2.66,1.0,1.0,2.66,2.66
1195,3.0,2.0,2.0,2.0,2.0,2.0,4.0,3.0,4.0,3.0,4.0,4.0,5.0,5.0,4.0,6.0,4.0,4.0,5.0,5.0,5.0,5.0,3.0,5.0,3.0,4.0,2.0,3.0,3.0,4.0,2.34,2.0,4.0,3.33,4.34,5.0,4.33,5.0,2.67,3.67,2.17,3.66,4.67,4.66,3.17
1196,4.0,4.0,5.0,6.0,4.0,6.0,5.0,3.0,5.0,4.0,4.0,4.0,4.0,5.0,5.0,5.0,4.0,5.0,2.0,3.0,2.0,2.0,2.0,2.0,4.0,5.0,5.0,6.0,4.0,4.0,4.33,5.33,4.67,3.67,4.35,5.01,2.0,2.33,4.33,5.0,4.83,4.17,4.68,2.16,4.66
1197,3.0,4.0,3.0,4.0,4.0,4.0,6.0,6.0,7.0,7.0,6.0,7.0,4.0,3.0,4.0,4.0,3.0,4.0,4.0,6.0,4.0,5.0,5.0,5.0,5.0,6.0,4.0,6.0,5.0,6.0,3.33,4.0,6.34,6.68,3.66,3.67,4.33,5.33,4.67,6.0,3.66,6.51,3.66,4.83,5.34
1198,6.0,6.0,6.0,7.0,7.0,6.0,6.0,4.0,5.0,5.0,6.0,6.0,5.0,5.0,4.0,6.0,4.0,5.0,4.0,4.0,4.0,4.0,4.0,5.0,7.0,7.0,6.0,7.0,7.0,7.0,6.33,6.33,5.67,5.01,4.34,5.35,4.0,4.33,6.67,7.0,6.33,5.34,4.84,4.16,6.84
1199,1.0,1.0,1.0,1.0,1.0,1.0,1.0,1.0,1.0,1.0,1.0,1.0,1.0,1.0,1.0,1.0,1.0,1.0,1.0,2.0,2.0,2.0,2.0,2.0,3.0,4.0,3.0,4.0,4.0,4.0,1.0,1.0,1.0,1.0,1.0,1.0,1.67,2.0,3.33,4.0,1.0,1.0,1.0,1.84,3.66
1200,3.0,5.0,3.0,4.0,4.0,4.0,1.0,1.0,3.0,2.0,2.0,1.0,4.0,4.0,4.0,3.0,3.0,4.0,1.0,2.0,1.0,2.0,1.0,1.0,4.0,6.0,6.0,6.0,6.0,5.0,3.33,4.34,1.99,1.32,3.66,3.67,1.0,1.67,5.33,5.67,3.84,1.66,3.66,1.34,5.5
1201,2.0,3.0,3.0,4.0,3.0,3.0,5.0,5.0,5.0,5.0,4.0,4.0,5.0,6.0,6.0,6.0,4.0,5.0,3.0,4.0,4.0,4.0,4.0,5.0,2.0,2.0,2.0,3.0,2.0,2.0,2.66,3.33,4.67,4.67,5.0,5.68,3.67,4.33,2.0,2.33,3.0,4.67,5.34,4.0,2.16
1202,3.0,3.0,2.0,3.0,2.0,3.0,1.0,1.0,2.0,2.0,3.0,2.0,1.0,1.0,1.0,1.0,1.0,1.0,3.0,4.0,3.0,4.0,3.0,4.0,1.0,3.0,2.0,2.0,2.0,2.0,2.34,3.0,1.99,1.66,1.0,1.0,3.0,4.0,1.67,2.33,2.67,1.82,1.0,3.5,2.0
1203,5.0,6.0,5.0,5.0,5.0,6.0,5.0,4.0,5.0,4.0,5.0,4.0,3.0,3.0,3.0,3.0,4.0,3.0,6.0,6.0,6.0,7.0,5.0,6.0,3.0,4.0,4.0,3.0,4.0,4.0,5.0,5.67,5.0,4.0,3.35,3.0,5.67,6.33,3.67,3.67,5.34,4.5,3.18,6.0,3.67
1204,6.0,5.0,4.0,6.0,5.0,6.0,5.0,4.0,4.0,4.0,5.0,5.0,3.0,4.0,2.0,3.0,2.0,3.0,3.0,4.0,3.0,4.0,3.0,4.0,1.0,1.0,1.0,1.0,1.0,1.0,5.0,5.66,4.67,4.34,2.32,3.33,3.0,4.0,1.0,1.0,5.33,4.5,2.82,3.5,1.0
1205,1.0,2.0,2.0,2.0,2.0,3.0,5.0,6.0,5.0,5.0,5.0,5.0,5.0,5.0,5.0,5.0,4.0,4.0,2.0,3.0,2.0,3.0,2.0,2.0,2.0,3.0,2.0,3.0,3.0,4.0,1.66,2.33,5.0,5.34,4.67,4.67,2.0,2.67,2.33,3.33,2.0,5.17,4.67,2.34,2.83
1206,6.0,7.0,7.0,7.0,7.0,6.0,3.0,3.0,4.0,3.0,4.0,3.0,2.0,3.0,3.0,2.0,2.0,2.0,4.0,4.0,4.0,6.0,6.0,6.0,4.0,6.0,5.0,6.0,5.0,6.0,6.66,6.67,3.66,3.0,2.33,2.32,4.67,5.33,4.67,6.0,6.66,3.33,2.33,5.0,5.34
1207,4.0,3.0,3.0,3.0,3.0,3.0,3.0,3.0,4.0,3.0,3.0,3.0,1.0,2.0,1.0,1.0,1.0,1.0,4.0,4.0,3.0,4.0,3.0,4.0,2.0,2.0,2.0,3.0,2.0,3.0,3.34,3.0,3.33,3.0,1.0,1.32,3.33,4.0,2.0,2.67,3.17,3.16,1.16,3.66,2.34
1208,1.0,2.0,2.0,2.0,2.0,1.0,3.0,2.0,1.0,1.0,1.0,1.0,5.0,4.0,4.0,5.0,4.0,4.0,4.0,5.0,4.0,5.0,4.0,5.0,2.0,3.0,3.0,3.0,3.0,4.0,1.66,1.67,1.66,1.32,4.34,4.34,4.0,5.0,2.67,3.33,1.66,1.49,4.34,4.5,3.0
1209,2.0,3.0,2.0,2.0,2.0,3.0,3.0,2.0,2.0,2.0,3.0,2.0,1.0,1.0,1.0,1.0,1.0,1.0,4.0,3.0,2.0,3.0,2.0,3.0,3.0,5.0,3.0,3.0,3.0,3.0,2.0,2.67,2.66,1.99,1.0,1.0,2.67,3.0,3.0,3.67,2.34,2.33,1.0,2.84,3.34
1210,1.0,1.0,1.0,1.0,2.0,1.0,4.0,4.0,6.0,5.0,5.0,5.0,6.0,7.0,5.0,5.0,5.0,5.0,2.0,3.0,2.0,2.0,3.0,3.0,2.0,2.0,2.0,2.0,1.0,3.0,1.33,1.0,5.0,4.67,5.35,5.68,2.33,2.67,1.67,2.33,1.16,4.84,5.52,2.5,2.0
1211,4.0,5.0,3.0,3.0,3.0,4.0,4.0,4.0,5.0,4.0,4.0,4.0,3.0,5.0,3.0,4.0,4.0,4.0,4.0,5.0,4.0,4.0,3.0,4.0,4.0,5.0,3.0,4.0,3.0,4.0,3.34,4.0,4.34,4.0,3.35,4.34,3.67,4.33,3.33,4.33,3.67,4.17,3.84,4.0,3.83
1212,3.0,2.0,3.0,4.0,3.0,3.0,3.0,3.0,4.0,3.0,3.0,4.0,5.0,6.0,6.0,6.0,6.0,6.0,3.0,4.0,4.0,4.0,3.0,3.0,5.0,6.0,5.0,6.0,4.0,5.0,3.0,3.0,3.33,3.33,5.7,6.02,3.33,3.67,4.67,5.67,3.0,3.33,5.86,3.5,5.17
1213,1.0,1.0,1.0,2.0,2.0,2.0,3.0,2.0,3.0,3.0,3.0,3.0,3.0,4.0,3.0,4.0,2.0,3.0,2.0,2.0,2.0,2.0,3.0,3.0,2.0,2.0,1.0,2.0,2.0,2.0,1.33,1.66,3.0,2.66,2.65,3.66,2.33,2.33,1.67,2.0,1.5,2.83,3.16,2.33,1.84
1214,3.0,3.0,4.0,3.0,2.0,3.0,7.0,7.0,7.0,7.0,7.0,7.0,2.0,3.0,2.0,3.0,2.0,2.0,6.0,6.0,6.0,6.0,6.0,7.0,3.0,4.0,4.0,3.0,3.0,4.0,3.01,3.0,7.0,7.0,2.0,2.66,6.0,6.33,3.33,3.67,3.0,7.0,2.33,6.16,3.5
1215,7.0,7.0,7.0,7.0,6.0,7.0,5.0,5.0,6.0,5.0,6.0,5.0,5.0,6.0,5.0,5.0,4.0,5.0,2.0,4.0,3.0,3.0,3.0,3.0,5.0,6.0,5.0,5.0,5.0,6.0,6.67,7.0,5.67,5.01,4.67,5.35,2.67,3.33,5.0,5.67,6.84,5.34,5.01,3.0,5.34
1216,3.0,3.0,3.0,3.0,4.0,4.0,5.0,5.0,6.0,5.0,5.0,5.0,6.0,6.0,5.0,6.0,5.0,5.0,5.0,6.0,6.0,6.0,5.0,5.0,3.0,4.0,3.0,4.0,4.0,5.0,3.33,3.33,5.34,5.01,5.35,5.68,5.33,5.67,3.33,4.33,3.33,5.18,5.52,5.5,3.83
1217,4.0,4.0,3.0,3.0,3.0,4.0,3.0,2.0,3.0,3.0,3.0,4.0,2.0,2.0,2.0,1.0,2.0,2.0,6.0,7.0,6.0,7.0,6.0,7.0,3.0,4.0,4.0,5.0,4.0,5.0,3.34,3.67,3.0,3.0,2.0,1.66,6.0,7.0,3.67,4.67,3.5,3.0,1.83,6.5,4.17
1218,2.0,2.0,3.0,2.0,3.0,3.0,2.0,2.0,2.0,3.0,2.0,2.0,2.0,3.0,2.0,3.0,2.0,2.0,1.0,1.0,1.0,1.0,1.0,1.0,1.0,1.0,1.0,1.0,1.0,1.0,2.66,2.33,1.99,2.33,2.0,2.66,1.0,1.0,1.0,1.0,2.5,2.16,2.33,1.0,1.0
1219,1.0,3.0,2.0,3.0,2.0,2.0,6.0,4.0,7.0,6.0,6.0,6.0,3.0,4.0,3.0,4.0,3.0,3.0,7.0,7.0,7.0,7.0,6.0,7.0,4.0,4.0,3.0,4.0,4.0,4.0,1.66,2.67,6.34,5.34,3.0,3.66,6.67,7.0,3.67,4.0,2.16,5.84,3.33,6.84,3.84
1220,2.0,2.0,1.0,3.0,2.0,3.0,5.0,4.0,4.0,4.0,4.0,4.0,3.0,4.0,4.0,5.0,3.0,4.0,6.0,6.0,6.0,6.0,5.0,6.0,4.0,5.0,4.0,5.0,3.0,5.0,1.67,2.66,4.34,4.0,3.34,4.34,5.67,6.0,3.67,5.0,2.16,4.17,3.84,5.84,4.34
1221,5.0,6.0,6.0,7.0,6.0,5.0,3.0,3.0,4.0,3.0,4.0,4.0,2.0,2.0,2.0,3.0,1.0,2.0,2.0,4.0,3.0,3.0,3.0,3.0,5.0,7.0,6.0,6.0,6.0,7.0,5.66,6.0,3.66,3.33,1.65,2.32,2.67,3.33,5.67,6.67,5.83,3.5,1.98,3.0,6.17
1222,1.0,2.0,1.0,2.0,1.0,1.0,5.0,5.0,5.0,4.0,5.0,5.0,2.0,2.0,2.0,2.0,1.0,1.0,2.0,2.0,1.0,2.0,1.0,3.0,3.0,3.0,3.0,3.0,3.0,4.0,1.0,1.67,5.0,4.67,1.65,1.65,1.33,2.33,3.0,3.33,1.34,4.84,1.65,1.83,3.16
1223,2.0,3.0,4.0,4.0,3.0,4.0,3.0,3.0,2.0,2.0,3.0,2.0,4.0,4.0,3.0,3.0,2.0,2.0,1.0,1.0,1.0,1.0,1.0,1.0,3.0,4.0,3.0,4.0,2.0,3.0,3.0,3.66,2.66,2.33,2.98,2.99,1.0,1.0,2.67,3.67,3.33,2.5,2.99,1.0,3.17
1224,2.0,2.0,2.0,4.0,3.0,2.0,2.0,1.0,2.0,2.0,2.0,1.0,3.0,3.0,2.0,2.0,3.0,2.0,2.0,3.0,3.0,3.0,3.0,3.0,1.0,2.0,2.0,2.0,2.0,3.0,2.33,2.67,1.99,1.32,2.67,2.32,2.67,3.0,1.67,2.33,2.5,1.66,2.5,2.84,2.0
1225,2.0,2.0,1.0,2.0,2.0,2.0,3.0,2.0,4.0,4.0,4.0,4.0,3.0,4.0,3.0,4.0,3.0,4.0,3.0,4.0,5.0,4.0,4.0,5.0,3.0,4.0,3.0,4.0,3.0,5.0,1.67,2.0,3.66,3.33,3.0,4.01,4.0,4.33,3.0,4.33,1.84,3.5,3.5,4.16,3.66
1226,5.0,4.0,5.0,5.0,4.0,5.0,5.0,4.0,5.0,6.0,4.0,5.0,4.0,5.0,4.0,5.0,3.0,4.0,4.0,4.0,4.0,4.0,5.0,5.0,2.0,2.0,2.0,3.0,2.0,3.0,4.67,4.66,4.67,5.01,3.66,4.67,4.33,4.33,2.0,2.67,4.66,4.84,4.16,4.33,2.34
1227,3.0,3.0,3.0,2.0,2.0,2.0,3.0,3.0,4.0,3.0,4.0,3.0,3.0,4.0,4.0,3.0,2.0,3.0,4.0,5.0,5.0,5.0,3.0,4.0,5.0,7.0,5.0,6.0,5.0,6.0,2.67,2.34,3.66,3.0,2.99,3.33,4.0,4.67,5.0,6.33,2.5,3.33,3.16,4.34,5.66
1228,6.0,7.0,7.0,7.0,7.0,7.0,4.0,4.0,4.0,3.0,4.0,4.0,5.0,6.0,4.0,4.0,5.0,6.0,5.0,5.0,4.0,4.0,5.0,5.0,5.0,6.0,4.0,6.0,5.0,6.0,6.66,7.0,4.0,3.67,4.69,5.36,4.67,4.67,4.67,6.0,6.83,3.84,5.03,4.67,5.34
1229,5.0,6.0,5.0,5.0,6.0,5.0,4.0,4.0,4.0,4.0,4.0,4.0,3.0,3.0,2.0,3.0,2.0,2.0,5.0,6.0,5.0,6.0,5.0,6.0,2.0,3.0,1.0,2.0,2.0,2.0,5.33,5.34,4.0,4.0,2.32,2.66,5.0,6.0,1.67,2.33,5.34,4.0,2.49,5.5,2.0
1230,2.0,3.0,2.0,2.0,3.0,4.0,4.0,3.0,5.0,4.0,5.0,4.0,3.0,5.0,4.0,5.0,3.0,4.0,6.0,6.0,4.0,5.0,5.0,5.0,5.0,5.0,6.0,6.0,6.0,5.0,2.33,3.0,4.67,3.67,3.34,4.67,5.0,5.33,5.67,5.33,2.66,4.17,4.0,5.16,5.5
1231,2.0,3.0,2.0,3.0,2.0,2.0,2.0,1.0,3.0,2.0,2.0,2.0,1.0,2.0,1.0,1.0,1.0,1.0,2.0,3.0,3.0,3.0,3.0,4.0,1.0,1.0,1.0,1.0,1.0,1.0,2.0,2.67,2.33,1.66,1.0,1.32,2.67,3.33,1.0,1.0,2.34,2.0,1.16,3.0,1.0
1232,1.0,1.0,1.0,1.0,1.0,1.0,4.0,4.0,5.0,4.0,5.0,5.0,6.0,6.0,5.0,6.0,5.0,5.0,4.0,5.0,4.0,5.0,4.0,5.0,5.0,5.0,6.0,6.0,6.0,6.0,1.0,1.0,4.67,4.34,5.35,5.68,4.0,5.0,5.67,5.67,1.0,4.5,5.52,4.5,5.67
1233,2.0,3.0,3.0,3.0,2.0,2.0,2.0,2.0,3.0,2.0,2.0,1.0,2.0,3.0,2.0,2.0,1.0,1.0,1.0,1.0,1.0,1.0,1.0,2.0,2.0,4.0,2.0,3.0,2.0,4.0,2.33,2.67,2.33,1.66,1.65,1.98,1.0,1.33,2.0,3.67,2.5,2.0,1.82,1.16,2.84
1234,2.0,2.0,2.0,2.0,1.0,2.0,3.0,2.0,3.0,2.0,2.0,2.0,5.0,5.0,5.0,5.0,4.0,4.0,4.0,6.0,5.0,6.0,5.0,6.0,5.0,6.0,4.0,5.0,6.0,6.0,1.67,2.0,2.66,1.99,4.67,4.67,4.67,6.0,5.0,5.67,1.84,2.33,4.67,5.34,5.34
1235,3.0,4.0,3.0,3.0,3.0,4.0,4.0,4.0,4.0,4.0,4.0,4.0,7.0,6.0,7.0,7.0,7.0,7.0,4.0,5.0,4.0,5.0,4.0,5.0,4.0,5.0,4.0,6.0,4.0,5.0,3.0,3.67,4.0,4.0,7.0,6.7,4.0,5.0,4.0,5.33,3.34,4.0,6.85,4.5,4.66
1236,3.0,3.0,2.0,3.0,3.0,3.0,3.0,3.0,4.0,5.0,4.0,3.0,4.0,5.0,4.0,5.0,3.0,4.0,5.0,5.0,5.0,6.0,4.0,5.0,4.0,4.0,3.0,5.0,4.0,5.0,2.67,3.0,3.66,3.67,3.66,4.67,4.67,5.33,3.67,4.67,2.84,3.66,4.16,5.0,4.17
1237,1.0,2.0,3.0,2.0,2.0,2.0,1.0,2.0,1.0,2.0,1.0,1.0,2.0,3.0,3.0,3.0,3.0,2.0,4.0,4.0,4.0,5.0,5.0,4.0,3.0,3.0,4.0,4.0,3.0,4.0,2.0,2.0,1.0,1.66,2.68,2.66,4.33,4.33,3.33,3.67,2.0,1.33,2.67,4.33,3.5
1238,4.0,3.0,3.0,3.0,3.0,3.0,5.0,4.0,5.0,5.0,5.0,4.0,4.0,5.0,4.0,4.0,4.0,4.0,2.0,3.0,2.0,2.0,2.0,3.0,3.0,5.0,3.0,5.0,4.0,5.0,3.34,3.0,5.0,4.34,4.01,4.34,2.0,2.67,3.33,5.0,3.17,4.67,4.18,2.34,4.16
1239,3.0,4.0,4.0,4.0,4.0,4.0,7.0,7.0,7.0,7.0,7.0,7.0,4.0,5.0,4.0,5.0,4.0,4.0,4.0,4.0,3.0,5.0,4.0,4.0,2.0,3.0,2.0,2.0,2.0,3.0,3.66,4.0,7.0,7.0,4.01,4.67,3.67,4.33,2.0,2.67,3.83,7.0,4.34,4.0,2.34
1240,2.0,2.0,2.0,2.0,2.0,2.0,3.0,3.0,3.0,3.0,3.0,2.0,5.0,5.0,5.0,5.0,5.0,5.0,1.0,2.0,1.0,1.0,1.0,2.0,2.0,2.0,3.0,3.0,2.0,3.0,2.0,2.0,3.0,2.66,5.02,5.01,1.0,1.67,2.33,2.67,2.0,2.83,5.01,1.34,2.5
1241,4.0,4.0,3.0,3.0,4.0,5.0,2.0,1.0,2.0,1.0,2.0,1.0,4.0,4.0,4.0,4.0,2.0,3.0,2.0,2.0,3.0,2.0,2.0,4.0,3.0,3.0,4.0,4.0,4.0,4.0,3.67,4.0,1.99,1.0,3.31,3.66,2.33,2.67,3.67,3.67,3.84,1.5,3.49,2.5,3.67
1242,3.0,4.0,2.0,2.0,3.0,3.0,2.0,1.0,2.0,2.0,3.0,1.0,1.0,1.0,1.0,1.0,1.0,1.0,2.0,3.0,2.0,2.0,2.0,2.0,1.0,1.0,1.0,1.0,1.0,2.0,2.67,3.0,2.32,1.32,1.0,1.0,2.0,2.33,1.0,1.33,2.84,1.82,1.0,2.16,1.16
1243,4.0,5.0,4.0,4.0,3.0,4.0,4.0,4.0,5.0,4.0,4.0,4.0,5.0,6.0,5.0,6.0,4.0,5.0,2.0,2.0,2.0,3.0,3.0,4.0,3.0,5.0,4.0,5.0,4.0,4.0,3.67,4.34,4.34,4.0,4.67,5.68,2.33,3.0,3.67,4.67,4.0,4.17,5.18,2.66,4.17
1244,2.0,2.0,1.0,2.0,2.0,2.0,7.0,5.0,7.0,7.0,7.0,6.0,4.0,4.0,5.0,4.0,3.0,5.0,4.0,5.0,4.0,4.0,4.0,4.0,3.0,4.0,2.0,3.0,2.0,4.0,1.67,2.0,7.0,6.01,4.0,4.35,4.0,4.33,2.33,3.67,1.84,6.5,4.18,4.16,3.0
1245,2.0,2.0,3.0,2.0,3.0,3.0,1.0,2.0,3.0,3.0,3.0,2.0,5.0,5.0,4.0,5.0,3.0,5.0,2.0,3.0,3.0,3.0,3.0,3.0,1.0,2.0,1.0,1.0,1.0,2.0,2.66,2.33,2.32,2.33,3.99,5.01,2.67,3.0,1.0,1.67,2.5,2.33,4.5,2.84,1.34
1246,2.0,3.0,3.0,3.0,3.0,4.0,4.0,4.0,5.0,4.0,4.0,4.0,2.0,3.0,3.0,3.0,2.0,3.0,6.0,7.0,5.0,6.0,5.0,6.0,2.0,4.0,4.0,5.0,4.0,4.0,2.66,3.33,4.34,4.0,2.33,3.0,5.33,6.33,3.33,4.33,3.0,4.17,2.66,5.83,3.83
1247,6.0,6.0,6.0,7.0,5.0,6.0,4.0,4.0,4.0,4.0,5.0,4.0,5.0,6.0,5.0,5.0,4.0,5.0,7.0,7.0,7.0,7.0,7.0,7.0,4.0,5.0,4.0,6.0,4.0,5.0,5.67,6.33,4.33,4.0,4.67,5.35,7.0,7.0,4.0,5.33,6.0,4.16,5.01,7.0,4.66
1248,2.0,3.0,2.0,3.0,3.0,4.0,2.0,2.0,3.0,2.0,2.0,1.0,3.0,3.0,3.0,3.0,2.0,2.0,4.0,5.0,5.0,5.0,5.0,5.0,5.0,6.0,6.0,7.0,5.0,6.0,2.33,3.33,2.33,1.66,2.65,2.66,4.67,5.0,5.33,6.33,2.83,2.0,2.66,4.84,5.83
1249,4.0,4.0,4.0,5.0,4.0,6.0,6.0,5.0,6.0,6.0,6.0,6.0,2.0,3.0,3.0,3.0,2.0,2.0,4.0,4.0,4.0,5.0,4.0,5.0,2.0,3.0,3.0,3.0,3.0,4.0,4.0,5.0,6.01,5.68,2.33,2.66,4.0,4.67,2.67,3.33,4.5,5.84,2.5,4.34,3.0
1250,1.0,1.0,2.0,1.0,1.0,2.0,5.0,5.0,5.0,5.0,6.0,5.0,3.0,3.0,2.0,2.0,2.0,2.0,4.0,4.0,4.0,3.0,4.0,4.0,2.0,2.0,2.0,3.0,1.0,2.0,1.33,1.33,5.34,5.01,2.32,2.32,4.0,3.67,1.67,2.33,1.33,5.18,2.32,3.84,2.0
1251,1.0,1.0,1.0,1.0,1.0,1.0,3.0,3.0,3.0,3.0,3.0,2.0,2.0,2.0,2.0,2.0,1.0,2.0,6.0,5.0,5.0,5.0,5.0,6.0,3.0,5.0,4.0,5.0,4.0,5.0,1.0,1.0,3.0,2.66,1.65,1.99,5.33,5.33,3.67,5.0,1.0,2.83,1.82,5.33,4.34
1252,1.0,2.0,1.0,1.0,1.0,1.0,3.0,3.0,4.0,4.0,4.0,3.0,4.0,5.0,4.0,6.0,3.0,4.0,2.0,3.0,2.0,3.0,2.0,4.0,4.0,5.0,3.0,4.0,3.0,4.0,1.0,1.34,3.66,3.33,3.66,5.0,2.0,3.33,3.33,4.33,1.17,3.5,4.33,2.66,3.83
1253,1.0,1.0,1.0,1.0,1.0,1.0,1.0,1.0,1.0,1.0,1.0,1.0,2.0,2.0,2.0,2.0,1.0,3.0,4.0,3.0,3.0,4.0,3.0,3.0,2.0,2.0,2.0,3.0,1.0,4.0,1.0,1.0,1.0,1.0,1.65,2.33,3.33,3.33,1.67,3.0,1.0,1.0,1.99,3.33,2.34
1254,1.0,1.0,1.0,1.0,1.0,1.0,2.0,1.0,3.0,1.0,2.0,2.0,3.0,3.0,3.0,4.0,2.0,3.0,3.0,4.0,4.0,4.0,4.0,4.0,2.0,3.0,2.0,3.0,2.0,3.0,1.0,1.0,2.33,1.32,2.65,3.33,3.67,4.0,2.0,3.0,1.0,1.83,2.99,3.84,2.5
1255,7.0,7.0,7.0,7.0,7.0,7.0,3.0,2.0,3.0,3.0,3.0,2.0,7.0,7.0,7.0,7.0,7.0,7.0,7.0,7.0,6.0,7.0,7.0,7.0,6.0,5.0,5.0,6.0,5.0,6.0,7.0,7.0,3.0,2.33,7.0,7.0,6.67,7.0,5.33,5.67,7.0,2.66,7.0,6.84,5.5
1256,1.0,1.0,2.0,1.0,1.0,1.0,3.0,4.0,5.0,4.0,4.0,4.0,2.0,2.0,2.0,2.0,1.0,1.0,2.0,2.0,1.0,2.0,2.0,2.0,2.0,3.0,2.0,3.0,2.0,3.0,1.33,1.0,4.0,4.0,1.65,1.65,1.67,2.0,2.0,3.0,1.16,4.0,1.65,1.84,2.5
1257,1.0,2.0,1.0,2.0,1.0,2.0,5.0,5.0,6.0,6.0,5.0,5.0,6.0,6.0,6.0,7.0,6.0,5.0,2.0,3.0,3.0,2.0,2.0,3.0,2.0,3.0,1.0,2.0,2.0,3.0,1.0,2.0,5.34,5.34,6.03,6.01,2.33,2.67,1.67,2.67,1.5,5.34,6.02,2.5,2.17
1258,4.0,4.0,4.0,5.0,5.0,5.0,1.0,1.0,1.0,1.0,1.0,1.0,4.0,4.0,3.0,3.0,4.0,4.0,1.0,1.0,1.0,1.0,1.0,1.0,3.0,3.0,3.0,3.0,2.0,4.0,4.33,4.66,1.0,1.0,3.68,3.67,1.0,1.0,2.67,3.33,4.5,1.0,3.68,1.0,3.0
1259,3.0,3.0,2.0,3.0,3.0,4.0,4.0,3.0,3.0,4.0,4.0,4.0,2.0,2.0,1.0,1.0,1.0,1.0,5.0,5.0,5.0,4.0,4.0,4.0,5.0,6.0,5.0,6.0,6.0,6.0,2.67,3.33,3.67,3.67,1.31,1.32,4.67,4.33,5.33,6.0,3.0,3.67,1.32,4.5,5.66
1260,1.0,2.0,1.0,3.0,2.0,2.0,5.0,5.0,6.0,6.0,6.0,6.0,4.0,4.0,4.0,3.0,4.0,3.0,4.0,4.0,5.0,5.0,4.0,5.0,5.0,5.0,6.0,6.0,6.0,6.0,1.33,2.33,5.67,5.68,4.01,3.33,4.33,4.67,5.67,5.67,1.83,5.68,3.67,4.5,5.67
1261,3.0,4.0,2.0,4.0,3.0,4.0,6.0,6.0,6.0,6.0,6.0,6.0,4.0,5.0,3.0,5.0,3.0,4.0,4.0,5.0,4.0,5.0,4.0,5.0,3.0,4.0,4.0,5.0,4.0,4.0,2.67,4.0,6.01,6.01,3.33,4.67,4.0,5.0,3.67,4.33,3.34,6.01,4.0,4.5,4.0
1262,2.0,3.0,3.0,3.0,2.0,3.0,1.0,1.0,1.0,1.0,1.0,1.0,5.0,6.0,7.0,7.0,4.0,5.0,3.0,4.0,4.0,3.0,3.0,3.0,2.0,3.0,2.0,3.0,2.0,2.0,2.33,3.0,1.0,1.0,5.34,6.01,3.33,3.33,2.0,2.67,2.66,1.0,5.68,3.33,2.34
1263,1.0,3.0,1.0,2.0,2.0,2.0,1.0,1.0,1.0,1.0,1.0,1.0,3.0,4.0,4.0,4.0,4.0,4.0,1.0,2.0,1.0,1.0,1.0,1.0,3.0,3.0,2.0,3.0,1.0,2.0,1.33,2.34,1.0,1.0,3.69,4.01,1.0,1.33,2.0,2.67,1.84,1.0,3.85,1.16,2.34
1264,1.0,1.0,1.0,2.0,1.0,1.0,6.0,5.0,5.0,5.0,6.0,5.0,2.0,3.0,2.0,2.0,2.0,3.0,6.0,6.0,6.0,7.0,6.0,7.0,4.0,5.0,4.0,4.0,4.0,6.0,1.0,1.33,5.67,5.01,2.0,2.67,6.0,6.67,4.0,5.0,1.16,5.34,2.34,6.34,4.5
1265,3.0,4.0,3.0,4.0,4.0,3.0,6.0,5.0,6.0,5.0,6.0,5.0,3.0,3.0,4.0,5.0,3.0,4.0,5.0,6.0,5.0,6.0,5.0,6.0,2.0,3.0,3.0,3.0,2.0,3.0,3.33,3.67,6.01,5.01,3.34,4.01,5.0,6.0,2.33,3.0,3.5,5.51,3.68,5.5,2.66
1266,4.0,5.0,4.0,4.0,4.0,4.0,1.0,1.0,2.0,1.0,2.0,1.0,7.0,7.0,6.0,7.0,5.0,6.0,3.0,5.0,3.0,4.0,3.0,4.0,2.0,2.0,2.0,3.0,2.0,3.0,4.0,4.34,1.66,1.0,6.01,6.69,3.0,4.33,2.0,2.67,4.17,1.33,6.35,3.66,2.34
1267,1.0,3.0,1.0,2.0,1.0,1.0,2.0,2.0,3.0,2.0,3.0,2.0,4.0,5.0,4.0,4.0,3.0,4.0,4.0,4.0,4.0,4.0,4.0,4.0,1.0,1.0,2.0,2.0,1.0,2.0,1.0,2.01,2.66,1.99,3.66,4.34,4.0,4.0,1.33,1.67,1.5,2.33,4.0,4.0,1.5
1268,4.0,5.0,3.0,3.0,3.0,4.0,7.0,6.0,6.0,6.0,7.0,6.0,3.0,3.0,3.0,4.0,3.0,3.0,3.0,4.0,3.0,3.0,3.0,3.0,2.0,3.0,2.0,3.0,4.0,3.0,3.34,4.0,6.68,6.01,3.0,3.33,3.0,3.33,2.66,3.0,3.67,6.34,3.16,3.16,2.83
1269,7.0,7.0,6.0,7.0,6.0,7.0,6.0,5.0,6.0,6.0,6.0,5.0,3.0,3.0,3.0,4.0,3.0,3.0,3.0,4.0,3.0,4.0,3.0,3.0,5.0,6.0,4.0,5.0,5.0,6.0,6.34,7.0,6.01,5.34,3.0,3.33,3.0,3.67,4.67,5.67,6.67,5.68,3.16,3.34,5.17
1270,4.0,5.0,3.0,4.0,3.0,5.0,5.0,5.0,4.0,5.0,4.0,4.0,5.0,6.0,5.0,6.0,4.0,5.0,5.0,5.0,4.0,5.0,6.0,6.0,4.0,5.0,4.0,6.0,4.0,6.0,3.34,4.67,4.34,4.67,4.67,5.68,5.0,5.33,4.0,5.67,4.0,4.5,5.18,5.16,4.84
1271,4.0,4.0,3.0,4.0,4.0,6.0,5.0,5.0,6.0,5.0,5.0,5.0,2.0,2.0,2.0,2.0,2.0,2.0,3.0,4.0,3.0,4.0,3.0,3.0,5.0,6.0,4.0,6.0,4.0,6.0,3.67,4.66,5.34,5.01,2.0,1.99,3.0,3.67,4.33,6.0,4.16,5.18,2.0,3.34,5.16
1272,6.0,7.0,6.0,7.0,6.0,6.0,4.0,4.0,4.0,3.0,4.0,3.0,6.0,6.0,6.0,6.0,5.0,5.0,3.0,3.0,2.0,3.0,3.0,3.0,3.0,4.0,4.0,4.0,4.0,5.0,6.0,6.67,4.0,3.33,5.68,5.68,2.67,3.0,3.67,4.33,6.34,3.66,5.68,2.84,4.0
1273,3.0,4.0,4.0,4.0,4.0,4.0,7.0,6.0,6.0,7.0,7.0,6.0,6.0,6.0,5.0,6.0,6.0,5.0,3.0,4.0,3.0,4.0,3.0,4.0,6.0,7.0,6.0,7.0,7.0,7.0,3.66,4.0,6.68,6.35,5.7,5.68,3.0,4.0,6.33,7.0,3.83,6.52,5.69,3.5,6.66
1274,5.0,5.0,5.0,7.0,6.0,6.0,1.0,1.0,1.0,1.0,1.0,1.0,1.0,1.0,1.0,1.0,1.0,1.0,3.0,4.0,2.0,3.0,3.0,3.0,4.0,5.0,3.0,4.0,4.0,5.0,5.33,6.0,1.0,1.0,1.0,1.0,2.67,3.33,3.67,4.67,5.66,1.0,1.0,3.0,4.17
1275,2.0,3.0,3.0,4.0,3.0,4.0,2.0,2.0,3.0,2.0,3.0,2.0,1.0,1.0,1.0,1.0,1.0,1.0,2.0,2.0,3.0,4.0,2.0,2.0,2.0,3.0,3.0,4.0,2.0,3.0,2.66,3.66,2.66,1.99,1.0,1.0,2.33,2.67,2.33,3.33,3.16,2.33,1.0,2.5,2.83
1276,3.0,5.0,2.0,3.0,3.0,5.0,4.0,2.0,2.0,2.0,3.0,3.0,2.0,2.0,1.0,2.0,1.0,1.0,4.0,5.0,4.0,5.0,4.0,5.0,5.0,5.0,4.0,4.0,3.0,5.0,2.67,4.33,3.0,2.33,1.31,1.65,4.0,5.0,4.0,4.67,3.5,2.66,1.48,4.5,4.34
1277,2.0,2.0,2.0,1.0,2.0,2.0,4.0,4.0,5.0,5.0,5.0,5.0,2.0,2.0,3.0,3.0,1.0,2.0,5.0,5.0,5.0,5.0,5.0,5.0,6.0,7.0,6.0,6.0,6.0,7.0,2.0,1.67,4.67,4.67,1.98,2.32,5.0,5.0,6.0,6.67,1.84,4.67,2.15,5.0,6.34
1278,1.0,2.0,1.0,1.0,1.0,1.0,1.0,1.0,2.0,2.0,2.0,1.0,2.0,2.0,2.0,2.0,2.0,3.0,1.0,1.0,1.0,1.0,1.0,1.0,1.0,1.0,1.0,1.0,1.0,1.0,1.0,1.34,1.66,1.32,2.0,2.33,1.0,1.0,1.0,1.0,1.17,1.49,2.16,1.0,1.0
1279,5.0,4.0,3.0,3.0,4.0,4.0,6.0,4.0,6.0,5.0,6.0,6.0,2.0,2.0,2.0,2.0,1.0,2.0,5.0,6.0,4.0,5.0,5.0,5.0,4.0,6.0,5.0,6.0,5.0,6.0,4.0,3.67,6.01,5.01,1.65,1.99,4.67,5.33,4.67,6.0,3.84,5.51,1.82,5.0,5.34
1280,1.0,1.0,2.0,2.0,1.0,1.0,1.0,1.0,1.0,1.0,1.0,1.0,1.0,1.0,1.0,1.0,1.0,1.0,2.0,2.0,1.0,1.0,2.0,3.0,1.0,1.0,1.0,1.0,1.0,2.0,1.33,1.33,1.0,1.0,1.0,1.0,1.67,2.0,1.0,1.33,1.33,1.0,1.0,1.84,1.16
1281,5.0,4.0,6.0,6.0,4.0,4.0,4.0,3.0,4.0,3.0,4.0,3.0,1.0,2.0,2.0,3.0,1.0,2.0,1.0,1.0,1.0,1.0,1.0,1.0,4.0,5.0,3.0,5.0,4.0,6.0,5.01,4.67,4.0,3.0,1.32,2.32,1.0,1.0,3.67,5.33,4.84,3.5,1.82,1.0,4.5
1282,3.0,4.0,3.0,3.0,4.0,4.0,3.0,2.0,3.0,2.0,2.0,1.0,5.0,6.0,6.0,7.0,4.0,5.0,5.0,6.0,5.0,6.0,6.0,6.0,5.0,7.0,6.0,6.0,6.0,7.0,3.33,3.67,2.66,1.66,5.0,6.01,5.33,6.0,5.67,6.67,3.5,2.16,5.5,5.66,6.17
1283,2.0,2.0,1.0,3.0,3.0,4.0,2.0,2.0,3.0,3.0,4.0,3.0,2.0,2.0,3.0,3.0,1.0,2.0,2.0,2.0,1.0,2.0,2.0,2.0,1.0,2.0,1.0,2.0,2.0,3.0,2.0,2.99,2.99,2.66,1.98,2.32,1.67,2.0,1.33,2.33,2.5,2.82,2.15,1.84,1.83
1284,1.0,1.0,3.0,3.0,2.0,3.0,4.0,4.0,5.0,5.0,5.0,5.0,7.0,7.0,7.0,7.0,6.0,7.0,6.0,7.0,6.0,7.0,6.0,7.0,5.0,6.0,5.0,6.0,4.0,6.0,2.0,2.33,4.67,4.67,6.69,7.0,6.0,7.0,4.67,6.0,2.16,4.67,6.85,6.5,5.34
1285,5.0,5.0,5.0,4.0,5.0,6.0,6.0,6.0,6.0,7.0,5.0,6.0,1.0,1.0,1.0,1.0,1.0,1.0,4.0,5.0,4.0,4.0,5.0,5.0,2.0,3.0,1.0,2.0,1.0,2.0,5.0,5.0,5.68,6.35,1.0,1.0,4.33,4.67,1.33,2.33,5.0,6.02,1.0,4.5,1.83
1286,1.0,1.0,1.0,1.0,1.0,1.0,6.0,5.0,6.0,5.0,6.0,5.0,1.0,1.0,1.0,1.0,1.0,1.0,5.0,5.0,4.0,6.0,4.0,6.0,1.0,2.0,1.0,2.0,2.0,3.0,1.0,1.0,6.01,5.01,1.0,1.0,4.33,5.67,1.33,2.33,1.0,5.51,1.0,5.0,1.83
1287,5.0,5.0,3.0,3.0,4.0,5.0,2.0,2.0,3.0,3.0,2.0,2.0,2.0,2.0,2.0,2.0,2.0,2.0,1.0,2.0,1.0,4.0,2.0,3.0,2.0,3.0,2.0,2.0,2.0,3.0,4.0,4.33,2.33,2.33,2.0,1.99,1.33,3.0,2.0,2.67,4.16,2.33,2.0,2.16,2.34
1288,2.0,2.0,2.0,2.0,2.0,2.0,4.0,4.0,5.0,4.0,4.0,4.0,2.0,3.0,2.0,2.0,2.0,2.0,3.0,3.0,3.0,3.0,3.0,3.0,1.0,1.0,1.0,1.0,1.0,1.0,2.0,2.0,4.34,4.0,2.0,2.32,3.0,3.0,1.0,1.0,2.0,4.17,2.16,3.0,1.0
1289,1.0,2.0,1.0,1.0,1.0,2.0,6.0,6.0,7.0,7.0,7.0,6.0,6.0,6.0,3.0,6.0,5.0,5.0,7.0,7.0,7.0,7.0,6.0,7.0,3.0,3.0,2.0,3.0,2.0,3.0,1.0,1.67,6.68,6.35,4.68,5.68,6.67,7.0,2.33,3.0,1.34,6.52,5.18,6.84,2.66
1290,3.0,2.0,3.0,3.0,3.0,4.0,2.0,2.0,3.0,3.0,4.0,2.0,1.0,1.0,1.0,1.0,1.0,1.0,4.0,5.0,5.0,6.0,6.0,5.0,1.0,1.0,1.0,1.0,1.0,1.0,3.0,2.99,2.99,2.33,1.0,1.0,5.0,5.33,1.0,1.0,3.0,2.66,1.0,5.16,1.0
1291,3.0,3.0,2.0,2.0,3.0,3.0,2.0,2.0,2.0,1.0,2.0,1.0,3.0,4.0,2.0,4.0,2.0,3.0,3.0,4.0,2.0,3.0,3.0,4.0,2.0,3.0,2.0,3.0,2.0,3.0,2.67,2.67,1.99,1.32,2.32,3.66,2.67,3.67,2.0,3.0,2.67,1.66,2.99,3.17,2.5
1292,5.0,5.0,4.0,5.0,4.0,5.0,1.0,1.0,1.0,1.0,1.0,1.0,2.0,3.0,2.0,2.0,2.0,2.0,3.0,4.0,2.0,3.0,3.0,4.0,1.0,1.0,1.0,1.0,1.0,1.0,4.34,5.0,1.0,1.0,2.0,2.32,2.67,3.67,1.0,1.0,4.67,1.0,2.16,3.17,1.0
1293,6.0,6.0,3.0,4.0,5.0,6.0,3.0,2.0,2.0,3.0,3.0,2.0,1.0,2.0,1.0,1.0,1.0,1.0,4.0,5.0,3.0,5.0,3.0,4.0,2.0,2.0,2.0,2.0,1.0,2.0,4.67,5.33,2.66,2.33,1.0,1.32,3.33,4.67,1.67,2.0,5.0,2.5,1.16,4.0,1.84
1294,2.0,2.0,2.0,3.0,2.0,3.0,7.0,6.0,7.0,6.0,7.0,6.0,5.0,5.0,5.0,5.0,4.0,5.0,6.0,6.0,6.0,6.0,5.0,6.0,5.0,6.0,6.0,7.0,6.0,6.0,2.0,2.66,7.0,6.01,4.67,5.01,5.67,6.0,5.67,6.33,2.33,6.5,4.84,5.84,6.0
1295,4.0,4.0,3.0,4.0,5.0,5.0,4.0,4.0,4.0,4.0,4.0,3.0,7.0,7.0,7.0,7.0,7.0,7.0,3.0,3.0,2.0,3.0,2.0,3.0,3.0,4.0,3.0,4.0,2.0,3.0,4.0,4.33,4.0,3.67,7.0,7.0,2.33,3.0,2.67,3.67,4.16,3.84,7.0,2.66,3.17
1296,2.0,2.0,2.0,2.0,1.0,3.0,5.0,4.0,5.0,4.0,4.0,4.0,3.0,4.0,5.0,5.0,3.0,3.0,4.0,5.0,4.0,4.0,4.0,5.0,3.0,4.0,5.0,6.0,5.0,6.0,1.67,2.33,4.67,4.0,3.67,4.0,4.0,4.67,4.33,5.33,2.0,4.34,3.84,4.34,4.83
1297,5.0,6.0,5.0,6.0,5.0,6.0,5.0,5.0,6.0,5.0,5.0,6.0,2.0,4.0,2.0,2.0,3.0,3.0,6.0,7.0,6.0,7.0,6.0,7.0,2.0,3.0,2.0,3.0,3.0,3.0,5.0,6.0,5.34,5.34,2.35,3.0,6.0,7.0,2.33,3.0,5.5,5.34,2.68,6.5,2.66
1298,7.0,7.0,7.0,7.0,7.0,7.0,6.0,6.0,6.0,5.0,6.0,6.0,6.0,7.0,6.0,6.0,5.0,6.0,7.0,7.0,7.0,7.0,7.0,7.0,2.0,3.0,3.0,4.0,3.0,3.0,7.0,7.0,6.01,5.68,5.68,6.35,7.0,7.0,2.67,3.33,7.0,5.84,6.02,7.0,3.0
1299,6.0,6.0,7.0,7.0,7.0,7.0,4.0,4.0,4.0,5.0,5.0,4.0,6.0,6.0,7.0,7.0,6.0,6.0,4.0,4.0,4.0,5.0,4.0,5.0,6.0,7.0,6.0,7.0,7.0,7.0,6.66,6.67,4.33,4.34,6.36,6.35,4.0,4.67,6.33,7.0,6.66,4.34,6.36,4.34,6.66
1300,5.0,5.0,5.0,6.0,6.0,5.0,3.0,2.0,3.0,2.0,3.0,2.0,2.0,2.0,2.0,2.0,2.0,2.0,5.0,6.0,5.0,6.0,5.0,6.0,2.0,3.0,2.0,3.0,2.0,2.0,5.33,5.33,3.0,1.99,2.0,1.99,5.0,6.0,2.0,2.67,5.33,2.5,2.0,5.5,2.34
1301,4.0,5.0,3.0,4.0,4.0,4.0,2.0,1.0,3.0,3.0,2.0,3.0,2.0,3.0,4.0,3.0,2.0,2.0,2.0,3.0,3.0,3.0,3.0,4.0,2.0,3.0,3.0,3.0,3.0,4.0,3.67,4.34,2.33,2.33,2.66,2.66,2.67,3.33,2.67,3.33,4.0,2.33,2.66,3.0,3.0
1302,5.0,5.0,4.0,5.0,4.0,4.0,4.0,4.0,5.0,5.0,5.0,4.0,3.0,4.0,3.0,4.0,2.0,3.0,4.0,5.0,6.0,6.0,5.0,6.0,3.0,3.0,1.0,3.0,2.0,2.0,4.34,4.67,4.67,4.34,2.65,3.66,5.0,5.67,2.0,2.67,4.5,4.5,3.16,5.34,2.34
1303,1.0,1.0,1.0,1.0,1.0,1.0,5.0,5.0,6.0,5.0,5.0,5.0,2.0,3.0,3.0,3.0,3.0,3.0,5.0,6.0,5.0,6.0,6.0,6.0,6.0,6.0,6.0,7.0,6.0,6.0,1.0,1.0,5.34,5.01,2.68,3.0,5.33,6.0,6.0,6.33,1.0,5.18,2.84,5.66,6.16
1304,5.0,5.0,6.0,6.0,4.0,6.0,4.0,3.0,5.0,4.0,4.0,4.0,5.0,6.0,6.0,6.0,5.0,7.0,1.0,2.0,2.0,3.0,3.0,3.0,3.0,4.0,3.0,4.0,3.0,4.0,5.01,5.66,4.34,3.67,5.35,6.36,2.0,2.67,3.0,4.0,5.34,4.0,5.86,2.34,3.5
1305,2.0,2.0,2.0,3.0,3.0,2.0,4.0,3.0,4.0,3.0,3.0,2.0,2.0,3.0,2.0,2.0,1.0,1.0,3.0,3.0,3.0,5.0,4.0,4.0,2.0,3.0,2.0,3.0,2.0,3.0,2.33,2.33,3.67,2.66,1.65,1.98,3.33,4.0,2.0,3.0,2.33,3.16,1.82,3.66,2.5
1306,2.0,3.0,2.0,3.0,2.0,3.0,3.0,2.0,3.0,2.0,4.0,3.0,1.0,3.0,2.0,2.0,2.0,2.0,3.0,4.0,3.0,3.0,4.0,4.0,2.0,3.0,2.0,2.0,2.0,3.0,2.0,3.0,3.33,2.33,1.67,2.32,3.33,3.67,2.0,2.67,2.5,2.83,2.0,3.5,2.34
1307,2.0,3.0,2.0,2.0,2.0,4.0,5.0,4.0,5.0,5.0,5.0,5.0,2.0,2.0,2.0,2.0,1.0,2.0,4.0,5.0,4.0,5.0,4.0,5.0,4.0,4.0,4.0,5.0,4.0,6.0,2.0,3.0,5.0,4.67,1.65,1.99,4.0,5.0,4.0,5.0,2.5,4.84,1.82,4.5,4.5
1308,2.0,3.0,3.0,4.0,3.0,4.0,3.0,2.0,4.0,4.0,4.0,3.0,1.0,1.0,1.0,1.0,1.0,1.0,4.0,5.0,4.0,4.0,3.0,4.0,2.0,3.0,3.0,4.0,3.0,4.0,2.66,3.66,3.66,3.0,1.0,1.0,3.67,4.33,2.67,3.67,3.16,3.33,1.0,4.0,3.17
1309,1.0,3.0,3.0,3.0,2.0,3.0,2.0,2.0,2.0,2.0,2.0,1.0,2.0,3.0,2.0,3.0,1.0,2.0,1.0,1.0,1.0,1.0,1.0,2.0,3.0,3.0,3.0,4.0,4.0,4.0,2.0,3.0,1.99,1.66,1.65,2.66,1.0,1.33,3.33,3.67,2.5,1.82,2.16,1.16,3.5
1310,1.0,1.0,1.0,1.0,1.0,1.0,2.0,2.0,3.0,3.0,3.0,3.0,4.0,4.0,3.0,4.0,2.0,2.0,2.0,3.0,2.0,3.0,3.0,3.0,2.0,4.0,3.0,3.0,2.0,3.0,1.0,1.0,2.66,2.66,2.98,3.32,2.33,3.0,2.33,3.33,1.0,2.66,3.15,2.66,2.83
1311,1.0,1.0,1.0,1.0,2.0,2.0,4.0,3.0,5.0,4.0,5.0,4.0,4.0,4.0,3.0,4.0,4.0,4.0,7.0,7.0,7.0,7.0,6.0,7.0,3.0,2.0,2.0,3.0,1.0,2.0,1.33,1.33,4.67,3.67,3.68,4.01,6.67,7.0,2.0,2.33,1.33,4.17,3.84,6.84,2.16
1312,2.0,2.0,3.0,4.0,2.0,2.0,6.0,6.0,7.0,6.0,6.0,6.0,3.0,3.0,3.0,4.0,2.0,3.0,5.0,6.0,5.0,5.0,5.0,6.0,6.0,7.0,6.0,7.0,5.0,7.0,2.33,2.67,6.34,6.01,2.65,3.33,5.0,5.67,5.67,7.0,2.5,6.18,2.99,5.34,6.34
1313,1.0,1.0,1.0,1.0,1.0,1.0,6.0,6.0,6.0,5.0,5.0,5.0,5.0,5.0,5.0,6.0,5.0,6.0,2.0,2.0,1.0,2.0,2.0,2.0,5.0,6.0,5.0,6.0,5.0,6.0,1.0,1.0,5.68,5.34,5.02,5.69,1.67,2.0,5.0,6.0,1.0,5.51,5.36,1.84,5.5
1314,3.0,4.0,4.0,5.0,6.0,5.0,7.0,7.0,7.0,7.0,7.0,7.0,6.0,6.0,6.0,7.0,6.0,6.0,4.0,4.0,3.0,4.0,4.0,4.0,5.0,6.0,4.0,5.0,4.0,5.0,4.32,4.66,7.0,7.0,6.03,6.35,3.67,4.0,4.33,5.33,4.49,7.0,6.19,3.84,4.83
1315,6.0,7.0,6.0,6.0,7.0,6.0,3.0,2.0,4.0,3.0,4.0,3.0,1.0,2.0,1.0,1.0,1.0,1.0,7.0,6.0,6.0,7.0,6.0,7.0,5.0,5.0,4.0,5.0,5.0,6.0,6.33,6.34,3.66,2.66,1.0,1.32,6.33,6.67,4.67,5.33,6.34,3.16,1.16,6.5,5.0
1316,2.0,2.0,2.0,2.0,2.0,2.0,5.0,5.0,6.0,6.0,5.0,5.0,2.0,2.0,2.0,3.0,1.0,2.0,4.0,5.0,4.0,4.0,4.0,4.0,5.0,6.0,4.0,5.0,5.0,5.0,2.0,2.0,5.34,5.34,1.65,2.32,4.0,4.33,4.67,5.33,2.0,5.34,1.98,4.16,5.0
1317,3.0,3.0,2.0,3.0,2.0,3.0,3.0,3.0,4.0,3.0,3.0,3.0,2.0,3.0,3.0,4.0,2.0,2.0,6.0,6.0,6.0,6.0,6.0,6.0,6.0,7.0,6.0,7.0,6.0,7.0,2.34,3.0,3.33,3.0,2.33,2.99,6.0,6.0,6.0,7.0,2.67,3.16,2.66,6.0,6.5
1318,5.0,6.0,5.0,5.0,6.0,6.0,5.0,5.0,5.0,5.0,5.0,4.0,3.0,4.0,3.0,3.0,2.0,2.0,5.0,6.0,4.0,4.0,5.0,6.0,2.0,3.0,1.0,2.0,2.0,4.0,5.33,5.67,5.0,4.67,2.65,2.99,4.67,5.33,1.67,3.0,5.5,4.84,2.82,5.0,2.34
1319,5.0,5.0,6.0,6.0,6.0,6.0,3.0,2.0,3.0,2.0,3.0,3.0,5.0,4.0,5.0,6.0,4.0,5.0,4.0,4.0,4.0,4.0,4.0,4.0,3.0,3.0,3.0,3.0,3.0,4.0,5.66,5.66,3.0,2.33,4.67,5.01,4.0,4.0,3.0,3.33,5.66,2.66,4.84,4.0,3.16
1320,5.0,5.0,4.0,5.0,5.0,6.0,2.0,3.0,3.0,2.0,3.0,2.0,4.0,4.0,4.0,4.0,3.0,3.0,1.0,3.0,2.0,2.0,2.0,2.0,4.0,5.0,5.0,5.0,4.0,5.0,4.67,5.33,2.66,2.33,3.66,3.66,1.67,2.33,4.33,5.0,5.0,2.5,3.66,2.0,4.66
1321,2.0,4.0,3.0,4.0,4.0,5.0,1.0,1.0,1.0,1.0,1.0,1.0,2.0,2.0,2.0,2.0,2.0,2.0,1.0,1.0,1.0,2.0,1.0,1.0,2.0,3.0,2.0,3.0,1.0,2.0,2.99,4.33,1.0,1.0,2.0,1.99,1.0,1.33,1.67,2.67,3.66,1.0,2.0,1.16,2.17
1322,2.0,1.0,1.0,2.0,2.0,1.0,1.0,1.0,1.0,1.0,2.0,2.0,2.0,3.0,3.0,3.0,2.0,4.0,1.0,1.0,1.0,1.0,1.0,1.0,3.0,4.0,2.0,3.0,2.0,2.0,1.67,1.33,1.32,1.32,2.33,3.34,1.0,1.0,2.33,3.0,1.5,1.32,2.84,1.0,2.66
1323,3.0,3.0,2.0,4.0,3.0,3.0,1.0,1.0,3.0,3.0,3.0,2.0,2.0,2.0,2.0,2.0,2.0,2.0,4.0,5.0,4.0,5.0,4.0,5.0,3.0,4.0,4.0,5.0,3.0,4.0,2.67,3.33,2.32,1.99,2.0,1.99,4.0,5.0,3.33,4.33,3.0,2.15,2.0,4.5,3.83
1324,1.0,1.0,1.0,1.0,1.0,2.0,3.0,2.0,3.0,2.0,2.0,3.0,5.0,6.0,5.0,6.0,6.0,6.0,5.0,5.0,4.0,5.0,5.0,5.0,2.0,2.0,2.0,2.0,2.0,2.0,1.0,1.33,2.66,2.33,5.37,6.02,4.67,5.0,2.0,2.0,1.16,2.5,5.7,4.84,2.0
1325,2.0,2.0,1.0,3.0,3.0,3.0,6.0,6.0,6.0,6.0,6.0,6.0,3.0,3.0,2.0,3.0,2.0,2.0,5.0,5.0,6.0,6.0,5.0,5.0,3.0,4.0,3.0,4.0,4.0,4.0,2.0,2.66,6.01,6.01,2.32,2.66,5.33,5.33,3.33,4.0,2.33,6.01,2.49,5.33,3.66
1326,1.0,1.0,1.0,2.0,1.0,1.0,5.0,5.0,6.0,5.0,6.0,6.0,5.0,6.0,5.0,6.0,5.0,5.0,3.0,5.0,4.0,5.0,5.0,6.0,3.0,4.0,3.0,5.0,4.0,5.0,1.0,1.33,5.67,5.34,5.02,5.68,4.0,5.33,3.33,4.67,1.16,5.5,5.35,4.66,4.0
1327,2.0,3.0,2.0,1.0,2.0,2.0,5.0,4.0,5.0,5.0,4.0,5.0,6.0,6.0,6.0,6.0,4.0,5.0,1.0,2.0,2.0,3.0,1.0,2.0,4.0,5.0,4.0,5.0,5.0,6.0,2.0,2.0,4.67,4.67,5.33,5.68,1.33,2.33,4.33,5.33,2.0,4.67,5.5,1.83,4.83
1328,1.0,1.0,2.0,1.0,1.0,1.0,2.0,2.0,2.0,3.0,3.0,3.0,2.0,2.0,2.0,2.0,2.0,1.0,4.0,6.0,4.0,5.0,4.0,4.0,2.0,2.0,1.0,2.0,3.0,2.0,1.33,1.0,2.32,2.66,2.0,1.65,4.0,5.0,2.0,2.0,1.16,2.49,1.82,4.5,2.0
1329,3.0,3.0,2.0,3.0,3.0,4.0,4.0,5.0,5.0,5.0,4.0,4.0,3.0,4.0,3.0,4.0,3.0,3.0,6.0,6.0,7.0,7.0,6.0,7.0,2.0,3.0,1.0,2.0,1.0,2.0,2.67,3.33,4.34,4.67,3.0,3.66,6.33,6.67,1.33,2.33,3.0,4.5,3.33,6.5,1.83
1330,5.0,4.0,3.0,3.0,4.0,4.0,2.0,3.0,3.0,2.0,2.0,2.0,2.0,3.0,3.0,3.0,3.0,3.0,1.0,2.0,1.0,2.0,2.0,2.0,2.0,2.0,1.0,2.0,2.0,3.0,4.0,3.67,2.33,2.33,2.68,3.0,1.33,2.0,1.67,2.33,3.84,2.33,2.84,1.66,2.0
1331,1.0,1.0,1.0,1.0,1.0,1.0,1.0,1.0,1.0,1.0,1.0,1.0,2.0,3.0,1.0,1.0,1.0,1.0,2.0,3.0,2.0,1.0,2.0,2.0,1.0,2.0,1.0,2.0,1.0,1.0,1.0,1.0,1.0,1.0,1.31,1.65,2.0,2.0,1.0,1.67,1.0,1.0,1.48,2.0,1.34
1332,2.0,4.0,2.0,2.0,2.0,4.0,2.0,1.0,2.0,1.0,2.0,2.0,3.0,4.0,1.0,3.0,2.0,2.0,4.0,6.0,5.0,6.0,5.0,5.0,2.0,3.0,3.0,3.0,2.0,3.0,2.0,3.33,1.99,1.32,1.99,2.99,4.67,5.67,2.33,3.0,2.66,1.66,2.49,5.17,2.66
1333,2.0,2.0,1.0,2.0,2.0,2.0,5.0,5.0,5.0,4.0,6.0,5.0,5.0,5.0,5.0,6.0,4.0,4.0,4.0,5.0,4.0,5.0,4.0,5.0,4.0,5.0,4.0,5.0,3.0,5.0,1.67,2.0,5.34,4.67,4.67,5.0,4.0,5.0,3.67,5.0,1.84,5.0,4.84,4.5,4.34
1334,1.0,1.0,1.0,1.0,1.0,1.0,4.0,4.0,4.0,3.0,5.0,4.0,5.0,5.0,5.0,6.0,3.0,5.0,3.0,4.0,4.0,5.0,4.0,4.0,5.0,6.0,5.0,6.0,5.0,5.0,1.0,1.0,4.33,3.67,4.32,5.35,3.67,4.33,5.0,5.67,1.0,4.0,4.84,4.0,5.34
1335,2.0,3.0,2.0,3.0,2.0,3.0,4.0,4.0,4.0,3.0,4.0,4.0,4.0,6.0,4.0,4.0,4.0,4.0,4.0,5.0,4.0,6.0,5.0,5.0,5.0,6.0,5.0,5.0,5.0,6.0,2.0,3.0,4.0,3.67,4.01,4.67,4.33,5.33,5.0,5.67,2.5,3.84,4.34,4.83,5.34
1336,3.0,4.0,4.0,4.0,3.0,4.0,4.0,3.0,5.0,4.0,4.0,4.0,2.0,3.0,2.0,3.0,2.0,3.0,1.0,1.0,1.0,1.0,1.0,2.0,3.0,4.0,3.0,4.0,3.0,4.0,3.33,4.0,4.34,3.67,2.0,3.0,1.0,1.33,3.0,4.0,3.66,4.0,2.5,1.16,3.5
1337,1.0,1.0,1.0,2.0,2.0,2.0,1.0,2.0,1.0,2.0,1.0,1.0,1.0,2.0,2.0,2.0,1.0,2.0,1.0,3.0,3.0,3.0,2.0,2.0,4.0,5.0,4.0,5.0,5.0,5.0,1.33,1.66,1.0,1.66,1.32,1.99,2.0,2.67,4.33,5.0,1.5,1.33,1.66,2.34,4.66
1338,2.0,3.0,3.0,2.0,2.0,3.0,3.0,3.0,5.0,4.0,4.0,3.0,2.0,3.0,2.0,2.0,1.0,2.0,5.0,5.0,5.0,5.0,5.0,5.0,2.0,3.0,2.0,3.0,2.0,3.0,2.33,2.67,4.0,3.33,1.65,2.32,5.0,5.0,2.0,3.0,2.5,3.66,1.98,5.0,2.5
1339,1.0,2.0,2.0,2.0,1.0,2.0,2.0,3.0,3.0,2.0,4.0,2.0,4.0,5.0,5.0,5.0,4.0,4.0,7.0,6.0,6.0,6.0,7.0,7.0,4.0,4.0,3.0,4.0,3.0,4.0,1.33,2.0,2.99,2.33,4.35,4.67,6.67,6.33,3.33,4.0,1.66,2.66,4.51,6.5,3.66
1340,2.0,3.0,2.0,2.0,1.0,3.0,2.0,2.0,3.0,3.0,3.0,2.0,3.0,4.0,2.0,3.0,3.0,3.0,3.0,5.0,4.0,4.0,5.0,4.0,4.0,4.0,3.0,5.0,5.0,5.0,1.67,2.67,2.66,2.33,2.67,3.33,4.0,4.33,4.0,4.67,2.17,2.5,3.0,4.16,4.34
1341,6.0,7.0,7.0,7.0,7.0,7.0,4.0,4.0,4.0,3.0,4.0,4.0,2.0,3.0,3.0,3.0,3.0,3.0,3.0,4.0,3.0,4.0,3.0,3.0,3.0,3.0,3.0,3.0,3.0,3.0,6.66,7.0,4.0,3.67,2.68,3.0,3.0,3.67,3.0,3.0,6.83,3.84,2.84,3.34,3.0
1342,1.0,1.0,1.0,1.0,1.0,1.0,3.0,2.0,3.0,2.0,3.0,1.0,3.0,3.0,2.0,4.0,2.0,3.0,3.0,4.0,3.0,3.0,3.0,3.0,2.0,3.0,2.0,3.0,2.0,2.0,1.0,1.0,3.0,1.66,2.32,3.33,3.0,3.33,2.0,2.67,1.0,2.33,2.82,3.16,2.34
1343,6.0,7.0,3.0,7.0,6.0,7.0,5.0,5.0,6.0,5.0,6.0,6.0,4.0,4.0,3.0,3.0,2.0,2.0,7.0,7.0,7.0,7.0,7.0,7.0,4.0,5.0,4.0,5.0,4.0,5.0,5.0,7.0,5.67,5.34,2.98,2.99,7.0,7.0,4.0,5.0,6.0,5.5,2.99,7.0,4.5
1344,7.0,7.0,6.0,6.0,7.0,7.0,1.0,1.0,1.0,1.0,1.0,2.0,3.0,4.0,3.0,3.0,4.0,4.0,4.0,5.0,4.0,6.0,4.0,4.0,2.0,3.0,3.0,4.0,2.0,3.0,6.67,6.67,1.0,1.32,3.35,3.67,4.0,5.0,2.33,3.33,6.67,1.16,3.51,4.5,2.83
1345,4.0,4.0,4.0,4.0,6.0,5.0,5.0,6.0,6.0,5.0,6.0,5.0,6.0,6.0,6.0,6.0,6.0,7.0,5.0,5.0,5.0,6.0,5.0,6.0,5.0,6.0,4.0,6.0,5.0,7.0,4.66,4.33,5.67,5.34,6.03,6.36,5.0,5.67,4.67,6.33,4.5,5.5,6.2,5.34,5.5
1346,1.0,1.0,1.0,1.0,1.0,1.0,4.0,3.0,4.0,3.0,4.0,4.0,4.0,4.0,3.0,3.0,3.0,3.0,2.0,3.0,2.0,3.0,3.0,3.0,1.0,1.0,1.0,1.0,1.0,1.0,1.0,1.0,4.0,3.33,3.33,3.33,2.33,3.0,1.0,1.0,1.0,3.66,3.33,2.66,1.0
1347,2.0,2.0,1.0,2.0,2.0,2.0,3.0,4.0,5.0,5.0,5.0,4.0,5.0,5.0,4.0,5.0,5.0,4.0,5.0,5.0,5.0,6.0,5.0,5.0,2.0,2.0,2.0,3.0,2.0,2.0,1.67,2.0,4.33,4.34,4.69,4.67,5.0,5.33,2.0,2.33,1.84,4.34,4.68,5.16,2.16
1348,4.0,4.0,2.0,2.0,2.0,3.0,3.0,3.0,3.0,3.0,2.0,3.0,2.0,3.0,2.0,2.0,2.0,2.0,2.0,3.0,2.0,4.0,2.0,3.0,2.0,3.0,1.0,2.0,1.0,2.0,2.68,3.0,2.66,3.0,2.0,2.32,2.0,3.33,1.33,2.33,2.84,2.83,2.16,2.66,1.83
1349,1.0,1.0,1.0,1.0,1.0,2.0,4.0,4.0,4.0,3.0,4.0,4.0,5.0,5.0,5.0,5.0,4.0,5.0,3.0,5.0,5.0,5.0,4.0,4.0,1.0,2.0,2.0,2.0,1.0,2.0,1.0,1.33,4.0,3.67,4.67,5.01,4.0,4.67,1.33,2.0,1.16,3.84,4.84,4.34,1.66
1350,2.0,3.0,3.0,4.0,3.0,3.0,7.0,6.0,7.0,7.0,7.0,6.0,2.0,2.0,1.0,2.0,1.0,1.0,7.0,7.0,6.0,6.0,6.0,7.0,3.0,4.0,2.0,3.0,3.0,4.0,2.66,3.33,7.0,6.35,1.31,1.65,6.33,6.67,2.67,3.67,3.0,6.68,1.48,6.5,3.17
1351,2.0,2.0,2.0,2.0,2.0,2.0,5.0,5.0,5.0,5.0,6.0,5.0,3.0,4.0,3.0,4.0,3.0,3.0,1.0,2.0,1.0,1.0,1.0,2.0,6.0,6.0,5.0,5.0,4.0,5.0,2.0,2.0,5.34,5.01,3.0,3.66,1.0,1.67,5.0,5.33,2.0,5.18,3.33,1.34,5.16
1352,2.0,3.0,2.0,3.0,2.0,2.0,4.0,3.0,5.0,4.0,4.0,4.0,3.0,4.0,4.0,5.0,3.0,4.0,3.0,3.0,2.0,3.0,3.0,3.0,5.0,6.0,6.0,7.0,5.0,5.0,2.0,2.67,4.34,3.67,3.34,4.34,2.67,3.0,5.33,6.0,2.34,4.0,3.84,2.84,5.66
1353,2.0,3.0,4.0,5.0,3.0,4.0,3.0,3.0,3.0,3.0,4.0,3.0,5.0,6.0,5.0,5.0,5.0,6.0,4.0,5.0,3.0,4.0,3.0,4.0,2.0,2.0,1.0,2.0,1.0,2.0,3.0,4.0,3.33,3.0,5.02,5.69,3.33,4.33,1.33,2.0,3.5,3.16,5.36,3.83,1.66
1354,1.0,1.0,1.0,1.0,1.0,1.0,2.0,1.0,2.0,1.0,1.0,2.0,2.0,3.0,2.0,3.0,1.0,2.0,2.0,2.0,2.0,3.0,1.0,2.0,2.0,2.0,2.0,3.0,3.0,3.0,1.0,1.0,1.66,1.32,1.65,2.66,1.67,2.33,2.33,2.67,1.0,1.49,2.16,2.0,2.5
1355,5.0,5.0,4.0,5.0,5.0,6.0,3.0,2.0,3.0,3.0,2.0,2.0,3.0,5.0,4.0,4.0,4.0,4.0,3.0,4.0,3.0,3.0,4.0,4.0,3.0,5.0,4.0,5.0,4.0,5.0,4.67,5.33,2.66,2.33,3.69,4.34,3.33,3.67,3.67,5.0,5.0,2.5,4.01,3.5,4.34
1356,2.0,2.0,3.0,2.0,3.0,3.0,3.0,3.0,4.0,4.0,5.0,5.0,4.0,4.0,3.0,4.0,2.0,3.0,6.0,6.0,6.0,6.0,6.0,6.0,2.0,3.0,2.0,3.0,2.0,3.0,2.66,2.33,4.0,4.0,2.98,3.66,6.0,6.0,2.0,3.0,2.5,4.0,3.32,6.0,2.5
1357,2.0,3.0,2.0,2.0,3.0,3.0,3.0,3.0,4.0,4.0,4.0,4.0,4.0,4.0,4.0,4.0,3.0,3.0,6.0,5.0,5.0,6.0,5.0,6.0,5.0,6.0,5.0,6.0,5.0,6.0,2.33,2.67,3.66,3.67,3.66,3.66,5.33,5.67,5.0,6.0,2.5,3.66,3.66,5.5,5.5
1358,1.0,1.0,1.0,1.0,1.0,1.0,5.0,4.0,5.0,5.0,6.0,5.0,4.0,3.0,4.0,4.0,2.0,3.0,3.0,4.0,4.0,5.0,3.0,4.0,2.0,4.0,3.0,4.0,3.0,3.0,1.0,1.0,5.34,4.67,3.31,3.33,3.33,4.33,2.67,3.67,1.0,5.0,3.32,3.83,3.17
1359,6.0,5.0,6.0,6.0,6.0,7.0,2.0,3.0,3.0,3.0,4.0,3.0,2.0,2.0,2.0,2.0,2.0,2.0,3.0,3.0,3.0,4.0,3.0,4.0,3.0,4.0,4.0,5.0,4.0,5.0,6.0,6.0,2.99,3.0,2.0,1.99,3.0,3.67,3.67,4.67,6.0,3.0,2.0,3.34,4.17
1360,3.0,5.0,3.0,5.0,4.0,4.0,3.0,3.0,4.0,3.0,4.0,3.0,4.0,6.0,5.0,5.0,4.0,4.0,4.0,5.0,6.0,6.0,5.0,6.0,2.0,2.0,3.0,3.0,3.0,4.0,3.33,4.67,3.66,3.0,4.35,5.0,5.0,5.67,2.67,3.0,4.0,3.33,4.68,5.34,2.84
1361,1.0,1.0,1.0,1.0,1.0,1.0,3.0,2.0,4.0,4.0,2.0,3.0,2.0,4.0,4.0,4.0,2.0,3.0,4.0,5.0,3.0,4.0,5.0,5.0,3.0,5.0,4.0,5.0,4.0,4.0,1.0,1.0,3.0,3.0,2.66,3.66,4.0,4.67,3.67,4.67,1.0,3.0,3.16,4.34,4.17
1362,1.0,1.0,1.0,1.0,1.0,1.0,6.0,5.0,7.0,7.0,5.0,5.0,3.0,4.0,3.0,2.0,2.0,2.0,2.0,3.0,1.0,2.0,2.0,2.0,4.0,4.0,3.0,5.0,4.0,5.0,1.0,1.0,6.01,5.68,2.65,2.66,1.67,2.33,3.67,4.67,1.0,5.84,2.66,2.0,4.17
1363,1.0,1.0,1.0,1.0,1.0,1.0,3.0,3.0,3.0,3.0,4.0,3.0,5.0,5.0,5.0,6.0,5.0,5.0,1.0,1.0,2.0,2.0,2.0,2.0,4.0,5.0,4.0,5.0,5.0,5.0,1.0,1.0,3.33,3.0,5.02,5.35,1.67,1.67,4.33,5.0,1.0,3.16,5.18,1.67,4.66
1364,3.0,3.0,3.0,4.0,3.0,3.0,6.0,5.0,6.0,6.0,6.0,6.0,6.0,6.0,6.0,6.0,6.0,5.0,5.0,5.0,4.0,5.0,4.0,6.0,3.0,4.0,3.0,4.0,3.0,5.0,3.0,3.33,6.01,5.68,6.03,5.68,4.33,5.33,3.0,4.33,3.16,5.84,5.86,4.83,3.66
1365,4.0,3.0,4.0,3.0,3.0,4.0,4.0,4.0,3.0,4.0,3.0,3.0,3.0,4.0,3.0,3.0,4.0,3.0,4.0,5.0,4.0,5.0,5.0,5.0,5.0,6.0,5.0,6.0,5.0,5.0,3.67,3.33,3.33,3.67,3.35,3.33,4.33,5.0,5.0,5.67,3.5,3.5,3.34,4.66,5.34
1366,2.0,2.0,2.0,3.0,2.0,2.0,7.0,6.0,7.0,7.0,7.0,7.0,5.0,6.0,4.0,5.0,5.0,5.0,5.0,6.0,6.0,6.0,6.0,6.0,2.0,4.0,3.0,3.0,3.0,4.0,2.0,2.33,7.0,6.68,4.69,5.35,5.67,6.0,2.67,3.67,2.16,6.84,5.02,5.84,3.17
1367,2.0,3.0,3.0,3.0,2.0,4.0,2.0,2.0,2.0,2.0,3.0,2.0,4.0,4.0,4.0,4.0,4.0,4.0,4.0,4.0,4.0,4.0,4.0,5.0,5.0,5.0,5.0,6.0,4.0,6.0,2.33,3.33,2.32,1.99,4.01,4.01,4.0,4.33,4.67,5.67,2.83,2.15,4.01,4.16,5.17
1368,3.0,4.0,3.0,4.0,4.0,4.0,7.0,6.0,7.0,7.0,7.0,7.0,7.0,7.0,6.0,7.0,6.0,6.0,7.0,7.0,7.0,7.0,7.0,7.0,4.0,5.0,5.0,5.0,4.0,6.0,3.33,4.0,7.0,6.68,6.36,6.69,7.0,7.0,4.33,5.33,3.66,6.84,6.52,7.0,4.83
1369,2.0,3.0,2.0,3.0,3.0,3.0,5.0,4.0,4.0,4.0,5.0,4.0,2.0,3.0,2.0,2.0,2.0,2.0,3.0,5.0,4.0,4.0,5.0,5.0,5.0,5.0,4.0,5.0,4.0,5.0,2.33,3.0,4.67,4.0,2.0,2.32,4.0,4.67,4.33,5.0,2.66,4.34,2.16,4.34,4.66
1370,5.0,5.0,5.0,7.0,6.0,6.0,5.0,4.0,5.0,4.0,5.0,4.0,6.0,6.0,5.0,5.0,4.0,4.0,4.0,5.0,4.0,4.0,5.0,4.0,2.0,4.0,2.0,3.0,4.0,4.0,5.33,6.0,5.0,4.0,5.0,5.0,4.33,4.33,2.66,3.67,5.66,4.5,5.0,4.33,3.16
1371,1.0,1.0,1.0,1.0,1.0,1.0,1.0,1.0,2.0,1.0,1.0,1.0,1.0,3.0,2.0,2.0,1.0,1.0,1.0,1.0,1.0,1.0,1.0,1.0,4.0,6.0,5.0,7.0,5.0,6.0,1.0,1.0,1.32,1.0,1.32,1.98,1.0,1.0,4.67,6.33,1.0,1.16,1.65,1.0,5.5
1372,1.0,1.0,1.0,2.0,1.0,2.0,4.0,4.0,4.0,3.0,4.0,4.0,3.0,4.0,3.0,3.0,3.0,3.0,4.0,4.0,4.0,4.0,4.0,4.0,2.0,2.0,1.0,2.0,1.0,3.0,1.0,1.66,4.0,3.67,3.0,3.33,4.0,4.0,1.33,2.33,1.33,3.84,3.16,4.0,1.83
1373,1.0,2.0,1.0,2.0,1.0,1.0,3.0,2.0,4.0,3.0,4.0,3.0,1.0,2.0,1.0,2.0,1.0,1.0,4.0,4.0,3.0,4.0,3.0,4.0,3.0,3.0,3.0,4.0,3.0,5.0,1.0,1.67,3.66,2.66,1.0,1.65,3.33,4.0,3.0,4.0,1.34,3.16,1.32,3.66,3.5
1374,5.0,5.0,6.0,6.0,3.0,4.0,3.0,3.0,3.0,2.0,4.0,3.0,3.0,4.0,3.0,3.0,3.0,3.0,3.0,4.0,3.0,4.0,3.0,3.0,1.0,2.0,1.0,2.0,1.0,2.0,4.68,5.0,3.33,2.66,3.0,3.33,3.0,3.67,1.0,2.0,4.84,3.0,3.16,3.34,1.5
1375,5.0,6.0,5.0,6.0,5.0,7.0,5.0,5.0,6.0,5.0,5.0,5.0,7.0,6.0,6.0,7.0,6.0,7.0,3.0,4.0,3.0,4.0,3.0,5.0,4.0,5.0,4.0,5.0,4.0,5.0,5.0,6.33,5.34,5.01,6.36,6.7,3.0,4.33,4.0,5.0,5.66,5.18,6.53,3.66,4.5
1376,1.0,2.0,1.0,2.0,1.0,1.0,4.0,4.0,5.0,5.0,5.0,4.0,1.0,2.0,1.0,3.0,1.0,1.0,5.0,5.0,4.0,5.0,5.0,6.0,3.0,4.0,3.0,4.0,2.0,3.0,1.0,1.67,4.67,4.34,1.0,1.98,4.67,5.33,2.67,3.67,1.34,4.5,1.49,5.0,3.17
1377,2.0,4.0,2.0,3.0,2.0,2.0,2.0,2.0,3.0,2.0,2.0,2.0,2.0,3.0,2.0,3.0,2.0,3.0,4.0,5.0,3.0,4.0,3.0,4.0,2.0,4.0,2.0,3.0,1.0,3.0,2.0,3.01,2.33,1.99,2.0,3.0,3.33,4.33,1.67,3.33,2.5,2.16,2.5,3.83,2.5
1378,1.0,1.0,1.0,1.0,1.0,1.0,2.0,2.0,3.0,2.0,2.0,3.0,3.0,3.0,2.0,3.0,3.0,2.0,2.0,3.0,2.0,3.0,2.0,2.0,1.0,1.0,1.0,1.0,1.0,1.0,1.0,1.0,2.33,2.33,2.67,2.66,2.0,2.67,1.0,1.0,1.0,2.33,2.66,2.34,1.0
1379,1.0,1.0,1.0,2.0,1.0,1.0,4.0,3.0,3.0,3.0,4.0,4.0,6.0,6.0,5.0,7.0,5.0,5.0,5.0,6.0,5.0,6.0,5.0,6.0,6.0,6.0,5.0,7.0,6.0,4.0,1.0,1.33,3.67,3.33,5.35,6.01,5.0,6.0,5.67,5.67,1.16,3.5,5.68,5.5,5.67
1380,3.0,4.0,2.0,2.0,3.0,4.0,2.0,2.0,1.0,2.0,2.0,2.0,2.0,2.0,3.0,3.0,2.0,2.0,1.0,2.0,1.0,1.0,1.0,1.0,5.0,5.0,3.0,5.0,4.0,5.0,2.67,3.33,1.66,1.99,2.33,2.32,1.0,1.33,4.0,5.0,3.0,1.82,2.33,1.16,4.5
1381,1.0,1.0,1.0,1.0,1.0,1.0,1.0,1.0,1.0,1.0,1.0,1.0,3.0,4.0,2.0,3.0,1.0,2.0,1.0,1.0,1.0,1.0,1.0,1.0,2.0,2.0,2.0,3.0,1.0,2.0,1.0,1.0,1.0,1.0,1.97,2.99,1.0,1.0,1.67,2.33,1.0,1.0,2.48,1.0,2.0
1382,2.0,2.0,2.0,2.0,2.0,3.0,5.0,3.0,4.0,4.0,4.0,4.0,1.0,1.0,1.0,1.0,1.0,1.0,2.0,3.0,2.0,3.0,2.0,3.0,6.0,7.0,6.0,6.0,7.0,7.0,2.0,2.33,4.34,3.67,1.0,1.0,2.0,3.0,6.33,6.67,2.16,4.0,1.0,2.5,6.5
1383,3.0,4.0,3.0,3.0,3.0,3.0,7.0,7.0,7.0,7.0,7.0,7.0,5.0,5.0,6.0,5.0,4.0,5.0,6.0,6.0,6.0,7.0,6.0,7.0,6.0,6.0,6.0,7.0,7.0,7.0,3.0,3.34,7.0,7.0,5.0,5.01,6.0,6.67,6.33,6.67,3.17,7.0,5.0,6.34,6.5
1384,3.0,1.0,1.0,1.0,1.0,1.0,2.0,2.0,3.0,3.0,3.0,2.0,1.0,1.0,1.0,1.0,1.0,1.0,4.0,4.0,3.0,4.0,3.0,3.0,2.0,3.0,2.0,4.0,3.0,3.0,1.67,1.0,2.66,2.33,1.0,1.0,3.33,3.67,2.33,3.33,1.34,2.5,1.0,3.5,2.83
1385,2.0,3.0,2.0,2.0,3.0,4.0,6.0,6.0,6.0,6.0,5.0,5.0,2.0,2.0,2.0,3.0,2.0,2.0,6.0,5.0,5.0,5.0,5.0,6.0,2.0,2.0,2.0,3.0,2.0,3.0,2.33,3.0,5.68,5.68,2.0,2.32,5.33,5.33,2.0,2.67,2.66,5.68,2.16,5.33,2.34
1386,3.0,3.0,2.0,2.0,2.0,2.0,5.0,5.0,5.0,5.0,6.0,5.0,6.0,7.0,6.0,4.0,6.0,6.0,5.0,5.0,5.0,5.0,6.0,6.0,5.0,5.0,5.0,6.0,4.0,5.0,2.34,2.34,5.34,5.01,6.03,5.69,5.33,5.33,4.67,5.33,2.34,5.18,5.86,5.33,5.0
1387,3.0,4.0,3.0,4.0,4.0,4.0,5.0,4.0,5.0,5.0,5.0,4.0,1.0,2.0,2.0,3.0,1.0,1.0,4.0,5.0,4.0,4.0,4.0,4.0,3.0,5.0,4.0,5.0,3.0,4.0,3.33,4.0,5.0,4.34,1.32,1.98,4.0,4.33,3.33,4.67,3.66,4.67,1.65,4.16,4.0
1388,2.0,2.0,2.0,3.0,1.0,2.0,6.0,4.0,6.0,5.0,6.0,5.0,5.0,6.0,6.0,6.0,5.0,5.0,6.0,7.0,5.0,7.0,6.0,7.0,4.0,5.0,5.0,5.0,4.0,5.0,1.67,2.33,6.01,4.67,5.35,5.68,5.67,7.0,4.33,5.0,2.0,5.34,5.52,6.34,4.66
1389,2.0,3.0,3.0,4.0,3.0,3.0,3.0,3.0,3.0,3.0,4.0,2.0,2.0,2.0,2.0,1.0,1.0,1.0,5.0,6.0,5.0,5.0,6.0,6.0,1.0,2.0,1.0,1.0,1.0,2.0,2.66,3.33,3.33,2.66,1.65,1.32,5.33,5.67,1.0,1.67,3.0,3.0,1.48,5.5,1.34
1390,2.0,2.0,2.0,3.0,2.0,2.0,5.0,4.0,4.0,4.0,5.0,3.0,2.0,2.0,2.0,2.0,2.0,3.0,2.0,4.0,3.0,3.0,3.0,3.0,4.0,6.0,5.0,5.0,4.0,6.0,2.0,2.33,4.67,3.67,2.0,2.33,2.67,3.33,4.33,5.67,2.16,4.17,2.16,3.0,5.0
1391,7.0,7.0,7.0,7.0,7.0,7.0,6.0,6.0,7.0,6.0,6.0,5.0,7.0,4.0,7.0,7.0,6.0,6.0,6.0,6.0,6.0,6.0,5.0,6.0,5.0,6.0,5.0,5.0,5.0,5.0,7.0,7.0,6.34,5.68,6.69,5.69,5.67,6.0,5.0,5.33,7.0,6.01,6.19,5.84,5.16
1392,3.0,3.0,4.0,4.0,2.0,3.0,4.0,4.0,5.0,4.0,5.0,5.0,3.0,4.0,4.0,5.0,3.0,3.0,3.0,4.0,4.0,5.0,5.0,3.0,3.0,4.0,3.0,4.0,4.0,5.0,3.01,3.33,4.67,4.34,3.34,4.0,4.0,4.0,3.33,4.33,3.17,4.5,3.67,4.0,3.83
1393,3.0,3.0,3.0,4.0,4.0,5.0,6.0,6.0,6.0,6.0,6.0,5.0,2.0,2.0,2.0,2.0,1.0,2.0,2.0,3.0,2.0,3.0,3.0,3.0,4.0,5.0,4.0,5.0,4.0,5.0,3.33,3.99,6.01,5.68,1.65,1.99,2.33,3.0,4.0,5.0,3.66,5.84,1.82,2.66,4.5
1394,4.0,4.0,3.0,4.0,4.0,5.0,6.0,7.0,7.0,6.0,7.0,7.0,3.0,3.0,2.0,3.0,3.0,3.0,6.0,6.0,6.0,6.0,6.0,6.0,4.0,4.0,5.0,5.0,4.0,5.0,3.67,4.33,6.68,6.68,2.67,3.0,6.0,6.0,4.33,4.67,4.0,6.68,2.84,6.0,4.5
1395,3.0,4.0,2.0,2.0,2.0,3.0,4.0,4.0,6.0,5.0,5.0,5.0,7.0,7.0,7.0,7.0,5.0,6.0,5.0,6.0,5.0,5.0,5.0,6.0,4.0,5.0,4.0,4.0,4.0,5.0,2.34,3.0,5.0,4.67,6.34,6.69,5.0,5.67,4.0,4.67,2.67,4.84,6.52,5.34,4.34
1396,4.0,4.0,3.0,5.0,2.0,3.0,5.0,4.0,5.0,4.0,6.0,5.0,2.0,2.0,2.0,2.0,1.0,2.0,1.0,1.0,1.0,1.0,1.0,1.0,2.0,3.0,2.0,3.0,2.0,3.0,3.01,4.0,5.34,4.34,1.65,1.99,1.0,1.0,2.0,3.0,3.5,4.84,1.82,1.0,2.5
1397,3.0,4.0,4.0,4.0,4.0,4.0,3.0,3.0,4.0,4.0,4.0,3.0,6.0,7.0,6.0,7.0,5.0,6.0,4.0,5.0,4.0,4.0,4.0,5.0,5.0,6.0,5.0,6.0,6.0,6.0,3.66,4.0,3.66,3.33,5.68,6.69,4.0,4.67,5.33,6.0,3.83,3.5,6.18,4.34,5.66
1398,2.0,3.0,2.0,2.0,2.0,2.0,5.0,5.0,5.0,6.0,7.0,5.0,1.0,2.0,1.0,2.0,1.0,2.0,6.0,6.0,6.0,6.0,6.0,7.0,5.0,7.0,5.0,6.0,4.0,6.0,2.0,2.34,5.67,5.34,1.0,1.99,6.0,6.33,4.67,6.33,2.17,5.5,1.5,6.16,5.5
1399,1.0,1.0,1.0,1.0,1.0,1.0,3.0,4.0,4.0,4.0,4.0,4.0,2.0,3.0,2.0,3.0,2.0,2.0,3.0,4.0,3.0,4.0,3.0,4.0,2.0,2.0,2.0,2.0,3.0,3.0,1.0,1.0,3.66,4.0,2.0,2.66,3.0,4.0,2.33,2.33,1.0,3.83,2.33,3.5,2.33
1400,3.0,4.0,3.0,3.0,2.0,4.0,3.0,2.0,3.0,4.0,2.0,2.0,5.0,5.0,5.0,6.0,4.0,5.0,2.0,3.0,3.0,3.0,3.0,3.0,1.0,1.0,1.0,1.0,1.0,2.0,2.67,3.67,2.66,2.66,4.67,5.35,2.67,3.0,1.0,1.33,3.17,2.66,5.01,2.84,1.16
1401,3.0,5.0,3.0,3.0,4.0,4.0,4.0,3.0,4.0,4.0,4.0,4.0,1.0,2.0,1.0,2.0,1.0,1.0,5.0,5.0,5.0,5.0,5.0,5.0,4.0,5.0,2.0,4.0,2.0,4.0,3.33,4.0,4.0,3.67,1.0,1.65,5.0,5.0,2.67,4.33,3.66,3.84,1.32,5.0,3.5
1402,5.0,6.0,5.0,6.0,5.0,6.0,4.0,4.0,4.0,4.0,4.0,4.0,7.0,7.0,6.0,7.0,6.0,7.0,3.0,4.0,3.0,4.0,3.0,4.0,3.0,4.0,3.0,3.0,3.0,4.0,5.0,6.0,4.0,4.0,6.36,7.0,3.0,4.0,3.0,3.67,5.5,4.0,6.68,3.5,3.34
1403,3.0,3.0,3.0,4.0,3.0,4.0,4.0,5.0,5.0,5.0,4.0,4.0,1.0,1.0,1.0,2.0,1.0,1.0,5.0,5.0,5.0,5.0,5.0,5.0,4.0,4.0,3.0,4.0,4.0,5.0,3.0,3.66,4.34,4.67,1.0,1.32,5.0,5.0,3.67,4.33,3.33,4.5,1.16,5.0,4.0
1404,2.0,2.0,2.0,3.0,2.0,2.0,4.0,3.0,4.0,4.0,4.0,3.0,4.0,4.0,4.0,4.0,3.0,4.0,6.0,6.0,6.0,7.0,6.0,6.0,4.0,5.0,3.0,4.0,4.0,4.0,2.0,2.33,4.0,3.33,3.66,4.01,6.0,6.33,3.67,4.33,2.16,3.66,3.84,6.16,4.0
1405,1.0,1.0,1.0,1.0,1.0,1.0,2.0,1.0,3.0,2.0,2.0,2.0,1.0,1.0,1.0,1.0,1.0,1.0,1.0,2.0,1.0,1.0,1.0,3.0,2.0,2.0,1.0,2.0,1.0,2.0,1.0,1.0,2.33,1.66,1.0,1.0,1.0,2.0,1.33,2.0,1.0,2.0,1.0,1.5,1.66
1406,5.0,6.0,5.0,5.0,4.0,6.0,7.0,6.0,6.0,6.0,7.0,6.0,4.0,4.0,4.0,4.0,3.0,5.0,5.0,6.0,5.0,6.0,4.0,6.0,6.0,7.0,7.0,7.0,6.0,7.0,4.67,5.67,6.68,6.01,3.66,4.35,4.67,6.0,6.33,7.0,5.17,6.34,4.0,5.34,6.66
1407,3.0,4.0,3.0,3.0,3.0,3.0,3.0,2.0,4.0,3.0,4.0,3.0,2.0,2.0,2.0,3.0,2.0,2.0,4.0,4.0,3.0,5.0,3.0,4.0,2.0,3.0,4.0,4.0,3.0,3.0,3.0,3.34,3.66,2.66,2.0,2.32,3.33,4.33,3.0,3.33,3.17,3.16,2.16,3.83,3.16
1408,3.0,4.0,3.0,5.0,3.0,4.0,4.0,4.0,6.0,5.0,6.0,5.0,4.0,6.0,5.0,6.0,4.0,5.0,3.0,4.0,4.0,5.0,4.0,5.0,7.0,7.0,7.0,7.0,7.0,7.0,3.0,4.33,5.34,4.67,4.35,5.68,3.67,4.67,7.0,7.0,3.66,5.0,5.01,4.17,7.0
1409,1.0,2.0,1.0,2.0,2.0,3.0,3.0,3.0,3.0,4.0,4.0,3.0,4.0,6.0,4.0,5.0,5.0,6.0,3.0,4.0,3.0,5.0,4.0,4.0,4.0,5.0,4.0,4.0,4.0,5.0,1.33,2.33,3.33,3.33,4.36,5.69,3.33,4.33,4.0,4.67,1.83,3.33,5.03,3.83,4.34
1410,1.0,1.0,2.0,1.0,2.0,2.0,4.0,4.0,4.0,5.0,5.0,4.0,4.0,4.0,3.0,3.0,2.0,4.0,4.0,4.0,4.0,4.0,4.0,3.0,4.0,4.0,3.0,4.0,4.0,5.0,1.66,1.33,4.33,4.34,2.98,3.67,4.0,3.67,3.67,4.33,1.5,4.34,3.32,3.84,4.0
1411,1.0,1.0,2.0,2.0,2.0,3.0,1.0,1.0,1.0,1.0,1.0,1.0,4.0,3.0,4.0,4.0,4.0,4.0,2.0,2.0,1.0,2.0,1.0,2.0,2.0,3.0,3.0,3.0,2.0,3.0,1.66,1.99,1.0,1.0,4.01,3.67,1.33,2.0,2.33,3.0,1.82,1.0,3.84,1.66,2.66
1412,1.0,1.0,1.0,1.0,2.0,2.0,4.0,3.0,4.0,4.0,4.0,4.0,3.0,3.0,3.0,3.0,2.0,3.0,2.0,3.0,4.0,4.0,2.0,3.0,4.0,5.0,4.0,5.0,4.0,5.0,1.33,1.33,4.0,3.67,2.65,3.0,2.66,3.33,4.0,5.0,1.33,3.84,2.82,3.0,4.5
1413,1.0,2.0,1.0,2.0,2.0,3.0,5.0,5.0,5.0,6.0,5.0,4.0,3.0,4.0,4.0,4.0,2.0,2.0,5.0,5.0,4.0,5.0,4.0,5.0,5.0,5.0,4.0,5.0,4.0,5.0,1.33,2.33,5.0,5.01,2.99,3.32,4.33,5.0,4.33,5.0,1.83,5.0,3.16,4.66,4.66
1414,3.0,5.0,3.0,4.0,3.0,4.0,3.0,2.0,2.0,3.0,2.0,2.0,3.0,3.0,3.0,3.0,2.0,3.0,3.0,3.0,2.0,4.0,3.0,4.0,6.0,6.0,5.0,6.0,5.0,6.0,3.0,4.34,2.33,2.33,2.65,3.0,2.67,3.67,5.33,6.0,3.67,2.33,2.82,3.17,5.66
1415,1.0,2.0,1.0,1.0,2.0,2.0,2.0,3.0,4.0,3.0,3.0,3.0,5.0,5.0,5.0,5.0,4.0,4.0,5.0,5.0,4.0,6.0,5.0,6.0,3.0,4.0,2.0,3.0,3.0,4.0,1.33,1.67,3.0,3.0,4.67,4.67,4.67,5.67,2.67,3.67,1.5,3.0,4.67,5.17,3.17
1416,4.0,4.0,4.0,5.0,6.0,5.0,6.0,5.0,6.0,5.0,6.0,6.0,5.0,6.0,6.0,6.0,5.0,6.0,4.0,6.0,4.0,5.0,5.0,6.0,3.0,3.0,3.0,3.0,2.0,4.0,4.66,4.66,6.01,5.34,5.35,6.02,4.33,5.67,2.67,3.33,4.66,5.68,5.68,5.0,3.0
1417,5.0,5.0,4.0,4.0,4.0,5.0,2.0,2.0,3.0,4.0,3.0,3.0,2.0,2.0,2.0,2.0,1.0,2.0,5.0,6.0,4.0,5.0,4.0,6.0,2.0,2.0,2.0,3.0,2.0,3.0,4.34,4.67,2.66,3.0,1.65,1.99,4.33,5.67,2.0,2.67,4.5,2.83,1.82,5.0,2.34
1418,6.0,7.0,7.0,7.0,7.0,7.0,4.0,3.0,4.0,3.0,4.0,3.0,5.0,5.0,4.0,5.0,4.0,5.0,2.0,3.0,2.0,2.0,2.0,3.0,4.0,4.0,4.0,4.0,3.0,5.0,6.66,7.0,4.0,3.0,4.34,5.01,2.0,2.67,3.67,4.33,6.83,3.5,4.68,2.34,4.0
1419,3.0,3.0,3.0,2.0,3.0,4.0,4.0,5.0,5.0,4.0,5.0,4.0,2.0,2.0,2.0,3.0,1.0,1.0,3.0,4.0,5.0,5.0,4.0,6.0,3.0,4.0,3.0,4.0,2.0,4.0,3.0,3.0,4.67,4.34,1.65,1.98,4.0,5.0,2.67,4.0,3.0,4.5,1.82,4.5,3.34
1420,5.0,5.0,3.0,5.0,4.0,6.0,5.0,4.0,5.0,4.0,5.0,5.0,2.0,3.0,2.0,3.0,2.0,2.0,1.0,1.0,1.0,2.0,2.0,2.0,2.0,3.0,3.0,3.0,3.0,3.0,4.0,5.33,5.0,4.34,2.0,2.66,1.33,1.67,2.67,3.0,4.66,4.67,2.33,1.5,2.84
1421,1.0,2.0,1.0,2.0,1.0,2.0,5.0,5.0,5.0,5.0,5.0,6.0,1.0,1.0,1.0,1.0,1.0,1.0,1.0,2.0,1.0,1.0,2.0,2.0,2.0,4.0,3.0,4.0,3.0,4.0,1.0,2.0,5.0,5.34,1.0,1.0,1.33,1.67,2.67,4.0,1.5,5.17,1.0,1.5,3.34
1422,4.0,4.0,5.0,5.0,4.0,4.0,4.0,4.0,4.0,3.0,4.0,4.0,1.0,2.0,2.0,1.0,1.0,1.0,2.0,2.0,2.0,2.0,3.0,3.0,5.0,6.0,5.0,6.0,5.0,7.0,4.33,4.33,4.0,3.67,1.32,1.32,2.33,2.33,5.0,6.33,4.33,3.84,1.32,2.33,5.66
1423,6.0,5.0,6.0,6.0,6.0,6.0,3.0,3.0,3.0,3.0,4.0,2.0,3.0,4.0,4.0,4.0,3.0,4.0,1.0,1.0,1.0,1.0,1.0,1.0,3.0,4.0,3.0,5.0,3.0,4.0,6.0,5.66,3.33,2.66,3.34,4.01,1.0,1.0,3.0,4.33,5.83,3.0,3.68,1.0,3.66
1424,3.0,4.0,3.0,5.0,4.0,4.0,4.0,4.0,4.0,4.0,4.0,3.0,7.0,7.0,6.0,6.0,4.0,5.0,3.0,4.0,3.0,5.0,3.0,4.0,4.0,5.0,3.0,4.0,3.0,5.0,3.33,4.33,4.0,3.67,5.66,6.01,3.0,4.33,3.33,4.67,3.83,3.84,5.84,3.66,4.0
1425,3.0,3.0,2.0,4.0,3.0,4.0,3.0,3.0,3.0,3.0,3.0,3.0,4.0,4.0,3.0,3.0,2.0,2.0,3.0,3.0,3.0,4.0,3.0,4.0,4.0,4.0,4.0,4.0,4.0,4.0,2.67,3.66,3.0,3.0,2.98,2.99,3.0,3.67,4.0,4.0,3.16,3.0,2.99,3.34,4.0
1426,2.0,2.0,1.0,2.0,1.0,2.0,4.0,3.0,5.0,4.0,4.0,5.0,1.0,2.0,2.0,2.0,1.0,1.0,4.0,5.0,5.0,5.0,4.0,5.0,5.0,5.0,4.0,5.0,4.0,6.0,1.34,2.0,4.34,4.0,1.32,1.65,4.33,5.0,4.33,5.33,1.67,4.17,1.48,4.66,4.83
1427,1.0,1.0,1.0,1.0,1.0,1.0,2.0,2.0,2.0,1.0,3.0,1.0,1.0,1.0,1.0,1.0,1.0,1.0,5.0,5.0,5.0,6.0,6.0,6.0,3.0,3.0,3.0,4.0,4.0,4.0,1.0,1.0,2.32,1.32,1.0,1.0,5.33,5.67,3.33,3.67,1.0,1.82,1.0,5.5,3.5
1428,3.0,3.0,2.0,2.0,2.0,2.0,7.0,7.0,7.0,7.0,7.0,6.0,5.0,6.0,4.0,4.0,4.0,5.0,5.0,5.0,5.0,6.0,5.0,5.0,5.0,6.0,4.0,6.0,4.0,6.0,2.34,2.34,7.0,6.68,4.34,5.01,5.0,5.33,4.33,6.0,2.34,6.84,4.68,5.16,5.16
1429,4.0,4.0,4.0,5.0,5.0,5.0,7.0,6.0,7.0,7.0,7.0,7.0,2.0,2.0,2.0,3.0,1.0,2.0,4.0,5.0,3.0,3.0,3.0,4.0,3.0,4.0,3.0,5.0,3.0,4.0,4.33,4.66,7.0,6.68,1.65,2.32,3.33,4.0,3.0,4.33,4.5,6.84,1.98,3.66,3.66
1430,5.0,6.0,5.0,5.0,5.0,6.0,6.0,7.0,7.0,6.0,7.0,7.0,7.0,7.0,7.0,7.0,7.0,7.0,6.0,7.0,7.0,7.0,7.0,4.0,7.0,7.0,7.0,7.0,7.0,7.0,5.0,5.67,6.68,6.68,7.0,7.0,6.67,6.0,7.0,7.0,5.34,6.68,7.0,6.34,7.0
1431,5.0,6.0,6.0,6.0,6.0,6.0,6.0,6.0,7.0,7.0,7.0,7.0,5.0,6.0,6.0,5.0,4.0,4.0,7.0,7.0,7.0,7.0,7.0,7.0,6.0,6.0,6.0,7.0,7.0,7.0,5.66,6.0,6.68,6.68,5.0,5.0,7.0,7.0,6.33,6.67,5.83,6.68,5.0,7.0,6.5
1432,1.0,1.0,1.0,1.0,1.0,1.0,3.0,2.0,3.0,3.0,4.0,4.0,3.0,4.0,2.0,3.0,2.0,3.0,4.0,5.0,5.0,5.0,4.0,6.0,2.0,2.0,2.0,3.0,2.0,3.0,1.0,1.0,3.33,3.0,2.32,3.33,4.33,5.33,2.0,2.67,1.0,3.16,2.82,4.83,2.34
1433,7.0,7.0,7.0,7.0,7.0,7.0,2.0,1.0,3.0,2.0,3.0,2.0,4.0,4.0,3.0,3.0,3.0,3.0,6.0,6.0,6.0,7.0,6.0,7.0,4.0,4.0,3.0,4.0,3.0,4.0,7.0,7.0,2.66,1.66,3.33,3.33,6.0,6.67,3.33,4.0,7.0,2.16,3.33,6.34,3.66
1434,5.0,5.0,6.0,6.0,5.0,6.0,6.0,6.0,5.0,5.0,6.0,5.0,7.0,7.0,7.0,7.0,7.0,7.0,6.0,6.0,6.0,6.0,5.0,6.0,7.0,7.0,7.0,7.0,7.0,7.0,5.34,5.66,5.67,5.34,7.0,7.0,5.67,6.0,7.0,7.0,5.5,5.5,7.0,5.84,7.0
1435,1.0,1.0,1.0,2.0,2.0,1.0,2.0,2.0,4.0,3.0,3.0,3.0,1.0,1.0,1.0,1.0,1.0,1.0,3.0,3.0,3.0,3.0,3.0,3.0,2.0,4.0,1.0,2.0,2.0,3.0,1.33,1.33,3.0,2.66,1.0,1.0,3.0,3.0,1.67,3.0,1.33,2.83,1.0,3.0,2.34
1436,5.0,6.0,5.0,6.0,6.0,6.0,2.0,2.0,3.0,2.0,3.0,2.0,5.0,6.0,3.0,4.0,4.0,5.0,5.0,6.0,6.0,7.0,6.0,6.0,1.0,2.0,2.0,2.0,2.0,2.0,5.33,6.0,2.66,1.99,4.01,5.01,5.67,6.33,1.67,2.0,5.66,2.33,4.51,6.0,1.84
1437,4.0,5.0,5.0,5.0,4.0,5.0,6.0,5.0,5.0,5.0,6.0,5.0,1.0,2.0,1.0,1.0,1.0,1.0,5.0,6.0,5.0,5.0,4.0,6.0,4.0,6.0,4.0,5.0,5.0,5.0,4.33,5.0,5.67,5.01,1.0,1.32,4.67,5.67,4.33,5.33,4.66,5.34,1.16,5.17,4.83
1438,3.0,1.0,1.0,1.0,1.0,1.0,4.0,2.0,4.0,3.0,4.0,4.0,2.0,3.0,3.0,3.0,2.0,2.0,5.0,6.0,5.0,5.0,5.0,5.0,4.0,6.0,4.0,5.0,4.0,6.0,1.67,1.0,4.0,3.0,2.33,2.66,5.0,5.33,4.0,5.67,1.34,3.5,2.5,5.16,4.84
1439,2.0,2.0,3.0,3.0,2.0,4.0,6.0,6.0,7.0,7.0,7.0,7.0,6.0,6.0,6.0,6.0,6.0,6.0,7.0,7.0,7.0,7.0,7.0,4.0,4.0,5.0,6.0,6.0,6.0,6.0,2.33,2.99,6.68,6.68,6.03,6.02,7.0,6.0,5.33,5.67,2.66,6.68,6.02,6.5,5.5
1440,4.0,4.0,2.0,5.0,5.0,5.0,2.0,1.0,2.0,2.0,2.0,2.0,1.0,1.0,3.0,2.0,1.0,1.0,4.0,5.0,3.0,4.0,4.0,4.0,1.0,1.0,1.0,2.0,1.0,1.0,3.66,4.66,1.99,1.66,1.65,1.32,3.67,4.33,1.0,1.33,4.16,1.82,1.48,4.0,1.16
1441,2.0,3.0,2.0,3.0,3.0,3.0,5.0,4.0,6.0,5.0,5.0,5.0,2.0,4.0,3.0,3.0,2.0,3.0,5.0,6.0,5.0,5.0,4.0,5.0,2.0,4.0,4.0,4.0,4.0,4.0,2.33,3.0,5.34,4.67,2.33,3.33,4.67,5.33,3.33,4.0,2.66,5.0,2.83,5.0,3.66
1442,5.0,5.0,6.0,6.0,6.0,6.0,4.0,4.0,4.0,4.0,4.0,4.0,2.0,3.0,2.0,4.0,2.0,3.0,2.0,3.0,2.0,4.0,2.0,3.0,4.0,5.0,3.0,5.0,3.0,5.0,5.66,5.66,4.0,4.0,2.0,3.33,2.0,3.33,3.33,5.0,5.66,4.0,2.66,2.66,4.16
1443,4.0,5.0,5.0,7.0,7.0,6.0,5.0,4.0,5.0,5.0,5.0,5.0,6.0,7.0,7.0,7.0,6.0,7.0,5.0,5.0,6.0,6.0,5.0,6.0,5.0,6.0,5.0,5.0,6.0,6.0,5.32,6.0,5.0,4.67,6.36,7.0,5.33,5.67,5.33,5.67,5.66,4.84,6.68,5.5,5.5
1444,5.0,5.0,5.0,5.0,5.0,5.0,1.0,2.0,2.0,2.0,2.0,2.0,2.0,2.0,2.0,2.0,2.0,3.0,4.0,5.0,5.0,6.0,5.0,6.0,1.0,2.0,1.0,2.0,2.0,3.0,5.0,5.0,1.66,1.99,2.0,2.33,4.67,5.67,1.33,2.33,5.0,1.82,2.16,5.17,1.83
1445,3.0,4.0,4.0,4.0,3.0,3.0,3.0,4.0,4.0,3.0,4.0,4.0,1.0,2.0,2.0,4.0,2.0,3.0,3.0,4.0,3.0,4.0,3.0,4.0,3.0,3.0,3.0,4.0,3.0,4.0,3.33,3.67,3.66,3.67,1.67,3.0,3.0,4.0,3.0,3.67,3.5,3.66,2.34,3.5,3.34
1446,4.0,3.0,4.0,5.0,5.0,5.0,3.0,3.0,3.0,2.0,3.0,2.0,3.0,4.0,4.0,4.0,3.0,3.0,3.0,4.0,3.0,4.0,3.0,4.0,3.0,5.0,3.0,4.0,4.0,4.0,4.33,4.33,3.0,2.33,3.34,3.66,3.0,4.0,3.33,4.33,4.33,2.66,3.5,3.5,3.83
1447,2.0,2.0,1.0,2.0,2.0,1.0,6.0,5.0,7.0,5.0,6.0,5.0,6.0,7.0,6.0,6.0,5.0,6.0,6.0,6.0,6.0,7.0,5.0,6.0,4.0,5.0,5.0,6.0,5.0,7.0,1.67,1.67,6.34,5.01,5.68,6.35,5.67,6.33,4.67,6.0,1.67,5.68,6.02,6.0,5.34
1448,3.0,3.0,3.0,3.0,3.0,4.0,5.0,5.0,6.0,5.0,5.0,5.0,5.0,6.0,4.0,5.0,4.0,5.0,4.0,4.0,5.0,5.0,4.0,5.0,3.0,4.0,2.0,3.0,3.0,4.0,3.0,3.33,5.34,5.01,4.34,5.35,4.33,4.67,2.67,3.67,3.16,5.18,4.84,4.5,3.17
1449,1.0,1.0,1.0,1.0,1.0,1.0,3.0,3.0,3.0,3.0,4.0,4.0,2.0,3.0,3.0,2.0,1.0,2.0,1.0,2.0,1.0,1.0,1.0,1.0,3.0,3.0,3.0,4.0,2.0,3.0,1.0,1.0,3.33,3.33,1.98,2.32,1.0,1.33,2.67,3.33,1.0,3.33,2.15,1.16,3.0
1450,7.0,7.0,7.0,7.0,7.0,7.0,6.0,5.0,6.0,6.0,6.0,4.0,5.0,6.0,6.0,6.0,5.0,7.0,4.0,5.0,4.0,5.0,4.0,5.0,3.0,4.0,2.0,4.0,2.0,4.0,7.0,7.0,6.01,5.01,5.35,6.36,4.0,5.0,2.33,4.0,7.0,5.51,5.86,4.5,3.16
1451,2.0,2.0,1.0,2.0,1.0,1.0,4.0,4.0,4.0,4.0,4.0,3.0,3.0,4.0,3.0,3.0,3.0,2.0,2.0,3.0,3.0,4.0,4.0,4.0,1.0,1.0,1.0,1.0,1.0,1.0,1.34,1.67,4.0,3.67,3.0,2.99,3.0,3.67,1.0,1.0,1.5,3.84,3.0,3.34,1.0
1452,3.0,3.0,2.0,2.0,3.0,3.0,6.0,3.0,6.0,5.0,6.0,5.0,7.0,7.0,6.0,7.0,6.0,7.0,6.0,7.0,6.0,7.0,6.0,7.0,5.0,6.0,6.0,6.0,5.0,5.0,2.67,2.67,6.01,4.34,6.36,7.0,6.0,7.0,5.33,5.67,2.67,5.18,6.68,6.5,5.5
1453,6.0,7.0,7.0,7.0,6.0,6.0,3.0,2.0,3.0,3.0,4.0,3.0,2.0,3.0,2.0,4.0,2.0,2.0,3.0,3.0,2.0,3.0,2.0,4.0,4.0,4.0,3.0,4.0,3.0,4.0,6.34,6.67,3.33,2.66,2.0,2.99,2.33,3.33,3.33,4.0,6.5,3.0,2.5,2.83,3.66
1454,5.0,6.0,5.0,6.0,6.0,6.0,1.0,1.0,3.0,3.0,2.0,2.0,3.0,4.0,3.0,3.0,2.0,2.0,6.0,6.0,5.0,6.0,6.0,7.0,3.0,3.0,2.0,4.0,3.0,3.0,5.33,6.0,1.99,1.99,2.65,2.99,5.67,6.33,2.67,3.33,5.66,1.99,2.82,6.0,3.0
1455,1.0,1.0,1.0,1.0,1.0,1.0,2.0,1.0,2.0,2.0,3.0,3.0,6.0,7.0,6.0,7.0,5.0,5.0,1.0,1.0,1.0,1.0,1.0,2.0,3.0,4.0,2.0,3.0,2.0,4.0,1.0,1.0,2.32,1.99,5.68,6.34,1.0,1.33,2.33,3.67,1.0,2.15,6.01,1.16,3.0
1456,5.0,6.0,6.0,6.0,6.0,6.0,3.0,2.0,4.0,4.0,4.0,5.0,6.0,5.0,5.0,5.0,4.0,5.0,3.0,4.0,4.0,5.0,3.0,5.0,4.0,4.0,4.0,5.0,4.0,5.0,5.66,6.0,3.66,3.67,5.0,5.01,3.33,4.67,4.0,4.67,5.83,3.66,5.0,4.0,4.34
1457,6.0,5.0,4.0,5.0,5.0,6.0,5.0,5.0,6.0,5.0,6.0,6.0,3.0,4.0,2.0,4.0,2.0,2.0,5.0,6.0,6.0,6.0,6.0,7.0,3.0,4.0,3.0,4.0,4.0,5.0,5.0,5.33,5.67,5.34,2.32,3.32,5.67,6.33,3.33,4.33,5.16,5.5,2.82,6.0,3.83
1458,4.0,4.0,5.0,5.0,4.0,5.0,5.0,4.0,5.0,4.0,5.0,4.0,4.0,4.0,4.0,5.0,2.0,4.0,3.0,3.0,2.0,3.0,3.0,4.0,3.0,4.0,4.0,5.0,4.0,5.0,4.33,4.66,5.0,4.0,3.31,4.34,2.67,3.33,3.67,4.67,4.5,4.5,3.82,3.0,4.17
1459,3.0,3.0,4.0,4.0,2.0,4.0,4.0,4.0,4.0,4.0,4.0,3.0,3.0,4.0,2.0,3.0,2.0,3.0,2.0,3.0,2.0,2.0,2.0,3.0,4.0,5.0,4.0,5.0,4.0,4.0,3.01,3.66,4.0,3.67,2.32,3.33,2.0,2.67,4.0,4.67,3.34,3.84,2.82,2.34,4.34
1460,1.0,1.0,1.0,2.0,1.0,1.0,3.0,3.0,3.0,2.0,3.0,3.0,4.0,3.0,4.0,4.0,3.0,4.0,5.0,4.0,4.0,5.0,4.0,5.0,3.0,3.0,3.0,3.0,3.0,3.0,1.0,1.33,3.0,2.66,3.66,3.67,4.33,4.67,3.0,3.0,1.16,2.83,3.66,4.5,3.0
1461,6.0,7.0,6.0,6.0,6.0,6.0,4.0,4.0,5.0,5.0,5.0,4.0,1.0,1.0,1.0,1.0,1.0,1.0,4.0,5.0,4.0,4.0,5.0,5.0,3.0,4.0,4.0,4.0,3.0,4.0,6.0,6.34,4.67,4.34,1.0,1.0,4.33,4.67,3.33,4.0,6.17,4.5,1.0,4.5,3.66
1462,3.0,3.0,3.0,3.0,2.0,4.0,4.0,2.0,2.0,2.0,2.0,3.0,2.0,2.0,2.0,2.0,2.0,2.0,1.0,1.0,1.0,1.0,1.0,2.0,2.0,3.0,1.0,2.0,3.0,4.0,2.67,3.33,2.66,2.33,2.0,1.99,1.0,1.33,2.0,3.0,3.0,2.5,2.0,1.16,2.5
1463,2.0,2.0,1.0,2.0,2.0,2.0,5.0,4.0,6.0,4.0,5.0,4.0,3.0,5.0,3.0,4.0,4.0,4.0,3.0,3.0,3.0,3.0,2.0,3.0,4.0,5.0,5.0,5.0,4.0,5.0,1.67,2.0,5.34,4.0,3.35,4.34,2.67,3.0,4.33,5.0,1.84,4.67,3.84,2.84,4.66
1464,4.0,5.0,3.0,4.0,5.0,4.0,5.0,5.0,5.0,5.0,5.0,5.0,2.0,2.0,2.0,2.0,2.0,2.0,4.0,6.0,5.0,5.0,4.0,6.0,2.0,4.0,3.0,4.0,4.0,4.0,4.0,4.34,5.0,5.01,2.0,1.99,4.33,5.67,3.0,4.0,4.17,5.0,2.0,5.0,3.5
1465,1.0,1.0,1.0,1.0,1.0,1.0,2.0,1.0,2.0,2.0,1.0,2.0,1.0,1.0,1.0,1.0,1.0,1.0,1.0,1.0,1.0,1.0,1.0,1.0,1.0,2.0,1.0,3.0,2.0,2.0,1.0,1.0,1.66,1.66,1.0,1.0,1.0,1.0,1.33,2.33,1.0,1.66,1.0,1.0,1.83
1466,3.0,2.0,2.0,2.0,3.0,3.0,5.0,4.0,5.0,5.0,5.0,4.0,4.0,6.0,3.0,4.0,3.0,4.0,5.0,6.0,5.0,6.0,4.0,5.0,4.0,5.0,5.0,6.0,4.0,5.0,2.67,2.33,5.0,4.34,3.33,4.67,4.67,5.67,4.33,5.33,2.5,4.67,4.0,5.17,4.83
1467,2.0,3.0,3.0,3.0,3.0,4.0,6.0,5.0,6.0,6.0,6.0,6.0,3.0,4.0,3.0,3.0,2.0,2.0,6.0,6.0,6.0,6.0,6.0,7.0,4.0,4.0,4.0,5.0,4.0,6.0,2.66,3.33,6.01,5.68,2.65,2.99,6.0,6.33,4.0,5.0,3.0,5.84,2.82,6.16,4.5
1468,6.0,7.0,6.0,7.0,6.0,7.0,7.0,7.0,7.0,7.0,7.0,7.0,5.0,4.0,5.0,5.0,4.0,4.0,4.0,6.0,4.0,4.0,3.0,4.0,5.0,5.0,5.0,6.0,5.0,6.0,6.0,7.0,7.0,7.0,4.67,4.34,3.67,4.67,5.0,5.67,6.5,7.0,4.5,4.17,5.34
1469,4.0,5.0,4.0,4.0,4.0,5.0,2.0,1.0,4.0,3.0,3.0,2.0,5.0,6.0,5.0,5.0,5.0,4.0,4.0,3.0,4.0,3.0,4.0,4.0,7.0,7.0,6.0,7.0,7.0,7.0,4.0,4.67,3.0,1.99,5.02,5.0,4.0,3.33,6.67,7.0,4.34,2.5,5.01,3.66,6.84
1470,1.0,2.0,2.0,2.0,2.0,2.0,6.0,6.0,6.0,7.0,6.0,6.0,4.0,5.0,4.0,5.0,3.0,3.0,4.0,4.0,3.0,3.0,4.0,4.0,3.0,4.0,3.0,5.0,2.0,3.0,1.66,2.0,6.01,6.35,3.66,4.33,3.67,3.67,2.67,4.0,1.83,6.18,4.0,3.67,3.34
1471,1.0,3.0,2.0,2.0,2.0,3.0,3.0,3.0,3.0,3.0,4.0,3.0,3.0,2.0,2.0,3.0,2.0,2.0,1.0,1.0,1.0,1.0,1.0,1.0,6.0,6.0,4.0,6.0,5.0,6.0,1.66,2.67,3.33,3.0,2.32,2.32,1.0,1.0,5.0,6.0,2.16,3.16,2.32,1.0,5.5
1472,1.0,1.0,1.0,1.0,1.0,1.0,4.0,4.0,4.0,4.0,4.0,4.0,3.0,3.0,3.0,3.0,2.0,3.0,4.0,6.0,5.0,6.0,5.0,5.0,3.0,4.0,3.0,4.0,3.0,4.0,1.0,1.0,4.0,4.0,2.65,3.0,4.67,5.67,3.0,4.0,1.0,4.0,2.82,5.17,3.5
1473,2.0,3.0,2.0,3.0,2.0,3.0,3.0,3.0,3.0,2.0,3.0,2.0,5.0,5.0,5.0,5.0,3.0,5.0,3.0,5.0,3.0,4.0,4.0,5.0,4.0,4.0,3.0,4.0,3.0,5.0,2.0,3.0,3.0,2.33,4.32,5.01,3.33,4.67,3.33,4.33,2.5,2.66,4.66,4.0,3.83
1474,1.0,1.0,1.0,1.0,1.0,1.0,3.0,2.0,3.0,3.0,2.0,2.0,3.0,3.0,2.0,3.0,1.0,1.0,4.0,4.0,3.0,4.0,3.0,3.0,4.0,5.0,4.0,5.0,4.0,6.0,1.0,1.0,2.66,2.33,1.97,2.31,3.33,3.67,4.0,5.33,1.0,2.5,2.14,3.5,4.66
1475,1.0,2.0,1.0,1.0,1.0,1.0,5.0,5.0,6.0,5.0,5.0,4.0,3.0,3.0,3.0,2.0,2.0,2.0,3.0,4.0,3.0,3.0,3.0,3.0,4.0,5.0,4.0,5.0,3.0,5.0,1.0,1.34,5.34,4.67,2.65,2.32,3.0,3.33,3.67,5.0,1.17,5.0,2.48,3.16,4.34
1476,3.0,3.0,4.0,4.0,3.0,3.0,3.0,4.0,4.0,3.0,4.0,4.0,5.0,5.0,3.0,4.0,3.0,3.0,5.0,5.0,4.0,4.0,4.0,4.0,4.0,5.0,4.0,5.0,4.0,4.0,3.33,3.33,3.66,3.67,3.66,4.0,4.33,4.33,4.0,4.67,3.33,3.66,3.83,4.33,4.34
1477,4.0,5.0,4.0,5.0,3.0,4.0,3.0,2.0,2.0,3.0,3.0,2.0,3.0,4.0,3.0,4.0,2.0,2.0,3.0,3.0,1.0,2.0,2.0,2.0,2.0,3.0,2.0,3.0,3.0,3.0,3.67,4.67,2.66,2.33,2.65,3.32,2.0,2.33,2.33,3.0,4.17,2.5,2.98,2.16,2.66
1478,1.0,1.0,1.0,1.0,1.0,1.0,5.0,5.0,5.0,5.0,5.0,5.0,2.0,3.0,2.0,3.0,2.0,2.0,2.0,3.0,1.0,2.0,2.0,3.0,2.0,4.0,2.0,3.0,2.0,3.0,1.0,1.0,5.0,5.01,2.0,2.66,1.67,2.67,2.0,3.33,1.0,5.0,2.33,2.17,2.66
1479,2.0,2.0,3.0,2.0,2.0,1.0,5.0,4.0,5.0,4.0,5.0,4.0,3.0,2.0,1.0,2.0,2.0,2.0,2.0,3.0,4.0,4.0,3.0,4.0,2.0,2.0,2.0,4.0,2.0,3.0,2.33,1.67,5.0,4.0,1.99,1.99,3.0,3.67,2.0,3.0,2.0,4.5,1.99,3.34,2.5
1480,3.0,4.0,4.0,4.0,4.0,5.0,5.0,5.0,5.0,5.0,5.0,5.0,3.0,2.0,3.0,2.0,2.0,1.0,3.0,4.0,2.0,3.0,3.0,3.0,2.0,3.0,2.0,4.0,3.0,3.0,3.66,4.33,5.0,5.01,2.65,1.65,2.67,3.33,2.33,3.33,4.0,5.0,2.15,3.0,2.83
1481,3.0,5.0,3.0,4.0,4.0,3.0,4.0,3.0,5.0,3.0,4.0,3.0,3.0,3.0,3.0,3.0,1.0,2.0,4.0,5.0,4.0,4.0,3.0,4.0,2.0,3.0,2.0,3.0,3.0,4.0,3.33,4.01,4.34,3.0,2.31,2.66,3.67,4.33,2.33,3.33,3.67,3.67,2.49,4.0,2.83
1482,1.0,2.0,1.0,2.0,1.0,2.0,3.0,2.0,3.0,3.0,3.0,2.0,3.0,3.0,2.0,3.0,2.0,2.0,2.0,3.0,4.0,4.0,3.0,3.0,3.0,4.0,3.0,5.0,3.0,4.0,1.0,2.0,3.0,2.33,2.32,2.66,3.0,3.33,3.0,4.33,1.5,2.66,2.49,3.16,3.66
1483,5.0,5.0,4.0,4.0,5.0,5.0,2.0,2.0,2.0,2.0,2.0,2.0,4.0,4.0,4.0,5.0,4.0,4.0,5.0,5.0,5.0,5.0,6.0,5.0,4.0,4.0,3.0,5.0,4.0,5.0,4.67,4.67,1.99,1.99,4.01,4.34,5.33,5.0,3.67,4.67,4.67,1.99,4.18,5.16,4.17
1484,1.0,1.0,1.0,1.0,1.0,1.0,1.0,1.0,2.0,1.0,1.0,1.0,3.0,4.0,4.0,4.0,3.0,3.0,3.0,3.0,3.0,4.0,2.0,3.0,2.0,3.0,2.0,4.0,3.0,2.0,1.0,1.0,1.32,1.0,3.34,3.66,2.67,3.33,2.33,3.0,1.0,1.16,3.5,3.0,2.66
1485,2.0,3.0,3.0,4.0,4.0,3.0,3.0,2.0,4.0,3.0,2.0,2.0,2.0,3.0,3.0,3.0,1.0,2.0,3.0,4.0,3.0,4.0,3.0,4.0,3.0,3.0,3.0,3.0,2.0,3.0,2.99,3.33,3.0,2.33,1.98,2.66,3.0,4.0,2.67,3.0,3.16,2.66,2.32,3.5,2.84
1486,2.0,2.0,1.0,2.0,1.0,2.0,5.0,4.0,5.0,4.0,5.0,4.0,6.0,6.0,5.0,6.0,4.0,5.0,3.0,3.0,2.0,3.0,3.0,3.0,3.0,5.0,4.0,6.0,4.0,6.0,1.34,2.0,5.0,4.0,5.0,5.68,2.67,3.0,3.67,5.67,1.67,4.5,5.34,2.84,4.67
1487,1.0,1.0,1.0,1.0,1.0,1.0,5.0,4.0,6.0,5.0,5.0,5.0,4.0,5.0,5.0,6.0,4.0,4.0,3.0,3.0,3.0,3.0,3.0,3.0,2.0,3.0,2.0,3.0,2.0,3.0,1.0,1.0,5.34,4.67,4.35,5.0,3.0,3.0,2.0,3.0,1.0,5.0,4.68,3.0,2.5
1488,2.0,2.0,2.0,3.0,2.0,3.0,7.0,7.0,6.0,6.0,6.0,6.0,7.0,7.0,7.0,7.0,7.0,7.0,5.0,5.0,5.0,6.0,5.0,6.0,4.0,6.0,4.0,5.0,4.0,4.0,2.0,2.66,6.35,6.35,7.0,7.0,5.0,5.67,4.0,5.0,2.33,6.35,7.0,5.34,4.5
1489,1.0,1.0,1.0,1.0,1.0,1.0,4.0,4.0,5.0,4.0,4.0,4.0,3.0,4.0,2.0,4.0,3.0,2.0,6.0,7.0,6.0,7.0,7.0,6.0,6.0,6.0,5.0,6.0,4.0,6.0,1.0,1.0,4.34,4.0,2.67,3.32,6.33,6.67,5.0,6.0,1.0,4.17,3.0,6.5,5.5
1490,4.0,6.0,4.0,4.0,4.0,4.0,4.0,3.0,3.0,2.0,4.0,3.0,5.0,6.0,4.0,5.0,4.0,5.0,4.0,5.0,4.0,5.0,4.0,5.0,4.0,5.0,4.0,6.0,4.0,4.0,4.0,4.67,3.67,2.66,4.34,5.35,4.0,5.0,4.0,5.0,4.34,3.16,4.84,4.5,4.5
1491,3.0,3.0,3.0,3.0,2.0,2.0,6.0,5.0,5.0,5.0,5.0,5.0,7.0,7.0,6.0,6.0,6.0,7.0,3.0,3.0,3.0,4.0,3.0,4.0,6.0,7.0,5.0,6.0,7.0,7.0,2.67,2.67,5.34,5.01,6.36,6.7,3.0,3.67,6.0,6.67,2.67,5.18,6.53,3.34,6.34
1492,4.0,5.0,5.0,5.0,6.0,6.0,3.0,2.0,3.0,3.0,3.0,3.0,1.0,1.0,1.0,1.0,1.0,1.0,6.0,6.0,5.0,6.0,5.0,5.0,1.0,1.0,1.0,1.0,1.0,2.0,4.99,5.33,3.0,2.66,1.0,1.0,5.33,5.67,1.0,1.33,5.16,2.83,1.0,5.5,1.16
1493,2.0,2.0,1.0,1.0,1.0,2.0,6.0,6.0,5.0,6.0,6.0,5.0,5.0,6.0,6.0,6.0,6.0,6.0,7.0,7.0,7.0,7.0,6.0,7.0,6.0,7.0,6.0,7.0,6.0,7.0,1.34,1.67,5.67,5.68,5.7,6.02,6.67,7.0,6.0,7.0,1.5,5.68,5.86,6.84,6.5
1494,5.0,5.0,5.0,5.0,4.0,5.0,4.0,4.0,4.0,4.0,5.0,5.0,2.0,2.0,2.0,2.0,1.0,2.0,2.0,3.0,3.0,4.0,2.0,3.0,5.0,5.0,5.0,5.0,5.0,5.0,4.67,5.0,4.33,4.34,1.65,1.99,2.33,3.33,5.0,5.0,4.84,4.34,1.82,2.83,5.0
1495,1.0,1.0,1.0,1.0,1.0,1.0,6.0,5.0,6.0,6.0,5.0,5.0,3.0,4.0,4.0,3.0,3.0,4.0,3.0,3.0,3.0,4.0,3.0,4.0,5.0,6.0,5.0,6.0,5.0,7.0,1.0,1.0,5.68,5.34,3.34,3.67,3.0,3.67,5.0,6.33,1.0,5.51,3.5,3.34,5.66
1496,1.0,1.0,1.0,1.0,1.0,1.0,4.0,3.0,5.0,5.0,5.0,4.0,6.0,6.0,6.0,7.0,5.0,6.0,2.0,3.0,2.0,4.0,3.0,3.0,6.0,6.0,6.0,7.0,6.0,7.0,1.0,1.0,4.67,4.0,5.68,6.35,2.33,3.33,6.0,6.67,1.0,4.34,6.02,2.83,6.34
1497,1.0,1.0,1.0,3.0,2.0,2.0,1.0,1.0,2.0,2.0,3.0,2.0,2.0,3.0,3.0,3.0,2.0,3.0,3.0,4.0,2.0,3.0,2.0,4.0,1.0,2.0,1.0,1.0,1.0,2.0,1.33,2.0,1.99,1.66,2.33,3.0,2.33,3.67,1.0,1.67,1.66,1.82,2.66,3.0,1.34
1498,7.0,6.0,6.0,7.0,7.0,7.0,6.0,5.0,7.0,6.0,6.0,5.0,5.0,6.0,4.0,5.0,4.0,5.0,4.0,4.0,4.0,4.0,5.0,6.0,4.0,5.0,3.0,5.0,3.0,5.0,6.67,6.67,6.34,5.34,4.34,5.35,4.33,4.67,3.33,5.0,6.67,5.84,4.84,4.5,4.16
1499,5.0,5.0,5.0,6.0,5.0,6.0,1.0,1.0,2.0,2.0,2.0,2.0,5.0,6.0,6.0,6.0,6.0,6.0,5.0,6.0,5.0,5.0,4.0,4.0,4.0,6.0,3.0,4.0,3.0,5.0,5.0,5.66,1.66,1.66,5.7,6.02,4.67,5.0,3.33,5.0,5.33,1.66,5.86,4.84,4.16
1500,2.0,3.0,2.0,3.0,3.0,3.0,5.0,5.0,6.0,5.0,5.0,4.0,7.0,7.0,7.0,7.0,7.0,7.0,6.0,6.0,4.0,4.0,5.0,5.0,6.0,7.0,6.0,7.0,7.0,7.0,2.33,3.0,5.34,4.67,7.0,7.0,5.0,5.0,6.33,7.0,2.66,5.0,7.0,5.0,6.66
1501,5.0,4.0,4.0,5.0,4.0,5.0,3.0,3.0,4.0,4.0,3.0,3.0,4.0,4.0,3.0,4.0,3.0,4.0,3.0,5.0,4.0,5.0,4.0,5.0,6.0,7.0,5.0,7.0,6.0,7.0,4.34,4.66,3.33,3.33,3.33,4.01,3.67,5.0,5.67,7.0,4.5,3.33,3.67,4.34,6.34
1502,4.0,4.0,5.0,4.0,4.0,5.0,6.0,5.0,7.0,6.0,6.0,6.0,2.0,3.0,2.0,2.0,2.0,3.0,5.0,5.0,5.0,5.0,5.0,5.0,7.0,7.0,7.0,7.0,6.0,7.0,4.33,4.33,6.34,5.68,2.0,2.67,5.0,5.0,6.67,7.0,4.33,6.01,2.34,5.0,6.84
1503,5.0,6.0,5.0,5.0,5.0,6.0,4.0,4.0,4.0,4.0,4.0,3.0,3.0,4.0,4.0,4.0,3.0,4.0,1.0,2.0,2.0,2.0,2.0,2.0,2.0,5.0,3.0,4.0,3.0,4.0,5.0,5.67,4.0,3.67,3.34,4.01,1.67,2.0,2.67,4.33,5.34,3.84,3.68,1.84,3.5
1504,1.0,1.0,1.0,1.0,1.0,1.0,2.0,2.0,3.0,3.0,2.0,3.0,3.0,4.0,3.0,4.0,2.0,3.0,3.0,6.0,4.0,4.0,4.0,5.0,2.0,3.0,3.0,4.0,2.0,3.0,1.0,1.0,2.33,2.66,2.65,3.66,3.67,5.0,2.33,3.33,1.0,2.5,3.16,4.34,2.83
1505,1.0,1.0,1.0,1.0,1.0,1.0,3.0,3.0,4.0,4.0,3.0,3.0,5.0,6.0,3.0,5.0,3.0,4.0,4.0,4.0,4.0,4.0,3.0,5.0,5.0,6.0,4.0,5.0,4.0,5.0,1.0,1.0,3.33,3.33,3.66,5.0,3.67,4.33,4.33,5.33,1.0,3.33,4.33,4.0,4.83
1506,3.0,4.0,5.0,3.0,4.0,4.0,4.0,3.0,4.0,4.0,4.0,4.0,5.0,5.0,6.0,5.0,4.0,5.0,7.0,7.0,7.0,7.0,7.0,7.0,3.0,5.0,3.0,5.0,3.0,4.0,4.0,3.67,4.0,3.67,5.0,5.01,7.0,7.0,3.0,4.67,3.84,3.84,5.0,7.0,3.84
1507,3.0,4.0,4.0,4.0,3.0,3.0,3.0,3.0,3.0,4.0,3.0,3.0,4.0,3.0,3.0,4.0,3.0,3.0,3.0,4.0,2.0,3.0,4.0,4.0,5.0,6.0,5.0,6.0,4.0,6.0,3.33,3.67,3.0,3.33,3.33,3.33,3.0,3.67,4.67,6.0,3.5,3.16,3.33,3.34,5.34
1508,3.0,5.0,4.0,5.0,3.0,4.0,2.0,2.0,2.0,2.0,2.0,1.0,6.0,6.0,5.0,6.0,5.0,6.0,2.0,3.0,3.0,3.0,2.0,2.0,3.0,5.0,4.0,4.0,4.0,4.0,3.33,4.67,1.99,1.66,5.35,6.02,2.33,2.67,3.67,4.33,4.0,1.82,5.68,2.5,4.0
1509,7.0,7.0,7.0,7.0,7.0,7.0,5.0,5.0,6.0,6.0,6.0,6.0,2.0,3.0,3.0,3.0,1.0,2.0,5.0,5.0,4.0,4.0,4.0,5.0,5.0,5.0,4.0,6.0,5.0,6.0,7.0,7.0,5.67,5.68,1.98,2.66,4.33,4.67,4.67,5.67,7.0,5.68,2.32,4.5,5.17
1510,2.0,2.0,3.0,3.0,2.0,3.0,3.0,2.0,3.0,3.0,3.0,3.0,3.0,3.0,2.0,3.0,2.0,2.0,5.0,6.0,6.0,6.0,5.0,7.0,4.0,5.0,4.0,5.0,3.0,5.0,2.33,2.66,3.0,2.66,2.32,2.66,5.33,6.33,3.67,5.0,2.5,2.83,2.49,5.83,4.34
1511,2.0,2.0,2.0,2.0,1.0,3.0,6.0,5.0,6.0,5.0,6.0,6.0,6.0,6.0,6.0,6.0,6.0,6.0,4.0,5.0,4.0,4.0,4.0,4.0,5.0,5.0,4.0,4.0,4.0,6.0,1.67,2.33,6.01,5.34,6.03,6.02,4.0,4.33,4.33,5.0,2.0,5.68,6.02,4.16,4.66
1512,3.0,4.0,4.0,5.0,3.0,3.0,5.0,5.0,5.0,4.0,6.0,4.0,7.0,7.0,6.0,7.0,7.0,7.0,5.0,5.0,5.0,5.0,5.0,6.0,7.0,6.0,5.0,6.0,7.0,7.0,3.33,4.0,5.34,4.34,6.71,7.0,5.0,5.33,6.33,6.33,3.66,4.84,6.86,5.16,6.33
1513,3.0,3.0,2.0,3.0,4.0,4.0,3.0,2.0,2.0,2.0,3.0,3.0,4.0,6.0,6.0,5.0,4.0,5.0,2.0,2.0,2.0,3.0,1.0,2.0,3.0,4.0,2.0,4.0,3.0,3.0,3.0,3.33,2.66,2.33,4.68,5.35,1.67,2.33,2.67,3.67,3.16,2.5,5.01,2.0,3.17
1514,4.0,4.0,3.0,3.0,3.0,4.0,2.0,2.0,2.0,1.0,2.0,2.0,4.0,6.0,5.0,5.0,5.0,6.0,4.0,5.0,4.0,5.0,4.0,5.0,2.0,2.0,1.0,3.0,2.0,2.0,3.34,3.67,1.99,1.66,4.7,5.69,4.0,5.0,1.67,2.33,3.5,1.82,5.2,4.5,2.0
1515,4.0,4.0,3.0,4.0,4.0,5.0,6.0,5.0,7.0,6.0,6.0,6.0,3.0,3.0,2.0,3.0,2.0,3.0,6.0,7.0,6.0,7.0,7.0,7.0,6.0,7.0,6.0,7.0,6.0,7.0,3.67,4.33,6.34,5.68,2.32,3.0,6.33,7.0,6.0,7.0,4.0,6.01,2.66,6.66,6.5
1516,3.0,4.0,3.0,3.0,3.0,4.0,1.0,2.0,2.0,2.0,2.0,1.0,6.0,5.0,5.0,6.0,3.0,5.0,7.0,7.0,7.0,7.0,7.0,7.0,6.0,7.0,7.0,7.0,6.0,7.0,3.0,3.67,1.66,1.66,4.65,5.35,7.0,7.0,6.33,7.0,3.34,1.66,5.0,7.0,6.66
1517,2.0,4.0,2.0,3.0,2.0,3.0,4.0,5.0,5.0,4.0,5.0,3.0,2.0,3.0,1.0,2.0,2.0,2.0,4.0,5.0,5.0,5.0,4.0,4.0,4.0,5.0,5.0,5.0,4.0,5.0,2.0,3.34,4.67,4.0,1.66,2.32,4.33,4.67,4.33,5.0,2.67,4.34,1.99,4.5,4.66
1518,5.0,5.0,4.0,4.0,3.0,5.0,2.0,1.0,2.0,1.0,3.0,2.0,4.0,4.0,4.0,5.0,3.0,4.0,3.0,3.0,2.0,3.0,3.0,2.0,6.0,6.0,4.0,5.0,5.0,5.0,4.01,4.67,2.32,1.32,3.66,4.34,2.67,2.67,5.0,5.33,4.34,1.82,4.0,2.67,5.16
1519,2.0,3.0,3.0,2.0,3.0,4.0,2.0,2.0,2.0,2.0,2.0,3.0,2.0,2.0,2.0,2.0,2.0,2.0,3.0,3.0,3.0,3.0,3.0,3.0,2.0,3.0,3.0,4.0,2.0,4.0,2.66,3.0,1.99,2.33,2.0,1.99,3.0,3.0,2.33,3.67,2.83,2.16,2.0,3.0,3.0
1520,4.0,5.0,4.0,4.0,5.0,5.0,5.0,5.0,5.0,4.0,6.0,5.0,6.0,6.0,5.0,7.0,4.0,6.0,1.0,2.0,2.0,2.0,2.0,3.0,2.0,3.0,1.0,3.0,2.0,3.0,4.33,4.67,5.34,4.67,5.0,6.35,1.67,2.33,1.67,3.0,4.5,5.0,5.68,2.0,2.34
1521,2.0,2.0,2.0,2.0,1.0,1.0,2.0,1.0,2.0,1.0,2.0,2.0,1.0,2.0,2.0,2.0,1.0,2.0,5.0,6.0,6.0,7.0,5.0,6.0,3.0,4.0,5.0,6.0,4.0,5.0,1.67,1.67,1.99,1.32,1.32,1.99,5.33,6.33,4.0,5.0,1.67,1.66,1.66,5.83,4.5
1522,1.0,1.0,1.0,1.0,1.0,1.0,4.0,3.0,4.0,4.0,3.0,3.0,2.0,2.0,2.0,2.0,2.0,1.0,4.0,4.0,4.0,4.0,3.0,4.0,1.0,1.0,2.0,2.0,1.0,2.0,1.0,1.0,3.67,3.33,2.0,1.65,3.67,4.0,1.33,1.67,1.0,3.5,1.82,3.84,1.5
1523,5.0,5.0,5.0,6.0,4.0,5.0,7.0,7.0,7.0,7.0,7.0,7.0,7.0,7.0,7.0,7.0,7.0,7.0,6.0,7.0,7.0,7.0,7.0,7.0,3.0,4.0,3.0,4.0,3.0,4.0,4.67,5.33,7.0,7.0,7.0,7.0,6.67,7.0,3.0,4.0,5.0,7.0,7.0,6.84,3.5
1524,2.0,3.0,1.0,3.0,2.0,3.0,4.0,3.0,4.0,4.0,4.0,4.0,1.0,3.0,3.0,2.0,2.0,2.0,7.0,7.0,7.0,7.0,7.0,7.0,5.0,6.0,4.0,6.0,5.0,5.0,1.67,3.0,4.0,3.67,2.0,2.32,7.0,7.0,4.67,5.67,2.34,3.84,2.16,7.0,5.17
1525,1.0,1.0,1.0,1.0,1.0,2.0,3.0,3.0,4.0,4.0,3.0,3.0,5.0,6.0,4.0,5.0,4.0,5.0,3.0,4.0,3.0,4.0,5.0,5.0,6.0,6.0,5.0,6.0,6.0,6.0,1.0,1.33,3.33,3.33,4.34,5.35,3.67,4.33,5.67,6.0,1.16,3.33,4.84,4.0,5.84
1526,3.0,3.0,4.0,4.0,4.0,3.0,2.0,1.0,2.0,2.0,2.0,2.0,3.0,3.0,2.0,3.0,1.0,2.0,2.0,2.0,1.0,1.0,1.0,2.0,1.0,2.0,2.0,2.0,1.0,4.0,3.66,3.33,1.99,1.66,1.97,2.66,1.33,1.67,1.33,2.67,3.5,1.82,2.32,1.5,2.0
1527,4.0,4.0,4.0,4.0,5.0,6.0,7.0,6.0,7.0,7.0,7.0,7.0,6.0,7.0,6.0,7.0,6.0,6.0,6.0,6.0,6.0,7.0,6.0,6.0,6.0,7.0,7.0,7.0,7.0,7.0,4.33,4.66,7.0,6.68,6.03,6.69,6.0,6.33,6.67,7.0,4.5,6.84,6.36,6.16,6.84
1528,1.0,2.0,1.0,1.0,2.0,2.0,2.0,2.0,2.0,2.0,1.0,1.0,4.0,4.0,4.0,5.0,4.0,4.0,4.0,4.0,4.0,4.0,3.0,4.0,3.0,3.0,2.0,3.0,2.0,4.0,1.33,1.67,1.66,1.66,4.01,4.34,3.67,4.0,2.33,3.33,1.5,1.66,4.18,3.84,2.83
1529,2.0,2.0,2.0,2.0,2.0,2.0,2.0,2.0,4.0,3.0,2.0,2.0,2.0,2.0,2.0,2.0,1.0,1.0,4.0,5.0,3.0,5.0,4.0,5.0,2.0,3.0,2.0,3.0,1.0,3.0,2.0,2.0,2.66,2.33,1.65,1.65,3.67,5.0,1.67,3.0,2.0,2.5,1.65,4.34,2.34
1530,1.0,1.0,1.0,1.0,1.0,1.0,3.0,2.0,4.0,3.0,2.0,2.0,3.0,3.0,2.0,3.0,1.0,2.0,4.0,6.0,5.0,4.0,5.0,5.0,2.0,3.0,1.0,2.0,1.0,2.0,1.0,1.0,3.0,2.33,1.97,2.66,4.67,5.0,1.33,2.33,1.0,2.66,2.32,4.84,1.83
1531,4.0,4.0,4.0,5.0,3.0,4.0,2.0,1.0,2.0,2.0,3.0,2.0,5.0,5.0,3.0,5.0,4.0,4.0,4.0,5.0,4.0,4.0,4.0,4.0,3.0,3.0,3.0,4.0,4.0,4.0,3.67,4.33,2.32,1.66,4.01,4.67,4.0,4.33,3.33,3.67,4.0,1.99,4.34,4.16,3.5
1532,3.0,3.0,2.0,3.0,3.0,4.0,6.0,5.0,6.0,6.0,6.0,5.0,5.0,6.0,4.0,5.0,5.0,5.0,5.0,5.0,4.0,4.0,4.0,5.0,7.0,7.0,7.0,7.0,7.0,7.0,2.67,3.33,6.01,5.34,4.69,5.35,4.33,4.67,7.0,7.0,3.0,5.68,5.02,4.5,7.0
1533,2.0,2.0,2.0,2.0,3.0,3.0,1.0,1.0,2.0,1.0,1.0,1.0,3.0,4.0,3.0,3.0,4.0,4.0,4.0,3.0,3.0,3.0,3.0,4.0,3.0,4.0,3.0,4.0,3.0,4.0,2.33,2.33,1.32,1.0,3.35,3.67,3.33,3.33,3.0,4.0,2.33,1.16,3.51,3.33,3.5
1534,2.0,2.0,2.0,3.0,2.0,3.0,6.0,6.0,7.0,6.0,7.0,7.0,4.0,4.0,3.0,4.0,4.0,5.0,5.0,5.0,5.0,6.0,4.0,6.0,5.0,6.0,5.0,6.0,4.0,5.0,2.0,2.66,6.68,6.35,3.68,4.35,4.67,5.67,4.67,5.67,2.33,6.52,4.01,5.17,5.17
1535,6.0,7.0,7.0,7.0,7.0,7.0,5.0,5.0,6.0,4.0,4.0,5.0,6.0,7.0,6.0,7.0,6.0,7.0,6.0,7.0,6.0,7.0,6.0,6.0,4.0,4.0,3.0,5.0,3.0,4.0,6.66,7.0,5.01,4.67,6.03,7.0,6.0,6.67,3.33,4.33,6.83,4.84,6.52,6.34,3.83
1536,6.0,6.0,5.0,5.0,6.0,7.0,4.0,3.0,4.0,4.0,5.0,4.0,3.0,3.0,3.0,4.0,2.0,3.0,2.0,1.0,1.0,2.0,1.0,1.0,2.0,2.0,2.0,2.0,2.0,2.0,5.67,6.0,4.33,3.67,2.65,3.33,1.33,1.33,2.0,2.0,5.84,4.0,2.99,1.33,2.0
1537,1.0,1.0,1.0,1.0,1.0,1.0,2.0,2.0,2.0,1.0,1.0,2.0,1.0,1.0,1.0,1.0,1.0,1.0,4.0,4.0,3.0,3.0,3.0,5.0,3.0,4.0,3.0,4.0,3.0,3.0,1.0,1.0,1.66,1.66,1.0,1.0,3.33,4.0,3.0,3.67,1.0,1.66,1.0,3.66,3.34
1538,2.0,1.0,1.0,2.0,2.0,3.0,5.0,5.0,5.0,4.0,5.0,5.0,4.0,4.0,4.0,5.0,3.0,4.0,5.0,6.0,6.0,6.0,6.0,7.0,2.0,3.0,2.0,3.0,3.0,4.0,1.67,1.99,5.0,4.67,3.66,4.34,5.67,6.33,2.33,3.33,1.83,4.84,4.0,6.0,2.83
1539,3.0,3.0,2.0,2.0,3.0,3.0,6.0,5.0,6.0,6.0,5.0,6.0,3.0,4.0,3.0,3.0,2.0,2.0,3.0,4.0,3.0,4.0,3.0,4.0,1.0,2.0,1.0,2.0,1.0,2.0,2.67,2.67,5.68,5.68,2.65,2.99,3.0,4.0,1.0,2.0,2.67,5.68,2.82,3.5,1.5
1540,4.0,5.0,4.0,4.0,4.0,5.0,2.0,1.0,2.0,1.0,1.0,1.0,3.0,3.0,3.0,3.0,3.0,3.0,4.0,4.0,3.0,4.0,3.0,4.0,2.0,2.0,1.0,2.0,1.0,2.0,4.0,4.67,1.66,1.0,3.0,3.0,3.33,4.0,1.33,2.0,4.34,1.33,3.0,3.66,1.66
1541,2.0,3.0,1.0,2.0,2.0,2.0,2.0,1.0,2.0,2.0,2.0,1.0,6.0,6.0,5.0,6.0,5.0,5.0,4.0,5.0,5.0,5.0,4.0,4.0,4.0,4.0,4.0,4.0,3.0,4.0,1.67,2.34,1.99,1.32,5.35,5.68,4.33,4.67,3.67,4.0,2.0,1.66,5.52,4.5,3.84
1542,3.0,2.0,1.0,1.0,2.0,2.0,3.0,3.0,3.0,3.0,3.0,2.0,7.0,7.0,7.0,7.0,7.0,7.0,1.0,4.0,2.0,1.0,1.0,1.0,5.0,6.0,5.0,6.0,5.0,6.0,2.0,1.67,3.0,2.66,7.0,7.0,1.33,2.0,5.0,6.0,1.84,2.83,7.0,1.66,5.5
1543,2.0,3.0,1.0,1.0,2.0,2.0,5.0,5.0,4.0,4.0,6.0,5.0,5.0,6.0,5.0,4.0,4.0,4.0,5.0,6.0,3.0,5.0,4.0,5.0,4.0,4.0,4.0,5.0,3.0,5.0,1.67,2.0,5.0,4.67,4.67,4.67,4.0,5.33,3.67,4.67,1.84,4.84,4.67,4.66,4.17
1544,4.0,5.0,5.0,6.0,4.0,4.0,4.0,5.0,6.0,5.0,6.0,5.0,4.0,4.0,3.0,5.0,3.0,3.0,2.0,3.0,2.0,2.0,2.0,3.0,3.0,5.0,4.0,4.0,5.0,5.0,4.33,5.0,5.34,5.01,3.33,4.0,2.0,2.67,4.0,4.67,4.66,5.18,3.66,2.34,4.34
1545,4.0,5.0,6.0,7.0,6.0,4.0,3.0,3.0,3.0,4.0,3.0,4.0,6.0,7.0,6.0,7.0,5.0,6.0,5.0,5.0,4.0,5.0,5.0,5.0,4.0,3.0,3.0,5.0,3.0,4.0,5.33,5.34,3.0,3.67,5.68,6.69,4.67,5.0,3.33,4.0,5.34,3.34,6.18,4.84,3.66
1546,4.0,4.0,4.0,4.0,4.0,4.0,5.0,3.0,5.0,5.0,5.0,5.0,4.0,5.0,5.0,5.0,5.0,6.0,3.0,5.0,5.0,6.0,4.0,5.0,2.0,3.0,2.0,3.0,2.0,2.0,4.0,4.0,5.0,4.34,4.7,5.36,4.0,5.33,2.0,2.67,4.0,4.67,5.03,4.66,2.34
1547,1.0,1.0,1.0,2.0,1.0,2.0,3.0,3.0,3.0,3.0,3.0,3.0,3.0,3.0,2.0,2.0,3.0,2.0,6.0,5.0,5.0,6.0,5.0,6.0,4.0,5.0,5.0,5.0,4.0,6.0,1.0,1.66,3.0,3.0,2.67,2.32,5.33,5.67,4.33,5.33,1.33,3.0,2.5,5.5,4.83
1548,1.0,1.0,1.0,1.0,1.0,1.0,4.0,3.0,5.0,3.0,4.0,4.0,1.0,1.0,1.0,1.0,1.0,1.0,4.0,4.0,3.0,4.0,4.0,4.0,1.0,1.0,1.0,2.0,1.0,2.0,1.0,1.0,4.34,3.33,1.0,1.0,3.67,4.0,1.0,1.67,1.0,3.84,1.0,3.84,1.34
1549,5.0,4.0,5.0,4.0,4.0,5.0,5.0,5.0,5.0,5.0,5.0,5.0,4.0,4.0,4.0,5.0,3.0,4.0,7.0,7.0,7.0,7.0,7.0,7.0,4.0,5.0,3.0,5.0,4.0,5.0,4.67,4.33,5.0,5.01,3.66,4.34,7.0,7.0,3.67,5.0,4.5,5.0,4.0,7.0,4.34
1550,1.0,1.0,1.0,1.0,1.0,1.0,4.0,3.0,4.0,4.0,4.0,4.0,2.0,2.0,2.0,1.0,2.0,2.0,5.0,6.0,6.0,7.0,6.0,7.0,3.0,4.0,3.0,4.0,4.0,4.0,1.0,1.0,4.0,3.67,2.0,1.66,5.67,6.67,3.33,4.0,1.0,3.84,1.83,6.17,3.66
1551,1.0,2.0,1.0,1.0,1.0,1.0,5.0,4.0,5.0,5.0,4.0,4.0,4.0,4.0,4.0,4.0,3.0,4.0,4.0,5.0,5.0,5.0,4.0,5.0,3.0,4.0,2.0,4.0,3.0,4.0,1.0,1.34,4.67,4.34,3.66,4.01,4.33,5.0,2.67,4.0,1.17,4.5,3.84,4.66,3.34
1552,1.0,1.0,1.0,2.0,1.0,1.0,3.0,2.0,3.0,2.0,2.0,2.0,1.0,2.0,1.0,2.0,1.0,1.0,4.0,4.0,4.0,5.0,4.0,4.0,2.0,4.0,4.0,4.0,4.0,5.0,1.0,1.33,2.66,1.99,1.0,1.65,4.0,4.33,3.33,4.33,1.16,2.33,1.32,4.16,3.83
1553,3.0,4.0,4.0,5.0,4.0,4.0,5.0,5.0,5.0,5.0,6.0,5.0,1.0,2.0,1.0,1.0,1.0,1.0,6.0,7.0,6.0,6.0,5.0,6.0,1.0,2.0,1.0,2.0,1.0,2.0,3.66,4.33,5.34,5.01,1.0,1.32,5.67,6.33,1.0,2.0,4.0,5.18,1.16,6.0,1.5
1554,2.0,3.0,2.0,3.0,2.0,3.0,5.0,4.0,4.0,4.0,5.0,4.0,4.0,5.0,4.0,5.0,4.0,5.0,3.0,4.0,3.0,4.0,3.0,4.0,4.0,4.0,3.0,4.0,4.0,4.0,2.0,3.0,4.67,4.0,4.01,5.01,3.0,4.0,3.67,4.0,2.5,4.34,4.51,3.5,3.84
1555,4.0,5.0,4.0,5.0,3.0,4.0,3.0,2.0,4.0,4.0,4.0,3.0,3.0,3.0,2.0,2.0,2.0,2.0,2.0,2.0,2.0,3.0,3.0,3.0,2.0,2.0,2.0,2.0,2.0,2.0,3.67,4.67,3.66,3.0,2.32,2.32,2.33,2.67,2.0,2.0,4.17,3.33,2.32,2.5,2.0
1556,1.0,1.0,1.0,1.0,1.0,1.0,7.0,6.0,7.0,7.0,7.0,7.0,3.0,3.0,3.0,5.0,2.0,3.0,6.0,6.0,6.0,6.0,7.0,7.0,3.0,3.0,2.0,3.0,2.0,3.0,1.0,1.0,7.0,6.68,2.65,3.66,6.33,6.33,2.33,3.0,1.0,6.84,3.16,6.33,2.66
1557,2.0,3.0,2.0,3.0,1.0,2.0,6.0,7.0,7.0,7.0,7.0,7.0,6.0,6.0,6.0,7.0,6.0,6.0,4.0,5.0,4.0,5.0,4.0,5.0,6.0,6.0,5.0,7.0,6.0,7.0,1.67,2.67,6.68,7.0,6.03,6.35,4.0,5.0,5.67,6.67,2.17,6.84,6.19,4.5,6.17
1558,2.0,4.0,4.0,4.0,5.0,4.0,5.0,5.0,6.0,6.0,6.0,5.0,3.0,3.0,2.0,3.0,2.0,2.0,4.0,5.0,4.0,5.0,4.0,5.0,6.0,7.0,6.0,6.0,5.0,6.0,3.65,4.0,5.67,5.34,2.32,2.66,4.0,5.0,5.67,6.33,3.82,5.5,2.49,4.5,6.0
1559,5.0,6.0,6.0,6.0,6.0,5.0,5.0,4.0,6.0,5.0,4.0,4.0,1.0,1.0,1.0,1.0,1.0,1.0,2.0,3.0,3.0,4.0,3.0,4.0,5.0,4.0,5.0,6.0,4.0,5.0,5.66,5.67,5.01,4.34,1.0,1.0,2.67,3.67,4.67,5.0,5.66,4.68,1.0,3.17,4.84
1560,7.0,7.0,7.0,7.0,7.0,7.0,3.0,4.0,4.0,4.0,4.0,4.0,4.0,4.0,2.0,3.0,3.0,3.0,2.0,3.0,3.0,4.0,3.0,4.0,3.0,5.0,3.0,4.0,3.0,4.0,7.0,7.0,3.66,4.0,3.0,3.33,2.67,3.67,3.0,4.33,7.0,3.83,3.16,3.17,3.66
1561,4.0,4.0,3.0,3.0,4.0,4.0,4.0,2.0,4.0,3.0,4.0,3.0,2.0,3.0,3.0,3.0,2.0,3.0,4.0,4.0,3.0,5.0,4.0,5.0,2.0,3.0,3.0,4.0,2.0,4.0,3.67,3.67,4.0,2.66,2.33,3.0,3.67,4.67,2.33,3.67,3.67,3.33,2.66,4.17,3.0
1562,3.0,4.0,2.0,3.0,3.0,4.0,4.0,3.0,4.0,4.0,4.0,3.0,4.0,4.0,4.0,4.0,3.0,3.0,3.0,4.0,4.0,4.0,4.0,3.0,5.0,5.0,4.0,5.0,5.0,5.0,2.67,3.67,4.0,3.33,3.66,3.66,3.67,3.67,4.67,5.0,3.17,3.66,3.66,3.67,4.84
1563,3.0,6.0,3.0,4.0,3.0,4.0,6.0,5.0,5.0,5.0,6.0,6.0,4.0,6.0,4.0,4.0,4.0,4.0,3.0,4.0,2.0,3.0,2.0,4.0,4.0,5.0,5.0,5.0,3.0,5.0,3.0,4.67,5.67,5.34,4.01,4.67,2.33,3.67,4.0,5.0,3.84,5.5,4.34,3.0,4.5
1564,2.0,2.0,2.0,3.0,1.0,1.0,5.0,4.0,4.0,4.0,5.0,4.0,6.0,7.0,5.0,6.0,4.0,5.0,1.0,2.0,1.0,2.0,1.0,2.0,4.0,6.0,5.0,6.0,4.0,6.0,1.67,2.0,4.67,4.0,5.0,6.01,1.0,2.0,4.33,6.0,1.84,4.34,5.5,1.5,5.16
1565,2.0,2.0,1.0,1.0,1.0,2.0,3.0,4.0,4.0,4.0,3.0,3.0,3.0,3.0,2.0,3.0,2.0,3.0,3.0,4.0,3.0,4.0,3.0,3.0,1.0,1.0,1.0,1.0,1.0,1.0,1.34,1.67,3.33,3.67,2.32,3.0,3.0,3.67,1.0,1.0,1.5,3.5,2.66,3.34,1.0
1566,1.0,2.0,2.0,2.0,1.0,2.0,5.0,4.0,6.0,5.0,5.0,5.0,3.0,4.0,3.0,3.0,2.0,3.0,3.0,4.0,2.0,3.0,2.0,3.0,7.0,7.0,7.0,7.0,7.0,7.0,1.33,2.0,5.34,4.67,2.65,3.33,2.33,3.33,7.0,7.0,1.66,5.0,2.99,2.83,7.0
1567,2.0,2.0,2.0,2.0,2.0,2.0,5.0,3.0,5.0,5.0,5.0,4.0,1.0,2.0,2.0,2.0,1.0,2.0,3.0,4.0,3.0,4.0,4.0,5.0,2.0,3.0,1.0,3.0,1.0,3.0,2.0,2.0,5.0,4.0,1.32,1.99,3.33,4.33,1.33,3.0,2.0,4.5,1.66,3.83,2.16
1568,5.0,6.0,6.0,6.0,5.0,6.0,5.0,4.0,5.0,4.0,4.0,4.0,4.0,5.0,4.0,4.0,3.0,4.0,2.0,2.0,2.0,4.0,2.0,2.0,5.0,6.0,5.0,6.0,5.0,6.0,5.34,6.0,4.67,4.0,3.66,4.34,2.0,2.67,5.0,6.0,5.67,4.34,4.0,2.34,5.5
1569,4.0,5.0,5.0,5.0,5.0,5.0,6.0,6.0,6.0,6.0,6.0,5.0,4.0,4.0,5.0,4.0,3.0,4.0,7.0,7.0,7.0,7.0,6.0,7.0,5.0,5.0,4.0,4.0,4.0,4.0,4.66,5.0,6.01,5.68,4.0,4.01,6.67,7.0,4.33,4.33,4.83,5.84,4.0,6.84,4.33
1570,5.0,6.0,6.0,3.0,6.0,6.0,1.0,1.0,1.0,1.0,2.0,1.0,4.0,4.0,3.0,3.0,3.0,3.0,4.0,4.0,4.0,5.0,4.0,4.0,5.0,7.0,4.0,6.0,4.0,5.0,5.66,5.0,1.32,1.0,3.33,3.33,4.0,4.33,4.33,6.0,5.33,1.16,3.33,4.16,5.16
1571,5.0,6.0,5.0,6.0,6.0,6.0,5.0,4.0,5.0,5.0,5.0,5.0,4.0,6.0,4.0,6.0,4.0,4.0,6.0,6.0,4.0,6.0,5.0,6.0,5.0,5.0,5.0,6.0,4.0,5.0,5.33,6.0,5.0,4.67,4.01,5.34,5.0,6.0,4.67,5.33,5.66,4.84,4.68,5.5,5.0
1572,5.0,5.0,4.0,6.0,4.0,6.0,4.0,5.0,5.0,5.0,6.0,4.0,1.0,1.0,1.0,1.0,1.0,1.0,5.0,5.0,3.0,4.0,3.0,4.0,7.0,7.0,6.0,7.0,7.0,7.0,4.34,5.66,5.0,4.67,1.0,1.0,3.67,4.33,6.67,7.0,5.0,4.84,1.0,4.0,6.84
1573,2.0,4.0,3.0,4.0,3.0,4.0,5.0,6.0,6.0,5.0,5.0,4.0,4.0,5.0,6.0,6.0,4.0,5.0,6.0,7.0,5.0,6.0,5.0,6.0,7.0,7.0,7.0,7.0,6.0,7.0,2.66,4.0,5.34,5.01,4.68,5.35,5.33,6.33,6.67,7.0,3.33,5.18,5.01,5.83,6.84
1574,4.0,4.0,4.0,5.0,4.0,5.0,4.0,3.0,4.0,4.0,4.0,3.0,2.0,3.0,2.0,2.0,1.0,1.0,3.0,4.0,3.0,4.0,2.0,3.0,4.0,6.0,5.0,6.0,5.0,6.0,4.0,4.66,4.0,3.33,1.65,1.98,2.67,3.67,4.67,6.0,4.33,3.66,1.82,3.17,5.34
1575,2.0,2.0,1.0,1.0,1.0,2.0,5.0,5.0,5.0,5.0,5.0,6.0,3.0,4.0,3.0,3.0,2.0,3.0,6.0,6.0,6.0,6.0,6.0,6.0,4.0,6.0,5.0,5.0,5.0,6.0,1.34,1.67,5.0,5.34,2.65,3.33,6.0,6.0,4.67,5.67,1.5,5.17,2.99,6.0,5.17
1576,2.0,3.0,2.0,3.0,2.0,2.0,1.0,1.0,1.0,1.0,1.0,1.0,2.0,3.0,3.0,3.0,2.0,3.0,1.0,2.0,2.0,2.0,2.0,3.0,2.0,3.0,1.0,3.0,1.0,2.0,2.0,2.67,1.0,1.0,2.33,3.0,1.67,2.33,1.33,2.67,2.34,1.0,2.66,2.0,2.0
1577,1.0,2.0,2.0,3.0,2.0,3.0,4.0,4.0,5.0,4.0,4.0,3.0,2.0,3.0,2.0,2.0,2.0,2.0,1.0,1.0,2.0,2.0,2.0,2.0,3.0,3.0,3.0,3.0,3.0,4.0,1.66,2.66,4.34,3.67,2.0,2.32,1.67,1.67,3.0,3.33,2.16,4.0,2.16,1.67,3.16
1578,7.0,6.0,7.0,6.0,7.0,7.0,6.0,5.0,5.0,6.0,7.0,6.0,7.0,7.0,7.0,7.0,7.0,7.0,4.0,6.0,4.0,4.0,4.0,4.0,7.0,7.0,7.0,7.0,6.0,7.0,7.0,6.33,6.01,5.68,7.0,7.0,4.0,4.67,6.67,7.0,6.66,5.84,7.0,4.34,6.84
1579,2.0,3.0,2.0,3.0,2.0,2.0,5.0,5.0,6.0,5.0,5.0,5.0,1.0,3.0,2.0,2.0,2.0,2.0,7.0,7.0,7.0,7.0,7.0,7.0,2.0,3.0,3.0,4.0,3.0,4.0,2.0,2.67,5.34,5.01,1.67,2.32,7.0,7.0,2.67,3.67,2.34,5.18,2.0,7.0,3.17
1580,3.0,3.0,3.0,3.0,3.0,4.0,4.0,3.0,4.0,4.0,4.0,4.0,3.0,3.0,3.0,3.0,2.0,2.0,1.0,2.0,1.0,2.0,2.0,3.0,1.0,2.0,2.0,2.0,1.0,2.0,3.0,3.33,4.0,3.67,2.65,2.66,1.33,2.33,1.33,2.0,3.16,3.84,2.66,1.83,1.66
1581,1.0,2.0,2.0,2.0,1.0,2.0,4.0,4.0,4.0,4.0,4.0,4.0,2.0,3.0,2.0,2.0,2.0,2.0,3.0,3.0,3.0,3.0,2.0,3.0,5.0,6.0,5.0,6.0,6.0,6.0,1.33,2.0,4.0,4.0,2.0,2.32,2.67,3.0,5.33,6.0,1.66,4.0,2.16,2.84,5.66
1582,3.0,4.0,4.0,4.0,4.0,5.0,4.0,4.0,5.0,4.0,5.0,5.0,5.0,5.0,4.0,6.0,5.0,5.0,4.0,5.0,5.0,6.0,5.0,5.0,2.0,4.0,3.0,4.0,4.0,5.0,3.66,4.33,4.67,4.34,4.69,5.35,4.67,5.33,3.0,4.33,4.0,4.5,5.02,5.0,3.66
1583,2.0,2.0,1.0,2.0,3.0,4.0,4.0,4.0,4.0,4.0,5.0,4.0,5.0,6.0,6.0,6.0,6.0,6.0,6.0,6.0,6.0,6.0,6.0,7.0,4.0,5.0,5.0,4.0,5.0,6.0,2.0,2.66,4.33,4.0,5.7,6.02,6.0,6.33,4.67,5.0,2.33,4.16,5.86,6.16,4.84
1584,3.0,3.0,3.0,3.0,3.0,4.0,5.0,5.0,5.0,6.0,5.0,5.0,6.0,7.0,6.0,7.0,6.0,7.0,4.0,6.0,4.0,5.0,4.0,4.0,6.0,7.0,5.0,6.0,6.0,7.0,3.0,3.33,5.0,5.34,6.03,7.0,4.0,5.0,5.67,6.67,3.16,5.17,6.52,4.5,6.17
1585,1.0,1.0,1.0,2.0,3.0,1.0,5.0,5.0,5.0,5.0,5.0,4.0,2.0,3.0,3.0,2.0,2.0,2.0,4.0,6.0,4.0,5.0,4.0,5.0,4.0,4.0,3.0,4.0,3.0,4.0,1.66,1.33,5.0,4.67,2.33,2.32,4.0,5.33,3.33,4.0,1.5,4.84,2.33,4.66,3.66
1586,1.0,1.0,2.0,2.0,1.0,1.0,4.0,4.0,4.0,4.0,3.0,3.0,1.0,2.0,1.0,1.0,1.0,1.0,4.0,4.0,4.0,5.0,3.0,4.0,2.0,2.0,2.0,4.0,2.0,3.0,1.33,1.33,3.67,3.67,1.0,1.32,3.67,4.33,2.0,3.0,1.33,3.67,1.16,4.0,2.5
1587,2.0,2.0,2.0,2.0,2.0,3.0,5.0,5.0,6.0,6.0,6.0,6.0,4.0,5.0,4.0,4.0,3.0,4.0,6.0,6.0,5.0,6.0,5.0,6.0,2.0,2.0,2.0,3.0,1.0,3.0,2.0,2.33,5.67,5.68,3.66,4.34,5.33,6.0,1.67,2.67,2.16,5.68,4.0,5.66,2.17
1588,4.0,5.0,3.0,5.0,4.0,4.0,4.0,4.0,5.0,4.0,5.0,6.0,1.0,2.0,1.0,1.0,1.0,1.0,5.0,5.0,3.0,4.0,4.0,5.0,5.0,6.0,6.0,6.0,6.0,7.0,3.67,4.67,4.67,4.67,1.0,1.32,4.0,4.67,5.67,6.33,4.17,4.67,1.16,4.34,6.0
1589,3.0,4.0,3.0,3.0,4.0,5.0,6.0,5.0,6.0,5.0,6.0,6.0,3.0,3.0,3.0,3.0,2.0,3.0,4.0,5.0,4.0,5.0,4.0,4.0,7.0,7.0,7.0,7.0,7.0,7.0,3.33,4.0,6.01,5.34,2.65,3.0,4.0,4.67,7.0,7.0,3.66,5.68,2.82,4.34,7.0
1590,1.0,1.0,1.0,2.0,1.0,1.0,3.0,4.0,4.0,4.0,4.0,3.0,5.0,5.0,5.0,6.0,5.0,4.0,1.0,2.0,1.0,1.0,1.0,1.0,3.0,4.0,3.0,4.0,2.0,3.0,1.0,1.33,3.66,3.67,5.02,5.0,1.0,1.33,2.67,3.67,1.16,3.66,5.01,1.16,3.17
1591,4.0,5.0,3.0,3.0,3.0,4.0,5.0,5.0,6.0,6.0,5.0,4.0,3.0,3.0,3.0,3.0,2.0,3.0,1.0,1.0,1.0,2.0,1.0,2.0,5.0,6.0,5.0,6.0,4.0,5.0,3.34,4.0,5.34,5.01,2.65,3.0,1.0,1.67,4.67,5.67,3.67,5.18,2.82,1.34,5.17
1592,4.0,4.0,6.0,6.0,5.0,5.0,3.0,3.0,2.0,2.0,2.0,2.0,3.0,4.0,4.0,4.0,3.0,4.0,3.0,4.0,4.0,5.0,4.0,4.0,5.0,6.0,5.0,7.0,5.0,6.0,5.0,5.0,2.33,2.33,3.34,4.01,3.67,4.33,5.0,6.33,5.0,2.33,3.68,4.0,5.66
1593,4.0,6.0,5.0,5.0,5.0,5.0,7.0,7.0,7.0,7.0,7.0,7.0,6.0,6.0,5.0,7.0,5.0,5.0,5.0,5.0,5.0,5.0,5.0,5.0,6.0,7.0,6.0,7.0,6.0,7.0,4.66,5.34,7.0,7.0,5.35,6.01,5.0,5.0,6.0,7.0,5.0,7.0,5.68,5.0,6.5
1594,5.0,5.0,3.0,4.0,3.0,4.0,1.0,2.0,3.0,3.0,2.0,3.0,1.0,1.0,1.0,1.0,1.0,1.0,1.0,1.0,1.0,1.0,1.0,1.0,1.0,1.0,2.0,1.0,1.0,1.0,3.68,4.34,1.99,2.66,1.0,1.0,1.0,1.0,1.33,1.0,4.01,2.33,1.0,1.0,1.16
1595,1.0,2.0,2.0,2.0,2.0,4.0,4.0,5.0,6.0,5.0,5.0,5.0,3.0,3.0,2.0,2.0,2.0,3.0,5.0,7.0,5.0,6.0,6.0,7.0,5.0,5.0,5.0,5.0,5.0,6.0,1.66,2.66,5.0,5.01,2.32,2.67,5.33,6.67,5.0,5.33,2.16,5.0,2.5,6.0,5.16
1596,2.0,3.0,2.0,3.0,2.0,2.0,2.0,2.0,3.0,2.0,2.0,2.0,7.0,7.0,7.0,7.0,6.0,7.0,3.0,4.0,3.0,3.0,3.0,4.0,1.0,1.0,1.0,1.0,1.0,2.0,2.0,2.67,2.33,1.99,6.69,7.0,3.0,3.67,1.0,1.33,2.34,2.16,6.85,3.34,1.16
1597,2.0,3.0,2.0,2.0,2.0,2.0,1.0,1.0,2.0,2.0,2.0,1.0,3.0,3.0,2.0,3.0,2.0,4.0,5.0,6.0,5.0,6.0,5.0,6.0,5.0,6.0,6.0,6.0,5.0,6.0,2.0,2.34,1.66,1.32,2.32,3.34,5.0,6.0,5.33,6.0,2.17,1.49,2.83,5.5,5.66
1598,1.0,2.0,1.0,2.0,1.0,3.0,3.0,4.0,4.0,4.0,4.0,3.0,5.0,6.0,5.0,5.0,4.0,5.0,3.0,2.0,3.0,3.0,2.0,3.0,2.0,3.0,2.0,3.0,3.0,4.0,1.0,2.33,3.66,3.67,4.67,5.35,2.67,2.67,2.33,3.33,1.66,3.66,5.01,2.67,2.83
1599,3.0,4.0,5.0,5.0,4.0,4.0,6.0,6.0,5.0,6.0,6.0,5.0,7.0,7.0,6.0,7.0,6.0,6.0,5.0,5.0,4.0,6.0,5.0,6.0,4.0,7.0,6.0,6.0,5.0,6.0,4.0,4.33,5.67,5.68,6.36,6.69,4.67,5.67,5.0,6.33,4.16,5.68,6.52,5.17,5.66
1600,3.0,3.0,3.0,3.0,2.0,4.0,4.0,4.0,5.0,4.0,6.0,5.0,3.0,3.0,2.0,3.0,2.0,2.0,2.0,3.0,2.0,3.0,3.0,3.0,7.0,7.0,7.0,7.0,7.0,7.0,2.67,3.33,5.0,4.34,2.32,2.66,2.33,3.0,7.0,7.0,3.0,4.67,2.49,2.66,7.0
1601,4.0,4.0,4.0,5.0,5.0,5.0,3.0,2.0,4.0,4.0,2.0,1.0,5.0,6.0,5.0,5.0,5.0,5.0,7.0,7.0,7.0,7.0,7.0,7.0,5.0,6.0,5.0,6.0,4.0,5.0,4.33,4.66,3.0,2.33,5.02,5.35,7.0,7.0,4.67,5.67,4.5,2.66,5.18,7.0,5.17
1602,2.0,2.0,2.0,4.0,2.0,3.0,5.0,3.0,4.0,4.0,4.0,4.0,2.0,3.0,2.0,2.0,1.0,2.0,6.0,7.0,6.0,7.0,7.0,7.0,6.0,7.0,6.0,7.0,6.0,6.0,2.0,3.0,4.34,3.67,1.65,2.32,6.33,7.0,6.0,6.67,2.5,4.0,1.98,6.66,6.34
1603,5.0,6.0,6.0,5.0,6.0,6.0,3.0,2.0,4.0,3.0,4.0,3.0,6.0,7.0,6.0,6.0,5.0,6.0,6.0,6.0,6.0,6.0,6.0,6.0,7.0,7.0,6.0,7.0,7.0,7.0,5.66,5.67,3.66,2.66,5.68,6.35,6.0,6.0,6.67,7.0,5.66,3.16,6.02,6.0,6.84
1604,5.0,5.0,4.0,5.0,5.0,6.0,6.0,4.0,5.0,4.0,6.0,6.0,6.0,6.0,6.0,7.0,6.0,6.0,7.0,7.0,7.0,7.0,7.0,7.0,4.0,5.0,4.0,5.0,4.0,6.0,4.67,5.33,5.67,4.67,6.03,6.35,7.0,7.0,4.0,5.33,5.0,5.17,6.19,7.0,4.66
1605,4.0,5.0,5.0,5.0,4.0,5.0,4.0,2.0,4.0,3.0,3.0,3.0,6.0,7.0,6.0,6.0,5.0,5.0,3.0,3.0,2.0,3.0,2.0,3.0,2.0,2.0,1.0,2.0,1.0,2.0,4.33,5.0,3.67,2.66,5.68,6.01,2.33,3.0,1.33,2.0,4.66,3.16,5.84,2.66,1.66
1606,3.0,4.0,3.0,5.0,3.0,3.0,5.0,5.0,5.0,4.0,6.0,5.0,3.0,3.0,4.0,5.0,3.0,4.0,5.0,7.0,6.0,6.0,6.0,6.0,4.0,5.0,4.0,6.0,4.0,6.0,3.0,4.0,5.34,4.67,3.34,4.01,5.67,6.33,4.0,5.67,3.5,5.0,3.68,6.0,4.84
1607,2.0,3.0,3.0,3.0,3.0,4.0,2.0,2.0,4.0,4.0,4.0,4.0,3.0,4.0,3.0,3.0,2.0,2.0,2.0,2.0,1.0,2.0,2.0,3.0,2.0,2.0,2.0,3.0,2.0,2.0,2.66,3.33,3.33,3.33,2.65,2.99,1.67,2.33,2.0,2.33,3.0,3.33,2.82,2.0,2.16
1608,2.0,4.0,3.0,3.0,3.0,4.0,2.0,3.0,3.0,3.0,3.0,2.0,6.0,6.0,5.0,5.0,4.0,4.0,3.0,4.0,4.0,4.0,3.0,5.0,3.0,4.0,2.0,4.0,2.0,5.0,2.66,3.67,2.66,2.66,5.0,5.0,3.33,4.33,2.33,4.33,3.16,2.66,5.0,3.83,3.33
1609,6.0,7.0,6.0,7.0,6.0,7.0,3.0,2.0,4.0,4.0,4.0,4.0,6.0,6.0,5.0,6.0,5.0,5.0,4.0,5.0,4.0,5.0,3.0,4.0,2.0,3.0,1.0,2.0,2.0,3.0,6.0,7.0,3.66,3.33,5.35,5.68,3.67,4.67,1.67,2.67,6.5,3.5,5.52,4.17,2.17
1610,1.0,3.0,1.0,1.0,1.0,2.0,7.0,7.0,7.0,6.0,7.0,6.0,4.0,4.0,4.0,4.0,3.0,4.0,2.0,2.0,2.0,3.0,2.0,2.0,3.0,4.0,3.0,4.0,3.0,5.0,1.0,2.0,7.0,6.35,3.66,4.01,2.0,2.33,3.0,4.33,1.5,6.68,3.84,2.16,3.66
1611,1.0,1.0,1.0,1.0,1.0,1.0,3.0,3.0,4.0,3.0,2.0,3.0,3.0,3.0,2.0,3.0,2.0,3.0,2.0,3.0,1.0,2.0,1.0,2.0,1.0,1.0,1.0,1.0,1.0,2.0,1.0,1.0,3.0,3.0,2.32,3.0,1.33,2.33,1.0,1.33,1.0,3.0,2.66,1.83,1.16
1612,3.0,4.0,4.0,5.0,4.0,4.0,7.0,7.0,7.0,7.0,7.0,7.0,7.0,7.0,7.0,7.0,7.0,7.0,5.0,6.0,4.0,6.0,5.0,6.0,6.0,6.0,5.0,6.0,4.0,6.0,3.66,4.33,7.0,7.0,7.0,7.0,4.67,6.0,5.0,6.0,4.0,7.0,7.0,5.34,5.5
1613,4.0,4.0,5.0,6.0,5.0,5.0,5.0,5.0,5.0,5.0,6.0,5.0,2.0,3.0,2.0,3.0,2.0,3.0,4.0,5.0,5.0,5.0,5.0,6.0,3.0,5.0,4.0,5.0,3.0,5.0,4.66,5.0,5.34,5.01,2.0,3.0,4.67,5.33,3.33,5.0,4.83,5.18,2.5,5.0,4.16
1614,2.0,3.0,2.0,4.0,2.0,3.0,4.0,4.0,5.0,5.0,4.0,3.0,7.0,7.0,6.0,7.0,6.0,6.0,5.0,6.0,6.0,5.0,5.0,6.0,7.0,6.0,6.0,7.0,7.0,7.0,2.0,3.33,4.34,4.0,6.36,6.69,5.33,5.67,6.67,6.67,2.66,4.17,6.52,5.5,6.67
1615,1.0,2.0,1.0,2.0,1.0,2.0,3.0,3.0,4.0,4.0,4.0,4.0,2.0,2.0,3.0,2.0,2.0,3.0,3.0,4.0,4.0,5.0,3.0,5.0,5.0,6.0,6.0,6.0,5.0,6.0,1.0,2.0,3.66,3.67,2.33,2.33,3.33,4.67,5.33,6.0,1.5,3.66,2.33,4.0,5.66
1616,3.0,3.0,3.0,4.0,2.0,2.0,5.0,5.0,6.0,5.0,6.0,5.0,4.0,4.0,4.0,3.0,3.0,4.0,3.0,4.0,4.0,4.0,3.0,4.0,2.0,3.0,3.0,4.0,3.0,3.0,2.67,3.0,5.67,5.01,3.66,3.67,3.33,4.0,2.67,3.33,2.84,5.34,3.66,3.66,3.0
1617,1.0,1.0,1.0,2.0,2.0,2.0,5.0,4.0,6.0,4.0,4.0,4.0,1.0,1.0,1.0,1.0,1.0,1.0,2.0,2.0,1.0,2.0,3.0,2.0,2.0,4.0,2.0,3.0,2.0,3.0,1.33,1.66,5.01,4.0,1.0,1.0,2.0,2.0,2.0,3.33,1.5,4.5,1.0,2.0,2.66
1618,2.0,3.0,3.0,3.0,2.0,3.0,4.0,4.0,5.0,4.0,3.0,3.0,1.0,2.0,1.0,1.0,1.0,1.0,4.0,6.0,4.0,5.0,4.0,5.0,5.0,7.0,5.0,4.0,6.0,6.0,2.33,3.0,4.0,3.67,1.0,1.32,4.0,5.33,5.33,5.67,2.66,3.84,1.16,4.66,5.5
1619,2.0,3.0,3.0,3.0,3.0,3.0,5.0,5.0,6.0,6.0,6.0,5.0,4.0,6.0,4.0,6.0,3.0,4.0,5.0,5.0,6.0,6.0,5.0,6.0,2.0,4.0,2.0,3.0,2.0,2.0,2.66,3.0,5.67,5.34,3.66,5.34,5.33,5.67,2.0,3.0,2.83,5.5,4.5,5.5,2.5
1620,7.0,7.0,7.0,7.0,7.0,7.0,6.0,6.0,7.0,7.0,6.0,6.0,5.0,5.0,4.0,5.0,3.0,4.0,4.0,5.0,5.0,6.0,5.0,5.0,2.0,3.0,2.0,3.0,3.0,3.0,7.0,7.0,6.34,6.35,3.99,4.67,4.67,5.33,2.33,3.0,7.0,6.34,4.33,5.0,2.66
1621,7.0,7.0,7.0,7.0,7.0,7.0,4.0,4.0,4.0,3.0,4.0,4.0,2.0,1.0,2.0,2.0,2.0,1.0,6.0,5.0,4.0,5.0,4.0,5.0,2.0,3.0,2.0,4.0,2.0,4.0,7.0,7.0,4.0,3.67,2.0,1.32,4.67,5.0,2.0,3.67,7.0,3.84,1.66,4.84,2.84
1622,2.0,3.0,4.0,4.0,3.0,5.0,3.0,3.0,4.0,3.0,4.0,3.0,2.0,3.0,2.0,3.0,3.0,2.0,4.0,5.0,5.0,6.0,5.0,5.0,3.0,5.0,3.0,4.0,3.0,4.0,3.0,3.99,3.66,3.0,2.35,2.66,4.67,5.33,3.0,4.33,3.5,3.33,2.5,5.0,3.66
1623,1.0,3.0,2.0,1.0,2.0,2.0,1.0,1.0,1.0,2.0,3.0,2.0,2.0,3.0,2.0,2.0,2.0,2.0,2.0,3.0,2.0,2.0,2.0,2.0,2.0,3.0,2.0,4.0,3.0,3.0,1.66,2.0,1.65,1.66,2.0,2.32,2.0,2.33,2.33,3.33,1.83,1.65,2.16,2.16,2.83
1624,3.0,3.0,2.0,3.0,2.0,3.0,1.0,1.0,1.0,1.0,1.0,1.0,2.0,3.0,3.0,3.0,2.0,2.0,4.0,5.0,3.0,4.0,4.0,5.0,5.0,5.0,4.0,5.0,5.0,6.0,2.34,3.0,1.0,1.0,2.33,2.66,3.67,4.67,4.67,5.33,2.67,1.0,2.5,4.17,5.0
1625,7.0,7.0,7.0,7.0,7.0,7.0,6.0,6.0,7.0,6.0,6.0,6.0,3.0,4.0,4.0,4.0,3.0,3.0,4.0,4.0,4.0,5.0,3.0,4.0,5.0,7.0,6.0,6.0,6.0,7.0,7.0,7.0,6.34,6.01,3.34,3.66,3.67,4.33,5.67,6.67,7.0,6.18,3.5,4.0,6.17
1626,1.0,2.0,1.0,2.0,1.0,1.0,4.0,4.0,4.0,5.0,4.0,5.0,5.0,6.0,5.0,5.0,4.0,4.0,7.0,7.0,7.0,7.0,7.0,7.0,4.0,5.0,3.0,4.0,3.0,4.0,1.0,1.67,4.0,4.67,4.67,5.0,7.0,7.0,3.33,4.33,1.34,4.34,4.84,7.0,3.83
1627,5.0,6.0,4.0,5.0,6.0,6.0,5.0,4.0,5.0,4.0,5.0,4.0,3.0,4.0,2.0,4.0,2.0,3.0,5.0,5.0,5.0,5.0,4.0,5.0,6.0,7.0,7.0,7.0,6.0,7.0,5.0,5.67,5.0,4.0,2.32,3.66,4.67,5.0,6.33,7.0,5.34,4.5,2.99,4.84,6.66
1628,1.0,1.0,1.0,1.0,1.0,1.0,3.0,3.0,3.0,5.0,5.0,4.0,3.0,3.0,3.0,3.0,2.0,3.0,2.0,3.0,1.0,3.0,2.0,4.0,2.0,3.0,3.0,3.0,3.0,4.0,1.0,1.0,3.66,4.0,2.65,3.0,1.67,3.33,2.67,3.33,1.0,3.83,2.82,2.5,3.0
1629,4.0,5.0,4.0,5.0,5.0,6.0,5.0,4.0,5.0,4.0,5.0,4.0,3.0,4.0,3.0,3.0,2.0,3.0,4.0,4.0,4.0,5.0,3.0,4.0,5.0,7.0,5.0,6.0,5.0,6.0,4.33,5.33,5.0,4.0,2.65,3.33,3.67,4.33,5.0,6.33,4.83,4.5,2.99,4.0,5.66
1630,1.0,1.0,1.0,1.0,1.0,1.0,2.0,1.0,2.0,2.0,2.0,1.0,1.0,1.0,1.0,1.0,1.0,1.0,2.0,2.0,1.0,2.0,1.0,2.0,1.0,1.0,1.0,1.0,1.0,1.0,1.0,1.0,1.99,1.32,1.0,1.0,1.33,2.0,1.0,1.0,1.0,1.66,1.0,1.66,1.0
1631,4.0,4.0,2.0,3.0,3.0,4.0,6.0,5.0,6.0,5.0,4.0,4.0,1.0,1.0,2.0,1.0,1.0,1.0,1.0,1.0,1.0,2.0,1.0,1.0,3.0,3.0,2.0,5.0,3.0,3.0,3.0,3.67,5.34,4.67,1.32,1.0,1.0,1.33,2.67,3.67,3.34,5.0,1.16,1.16,3.17
1632,5.0,5.0,5.0,5.0,4.0,4.0,4.0,4.0,4.0,4.0,4.0,4.0,4.0,5.0,4.0,4.0,4.0,4.0,5.0,5.0,6.0,6.0,5.0,6.0,1.0,3.0,2.0,1.0,1.0,3.0,4.67,4.67,4.0,4.0,4.01,4.34,5.33,5.67,1.33,2.33,4.67,4.0,4.18,5.5,1.83
1633,1.0,1.0,1.0,1.0,1.0,2.0,5.0,6.0,6.0,6.0,6.0,5.0,4.0,4.0,4.0,4.0,3.0,3.0,7.0,7.0,7.0,7.0,7.0,7.0,5.0,6.0,5.0,6.0,5.0,6.0,1.0,1.33,5.67,5.68,3.66,3.66,7.0,7.0,5.0,6.0,1.16,5.68,3.66,7.0,5.5
1634,5.0,6.0,4.0,5.0,5.0,5.0,5.0,5.0,6.0,6.0,6.0,5.0,6.0,7.0,6.0,7.0,6.0,7.0,3.0,3.0,2.0,3.0,3.0,4.0,5.0,5.0,4.0,4.0,4.0,4.0,4.67,5.34,5.67,5.34,6.03,7.0,2.67,3.33,4.33,4.33,5.0,5.5,6.52,3.0,4.33
1635,2.0,2.0,2.0,3.0,2.0,3.0,4.0,3.0,4.0,4.0,4.0,4.0,3.0,3.0,3.0,3.0,2.0,3.0,5.0,5.0,4.0,5.0,4.0,5.0,3.0,4.0,2.0,4.0,2.0,4.0,2.0,2.66,4.0,3.67,2.65,3.0,4.33,5.0,2.33,4.0,2.33,3.84,2.82,4.66,3.16
1636,3.0,3.0,3.0,2.0,3.0,3.0,5.0,4.0,5.0,5.0,4.0,4.0,5.0,5.0,2.0,5.0,3.0,4.0,4.0,5.0,4.0,5.0,4.0,5.0,6.0,6.0,6.0,6.0,6.0,7.0,3.0,2.67,4.67,4.34,3.32,4.67,4.0,5.0,6.0,6.33,2.84,4.5,4.0,4.5,6.16
1637,4.0,5.0,5.0,6.0,5.0,5.0,7.0,6.0,7.0,7.0,7.0,6.0,5.0,6.0,5.0,5.0,4.0,4.0,4.0,4.0,3.0,4.0,3.0,4.0,3.0,3.0,3.0,4.0,4.0,4.0,4.66,5.33,7.0,6.35,4.67,5.0,3.33,4.0,3.33,3.67,5.0,6.68,4.84,3.66,3.5
1638,1.0,1.0,1.0,1.0,1.0,1.0,2.0,3.0,4.0,3.0,3.0,3.0,1.0,1.0,1.0,1.0,1.0,1.0,3.0,3.0,2.0,4.0,3.0,3.0,1.0,2.0,1.0,1.0,2.0,1.0,1.0,1.0,3.0,3.0,1.0,1.0,2.67,3.33,1.33,1.33,1.0,3.0,1.0,3.0,1.33
1639,2.0,3.0,4.0,4.0,3.0,3.0,5.0,4.0,5.0,5.0,4.0,4.0,5.0,7.0,5.0,6.0,5.0,6.0,6.0,7.0,6.0,6.0,6.0,7.0,5.0,6.0,6.0,7.0,5.0,7.0,3.0,3.33,4.67,4.34,5.02,6.35,6.0,6.67,5.33,6.67,3.16,4.5,5.68,6.34,6.0
1640,1.0,1.0,1.0,1.0,1.0,1.0,1.0,1.0,1.0,1.0,1.0,1.0,2.0,2.0,1.0,3.0,1.0,1.0,3.0,3.0,3.0,4.0,3.0,4.0,2.0,2.0,1.0,2.0,2.0,3.0,1.0,1.0,1.0,1.0,1.31,1.98,3.0,3.67,1.67,2.33,1.0,1.0,1.64,3.34,2.0
1641,1.0,1.0,1.0,1.0,1.0,1.0,2.0,1.0,2.0,2.0,3.0,2.0,2.0,2.0,1.0,2.0,2.0,2.0,3.0,4.0,4.0,4.0,4.0,4.0,2.0,2.0,2.0,3.0,1.0,2.0,1.0,1.0,2.32,1.66,1.66,1.99,3.67,4.0,1.67,2.33,1.0,1.99,1.82,3.84,2.0
1642,7.0,7.0,7.0,7.0,7.0,7.0,5.0,3.0,4.0,4.0,5.0,4.0,6.0,7.0,7.0,7.0,6.0,6.0,4.0,5.0,4.0,5.0,4.0,4.0,3.0,5.0,5.0,5.0,4.0,5.0,7.0,7.0,4.67,3.67,6.36,6.69,4.0,4.67,4.0,5.0,7.0,4.17,6.52,4.34,4.5
1643,1.0,1.0,1.0,2.0,1.0,2.0,5.0,5.0,6.0,5.0,6.0,6.0,2.0,4.0,2.0,2.0,1.0,3.0,3.0,4.0,3.0,3.0,3.0,3.0,4.0,5.0,4.0,6.0,5.0,6.0,1.0,1.66,5.67,5.34,1.65,3.0,3.0,3.33,4.33,5.67,1.33,5.5,2.33,3.16,5.0
1644,3.0,4.0,3.0,2.0,2.0,2.0,7.0,7.0,6.0,6.0,7.0,6.0,2.0,2.0,2.0,2.0,2.0,3.0,1.0,2.0,1.0,2.0,1.0,2.0,4.0,5.0,4.0,6.0,4.0,5.0,2.67,2.67,6.68,6.35,2.0,2.33,1.0,2.0,4.0,5.33,2.67,6.52,2.16,1.5,4.66
1645,6.0,7.0,6.0,7.0,7.0,6.0,7.0,6.0,7.0,7.0,7.0,7.0,6.0,6.0,6.0,5.0,6.0,6.0,6.0,7.0,6.0,7.0,6.0,7.0,6.0,7.0,6.0,7.0,6.0,7.0,6.33,6.67,7.0,6.68,6.03,5.69,6.0,7.0,6.0,7.0,6.5,6.84,5.86,6.5,6.5
1646,3.0,3.0,2.0,4.0,3.0,4.0,3.0,2.0,3.0,4.0,4.0,3.0,5.0,5.0,5.0,6.0,5.0,5.0,7.0,7.0,6.0,7.0,7.0,7.0,3.0,3.0,2.0,2.0,2.0,3.0,2.67,3.66,3.33,3.0,5.02,5.35,6.67,7.0,2.33,2.67,3.16,3.16,5.18,6.84,2.5
1647,5.0,6.0,5.0,6.0,5.0,5.0,6.0,5.0,5.0,5.0,6.0,5.0,5.0,5.0,5.0,5.0,5.0,5.0,3.0,4.0,3.0,3.0,4.0,4.0,5.0,5.0,4.0,5.0,5.0,4.0,5.0,5.67,5.67,5.01,5.02,5.01,3.33,3.67,4.67,4.67,5.34,5.34,5.01,3.5,4.67
1648,2.0,2.0,2.0,3.0,1.0,2.0,2.0,3.0,2.0,2.0,2.0,2.0,3.0,4.0,3.0,4.0,3.0,3.0,4.0,4.0,4.0,5.0,5.0,5.0,3.0,4.0,3.0,4.0,3.0,4.0,1.67,2.33,1.99,2.33,3.0,3.66,4.33,4.67,3.0,4.0,2.0,2.16,3.33,4.5,3.5
1649,1.0,1.0,1.0,1.0,1.0,1.0,4.0,3.0,3.0,3.0,3.0,2.0,1.0,2.0,1.0,1.0,1.0,1.0,1.0,1.0,1.0,1.0,1.0,1.0,1.0,1.0,1.0,2.0,1.0,2.0,1.0,1.0,3.33,2.66,1.0,1.32,1.0,1.0,1.0,1.67,1.0,3.0,1.16,1.0,1.34
1650,2.0,3.0,3.0,4.0,2.0,3.0,5.0,5.0,6.0,6.0,4.0,4.0,2.0,3.0,1.0,2.0,2.0,3.0,5.0,5.0,5.0,5.0,4.0,6.0,4.0,5.0,4.0,4.0,4.0,6.0,2.33,3.33,5.01,5.01,1.66,2.67,4.67,5.33,4.0,5.0,2.83,5.01,2.16,5.0,4.5
1651,1.0,2.0,2.0,2.0,1.0,2.0,5.0,4.0,5.0,5.0,3.0,4.0,1.0,1.0,2.0,2.0,2.0,2.0,1.0,1.0,1.0,2.0,1.0,3.0,4.0,5.0,4.0,5.0,4.0,5.0,1.33,2.0,4.34,4.34,1.67,1.66,1.0,2.0,4.0,5.0,1.66,4.34,1.66,1.5,4.5
1652,2.0,2.0,2.0,3.0,2.0,3.0,4.0,4.0,5.0,4.0,4.0,4.0,2.0,4.0,2.0,3.0,2.0,2.0,5.0,6.0,6.0,7.0,7.0,7.0,4.0,4.0,3.0,5.0,4.0,5.0,2.0,2.66,4.34,4.0,2.0,2.99,6.0,6.67,3.67,4.67,2.33,4.17,2.5,6.34,4.17
1653,7.0,6.0,6.0,6.0,6.0,6.0,5.0,4.0,5.0,5.0,4.0,5.0,4.0,5.0,5.0,6.0,4.0,5.0,6.0,6.0,6.0,6.0,5.0,6.0,5.0,7.0,6.0,6.0,6.0,7.0,6.34,6.0,4.67,4.67,4.35,5.35,5.67,6.0,5.67,6.67,6.17,4.67,4.85,5.84,6.17
1654,2.0,2.0,2.0,2.0,2.0,2.0,5.0,6.0,6.0,6.0,5.0,6.0,6.0,6.0,6.0,7.0,6.0,6.0,6.0,7.0,7.0,7.0,7.0,7.0,6.0,7.0,6.0,6.0,6.0,6.0,2.0,2.0,5.34,6.01,6.03,6.35,6.67,7.0,6.0,6.33,2.0,5.68,6.19,6.84,6.16
1655,2.0,3.0,2.0,3.0,3.0,4.0,6.0,5.0,6.0,6.0,6.0,6.0,2.0,3.0,3.0,4.0,2.0,3.0,4.0,5.0,5.0,6.0,6.0,6.0,5.0,7.0,6.0,6.0,6.0,6.0,2.33,3.33,6.01,5.68,2.33,3.33,5.0,5.67,5.67,6.33,2.83,5.84,2.83,5.34,6.0
1656,2.0,2.0,2.0,3.0,2.0,3.0,5.0,5.0,5.0,6.0,4.0,5.0,3.0,5.0,3.0,3.0,3.0,3.0,6.0,6.0,4.0,5.0,5.0,6.0,6.0,7.0,6.0,6.0,5.0,7.0,2.0,2.66,4.67,5.34,3.0,3.66,5.0,5.67,5.67,6.67,2.33,5.0,3.33,5.34,6.17
1657,2.0,3.0,2.0,3.0,2.0,3.0,3.0,3.0,3.0,3.0,3.0,2.0,1.0,1.0,1.0,1.0,1.0,1.0,3.0,4.0,4.0,4.0,4.0,4.0,7.0,7.0,7.0,7.0,6.0,7.0,2.0,3.0,3.0,2.66,1.0,1.0,3.67,4.0,6.67,7.0,2.5,2.83,1.0,3.84,6.84
1658,1.0,1.0,1.0,1.0,1.0,1.0,1.0,1.0,1.0,1.0,1.0,1.0,4.0,5.0,4.0,4.0,3.0,4.0,3.0,3.0,2.0,3.0,2.0,4.0,3.0,4.0,3.0,5.0,3.0,4.0,1.0,1.0,1.0,1.0,3.66,4.34,2.33,3.33,3.0,4.33,1.0,1.0,4.0,2.83,3.66
1659,2.0,2.0,2.0,3.0,2.0,2.0,2.0,2.0,3.0,2.0,2.0,2.0,4.0,5.0,4.0,5.0,4.0,5.0,1.0,1.0,1.0,1.0,1.0,1.0,4.0,5.0,4.0,5.0,4.0,5.0,2.0,2.33,2.33,1.99,4.01,5.01,1.0,1.0,4.0,5.0,2.16,2.16,4.51,1.0,4.5
1660,3.0,5.0,3.0,4.0,4.0,5.0,6.0,7.0,7.0,7.0,7.0,7.0,7.0,7.0,7.0,7.0,7.0,7.0,6.0,6.0,6.0,7.0,6.0,7.0,5.0,5.0,5.0,6.0,5.0,6.0,3.33,4.67,6.68,7.0,7.0,7.0,6.0,6.67,5.0,5.67,4.0,6.84,7.0,6.34,5.34
1661,2.0,2.0,2.0,2.0,2.0,2.0,1.0,1.0,1.0,1.0,1.0,1.0,2.0,3.0,3.0,3.0,2.0,3.0,2.0,3.0,2.0,2.0,2.0,3.0,1.0,1.0,1.0,1.0,1.0,1.0,2.0,2.0,1.0,1.0,2.33,3.0,2.0,2.67,1.0,1.0,2.0,1.0,2.66,2.34,1.0
1662,2.0,2.0,1.0,1.0,2.0,2.0,2.0,1.0,3.0,3.0,2.0,2.0,2.0,3.0,2.0,2.0,1.0,2.0,4.0,5.0,5.0,5.0,4.0,5.0,7.0,7.0,6.0,7.0,7.0,7.0,1.67,1.67,2.33,1.99,1.65,2.32,4.33,5.0,6.67,7.0,1.67,2.16,1.98,4.66,6.84
1663,6.0,6.0,5.0,6.0,5.0,5.0,5.0,5.0,5.0,5.0,5.0,4.0,4.0,5.0,4.0,5.0,4.0,4.0,4.0,5.0,4.0,5.0,5.0,6.0,2.0,3.0,1.0,2.0,2.0,3.0,5.34,5.67,5.0,4.67,4.01,4.67,4.33,5.33,1.67,2.67,5.5,4.84,4.34,4.83,2.17
1664,2.0,2.0,1.0,2.0,2.0,3.0,4.0,3.0,4.0,3.0,4.0,3.0,5.0,5.0,5.0,5.0,3.0,4.0,4.0,4.0,4.0,5.0,4.0,4.0,2.0,3.0,3.0,4.0,2.0,3.0,1.67,2.33,4.0,3.0,4.32,4.67,4.0,4.33,2.33,3.33,2.0,3.5,4.5,4.16,2.83
1665,1.0,1.0,1.0,1.0,1.0,1.0,5.0,4.0,5.0,4.0,5.0,4.0,2.0,3.0,3.0,4.0,2.0,3.0,6.0,6.0,6.0,6.0,6.0,5.0,4.0,5.0,2.0,4.0,4.0,4.0,1.0,1.0,5.0,4.0,2.33,3.33,6.0,5.67,3.33,4.33,1.0,4.5,2.83,5.84,3.83
1666,1.0,1.0,1.0,1.0,1.0,1.0,4.0,4.0,4.0,4.0,4.0,2.0,3.0,3.0,3.0,2.0,2.0,3.0,3.0,4.0,3.0,3.0,3.0,3.0,3.0,4.0,3.0,5.0,5.0,5.0,1.0,1.0,4.0,3.33,2.65,2.67,3.0,3.33,3.67,4.67,1.0,3.66,2.66,3.16,4.17
1667,4.0,5.0,4.0,5.0,4.0,5.0,5.0,5.0,6.0,6.0,5.0,5.0,5.0,5.0,4.0,5.0,3.0,3.0,1.0,1.0,2.0,1.0,1.0,1.0,2.0,3.0,2.0,3.0,2.0,2.0,4.0,5.0,5.34,5.34,3.99,4.33,1.33,1.0,2.0,2.67,4.5,5.34,4.16,1.16,2.34
1668,6.0,7.0,5.0,7.0,6.0,7.0,3.0,2.0,2.0,2.0,3.0,3.0,4.0,4.0,3.0,4.0,3.0,4.0,4.0,5.0,4.0,5.0,5.0,4.0,4.0,4.0,4.0,5.0,3.0,5.0,5.67,7.0,2.66,2.33,3.33,4.01,4.33,4.67,3.67,4.67,6.34,2.5,3.67,4.5,4.17
1669,1.0,1.0,1.0,1.0,1.0,1.0,2.0,3.0,2.0,2.0,3.0,2.0,1.0,2.0,1.0,2.0,1.0,2.0,5.0,5.0,4.0,5.0,3.0,5.0,6.0,7.0,6.0,7.0,6.0,6.0,1.0,1.0,2.32,2.33,1.0,1.99,4.0,5.0,6.0,6.67,1.0,2.33,1.5,4.5,6.34
1670,1.0,1.0,1.0,3.0,2.0,2.0,5.0,4.0,5.0,5.0,5.0,5.0,4.0,4.0,4.0,4.0,3.0,4.0,5.0,6.0,5.0,6.0,6.0,6.0,5.0,4.0,3.0,4.0,4.0,4.0,1.33,2.0,5.0,4.67,3.66,4.01,5.33,6.0,4.0,4.0,1.66,4.84,3.84,5.66,4.0
1671,2.0,3.0,2.0,2.0,2.0,1.0,3.0,3.0,3.0,3.0,4.0,3.0,2.0,3.0,1.0,1.0,1.0,2.0,3.0,4.0,3.0,4.0,3.0,5.0,2.0,3.0,3.0,4.0,2.0,4.0,2.0,2.01,3.33,3.0,1.31,1.99,3.0,4.33,2.33,3.67,2.0,3.16,1.65,3.66,3.0
1672,2.0,2.0,2.0,2.0,1.0,2.0,6.0,6.0,7.0,6.0,6.0,6.0,5.0,6.0,5.0,4.0,3.0,4.0,5.0,7.0,5.0,6.0,6.0,6.0,1.0,2.0,1.0,2.0,1.0,2.0,1.67,2.0,6.34,6.01,4.32,4.67,5.33,6.33,1.0,2.0,1.84,6.18,4.5,5.83,1.5
1673,2.0,2.0,2.0,3.0,2.0,2.0,5.0,5.0,4.0,4.0,5.0,5.0,4.0,4.0,5.0,5.0,3.0,4.0,4.0,5.0,5.0,5.0,5.0,6.0,4.0,5.0,4.0,5.0,4.0,5.0,2.0,2.33,4.67,4.67,4.0,4.34,4.67,5.33,4.0,5.0,2.16,4.67,4.17,5.0,4.5
1674,7.0,6.0,7.0,7.0,6.0,7.0,3.0,2.0,3.0,3.0,3.0,2.0,4.0,4.0,4.0,4.0,4.0,4.0,5.0,6.0,4.0,5.0,4.0,5.0,3.0,4.0,5.0,6.0,6.0,6.0,6.67,6.67,3.0,2.33,4.01,4.01,4.33,5.33,4.66,5.33,6.67,2.66,4.01,4.83,5.0
1675,5.0,6.0,5.0,5.0,5.0,5.0,3.0,2.0,3.0,3.0,4.0,3.0,5.0,6.0,5.0,5.0,4.0,5.0,6.0,6.0,5.0,6.0,6.0,6.0,4.0,4.0,4.0,5.0,4.0,6.0,5.0,5.34,3.33,2.66,4.67,5.35,5.67,6.0,4.0,5.0,5.17,3.0,5.01,5.84,4.5
1676,7.0,7.0,7.0,7.0,7.0,7.0,5.0,5.0,6.0,6.0,5.0,5.0,6.0,5.0,5.0,6.0,5.0,6.0,5.0,6.0,5.0,5.0,5.0,5.0,6.0,7.0,7.0,7.0,6.0,7.0,7.0,7.0,5.34,5.34,5.35,5.69,5.0,5.33,6.33,7.0,7.0,5.34,5.52,5.16,6.66
1677,1.0,1.0,1.0,1.0,1.0,1.0,1.0,1.0,2.0,2.0,1.0,1.0,2.0,3.0,2.0,2.0,1.0,2.0,5.0,7.0,5.0,6.0,5.0,7.0,1.0,1.0,1.0,2.0,1.0,2.0,1.0,1.0,1.32,1.32,1.65,2.32,5.0,6.67,1.0,1.67,1.0,1.32,1.98,5.84,1.34
1678,2.0,2.0,3.0,2.0,2.0,2.0,5.0,6.0,6.0,6.0,5.0,5.0,5.0,6.0,4.0,5.0,3.0,5.0,6.0,7.0,6.0,6.0,6.0,7.0,4.0,5.0,4.0,4.0,3.0,4.0,2.33,2.0,5.34,5.68,3.99,5.35,6.0,6.67,3.67,4.33,2.16,5.51,4.67,6.34,4.0
1679,3.0,4.0,3.0,3.0,3.0,4.0,4.0,4.0,5.0,5.0,5.0,3.0,3.0,5.0,5.0,5.0,4.0,5.0,4.0,5.0,3.0,5.0,4.0,4.0,4.0,5.0,4.0,4.0,4.0,5.0,3.0,3.67,4.67,4.0,4.02,5.01,3.67,4.67,4.0,4.67,3.34,4.34,4.51,4.17,4.34
1680,2.0,3.0,3.0,3.0,3.0,3.0,4.0,3.0,4.0,4.0,4.0,3.0,4.0,4.0,4.0,5.0,3.0,4.0,2.0,2.0,2.0,4.0,2.0,3.0,5.0,5.0,5.0,6.0,5.0,6.0,2.66,3.0,4.0,3.33,3.66,4.34,2.0,3.0,5.0,5.67,2.83,3.66,4.0,2.5,5.34
1681,1.0,1.0,1.0,2.0,1.0,1.0,2.0,2.0,2.0,2.0,2.0,2.0,4.0,3.0,3.0,3.0,2.0,3.0,6.0,6.0,5.0,5.0,5.0,6.0,7.0,7.0,6.0,7.0,7.0,7.0,1.0,1.33,1.99,1.99,2.98,3.0,5.33,5.67,6.67,7.0,1.16,1.99,2.99,5.5,6.84
1682,5.0,6.0,5.0,5.0,5.0,6.0,4.0,4.0,4.0,5.0,5.0,4.0,1.0,1.0,1.0,1.0,1.0,1.0,2.0,3.0,3.0,3.0,3.0,3.0,1.0,2.0,1.0,2.0,1.0,1.0,5.0,5.67,4.33,4.34,1.0,1.0,2.67,3.0,1.0,1.67,5.34,4.34,1.0,2.84,1.34
1683,6.0,6.0,5.0,5.0,6.0,6.0,3.0,2.0,3.0,3.0,3.0,2.0,2.0,2.0,3.0,3.0,2.0,3.0,5.0,5.0,5.0,5.0,5.0,6.0,2.0,3.0,2.0,3.0,2.0,3.0,5.67,5.67,3.0,2.33,2.33,2.67,5.0,5.33,2.0,3.0,5.67,2.66,2.5,5.16,2.5
1684,2.0,4.0,3.0,3.0,3.0,2.0,5.0,5.0,6.0,6.0,5.0,5.0,3.0,5.0,4.0,6.0,3.0,3.0,5.0,5.0,5.0,5.0,5.0,6.0,5.0,6.0,6.0,7.0,6.0,6.0,2.66,3.01,5.34,5.34,3.34,4.66,5.0,5.33,5.67,6.33,2.84,5.34,4.0,5.16,6.0
1685,3.0,3.0,2.0,2.0,2.0,3.0,4.0,4.0,5.0,5.0,5.0,5.0,4.0,4.0,3.0,5.0,3.0,3.0,1.0,1.0,1.0,2.0,1.0,1.0,5.0,6.0,4.0,5.0,6.0,6.0,2.34,2.67,4.67,4.67,3.33,4.0,1.0,1.33,5.0,5.67,2.5,4.67,3.66,1.16,5.34
1686,4.0,4.0,3.0,5.0,3.0,3.0,5.0,4.0,5.0,5.0,4.0,4.0,3.0,3.0,2.0,2.0,2.0,2.0,6.0,6.0,6.0,7.0,5.0,6.0,3.0,3.0,3.0,4.0,3.0,5.0,3.34,4.0,4.67,4.34,2.32,2.32,5.67,6.33,3.0,4.0,3.67,4.5,2.32,6.0,3.5
1687,1.0,2.0,2.0,2.0,1.0,2.0,6.0,6.0,6.0,6.0,6.0,6.0,1.0,1.0,1.0,1.0,1.0,1.0,3.0,4.0,4.0,5.0,4.0,5.0,5.0,5.0,4.0,5.0,5.0,5.0,1.33,2.0,6.01,6.01,1.0,1.0,3.67,4.67,4.67,5.0,1.66,6.01,1.0,4.17,4.84
1688,4.0,4.0,3.0,4.0,3.0,4.0,2.0,1.0,2.0,1.0,2.0,2.0,1.0,2.0,2.0,2.0,1.0,1.0,2.0,3.0,3.0,4.0,3.0,4.0,2.0,2.0,2.0,3.0,2.0,2.0,3.34,4.0,1.99,1.32,1.32,1.65,2.67,3.67,2.0,2.33,3.67,1.66,1.48,3.17,2.16
1689,4.0,6.0,4.0,5.0,5.0,5.0,6.0,6.0,6.0,6.0,7.0,6.0,5.0,6.0,5.0,6.0,4.0,4.0,3.0,4.0,3.0,5.0,4.0,5.0,6.0,7.0,7.0,7.0,7.0,7.0,4.33,5.34,6.34,6.01,4.67,5.34,3.33,4.67,6.67,7.0,4.84,6.18,5.0,4.0,6.84
1690,1.0,1.0,1.0,1.0,1.0,1.0,5.0,4.0,4.0,5.0,4.0,4.0,1.0,1.0,1.0,1.0,1.0,1.0,4.0,5.0,4.0,5.0,4.0,6.0,2.0,3.0,2.0,3.0,3.0,4.0,1.0,1.0,4.34,4.34,1.0,1.0,4.0,5.33,2.33,3.33,1.0,4.34,1.0,4.66,2.83
1691,2.0,2.0,2.0,3.0,3.0,3.0,1.0,1.0,2.0,1.0,2.0,1.0,1.0,2.0,1.0,2.0,1.0,2.0,5.0,6.0,4.0,6.0,5.0,6.0,3.0,4.0,2.0,3.0,4.0,4.0,2.33,2.66,1.66,1.0,1.0,1.99,4.67,6.0,3.0,3.67,2.5,1.33,1.5,5.34,3.34
1692,5.0,5.0,6.0,5.0,5.0,6.0,1.0,1.0,2.0,2.0,1.0,1.0,3.0,3.0,2.0,4.0,2.0,3.0,7.0,7.0,7.0,7.0,7.0,7.0,4.0,5.0,4.0,5.0,3.0,5.0,5.34,5.33,1.32,1.32,2.32,3.33,7.0,7.0,3.67,5.0,5.34,1.32,2.82,7.0,4.34
1693,4.0,5.0,4.0,5.0,4.0,5.0,6.0,6.0,6.0,5.0,6.0,5.0,3.0,3.0,2.0,3.0,2.0,2.0,6.0,7.0,6.0,7.0,6.0,7.0,5.0,5.0,5.0,6.0,4.0,5.0,4.0,5.0,6.01,5.34,2.32,2.66,6.0,7.0,4.67,5.33,4.5,5.68,2.49,6.5,5.0
1694,6.0,5.0,5.0,5.0,5.0,6.0,2.0,2.0,3.0,2.0,4.0,3.0,1.0,1.0,1.0,1.0,1.0,1.0,2.0,3.0,1.0,3.0,2.0,2.0,1.0,3.0,1.0,2.0,1.0,2.0,5.34,5.33,2.99,2.33,1.0,1.0,1.67,2.67,1.0,2.33,5.34,2.66,1.0,2.17,1.66
1695,1.0,1.0,1.0,1.0,1.0,1.0,5.0,5.0,5.0,5.0,5.0,5.0,5.0,5.0,5.0,5.0,4.0,5.0,5.0,6.0,6.0,6.0,5.0,6.0,4.0,4.0,2.0,4.0,3.0,4.0,1.0,1.0,5.0,5.01,4.67,5.01,5.33,6.0,3.0,4.0,1.0,5.0,4.84,5.66,3.5
1696,5.0,5.0,4.0,4.0,3.0,5.0,1.0,1.0,1.0,1.0,1.0,1.0,3.0,4.0,3.0,2.0,3.0,3.0,1.0,2.0,1.0,3.0,1.0,1.0,5.0,6.0,4.0,6.0,5.0,6.0,4.01,4.67,1.0,1.0,3.0,3.0,1.0,2.0,4.67,6.0,4.34,1.0,3.0,1.5,5.34
1697,6.0,6.0,5.0,6.0,6.0,6.0,4.0,4.0,4.0,4.0,4.0,4.0,4.0,6.0,5.0,6.0,4.0,4.0,5.0,6.0,6.0,7.0,6.0,6.0,4.0,5.0,3.0,5.0,3.0,4.0,5.67,6.0,4.0,4.0,4.35,5.34,5.67,6.33,3.33,4.67,5.84,4.0,4.84,6.0,4.0
1698,1.0,1.0,1.0,1.0,1.0,1.0,5.0,5.0,5.0,5.0,6.0,6.0,4.0,4.0,4.0,4.0,3.0,3.0,3.0,3.0,2.0,3.0,3.0,2.0,1.0,1.0,1.0,1.0,1.0,1.0,1.0,1.0,5.34,5.34,3.66,3.66,2.67,2.67,1.0,1.0,1.0,5.34,3.66,2.67,1.0
1699,3.0,3.0,2.0,3.0,1.0,2.0,7.0,6.0,7.0,7.0,7.0,6.0,6.0,6.0,5.0,5.0,6.0,6.0,6.0,6.0,6.0,7.0,6.0,7.0,5.0,5.0,4.0,5.0,3.0,4.0,2.01,2.67,7.0,6.35,5.7,5.69,6.0,6.67,4.0,4.67,2.34,6.68,5.7,6.34,4.34
1700,5.0,6.0,6.0,6.0,5.0,5.0,4.0,4.0,5.0,4.0,4.0,4.0,2.0,2.0,3.0,4.0,2.0,2.0,2.0,3.0,2.0,2.0,2.0,2.0,5.0,6.0,5.0,6.0,4.0,5.0,5.34,5.67,4.34,4.0,2.33,2.66,2.0,2.33,4.67,5.67,5.5,4.17,2.5,2.16,5.17
1701,1.0,2.0,2.0,3.0,2.0,2.0,4.0,4.0,5.0,5.0,5.0,5.0,4.0,4.0,5.0,5.0,5.0,4.0,4.0,5.0,3.0,4.0,4.0,5.0,2.0,3.0,3.0,4.0,3.0,3.0,1.66,2.33,4.67,4.67,4.7,4.34,3.67,4.67,2.67,3.33,2.0,4.67,4.52,4.17,3.0
1702,7.0,7.0,7.0,7.0,7.0,7.0,6.0,5.0,7.0,7.0,6.0,6.0,4.0,4.0,3.0,4.0,4.0,4.0,2.0,3.0,2.0,3.0,2.0,3.0,4.0,6.0,5.0,5.0,6.0,6.0,7.0,7.0,6.34,6.01,3.68,4.01,2.0,3.0,5.0,5.67,7.0,6.18,3.84,2.5,5.34
1703,3.0,4.0,3.0,4.0,3.0,4.0,5.0,6.0,6.0,6.0,5.0,5.0,4.0,5.0,3.0,3.0,3.0,3.0,5.0,6.0,5.0,5.0,5.0,6.0,2.0,2.0,2.0,3.0,2.0,3.0,3.0,4.0,5.34,5.68,3.33,3.66,5.0,5.67,2.0,2.67,3.5,5.51,3.5,5.34,2.34
1704,5.0,5.0,5.0,6.0,4.0,5.0,2.0,1.0,2.0,3.0,2.0,2.0,2.0,3.0,1.0,2.0,2.0,1.0,5.0,5.0,4.0,6.0,5.0,5.0,6.0,7.0,6.0,7.0,5.0,6.0,4.67,5.33,1.99,1.99,1.66,1.98,4.67,5.33,5.67,6.67,5.0,1.99,1.82,5.0,6.17
1705,4.0,4.0,2.0,2.0,2.0,3.0,2.0,1.0,2.0,1.0,2.0,2.0,2.0,3.0,2.0,2.0,3.0,3.0,2.0,4.0,3.0,4.0,3.0,4.0,3.0,4.0,2.0,3.0,2.0,4.0,2.68,3.0,1.99,1.32,2.35,2.67,2.67,4.0,2.33,3.67,2.84,1.66,2.51,3.34,3.0
1706,1.0,1.0,1.0,1.0,1.0,1.0,1.0,1.0,1.0,1.0,2.0,1.0,3.0,3.0,3.0,4.0,3.0,3.0,3.0,5.0,4.0,4.0,4.0,4.0,2.0,3.0,3.0,3.0,3.0,4.0,1.0,1.0,1.32,1.0,3.0,3.33,3.67,4.33,2.67,3.33,1.0,1.16,3.16,4.0,3.0
1707,3.0,6.0,4.0,4.0,5.0,5.0,5.0,5.0,6.0,5.0,6.0,5.0,4.0,5.0,3.0,4.0,4.0,4.0,3.0,4.0,3.0,4.0,4.0,5.0,5.0,7.0,5.0,6.0,6.0,6.0,3.99,5.0,5.67,5.01,3.68,4.34,3.33,4.33,5.33,6.33,4.5,5.34,4.01,3.83,5.83
1708,2.0,2.0,1.0,2.0,1.0,2.0,4.0,3.0,4.0,3.0,4.0,3.0,5.0,6.0,4.0,5.0,3.0,4.0,5.0,4.0,4.0,5.0,3.0,4.0,2.0,3.0,2.0,3.0,2.0,2.0,1.34,2.0,4.0,3.0,3.99,5.0,4.0,4.33,2.0,2.67,1.67,3.5,4.5,4.16,2.34
1709,5.0,4.0,4.0,5.0,4.0,4.0,4.0,4.0,5.0,3.0,4.0,3.0,2.0,2.0,2.0,2.0,2.0,2.0,3.0,4.0,2.0,3.0,3.0,4.0,3.0,3.0,3.0,4.0,3.0,4.0,4.34,4.33,4.34,3.33,2.0,1.99,2.67,3.67,3.0,3.67,4.34,3.84,2.0,3.17,3.34
1710,3.0,3.0,2.0,2.0,1.0,2.0,1.0,1.0,1.0,1.0,1.0,1.0,2.0,3.0,2.0,2.0,1.0,1.0,1.0,2.0,2.0,3.0,2.0,3.0,1.0,2.0,1.0,2.0,2.0,2.0,2.01,2.34,1.0,1.0,1.65,1.98,1.67,2.67,1.33,2.0,2.17,1.0,1.82,2.17,1.66
1711,4.0,5.0,5.0,5.0,5.0,4.0,2.0,1.0,2.0,1.0,2.0,1.0,1.0,1.0,1.0,2.0,2.0,2.0,4.0,5.0,5.0,5.0,4.0,5.0,5.0,6.0,3.0,6.0,5.0,6.0,4.66,4.67,1.99,1.0,1.34,1.66,4.33,5.0,4.33,6.0,4.66,1.5,1.5,4.66,5.16
1712,1.0,1.0,1.0,1.0,1.0,1.0,2.0,2.0,2.0,2.0,3.0,2.0,1.0,1.0,1.0,1.0,1.0,1.0,2.0,4.0,3.0,3.0,2.0,2.0,1.0,1.0,1.0,1.0,1.0,1.0,1.0,1.0,2.32,1.99,1.0,1.0,2.33,3.0,1.0,1.0,1.0,2.15,1.0,2.66,1.0
1713,1.0,1.0,1.0,1.0,1.0,1.0,2.0,3.0,3.0,2.0,3.0,4.0,4.0,5.0,3.0,4.0,2.0,3.0,4.0,4.0,4.0,5.0,4.0,4.0,2.0,2.0,3.0,2.0,2.0,3.0,1.0,1.0,2.66,3.0,2.98,4.0,4.0,4.33,2.33,2.33,1.0,2.83,3.49,4.16,2.33
1714,2.0,3.0,2.0,2.0,2.0,2.0,5.0,4.0,4.0,5.0,5.0,5.0,4.0,5.0,4.0,5.0,4.0,4.0,2.0,4.0,2.0,3.0,3.0,3.0,1.0,2.0,1.0,3.0,2.0,3.0,2.0,2.34,4.67,4.67,4.01,4.67,2.33,3.33,1.33,2.67,2.17,4.67,4.34,2.83,2.0
1715,1.0,1.0,2.0,2.0,2.0,2.0,4.0,4.0,4.0,4.0,5.0,4.0,1.0,2.0,2.0,2.0,2.0,2.0,5.0,6.0,5.0,5.0,5.0,6.0,2.0,2.0,3.0,3.0,2.0,3.0,1.66,1.66,4.33,4.0,1.67,1.99,5.0,5.67,2.33,2.67,1.66,4.16,1.83,5.34,2.5
1716,5.0,4.0,4.0,5.0,6.0,5.0,3.0,3.0,4.0,2.0,3.0,3.0,2.0,3.0,3.0,3.0,2.0,3.0,3.0,4.0,3.0,3.0,4.0,4.0,2.0,3.0,3.0,4.0,2.0,3.0,5.0,4.66,3.33,2.66,2.33,3.0,3.33,3.67,2.33,3.33,4.83,3.0,2.66,3.5,2.83
1717,3.0,3.0,3.0,4.0,3.0,3.0,4.0,5.0,5.0,5.0,5.0,5.0,2.0,4.0,2.0,3.0,2.0,3.0,2.0,3.0,3.0,4.0,3.0,4.0,6.0,7.0,6.0,6.0,7.0,7.0,3.0,3.33,4.67,5.01,2.0,3.33,2.67,3.67,6.33,6.67,3.16,4.84,2.66,3.17,6.5
1718,3.0,4.0,3.0,3.0,4.0,4.0,2.0,2.0,2.0,2.0,2.0,2.0,1.0,2.0,2.0,3.0,2.0,1.0,5.0,6.0,6.0,5.0,6.0,6.0,2.0,1.0,2.0,2.0,2.0,3.0,3.33,3.67,1.99,1.99,1.67,1.98,5.67,5.67,2.0,2.0,3.5,1.99,1.82,5.67,2.0
1719,4.0,5.0,4.0,4.0,4.0,4.0,5.0,6.0,5.0,5.0,6.0,5.0,3.0,4.0,3.0,3.0,4.0,4.0,2.0,2.0,2.0,3.0,2.0,2.0,7.0,7.0,6.0,7.0,7.0,7.0,4.0,4.34,5.34,5.34,3.35,3.67,2.0,2.33,6.67,7.0,4.17,5.34,3.51,2.16,6.84
1720,3.0,2.0,4.0,3.0,3.0,4.0,5.0,5.0,6.0,6.0,6.0,5.0,1.0,1.0,1.0,1.0,1.0,1.0,2.0,2.0,2.0,3.0,2.0,3.0,1.0,1.0,1.0,1.0,1.0,2.0,3.33,2.99,5.67,5.34,1.0,1.0,2.0,2.67,1.0,1.33,3.16,5.5,1.0,2.34,1.16
1721,1.0,1.0,1.0,1.0,1.0,1.0,4.0,5.0,5.0,5.0,5.0,4.0,5.0,6.0,4.0,4.0,3.0,5.0,5.0,5.0,5.0,6.0,5.0,6.0,3.0,4.0,3.0,3.0,2.0,3.0,1.0,1.0,4.67,4.67,3.99,5.01,5.0,5.67,2.67,3.33,1.0,4.67,4.5,5.34,3.0
1722,1.0,2.0,1.0,2.0,1.0,2.0,2.0,2.0,2.0,2.0,1.0,1.0,3.0,4.0,3.0,4.0,3.0,3.0,1.0,2.0,2.0,2.0,1.0,1.0,2.0,4.0,3.0,5.0,3.0,4.0,1.0,2.0,1.66,1.66,3.0,3.66,1.33,1.67,2.67,4.33,1.5,1.66,3.33,1.5,3.5
1723,1.0,1.0,1.0,1.0,1.0,1.0,2.0,2.0,4.0,4.0,3.0,2.0,2.0,2.0,3.0,3.0,2.0,3.0,1.0,2.0,1.0,2.0,1.0,2.0,3.0,4.0,2.0,3.0,3.0,3.0,1.0,1.0,3.0,2.66,2.33,2.67,1.0,2.0,2.67,3.33,1.0,2.83,2.5,1.5,3.0
1724,4.0,5.0,4.0,5.0,5.0,5.0,7.0,7.0,7.0,7.0,7.0,7.0,7.0,7.0,4.0,6.0,5.0,6.0,5.0,6.0,4.0,5.0,5.0,6.0,5.0,5.0,5.0,6.0,5.0,6.0,4.33,5.0,7.0,7.0,5.34,6.35,4.67,5.67,5.0,5.67,4.66,7.0,5.84,5.17,5.34
1725,1.0,1.0,1.0,1.0,1.0,1.0,3.0,4.0,4.0,3.0,3.0,4.0,3.0,4.0,3.0,3.0,2.0,2.0,2.0,3.0,3.0,4.0,3.0,3.0,1.0,1.0,1.0,1.0,1.0,2.0,1.0,1.0,3.33,3.67,2.65,2.99,2.67,3.33,1.0,1.33,1.0,3.5,2.82,3.0,1.16
1726,3.0,4.0,4.0,6.0,4.0,5.0,4.0,3.0,3.0,4.0,5.0,3.0,5.0,6.0,5.0,5.0,6.0,5.0,7.0,7.0,6.0,7.0,7.0,7.0,5.0,6.0,6.0,6.0,5.0,6.0,3.66,5.0,4.0,3.33,5.37,5.35,6.67,7.0,5.33,6.0,4.33,3.66,5.36,6.84,5.66
1727,2.0,3.0,3.0,3.0,3.0,3.0,4.0,4.0,6.0,4.0,5.0,4.0,3.0,3.0,2.0,3.0,2.0,3.0,4.0,4.0,4.0,5.0,4.0,5.0,4.0,4.0,4.0,5.0,4.0,5.0,2.66,3.0,5.0,4.0,2.32,3.0,4.0,4.67,4.0,4.67,2.83,4.5,2.66,4.34,4.34
1728,3.0,5.0,4.0,4.0,3.0,4.0,3.0,3.0,4.0,3.0,4.0,4.0,3.0,3.0,3.0,3.0,2.0,2.0,5.0,6.0,5.0,6.0,4.0,5.0,4.0,4.0,3.0,4.0,3.0,4.0,3.33,4.34,3.66,3.33,2.65,2.66,4.67,5.67,3.33,4.0,3.84,3.5,2.66,5.17,3.66
1729,3.0,4.0,2.0,4.0,4.0,5.0,6.0,6.0,6.0,6.0,7.0,6.0,3.0,4.0,3.0,3.0,4.0,3.0,3.0,4.0,4.0,5.0,4.0,4.0,6.0,7.0,6.0,7.0,7.0,7.0,3.0,4.33,6.34,6.01,3.35,3.33,3.67,4.33,6.33,7.0,3.66,6.18,3.34,4.0,6.66
1730,2.0,2.0,1.0,3.0,2.0,3.0,1.0,1.0,1.0,1.0,1.0,1.0,3.0,4.0,3.0,4.0,3.0,4.0,4.0,4.0,4.0,4.0,5.0,5.0,1.0,1.0,1.0,1.0,1.0,1.0,1.67,2.66,1.0,1.0,3.0,4.01,4.33,4.33,1.0,1.0,2.16,1.0,3.5,4.33,1.0
1731,6.0,7.0,6.0,7.0,7.0,7.0,5.0,4.0,5.0,6.0,5.0,6.0,6.0,6.0,7.0,7.0,6.0,6.0,4.0,5.0,3.0,4.0,3.0,4.0,4.0,5.0,4.0,5.0,4.0,5.0,6.33,7.0,5.0,5.34,6.36,6.35,3.33,4.33,4.0,5.0,6.66,5.17,6.36,3.83,4.5
1732,1.0,1.0,1.0,1.0,1.0,1.0,2.0,2.0,2.0,2.0,3.0,2.0,3.0,2.0,2.0,3.0,2.0,2.0,3.0,4.0,4.0,3.0,3.0,4.0,2.0,2.0,2.0,3.0,2.0,3.0,1.0,1.0,2.32,1.99,2.32,2.32,3.33,3.67,2.0,2.67,1.0,2.15,2.32,3.5,2.34
1733,3.0,3.0,2.0,3.0,3.0,4.0,5.0,4.0,6.0,6.0,5.0,4.0,3.0,3.0,3.0,4.0,2.0,3.0,3.0,4.0,5.0,5.0,4.0,4.0,2.0,2.0,1.0,3.0,2.0,2.0,2.67,3.33,5.34,4.67,2.65,3.33,4.0,4.33,1.67,2.33,3.0,5.0,2.99,4.16,2.0
1734,5.0,5.0,5.0,6.0,6.0,6.0,3.0,3.0,3.0,2.0,4.0,3.0,5.0,6.0,5.0,6.0,5.0,5.0,3.0,4.0,3.0,5.0,5.0,6.0,5.0,5.0,5.0,6.0,5.0,6.0,5.33,5.66,3.33,2.66,5.02,5.68,3.67,5.0,5.0,5.67,5.5,3.0,5.35,4.34,5.34
1735,2.0,4.0,3.0,4.0,2.0,4.0,4.0,4.0,5.0,5.0,4.0,4.0,5.0,4.0,3.0,4.0,3.0,4.0,5.0,6.0,4.0,5.0,4.0,5.0,3.0,3.0,2.0,4.0,4.0,3.0,2.33,4.0,4.34,4.34,3.66,4.01,4.33,5.33,3.0,3.33,3.16,4.34,3.84,4.83,3.16
1736,5.0,6.0,6.0,6.0,5.0,6.0,5.0,5.0,5.0,5.0,5.0,4.0,6.0,6.0,6.0,7.0,5.0,6.0,7.0,7.0,7.0,7.0,7.0,7.0,3.0,5.0,5.0,6.0,5.0,5.0,5.34,6.0,5.0,4.67,5.68,6.35,7.0,7.0,4.33,5.33,5.67,4.84,6.02,7.0,4.83
1737,7.0,7.0,6.0,7.0,6.0,7.0,4.0,2.0,3.0,3.0,4.0,2.0,1.0,1.0,1.0,1.0,1.0,1.0,1.0,1.0,1.0,1.0,1.0,1.0,3.0,3.0,2.0,4.0,4.0,4.0,6.34,7.0,3.67,2.33,1.0,1.0,1.0,1.0,3.0,3.67,6.67,3.0,1.0,1.0,3.34
1738,1.0,1.0,1.0,1.0,1.0,1.0,4.0,4.0,4.0,4.0,4.0,4.0,4.0,5.0,5.0,5.0,4.0,4.0,5.0,5.0,5.0,6.0,5.0,5.0,4.0,5.0,4.0,5.0,5.0,6.0,1.0,1.0,4.0,4.0,4.35,4.67,5.0,5.33,4.33,5.33,1.0,4.0,4.51,5.16,4.83
1739,4.0,5.0,5.0,4.0,5.0,5.0,6.0,6.0,6.0,5.0,6.0,6.0,3.0,3.0,2.0,3.0,3.0,4.0,3.0,3.0,2.0,3.0,2.0,3.0,5.0,5.0,4.0,4.0,4.0,5.0,4.66,4.67,6.01,5.68,2.67,3.34,2.33,3.0,4.33,4.67,4.66,5.84,3.0,2.66,4.5
1740,1.0,2.0,1.0,2.0,2.0,1.0,4.0,4.0,5.0,5.0,4.0,5.0,2.0,3.0,2.0,3.0,2.0,1.0,4.0,5.0,4.0,5.0,5.0,6.0,3.0,4.0,3.0,4.0,3.0,3.0,1.33,1.67,4.34,4.67,2.0,2.31,4.33,5.33,3.0,3.67,1.5,4.5,2.16,4.83,3.34
1741,1.0,1.0,1.0,1.0,1.0,1.0,2.0,2.0,2.0,2.0,2.0,2.0,4.0,4.0,3.0,4.0,3.0,3.0,2.0,2.0,3.0,3.0,3.0,3.0,1.0,1.0,1.0,1.0,1.0,1.0,1.0,1.0,1.99,1.99,3.33,3.66,2.67,2.67,1.0,1.0,1.0,1.99,3.5,2.67,1.0
1742,2.0,3.0,3.0,4.0,4.0,5.0,1.0,1.0,3.0,2.0,2.0,2.0,1.0,1.0,1.0,2.0,1.0,1.0,2.0,2.0,2.0,3.0,2.0,2.0,1.0,1.0,1.0,1.0,1.0,1.0,2.99,3.99,1.99,1.66,1.0,1.32,2.0,2.33,1.0,1.0,3.49,1.82,1.16,2.16,1.0
1743,2.0,2.0,2.0,2.0,2.0,2.0,2.0,1.0,1.0,1.0,2.0,1.0,2.0,3.0,2.0,2.0,1.0,2.0,4.0,5.0,5.0,5.0,5.0,5.0,3.0,5.0,5.0,5.0,4.0,5.0,2.0,2.0,1.66,1.0,1.65,2.32,4.67,5.0,4.0,5.0,2.0,1.33,1.98,4.84,4.5
1744,2.0,2.0,1.0,2.0,1.0,2.0,3.0,3.0,3.0,3.0,3.0,2.0,2.0,2.0,1.0,2.0,1.0,1.0,3.0,4.0,5.0,5.0,4.0,5.0,5.0,4.0,4.0,6.0,3.0,4.0,1.34,2.0,3.0,2.66,1.31,1.65,4.0,4.67,4.0,4.67,1.67,2.83,1.48,4.34,4.34
1745,1.0,1.0,1.0,1.0,1.0,1.0,2.0,2.0,2.0,3.0,2.0,2.0,3.0,3.0,3.0,2.0,3.0,3.0,1.0,2.0,1.0,1.0,1.0,2.0,5.0,6.0,5.0,6.0,5.0,6.0,1.0,1.0,1.99,2.33,3.0,2.67,1.0,1.67,5.0,6.0,1.0,2.16,2.84,1.34,5.5
1746,2.0,3.0,2.0,2.0,1.0,2.0,4.0,4.0,4.0,3.0,4.0,3.0,3.0,4.0,4.0,3.0,3.0,3.0,2.0,3.0,3.0,2.0,2.0,3.0,5.0,6.0,4.0,5.0,5.0,6.0,1.67,2.34,4.0,3.33,3.34,3.33,2.33,2.67,4.67,5.67,2.0,3.66,3.34,2.5,5.17
1747,1.0,1.0,1.0,1.0,1.0,1.0,3.0,2.0,3.0,2.0,3.0,2.0,6.0,7.0,7.0,7.0,5.0,6.0,4.0,5.0,3.0,4.0,4.0,5.0,3.0,5.0,3.0,4.0,4.0,5.0,1.0,1.0,3.0,1.99,6.01,6.69,3.67,4.67,3.33,4.67,1.0,2.5,6.35,4.17,4.0
1748,3.0,2.0,2.0,3.0,2.0,2.0,2.0,2.0,3.0,2.0,1.0,2.0,2.0,3.0,2.0,3.0,2.0,2.0,1.0,2.0,1.0,3.0,2.0,2.0,3.0,2.0,3.0,3.0,2.0,2.0,2.34,2.33,1.99,1.99,2.0,2.66,1.33,2.33,2.67,2.33,2.34,1.99,2.33,1.83,2.5
1749,4.0,5.0,3.0,4.0,3.0,3.0,4.0,3.0,3.0,3.0,3.0,3.0,5.0,5.0,5.0,5.0,4.0,5.0,4.0,3.0,2.0,3.0,3.0,3.0,4.0,6.0,4.0,5.0,5.0,5.0,3.34,4.01,3.33,3.0,4.67,5.01,3.0,3.0,4.33,5.33,3.68,3.16,4.84,3.0,4.83
1750,1.0,1.0,1.0,1.0,1.0,1.0,4.0,4.0,5.0,5.0,4.0,4.0,6.0,7.0,6.0,7.0,5.0,6.0,4.0,4.0,4.0,3.0,3.0,4.0,1.0,2.0,1.0,1.0,1.0,1.0,1.0,1.0,4.34,4.34,5.68,6.69,3.67,3.67,1.0,1.33,1.0,4.34,6.18,3.67,1.16
1751,5.0,6.0,5.0,6.0,5.0,6.0,4.0,3.0,4.0,3.0,3.0,4.0,6.0,6.0,6.0,6.0,4.0,5.0,5.0,4.0,4.0,4.0,4.0,5.0,1.0,1.0,1.0,1.0,1.0,1.0,5.0,6.0,3.67,3.33,5.33,5.68,4.33,4.33,1.0,1.0,5.5,3.5,5.5,4.33,1.0
1752,2.0,3.0,1.0,2.0,2.0,2.0,5.0,4.0,6.0,5.0,5.0,4.0,4.0,5.0,4.0,5.0,3.0,4.0,5.0,5.0,4.0,5.0,5.0,6.0,3.0,5.0,4.0,4.0,3.0,4.0,1.67,2.34,5.34,4.34,3.66,4.67,4.67,5.33,3.33,4.33,2.0,4.84,4.16,5.0,3.83
1753,2.0,2.0,2.0,2.0,2.0,2.0,5.0,5.0,6.0,5.0,6.0,5.0,6.0,6.0,5.0,6.0,6.0,5.0,5.0,5.0,4.0,5.0,5.0,6.0,6.0,6.0,6.0,7.0,5.0,6.0,2.0,2.0,5.67,5.01,5.7,5.68,4.67,5.33,5.67,6.33,2.0,5.34,5.69,5.0,6.0
1754,4.0,5.0,5.0,5.0,4.0,5.0,4.0,4.0,4.0,3.0,4.0,3.0,2.0,2.0,3.0,3.0,2.0,2.0,4.0,4.0,4.0,4.0,4.0,4.0,4.0,5.0,4.0,6.0,5.0,5.0,4.33,5.0,4.0,3.33,2.33,2.32,4.0,4.0,4.33,5.33,4.66,3.66,2.33,4.0,4.83
1755,4.0,5.0,4.0,4.0,3.0,5.0,1.0,2.0,3.0,2.0,3.0,2.0,3.0,4.0,3.0,3.0,2.0,3.0,5.0,5.0,5.0,5.0,5.0,5.0,6.0,7.0,6.0,7.0,7.0,7.0,3.67,4.67,2.32,1.99,2.65,3.33,5.0,5.0,6.33,7.0,4.17,2.15,2.99,5.0,6.66
1756,4.0,6.0,6.0,6.0,4.0,5.0,4.0,4.0,5.0,5.0,5.0,5.0,4.0,6.0,3.0,5.0,4.0,4.0,6.0,7.0,7.0,7.0,6.0,7.0,6.0,7.0,6.0,6.0,6.0,7.0,4.67,5.67,4.67,4.67,3.68,5.0,6.33,7.0,6.0,6.67,5.17,4.67,4.34,6.66,6.34
1757,1.0,2.0,1.0,2.0,1.0,2.0,7.0,7.0,7.0,7.0,7.0,7.0,7.0,7.0,7.0,7.0,7.0,7.0,5.0,5.0,5.0,6.0,5.0,6.0,4.0,4.0,3.0,5.0,4.0,5.0,1.0,2.0,7.0,7.0,7.0,7.0,5.0,5.67,3.67,4.67,1.5,7.0,7.0,5.34,4.17
1758,3.0,2.0,4.0,2.0,2.0,2.0,4.0,3.0,4.0,3.0,3.0,3.0,1.0,1.0,1.0,1.0,1.0,1.0,3.0,4.0,4.0,4.0,5.0,5.0,2.0,3.0,2.0,4.0,2.0,3.0,3.01,2.0,3.67,3.0,1.0,1.0,4.0,4.33,2.0,3.33,2.5,3.34,1.0,4.16,2.66
1759,1.0,2.0,1.0,1.0,1.0,2.0,4.0,3.0,3.0,3.0,4.0,4.0,3.0,3.0,3.0,2.0,2.0,3.0,4.0,4.0,2.0,4.0,4.0,4.0,3.0,4.0,3.0,5.0,3.0,4.0,1.0,1.67,3.67,3.33,2.65,2.67,3.34,4.0,3.0,4.33,1.34,3.5,2.66,3.67,3.66
1760,2.0,2.0,1.0,3.0,3.0,2.0,2.0,2.0,3.0,3.0,3.0,3.0,3.0,3.0,3.0,4.0,2.0,3.0,5.0,6.0,5.0,6.0,4.0,5.0,5.0,6.0,5.0,6.0,6.0,6.0,2.0,2.33,2.66,2.66,2.65,3.33,4.67,5.67,5.33,6.0,2.16,2.66,2.99,5.17,5.66
1761,4.0,4.0,3.0,4.0,3.0,4.0,1.0,1.0,2.0,1.0,2.0,1.0,3.0,3.0,2.0,2.0,2.0,2.0,3.0,3.0,3.0,5.0,3.0,4.0,3.0,5.0,4.0,4.0,4.0,5.0,3.34,4.0,1.66,1.0,2.32,2.32,3.0,4.0,3.67,4.67,3.67,1.33,2.32,3.5,4.17
1762,1.0,1.0,1.0,1.0,1.0,1.0,4.0,3.0,5.0,4.0,4.0,3.0,5.0,6.0,5.0,5.0,5.0,6.0,1.0,1.0,1.0,1.0,1.0,1.0,2.0,3.0,2.0,3.0,3.0,3.0,1.0,1.0,4.34,3.33,5.02,5.69,1.0,1.0,2.33,3.0,1.0,3.84,5.36,1.0,2.66
1763,3.0,4.0,5.0,5.0,4.0,4.0,4.0,4.0,5.0,4.0,4.0,4.0,4.0,5.0,4.0,4.0,4.0,5.0,2.0,2.0,2.0,3.0,3.0,3.0,2.0,3.0,2.0,3.0,2.0,3.0,4.0,4.33,4.34,4.0,4.01,4.68,2.33,2.67,2.0,3.0,4.16,4.17,4.34,2.5,2.5
1764,1.0,3.0,2.0,4.0,2.0,3.0,2.0,3.0,3.0,3.0,4.0,3.0,1.0,1.0,1.0,1.0,1.0,1.0,3.0,4.0,3.0,4.0,4.0,5.0,5.0,6.0,5.0,6.0,5.0,6.0,1.66,3.33,2.99,3.0,1.0,1.0,3.33,4.33,5.0,6.0,2.5,3.0,1.0,3.83,5.5
1765,2.0,3.0,3.0,3.0,3.0,3.0,1.0,1.0,1.0,1.0,1.0,1.0,3.0,3.0,1.0,2.0,2.0,2.0,3.0,4.0,2.0,3.0,2.0,3.0,4.0,5.0,4.0,5.0,4.0,5.0,2.66,3.0,1.0,1.0,1.99,2.32,2.33,3.33,4.0,5.0,2.83,1.0,2.15,2.83,4.5
1766,1.0,2.0,1.0,1.0,1.0,2.0,2.0,1.0,2.0,1.0,1.0,1.0,2.0,2.0,2.0,2.0,1.0,2.0,2.0,4.0,3.0,4.0,2.0,3.0,1.0,3.0,2.0,3.0,2.0,3.0,1.0,1.67,1.66,1.0,1.65,1.99,2.33,3.67,1.67,3.0,1.34,1.33,1.82,3.0,2.34
1767,3.0,4.0,3.0,4.0,3.0,4.0,5.0,4.0,5.0,5.0,5.0,4.0,4.0,4.0,3.0,3.0,3.0,3.0,4.0,5.0,5.0,4.0,4.0,4.0,3.0,4.0,4.0,4.0,4.0,5.0,3.0,4.0,5.0,4.34,3.33,3.33,4.33,4.33,3.67,4.33,3.5,4.67,3.33,4.33,4.0
1768,2.0,2.0,2.0,3.0,1.0,3.0,3.0,2.0,3.0,3.0,3.0,3.0,3.0,4.0,3.0,3.0,2.0,3.0,3.0,4.0,2.0,3.0,3.0,4.0,1.0,2.0,1.0,2.0,1.0,2.0,1.67,2.66,3.0,2.66,2.65,3.33,2.67,3.67,1.0,2.0,2.16,2.83,2.99,3.17,1.5
1769,1.0,1.0,1.0,1.0,1.0,1.0,4.0,3.0,4.0,4.0,3.0,3.0,5.0,5.0,4.0,6.0,5.0,5.0,6.0,7.0,7.0,7.0,5.0,7.0,4.0,6.0,5.0,6.0,5.0,6.0,1.0,1.0,3.67,3.33,4.69,5.35,6.0,7.0,4.67,6.0,1.0,3.5,5.02,6.5,5.34
1770,2.0,2.0,2.0,3.0,3.0,3.0,1.0,1.0,3.0,2.0,2.0,1.0,4.0,5.0,3.0,4.0,4.0,5.0,4.0,6.0,5.0,5.0,6.0,6.0,3.0,4.0,3.0,4.0,3.0,4.0,2.33,2.66,1.99,1.32,3.68,4.68,5.0,5.67,3.0,4.0,2.5,1.66,4.18,5.34,3.5
1771,1.0,1.0,1.0,1.0,1.0,1.0,4.0,4.0,5.0,5.0,4.0,4.0,3.0,4.0,3.0,4.0,3.0,4.0,1.0,2.0,1.0,2.0,2.0,2.0,4.0,5.0,5.0,6.0,5.0,5.0,1.0,1.0,4.34,4.34,3.0,4.01,1.33,2.0,4.67,5.33,1.0,4.34,3.5,1.66,5.0
1772,5.0,6.0,5.0,5.0,6.0,5.0,4.0,3.0,4.0,4.0,4.0,4.0,1.0,2.0,1.0,1.0,1.0,1.0,5.0,6.0,5.0,6.0,6.0,5.0,2.0,3.0,3.0,3.0,2.0,3.0,5.33,5.34,4.0,3.67,1.0,1.32,5.33,5.67,2.33,3.0,5.34,3.84,1.16,5.5,2.66
1773,3.0,2.0,2.0,4.0,3.0,3.0,3.0,3.0,4.0,4.0,4.0,4.0,4.0,4.0,4.0,6.0,3.0,4.0,2.0,3.0,3.0,4.0,3.0,4.0,4.0,4.0,4.0,5.0,4.0,4.0,2.67,3.0,3.66,3.67,3.66,4.67,2.67,3.67,4.0,4.33,2.84,3.66,4.16,3.17,4.16
1774,2.0,2.0,1.0,1.0,1.0,2.0,5.0,3.0,5.0,4.0,4.0,3.0,3.0,4.0,4.0,4.0,3.0,3.0,4.0,4.0,3.0,4.0,3.0,4.0,4.0,5.0,4.0,4.0,5.0,5.0,1.34,1.67,4.67,3.33,3.34,3.66,3.33,4.0,4.33,4.67,1.5,4.0,3.5,3.66,4.5
1775,7.0,6.0,7.0,7.0,6.0,7.0,5.0,5.0,6.0,6.0,6.0,5.0,5.0,4.0,4.0,5.0,3.0,4.0,5.0,6.0,6.0,6.0,6.0,6.0,2.0,2.0,2.0,3.0,2.0,3.0,6.67,6.67,5.67,5.34,3.99,4.34,5.67,6.0,2.0,2.67,6.67,5.5,4.16,5.84,2.34
1776,1.0,1.0,1.0,1.0,1.0,1.0,7.0,6.0,7.0,6.0,7.0,7.0,2.0,2.0,2.0,3.0,1.0,2.0,1.0,2.0,1.0,2.0,1.0,2.0,2.0,3.0,3.0,3.0,3.0,4.0,1.0,1.0,7.0,6.35,1.65,2.32,1.0,2.0,2.67,3.33,1.0,6.68,1.98,1.5,3.0
1777,1.0,2.0,1.0,2.0,1.0,2.0,3.0,3.0,3.0,3.0,3.0,4.0,1.0,1.0,1.0,1.0,1.0,1.0,1.0,3.0,2.0,4.0,3.0,3.0,4.0,4.0,3.0,5.0,3.0,4.0,1.0,2.0,3.0,3.33,1.0,1.0,2.0,3.33,3.33,4.33,1.5,3.16,1.0,2.66,3.83
1778,4.0,6.0,3.0,5.0,4.0,5.0,5.0,5.0,5.0,5.0,5.0,5.0,4.0,3.0,4.0,4.0,3.0,5.0,2.0,3.0,2.0,3.0,2.0,3.0,3.0,5.0,3.0,3.0,3.0,4.0,3.67,5.34,5.0,5.01,3.66,4.02,2.0,3.0,3.0,4.0,4.5,5.0,3.84,2.5,3.5
1779,1.0,1.0,1.0,1.0,1.0,1.0,4.0,5.0,5.0,4.0,4.0,4.0,6.0,6.0,6.0,6.0,3.0,6.0,5.0,5.0,4.0,5.0,4.0,5.0,6.0,7.0,5.0,7.0,6.0,7.0,1.0,1.0,4.34,4.34,4.98,6.02,4.33,5.0,5.67,7.0,1.0,4.34,5.5,4.66,6.34
1780,3.0,3.0,3.0,3.0,2.0,2.0,4.0,3.0,3.0,2.0,3.0,3.0,3.0,4.0,3.0,3.0,3.0,3.0,3.0,4.0,3.0,3.0,3.0,4.0,3.0,4.0,3.0,4.0,3.0,4.0,2.67,2.67,3.33,2.66,3.0,3.33,3.0,3.67,3.0,4.0,2.67,3.0,3.16,3.34,3.5
1781,3.0,4.0,4.0,4.0,4.0,5.0,5.0,4.0,4.0,5.0,5.0,5.0,1.0,1.0,1.0,1.0,1.0,1.0,3.0,4.0,3.0,4.0,3.0,4.0,3.0,3.0,2.0,4.0,2.0,3.0,3.66,4.33,4.67,4.67,1.0,1.0,3.0,4.0,2.33,3.33,4.0,4.67,1.0,3.5,2.83
1782,2.0,2.0,2.0,2.0,1.0,1.0,3.0,3.0,3.0,3.0,3.0,3.0,1.0,1.0,1.0,1.0,1.0,1.0,4.0,5.0,5.0,5.0,4.0,5.0,2.0,3.0,2.0,3.0,2.0,3.0,1.67,1.67,3.0,3.0,1.0,1.0,4.33,5.0,2.0,3.0,1.67,3.0,1.0,4.66,2.5
1783,3.0,4.0,3.0,5.0,3.0,5.0,6.0,4.0,6.0,6.0,6.0,6.0,4.0,4.0,4.0,4.0,3.0,4.0,5.0,5.0,5.0,6.0,5.0,6.0,4.0,5.0,3.0,4.0,4.0,5.0,3.0,4.66,6.01,5.34,3.66,4.01,5.0,5.67,3.67,4.67,3.83,5.68,3.84,5.34,4.17
1784,3.0,3.0,3.0,2.0,2.0,3.0,4.0,4.0,5.0,5.0,4.0,5.0,7.0,7.0,7.0,7.0,6.0,7.0,7.0,7.0,7.0,7.0,7.0,7.0,7.0,7.0,7.0,7.0,7.0,7.0,2.67,2.67,4.34,4.67,6.69,7.0,7.0,7.0,7.0,7.0,2.67,4.5,6.85,7.0,7.0
1785,5.0,5.0,4.0,4.0,3.0,4.0,5.0,5.0,6.0,4.0,5.0,5.0,3.0,3.0,3.0,4.0,3.0,4.0,4.0,4.0,4.0,5.0,4.0,5.0,6.0,6.0,5.0,6.0,5.0,6.0,4.01,4.34,5.34,4.67,3.0,3.67,4.0,4.67,5.33,6.0,4.18,5.0,3.34,4.34,5.66
1786,1.0,1.0,1.0,1.0,1.0,1.0,5.0,4.0,5.0,4.0,5.0,5.0,1.0,2.0,1.0,1.0,1.0,1.0,3.0,4.0,4.0,4.0,3.0,4.0,2.0,3.0,2.0,3.0,4.0,3.0,1.0,1.0,5.0,4.34,1.0,1.32,3.33,4.0,2.66,3.0,1.0,4.67,1.16,3.66,2.83
1787,1.0,1.0,1.0,1.0,1.0,1.0,6.0,6.0,5.0,6.0,6.0,6.0,3.0,5.0,3.0,4.0,3.0,4.0,2.0,4.0,2.0,2.0,2.0,3.0,2.0,3.0,3.0,3.0,3.0,4.0,1.0,1.0,5.67,6.01,3.0,4.34,2.0,3.0,2.67,3.33,1.0,5.84,3.67,2.5,3.0
1788,1.0,1.0,1.0,1.0,1.0,1.0,2.0,1.0,3.0,2.0,3.0,3.0,3.0,3.0,3.0,4.0,3.0,3.0,2.0,3.0,2.0,3.0,3.0,3.0,2.0,3.0,3.0,4.0,3.0,3.0,1.0,1.0,2.66,1.99,3.0,3.33,2.33,3.0,2.67,3.33,1.0,2.33,3.16,2.66,3.0
1789,1.0,1.0,2.0,2.0,1.0,3.0,6.0,5.0,5.0,4.0,4.0,4.0,1.0,1.0,1.0,1.0,1.0,1.0,5.0,5.0,4.0,5.0,5.0,4.0,4.0,5.0,4.0,5.0,3.0,4.0,1.33,1.99,5.01,4.34,1.0,1.0,4.67,4.67,3.67,4.67,1.66,4.68,1.0,4.67,4.17
1790,3.0,3.0,4.0,4.0,3.0,4.0,4.0,4.0,5.0,4.0,4.0,4.0,5.0,5.0,4.0,5.0,3.0,3.0,6.0,7.0,6.0,6.0,6.0,6.0,4.0,5.0,4.0,3.0,4.0,5.0,3.33,3.66,4.34,4.0,3.99,4.33,6.0,6.33,4.0,4.33,3.5,4.17,4.16,6.16,4.16
1791,4.0,4.0,3.0,3.0,3.0,4.0,4.0,4.0,4.0,4.0,4.0,3.0,3.0,4.0,3.0,3.0,3.0,2.0,3.0,5.0,3.0,4.0,3.0,3.0,3.0,3.0,3.0,4.0,2.0,4.0,3.34,3.67,4.0,3.67,3.0,2.99,3.0,4.0,2.67,3.67,3.5,3.84,3.0,3.5,3.17
1792,3.0,3.0,2.0,3.0,2.0,3.0,3.0,2.0,2.0,3.0,3.0,3.0,1.0,1.0,1.0,1.0,1.0,1.0,2.0,3.0,2.0,3.0,2.0,3.0,2.0,2.0,2.0,2.0,1.0,2.0,2.34,3.0,2.66,2.66,1.0,1.0,2.0,3.0,1.67,2.0,2.67,2.66,1.0,2.5,1.84
1793,2.0,3.0,2.0,2.0,2.0,3.0,5.0,4.0,5.0,3.0,4.0,4.0,4.0,4.0,3.0,3.0,3.0,4.0,5.0,5.0,4.0,6.0,5.0,5.0,3.0,3.0,1.0,2.0,2.0,3.0,2.0,2.67,4.67,3.67,3.33,3.67,4.67,5.33,2.0,2.67,2.34,4.17,3.5,5.0,2.34
1794,4.0,5.0,4.0,4.0,5.0,5.0,3.0,2.0,5.0,4.0,5.0,4.0,4.0,4.0,3.0,4.0,3.0,4.0,4.0,4.0,2.0,4.0,3.0,3.0,1.0,2.0,2.0,2.0,1.0,2.0,4.33,4.67,4.33,3.33,3.33,4.01,3.0,3.67,1.33,2.0,4.5,3.83,3.67,3.34,1.66
1795,1.0,2.0,2.0,2.0,1.0,2.0,4.0,3.0,3.0,2.0,3.0,3.0,2.0,3.0,2.0,3.0,1.0,2.0,5.0,5.0,4.0,6.0,4.0,4.0,2.0,2.0,2.0,4.0,2.0,3.0,1.33,2.0,3.33,2.66,1.65,2.66,4.33,5.0,2.0,3.0,1.66,3.0,2.16,4.66,2.5
1796,1.0,1.0,2.0,2.0,1.0,1.0,3.0,4.0,5.0,4.0,4.0,4.0,1.0,1.0,1.0,1.0,1.0,1.0,1.0,2.0,1.0,2.0,2.0,3.0,3.0,4.0,3.0,3.0,4.0,3.0,1.33,1.33,4.0,4.0,1.0,1.0,1.33,2.33,3.33,3.33,1.33,4.0,1.0,1.83,3.33
1797,2.0,2.0,2.0,2.0,1.0,2.0,5.0,4.0,4.0,5.0,4.0,5.0,2.0,3.0,3.0,4.0,2.0,2.0,5.0,5.0,5.0,5.0,4.0,5.0,5.0,6.0,5.0,6.0,6.0,6.0,1.67,2.0,4.34,4.67,2.33,2.99,4.67,5.0,5.33,6.0,1.84,4.5,2.66,4.84,5.66
1798,7.0,7.0,6.0,7.0,6.0,6.0,4.0,2.0,4.0,3.0,3.0,3.0,5.0,5.0,5.0,5.0,4.0,4.0,5.0,5.0,5.0,5.0,4.0,5.0,6.0,7.0,7.0,7.0,6.0,7.0,6.34,6.67,3.67,2.66,4.67,4.67,4.67,5.0,6.33,7.0,6.5,3.16,4.67,4.84,6.66
1799,2.0,2.0,2.0,3.0,2.0,2.0,1.0,1.0,1.0,1.0,1.0,1.0,2.0,3.0,3.0,3.0,2.0,3.0,3.0,5.0,3.0,5.0,4.0,5.0,5.0,6.0,4.0,5.0,5.0,6.0,2.0,2.33,1.0,1.0,2.33,3.0,3.33,5.0,4.67,5.67,2.16,1.0,2.66,4.16,5.17
1800,3.0,3.0,3.0,5.0,3.0,5.0,5.0,4.0,5.0,5.0,5.0,5.0,5.0,4.0,4.0,5.0,4.0,4.0,4.0,4.0,4.0,5.0,5.0,6.0,2.0,3.0,2.0,2.0,2.0,3.0,3.0,4.33,5.0,4.67,4.34,4.34,4.33,5.0,2.0,2.67,3.66,4.84,4.34,4.66,2.34
1801,1.0,1.0,1.0,1.0,1.0,1.0,6.0,5.0,6.0,5.0,7.0,5.0,6.0,6.0,5.0,6.0,4.0,5.0,6.0,7.0,7.0,7.0,6.0,7.0,5.0,5.0,4.0,4.0,5.0,6.0,1.0,1.0,6.34,5.01,5.0,5.68,6.33,7.0,4.67,5.0,1.0,5.68,5.34,6.66,4.84
1802,1.0,2.0,1.0,1.0,1.0,1.0,5.0,5.0,5.0,5.0,6.0,5.0,6.0,6.0,6.0,6.0,6.0,7.0,3.0,4.0,3.0,4.0,3.0,5.0,2.0,2.0,2.0,3.0,2.0,3.0,1.0,1.34,5.34,5.01,6.03,6.36,3.0,4.33,2.0,2.67,1.17,5.18,6.2,3.66,2.34
1803,2.0,4.0,3.0,4.0,3.0,4.0,4.0,4.0,4.0,4.0,4.0,3.0,2.0,2.0,2.0,1.0,1.0,2.0,1.0,1.0,1.0,1.0,1.0,4.0,2.0,3.0,3.0,4.0,3.0,4.0,2.66,4.0,4.0,3.67,1.65,1.66,1.0,2.0,2.67,3.67,3.33,3.84,1.65,1.5,3.17
1804,1.0,2.0,1.0,2.0,1.0,1.0,4.0,4.0,5.0,4.0,4.0,4.0,3.0,3.0,2.0,3.0,2.0,3.0,2.0,3.0,2.0,2.0,2.0,2.0,3.0,5.0,4.0,5.0,4.0,4.0,1.0,1.67,4.34,4.0,2.32,3.0,2.0,2.33,3.67,4.67,1.34,4.17,2.66,2.16,4.17
1805,5.0,4.0,4.0,4.0,4.0,4.0,4.0,4.0,4.0,5.0,4.0,4.0,2.0,2.0,3.0,3.0,2.0,3.0,3.0,4.0,4.0,5.0,4.0,5.0,3.0,5.0,3.0,4.0,4.0,5.0,4.34,4.0,4.0,4.34,2.33,2.67,3.67,4.67,3.33,4.67,4.17,4.17,2.5,4.17,4.0
1806,3.0,3.0,3.0,3.0,3.0,3.0,3.0,2.0,3.0,2.0,3.0,3.0,2.0,3.0,2.0,2.0,1.0,2.0,3.0,3.0,2.0,3.0,4.0,4.0,3.0,3.0,2.0,3.0,2.0,3.0,3.0,3.0,3.0,2.33,1.65,2.32,3.0,3.33,2.33,3.0,3.0,2.66,1.98,3.16,2.66
1807,4.0,2.0,4.0,4.0,3.0,5.0,4.0,3.0,5.0,4.0,4.0,4.0,1.0,2.0,1.0,1.0,1.0,1.0,4.0,5.0,4.0,5.0,5.0,5.0,5.0,6.0,6.0,7.0,6.0,7.0,3.67,3.66,4.34,3.67,1.0,1.32,4.33,5.0,5.67,6.67,3.66,4.0,1.16,4.66,6.17
1808,4.0,5.0,5.0,5.0,5.0,5.0,2.0,2.0,2.0,3.0,2.0,3.0,4.0,5.0,3.0,5.0,4.0,4.0,3.0,4.0,4.0,4.0,4.0,4.0,3.0,4.0,4.0,4.0,3.0,5.0,4.66,5.0,1.99,2.66,3.68,4.67,3.67,4.0,3.33,4.33,4.83,2.33,4.18,3.84,3.83
1809,2.0,2.0,2.0,2.0,2.0,3.0,7.0,7.0,7.0,7.0,7.0,7.0,4.0,5.0,5.0,5.0,3.0,4.0,5.0,5.0,4.0,5.0,3.0,5.0,4.0,5.0,5.0,5.0,4.0,5.0,2.0,2.33,7.0,7.0,4.0,4.67,4.0,5.0,4.33,5.0,2.16,7.0,4.34,4.5,4.66
1810,2.0,3.0,2.0,3.0,3.0,4.0,7.0,6.0,7.0,6.0,7.0,7.0,1.0,1.0,1.0,1.0,1.0,1.0,5.0,6.0,5.0,6.0,5.0,6.0,1.0,3.0,2.0,3.0,3.0,3.0,2.33,3.33,7.0,6.35,1.0,1.0,5.0,6.0,2.0,3.0,2.83,6.68,1.0,5.5,2.5
1811,1.0,1.0,1.0,1.0,1.0,1.0,1.0,1.0,1.0,1.0,1.0,1.0,1.0,1.0,1.0,1.0,1.0,1.0,3.0,3.0,2.0,3.0,3.0,3.0,3.0,4.0,3.0,5.0,3.0,5.0,1.0,1.0,1.0,1.0,1.0,1.0,2.67,3.0,3.0,4.67,1.0,1.0,1.0,2.84,3.84
1812,1.0,1.0,1.0,1.0,1.0,2.0,5.0,5.0,6.0,6.0,6.0,5.0,2.0,2.0,1.0,2.0,1.0,1.0,3.0,4.0,2.0,3.0,3.0,4.0,3.0,4.0,4.0,4.0,3.0,4.0,1.0,1.33,5.67,5.34,1.31,1.65,2.67,3.67,3.33,4.0,1.16,5.5,1.48,3.17,3.66
1813,3.0,3.0,3.0,4.0,4.0,4.0,6.0,6.0,6.0,5.0,6.0,6.0,2.0,3.0,2.0,2.0,2.0,2.0,4.0,5.0,4.0,5.0,5.0,5.0,6.0,7.0,6.0,7.0,5.0,7.0,3.33,3.66,6.01,5.68,2.0,2.32,4.33,5.0,5.67,7.0,3.5,5.84,2.16,4.66,6.34
1814,3.0,3.0,3.0,4.0,3.0,3.0,3.0,4.0,2.0,2.0,3.0,2.0,2.0,3.0,2.0,4.0,2.0,3.0,4.0,6.0,4.0,5.0,3.0,4.0,4.0,6.0,5.0,6.0,5.0,6.0,3.0,3.33,2.66,2.66,2.0,3.33,3.67,5.0,4.67,6.0,3.16,2.66,2.66,4.34,5.34
1815,4.0,5.0,4.0,5.0,4.0,5.0,4.0,5.0,4.0,4.0,5.0,5.0,5.0,5.0,5.0,5.0,4.0,4.0,4.0,5.0,4.0,4.0,4.0,5.0,4.0,5.0,4.0,5.0,4.0,4.0,4.0,5.0,4.33,4.67,4.67,4.67,4.0,4.67,4.0,4.67,4.5,4.5,4.67,4.34,4.34
1816,5.0,5.0,5.0,5.0,4.0,6.0,4.0,3.0,3.0,3.0,4.0,3.0,4.0,5.0,4.0,5.0,3.0,5.0,2.0,2.0,2.0,2.0,2.0,2.0,3.0,6.0,5.0,6.0,6.0,7.0,4.67,5.33,3.67,3.0,3.66,5.01,2.0,2.0,4.66,6.33,5.0,3.34,4.34,2.0,5.5
1817,7.0,7.0,7.0,7.0,7.0,7.0,6.0,5.0,6.0,7.0,6.0,5.0,3.0,4.0,3.0,4.0,2.0,3.0,1.0,2.0,2.0,2.0,1.0,1.0,3.0,4.0,3.0,4.0,2.0,4.0,7.0,7.0,6.01,5.68,2.65,3.66,1.33,1.67,2.67,4.0,7.0,5.84,3.16,1.5,3.34
1818,6.0,7.0,7.0,7.0,7.0,7.0,3.0,2.0,2.0,1.0,3.0,2.0,4.0,4.0,4.0,4.0,2.0,4.0,3.0,4.0,4.0,4.0,2.0,5.0,5.0,7.0,6.0,5.0,6.0,7.0,6.66,7.0,2.66,1.66,3.31,4.01,3.0,4.33,5.67,6.33,6.83,2.16,3.66,3.66,6.0
1819,3.0,4.0,4.0,4.0,3.0,5.0,5.0,4.0,5.0,5.0,5.0,5.0,6.0,6.0,6.0,6.0,6.0,5.0,5.0,6.0,6.0,6.0,6.0,6.0,6.0,6.0,7.0,7.0,6.0,7.0,3.33,4.33,5.0,4.67,6.03,5.68,5.67,6.0,6.33,6.67,3.83,4.84,5.86,5.84,6.5
1820,4.0,5.0,3.0,4.0,3.0,4.0,6.0,5.0,7.0,7.0,6.0,5.0,7.0,7.0,6.0,6.0,6.0,7.0,5.0,5.0,5.0,6.0,6.0,6.0,1.0,1.0,1.0,1.0,1.0,1.0,3.34,4.34,6.34,5.68,6.36,6.7,5.33,5.67,1.0,1.0,3.84,6.01,6.53,5.5,1.0
1821,3.0,4.0,3.0,4.0,3.0,2.0,4.0,3.0,5.0,4.0,5.0,4.0,4.0,4.0,5.0,4.0,3.0,5.0,6.0,7.0,6.0,6.0,7.0,7.0,6.0,7.0,7.0,7.0,6.0,7.0,3.0,3.34,4.67,3.67,4.0,4.35,6.33,6.67,6.33,7.0,3.17,4.17,4.18,6.5,6.66
1822,2.0,3.0,2.0,2.0,2.0,3.0,3.0,2.0,4.0,4.0,3.0,4.0,3.0,3.0,2.0,2.0,2.0,2.0,3.0,3.0,3.0,3.0,4.0,3.0,1.0,2.0,2.0,3.0,2.0,3.0,2.0,2.67,3.33,3.33,2.32,2.32,3.33,3.0,1.67,2.67,2.34,3.33,2.32,3.16,2.17
1823,1.0,1.0,1.0,1.0,1.0,1.0,5.0,5.0,6.0,4.0,5.0,5.0,1.0,1.0,1.0,2.0,1.0,1.0,6.0,6.0,5.0,6.0,6.0,7.0,2.0,3.0,3.0,4.0,2.0,3.0,1.0,1.0,5.34,4.67,1.0,1.32,5.67,6.33,2.33,3.33,1.0,5.0,1.16,6.0,2.83
1824,3.0,5.0,5.0,6.0,4.0,6.0,2.0,2.0,2.0,2.0,3.0,3.0,2.0,3.0,2.0,2.0,1.0,1.0,6.0,7.0,6.0,6.0,5.0,6.0,3.0,4.0,3.0,3.0,4.0,5.0,4.0,5.66,2.32,2.33,1.65,1.98,5.67,6.33,3.33,4.0,4.83,2.33,1.82,6.0,3.66
1825,1.0,1.0,1.0,1.0,1.0,1.0,2.0,1.0,2.0,1.0,2.0,2.0,1.0,1.0,1.0,1.0,1.0,1.0,1.0,1.0,1.0,1.0,1.0,1.0,1.0,2.0,1.0,2.0,1.0,1.0,1.0,1.0,1.99,1.32,1.0,1.0,1.0,1.0,1.0,1.67,1.0,1.66,1.0,1.0,1.34
1826,2.0,2.0,1.0,3.0,2.0,3.0,2.0,2.0,3.0,2.0,2.0,1.0,2.0,3.0,2.0,2.0,1.0,2.0,5.0,5.0,4.0,6.0,5.0,5.0,2.0,3.0,4.0,5.0,3.0,4.0,1.67,2.66,2.33,1.66,1.65,2.32,4.67,5.33,3.0,4.0,2.16,2.0,1.98,5.0,3.5
1827,5.0,5.0,5.0,6.0,4.0,6.0,5.0,4.0,5.0,5.0,5.0,5.0,7.0,7.0,6.0,6.0,5.0,7.0,5.0,5.0,6.0,6.0,6.0,6.0,2.0,3.0,3.0,4.0,3.0,5.0,4.67,5.66,5.0,4.67,6.01,6.7,5.67,5.67,2.67,4.0,5.16,4.84,6.36,5.67,3.34
1828,5.0,6.0,4.0,5.0,5.0,6.0,7.0,7.0,6.0,7.0,7.0,6.0,4.0,4.0,3.0,5.0,4.0,4.0,5.0,6.0,5.0,6.0,5.0,6.0,7.0,7.0,7.0,7.0,7.0,7.0,4.67,5.67,6.68,6.68,3.68,4.34,5.0,6.0,7.0,7.0,5.17,6.68,4.01,5.5,7.0
1829,2.0,3.0,3.0,3.0,2.0,3.0,5.0,4.0,5.0,5.0,5.0,5.0,1.0,2.0,1.0,1.0,1.0,1.0,6.0,7.0,7.0,7.0,6.0,7.0,3.0,4.0,3.0,4.0,4.0,3.0,2.33,3.0,5.0,4.67,1.0,1.32,6.33,7.0,3.33,3.67,2.66,4.84,1.16,6.66,3.5
1830,3.0,4.0,4.0,4.0,3.0,3.0,3.0,3.0,2.0,2.0,2.0,3.0,4.0,4.0,4.0,4.0,3.0,4.0,2.0,2.0,3.0,4.0,2.0,3.0,3.0,3.0,3.0,3.0,2.0,3.0,3.33,3.67,2.33,2.66,3.66,4.01,2.33,3.0,2.67,3.0,3.5,2.5,3.84,2.66,2.84
1831,3.0,4.0,4.0,5.0,4.0,5.0,5.0,4.0,5.0,5.0,5.0,5.0,7.0,7.0,7.0,4.0,6.0,7.0,7.0,7.0,7.0,7.0,7.0,7.0,3.0,5.0,4.0,5.0,4.0,5.0,3.66,4.66,5.0,4.67,6.69,6.03,7.0,7.0,3.67,5.0,4.16,4.84,6.36,7.0,4.34
1832,3.0,3.0,3.0,4.0,3.0,3.0,4.0,5.0,5.0,5.0,6.0,5.0,1.0,1.0,1.0,1.0,1.0,1.0,1.0,3.0,1.0,2.0,2.0,2.0,5.0,6.0,6.0,7.0,6.0,6.0,3.0,3.33,5.0,5.01,1.0,1.0,1.33,2.33,5.67,6.33,3.16,5.0,1.0,1.83,6.0
1833,4.0,4.0,4.0,5.0,4.0,4.0,6.0,6.0,7.0,6.0,6.0,5.0,4.0,3.0,3.0,4.0,3.0,4.0,7.0,7.0,7.0,7.0,7.0,7.0,3.0,4.0,4.0,4.0,4.0,4.0,4.0,4.33,6.34,5.68,3.33,3.67,7.0,7.0,3.67,4.0,4.16,6.01,3.5,7.0,3.84
1834,1.0,1.0,1.0,1.0,1.0,1.0,3.0,3.0,3.0,3.0,3.0,3.0,1.0,1.0,1.0,1.0,1.0,1.0,4.0,4.0,4.0,5.0,4.0,5.0,5.0,6.0,5.0,6.0,6.0,6.0,1.0,1.0,3.0,3.0,1.0,1.0,4.0,4.67,5.33,6.0,1.0,3.0,1.0,4.34,5.66
1835,1.0,1.0,2.0,1.0,1.0,1.0,5.0,5.0,5.0,4.0,5.0,5.0,6.0,6.0,6.0,6.0,6.0,6.0,5.0,5.0,4.0,5.0,5.0,5.0,6.0,6.0,4.0,6.0,6.0,6.0,1.33,1.0,5.0,4.67,6.03,6.02,4.67,5.0,5.33,6.0,1.16,4.84,6.02,4.84,5.66
1836,2.0,3.0,2.0,3.0,3.0,3.0,5.0,3.0,6.0,5.0,6.0,6.0,5.0,5.0,4.0,4.0,4.0,6.0,3.0,4.0,3.0,4.0,3.0,4.0,3.0,5.0,4.0,4.0,4.0,5.0,2.33,3.0,5.67,4.67,4.34,5.02,3.0,4.0,3.67,4.67,2.66,5.17,4.68,3.5,4.17
1837,5.0,5.0,3.0,3.0,3.0,6.0,7.0,6.0,7.0,7.0,7.0,6.0,5.0,6.0,4.0,4.0,4.0,4.0,5.0,6.0,5.0,6.0,6.0,5.0,5.0,6.0,5.0,6.0,5.0,6.0,3.68,4.66,7.0,6.35,4.34,4.67,5.33,5.67,5.0,6.0,4.17,6.68,4.5,5.5,5.5
1838,2.0,3.0,2.0,3.0,2.0,4.0,1.0,1.0,2.0,2.0,2.0,2.0,3.0,4.0,3.0,3.0,2.0,3.0,4.0,5.0,4.0,4.0,5.0,6.0,2.0,4.0,2.0,4.0,2.0,4.0,2.0,3.33,1.66,1.66,2.65,3.33,4.33,5.0,2.0,4.0,2.66,1.66,2.99,4.66,3.0
1839,1.0,1.0,1.0,2.0,1.0,2.0,3.0,2.0,3.0,1.0,3.0,3.0,2.0,3.0,3.0,3.0,2.0,3.0,1.0,2.0,1.0,1.0,1.0,2.0,3.0,4.0,3.0,3.0,3.0,5.0,1.0,1.66,3.0,1.99,2.33,3.0,1.0,1.67,3.0,4.0,1.33,2.5,2.66,1.34,3.5
1840,6.0,6.0,5.0,6.0,6.0,6.0,5.0,5.0,5.0,4.0,5.0,5.0,5.0,5.0,5.0,5.0,3.0,4.0,4.0,6.0,5.0,6.0,5.0,6.0,4.0,5.0,6.0,5.0,4.0,6.0,5.67,6.0,5.0,4.67,4.32,4.67,4.67,6.0,4.67,5.33,5.84,4.84,4.5,5.34,5.0
1841,2.0,2.0,2.0,2.0,2.0,3.0,5.0,5.0,5.0,6.0,6.0,6.0,4.0,3.0,3.0,4.0,4.0,3.0,2.0,2.0,2.0,2.0,3.0,3.0,1.0,2.0,1.0,1.0,1.0,2.0,2.0,2.33,5.34,5.68,3.68,3.33,2.33,2.33,1.0,1.67,2.16,5.51,3.5,2.33,1.34
1842,2.0,3.0,3.0,4.0,3.0,3.0,1.0,1.0,1.0,1.0,1.0,1.0,4.0,4.0,4.0,4.0,2.0,3.0,3.0,3.0,3.0,4.0,3.0,4.0,1.0,1.0,1.0,1.0,1.0,1.0,2.66,3.33,1.0,1.0,3.31,3.66,3.0,3.67,1.0,1.0,3.0,1.0,3.49,3.34,1.0
1843,3.0,3.0,2.0,3.0,3.0,3.0,3.0,3.0,4.0,3.0,4.0,4.0,4.0,5.0,3.0,4.0,3.0,4.0,1.0,1.0,1.0,1.0,1.0,1.0,2.0,2.0,2.0,4.0,4.0,3.0,2.67,3.0,3.66,3.33,3.33,4.34,1.0,1.0,2.66,3.0,2.84,3.5,3.84,1.0,2.83
1844,3.0,3.0,2.0,3.0,3.0,3.0,5.0,4.0,6.0,5.0,6.0,5.0,5.0,4.0,5.0,4.0,4.0,4.0,3.0,3.0,2.0,4.0,3.0,3.0,5.0,6.0,6.0,6.0,5.0,6.0,2.67,3.0,5.67,4.67,4.67,4.01,2.67,3.33,5.33,6.0,2.84,5.17,4.34,3.0,5.66
1845,2.0,3.0,2.0,3.0,2.0,2.0,1.0,1.0,1.0,1.0,1.0,1.0,3.0,3.0,3.0,4.0,2.0,3.0,3.0,3.0,2.0,2.0,3.0,3.0,2.0,3.0,1.0,3.0,2.0,2.0,2.0,2.67,1.0,1.0,2.65,3.33,2.67,2.67,1.67,2.67,2.34,1.0,2.99,2.67,2.17
1846,7.0,7.0,7.0,7.0,7.0,7.0,6.0,6.0,6.0,6.0,6.0,5.0,4.0,5.0,4.0,4.0,2.0,3.0,5.0,5.0,5.0,6.0,4.0,5.0,6.0,6.0,6.0,6.0,6.0,6.0,7.0,7.0,6.01,5.68,3.31,4.0,4.67,5.33,6.0,6.0,7.0,5.84,3.66,5.0,6.0
1847,4.0,3.0,4.0,4.0,4.0,3.0,5.0,4.0,6.0,6.0,5.0,6.0,4.0,6.0,5.0,6.0,4.0,5.0,6.0,6.0,7.0,6.0,6.0,6.0,1.0,2.0,2.0,3.0,2.0,2.0,4.0,3.33,5.34,5.34,4.35,5.68,6.33,6.0,1.67,2.33,3.66,5.34,5.01,6.16,2.0
1848,4.0,4.0,3.0,3.0,3.0,4.0,2.0,3.0,3.0,3.0,3.0,3.0,1.0,1.0,1.0,2.0,1.0,1.0,3.0,4.0,3.0,4.0,3.0,4.0,1.0,1.0,1.0,2.0,1.0,1.0,3.34,3.67,2.66,3.0,1.0,1.32,3.0,4.0,1.0,1.33,3.5,2.83,1.16,3.5,1.16
1849,1.0,1.0,1.0,1.0,1.0,1.0,1.0,1.0,2.0,1.0,1.0,1.0,1.0,2.0,1.0,2.0,1.0,1.0,3.0,3.0,4.0,3.0,3.0,4.0,2.0,3.0,2.0,3.0,2.0,3.0,1.0,1.0,1.32,1.0,1.0,1.65,3.33,3.33,2.0,3.0,1.0,1.16,1.32,3.33,2.5
1850,2.0,2.0,2.0,3.0,1.0,2.0,1.0,1.0,2.0,1.0,1.0,1.0,5.0,6.0,6.0,7.0,6.0,6.0,4.0,4.0,3.0,5.0,3.0,5.0,2.0,3.0,3.0,3.0,3.0,3.0,1.67,2.33,1.32,1.0,5.7,6.35,3.33,4.67,2.67,3.0,2.0,1.16,6.02,4.0,2.84
1851,4.0,3.0,4.0,4.0,4.0,4.0,4.0,4.0,6.0,5.0,5.0,4.0,6.0,6.0,5.0,6.0,5.0,5.0,1.0,2.0,1.0,2.0,1.0,2.0,1.0,2.0,1.0,3.0,1.0,2.0,4.0,3.66,5.0,4.34,5.35,5.68,1.0,2.0,1.0,2.33,3.83,4.67,5.52,1.5,1.66
1852,1.0,1.0,1.0,1.0,1.0,1.0,6.0,6.0,7.0,6.0,7.0,6.0,2.0,2.0,3.0,3.0,1.0,3.0,1.0,2.0,1.0,1.0,1.0,1.0,2.0,3.0,1.0,1.0,1.0,3.0,1.0,1.0,6.68,6.01,1.98,2.67,1.0,1.33,1.33,2.33,1.0,6.34,2.33,1.16,1.83
1853,1.0,3.0,3.0,2.0,3.0,3.0,4.0,4.0,4.0,3.0,3.0,4.0,1.0,1.0,1.0,1.0,1.0,1.0,1.0,1.0,1.0,1.0,1.0,2.0,5.0,6.0,7.0,7.0,5.0,5.0,2.33,2.67,3.67,3.67,1.0,1.0,1.0,1.33,5.67,6.0,2.5,3.67,1.0,1.16,5.84
1854,1.0,1.0,1.0,1.0,1.0,2.0,4.0,3.0,4.0,3.0,3.0,3.0,3.0,4.0,2.0,4.0,2.0,3.0,2.0,1.0,1.0,2.0,2.0,2.0,4.0,4.0,3.0,4.0,3.0,5.0,1.0,1.33,3.67,3.0,2.32,3.66,1.67,1.67,3.33,4.33,1.16,3.34,2.99,1.67,3.83
1855,1.0,1.0,1.0,1.0,1.0,1.0,4.0,7.0,7.0,7.0,7.0,7.0,3.0,6.0,6.0,6.0,5.0,6.0,6.0,7.0,6.0,7.0,6.0,7.0,6.0,7.0,7.0,7.0,7.0,7.0,1.0,1.0,6.01,7.0,4.7,6.02,6.0,7.0,6.67,7.0,1.0,6.5,5.36,6.5,6.84
1856,5.0,5.0,4.0,5.0,4.0,4.0,4.0,3.0,3.0,3.0,4.0,3.0,4.0,5.0,5.0,4.0,4.0,3.0,1.0,2.0,1.0,1.0,2.0,3.0,4.0,5.0,3.0,4.0,5.0,5.0,4.34,4.67,3.67,3.0,4.35,4.0,1.33,2.0,4.0,4.67,4.5,3.34,4.18,1.66,4.34
1857,2.0,2.0,3.0,3.0,3.0,3.0,6.0,6.0,7.0,7.0,6.0,5.0,4.0,5.0,4.0,4.0,4.0,4.0,4.0,5.0,4.0,5.0,5.0,5.0,5.0,6.0,6.0,6.0,6.0,6.0,2.66,2.66,6.34,6.01,4.01,4.34,4.33,5.0,5.67,6.0,2.66,6.18,4.18,4.66,5.84
1858,2.0,3.0,2.0,2.0,2.0,2.0,5.0,5.0,5.0,5.0,6.0,5.0,4.0,5.0,5.0,4.0,3.0,4.0,5.0,5.0,4.0,5.0,5.0,5.0,3.0,5.0,4.0,4.0,4.0,5.0,2.0,2.34,5.34,5.01,4.0,4.34,4.67,5.0,3.67,4.67,2.17,5.18,4.17,4.84,4.17
1859,4.0,5.0,6.0,6.0,3.0,4.0,1.0,1.0,3.0,2.0,3.0,2.0,6.0,6.0,6.0,6.0,5.0,6.0,4.0,4.0,4.0,4.0,4.0,5.0,7.0,7.0,6.0,7.0,6.0,7.0,4.34,5.0,2.32,1.66,5.68,6.02,4.0,4.33,6.33,7.0,4.67,1.99,5.85,4.16,6.66
1860,2.0,2.0,1.0,2.0,1.0,2.0,2.0,1.0,2.0,2.0,2.0,2.0,1.0,1.0,1.0,1.0,1.0,1.0,1.0,2.0,2.0,2.0,2.0,2.0,2.0,2.0,2.0,3.0,1.0,2.0,1.34,2.0,1.99,1.66,1.0,1.0,1.67,2.0,1.67,2.33,1.67,1.82,1.0,1.84,2.0
1861,6.0,6.0,6.0,6.0,5.0,5.0,4.0,3.0,4.0,3.0,4.0,3.0,5.0,5.0,4.0,4.0,3.0,4.0,3.0,4.0,3.0,3.0,3.0,4.0,6.0,7.0,6.0,7.0,6.0,7.0,5.67,5.67,4.0,3.0,3.99,4.34,3.0,3.67,6.0,7.0,5.67,3.5,4.16,3.34,6.5
1862,2.0,3.0,2.0,3.0,1.0,3.0,3.0,3.0,5.0,5.0,4.0,4.0,2.0,2.0,2.0,1.0,2.0,2.0,3.0,3.0,2.0,3.0,2.0,3.0,3.0,3.0,4.0,3.0,3.0,5.0,1.67,3.0,4.0,4.0,2.0,1.66,2.33,3.0,3.33,3.67,2.34,4.0,1.83,2.66,3.5
1863,1.0,1.0,1.0,1.0,1.0,1.0,2.0,3.0,3.0,3.0,3.0,2.0,3.0,4.0,3.0,3.0,2.0,3.0,1.0,1.0,1.0,1.0,1.0,3.0,2.0,3.0,2.0,2.0,2.0,2.0,1.0,1.0,2.66,2.66,2.65,3.33,1.0,1.67,2.0,2.33,1.0,2.66,2.99,1.34,2.16
1864,1.0,1.0,1.0,1.0,1.0,1.0,4.0,3.0,4.0,4.0,3.0,3.0,3.0,3.0,3.0,3.0,2.0,3.0,4.0,4.0,4.0,5.0,4.0,4.0,4.0,5.0,3.0,4.0,4.0,4.0,1.0,1.0,3.67,3.33,2.65,3.0,4.0,4.33,3.67,4.33,1.0,3.5,2.82,4.16,4.0
1865,7.0,6.0,6.0,7.0,7.0,6.0,2.0,3.0,4.0,3.0,4.0,3.0,4.0,4.0,3.0,3.0,3.0,4.0,4.0,5.0,4.0,3.0,3.0,4.0,5.0,6.0,6.0,7.0,6.0,7.0,6.67,6.33,3.33,3.0,3.33,3.67,3.67,4.0,5.67,6.67,6.5,3.16,3.5,3.84,6.17
1866,1.0,1.0,1.0,2.0,2.0,3.0,3.0,2.0,3.0,1.0,3.0,3.0,4.0,4.0,2.0,3.0,2.0,2.0,4.0,6.0,5.0,6.0,5.0,5.0,1.0,2.0,1.0,2.0,2.0,2.0,1.33,1.99,3.0,1.99,2.65,2.99,4.67,5.67,1.33,2.0,1.66,2.5,2.82,5.17,1.66
1867,5.0,6.0,5.0,6.0,4.0,5.0,5.0,5.0,6.0,6.0,5.0,6.0,3.0,4.0,3.0,4.0,3.0,4.0,5.0,5.0,4.0,6.0,6.0,5.0,3.0,2.0,2.0,3.0,3.0,3.0,4.67,5.67,5.34,5.68,3.0,4.01,5.0,5.33,2.67,2.67,5.17,5.51,3.5,5.16,2.67
1868,2.0,2.0,1.0,2.0,2.0,3.0,7.0,6.0,7.0,7.0,7.0,7.0,2.0,2.0,2.0,2.0,2.0,2.0,3.0,3.0,3.0,5.0,4.0,4.0,2.0,4.0,3.0,3.0,3.0,4.0,1.67,2.33,7.0,6.68,2.0,1.99,3.33,4.0,2.67,3.67,2.0,6.84,2.0,3.66,3.17
1869,7.0,7.0,7.0,7.0,7.0,7.0,2.0,2.0,3.0,2.0,3.0,4.0,1.0,1.0,1.0,1.0,1.0,1.0,2.0,3.0,2.0,3.0,1.0,2.0,4.0,5.0,4.0,5.0,5.0,6.0,7.0,7.0,2.66,2.66,1.0,1.0,1.67,2.67,4.33,5.33,7.0,2.66,1.0,2.17,4.83
1870,3.0,4.0,4.0,5.0,4.0,5.0,3.0,2.0,3.0,4.0,3.0,3.0,2.0,2.0,2.0,2.0,2.0,2.0,4.0,5.0,4.0,4.0,4.0,5.0,2.0,4.0,1.0,2.0,3.0,3.0,3.66,4.66,3.0,3.0,2.0,1.99,4.0,4.67,2.0,3.0,4.16,3.0,2.0,4.34,2.5
1871,1.0,1.0,2.0,1.0,2.0,2.0,4.0,4.0,4.0,4.0,4.0,4.0,6.0,6.0,5.0,7.0,5.0,6.0,2.0,2.0,1.0,2.0,1.0,2.0,1.0,1.0,1.0,2.0,1.0,1.0,1.66,1.33,4.0,4.0,5.35,6.35,1.33,2.0,1.0,1.33,1.5,4.0,5.85,1.66,1.16
1872,2.0,2.0,2.0,3.0,2.0,3.0,2.0,1.0,1.0,1.0,2.0,1.0,2.0,3.0,1.0,2.0,2.0,3.0,2.0,3.0,2.0,3.0,2.0,3.0,1.0,2.0,2.0,2.0,1.0,2.0,2.0,2.66,1.66,1.0,1.66,2.67,2.0,3.0,1.33,2.0,2.33,1.33,2.16,2.5,1.66
1873,1.0,1.0,1.0,1.0,1.0,1.0,2.0,2.0,3.0,3.0,3.0,3.0,4.0,6.0,5.0,5.0,4.0,4.0,1.0,2.0,1.0,1.0,1.0,2.0,4.0,5.0,3.0,4.0,4.0,4.0,1.0,1.0,2.66,2.66,4.35,5.0,1.0,1.67,3.67,4.33,1.0,2.66,4.68,1.34,4.0
1874,1.0,2.0,1.0,1.0,2.0,2.0,4.0,3.0,4.0,3.0,4.0,3.0,3.0,3.0,2.0,2.0,2.0,3.0,1.0,3.0,2.0,2.0,2.0,2.0,3.0,4.0,3.0,4.0,3.0,3.0,1.33,1.67,4.0,3.0,2.32,2.67,1.67,2.33,3.0,3.67,1.5,3.5,2.5,2.0,3.34
1875,4.0,5.0,5.0,6.0,3.0,5.0,3.0,3.0,5.0,4.0,4.0,4.0,1.0,2.0,1.0,2.0,1.0,2.0,4.0,5.0,5.0,6.0,6.0,6.0,1.0,2.0,1.0,3.0,1.0,2.0,4.01,5.33,4.0,3.67,1.0,1.99,5.0,5.67,1.0,2.33,4.67,3.84,1.5,5.34,1.66
1876,1.0,1.0,1.0,1.0,1.0,1.0,5.0,5.0,6.0,5.0,5.0,5.0,1.0,2.0,2.0,2.0,1.0,1.0,3.0,4.0,3.0,4.0,4.0,4.0,2.0,2.0,1.0,2.0,1.0,1.0,1.0,1.0,5.34,5.01,1.32,1.65,3.33,4.0,1.33,1.67,1.0,5.18,1.48,3.66,1.5
1877,6.0,7.0,6.0,6.0,7.0,7.0,5.0,5.0,6.0,5.0,5.0,4.0,7.0,7.0,7.0,7.0,6.0,7.0,6.0,6.0,6.0,6.0,6.0,7.0,5.0,6.0,5.0,5.0,5.0,5.0,6.33,6.67,5.34,4.67,6.69,7.0,6.0,6.33,5.0,5.33,6.5,5.0,6.85,6.16,5.16
1878,2.0,2.0,2.0,2.0,3.0,3.0,2.0,1.0,2.0,2.0,2.0,1.0,5.0,6.0,5.0,5.0,4.0,5.0,1.0,2.0,1.0,1.0,1.0,1.0,1.0,1.0,1.0,1.0,1.0,2.0,2.33,2.33,1.99,1.32,4.67,5.35,1.0,1.33,1.0,1.33,2.33,1.66,5.01,1.16,1.16
1879,3.0,4.0,4.0,5.0,3.0,5.0,4.0,4.0,4.0,4.0,4.0,3.0,2.0,2.0,2.0,3.0,1.0,2.0,4.0,5.0,3.0,4.0,3.0,3.0,6.0,7.0,6.0,7.0,6.0,7.0,3.33,4.66,4.0,3.67,1.65,2.32,3.33,4.0,6.0,7.0,4.0,3.84,1.98,3.66,6.5
1880,2.0,2.0,2.0,3.0,2.0,3.0,2.0,3.0,3.0,2.0,2.0,3.0,2.0,2.0,2.0,2.0,2.0,2.0,2.0,2.0,2.0,3.0,2.0,3.0,3.0,4.0,3.0,5.0,3.0,4.0,2.0,2.66,2.33,2.66,2.0,1.99,2.0,2.67,3.0,4.33,2.33,2.5,2.0,2.34,3.66
1881,3.0,4.0,3.0,3.0,3.0,3.0,2.0,1.0,2.0,1.0,2.0,1.0,2.0,2.0,2.0,2.0,1.0,3.0,2.0,2.0,1.0,2.0,2.0,2.0,3.0,3.0,4.0,4.0,2.0,4.0,3.0,3.34,1.99,1.0,1.65,2.33,1.67,2.0,3.0,3.67,3.17,1.5,1.99,1.84,3.34
1882,2.0,4.0,3.0,3.0,3.0,2.0,4.0,4.0,4.0,4.0,4.0,4.0,4.0,4.0,4.0,4.0,4.0,3.0,4.0,5.0,4.0,5.0,4.0,4.0,4.0,6.0,5.0,5.0,4.0,5.0,2.66,3.01,4.0,4.0,4.01,3.66,4.0,4.67,4.33,5.33,2.84,4.0,3.84,4.34,4.83
1883,1.0,1.0,1.0,1.0,1.0,2.0,4.0,4.0,5.0,5.0,5.0,5.0,4.0,4.0,2.0,5.0,4.0,4.0,3.0,3.0,3.0,3.0,4.0,3.0,4.0,5.0,3.0,5.0,3.0,4.0,1.0,1.33,4.67,4.67,3.35,4.34,3.33,3.0,3.33,4.67,1.16,4.67,3.84,3.16,4.0
1884,1.0,1.0,1.0,1.0,3.0,1.0,4.0,2.0,4.0,4.0,4.0,4.0,6.0,6.0,7.0,7.0,6.0,6.0,1.0,2.0,1.0,2.0,2.0,1.0,4.0,5.0,4.0,4.0,4.0,4.0,1.66,1.0,4.0,3.33,6.36,6.35,1.33,1.67,4.0,4.33,1.33,3.66,6.36,1.5,4.16
1885,2.0,4.0,4.0,5.0,4.0,4.0,4.0,4.0,5.0,5.0,5.0,5.0,1.0,1.0,1.0,1.0,1.0,1.0,1.0,1.0,1.0,2.0,1.0,1.0,2.0,3.0,2.0,3.0,3.0,3.0,3.33,4.33,4.67,4.67,1.0,1.0,1.0,1.33,2.33,3.0,3.83,4.67,1.0,1.16,2.66
1886,4.0,5.0,5.0,5.0,3.0,4.0,4.0,3.0,5.0,4.0,5.0,4.0,3.0,4.0,3.0,4.0,2.0,3.0,5.0,5.0,5.0,6.0,5.0,6.0,4.0,5.0,5.0,5.0,5.0,6.0,4.01,4.67,4.67,3.67,2.65,3.66,5.0,5.67,4.67,5.33,4.34,4.17,3.16,5.34,5.0
1887,6.0,6.0,5.0,6.0,7.0,7.0,7.0,7.0,7.0,7.0,7.0,7.0,3.0,3.0,2.0,3.0,2.0,2.0,5.0,5.0,4.0,5.0,4.0,5.0,5.0,6.0,4.0,5.0,5.0,6.0,6.0,6.33,7.0,7.0,2.32,2.66,4.33,5.0,4.67,5.67,6.16,7.0,2.49,4.66,5.17
1888,1.0,1.0,2.0,2.0,2.0,3.0,5.0,4.0,5.0,5.0,4.0,3.0,3.0,4.0,2.0,4.0,3.0,3.0,3.0,3.0,3.0,3.0,2.0,3.0,2.0,2.0,2.0,2.0,3.0,3.0,1.66,1.99,4.67,4.0,2.67,3.66,2.67,3.0,2.33,2.33,1.82,4.34,3.16,2.84,2.33
1889,1.0,2.0,2.0,2.0,2.0,3.0,4.0,5.0,6.0,5.0,5.0,5.0,4.0,6.0,3.0,4.0,2.0,3.0,5.0,6.0,5.0,5.0,4.0,4.0,7.0,7.0,7.0,7.0,7.0,7.0,1.66,2.33,5.0,5.01,2.98,4.33,4.67,5.0,7.0,7.0,2.0,5.0,3.66,4.84,7.0
1890,2.0,4.0,4.0,5.0,5.0,4.0,6.0,5.0,7.0,6.0,6.0,6.0,5.0,6.0,6.0,5.0,4.0,5.0,3.0,4.0,4.0,4.0,3.0,4.0,3.0,5.0,4.0,5.0,5.0,6.0,3.65,4.33,6.34,5.68,5.0,5.35,3.33,4.0,4.0,5.33,3.99,6.01,5.18,3.66,4.66
1891,3.0,3.0,3.0,3.0,4.0,6.0,7.0,7.0,7.0,7.0,7.0,7.0,7.0,7.0,6.0,7.0,5.0,6.0,7.0,7.0,7.0,7.0,7.0,7.0,5.0,6.0,6.0,6.0,5.0,6.0,3.33,3.99,7.0,7.0,6.01,6.69,7.0,7.0,5.33,6.0,3.66,7.0,6.35,7.0,5.66
1892,7.0,7.0,7.0,7.0,7.0,7.0,7.0,7.0,7.0,7.0,7.0,6.0,3.0,4.0,2.0,4.0,2.0,3.0,4.0,4.0,3.0,4.0,4.0,4.0,4.0,5.0,4.0,5.0,4.0,5.0,7.0,7.0,7.0,6.68,2.32,3.66,3.67,4.0,4.0,5.0,7.0,6.84,2.99,3.84,4.5
1893,4.0,5.0,3.0,5.0,5.0,4.0,2.0,2.0,3.0,2.0,3.0,2.0,3.0,3.0,3.0,3.0,3.0,2.0,1.0,1.0,1.0,1.0,1.0,1.0,2.0,3.0,2.0,3.0,2.0,3.0,4.0,4.67,2.66,1.99,3.0,2.66,1.0,1.0,2.0,3.0,4.34,2.33,2.83,1.0,2.5
1894,3.0,4.0,3.0,4.0,4.0,3.0,6.0,5.0,6.0,6.0,6.0,5.0,6.0,6.0,5.0,5.0,4.0,4.0,1.0,1.0,1.0,2.0,1.0,2.0,2.0,3.0,3.0,3.0,2.0,3.0,3.33,3.67,6.01,5.34,5.0,5.0,1.0,1.67,2.33,3.0,3.5,5.68,5.0,1.34,2.66
1895,3.0,3.0,4.0,4.0,3.0,3.0,3.0,2.0,3.0,3.0,3.0,3.0,2.0,3.0,3.0,3.0,2.0,2.0,4.0,5.0,4.0,4.0,4.0,5.0,3.0,5.0,5.0,5.0,5.0,6.0,3.33,3.33,3.0,2.66,2.33,2.66,4.0,4.67,4.33,5.33,3.33,2.83,2.5,4.34,4.83
1896,1.0,1.0,1.0,1.0,1.0,1.0,3.0,3.0,3.0,3.0,3.0,2.0,6.0,7.0,6.0,7.0,5.0,6.0,3.0,3.0,3.0,4.0,3.0,4.0,3.0,4.0,3.0,4.0,4.0,5.0,1.0,1.0,3.0,2.66,5.68,6.69,3.0,3.67,3.33,4.33,1.0,2.83,6.18,3.34,3.83
1897,7.0,7.0,7.0,7.0,7.0,7.0,7.0,7.0,7.0,7.0,7.0,7.0,5.0,5.0,6.0,5.0,4.0,4.0,6.0,7.0,7.0,7.0,7.0,6.0,3.0,4.0,4.0,4.0,3.0,4.0,7.0,7.0,7.0,7.0,5.0,4.67,6.67,6.67,3.33,4.0,7.0,7.0,4.84,6.67,3.66
1898,1.0,1.0,1.0,1.0,1.0,1.0,2.0,2.0,3.0,2.0,2.0,2.0,3.0,3.0,2.0,3.0,3.0,3.0,3.0,4.0,3.0,4.0,3.0,4.0,4.0,5.0,4.0,4.0,4.0,5.0,1.0,1.0,2.33,1.99,2.67,3.0,3.0,4.0,4.0,4.67,1.0,2.16,2.84,3.5,4.34
1899,2.0,3.0,3.0,3.0,2.0,3.0,5.0,4.0,5.0,4.0,5.0,5.0,2.0,3.0,3.0,3.0,2.0,2.0,2.0,2.0,1.0,2.0,2.0,2.0,5.0,5.0,5.0,5.0,5.0,5.0,2.33,3.0,5.0,4.34,2.33,2.66,1.67,2.0,5.0,5.0,2.66,4.67,2.5,1.84,5.0
1900,3.0,6.0,3.0,6.0,5.0,5.0,5.0,5.0,5.0,5.0,6.0,5.0,6.0,7.0,6.0,7.0,6.0,7.0,4.0,5.0,4.0,5.0,5.0,5.0,2.0,2.0,1.0,2.0,1.0,3.0,3.66,5.67,5.34,5.01,6.03,7.0,4.33,5.0,1.33,2.33,4.66,5.18,6.52,4.66,1.83
1901,2.0,3.0,2.0,3.0,2.0,2.0,4.0,3.0,4.0,4.0,5.0,4.0,3.0,3.0,4.0,4.0,4.0,4.0,2.0,3.0,2.0,4.0,3.0,3.0,3.0,4.0,2.0,3.0,3.0,4.0,2.0,2.67,4.33,3.67,3.69,3.67,2.33,3.33,2.67,3.67,2.34,4.0,3.68,2.83,3.17
1902,1.0,1.0,1.0,1.0,1.0,1.0,5.0,4.0,5.0,5.0,5.0,6.0,1.0,2.0,1.0,2.0,2.0,2.0,4.0,6.0,4.0,5.0,4.0,4.0,7.0,7.0,3.0,6.0,6.0,7.0,1.0,1.0,5.0,5.01,1.34,1.99,4.0,5.0,5.33,6.67,1.0,5.0,1.66,4.5,6.0
1903,5.0,5.0,3.0,4.0,4.0,5.0,3.0,3.0,4.0,3.0,3.0,4.0,5.0,6.0,5.0,5.0,4.0,4.0,3.0,3.0,3.0,3.0,3.0,4.0,2.0,3.0,2.0,3.0,2.0,3.0,4.0,4.67,3.33,3.33,4.67,5.0,3.0,3.33,2.0,3.0,4.34,3.33,4.84,3.16,2.5
1904,2.0,2.0,2.0,1.0,2.0,1.0,3.0,3.0,4.0,3.0,4.0,3.0,5.0,5.0,4.0,5.0,4.0,4.0,3.0,3.0,2.0,2.0,3.0,3.0,4.0,5.0,4.0,4.0,4.0,5.0,2.0,1.34,3.66,3.0,4.34,4.67,2.67,2.67,4.0,4.67,1.67,3.33,4.5,2.67,4.34
1905,5.0,5.0,6.0,6.0,5.0,6.0,4.0,3.0,4.0,3.0,3.0,3.0,3.0,3.0,3.0,3.0,2.0,2.0,4.0,5.0,5.0,4.0,5.0,5.0,2.0,3.0,3.0,3.0,2.0,3.0,5.34,5.66,3.67,3.0,2.65,2.66,4.67,4.67,2.33,3.0,5.5,3.34,2.66,4.67,2.66
1906,6.0,6.0,5.0,6.0,5.0,6.0,2.0,3.0,3.0,2.0,2.0,1.0,4.0,4.0,3.0,4.0,3.0,4.0,5.0,6.0,5.0,6.0,6.0,6.0,4.0,5.0,4.0,5.0,5.0,5.0,5.34,6.0,2.33,1.99,3.33,4.01,5.33,6.0,4.33,5.0,5.67,2.16,3.67,5.66,4.66
1907,5.0,6.0,5.0,6.0,5.0,6.0,7.0,6.0,7.0,7.0,7.0,5.0,4.0,5.0,4.0,6.0,4.0,4.0,2.0,2.0,3.0,4.0,2.0,2.0,6.0,7.0,7.0,7.0,7.0,7.0,5.0,6.0,7.0,6.01,4.01,5.0,2.33,2.67,6.67,7.0,5.5,6.5,4.5,2.5,6.84
1908,1.0,1.0,1.0,1.0,1.0,1.0,2.0,1.0,2.0,2.0,3.0,2.0,2.0,3.0,2.0,3.0,2.0,3.0,3.0,3.0,3.0,4.0,2.0,4.0,3.0,4.0,3.0,5.0,3.0,4.0,1.0,1.0,2.32,1.66,2.0,3.0,2.67,3.67,3.0,4.33,1.0,1.99,2.5,3.17,3.66
1909,3.0,5.0,3.0,5.0,3.0,3.0,5.0,4.0,6.0,5.0,5.0,5.0,4.0,5.0,4.0,4.0,3.0,4.0,5.0,7.0,6.0,6.0,5.0,6.0,4.0,5.0,3.0,5.0,3.0,5.0,3.0,4.34,5.34,4.67,3.66,4.34,5.33,6.33,3.33,5.0,3.67,5.0,4.0,5.83,4.16
1910,5.0,5.0,5.0,5.0,4.0,5.0,5.0,4.0,4.0,4.0,4.0,5.0,4.0,5.0,6.0,5.0,4.0,5.0,7.0,7.0,6.0,7.0,6.0,7.0,5.0,6.0,5.0,6.0,4.0,5.0,4.67,5.0,4.34,4.34,4.68,5.01,6.33,7.0,4.67,5.67,4.84,4.34,4.84,6.66,5.17
1911,1.0,2.0,1.0,2.0,1.0,2.0,3.0,1.0,3.0,3.0,3.0,3.0,3.0,4.0,4.0,4.0,4.0,4.0,3.0,3.0,2.0,4.0,3.0,4.0,3.0,3.0,3.0,5.0,3.0,3.0,1.0,2.0,3.0,2.33,3.69,4.01,2.67,3.67,3.0,3.67,1.5,2.66,3.85,3.17,3.34
1912,1.0,1.0,1.0,2.0,1.0,1.0,5.0,5.0,6.0,7.0,6.0,5.0,6.0,6.0,6.0,6.0,5.0,6.0,4.0,4.0,3.0,4.0,4.0,4.0,3.0,4.0,2.0,2.0,2.0,4.0,1.0,1.33,5.67,5.68,5.68,6.02,3.67,4.0,2.33,3.33,1.16,5.68,5.85,3.84,2.83
1913,5.0,6.0,6.0,6.0,5.0,6.0,5.0,6.0,6.0,6.0,6.0,6.0,6.0,5.0,5.0,5.0,4.0,5.0,4.0,4.0,4.0,4.0,3.0,4.0,6.0,7.0,6.0,7.0,6.0,7.0,5.34,6.0,5.67,6.01,5.0,5.01,3.67,4.0,6.0,7.0,5.67,5.84,5.0,3.84,6.5
1914,2.0,3.0,2.0,3.0,2.0,3.0,5.0,4.0,6.0,5.0,5.0,4.0,5.0,6.0,6.0,6.0,6.0,6.0,3.0,4.0,3.0,3.0,3.0,4.0,2.0,3.0,1.0,2.0,2.0,3.0,2.0,3.0,5.34,4.34,5.7,6.02,3.0,3.67,1.67,2.67,2.5,4.84,5.86,3.34,2.17
1915,2.0,2.0,2.0,2.0,2.0,3.0,5.0,5.0,6.0,6.0,6.0,6.0,3.0,3.0,3.0,4.0,3.0,3.0,4.0,4.0,4.0,4.0,4.0,5.0,7.0,7.0,7.0,7.0,7.0,7.0,2.0,2.33,5.67,5.68,3.0,3.33,4.0,4.33,7.0,7.0,2.16,5.68,3.16,4.16,7.0
1916,7.0,7.0,7.0,7.0,7.0,7.0,3.0,2.0,3.0,2.0,3.0,3.0,5.0,6.0,5.0,5.0,3.0,4.0,4.0,5.0,4.0,5.0,4.0,5.0,6.0,7.0,6.0,7.0,6.0,6.0,7.0,7.0,3.0,2.33,4.32,5.0,4.0,5.0,6.0,6.67,7.0,2.66,4.66,4.5,6.34
1917,3.0,4.0,4.0,4.0,3.0,3.0,6.0,6.0,6.0,6.0,6.0,6.0,3.0,3.0,3.0,4.0,3.0,3.0,2.0,2.0,2.0,3.0,2.0,3.0,4.0,5.0,5.0,6.0,4.0,5.0,3.33,3.67,6.01,6.01,3.0,3.33,2.0,2.67,4.33,5.33,3.5,6.01,3.16,2.34,4.83
1918,1.0,1.0,1.0,1.0,1.0,1.0,7.0,7.0,7.0,7.0,6.0,6.0,3.0,4.0,3.0,4.0,2.0,3.0,3.0,4.0,3.0,4.0,4.0,4.0,4.0,5.0,4.0,5.0,5.0,6.0,1.0,1.0,6.68,6.68,2.65,3.66,3.33,4.0,4.33,5.33,1.0,6.68,3.16,3.66,4.83
1919,2.0,3.0,1.0,2.0,2.0,2.0,3.0,3.0,4.0,3.0,4.0,3.0,1.0,1.0,1.0,2.0,1.0,1.0,2.0,3.0,2.0,3.0,3.0,2.0,1.0,2.0,2.0,2.0,2.0,3.0,1.67,2.34,3.66,3.0,1.0,1.32,2.33,2.67,1.67,2.33,2.0,3.33,1.16,2.5,2.0
1920,3.0,4.0,3.0,3.0,3.0,4.0,3.0,2.0,4.0,4.0,4.0,4.0,1.0,1.0,1.0,2.0,1.0,1.0,1.0,1.0,1.0,1.0,1.0,1.0,3.0,4.0,2.0,4.0,3.0,5.0,3.0,3.67,3.66,3.33,1.0,1.32,1.0,1.0,2.67,4.33,3.34,3.5,1.16,1.0,3.5
1921,3.0,4.0,2.0,4.0,4.0,5.0,2.0,1.0,2.0,1.0,2.0,1.0,2.0,3.0,2.0,2.0,2.0,2.0,2.0,3.0,3.0,4.0,3.0,4.0,2.0,2.0,2.0,3.0,2.0,3.0,3.0,4.33,1.99,1.0,2.0,2.32,2.67,3.67,2.0,2.67,3.66,1.5,2.16,3.17,2.34
1922,1.0,1.0,1.0,1.0,1.0,1.0,1.0,1.0,1.0,1.0,1.0,1.0,1.0,1.0,1.0,1.0,1.0,1.0,1.0,2.0,1.0,2.0,1.0,1.0,1.0,1.0,1.0,1.0,1.0,1.0,1.0,1.0,1.0,1.0,1.0,1.0,1.0,1.67,1.0,1.0,1.0,1.0,1.0,1.34,1.0
1923,4.0,5.0,4.0,4.0,5.0,5.0,3.0,3.0,2.0,3.0,4.0,3.0,3.0,4.0,3.0,4.0,3.0,4.0,4.0,5.0,4.0,5.0,4.0,4.0,6.0,7.0,6.0,6.0,5.0,7.0,4.33,4.67,2.99,3.0,3.0,4.01,4.0,4.67,5.67,6.67,4.5,3.0,3.5,4.34,6.17
1924,2.0,2.0,2.0,2.0,3.0,3.0,4.0,4.0,5.0,4.0,4.0,4.0,1.0,3.0,3.0,3.0,2.0,2.0,4.0,5.0,3.0,4.0,4.0,4.0,4.0,6.0,5.0,6.0,4.0,6.0,2.33,2.33,4.34,4.0,2.0,2.66,3.67,4.33,4.33,6.0,2.33,4.17,2.33,4.0,5.16
1925,2.0,2.0,2.0,3.0,3.0,3.0,2.0,2.0,3.0,4.0,3.0,3.0,1.0,1.0,1.0,1.0,1.0,1.0,4.0,4.0,4.0,4.0,4.0,5.0,1.0,1.0,1.0,1.0,1.0,1.0,2.33,2.66,2.66,3.0,1.0,1.0,4.0,4.33,1.0,1.0,2.5,2.83,1.0,4.16,1.0
1926,1.0,1.0,1.0,3.0,2.0,1.0,7.0,6.0,7.0,6.0,7.0,6.0,4.0,5.0,3.0,5.0,4.0,4.0,4.0,4.0,3.0,4.0,3.0,3.0,3.0,4.0,3.0,3.0,3.0,4.0,1.33,1.67,7.0,6.01,3.68,4.67,3.33,3.67,3.0,3.67,1.5,6.5,4.18,3.5,3.34
1927,1.0,1.0,2.0,2.0,1.0,2.0,1.0,1.0,2.0,1.0,1.0,1.0,1.0,1.0,1.0,1.0,1.0,1.0,1.0,1.0,1.0,1.0,1.0,1.0,2.0,2.0,2.0,3.0,2.0,3.0,1.33,1.66,1.32,1.0,1.0,1.0,1.0,1.0,2.0,2.67,1.5,1.16,1.0,1.0,2.34
1928,1.0,1.0,1.0,1.0,1.0,1.0,4.0,3.0,5.0,4.0,4.0,4.0,7.0,7.0,7.0,6.0,5.0,6.0,5.0,5.0,5.0,5.0,4.0,5.0,2.0,3.0,2.0,4.0,2.0,3.0,1.0,1.0,4.34,3.67,6.34,6.35,4.67,5.0,2.0,3.33,1.0,4.0,6.34,4.84,2.66
1929,1.0,1.0,1.0,2.0,2.0,2.0,5.0,5.0,6.0,5.0,6.0,6.0,3.0,4.0,3.0,3.0,2.0,3.0,5.0,6.0,5.0,5.0,6.0,6.0,3.0,3.0,3.0,4.0,2.0,2.0,1.33,1.66,5.67,5.34,2.65,3.33,5.33,5.67,2.67,3.0,1.5,5.5,2.99,5.5,2.84
1930,2.0,4.0,4.0,3.0,4.0,4.0,4.0,4.0,5.0,4.0,4.0,4.0,1.0,2.0,2.0,2.0,1.0,1.0,1.0,2.0,1.0,2.0,1.0,1.0,3.0,4.0,3.0,3.0,2.0,3.0,3.33,3.67,4.34,4.0,1.32,1.65,1.0,1.67,2.67,3.33,3.5,4.17,1.48,1.34,3.0
1931,4.0,5.0,5.0,6.0,5.0,6.0,5.0,5.0,6.0,5.0,6.0,5.0,2.0,3.0,3.0,3.0,2.0,3.0,5.0,4.0,4.0,5.0,6.0,6.0,6.0,7.0,7.0,7.0,7.0,7.0,4.66,5.66,5.67,5.01,2.33,3.0,5.0,5.0,6.67,7.0,5.16,5.34,2.66,5.0,6.84
1932,4.0,4.0,4.0,4.0,3.0,4.0,2.0,2.0,2.0,2.0,3.0,2.0,1.0,1.0,1.0,1.0,1.0,1.0,4.0,6.0,5.0,5.0,5.0,6.0,3.0,4.0,2.0,3.0,4.0,4.0,3.67,4.0,2.32,1.99,1.0,1.0,4.67,5.67,3.0,3.67,3.84,2.15,1.0,5.17,3.34
1933,6.0,7.0,7.0,7.0,7.0,7.0,4.0,4.0,4.0,4.0,4.0,4.0,6.0,6.0,5.0,6.0,5.0,6.0,6.0,7.0,6.0,6.0,5.0,6.0,5.0,5.0,4.0,5.0,4.0,6.0,6.66,7.0,4.0,4.0,5.35,6.02,5.67,6.33,4.33,5.33,6.83,4.0,5.68,6.0,4.83
1934,2.0,1.0,2.0,3.0,1.0,2.0,5.0,4.0,5.0,5.0,5.0,4.0,5.0,5.0,5.0,5.0,4.0,5.0,6.0,7.0,6.0,7.0,5.0,7.0,5.0,5.0,4.0,5.0,5.0,5.0,1.67,2.0,5.0,4.34,4.67,5.01,5.67,7.0,4.67,5.0,1.84,4.67,4.84,6.34,4.84
1935,1.0,1.0,1.0,2.0,2.0,1.0,1.0,1.0,2.0,1.0,2.0,1.0,3.0,3.0,2.0,3.0,1.0,3.0,5.0,5.0,4.0,5.0,5.0,5.0,1.0,1.0,1.0,1.0,1.0,1.0,1.33,1.33,1.66,1.0,1.97,3.0,4.67,5.0,1.0,1.0,1.33,1.33,2.48,4.84,1.0
1936,3.0,4.0,2.0,4.0,2.0,2.0,7.0,7.0,7.0,7.0,7.0,7.0,1.0,1.0,1.0,1.0,1.0,1.0,4.0,5.0,4.0,4.0,5.0,5.0,3.0,4.0,3.0,4.0,3.0,4.0,2.34,3.34,7.0,7.0,1.0,1.0,4.33,4.67,3.0,4.0,2.84,7.0,1.0,4.5,3.5
1937,6.0,7.0,5.0,6.0,6.0,7.0,2.0,1.0,3.0,2.0,3.0,2.0,5.0,4.0,5.0,5.0,3.0,4.0,5.0,5.0,5.0,5.0,5.0,6.0,6.0,7.0,6.0,7.0,6.0,7.0,5.67,6.67,2.66,1.66,4.32,4.34,5.0,5.33,6.0,7.0,6.17,2.16,4.33,5.16,6.5
1938,3.0,3.0,3.0,4.0,3.0,3.0,4.0,4.0,4.0,4.0,5.0,4.0,1.0,2.0,1.0,1.0,1.0,1.0,3.0,4.0,3.0,4.0,3.0,3.0,4.0,5.0,4.0,5.0,3.0,4.0,3.0,3.33,4.33,4.0,1.0,1.32,3.0,3.67,3.67,4.67,3.16,4.16,1.16,3.34,4.17
1939,6.0,6.0,6.0,7.0,6.0,6.0,4.0,3.0,4.0,2.0,4.0,4.0,4.0,4.0,3.0,4.0,3.0,4.0,2.0,2.0,2.0,2.0,1.0,2.0,5.0,5.0,4.0,5.0,6.0,6.0,6.0,6.33,4.0,3.0,3.33,4.01,1.67,2.0,5.0,5.33,6.16,3.5,3.67,1.84,5.16
1940,1.0,1.0,1.0,1.0,1.0,1.0,2.0,2.0,3.0,3.0,3.0,2.0,3.0,3.0,3.0,3.0,2.0,2.0,1.0,2.0,1.0,2.0,2.0,2.0,1.0,1.0,1.0,1.0,1.0,1.0,1.0,1.0,2.66,2.33,2.65,2.66,1.33,2.0,1.0,1.0,1.0,2.5,2.66,1.66,1.0
1941,6.0,7.0,6.0,6.0,6.0,7.0,5.0,4.0,5.0,4.0,5.0,4.0,6.0,6.0,6.0,6.0,5.0,6.0,2.0,3.0,3.0,4.0,3.0,4.0,6.0,6.0,6.0,7.0,5.0,6.0,6.0,6.67,5.0,4.0,5.68,6.02,2.67,3.67,5.67,6.33,6.34,4.5,5.85,3.17,6.0
1942,5.0,5.0,4.0,4.0,5.0,5.0,4.0,4.0,4.0,4.0,5.0,4.0,4.0,4.0,4.0,4.0,4.0,5.0,5.0,5.0,5.0,6.0,5.0,6.0,3.0,4.0,4.0,4.0,4.0,5.0,4.67,4.67,4.33,4.0,4.01,4.35,5.0,5.67,3.67,4.33,4.67,4.16,4.18,5.34,4.0
1943,7.0,7.0,6.0,7.0,6.0,7.0,5.0,4.0,4.0,5.0,4.0,5.0,4.0,5.0,5.0,5.0,4.0,5.0,6.0,7.0,5.0,6.0,6.0,6.0,6.0,5.0,5.0,7.0,6.0,7.0,6.34,7.0,4.34,4.67,4.35,5.01,5.67,6.33,5.67,6.33,6.67,4.5,4.68,6.0,6.0
1944,7.0,7.0,7.0,7.0,7.0,7.0,1.0,1.0,3.0,3.0,2.0,2.0,2.0,3.0,2.0,2.0,2.0,2.0,3.0,4.0,3.0,4.0,3.0,4.0,6.0,7.0,6.0,7.0,7.0,7.0,7.0,7.0,1.99,1.99,2.0,2.32,3.0,4.0,6.33,7.0,7.0,1.99,2.16,3.5,6.66
1945,1.0,1.0,1.0,2.0,1.0,2.0,2.0,1.0,2.0,1.0,2.0,2.0,1.0,2.0,1.0,2.0,1.0,2.0,3.0,3.0,2.0,3.0,2.0,4.0,2.0,3.0,2.0,3.0,3.0,3.0,1.0,1.66,1.99,1.32,1.0,1.99,2.33,3.33,2.33,3.0,1.33,1.66,1.5,2.83,2.66
1946,1.0,1.0,2.0,2.0,1.0,1.0,3.0,4.0,6.0,4.0,4.0,4.0,4.0,4.0,3.0,3.0,3.0,3.0,2.0,2.0,2.0,2.0,2.0,3.0,4.0,5.0,5.0,5.0,4.0,6.0,1.33,1.33,4.34,4.0,3.33,3.33,2.0,2.33,4.33,5.33,1.33,4.17,3.33,2.16,4.83
1947,1.0,1.0,1.0,1.0,1.0,1.0,5.0,5.0,6.0,5.0,5.0,5.0,6.0,6.0,6.0,6.0,5.0,4.0,3.0,4.0,3.0,4.0,3.0,5.0,5.0,5.0,6.0,6.0,4.0,5.0,1.0,1.0,5.34,5.01,5.68,5.34,3.0,4.33,5.0,5.33,1.0,5.18,5.51,3.66,5.16
1948,6.0,6.0,6.0,6.0,7.0,7.0,7.0,7.0,7.0,7.0,7.0,7.0,5.0,6.0,5.0,6.0,4.0,5.0,7.0,7.0,7.0,7.0,7.0,7.0,6.0,7.0,6.0,7.0,7.0,7.0,6.33,6.33,7.0,7.0,4.67,5.68,7.0,7.0,6.33,7.0,6.33,7.0,5.18,7.0,6.66
1949,1.0,2.0,1.0,1.0,1.0,1.0,6.0,6.0,6.0,6.0,7.0,6.0,3.0,3.0,3.0,3.0,3.0,3.0,3.0,3.0,3.0,4.0,4.0,4.0,6.0,7.0,6.0,7.0,6.0,6.0,1.0,1.34,6.34,6.01,3.0,3.0,3.33,3.67,6.0,6.67,1.17,6.18,3.0,3.5,6.34
1950,3.0,3.0,2.0,4.0,2.0,3.0,3.0,3.0,3.0,4.0,4.0,3.0,3.0,3.0,4.0,5.0,3.0,4.0,3.0,4.0,3.0,4.0,4.0,4.0,6.0,6.0,4.0,5.0,5.0,6.0,2.34,3.33,3.33,3.33,3.34,4.01,3.33,4.0,5.0,5.67,2.84,3.33,3.68,3.66,5.34
1951,3.0,3.0,2.0,3.0,3.0,4.0,3.0,3.0,4.0,3.0,3.0,3.0,2.0,2.0,2.0,1.0,1.0,1.0,2.0,2.0,2.0,2.0,2.0,2.0,1.0,2.0,1.0,3.0,1.0,2.0,2.67,3.33,3.33,3.0,1.65,1.32,2.0,2.0,1.0,2.33,3.0,3.16,1.48,2.0,1.66
1952,3.0,3.0,4.0,4.0,5.0,4.0,4.0,3.0,4.0,4.0,4.0,3.0,4.0,5.0,5.0,5.0,3.0,4.0,4.0,6.0,5.0,6.0,5.0,6.0,6.0,7.0,7.0,7.0,5.0,7.0,3.99,3.66,4.0,3.33,4.0,4.67,4.67,6.0,6.0,7.0,3.82,3.66,4.34,5.34,6.5
1953,5.0,5.0,4.0,5.0,4.0,5.0,3.0,2.0,3.0,3.0,3.0,3.0,2.0,3.0,2.0,2.0,2.0,4.0,2.0,3.0,2.0,2.0,2.0,3.0,4.0,6.0,4.0,5.0,4.0,4.0,4.34,5.0,3.0,2.66,2.0,3.01,2.0,2.67,4.0,5.0,4.67,2.83,2.5,2.34,4.5
1954,3.0,4.0,2.0,4.0,2.0,3.0,5.0,5.0,5.0,6.0,5.0,5.0,3.0,2.0,2.0,4.0,2.0,3.0,5.0,6.0,6.0,6.0,5.0,6.0,4.0,5.0,4.0,5.0,4.0,5.0,2.34,3.67,5.0,5.34,2.32,3.0,5.33,6.0,4.0,5.0,3.0,5.17,2.66,5.66,4.5
1955,2.0,2.0,2.0,2.0,2.0,2.0,1.0,1.0,1.0,1.0,1.0,1.0,6.0,7.0,6.0,6.0,6.0,6.0,3.0,3.0,2.0,4.0,2.0,3.0,4.0,6.0,4.0,5.0,5.0,6.0,2.0,2.0,1.0,1.0,6.03,6.35,2.33,3.33,4.33,5.67,2.0,1.0,6.19,2.83,5.0
1956,2.0,3.0,1.0,2.0,2.0,3.0,1.0,1.0,1.0,1.0,1.0,1.0,2.0,2.0,3.0,3.0,2.0,3.0,3.0,4.0,3.0,4.0,3.0,4.0,4.0,5.0,4.0,6.0,4.0,5.0,1.67,2.67,1.0,1.0,2.33,2.67,3.0,4.0,4.0,5.33,2.17,1.0,2.5,3.5,4.66
1957,5.0,6.0,4.0,5.0,6.0,5.0,5.0,6.0,6.0,5.0,6.0,5.0,2.0,2.0,3.0,2.0,1.0,2.0,6.0,7.0,6.0,7.0,6.0,7.0,3.0,4.0,3.0,3.0,2.0,4.0,5.0,5.34,5.67,5.34,1.98,1.99,6.0,7.0,2.67,3.67,5.17,5.5,1.98,6.5,3.17
1958,6.0,6.0,5.0,5.0,5.0,6.0,6.0,5.0,6.0,5.0,5.0,5.0,4.0,5.0,5.0,5.0,4.0,4.0,4.0,4.0,4.0,5.0,3.0,5.0,7.0,7.0,7.0,7.0,7.0,7.0,5.34,5.67,5.68,5.01,4.35,4.67,3.67,4.67,7.0,7.0,5.5,5.34,4.51,4.17,7.0
1959,2.0,3.0,2.0,3.0,2.0,2.0,3.0,3.0,5.0,4.0,4.0,3.0,2.0,2.0,3.0,2.0,2.0,2.0,4.0,5.0,4.0,5.0,4.0,4.0,1.0,3.0,2.0,2.0,3.0,3.0,2.0,2.67,4.0,3.33,2.33,1.99,4.0,4.67,2.0,2.67,2.34,3.66,2.16,4.34,2.34
1960,2.0,2.0,1.0,2.0,2.0,3.0,6.0,5.0,5.0,5.0,5.0,5.0,2.0,2.0,2.0,2.0,2.0,2.0,1.0,1.0,1.0,1.0,1.0,1.0,4.0,4.0,3.0,5.0,4.0,5.0,1.67,2.33,5.34,5.01,2.0,1.99,1.0,1.0,3.67,4.67,2.0,5.18,2.0,1.0,4.17
1961,3.0,2.0,2.0,3.0,2.0,2.0,3.0,1.0,2.0,2.0,3.0,2.0,3.0,3.0,2.0,2.0,2.0,2.0,6.0,6.0,6.0,6.0,4.0,5.0,2.0,3.0,2.0,2.0,2.0,2.0,2.34,2.33,2.66,1.66,2.32,2.32,5.33,5.67,2.0,2.33,2.34,2.16,2.32,5.5,2.16
1962,1.0,2.0,2.0,1.0,2.0,3.0,1.0,1.0,2.0,2.0,2.0,2.0,5.0,6.0,5.0,7.0,5.0,5.0,4.0,5.0,4.0,6.0,4.0,4.0,6.0,7.0,6.0,7.0,6.0,7.0,1.66,2.0,1.66,1.66,5.02,6.01,4.0,5.0,6.0,7.0,1.83,1.66,5.52,4.5,6.5
1963,2.0,2.0,1.0,2.0,2.0,2.0,3.0,3.0,3.0,3.0,3.0,2.0,1.0,1.0,2.0,2.0,1.0,1.0,4.0,4.0,5.0,4.0,4.0,5.0,3.0,3.0,4.0,5.0,4.0,4.0,1.67,2.0,3.0,2.66,1.32,1.32,4.33,4.33,3.67,4.0,1.84,2.83,1.32,4.33,3.84
1964,2.0,2.0,1.0,2.0,2.0,2.0,3.0,2.0,3.0,3.0,3.0,4.0,1.0,2.0,2.0,2.0,1.0,1.0,2.0,3.0,3.0,3.0,3.0,4.0,1.0,1.0,2.0,2.0,1.0,1.0,1.67,2.0,3.0,3.0,1.32,1.65,2.67,3.33,1.33,1.33,1.84,3.0,1.48,3.0,1.33
1965,6.0,7.0,7.0,7.0,7.0,7.0,3.0,3.0,3.0,2.0,3.0,3.0,6.0,6.0,6.0,6.0,6.0,7.0,3.0,3.0,3.0,3.0,3.0,3.0,4.0,5.0,4.0,6.0,4.0,5.0,6.66,7.0,3.0,2.66,6.03,6.36,3.0,3.0,4.0,5.33,6.83,2.83,6.2,3.0,4.66
1966,7.0,7.0,7.0,7.0,7.0,7.0,4.0,4.0,5.0,5.0,4.0,4.0,5.0,5.0,6.0,6.0,6.0,7.0,3.0,3.0,3.0,4.0,3.0,4.0,2.0,2.0,1.0,3.0,2.0,3.0,7.0,7.0,4.34,4.34,5.7,6.03,3.0,3.67,1.67,2.67,7.0,4.34,5.86,3.34,2.17
1967,5.0,4.0,4.0,4.0,6.0,6.0,4.0,4.0,4.0,4.0,5.0,4.0,5.0,6.0,6.0,6.0,5.0,5.0,3.0,4.0,3.0,4.0,3.0,4.0,7.0,7.0,6.0,7.0,7.0,7.0,5.0,4.66,4.33,4.0,5.35,5.68,3.0,4.0,6.67,7.0,4.83,4.16,5.52,3.5,6.84
1968,1.0,1.0,1.0,1.0,1.0,1.0,5.0,5.0,6.0,5.0,6.0,6.0,2.0,2.0,1.0,2.0,2.0,1.0,7.0,7.0,6.0,7.0,6.0,7.0,4.0,4.0,5.0,6.0,4.0,5.0,1.0,1.0,5.67,5.34,1.66,1.65,6.33,7.0,4.33,5.0,1.0,5.5,1.65,6.66,4.66
1969,2.0,2.0,1.0,2.0,1.0,2.0,5.0,5.0,6.0,6.0,6.0,6.0,4.0,4.0,2.0,4.0,2.0,2.0,3.0,4.0,3.0,5.0,3.0,4.0,2.0,3.0,3.0,4.0,3.0,4.0,1.34,2.0,5.67,5.68,2.65,3.32,3.0,4.33,2.67,3.67,1.67,5.68,2.98,3.66,3.17
1970,4.0,4.0,3.0,5.0,5.0,5.0,2.0,1.0,2.0,2.0,2.0,2.0,1.0,1.0,1.0,1.0,1.0,1.0,3.0,4.0,4.0,5.0,3.0,3.0,4.0,5.0,3.0,4.0,4.0,5.0,4.0,4.66,1.99,1.66,1.0,1.0,3.33,4.0,3.67,4.67,4.33,1.82,1.0,3.66,4.17
1971,7.0,7.0,6.0,6.0,7.0,7.0,3.0,2.0,3.0,3.0,3.0,2.0,2.0,2.0,1.0,3.0,2.0,2.0,4.0,4.0,3.0,3.0,3.0,3.0,2.0,4.0,2.0,3.0,2.0,3.0,6.67,6.67,3.0,2.33,1.66,2.32,3.33,3.33,2.0,3.33,6.67,2.66,1.99,3.33,2.66
1972,4.0,4.0,3.0,4.0,2.0,3.0,5.0,4.0,5.0,5.0,6.0,6.0,7.0,7.0,7.0,7.0,7.0,7.0,4.0,4.0,3.0,3.0,4.0,5.0,6.0,7.0,6.0,7.0,6.0,7.0,3.01,3.67,5.34,5.01,7.0,7.0,3.67,4.0,6.0,7.0,3.34,5.18,7.0,3.84,6.5
1973,1.0,1.0,1.0,1.0,1.0,2.0,7.0,7.0,7.0,7.0,7.0,7.0,1.0,1.0,1.0,1.0,1.0,1.0,5.0,6.0,6.0,7.0,5.0,7.0,3.0,4.0,3.0,4.0,3.0,4.0,1.0,1.33,7.0,7.0,1.0,1.0,5.33,6.67,3.0,4.0,1.16,7.0,1.0,6.0,3.5
1974,3.0,3.0,3.0,4.0,5.0,4.0,4.0,3.0,4.0,4.0,4.0,3.0,1.0,3.0,1.0,2.0,1.0,1.0,4.0,4.0,3.0,5.0,4.0,5.0,3.0,4.0,3.0,3.0,3.0,5.0,3.66,3.66,4.0,3.33,1.0,1.98,3.67,4.67,3.0,4.0,3.66,3.66,1.49,4.17,3.5
1975,3.0,5.0,4.0,4.0,4.0,5.0,4.0,3.0,4.0,3.0,4.0,3.0,7.0,6.0,6.0,5.0,6.0,6.0,2.0,3.0,2.0,2.0,2.0,3.0,2.0,2.0,2.0,3.0,1.0,2.0,3.66,4.67,4.0,3.0,6.36,5.69,2.0,2.67,1.67,2.33,4.16,3.5,6.02,2.34,2.0
1976,7.0,7.0,6.0,7.0,6.0,7.0,5.0,4.0,4.0,4.0,5.0,5.0,6.0,6.0,5.0,6.0,5.0,6.0,4.0,5.0,4.0,4.0,4.0,5.0,6.0,7.0,7.0,7.0,6.0,6.0,6.34,7.0,4.67,4.34,5.35,6.02,4.0,4.67,6.33,6.67,6.67,4.5,5.68,4.34,6.5
1977,1.0,1.0,1.0,1.0,1.0,1.0,2.0,2.0,1.0,1.0,2.0,2.0,1.0,2.0,1.0,2.0,1.0,2.0,1.0,1.0,1.0,2.0,1.0,2.0,4.0,5.0,3.0,4.0,3.0,4.0,1.0,1.0,1.66,1.66,1.0,1.99,1.0,1.67,3.33,4.33,1.0,1.66,1.5,1.34,3.83
1978,1.0,1.0,2.0,2.0,1.0,1.0,3.0,2.0,3.0,2.0,2.0,2.0,1.0,1.0,2.0,2.0,2.0,1.0,1.0,2.0,1.0,2.0,1.0,1.0,1.0,2.0,1.0,1.0,1.0,1.0,1.33,1.33,2.66,1.99,1.67,1.32,1.0,1.67,1.0,1.33,1.33,2.33,1.5,1.34,1.16
1979,1.0,1.0,1.0,1.0,1.0,1.0,1.0,1.0,2.0,1.0,2.0,1.0,6.0,6.0,6.0,6.0,6.0,6.0,2.0,3.0,3.0,3.0,2.0,3.0,3.0,4.0,2.0,3.0,2.0,4.0,1.0,1.0,1.66,1.0,6.03,6.02,2.33,3.0,2.33,3.67,1.0,1.33,6.02,2.66,3.0
1980,2.0,2.0,2.0,2.0,3.0,3.0,5.0,5.0,5.0,4.0,5.0,4.0,2.0,2.0,2.0,3.0,2.0,2.0,2.0,3.0,2.0,2.0,2.0,2.0,5.0,6.0,5.0,5.0,5.0,5.0,2.33,2.33,5.0,4.34,2.0,2.32,2.0,2.33,5.0,5.33,2.33,4.67,2.16,2.16,5.16
1981,1.0,1.0,1.0,1.0,1.0,1.0,3.0,2.0,3.0,3.0,4.0,3.0,3.0,3.0,2.0,3.0,2.0,2.0,3.0,4.0,4.0,4.0,4.0,4.0,1.0,2.0,1.0,1.0,1.0,1.0,1.0,1.0,3.33,2.66,2.32,2.66,3.67,4.0,1.0,1.33,1.0,3.0,2.49,3.84,1.16
1982,5.0,6.0,4.0,5.0,5.0,6.0,3.0,2.0,3.0,2.0,3.0,2.0,4.0,4.0,3.0,4.0,2.0,3.0,1.0,1.0,1.0,1.0,1.0,1.0,1.0,3.0,2.0,4.0,3.0,4.0,4.67,5.67,3.0,1.99,2.98,3.66,1.0,1.0,2.0,3.67,5.17,2.5,3.32,1.0,2.84
1983,1.0,1.0,1.0,1.0,1.0,1.0,2.0,1.0,2.0,2.0,1.0,2.0,6.0,7.0,7.0,7.0,6.0,6.0,6.0,6.0,6.0,6.0,6.0,7.0,3.0,4.0,3.0,4.0,3.0,4.0,1.0,1.0,1.66,1.66,6.36,6.69,6.0,6.33,3.0,4.0,1.0,1.66,6.52,6.16,3.5
1984,5.0,4.0,5.0,5.0,5.0,5.0,1.0,2.0,3.0,3.0,2.0,2.0,3.0,3.0,2.0,3.0,2.0,3.0,5.0,5.0,5.0,6.0,5.0,5.0,4.0,6.0,4.0,6.0,5.0,5.0,5.0,4.66,1.99,2.33,2.32,3.0,5.0,5.33,4.33,5.67,4.83,2.16,2.66,5.16,5.0
1985,1.0,2.0,1.0,1.0,1.0,2.0,3.0,3.0,5.0,4.0,4.0,4.0,4.0,4.0,4.0,5.0,3.0,4.0,3.0,4.0,4.0,6.0,4.0,5.0,1.0,1.0,1.0,1.0,1.0,2.0,1.0,1.67,4.0,3.67,3.66,4.34,3.67,5.0,1.0,1.33,1.34,3.84,4.0,4.34,1.16
1986,3.0,5.0,3.0,4.0,3.0,3.0,4.0,5.0,5.0,5.0,5.0,5.0,5.0,4.0,5.0,5.0,5.0,5.0,5.0,6.0,5.0,6.0,5.0,6.0,7.0,7.0,7.0,7.0,7.0,7.0,3.0,4.01,4.67,5.01,5.02,4.68,5.0,6.0,7.0,7.0,3.5,4.84,4.85,5.5,7.0
1987,6.0,6.0,5.0,6.0,5.0,6.0,5.0,5.0,5.0,4.0,5.0,5.0,3.0,4.0,2.0,3.0,3.0,3.0,3.0,4.0,4.0,5.0,4.0,5.0,4.0,5.0,4.0,5.0,4.0,5.0,5.34,6.0,5.0,4.67,2.67,3.33,3.67,4.67,4.0,5.0,5.67,4.84,3.0,4.17,4.5
1988,4.0,5.0,5.0,5.0,4.0,5.0,4.0,5.0,5.0,5.0,6.0,5.0,6.0,7.0,6.0,7.0,7.0,7.0,4.0,5.0,4.0,5.0,4.0,5.0,6.0,6.0,6.0,7.0,6.0,7.0,4.33,5.0,5.0,5.01,6.38,7.0,4.0,5.0,6.0,6.67,4.66,5.0,6.69,4.5,6.34
1989,7.0,6.0,6.0,7.0,6.0,7.0,4.0,2.0,4.0,4.0,4.0,4.0,4.0,4.0,4.0,4.0,3.0,3.0,4.0,5.0,4.0,5.0,5.0,5.0,2.0,2.0,2.0,2.0,1.0,2.0,6.34,6.67,4.0,3.33,3.66,3.66,4.33,5.0,1.67,2.0,6.5,3.66,3.66,4.66,1.84
1990,3.0,5.0,2.0,3.0,2.0,5.0,5.0,6.0,6.0,5.0,5.0,5.0,4.0,4.0,3.0,3.0,3.0,4.0,4.0,4.0,5.0,5.0,4.0,4.0,4.0,4.0,4.0,5.0,5.0,4.0,2.34,4.33,5.34,5.34,3.33,3.67,4.33,4.33,4.33,4.33,3.34,5.34,3.5,4.33,4.33
1991,4.0,5.0,3.0,4.0,4.0,5.0,4.0,4.0,6.0,5.0,5.0,4.0,2.0,3.0,2.0,3.0,1.0,1.0,5.0,6.0,5.0,6.0,5.0,5.0,2.0,3.0,2.0,2.0,2.0,3.0,3.67,4.67,5.0,4.34,1.65,2.31,5.0,5.67,2.0,2.67,4.17,4.67,1.98,5.34,2.34
1992,2.0,3.0,2.0,2.0,3.0,2.0,2.0,1.0,1.0,1.0,2.0,2.0,2.0,2.0,2.0,2.0,1.0,2.0,4.0,5.0,4.0,6.0,4.0,5.0,1.0,2.0,1.0,2.0,1.0,3.0,2.33,2.34,1.66,1.32,1.65,1.99,4.0,5.33,1.0,2.33,2.34,1.49,1.82,4.66,1.66
1993,3.0,4.0,4.0,4.0,3.0,4.0,4.0,4.0,4.0,3.0,4.0,3.0,3.0,4.0,4.0,6.0,2.0,5.0,6.0,6.0,6.0,6.0,5.0,7.0,4.0,5.0,3.0,5.0,4.0,5.0,3.33,4.0,4.0,3.33,2.99,5.01,5.67,6.33,3.67,5.0,3.66,3.66,4.0,6.0,4.34
1994,2.0,2.0,2.0,2.0,1.0,2.0,4.0,3.0,4.0,3.0,5.0,4.0,2.0,1.0,1.0,2.0,1.0,1.0,1.0,2.0,1.0,1.0,2.0,2.0,4.0,4.0,4.0,5.0,4.0,4.0,1.67,2.0,4.33,3.33,1.31,1.32,1.33,1.67,4.0,4.33,1.84,3.83,1.32,1.5,4.16
1995,1.0,2.0,1.0,1.0,1.0,2.0,1.0,1.0,1.0,1.0,1.0,1.0,1.0,1.0,1.0,1.0,1.0,1.0,2.0,3.0,2.0,2.0,2.0,3.0,1.0,2.0,2.0,3.0,3.0,3.0,1.0,1.67,1.0,1.0,1.0,1.0,2.0,2.67,2.0,2.67,1.34,1.0,1.0,2.34,2.34
1996,7.0,7.0,7.0,7.0,7.0,7.0,3.0,2.0,3.0,3.0,3.0,3.0,3.0,7.0,6.0,6.0,5.0,6.0,3.0,3.0,3.0,3.0,2.0,3.0,3.0,3.0,3.0,4.0,3.0,4.0,7.0,7.0,3.0,2.66,4.7,6.35,2.67,3.0,3.0,3.67,7.0,2.83,5.52,2.84,3.34
1997,1.0,1.0,1.0,1.0,2.0,2.0,3.0,3.0,2.0,2.0,2.0,2.0,3.0,4.0,4.0,5.0,3.0,4.0,2.0,2.0,2.0,2.0,2.0,2.0,3.0,4.0,4.0,4.0,3.0,4.0,1.33,1.33,2.33,2.33,3.34,4.34,2.0,2.0,3.33,4.0,1.33,2.33,3.84,2.0,3.66
1998,1.0,2.0,1.0,1.0,2.0,1.0,1.0,1.0,1.0,1.0,1.0,1.0,3.0,3.0,2.0,3.0,2.0,2.0,2.0,4.0,3.0,4.0,3.0,4.0,1.0,1.0,1.0,1.0,1.0,1.0,1.33,1.34,1.0,1.0,2.32,2.66,2.67,4.0,1.0,1.0,1.34,1.0,2.49,3.34,1.0
1999,3.0,5.0,4.0,5.0,4.0,5.0,4.0,4.0,5.0,5.0,4.0,4.0,4.0,5.0,4.0,5.0,4.0,4.0,2.0,3.0,2.0,3.0,2.0,3.0,4.0,4.0,3.0,4.0,4.0,5.0,3.66,5.0,4.34,4.34,4.01,4.67,2.0,3.0,3.67,4.33,4.33,4.34,4.34,2.5,4.0
2000,3.0,3.0,2.0,2.0,2.0,1.0,6.0,5.0,6.0,6.0,6.0,5.0,1.0,2.0,1.0,1.0,1.0,1.0,4.0,4.0,3.0,4.0,3.0,4.0,4.0,5.0,4.0,4.0,3.0,4.0,2.34,2.01,6.01,5.34,1.0,1.32,3.33,4.0,3.67,4.33,2.17,5.68,1.16,3.66,4.0
2001,1.0,2.0,3.0,3.0,3.0,3.0,4.0,4.0,5.0,3.0,4.0,4.0,2.0,3.0,2.0,3.0,3.0,3.0,4.0,5.0,5.0,5.0,5.0,5.0,4.0,5.0,4.0,5.0,5.0,5.0,2.33,2.66,4.34,3.67,2.35,3.0,4.67,5.0,4.33,5.0,2.5,4.0,2.68,4.84,4.66
2002,6.0,5.0,3.0,4.0,4.0,6.0,1.0,1.0,1.0,1.0,1.0,1.0,6.0,6.0,6.0,7.0,5.0,5.0,3.0,3.0,3.0,3.0,3.0,3.0,4.0,4.0,3.0,4.0,4.0,5.0,4.34,5.0,1.0,1.0,5.68,6.01,3.0,3.0,3.67,4.33,4.67,1.0,5.84,3.0,4.0
2003,6.0,6.0,6.0,7.0,7.0,7.0,5.0,5.0,6.0,6.0,6.0,5.0,2.0,2.0,2.0,2.0,2.0,3.0,5.0,5.0,5.0,5.0,4.0,5.0,2.0,2.0,2.0,3.0,2.0,3.0,6.33,6.67,5.67,5.34,2.0,2.33,4.67,5.0,2.0,2.67,6.5,5.5,2.16,4.84,2.34
2004,3.0,3.0,2.0,3.0,3.0,4.0,6.0,5.0,6.0,6.0,6.0,6.0,4.0,5.0,4.0,4.0,4.0,4.0,6.0,6.0,5.0,5.0,5.0,6.0,4.0,5.0,3.0,4.0,4.0,5.0,2.67,3.33,6.01,5.68,4.01,4.34,5.33,5.67,3.67,4.67,3.0,5.84,4.18,5.5,4.17
2005,2.0,2.0,2.0,3.0,2.0,2.0,3.0,2.0,4.0,3.0,3.0,2.0,3.0,5.0,3.0,3.0,3.0,3.0,2.0,3.0,2.0,2.0,2.0,3.0,4.0,5.0,4.0,5.0,5.0,5.0,2.0,2.33,3.33,2.33,3.0,3.66,2.0,2.67,4.33,5.0,2.16,2.83,3.33,2.34,4.66
2006,2.0,2.0,2.0,2.0,1.0,2.0,4.0,4.0,4.0,4.0,4.0,3.0,5.0,6.0,6.0,6.0,4.0,5.0,2.0,2.0,3.0,3.0,2.0,2.0,2.0,3.0,2.0,4.0,2.0,3.0,1.67,2.0,4.0,3.67,5.0,5.68,2.33,2.33,2.0,3.33,1.84,3.84,5.34,2.33,2.66
2007,3.0,3.0,2.0,2.0,3.0,3.0,4.0,3.0,4.0,4.0,3.0,4.0,4.0,5.0,4.0,5.0,4.0,4.0,2.0,3.0,2.0,2.0,2.0,3.0,2.0,2.0,2.0,3.0,1.0,2.0,2.67,2.67,3.67,3.67,4.01,4.67,2.0,2.67,1.67,2.33,2.67,3.67,4.34,2.34,2.0
2008,4.0,3.0,3.0,4.0,3.0,2.0,1.0,2.0,2.0,3.0,2.0,2.0,7.0,7.0,7.0,7.0,6.0,7.0,1.0,1.0,1.0,2.0,2.0,3.0,2.0,3.0,2.0,2.0,2.0,2.0,3.34,3.0,1.66,2.33,6.69,7.0,1.33,2.0,2.0,2.33,3.17,2.0,6.85,1.66,2.16
2009,3.0,3.0,3.0,4.0,4.0,4.0,5.0,5.0,5.0,5.0,6.0,5.0,7.0,7.0,7.0,7.0,7.0,7.0,6.0,7.0,6.0,6.0,7.0,7.0,4.0,6.0,4.0,5.0,4.0,6.0,3.33,3.66,5.34,5.01,7.0,7.0,6.33,6.67,4.0,5.67,3.5,5.18,7.0,6.5,4.84
2010,1.0,1.0,1.0,2.0,1.0,2.0,2.0,1.0,2.0,1.0,3.0,2.0,2.0,3.0,2.0,3.0,1.0,2.0,2.0,3.0,2.0,3.0,2.0,3.0,2.0,2.0,2.0,3.0,2.0,3.0,1.0,1.66,2.32,1.32,1.65,2.66,2.0,3.0,2.0,2.67,1.33,1.82,2.16,2.5,2.34
2011,6.0,7.0,7.0,6.0,7.0,7.0,4.0,4.0,5.0,5.0,4.0,4.0,5.0,6.0,5.0,6.0,4.0,5.0,1.0,2.0,2.0,2.0,1.0,2.0,2.0,3.0,2.0,3.0,2.0,3.0,6.66,6.67,4.34,4.34,4.67,5.68,1.33,2.0,2.0,3.0,6.66,4.34,5.18,1.66,2.5
2012,6.0,6.0,5.0,6.0,7.0,7.0,2.0,2.0,2.0,3.0,4.0,2.0,5.0,5.0,5.0,5.0,4.0,5.0,7.0,7.0,7.0,7.0,7.0,7.0,5.0,6.0,4.0,5.0,3.0,5.0,6.0,6.33,2.66,2.33,4.67,5.01,7.0,7.0,4.0,5.33,6.16,2.5,4.84,7.0,4.66
2013,4.0,4.0,3.0,4.0,4.0,4.0,7.0,7.0,7.0,7.0,7.0,7.0,1.0,1.0,1.0,1.0,1.0,1.0,6.0,7.0,6.0,7.0,6.0,7.0,4.0,6.0,5.0,6.0,4.0,5.0,3.67,4.0,7.0,7.0,1.0,1.0,6.0,7.0,4.33,5.67,3.84,7.0,1.0,6.5,5.0
2014,7.0,7.0,5.0,6.0,5.0,6.0,5.0,5.0,5.0,4.0,5.0,5.0,3.0,3.0,2.0,3.0,2.0,3.0,4.0,6.0,4.0,5.0,5.0,5.0,5.0,6.0,6.0,6.0,7.0,7.0,5.68,6.34,5.0,4.67,2.32,3.0,4.33,5.33,6.0,6.33,6.01,4.84,2.66,4.83,6.16
2015,5.0,6.0,6.0,5.0,5.0,5.0,5.0,5.0,5.0,6.0,5.0,6.0,1.0,1.0,1.0,1.0,2.0,1.0,4.0,4.0,3.0,4.0,3.0,4.0,6.0,6.0,6.0,7.0,6.0,7.0,5.34,5.34,5.0,5.68,1.34,1.0,3.33,4.0,6.0,6.67,5.34,5.34,1.17,3.66,6.34
2016,4.0,4.0,4.0,4.0,4.0,5.0,3.0,2.0,2.0,2.0,2.0,2.0,5.0,6.0,5.0,4.0,3.0,3.0,7.0,7.0,7.0,7.0,7.0,7.0,6.0,7.0,5.0,6.0,6.0,6.0,4.0,4.33,2.33,1.99,4.32,4.33,7.0,7.0,5.67,6.33,4.16,2.16,4.32,7.0,6.0
2017,4.0,5.0,5.0,5.0,4.0,5.0,2.0,2.0,3.0,2.0,3.0,3.0,3.0,3.0,3.0,3.0,3.0,2.0,4.0,6.0,4.0,5.0,4.0,5.0,1.0,2.0,3.0,4.0,3.0,3.0,4.33,5.0,2.66,2.33,3.0,2.66,4.0,5.33,2.33,3.0,4.66,2.5,2.83,4.66,2.66
2018,1.0,1.0,1.0,1.0,1.0,1.0,2.0,1.0,3.0,3.0,2.0,3.0,4.0,4.0,5.0,4.0,3.0,3.0,5.0,5.0,6.0,5.0,5.0,4.0,3.0,4.0,3.0,5.0,3.0,4.0,1.0,1.0,2.33,2.33,4.0,3.66,5.33,4.67,3.0,4.33,1.0,2.33,3.83,5.0,3.66
2019,1.0,2.0,1.0,1.0,1.0,1.0,4.0,3.0,4.0,4.0,3.0,3.0,5.0,5.0,5.0,6.0,4.0,5.0,5.0,6.0,5.0,6.0,6.0,6.0,3.0,5.0,4.0,4.0,4.0,4.0,1.0,1.34,3.67,3.33,4.67,5.35,5.33,6.0,3.67,4.33,1.17,3.5,5.01,5.66,4.0
2020,1.0,1.0,1.0,2.0,1.0,1.0,1.0,1.0,1.0,1.0,1.0,1.0,1.0,2.0,1.0,2.0,1.0,1.0,1.0,1.0,1.0,1.0,1.0,2.0,3.0,3.0,2.0,3.0,2.0,3.0,1.0,1.33,1.0,1.0,1.0,1.65,1.0,1.33,2.33,3.0,1.16,1.0,1.32,1.16,2.66
2021,2.0,2.0,2.0,2.0,2.0,3.0,6.0,6.0,6.0,6.0,6.0,6.0,5.0,5.0,6.0,7.0,6.0,6.0,3.0,4.0,4.0,4.0,3.0,3.0,1.0,1.0,1.0,2.0,2.0,2.0,2.0,2.33,6.01,6.01,5.7,6.02,3.33,3.67,1.33,1.67,2.16,6.01,5.86,3.5,1.5
2022,1.0,1.0,1.0,1.0,1.0,1.0,3.0,3.0,4.0,3.0,3.0,4.0,5.0,5.0,3.0,4.0,3.0,4.0,7.0,7.0,7.0,7.0,7.0,7.0,6.0,7.0,6.0,7.0,7.0,7.0,1.0,1.0,3.33,3.33,3.66,4.34,7.0,7.0,6.33,7.0,1.0,3.33,4.0,7.0,6.66
2023,5.0,5.0,3.0,5.0,4.0,5.0,6.0,5.0,6.0,5.0,6.0,5.0,7.0,7.0,7.0,7.0,6.0,7.0,4.0,5.0,4.0,6.0,4.0,5.0,7.0,7.0,7.0,7.0,7.0,7.0,4.0,5.0,6.01,5.01,6.69,7.0,4.0,5.33,7.0,7.0,4.5,5.51,6.85,4.66,7.0
2024,1.0,1.0,1.0,2.0,1.0,1.0,4.0,4.0,5.0,4.0,4.0,4.0,7.0,7.0,7.0,7.0,7.0,6.0,4.0,4.0,4.0,4.0,3.0,5.0,2.0,2.0,2.0,3.0,2.0,3.0,1.0,1.33,4.34,4.0,7.0,6.69,3.67,4.33,2.0,2.67,1.16,4.17,6.85,4.0,2.34
2025,5.0,5.0,3.0,4.0,4.0,4.0,1.0,1.0,2.0,2.0,2.0,1.0,1.0,1.0,1.0,1.0,1.0,1.0,1.0,2.0,2.0,3.0,2.0,2.0,2.0,3.0,1.0,1.0,2.0,2.0,4.0,4.34,1.66,1.32,1.0,1.0,1.67,2.33,1.67,2.0,4.17,1.49,1.0,2.0,1.84
2026,1.0,2.0,1.0,2.0,1.0,2.0,4.0,4.0,5.0,4.0,5.0,5.0,1.0,2.0,1.0,2.0,1.0,1.0,2.0,2.0,1.0,2.0,1.0,1.0,3.0,3.0,2.0,3.0,2.0,2.0,1.0,2.0,4.67,4.34,1.0,1.65,1.33,1.67,2.33,2.67,1.5,4.5,1.32,1.5,2.5
2027,7.0,7.0,7.0,7.0,6.0,7.0,4.0,4.0,4.0,4.0,5.0,4.0,3.0,3.0,3.0,4.0,2.0,2.0,6.0,6.0,6.0,6.0,6.0,7.0,5.0,6.0,4.0,5.0,5.0,6.0,6.67,7.0,4.33,4.0,2.65,2.99,6.0,6.33,4.67,5.67,6.84,4.16,2.82,6.16,5.17
2028,3.0,3.0,4.0,4.0,3.0,3.0,5.0,6.0,5.0,6.0,6.0,6.0,2.0,2.0,1.0,2.0,1.0,1.0,3.0,3.0,3.0,3.0,3.0,3.0,5.0,6.0,5.0,6.0,5.0,6.0,3.33,3.33,5.34,6.01,1.31,1.65,3.0,3.0,5.0,6.0,3.33,5.68,1.48,3.0,5.5
2029,2.0,4.0,1.0,2.0,2.0,3.0,6.0,5.0,6.0,5.0,6.0,5.0,2.0,2.0,2.0,2.0,2.0,3.0,3.0,3.0,2.0,2.0,2.0,3.0,5.0,6.0,4.0,5.0,4.0,5.0,1.67,3.0,6.01,5.01,2.0,2.33,2.33,2.67,4.33,5.33,2.34,5.51,2.16,2.5,4.83
2030,6.0,6.0,3.0,5.0,7.0,7.0,6.0,5.0,7.0,7.0,6.0,6.0,7.0,7.0,7.0,7.0,7.0,7.0,6.0,6.0,6.0,6.0,5.0,6.0,7.0,7.0,7.0,7.0,7.0,7.0,5.33,6.0,6.34,6.01,7.0,7.0,5.67,6.0,7.0,7.0,5.66,6.18,7.0,5.84,7.0
2031,1.0,1.0,1.0,1.0,1.0,1.0,1.0,1.0,1.0,1.0,1.0,1.0,1.0,1.0,1.0,1.0,1.0,1.0,1.0,1.0,1.0,1.0,1.0,1.0,1.0,1.0,1.0,1.0,1.0,1.0,1.0,1.0,1.0,1.0,1.0,1.0,1.0,1.0,1.0,1.0,1.0,1.0,1.0,1.0,1.0
2032,1.0,2.0,1.0,1.0,1.0,1.0,3.0,2.0,3.0,3.0,3.0,3.0,2.0,2.0,2.0,2.0,1.0,2.0,4.0,5.0,4.0,5.0,5.0,5.0,1.0,1.0,1.0,1.0,1.0,2.0,1.0,1.34,3.0,2.66,1.65,1.99,4.33,5.0,1.0,1.33,1.17,2.83,1.82,4.66,1.16
2033,5.0,5.0,5.0,5.0,4.0,5.0,3.0,3.0,4.0,4.0,3.0,3.0,2.0,2.0,4.0,4.0,2.0,4.0,2.0,3.0,2.0,3.0,3.0,3.0,3.0,3.0,3.0,3.0,3.0,3.0,4.67,5.0,3.33,3.33,2.66,3.34,2.33,3.0,3.0,3.0,4.84,3.33,3.0,2.66,3.0
2034,1.0,1.0,1.0,1.0,1.0,1.0,2.0,2.0,3.0,3.0,2.0,2.0,1.0,1.0,1.0,1.0,1.0,1.0,5.0,5.0,5.0,5.0,5.0,4.0,1.0,4.0,2.0,3.0,2.0,3.0,1.0,1.0,2.33,2.33,1.0,1.0,5.0,4.67,1.67,3.33,1.0,2.33,1.0,4.84,2.5
2035,5.0,4.0,5.0,5.0,5.0,4.0,4.0,5.0,6.0,5.0,5.0,5.0,6.0,5.0,5.0,6.0,5.0,5.0,4.0,4.0,3.0,4.0,3.0,4.0,5.0,6.0,6.0,6.0,5.0,6.0,5.0,4.33,5.0,5.01,5.35,5.35,3.33,4.0,5.33,6.0,4.66,5.0,5.35,3.66,5.66
2036,4.0,5.0,4.0,5.0,5.0,6.0,1.0,1.0,3.0,2.0,2.0,1.0,5.0,4.0,5.0,4.0,4.0,4.0,3.0,4.0,3.0,4.0,4.0,5.0,7.0,7.0,6.0,7.0,7.0,7.0,4.33,5.33,1.99,1.32,4.67,4.01,3.33,4.33,6.67,7.0,4.83,1.66,4.34,3.83,6.84
2037,4.0,5.0,3.0,4.0,4.0,5.0,5.0,5.0,6.0,5.0,6.0,5.0,2.0,3.0,2.0,2.0,1.0,1.0,3.0,3.0,3.0,3.0,3.0,3.0,3.0,4.0,4.0,4.0,2.0,3.0,3.67,4.67,5.67,5.01,1.65,1.98,3.0,3.0,3.0,3.67,4.17,5.34,1.82,3.0,3.34
2038,1.0,1.0,1.0,1.0,1.0,1.0,4.0,3.0,4.0,4.0,4.0,4.0,4.0,4.0,4.0,5.0,3.0,3.0,4.0,5.0,3.0,4.0,4.0,4.0,1.0,2.0,1.0,3.0,1.0,2.0,1.0,1.0,4.0,3.67,3.66,4.0,3.67,4.33,1.0,2.33,1.0,3.84,3.83,4.0,1.66
2039,6.0,7.0,7.0,6.0,7.0,7.0,6.0,6.0,7.0,6.0,6.0,6.0,4.0,5.0,4.0,6.0,4.0,4.0,6.0,7.0,6.0,7.0,6.0,7.0,7.0,7.0,6.0,7.0,7.0,7.0,6.66,6.67,6.34,6.01,4.01,5.0,6.0,7.0,6.67,7.0,6.66,6.18,4.5,6.5,6.84
2040,2.0,3.0,2.0,3.0,2.0,2.0,2.0,1.0,2.0,1.0,2.0,1.0,3.0,4.0,3.0,4.0,3.0,3.0,3.0,4.0,2.0,3.0,3.0,3.0,4.0,6.0,4.0,5.0,5.0,6.0,2.0,2.67,1.99,1.0,3.0,3.66,2.67,3.33,4.33,5.67,2.34,1.5,3.33,3.0,5.0
2041,5.0,5.0,4.0,4.0,4.0,4.0,4.0,3.0,5.0,4.0,5.0,5.0,3.0,3.0,2.0,3.0,2.0,2.0,1.0,2.0,1.0,3.0,2.0,2.0,4.0,5.0,5.0,5.0,4.0,5.0,4.34,4.34,4.67,4.0,2.32,2.66,1.33,2.33,4.33,5.0,4.34,4.34,2.49,1.83,4.66
2042,3.0,4.0,2.0,3.0,3.0,4.0,3.0,3.0,3.0,3.0,3.0,3.0,4.0,4.0,4.0,4.0,3.0,5.0,3.0,4.0,3.0,3.0,4.0,3.0,1.0,2.0,2.0,3.0,2.0,3.0,2.67,3.67,3.0,3.0,3.66,4.35,3.33,3.33,1.67,2.67,3.17,3.0,4.0,3.33,2.17
2043,4.0,5.0,4.0,6.0,5.0,6.0,4.0,4.0,5.0,4.0,4.0,4.0,5.0,5.0,4.0,5.0,4.0,5.0,1.0,3.0,2.0,2.0,2.0,3.0,6.0,6.0,6.0,7.0,6.0,7.0,4.33,5.66,4.34,4.0,4.34,5.01,1.67,2.67,6.0,6.67,5.0,4.17,4.68,2.17,6.34
2044,5.0,6.0,6.0,7.0,5.0,6.0,1.0,1.0,2.0,2.0,1.0,1.0,3.0,4.0,2.0,4.0,3.0,3.0,3.0,3.0,3.0,4.0,2.0,2.0,6.0,6.0,6.0,7.0,6.0,7.0,5.34,6.33,1.32,1.32,2.67,3.66,2.67,3.0,6.0,6.67,5.84,1.32,3.16,2.84,6.34
2045,2.0,4.0,3.0,4.0,3.0,4.0,2.0,2.0,2.0,1.0,2.0,2.0,1.0,1.0,1.0,1.0,1.0,1.0,2.0,3.0,1.0,2.0,2.0,2.0,4.0,5.0,4.0,5.0,4.0,6.0,2.66,4.0,1.99,1.66,1.0,1.0,1.67,2.33,4.0,5.33,3.33,1.82,1.0,2.0,4.66
2046,4.0,6.0,5.0,5.0,5.0,6.0,4.0,3.0,3.0,3.0,3.0,4.0,2.0,2.0,1.0,1.0,1.0,1.0,2.0,3.0,2.0,2.0,2.0,3.0,5.0,6.0,6.0,6.0,5.0,6.0,4.66,5.67,3.33,3.33,1.31,1.32,2.0,2.67,5.33,6.0,5.16,3.33,1.32,2.34,5.66
2047,1.0,1.0,1.0,2.0,1.0,2.0,2.0,2.0,3.0,3.0,3.0,2.0,3.0,3.0,3.0,4.0,3.0,3.0,1.0,2.0,1.0,2.0,2.0,3.0,2.0,4.0,2.0,3.0,2.0,3.0,1.0,1.66,2.66,2.33,3.0,3.33,1.33,2.33,2.0,3.33,1.33,2.5,3.16,1.83,2.66
2048,1.0,1.0,1.0,1.0,1.0,1.0,6.0,5.0,5.0,6.0,6.0,5.0,5.0,6.0,4.0,6.0,5.0,5.0,5.0,5.0,5.0,6.0,6.0,6.0,4.0,5.0,4.0,5.0,4.0,5.0,1.0,1.0,5.67,5.34,4.69,5.68,5.33,5.67,4.0,5.0,1.0,5.5,5.18,5.5,4.5
2049,1.0,1.0,1.0,1.0,1.0,1.0,1.0,1.0,1.0,1.0,1.0,1.0,3.0,5.0,4.0,4.0,2.0,5.0,3.0,4.0,3.0,3.0,3.0,4.0,4.0,4.0,2.0,3.0,4.0,4.0,1.0,1.0,1.0,1.0,2.99,4.68,3.0,3.67,3.33,3.67,1.0,1.0,3.84,3.34,3.5
2050,3.0,4.0,3.0,2.0,3.0,3.0,3.0,2.0,4.0,3.0,3.0,2.0,2.0,3.0,2.0,2.0,2.0,3.0,2.0,3.0,2.0,2.0,2.0,3.0,2.0,2.0,2.0,2.0,2.0,1.0,3.0,3.0,3.33,2.33,2.0,2.67,2.0,2.67,2.0,1.67,3.0,2.83,2.34,2.34,1.84
2051,3.0,4.0,5.0,5.0,3.0,3.0,1.0,1.0,2.0,1.0,2.0,2.0,4.0,4.0,3.0,5.0,3.0,4.0,1.0,1.0,1.0,1.0,1.0,1.0,3.0,3.0,3.0,4.0,3.0,4.0,3.67,4.0,1.66,1.32,3.33,4.34,1.0,1.0,3.0,3.67,3.84,1.49,3.84,1.0,3.34
2052,2.0,2.0,3.0,2.0,1.0,2.0,4.0,4.0,4.0,4.0,4.0,4.0,4.0,6.0,3.0,5.0,3.0,4.0,3.0,3.0,3.0,3.0,2.0,3.0,4.0,5.0,3.0,4.0,4.0,5.0,2.01,2.0,4.0,4.0,3.33,5.0,2.67,3.0,3.67,4.67,2.0,4.0,4.16,2.84,4.17
2053,2.0,4.0,3.0,3.0,3.0,2.0,4.0,4.0,5.0,4.0,5.0,5.0,7.0,7.0,7.0,7.0,7.0,7.0,5.0,6.0,6.0,6.0,5.0,6.0,2.0,3.0,2.0,4.0,2.0,2.0,2.66,3.01,4.67,4.34,7.0,7.0,5.33,6.0,2.0,3.0,2.84,4.5,7.0,5.66,2.5
2054,2.0,2.0,1.0,2.0,2.0,2.0,1.0,1.0,2.0,1.0,2.0,1.0,5.0,6.0,5.0,5.0,3.0,5.0,4.0,4.0,4.0,4.0,3.0,4.0,3.0,4.0,3.0,4.0,3.0,4.0,1.67,2.0,1.66,1.0,4.32,5.35,3.67,4.0,3.0,4.0,1.84,1.33,4.84,3.84,3.5
2055,4.0,4.0,4.0,5.0,5.0,5.0,4.0,4.0,5.0,4.0,5.0,5.0,3.0,4.0,3.0,4.0,3.0,4.0,5.0,6.0,6.0,6.0,5.0,5.0,4.0,5.0,5.0,5.0,4.0,5.0,4.33,4.66,4.67,4.34,3.0,4.01,5.33,5.67,4.33,5.0,4.5,4.5,3.5,5.5,4.66
2056,3.0,4.0,4.0,4.0,4.0,3.0,3.0,2.0,3.0,4.0,3.0,3.0,5.0,5.0,5.0,5.0,4.0,3.0,5.0,6.0,5.0,7.0,6.0,6.0,5.0,7.0,6.0,7.0,7.0,7.0,3.66,3.67,3.0,3.0,4.67,4.33,5.33,6.33,6.0,7.0,3.66,3.0,4.5,5.83,6.5
2057,4.0,5.0,3.0,3.0,3.0,4.0,4.0,4.0,5.0,5.0,5.0,4.0,2.0,2.0,2.0,2.0,1.0,2.0,5.0,5.0,5.0,6.0,5.0,6.0,6.0,6.0,5.0,6.0,6.0,7.0,3.34,4.0,4.67,4.34,1.65,1.99,5.0,5.67,5.67,6.33,3.67,4.5,1.82,5.34,6.0
2058,3.0,5.0,6.0,6.0,4.0,5.0,6.0,6.0,6.0,6.0,7.0,6.0,3.0,2.0,4.0,4.0,2.0,3.0,4.0,5.0,5.0,6.0,4.0,5.0,7.0,7.0,7.0,7.0,7.0,7.0,4.33,5.33,6.34,6.01,2.99,3.0,4.33,5.33,7.0,7.0,4.83,6.18,3.0,4.83,7.0
2059,1.0,1.0,2.0,2.0,1.0,1.0,3.0,3.0,4.0,4.0,4.0,3.0,3.0,3.0,3.0,4.0,2.0,3.0,2.0,2.0,3.0,4.0,2.0,2.0,1.0,1.0,1.0,2.0,1.0,1.0,1.33,1.33,3.66,3.33,2.65,3.33,2.33,2.67,1.0,1.33,1.33,3.5,2.99,2.5,1.16
2060,1.0,1.0,1.0,1.0,1.0,1.0,5.0,6.0,6.0,6.0,5.0,6.0,5.0,5.0,4.0,5.0,4.0,4.0,5.0,5.0,5.0,6.0,4.0,5.0,2.0,3.0,3.0,4.0,2.0,3.0,1.0,1.0,5.34,6.01,4.34,4.67,4.67,5.33,2.33,3.33,1.0,5.68,4.5,5.0,2.83
2061,4.0,3.0,2.0,4.0,3.0,4.0,2.0,2.0,3.0,3.0,2.0,2.0,2.0,3.0,1.0,2.0,2.0,1.0,1.0,2.0,1.0,1.0,2.0,2.0,1.0,2.0,1.0,2.0,2.0,2.0,3.0,3.66,2.33,2.33,1.66,1.98,1.33,1.67,1.33,2.0,3.33,2.33,1.82,1.5,1.66
2062,4.0,6.0,4.0,5.0,6.0,6.0,5.0,5.0,6.0,5.0,5.0,6.0,6.0,7.0,6.0,7.0,6.0,6.0,2.0,4.0,3.0,3.0,3.0,4.0,4.0,5.0,4.0,5.0,4.0,5.0,4.66,5.67,5.34,5.34,6.03,6.69,2.67,3.67,4.0,5.0,5.16,5.34,6.36,3.17,4.5
2063,2.0,2.0,3.0,2.0,1.0,2.0,1.0,1.0,1.0,1.0,1.0,1.0,2.0,2.0,2.0,2.0,3.0,2.0,4.0,5.0,4.0,4.0,4.0,5.0,2.0,2.0,1.0,2.0,2.0,2.0,2.01,2.0,1.0,1.0,2.35,1.99,4.0,4.67,1.67,2.0,2.0,1.0,2.17,4.34,1.84
2064,2.0,2.0,3.0,3.0,3.0,3.0,3.0,3.0,3.0,4.0,3.0,3.0,5.0,4.0,3.0,3.0,3.0,4.0,1.0,1.0,1.0,1.0,1.0,2.0,4.0,4.0,2.0,4.0,3.0,4.0,2.66,2.66,3.0,3.33,3.66,3.67,1.0,1.33,3.0,4.0,2.66,3.16,3.66,1.16,3.5
2065,2.0,3.0,3.0,4.0,2.0,2.0,5.0,5.0,6.0,5.0,5.0,5.0,4.0,4.0,3.0,5.0,4.0,3.0,7.0,6.0,7.0,7.0,7.0,7.0,2.0,3.0,3.0,4.0,3.0,4.0,2.33,3.0,5.34,5.01,3.68,4.0,7.0,6.67,2.67,3.67,2.66,5.18,3.84,6.84,3.17
2066,4.0,4.0,4.0,5.0,4.0,5.0,4.0,4.0,4.0,4.0,5.0,5.0,3.0,3.0,2.0,3.0,2.0,3.0,4.0,4.0,4.0,3.0,3.0,4.0,5.0,5.0,5.0,4.0,5.0,6.0,4.0,4.66,4.33,4.34,2.32,3.0,3.67,3.67,5.0,5.0,4.33,4.34,2.66,3.67,5.0
2067,3.0,3.0,4.0,4.0,2.0,4.0,1.0,1.0,1.0,1.0,1.0,1.0,2.0,3.0,3.0,2.0,1.0,2.0,4.0,4.0,3.0,4.0,4.0,4.0,1.0,1.0,1.0,1.0,1.0,1.0,3.01,3.66,1.0,1.0,1.98,2.32,3.67,4.0,1.0,1.0,3.34,1.0,2.15,3.84,1.0
2068,7.0,7.0,7.0,7.0,7.0,7.0,7.0,7.0,7.0,7.0,7.0,7.0,4.0,4.0,3.0,3.0,2.0,3.0,2.0,2.0,1.0,3.0,2.0,3.0,3.0,4.0,3.0,5.0,3.0,4.0,7.0,7.0,7.0,7.0,2.98,3.33,1.67,2.67,3.0,4.33,7.0,7.0,3.16,2.17,3.66
2069,2.0,2.0,3.0,1.0,2.0,3.0,6.0,5.0,6.0,6.0,6.0,6.0,4.0,4.0,4.0,6.0,3.0,4.0,5.0,5.0,5.0,6.0,6.0,6.0,2.0,2.0,2.0,3.0,2.0,2.0,2.33,2.0,6.01,5.68,3.66,4.67,5.33,5.67,2.0,2.33,2.16,5.84,4.16,5.5,2.16
2070,2.0,3.0,3.0,5.0,4.0,3.0,4.0,3.0,4.0,4.0,5.0,4.0,4.0,5.0,4.0,5.0,5.0,5.0,3.0,4.0,3.0,3.0,3.0,3.0,4.0,5.0,4.0,5.0,4.0,5.0,2.99,3.67,4.33,3.67,4.36,5.01,3.0,3.33,4.0,5.0,3.33,4.0,4.69,3.16,4.5
2071,4.0,5.0,5.0,6.0,4.0,6.0,5.0,5.0,6.0,6.0,5.0,5.0,7.0,7.0,7.0,6.0,4.0,5.0,6.0,7.0,6.0,7.0,6.0,6.0,6.0,7.0,6.0,7.0,5.0,6.0,4.33,5.66,5.34,5.34,5.99,6.01,6.0,6.67,5.67,6.67,5.0,5.34,6.0,6.34,6.17
2072,1.0,1.0,1.0,1.0,1.0,1.0,2.0,1.0,2.0,3.0,2.0,2.0,3.0,4.0,3.0,3.0,2.0,3.0,4.0,3.0,3.0,4.0,3.0,5.0,1.0,1.0,1.0,1.0,1.0,1.0,1.0,1.0,1.99,1.99,2.65,3.33,3.33,4.0,1.0,1.0,1.0,1.99,2.99,3.66,1.0
2073,4.0,4.0,3.0,4.0,3.0,5.0,5.0,4.0,5.0,4.0,4.0,4.0,1.0,2.0,2.0,2.0,2.0,2.0,6.0,6.0,5.0,6.0,5.0,7.0,1.0,1.0,1.0,1.0,1.0,2.0,3.34,4.33,4.67,4.0,1.67,1.99,5.33,6.33,1.0,1.33,3.84,4.34,1.83,5.83,1.16
2074,3.0,5.0,3.0,4.0,4.0,5.0,3.0,3.0,3.0,3.0,3.0,3.0,3.0,3.0,3.0,3.0,3.0,3.0,4.0,5.0,3.0,5.0,4.0,4.0,1.0,1.0,1.0,1.0,1.0,1.0,3.33,4.67,3.0,3.0,3.0,3.0,3.67,4.67,1.0,1.0,4.0,3.0,3.0,4.17,1.0
2075,1.0,1.0,1.0,1.0,1.0,1.0,4.0,5.0,4.0,4.0,5.0,4.0,5.0,4.0,4.0,4.0,4.0,4.0,1.0,1.0,1.0,1.0,1.0,1.0,2.0,3.0,3.0,4.0,3.0,4.0,1.0,1.0,4.33,4.34,4.34,4.01,1.0,1.0,2.67,3.67,1.0,4.34,4.18,1.0,3.17
2076,1.0,1.0,1.0,1.0,1.0,1.0,3.0,3.0,3.0,4.0,4.0,3.0,1.0,1.0,1.0,1.0,1.0,1.0,1.0,3.0,2.0,2.0,2.0,2.0,2.0,3.0,3.0,3.0,3.0,3.0,1.0,1.0,3.33,3.33,1.0,1.0,1.67,2.33,2.67,3.0,1.0,3.33,1.0,2.0,2.84
2077,1.0,2.0,2.0,2.0,2.0,2.0,5.0,5.0,5.0,5.0,5.0,4.0,2.0,2.0,2.0,2.0,1.0,2.0,3.0,3.0,3.0,4.0,3.0,3.0,2.0,4.0,3.0,4.0,4.0,4.0,1.66,2.0,5.0,4.67,1.65,1.99,3.0,3.33,3.0,4.0,1.83,4.84,1.82,3.16,3.5
2078,6.0,6.0,7.0,7.0,7.0,7.0,6.0,6.0,6.0,6.0,7.0,6.0,4.0,5.0,3.0,4.0,3.0,4.0,7.0,7.0,7.0,7.0,7.0,7.0,6.0,6.0,5.0,7.0,5.0,6.0,6.66,6.67,6.34,6.01,3.33,4.34,7.0,7.0,5.33,6.33,6.66,6.18,3.84,7.0,5.83
2079,3.0,4.0,3.0,4.0,4.0,5.0,7.0,7.0,7.0,7.0,7.0,7.0,7.0,6.0,6.0,6.0,5.0,6.0,3.0,4.0,4.0,4.0,5.0,6.0,4.0,4.0,3.0,5.0,4.0,5.0,3.33,4.33,7.0,7.0,6.01,6.02,4.0,4.67,3.67,4.67,3.83,7.0,6.02,4.34,4.17
2080,1.0,1.0,1.0,2.0,1.0,2.0,3.0,3.0,3.0,3.0,4.0,2.0,6.0,6.0,5.0,6.0,4.0,5.0,3.0,5.0,4.0,5.0,4.0,5.0,2.0,3.0,2.0,3.0,2.0,2.0,1.0,1.66,3.33,2.66,5.0,5.68,3.67,5.0,2.0,2.67,1.33,3.0,5.34,4.34,2.34
2081,1.0,1.0,1.0,1.0,1.0,1.0,4.0,3.0,5.0,4.0,5.0,4.0,3.0,5.0,3.0,4.0,2.0,3.0,2.0,3.0,2.0,3.0,2.0,3.0,3.0,4.0,2.0,4.0,3.0,3.0,1.0,1.0,4.67,3.67,2.65,4.0,2.0,3.0,2.67,3.67,1.0,4.17,3.32,2.5,3.17
2082,1.0,1.0,1.0,1.0,1.0,1.0,4.0,4.0,4.0,4.0,5.0,5.0,1.0,1.0,1.0,1.0,1.0,1.0,1.0,1.0,1.0,1.0,1.0,1.0,5.0,6.0,5.0,6.0,6.0,7.0,1.0,1.0,4.33,4.34,1.0,1.0,1.0,1.0,5.33,6.33,1.0,4.34,1.0,1.0,5.83
2083,1.0,1.0,1.0,1.0,1.0,1.0,4.0,3.0,4.0,3.0,4.0,4.0,2.0,2.0,2.0,2.0,2.0,2.0,2.0,2.0,2.0,3.0,2.0,2.0,2.0,2.0,2.0,3.0,2.0,3.0,1.0,1.0,4.0,3.33,2.0,1.99,2.0,2.33,2.0,2.67,1.0,3.66,2.0,2.16,2.34
2084,4.0,5.0,5.0,5.0,4.0,5.0,3.0,4.0,4.0,4.0,4.0,4.0,7.0,7.0,6.0,7.0,5.0,6.0,6.0,7.0,6.0,7.0,6.0,7.0,3.0,4.0,4.0,5.0,3.0,5.0,4.33,5.0,3.66,4.0,6.01,6.69,6.0,7.0,3.33,4.67,4.66,3.83,6.35,6.5,4.0
2085,2.0,3.0,2.0,3.0,2.0,4.0,4.0,4.0,5.0,4.0,4.0,4.0,3.0,3.0,3.0,3.0,3.0,3.0,2.0,2.0,2.0,2.0,2.0,3.0,4.0,5.0,4.0,5.0,4.0,5.0,2.0,3.33,4.34,4.0,3.0,3.0,2.0,2.33,4.0,5.0,2.66,4.17,3.0,2.16,4.5
2086,7.0,7.0,7.0,7.0,7.0,7.0,5.0,5.0,6.0,5.0,5.0,5.0,5.0,6.0,4.0,5.0,4.0,5.0,6.0,6.0,4.0,5.0,5.0,5.0,7.0,7.0,7.0,7.0,6.0,7.0,7.0,7.0,5.34,5.01,4.34,5.35,5.0,5.33,6.67,7.0,7.0,5.18,4.84,5.16,6.84
2087,1.0,1.0,1.0,1.0,1.0,1.0,2.0,1.0,2.0,2.0,1.0,2.0,1.0,2.0,1.0,2.0,1.0,1.0,1.0,3.0,2.0,2.0,2.0,3.0,5.0,6.0,5.0,5.0,4.0,6.0,1.0,1.0,1.66,1.66,1.0,1.65,1.67,2.67,4.67,5.67,1.0,1.66,1.32,2.17,5.17
2088,1.0,1.0,1.0,1.0,1.0,1.0,3.0,3.0,3.0,3.0,3.0,2.0,3.0,4.0,3.0,3.0,4.0,4.0,2.0,3.0,2.0,4.0,2.0,3.0,2.0,4.0,2.0,3.0,2.0,3.0,1.0,1.0,3.0,2.66,3.35,3.67,2.0,3.33,2.0,3.33,1.0,2.83,3.51,2.66,2.66
2089,1.0,1.0,1.0,1.0,1.0,1.0,1.0,1.0,1.0,1.0,2.0,1.0,1.0,2.0,1.0,2.0,1.0,2.0,4.0,4.0,5.0,5.0,5.0,5.0,3.0,3.0,2.0,4.0,2.0,3.0,1.0,1.0,1.32,1.0,1.0,1.99,4.67,4.67,2.33,3.33,1.0,1.16,1.5,4.67,2.83
2090,1.0,2.0,1.0,1.0,1.0,2.0,1.0,1.0,1.0,1.0,1.0,1.0,5.0,6.0,5.0,6.0,4.0,5.0,3.0,4.0,4.0,4.0,3.0,4.0,2.0,2.0,2.0,2.0,2.0,3.0,1.0,1.67,1.0,1.0,4.67,5.68,3.33,4.0,2.0,2.33,1.34,1.0,5.18,3.66,2.16
2091,3.0,4.0,2.0,4.0,3.0,3.0,5.0,5.0,4.0,5.0,5.0,5.0,7.0,7.0,7.0,7.0,6.0,6.0,4.0,5.0,4.0,4.0,4.0,5.0,4.0,5.0,4.0,5.0,5.0,5.0,2.67,3.67,4.67,5.01,6.69,6.69,4.0,4.67,4.33,5.0,3.17,4.84,6.69,4.34,4.66
2092,4.0,4.0,4.0,5.0,5.0,5.0,7.0,6.0,7.0,7.0,7.0,7.0,3.0,4.0,3.0,3.0,2.0,3.0,5.0,6.0,5.0,5.0,4.0,6.0,3.0,4.0,3.0,4.0,2.0,4.0,4.33,4.66,7.0,6.68,2.65,3.33,4.67,5.67,2.67,4.0,4.5,6.84,2.99,5.17,3.34
2093,5.0,5.0,5.0,6.0,4.0,5.0,2.0,2.0,4.0,3.0,3.0,3.0,3.0,2.0,2.0,3.0,1.0,2.0,2.0,2.0,2.0,2.0,2.0,3.0,2.0,3.0,3.0,3.0,3.0,4.0,4.67,5.33,3.0,2.66,1.97,2.32,2.0,2.33,2.67,3.33,5.0,2.83,2.14,2.16,3.0
2094,5.0,6.0,4.0,4.0,5.0,5.0,2.0,2.0,4.0,3.0,4.0,3.0,3.0,4.0,4.0,4.0,3.0,4.0,1.0,2.0,1.0,1.0,2.0,2.0,3.0,5.0,2.0,2.0,2.0,3.0,4.67,5.0,3.33,2.66,3.34,4.01,1.33,1.67,2.33,3.33,4.84,3.0,3.68,1.5,2.83
2095,2.0,2.0,2.0,2.0,2.0,2.0,4.0,4.0,5.0,5.0,5.0,5.0,2.0,2.0,2.0,2.0,1.0,2.0,2.0,2.0,3.0,2.0,1.0,2.0,1.0,3.0,2.0,3.0,3.0,4.0,2.0,2.0,4.67,4.67,1.65,1.99,2.0,2.0,2.0,3.33,2.0,4.67,1.82,2.0,2.66
2096,2.0,2.0,3.0,2.0,2.0,2.0,1.0,2.0,2.0,2.0,1.0,1.0,1.0,2.0,2.0,1.0,2.0,1.0,2.0,3.0,2.0,3.0,2.0,3.0,2.0,3.0,2.0,3.0,3.0,4.0,2.33,2.0,1.32,1.66,1.67,1.32,2.0,3.0,2.33,3.33,2.16,1.49,1.5,2.5,2.83
2097,5.0,7.0,6.0,6.0,6.0,5.0,4.0,3.0,3.0,3.0,4.0,4.0,2.0,3.0,2.0,2.0,2.0,3.0,2.0,3.0,3.0,4.0,3.0,4.0,6.0,6.0,5.0,7.0,6.0,7.0,5.66,6.01,3.67,3.33,2.0,2.67,2.67,3.67,5.67,6.67,5.84,3.5,2.34,3.17,6.17
2098,2.0,3.0,3.0,2.0,2.0,4.0,1.0,1.0,1.0,1.0,2.0,1.0,5.0,6.0,4.0,5.0,4.0,5.0,3.0,4.0,3.0,4.0,2.0,3.0,2.0,4.0,2.0,3.0,2.0,3.0,2.33,3.0,1.32,1.0,4.34,5.35,2.67,3.67,2.0,3.33,2.66,1.16,4.84,3.17,2.66
2099,1.0,2.0,2.0,2.0,1.0,2.0,5.0,4.0,6.0,5.0,5.0,6.0,3.0,3.0,1.0,1.0,1.0,2.0,5.0,6.0,5.0,7.0,5.0,5.0,3.0,4.0,4.0,6.0,4.0,5.0,1.33,2.0,5.34,5.01,1.64,1.99,5.0,6.0,3.67,5.0,1.66,5.18,1.82,5.5,4.34
2100,4.0,5.0,3.0,4.0,4.0,4.0,4.0,3.0,5.0,4.0,4.0,4.0,2.0,3.0,3.0,3.0,2.0,2.0,6.0,6.0,5.0,5.0,6.0,6.0,5.0,6.0,5.0,5.0,4.0,6.0,3.67,4.34,4.34,3.67,2.33,2.66,5.67,5.67,4.67,5.67,4.0,4.0,2.5,5.67,5.17
2101,3.0,3.0,3.0,4.0,3.0,4.0,2.0,1.0,3.0,2.0,3.0,2.0,4.0,4.0,2.0,3.0,3.0,3.0,2.0,3.0,2.0,3.0,2.0,2.0,2.0,2.0,3.0,3.0,2.0,3.0,3.0,3.66,2.66,1.66,3.0,3.33,2.0,2.67,2.33,2.67,3.33,2.16,3.16,2.34,2.5
2102,1.0,2.0,1.0,1.0,2.0,3.0,3.0,2.0,4.0,4.0,4.0,4.0,3.0,4.0,4.0,4.0,2.0,3.0,1.0,1.0,2.0,3.0,1.0,2.0,4.0,5.0,4.0,4.0,4.0,5.0,1.33,2.0,3.66,3.33,2.99,3.66,1.33,2.0,4.0,4.67,1.66,3.5,3.32,1.66,4.34
2103,4.0,4.0,3.0,3.0,5.0,5.0,1.0,1.0,1.0,1.0,2.0,1.0,1.0,1.0,1.0,1.0,1.0,1.0,2.0,3.0,3.0,3.0,4.0,4.0,1.0,2.0,1.0,2.0,1.0,2.0,4.0,4.0,1.32,1.0,1.0,1.0,3.0,3.33,1.0,2.0,4.0,1.16,1.0,3.16,1.5
2104,3.0,3.0,3.0,3.0,3.0,4.0,4.0,4.0,5.0,4.0,5.0,3.0,1.0,1.0,1.0,1.0,1.0,1.0,6.0,7.0,7.0,6.0,6.0,7.0,6.0,7.0,6.0,6.0,7.0,7.0,3.0,3.33,4.67,3.67,1.0,1.0,6.33,6.67,6.33,6.67,3.16,4.17,1.0,6.5,6.5
2105,1.0,1.0,1.0,1.0,1.0,1.0,1.0,1.0,1.0,1.0,1.0,1.0,3.0,2.0,2.0,2.0,2.0,2.0,2.0,2.0,1.0,1.0,2.0,2.0,5.0,5.0,4.0,5.0,4.0,5.0,1.0,1.0,1.0,1.0,2.32,1.99,1.67,1.67,4.33,5.0,1.0,1.0,2.15,1.67,4.66
2106,2.0,4.0,2.0,3.0,3.0,4.0,4.0,4.0,5.0,4.0,5.0,5.0,3.0,4.0,4.0,4.0,3.0,3.0,3.0,3.0,4.0,4.0,4.0,4.0,1.0,3.0,2.0,3.0,2.0,2.0,2.33,3.67,4.67,4.34,3.34,3.66,3.67,3.67,1.67,2.67,3.0,4.5,3.5,3.67,2.17
2107,2.0,3.0,3.0,3.0,3.0,4.0,5.0,5.0,5.0,4.0,5.0,4.0,4.0,5.0,3.0,4.0,4.0,4.0,4.0,4.0,3.0,4.0,4.0,4.0,3.0,4.0,4.0,5.0,3.0,4.0,2.66,3.33,5.0,4.34,3.68,4.34,3.67,4.0,3.33,4.33,3.0,4.67,4.01,3.84,3.83
2108,3.0,3.0,3.0,3.0,3.0,4.0,2.0,2.0,2.0,2.0,2.0,2.0,2.0,2.0,2.0,2.0,1.0,2.0,3.0,4.0,3.0,3.0,2.0,4.0,4.0,4.0,5.0,5.0,5.0,4.0,3.0,3.33,1.99,1.99,1.65,1.99,2.67,3.67,4.67,4.33,3.16,1.99,1.82,3.17,4.5
2109,6.0,5.0,5.0,6.0,6.0,6.0,7.0,6.0,7.0,7.0,7.0,7.0,3.0,5.0,4.0,4.0,4.0,4.0,4.0,5.0,5.0,6.0,4.0,6.0,7.0,7.0,7.0,7.0,6.0,7.0,5.67,5.66,7.0,6.68,3.69,4.34,4.33,5.67,6.67,7.0,5.66,6.84,4.01,5.0,6.84
2110,3.0,3.0,3.0,4.0,1.0,2.0,3.0,3.0,3.0,3.0,3.0,2.0,6.0,6.0,3.0,6.0,4.0,5.0,6.0,6.0,5.0,6.0,6.0,7.0,3.0,3.0,2.0,3.0,2.0,4.0,2.34,3.0,3.0,2.66,4.33,5.68,5.67,6.33,2.33,3.33,2.67,2.83,5.0,6.0,2.83
2111,2.0,3.0,3.0,2.0,3.0,2.0,2.0,1.0,2.0,1.0,2.0,2.0,1.0,2.0,1.0,2.0,1.0,1.0,3.0,3.0,2.0,3.0,3.0,3.0,1.0,2.0,2.0,2.0,2.0,3.0,2.66,2.34,1.99,1.32,1.0,1.65,2.67,3.0,1.67,2.33,2.5,1.66,1.32,2.84,2.0
2112,2.0,1.0,2.0,2.0,2.0,3.0,1.0,1.0,1.0,1.0,1.0,1.0,3.0,4.0,3.0,4.0,3.0,2.0,4.0,4.0,3.0,5.0,5.0,5.0,1.0,2.0,2.0,2.0,2.0,2.0,2.0,1.99,1.0,1.0,3.0,3.32,4.0,4.67,1.67,2.0,2.0,1.0,3.16,4.34,1.84
2113,3.0,5.0,3.0,3.0,2.0,5.0,3.0,3.0,4.0,3.0,3.0,2.0,6.0,7.0,6.0,7.0,5.0,6.0,5.0,6.0,5.0,5.0,5.0,5.0,1.0,3.0,2.0,2.0,2.0,3.0,2.67,4.33,3.33,2.66,5.68,6.69,5.0,5.33,1.67,2.67,3.5,3.0,6.18,5.16,2.17
2114,7.0,7.0,7.0,7.0,7.0,7.0,5.0,5.0,6.0,6.0,6.0,6.0,5.0,5.0,5.0,5.0,4.0,5.0,7.0,7.0,7.0,7.0,7.0,7.0,7.0,7.0,7.0,7.0,7.0,7.0,7.0,7.0,5.67,5.68,4.67,5.01,7.0,7.0,7.0,7.0,7.0,5.68,4.84,7.0,7.0
2115,2.0,4.0,2.0,3.0,3.0,3.0,4.0,4.0,4.0,4.0,5.0,4.0,4.0,5.0,3.0,4.0,4.0,4.0,1.0,2.0,1.0,1.0,1.0,2.0,3.0,4.0,4.0,4.0,4.0,5.0,2.33,3.34,4.33,4.0,3.68,4.34,1.0,1.67,3.67,4.33,2.84,4.16,4.01,1.34,4.0
2116,5.0,6.0,5.0,5.0,5.0,5.0,7.0,6.0,7.0,7.0,7.0,7.0,4.0,4.0,4.0,5.0,3.0,3.0,4.0,4.0,4.0,3.0,4.0,5.0,3.0,4.0,4.0,5.0,3.0,4.0,5.0,5.34,7.0,6.68,3.66,4.0,4.0,4.0,3.33,4.33,5.17,6.84,3.83,4.0,3.83
2117,3.0,4.0,3.0,3.0,1.0,3.0,2.0,2.0,3.0,2.0,3.0,2.0,4.0,4.0,5.0,3.0,3.0,4.0,3.0,4.0,4.0,5.0,3.0,4.0,2.0,3.0,2.0,3.0,3.0,3.0,2.34,3.34,2.66,1.99,4.0,3.67,3.33,4.33,2.33,3.0,2.84,2.33,3.84,3.83,2.66
2118,3.0,3.0,3.0,3.0,2.0,4.0,6.0,5.0,6.0,6.0,6.0,6.0,3.0,4.0,2.0,3.0,2.0,2.0,7.0,7.0,7.0,7.0,7.0,7.0,4.0,4.0,4.0,4.0,3.0,4.0,2.67,3.33,6.01,5.68,2.32,2.99,7.0,7.0,3.67,4.0,3.0,5.84,2.66,7.0,3.84
2119,5.0,5.0,5.0,6.0,4.0,5.0,4.0,4.0,5.0,4.0,5.0,4.0,1.0,1.0,1.0,1.0,1.0,2.0,3.0,4.0,2.0,3.0,3.0,3.0,7.0,7.0,6.0,7.0,7.0,7.0,4.67,5.33,4.67,4.0,1.0,1.33,2.67,3.33,6.67,7.0,5.0,4.34,1.16,3.0,6.84
2120,2.0,2.0,3.0,3.0,3.0,3.0,6.0,5.0,7.0,6.0,6.0,6.0,4.0,4.0,4.0,5.0,3.0,3.0,7.0,7.0,6.0,6.0,6.0,7.0,4.0,6.0,5.0,6.0,5.0,6.0,2.66,2.66,6.34,5.68,3.66,4.0,6.33,6.67,4.67,6.0,2.66,6.01,3.83,6.5,5.34
2121,2.0,2.0,3.0,3.0,2.0,3.0,5.0,5.0,6.0,6.0,6.0,5.0,1.0,1.0,1.0,4.0,1.0,1.0,1.0,1.0,1.0,2.0,1.0,1.0,4.0,5.0,4.0,6.0,4.0,4.0,2.33,2.66,5.67,5.34,1.0,1.98,1.0,1.33,4.0,5.0,2.5,5.5,1.49,1.16,4.5
2122,4.0,5.0,3.0,5.0,4.0,5.0,4.0,3.0,4.0,3.0,4.0,3.0,7.0,7.0,7.0,7.0,7.0,7.0,7.0,7.0,6.0,7.0,7.0,7.0,4.0,4.0,4.0,5.0,4.0,5.0,3.67,5.0,4.0,3.0,7.0,7.0,6.67,7.0,4.0,4.67,4.34,3.5,7.0,6.84,4.34
2123,1.0,1.0,1.0,1.0,2.0,1.0,3.0,2.0,3.0,1.0,4.0,3.0,3.0,4.0,3.0,3.0,3.0,3.0,5.0,6.0,5.0,6.0,6.0,6.0,4.0,5.0,3.0,4.0,4.0,4.0,1.33,1.0,3.33,1.99,3.0,3.33,5.33,6.0,3.67,4.33,1.16,2.66,3.16,5.66,4.0
2124,5.0,6.0,4.0,5.0,5.0,6.0,5.0,4.0,4.0,4.0,5.0,5.0,1.0,2.0,1.0,2.0,1.0,1.0,5.0,6.0,5.0,6.0,5.0,5.0,4.0,4.0,4.0,4.0,5.0,4.0,4.67,5.67,4.67,4.34,1.0,1.65,5.0,5.67,4.33,4.0,5.17,4.5,1.32,5.34,4.16
2125,3.0,3.0,2.0,3.0,3.0,3.0,5.0,5.0,5.0,5.0,5.0,5.0,5.0,6.0,6.0,6.0,5.0,5.0,2.0,2.0,1.0,1.0,2.0,2.0,2.0,3.0,2.0,3.0,3.0,4.0,2.67,3.0,5.0,5.01,5.35,5.68,1.67,1.67,2.33,3.33,2.84,5.0,5.52,1.67,2.83
2126,6.0,7.0,6.0,7.0,5.0,6.0,7.0,7.0,7.0,7.0,7.0,7.0,4.0,3.0,4.0,4.0,3.0,4.0,3.0,4.0,3.0,4.0,3.0,3.0,2.0,3.0,1.0,3.0,2.0,2.0,5.67,6.67,7.0,7.0,3.66,3.67,3.0,3.67,1.67,2.67,6.17,7.0,3.66,3.34,2.17
2127,5.0,5.0,5.0,6.0,5.0,5.0,7.0,6.0,7.0,6.0,6.0,6.0,5.0,6.0,5.0,5.0,4.0,5.0,6.0,7.0,6.0,7.0,5.0,7.0,7.0,7.0,7.0,7.0,7.0,7.0,5.0,5.33,6.68,6.01,4.67,5.35,5.67,7.0,7.0,7.0,5.16,6.34,5.01,6.34,7.0
2128,3.0,3.0,3.0,4.0,3.0,5.0,5.0,5.0,6.0,6.0,5.0,6.0,3.0,3.0,3.0,3.0,2.0,3.0,4.0,4.0,5.0,4.0,3.0,4.0,4.0,6.0,4.0,4.0,3.0,4.0,3.0,3.99,5.34,5.68,2.65,3.0,4.0,4.0,3.67,4.67,3.5,5.51,2.82,4.0,4.17
2129,6.0,6.0,5.0,7.0,5.0,6.0,3.0,4.0,5.0,5.0,4.0,4.0,3.0,3.0,2.0,3.0,2.0,2.0,2.0,3.0,2.0,2.0,1.0,2.0,3.0,4.0,4.0,4.0,3.0,5.0,5.34,6.33,4.0,4.34,2.32,2.66,1.67,2.33,3.33,4.33,5.84,4.17,2.49,2.0,3.83
2130,1.0,1.0,2.0,2.0,2.0,2.0,4.0,5.0,4.0,4.0,4.0,4.0,4.0,5.0,3.0,3.0,3.0,5.0,4.0,5.0,5.0,4.0,4.0,5.0,2.0,4.0,2.0,3.0,3.0,4.0,1.66,1.66,4.0,4.34,3.33,4.35,4.33,4.67,2.33,3.67,1.66,4.17,3.84,4.5,3.0
2131,5.0,6.0,4.0,6.0,4.0,5.0,4.0,4.0,5.0,4.0,4.0,3.0,1.0,1.0,1.0,1.0,1.0,1.0,4.0,5.0,4.0,5.0,4.0,5.0,4.0,5.0,4.0,5.0,4.0,5.0,4.34,5.67,4.34,3.67,1.0,1.0,4.0,5.0,4.0,5.0,5.0,4.0,1.0,4.5,4.5
2132,2.0,1.0,1.0,1.0,1.0,2.0,2.0,1.0,3.0,2.0,2.0,2.0,1.0,1.0,1.0,1.0,1.0,1.0,2.0,2.0,1.0,1.0,1.0,2.0,3.0,5.0,4.0,5.0,3.0,4.0,1.34,1.33,2.33,1.66,1.0,1.0,1.33,1.67,3.33,4.67,1.34,2.0,1.0,1.5,4.0
2133,1.0,2.0,1.0,1.0,1.0,1.0,1.0,1.0,2.0,1.0,1.0,1.0,1.0,1.0,1.0,2.0,1.0,1.0,2.0,2.0,2.0,2.0,2.0,3.0,2.0,3.0,2.0,2.0,2.0,3.0,1.0,1.34,1.32,1.0,1.0,1.32,2.0,2.33,2.0,2.67,1.17,1.16,1.16,2.16,2.34
2134,1.0,1.0,1.0,1.0,1.0,1.0,5.0,4.0,5.0,5.0,5.0,4.0,1.0,1.0,1.0,1.0,1.0,1.0,5.0,5.0,4.0,4.0,3.0,5.0,1.0,1.0,1.0,1.0,1.0,1.0,1.0,1.0,5.0,4.34,1.0,1.0,4.0,4.67,1.0,1.0,1.0,4.67,1.0,4.34,1.0
2135,1.0,1.0,1.0,1.0,1.0,1.0,5.0,4.0,4.0,4.0,5.0,5.0,2.0,3.0,2.0,3.0,2.0,2.0,3.0,3.0,3.0,3.0,2.0,3.0,2.0,3.0,1.0,2.0,2.0,3.0,1.0,1.0,4.67,4.34,2.0,2.66,2.67,3.0,1.67,2.67,1.0,4.5,2.33,2.84,2.17
2136,5.0,6.0,6.0,6.0,5.0,6.0,5.0,4.0,6.0,5.0,5.0,5.0,5.0,4.0,4.0,5.0,4.0,6.0,6.0,7.0,6.0,7.0,6.0,6.0,5.0,6.0,6.0,7.0,5.0,6.0,5.34,6.0,5.34,4.67,4.34,5.02,6.0,6.67,5.33,6.33,5.67,5.0,4.68,6.34,5.83
2137,4.0,4.0,4.0,5.0,3.0,4.0,4.0,3.0,4.0,4.0,4.0,4.0,7.0,7.0,7.0,7.0,7.0,7.0,6.0,6.0,7.0,7.0,6.0,6.0,7.0,7.0,7.0,7.0,7.0,7.0,3.67,4.33,4.0,3.67,7.0,7.0,6.33,6.33,7.0,7.0,4.0,3.84,7.0,6.33,7.0
2138,1.0,3.0,2.0,2.0,2.0,2.0,1.0,1.0,3.0,2.0,3.0,2.0,1.0,1.0,1.0,1.0,1.0,1.0,3.0,4.0,3.0,3.0,2.0,3.0,3.0,3.0,3.0,3.0,3.0,4.0,1.66,2.34,2.32,1.66,1.0,1.0,2.67,3.33,3.0,3.33,2.0,1.99,1.0,3.0,3.16
2139,3.0,4.0,3.0,2.0,4.0,4.0,4.0,4.0,5.0,4.0,4.0,4.0,2.0,3.0,2.0,2.0,2.0,2.0,3.0,3.0,3.0,3.0,3.0,3.0,4.0,5.0,4.0,5.0,4.0,5.0,3.33,3.33,4.34,4.0,2.0,2.32,3.0,3.0,4.0,5.0,3.33,4.17,2.16,3.0,4.5
2140,3.0,4.0,3.0,4.0,3.0,4.0,5.0,4.0,4.0,4.0,5.0,4.0,3.0,3.0,2.0,2.0,1.0,2.0,3.0,4.0,4.0,5.0,4.0,5.0,3.0,4.0,2.0,4.0,3.0,4.0,3.0,4.0,4.67,4.0,1.97,2.32,3.67,4.67,2.67,4.0,3.5,4.34,2.14,4.17,3.34
2141,3.0,2.0,3.0,3.0,2.0,4.0,2.0,2.0,2.0,2.0,2.0,2.0,1.0,2.0,2.0,3.0,1.0,2.0,2.0,3.0,2.0,3.0,2.0,2.0,1.0,2.0,2.0,3.0,2.0,2.0,2.67,2.99,1.99,1.99,1.32,2.32,2.0,2.67,1.67,2.33,2.83,1.99,1.82,2.34,2.0
2142,3.0,4.0,2.0,2.0,2.0,4.0,3.0,2.0,4.0,4.0,3.0,4.0,2.0,1.0,2.0,2.0,1.0,1.0,3.0,4.0,2.0,3.0,2.0,3.0,3.0,3.0,2.0,3.0,2.0,3.0,2.34,3.33,3.33,3.33,1.65,1.32,2.33,3.33,2.33,3.0,2.84,3.33,1.48,2.83,2.66
2143,3.0,3.0,4.0,3.0,4.0,4.0,2.0,1.0,2.0,2.0,2.0,2.0,1.0,1.0,1.0,1.0,1.0,1.0,2.0,2.0,2.0,3.0,2.0,3.0,3.0,4.0,4.0,5.0,3.0,4.0,3.66,3.33,1.99,1.66,1.0,1.0,2.0,2.67,3.33,4.33,3.5,1.82,1.0,2.34,3.83
2144,4.0,5.0,3.0,5.0,5.0,4.0,6.0,6.0,6.0,6.0,6.0,5.0,2.0,2.0,2.0,2.0,2.0,3.0,5.0,6.0,6.0,6.0,5.0,6.0,5.0,5.0,5.0,6.0,6.0,6.0,4.0,4.67,6.01,5.68,2.0,2.33,5.33,6.0,5.33,5.67,4.34,5.84,2.16,5.66,5.5
2145,5.0,6.0,6.0,6.0,7.0,7.0,4.0,3.0,5.0,4.0,3.0,4.0,5.0,7.0,7.0,7.0,7.0,7.0,6.0,6.0,6.0,6.0,6.0,6.0,5.0,6.0,6.0,6.0,5.0,6.0,5.99,6.33,4.0,3.67,6.39,7.0,6.0,6.0,5.33,6.0,6.16,3.84,6.7,6.0,5.66
2146,5.0,5.0,4.0,5.0,4.0,4.0,6.0,6.0,7.0,7.0,6.0,7.0,5.0,5.0,4.0,4.0,4.0,4.0,7.0,7.0,7.0,7.0,7.0,7.0,6.0,7.0,6.0,6.0,6.0,6.0,4.34,4.67,6.34,6.68,4.34,4.34,7.0,7.0,6.0,6.33,4.5,6.51,4.34,7.0,6.16
2147,7.0,7.0,5.0,5.0,6.0,6.0,5.0,4.0,6.0,5.0,6.0,5.0,4.0,5.0,4.0,5.0,5.0,4.0,5.0,6.0,4.0,6.0,5.0,6.0,7.0,7.0,7.0,7.0,7.0,7.0,6.01,6.0,5.67,4.67,4.36,4.67,4.67,6.0,7.0,7.0,6.0,5.17,4.52,5.34,7.0
2148,1.0,1.0,2.0,2.0,2.0,2.0,4.0,3.0,4.0,4.0,3.0,4.0,1.0,2.0,1.0,1.0,1.0,1.0,2.0,2.0,4.0,2.0,1.0,2.0,3.0,4.0,3.0,5.0,3.0,4.0,1.66,1.66,3.67,3.67,1.0,1.32,2.33,2.0,3.0,4.33,1.66,3.67,1.16,2.16,3.66
2149,4.0,4.0,2.0,2.0,3.0,3.0,4.0,3.0,3.0,3.0,4.0,3.0,1.0,2.0,2.0,2.0,1.0,2.0,7.0,7.0,6.0,7.0,7.0,7.0,4.0,5.0,4.0,6.0,3.0,4.0,3.0,3.0,3.67,3.0,1.32,1.99,6.67,7.0,3.67,5.0,3.0,3.34,1.66,6.84,4.34
2150,1.0,3.0,3.0,3.0,2.0,3.0,6.0,6.0,7.0,6.0,7.0,6.0,6.0,7.0,6.0,7.0,6.0,6.0,3.0,4.0,3.0,4.0,4.0,3.0,4.0,5.0,4.0,5.0,5.0,5.0,2.0,3.0,6.68,6.01,6.03,6.69,3.33,3.67,4.33,5.0,2.5,6.34,6.36,3.5,4.66
2151,2.0,3.0,4.0,4.0,3.0,4.0,4.0,4.0,4.0,4.0,4.0,4.0,3.0,4.0,4.0,4.0,3.0,4.0,3.0,4.0,3.0,4.0,3.0,4.0,4.0,6.0,5.0,7.0,5.0,6.0,3.0,3.66,4.0,4.0,3.34,4.01,3.0,4.0,4.67,6.33,3.33,4.0,3.68,3.5,5.5
2152,1.0,1.0,1.0,1.0,1.0,1.0,4.0,3.0,5.0,4.0,4.0,4.0,5.0,5.0,4.0,4.0,4.0,5.0,5.0,5.0,5.0,6.0,6.0,7.0,6.0,6.0,6.0,7.0,6.0,7.0,1.0,1.0,4.34,3.67,4.34,4.68,5.33,6.0,6.0,6.67,1.0,4.0,4.51,5.66,6.34
2153,1.0,1.0,1.0,1.0,1.0,1.0,3.0,3.0,3.0,4.0,4.0,4.0,4.0,3.0,2.0,3.0,3.0,4.0,5.0,6.0,5.0,6.0,4.0,5.0,3.0,4.0,4.0,4.0,4.0,5.0,1.0,1.0,3.33,3.67,3.0,3.34,4.67,5.67,3.67,4.33,1.0,3.5,3.17,5.17,4.0
2154,2.0,3.0,2.0,3.0,2.0,3.0,1.0,1.0,1.0,1.0,1.0,1.0,1.0,1.0,1.0,1.0,1.0,1.0,4.0,5.0,4.0,5.0,4.0,6.0,1.0,1.0,1.0,1.0,1.0,1.0,2.0,3.0,1.0,1.0,1.0,1.0,4.0,5.33,1.0,1.0,2.5,1.0,1.0,4.66,1.0
2155,2.0,3.0,2.0,2.0,1.0,2.0,5.0,5.0,5.0,5.0,6.0,5.0,6.0,6.0,5.0,6.0,5.0,6.0,4.0,5.0,5.0,5.0,5.0,6.0,5.0,5.0,6.0,6.0,5.0,7.0,1.67,2.34,5.34,5.01,5.35,6.02,4.67,5.33,5.33,6.0,2.0,5.18,5.68,5.0,5.66
2156,5.0,5.0,5.0,4.0,4.0,5.0,2.0,1.0,2.0,2.0,2.0,2.0,1.0,1.0,1.0,1.0,1.0,1.0,3.0,4.0,3.0,4.0,2.0,4.0,2.0,3.0,1.0,2.0,2.0,3.0,4.67,4.67,1.99,1.66,1.0,1.0,2.67,4.0,1.67,2.67,4.67,1.82,1.0,3.34,2.17
2157,2.0,2.0,2.0,2.0,3.0,3.0,3.0,3.0,3.0,2.0,3.0,2.0,2.0,2.0,3.0,3.0,2.0,3.0,3.0,4.0,3.0,2.0,4.0,4.0,3.0,5.0,3.0,4.0,3.0,5.0,2.33,2.33,3.0,2.33,2.33,2.67,3.33,3.33,3.0,4.67,2.33,2.66,2.5,3.33,3.84
2158,4.0,4.0,4.0,5.0,5.0,5.0,3.0,2.0,3.0,3.0,3.0,3.0,1.0,3.0,1.0,2.0,1.0,2.0,5.0,5.0,4.0,5.0,4.0,6.0,4.0,5.0,3.0,5.0,3.0,4.0,4.33,4.66,3.0,2.66,1.0,2.32,4.33,5.33,3.33,4.67,4.5,2.83,1.66,4.83,4.0
2159,1.0,3.0,3.0,2.0,3.0,2.0,3.0,2.0,3.0,3.0,3.0,3.0,1.0,1.0,1.0,1.0,1.0,1.0,3.0,4.0,4.0,4.0,4.0,5.0,3.0,4.0,3.0,4.0,4.0,4.0,2.33,2.34,3.0,2.66,1.0,1.0,3.67,4.33,3.33,4.0,2.34,2.83,1.0,4.0,3.66
2160,7.0,7.0,7.0,7.0,7.0,7.0,6.0,6.0,7.0,7.0,6.0,6.0,3.0,4.0,3.0,3.0,3.0,4.0,6.0,7.0,7.0,7.0,6.0,6.0,4.0,4.0,3.0,4.0,4.0,5.0,7.0,7.0,6.34,6.35,3.0,3.67,6.33,6.67,3.67,4.33,7.0,6.34,3.34,6.5,4.0
2161,2.0,2.0,2.0,2.0,2.0,2.0,4.0,3.0,3.0,2.0,4.0,3.0,4.0,4.0,3.0,4.0,3.0,4.0,2.0,3.0,2.0,3.0,2.0,3.0,1.0,2.0,1.0,2.0,1.0,1.0,2.0,2.0,3.67,2.66,3.33,4.01,2.0,3.0,1.0,1.67,2.0,3.16,3.67,2.5,1.34
2162,5.0,6.0,5.0,4.0,6.0,5.0,5.0,5.0,6.0,5.0,6.0,6.0,3.0,4.0,3.0,3.0,2.0,3.0,3.0,3.0,3.0,3.0,2.0,3.0,2.0,3.0,2.0,2.0,2.0,2.0,5.33,5.0,5.67,5.34,2.65,3.33,2.67,3.0,2.0,2.33,5.16,5.5,2.99,2.84,2.16
2163,3.0,4.0,3.0,4.0,3.0,5.0,2.0,1.0,3.0,2.0,3.0,2.0,4.0,5.0,4.0,5.0,3.0,4.0,4.0,4.0,3.0,5.0,4.0,5.0,3.0,5.0,4.0,5.0,4.0,3.0,3.0,4.33,2.66,1.66,3.66,4.67,3.67,4.67,3.67,4.33,3.66,2.16,4.16,4.17,4.0
2164,4.0,4.0,4.0,4.0,4.0,4.0,5.0,5.0,6.0,6.0,5.0,4.0,5.0,5.0,4.0,5.0,4.0,5.0,6.0,6.0,6.0,5.0,6.0,6.0,7.0,7.0,6.0,7.0,7.0,7.0,4.0,4.0,5.34,5.01,4.34,5.01,6.0,5.67,6.67,7.0,4.0,5.18,4.68,5.84,6.84
2165,6.0,5.0,5.0,6.0,5.0,4.0,6.0,6.0,7.0,7.0,6.0,6.0,5.0,6.0,5.0,4.0,5.0,6.0,5.0,6.0,6.0,6.0,6.0,6.0,7.0,7.0,7.0,7.0,7.0,7.0,5.34,5.0,6.34,6.35,5.02,5.36,5.67,6.0,7.0,7.0,5.17,6.34,5.19,5.84,7.0
2166,4.0,5.0,3.0,4.0,3.0,4.0,2.0,1.0,3.0,3.0,2.0,2.0,4.0,5.0,3.0,4.0,3.0,4.0,4.0,5.0,4.0,4.0,4.0,5.0,1.0,2.0,2.0,3.0,2.0,2.0,3.34,4.34,2.33,1.99,3.33,4.34,4.0,4.67,1.67,2.33,3.84,2.16,3.84,4.34,2.0
2167,6.0,7.0,7.0,7.0,7.0,7.0,4.0,3.0,5.0,4.0,4.0,3.0,3.0,3.0,2.0,3.0,3.0,3.0,6.0,7.0,5.0,7.0,6.0,7.0,5.0,5.0,5.0,5.0,5.0,6.0,6.66,7.0,4.34,3.33,2.67,3.0,5.67,7.0,5.0,5.33,6.83,3.84,2.84,6.34,5.16
2168,5.0,4.0,3.0,5.0,3.0,5.0,3.0,4.0,3.0,3.0,4.0,4.0,3.0,3.0,3.0,3.0,3.0,3.0,5.0,6.0,5.0,6.0,5.0,6.0,5.0,5.0,4.0,4.0,5.0,6.0,3.68,4.66,3.33,3.67,3.0,3.0,5.0,6.0,4.67,5.0,4.17,3.5,3.0,5.5,4.84
2169,3.0,3.0,4.0,5.0,4.0,5.0,2.0,2.0,3.0,3.0,2.0,4.0,4.0,4.0,5.0,5.0,3.0,4.0,4.0,4.0,4.0,5.0,3.0,5.0,3.0,3.0,2.0,3.0,2.0,2.0,3.66,4.33,2.33,3.0,4.0,4.34,3.67,4.67,2.33,2.67,4.0,2.66,4.17,4.17,2.5
2170,4.0,4.0,4.0,4.0,3.0,4.0,5.0,4.0,5.0,6.0,5.0,4.0,3.0,3.0,3.0,3.0,3.0,3.0,7.0,7.0,6.0,7.0,7.0,7.0,5.0,6.0,5.0,6.0,6.0,6.0,3.67,4.0,5.0,4.67,3.0,3.0,6.67,7.0,5.33,6.0,3.84,4.84,3.0,6.84,5.66
2171,6.0,6.0,7.0,7.0,6.0,7.0,4.0,4.0,4.0,3.0,4.0,3.0,5.0,5.0,5.0,5.0,5.0,5.0,6.0,6.0,4.0,4.0,6.0,6.0,2.0,3.0,2.0,2.0,3.0,3.0,6.34,6.67,4.0,3.33,5.02,5.01,5.34,5.33,2.33,2.67,6.5,3.66,5.01,5.34,2.5
2172,1.0,1.0,1.0,1.0,1.0,1.0,3.0,3.0,3.0,4.0,5.0,5.0,3.0,3.0,3.0,3.0,2.0,3.0,4.0,4.0,4.0,3.0,3.0,5.0,6.0,7.0,6.0,6.0,7.0,7.0,1.0,1.0,3.66,4.0,2.65,3.0,3.67,4.0,6.33,6.67,1.0,3.83,2.82,3.84,6.5
2173,4.0,4.0,5.0,5.0,5.0,6.0,3.0,4.0,4.0,4.0,4.0,3.0,1.0,1.0,1.0,2.0,1.0,2.0,1.0,2.0,1.0,2.0,2.0,2.0,1.0,2.0,1.0,2.0,1.0,2.0,4.66,5.0,3.66,3.67,1.0,1.66,1.33,2.0,1.0,2.0,4.83,3.66,1.33,1.66,1.5
2174,2.0,2.0,3.0,3.0,2.0,3.0,5.0,5.0,5.0,4.0,5.0,5.0,2.0,3.0,2.0,2.0,2.0,1.0,4.0,4.0,3.0,4.0,4.0,5.0,6.0,6.0,6.0,6.0,6.0,6.0,2.33,2.66,5.0,4.67,2.0,1.98,3.67,4.33,6.0,6.0,2.5,4.84,1.99,4.0,6.0
2175,4.0,4.0,4.0,5.0,4.0,5.0,6.0,6.0,6.0,6.0,6.0,5.0,1.0,1.0,1.0,1.0,1.0,1.0,4.0,4.0,4.0,4.0,5.0,6.0,5.0,6.0,5.0,6.0,6.0,6.0,4.0,4.66,6.01,5.68,1.0,1.0,4.33,4.67,5.33,6.0,4.33,5.84,1.0,4.5,5.66
2176,2.0,3.0,1.0,2.0,1.0,2.0,1.0,1.0,1.0,1.0,1.0,1.0,3.0,3.0,3.0,3.0,1.0,3.0,1.0,1.0,1.0,1.0,1.0,1.0,2.0,3.0,2.0,3.0,2.0,3.0,1.34,2.34,1.0,1.0,2.31,3.0,1.0,1.0,2.0,3.0,1.84,1.0,2.66,1.0,2.5
2177,3.0,5.0,2.0,3.0,2.0,3.0,4.0,4.0,5.0,4.0,5.0,4.0,1.0,1.0,1.0,1.0,1.0,1.0,4.0,4.0,4.0,4.0,4.0,4.0,2.0,4.0,3.0,4.0,2.0,4.0,2.34,3.67,4.67,4.0,1.0,1.0,4.0,4.0,2.33,4.0,3.0,4.34,1.0,4.0,3.16
2178,1.0,1.0,1.0,1.0,1.0,2.0,4.0,3.0,3.0,2.0,4.0,4.0,1.0,1.0,1.0,2.0,1.0,1.0,3.0,4.0,3.0,4.0,2.0,4.0,3.0,3.0,3.0,3.0,2.0,3.0,1.0,1.33,3.67,3.0,1.0,1.32,2.67,4.0,2.67,3.0,1.16,3.34,1.16,3.34,2.84
2179,3.0,4.0,4.0,4.0,3.0,4.0,2.0,2.0,4.0,3.0,2.0,2.0,3.0,4.0,3.0,4.0,2.0,4.0,2.0,3.0,2.0,3.0,2.0,4.0,2.0,3.0,1.0,3.0,2.0,3.0,3.33,4.0,2.66,2.33,2.65,4.01,2.0,3.33,1.67,3.0,3.66,2.5,3.33,2.66,2.34
2180,3.0,3.0,4.0,4.0,3.0,4.0,5.0,4.0,5.0,4.0,5.0,4.0,7.0,7.0,7.0,7.0,7.0,7.0,5.0,6.0,6.0,6.0,5.0,6.0,3.0,4.0,3.0,4.0,3.0,3.0,3.33,3.66,5.0,4.0,7.0,7.0,5.33,6.0,3.0,3.67,3.5,4.5,7.0,5.66,3.34
2181,1.0,2.0,2.0,1.0,2.0,2.0,2.0,2.0,2.0,2.0,3.0,3.0,2.0,2.0,1.0,2.0,1.0,1.0,4.0,4.0,3.0,4.0,3.0,5.0,2.0,3.0,2.0,3.0,2.0,3.0,1.66,1.67,2.32,2.33,1.31,1.65,3.33,4.33,2.0,3.0,1.66,2.33,1.48,3.83,2.5
2182,3.0,3.0,3.0,3.0,3.0,5.0,7.0,7.0,7.0,6.0,7.0,7.0,5.0,5.0,5.0,4.0,4.0,4.0,3.0,3.0,2.0,2.0,2.0,4.0,2.0,3.0,3.0,4.0,2.0,4.0,3.0,3.66,7.0,6.68,4.67,4.34,2.33,3.0,2.33,3.67,3.33,6.84,4.5,2.66,3.0
2183,5.0,7.0,6.0,6.0,7.0,7.0,2.0,2.0,2.0,2.0,3.0,2.0,5.0,6.0,5.0,5.0,4.0,4.0,1.0,3.0,1.0,3.0,2.0,3.0,4.0,6.0,5.0,6.0,5.0,5.0,5.99,6.67,2.32,1.99,4.67,5.0,1.33,3.0,4.67,5.67,6.33,2.15,4.84,2.16,5.17
2184,2.0,5.0,4.0,3.0,4.0,4.0,1.0,2.0,3.0,2.0,2.0,2.0,4.0,4.0,3.0,4.0,3.0,3.0,5.0,5.0,5.0,6.0,5.0,6.0,2.0,3.0,2.0,4.0,3.0,3.0,3.33,4.0,1.99,1.99,3.33,3.66,5.0,5.67,2.33,3.33,3.66,1.99,3.5,5.34,2.83
2185,1.0,1.0,1.0,1.0,1.0,1.0,5.0,5.0,6.0,6.0,5.0,5.0,2.0,2.0,2.0,3.0,1.0,2.0,4.0,4.0,3.0,4.0,2.0,3.0,3.0,4.0,3.0,4.0,3.0,4.0,1.0,1.0,5.34,5.34,1.65,2.32,3.0,3.67,3.0,4.0,1.0,5.34,1.98,3.34,3.5
2186,4.0,4.0,4.0,4.0,4.0,3.0,4.0,4.0,4.0,4.0,5.0,4.0,2.0,2.0,2.0,4.0,2.0,2.0,3.0,4.0,3.0,3.0,4.0,4.0,6.0,6.0,6.0,6.0,5.0,7.0,4.0,3.67,4.33,4.0,2.0,2.66,3.33,3.67,5.67,6.33,3.84,4.16,2.33,3.5,6.0
2187,2.0,3.0,2.0,2.0,2.0,2.0,3.0,3.0,4.0,3.0,4.0,2.0,3.0,2.0,3.0,4.0,2.0,3.0,3.0,5.0,3.0,4.0,4.0,4.0,2.0,3.0,3.0,4.0,2.0,4.0,2.0,2.34,3.66,2.66,2.65,3.0,3.33,4.33,2.33,3.67,2.17,3.16,2.82,3.83,3.0
2188,3.0,2.0,2.0,3.0,2.0,3.0,3.0,4.0,4.0,4.0,4.0,3.0,1.0,1.0,1.0,1.0,1.0,1.0,2.0,3.0,1.0,2.0,3.0,4.0,2.0,3.0,2.0,3.0,3.0,3.0,2.34,2.66,3.66,3.67,1.0,1.0,2.0,3.0,2.33,3.0,2.5,3.66,1.0,2.5,2.66
2189,1.0,1.0,1.0,1.0,1.0,1.0,2.0,2.0,3.0,3.0,2.0,2.0,1.0,1.0,1.0,1.0,1.0,1.0,4.0,5.0,5.0,5.0,5.0,6.0,2.0,4.0,3.0,3.0,3.0,4.0,1.0,1.0,2.33,2.33,1.0,1.0,4.67,5.33,2.67,3.67,1.0,2.33,1.0,5.0,3.17
2190,1.0,1.0,1.0,1.0,1.0,1.0,4.0,3.0,4.0,4.0,4.0,4.0,1.0,2.0,2.0,2.0,1.0,2.0,2.0,3.0,3.0,4.0,3.0,4.0,1.0,2.0,1.0,1.0,1.0,1.0,1.0,1.0,4.0,3.67,1.32,1.99,2.67,3.67,1.0,1.33,1.0,3.84,1.66,3.17,1.16
2191,2.0,3.0,2.0,3.0,3.0,3.0,4.0,3.0,4.0,4.0,4.0,4.0,5.0,5.0,5.0,5.0,5.0,5.0,6.0,6.0,5.0,6.0,5.0,6.0,2.0,3.0,2.0,3.0,2.0,4.0,2.33,3.0,4.0,3.67,5.02,5.01,5.33,6.0,2.0,3.33,2.66,3.84,5.01,5.66,2.66
2192,1.0,1.0,1.0,1.0,1.0,1.0,5.0,4.0,5.0,4.0,5.0,5.0,3.0,3.0,2.0,3.0,3.0,3.0,2.0,2.0,3.0,3.0,2.0,3.0,3.0,3.0,3.0,4.0,2.0,3.0,1.0,1.0,5.0,4.34,2.67,3.0,2.33,2.67,2.67,3.33,1.0,4.67,2.84,2.5,3.0
2193,4.0,5.0,4.0,4.0,4.0,5.0,5.0,4.0,5.0,3.0,4.0,4.0,3.0,4.0,3.0,4.0,4.0,4.0,3.0,3.0,3.0,3.0,3.0,4.0,2.0,3.0,2.0,3.0,2.0,3.0,4.0,4.67,4.67,3.67,3.35,4.01,3.0,3.33,2.0,3.0,4.34,4.17,3.68,3.16,2.5
2194,2.0,2.0,2.0,2.0,2.0,2.0,2.0,1.0,1.0,1.0,2.0,1.0,1.0,2.0,1.0,2.0,1.0,2.0,4.0,4.0,5.0,5.0,4.0,5.0,5.0,6.0,5.0,6.0,5.0,7.0,2.0,2.0,1.66,1.0,1.0,1.99,4.33,4.67,5.0,6.33,2.0,1.33,1.5,4.5,5.66
2195,1.0,2.0,1.0,2.0,1.0,2.0,4.0,4.0,4.0,3.0,5.0,5.0,5.0,5.0,4.0,6.0,4.0,5.0,1.0,2.0,2.0,3.0,2.0,2.0,1.0,2.0,1.0,2.0,2.0,2.0,1.0,2.0,4.33,4.0,4.34,5.35,1.67,2.33,1.33,2.0,1.5,4.16,4.84,2.0,1.66
2196,3.0,4.0,3.0,3.0,3.0,4.0,3.0,3.0,4.0,3.0,3.0,3.0,3.0,3.0,4.0,4.0,4.0,4.0,5.0,6.0,4.0,5.0,5.0,6.0,3.0,4.0,3.0,4.0,3.0,5.0,3.0,3.67,3.33,3.0,3.69,3.67,4.67,5.67,3.0,4.33,3.34,3.16,3.68,5.17,3.66
2197,6.0,5.0,5.0,6.0,5.0,5.0,1.0,1.0,1.0,1.0,2.0,1.0,2.0,2.0,2.0,3.0,2.0,3.0,3.0,4.0,3.0,4.0,3.0,4.0,2.0,3.0,2.0,2.0,2.0,3.0,5.34,5.33,1.32,1.0,2.0,2.67,3.0,4.0,2.0,2.67,5.34,1.16,2.34,3.5,2.34
2198,7.0,7.0,7.0,7.0,7.0,7.0,4.0,4.0,4.0,4.0,4.0,4.0,3.0,4.0,4.0,4.0,3.0,3.0,6.0,6.0,5.0,6.0,6.0,6.0,1.0,2.0,1.0,1.0,1.0,1.0,7.0,7.0,4.0,4.0,3.34,3.66,5.67,6.0,1.0,1.33,7.0,4.0,3.5,5.84,1.16
2199,5.0,5.0,4.0,5.0,5.0,5.0,7.0,6.0,7.0,7.0,6.0,7.0,4.0,5.0,5.0,4.0,3.0,3.0,4.0,5.0,4.0,5.0,4.0,6.0,6.0,7.0,6.0,7.0,6.0,7.0,4.67,5.0,6.68,6.68,4.0,4.0,4.0,5.33,6.0,7.0,4.84,6.68,4.0,4.66,6.5
2200,1.0,1.0,1.0,1.0,1.0,1.0,1.0,1.0,1.0,1.0,1.0,1.0,2.0,3.0,3.0,3.0,2.0,3.0,1.0,2.0,2.0,2.0,1.0,2.0,2.0,1.0,1.0,2.0,2.0,3.0,1.0,1.0,1.0,1.0,2.33,3.0,1.33,2.0,1.67,2.0,1.0,1.0,2.66,1.66,1.84
2201,2.0,2.0,2.0,2.0,2.0,2.0,4.0,4.0,4.0,5.0,3.0,5.0,6.0,6.0,4.0,6.0,4.0,6.0,6.0,7.0,6.0,6.0,6.0,6.0,4.0,4.0,3.0,5.0,4.0,4.0,2.0,2.0,3.67,4.67,4.67,6.02,6.0,6.33,3.67,4.33,2.0,4.17,5.34,6.16,4.0
2202,4.0,3.0,4.0,4.0,5.0,5.0,4.0,3.0,3.0,3.0,4.0,4.0,1.0,1.0,1.0,2.0,1.0,1.0,1.0,2.0,1.0,2.0,1.0,1.0,4.0,5.0,3.0,4.0,4.0,5.0,4.33,3.99,3.67,3.33,1.0,1.32,1.0,1.67,3.67,4.67,4.16,3.5,1.16,1.34,4.17
2203,1.0,1.0,1.0,1.0,1.0,1.0,6.0,5.0,6.0,6.0,6.0,6.0,4.0,4.0,3.0,3.0,2.0,2.0,1.0,1.0,1.0,1.0,1.0,1.0,4.0,4.0,2.0,4.0,3.0,4.0,1.0,1.0,6.01,5.68,2.98,2.99,1.0,1.0,3.0,4.0,1.0,5.84,2.99,1.0,3.5
2204,1.0,2.0,1.0,1.0,2.0,2.0,6.0,5.0,6.0,5.0,6.0,5.0,5.0,6.0,5.0,6.0,5.0,5.0,4.0,4.0,4.0,5.0,3.0,4.0,5.0,7.0,5.0,6.0,6.0,7.0,1.33,1.67,6.01,5.01,5.02,5.68,3.67,4.33,5.33,6.67,1.5,5.51,5.35,4.0,6.0
2205,4.0,5.0,4.0,6.0,4.0,5.0,4.0,4.0,5.0,4.0,5.0,5.0,1.0,1.0,1.0,1.0,1.0,1.0,4.0,5.0,4.0,5.0,4.0,6.0,3.0,4.0,2.0,5.0,3.0,4.0,4.0,5.33,4.67,4.34,1.0,1.0,4.0,5.33,2.67,4.33,4.66,4.5,1.0,4.66,3.5
2206,7.0,7.0,7.0,7.0,7.0,7.0,7.0,7.0,7.0,7.0,7.0,7.0,3.0,4.0,3.0,4.0,3.0,2.0,5.0,4.0,4.0,6.0,4.0,5.0,4.0,5.0,4.0,5.0,5.0,5.0,7.0,7.0,7.0,7.0,3.0,3.32,4.33,5.0,4.33,5.0,7.0,7.0,3.16,4.66,4.66
2207,2.0,2.0,2.0,3.0,3.0,3.0,4.0,4.0,5.0,6.0,5.0,5.0,6.0,6.0,5.0,5.0,4.0,4.0,6.0,6.0,5.0,6.0,6.0,7.0,2.0,3.0,2.0,4.0,3.0,3.0,2.33,2.66,4.67,5.01,5.0,5.0,5.67,6.33,2.33,3.33,2.5,4.84,5.0,6.0,2.83
2208,4.0,5.0,5.0,6.0,5.0,5.0,5.0,4.0,5.0,5.0,4.0,4.0,1.0,1.0,1.0,1.0,1.0,1.0,5.0,7.0,5.0,6.0,5.0,6.0,5.0,5.0,5.0,6.0,4.0,5.0,4.66,5.33,4.67,4.34,1.0,1.0,5.0,6.33,4.67,5.33,5.0,4.5,1.0,5.66,5.0
2209,1.0,1.0,1.0,2.0,1.0,1.0,6.0,5.0,5.0,5.0,6.0,5.0,1.0,2.0,1.0,1.0,1.0,2.0,2.0,3.0,3.0,3.0,3.0,4.0,2.0,3.0,1.0,2.0,2.0,2.0,1.0,1.33,5.67,5.01,1.0,1.66,2.67,3.33,1.67,2.33,1.16,5.34,1.33,3.0,2.0
2210,4.0,6.0,5.0,6.0,5.0,5.0,4.0,4.0,5.0,5.0,4.0,3.0,5.0,5.0,4.0,5.0,4.0,3.0,4.0,4.0,3.0,4.0,4.0,4.0,3.0,4.0,3.0,5.0,4.0,5.0,4.66,5.67,4.34,4.0,4.34,4.33,3.67,4.0,3.33,4.67,5.16,4.17,4.34,3.84,4.0
2211,2.0,2.0,2.0,3.0,1.0,3.0,4.0,4.0,5.0,4.0,5.0,4.0,5.0,6.0,5.0,6.0,4.0,5.0,4.0,4.0,3.0,3.0,2.0,4.0,4.0,5.0,3.0,4.0,4.0,5.0,1.67,2.66,4.67,4.0,4.67,5.68,3.0,3.67,3.67,4.67,2.16,4.34,5.18,3.34,4.17
2212,6.0,6.0,6.0,5.0,6.0,7.0,7.0,3.0,7.0,7.0,7.0,7.0,3.0,5.0,3.0,4.0,2.0,4.0,4.0,4.0,4.0,6.0,4.0,6.0,4.0,5.0,4.0,5.0,4.0,5.0,6.0,6.0,7.0,5.67,2.65,4.34,4.0,5.33,4.0,5.0,6.0,6.34,3.5,4.66,4.5
2213,1.0,1.0,1.0,1.0,1.0,1.0,3.0,4.0,5.0,5.0,5.0,4.0,1.0,1.0,1.0,1.0,1.0,1.0,2.0,2.0,2.0,2.0,2.0,3.0,3.0,3.0,3.0,3.0,3.0,3.0,1.0,1.0,4.33,4.34,1.0,1.0,2.0,2.33,3.0,3.0,1.0,4.34,1.0,2.16,3.0
2214,5.0,5.0,4.0,4.0,4.0,5.0,5.0,5.0,6.0,5.0,6.0,4.0,3.0,3.0,3.0,3.0,2.0,2.0,4.0,6.0,5.0,5.0,4.0,6.0,3.0,4.0,3.0,4.0,4.0,5.0,4.34,4.67,5.67,4.67,2.65,2.66,4.33,5.67,3.33,4.33,4.5,5.17,2.66,5.0,3.83
2215,4.0,4.0,3.0,4.0,3.0,4.0,4.0,4.0,5.0,4.0,5.0,5.0,2.0,2.0,3.0,3.0,2.0,3.0,4.0,5.0,4.0,5.0,5.0,5.0,3.0,3.0,3.0,3.0,2.0,3.0,3.34,4.0,4.67,4.34,2.33,2.67,4.33,5.0,2.67,3.0,3.67,4.5,2.5,4.66,2.84
2216,1.0,2.0,1.0,1.0,2.0,2.0,1.0,1.0,3.0,3.0,2.0,2.0,7.0,6.0,6.0,6.0,5.0,6.0,6.0,6.0,5.0,6.0,5.0,6.0,2.0,3.0,2.0,3.0,2.0,3.0,1.33,1.67,1.99,1.99,6.01,6.02,5.33,6.0,2.0,3.0,1.5,1.99,6.02,5.66,2.5
2217,1.0,1.0,1.0,1.0,1.0,1.0,1.0,1.0,3.0,2.0,2.0,2.0,1.0,2.0,1.0,1.0,1.0,1.0,2.0,2.0,2.0,3.0,2.0,3.0,4.0,5.0,5.0,6.0,5.0,6.0,1.0,1.0,1.99,1.66,1.0,1.32,2.0,2.67,4.67,5.67,1.0,1.82,1.16,2.34,5.17
2218,5.0,5.0,5.0,5.0,6.0,6.0,6.0,5.0,5.0,5.0,5.0,5.0,5.0,5.0,5.0,5.0,3.0,4.0,6.0,6.0,6.0,7.0,7.0,7.0,6.0,7.0,5.0,7.0,6.0,7.0,5.33,5.33,5.34,5.01,4.32,4.67,6.33,6.67,5.67,7.0,5.33,5.18,4.5,6.5,6.34
2219,2.0,3.0,3.0,4.0,2.0,3.0,4.0,3.0,4.0,4.0,4.0,3.0,1.0,1.0,1.0,1.0,1.0,1.0,3.0,3.0,3.0,3.0,3.0,3.0,3.0,4.0,3.0,3.0,3.0,5.0,2.33,3.33,4.0,3.33,1.0,1.0,3.0,3.0,3.0,4.0,2.83,3.66,1.0,3.0,3.5
2220,6.0,6.0,3.0,6.0,5.0,6.0,7.0,6.0,7.0,7.0,7.0,6.0,7.0,7.0,7.0,7.0,6.0,7.0,5.0,6.0,5.0,5.0,5.0,6.0,5.0,6.0,5.0,6.0,6.0,6.0,4.67,6.0,7.0,6.35,6.69,7.0,5.0,5.67,5.33,6.0,5.34,6.68,6.85,5.34,5.66
2221,1.0,2.0,1.0,2.0,2.0,3.0,5.0,4.0,5.0,4.0,5.0,5.0,3.0,4.0,3.0,4.0,3.0,4.0,3.0,4.0,3.0,3.0,4.0,4.0,2.0,3.0,2.0,2.0,2.0,3.0,1.33,2.33,5.0,4.34,3.0,4.01,3.33,3.67,2.0,2.67,1.83,4.67,3.5,3.5,2.34
2222,5.0,4.0,6.0,5.0,4.0,4.0,4.0,4.0,6.0,6.0,5.0,6.0,2.0,2.0,1.0,2.0,1.0,2.0,2.0,3.0,3.0,4.0,3.0,4.0,1.0,1.0,1.0,1.0,1.0,2.0,5.01,4.33,5.0,5.34,1.31,1.99,2.67,3.67,1.0,1.33,4.67,5.17,1.65,3.17,1.16
2223,4.0,5.0,4.0,5.0,5.0,5.0,2.0,3.0,3.0,2.0,3.0,2.0,5.0,6.0,4.0,5.0,4.0,4.0,2.0,2.0,2.0,3.0,2.0,3.0,1.0,1.0,1.0,2.0,1.0,1.0,4.33,5.0,2.66,2.33,4.34,5.0,2.0,2.67,1.0,1.33,4.66,2.5,4.67,2.34,1.16
2224,2.0,4.0,3.0,4.0,3.0,4.0,2.0,1.0,3.0,2.0,2.0,2.0,5.0,5.0,3.0,6.0,5.0,5.0,6.0,7.0,6.0,6.0,6.0,7.0,3.0,5.0,3.0,5.0,3.0,4.0,2.66,4.0,2.33,1.66,4.36,5.35,6.0,6.67,3.0,4.67,3.33,2.0,4.86,6.34,3.84
2225,3.0,3.0,2.0,2.0,3.0,4.0,3.0,1.0,4.0,4.0,2.0,2.0,5.0,6.0,4.0,5.0,4.0,5.0,4.0,5.0,3.0,4.0,4.0,5.0,2.0,4.0,3.0,4.0,2.0,2.0,2.67,3.0,3.0,2.32,4.34,5.35,3.67,4.67,2.33,3.33,2.84,2.66,4.84,4.17,2.83
2226,1.0,2.0,1.0,1.0,1.0,1.0,1.0,1.0,2.0,2.0,2.0,2.0,3.0,3.0,3.0,4.0,2.0,3.0,3.0,4.0,2.0,3.0,3.0,3.0,2.0,3.0,1.0,2.0,2.0,2.0,1.0,1.34,1.66,1.66,2.65,3.33,2.67,3.33,1.67,2.33,1.17,1.66,2.99,3.0,2.0
2227,2.0,2.0,2.0,2.0,1.0,2.0,4.0,3.0,4.0,4.0,4.0,3.0,7.0,7.0,6.0,7.0,6.0,6.0,5.0,6.0,5.0,6.0,5.0,6.0,2.0,3.0,3.0,4.0,3.0,3.0,1.67,2.0,4.0,3.33,6.36,6.69,5.0,6.0,2.67,3.33,1.84,3.66,6.52,5.5,3.0
2228,4.0,4.0,4.0,4.0,3.0,4.0,6.0,6.0,7.0,7.0,7.0,7.0,6.0,6.0,6.0,6.0,5.0,6.0,6.0,7.0,7.0,7.0,7.0,7.0,5.0,5.0,5.0,6.0,5.0,5.0,3.67,4.0,6.68,6.68,5.68,6.02,6.67,7.0,5.0,5.33,3.84,6.68,5.85,6.84,5.16
2229,3.0,4.0,3.0,4.0,3.0,2.0,5.0,4.0,5.0,5.0,6.0,5.0,2.0,2.0,2.0,3.0,1.0,1.0,1.0,1.0,1.0,2.0,2.0,1.0,3.0,3.0,3.0,4.0,3.0,4.0,3.0,3.34,5.34,4.67,1.65,1.98,1.33,1.33,3.0,3.67,3.17,5.0,1.82,1.33,3.34
2230,2.0,3.0,3.0,4.0,3.0,3.0,6.0,5.0,6.0,5.0,6.0,5.0,3.0,3.0,3.0,4.0,3.0,4.0,5.0,6.0,5.0,5.0,5.0,5.0,2.0,3.0,2.0,2.0,3.0,4.0,2.66,3.33,6.01,5.01,3.0,3.67,5.0,5.33,2.33,3.0,3.0,5.51,3.34,5.16,2.66
2231,1.0,1.0,1.0,1.0,1.0,1.0,5.0,5.0,5.0,5.0,5.0,5.0,2.0,4.0,4.0,4.0,3.0,4.0,5.0,6.0,6.0,6.0,5.0,6.0,3.0,4.0,4.0,5.0,3.0,5.0,1.0,1.0,5.0,5.01,3.01,4.01,5.33,6.0,3.33,4.67,1.0,5.0,3.51,5.66,4.0
2232,3.0,4.0,3.0,4.0,2.0,3.0,3.0,3.0,4.0,4.0,4.0,4.0,4.0,4.0,5.0,6.0,4.0,4.0,4.0,4.0,4.0,4.0,3.0,4.0,2.0,2.0,2.0,2.0,2.0,3.0,2.67,3.67,3.66,3.67,4.35,4.67,3.67,4.0,2.0,2.33,3.17,3.66,4.51,3.84,2.16
2233,1.0,1.0,1.0,1.0,1.0,1.0,3.0,2.0,3.0,3.0,3.0,3.0,3.0,3.0,2.0,2.0,1.0,2.0,4.0,5.0,4.0,6.0,4.0,6.0,3.0,3.0,3.0,3.0,3.0,4.0,1.0,1.0,3.0,2.66,1.97,2.32,4.0,5.67,3.0,3.33,1.0,2.83,2.14,4.84,3.16
2234,3.0,4.0,4.0,3.0,4.0,5.0,6.0,5.0,5.0,5.0,5.0,5.0,4.0,4.0,3.0,3.0,2.0,2.0,3.0,3.0,4.0,4.0,3.0,4.0,4.0,5.0,4.0,5.0,4.0,5.0,3.66,4.0,5.34,5.01,2.98,2.99,3.33,3.67,4.0,5.0,3.83,5.18,2.99,3.5,4.5
2235,1.0,1.0,1.0,1.0,1.0,1.0,4.0,4.0,4.0,4.0,5.0,4.0,3.0,5.0,3.0,4.0,3.0,4.0,6.0,7.0,6.0,7.0,7.0,7.0,4.0,5.0,5.0,5.0,5.0,6.0,1.0,1.0,4.33,4.0,3.0,4.34,6.33,7.0,4.67,5.33,1.0,4.16,3.67,6.66,5.0
2236,6.0,7.0,7.0,7.0,7.0,7.0,2.0,3.0,3.0,4.0,3.0,3.0,5.0,5.0,5.0,5.0,6.0,5.0,6.0,7.0,6.0,7.0,6.0,7.0,7.0,7.0,7.0,7.0,7.0,7.0,6.66,7.0,2.66,3.33,5.37,5.01,6.0,7.0,7.0,7.0,6.83,3.0,5.19,6.5,7.0
2237,4.0,4.0,4.0,6.0,4.0,6.0,6.0,6.0,6.0,6.0,6.0,6.0,5.0,6.0,5.0,5.0,5.0,6.0,6.0,7.0,6.0,6.0,6.0,6.0,5.0,6.0,6.0,6.0,5.0,6.0,4.0,5.33,6.01,6.01,5.02,5.69,6.0,6.33,5.33,6.0,4.66,6.01,5.36,6.16,5.66
2238,3.0,3.0,2.0,3.0,2.0,3.0,3.0,3.0,3.0,2.0,3.0,3.0,4.0,3.0,2.0,4.0,3.0,2.0,5.0,6.0,5.0,5.0,5.0,6.0,3.0,4.0,3.0,4.0,3.0,5.0,2.34,3.0,3.0,2.66,3.0,2.99,5.0,5.67,3.0,4.33,2.67,2.83,3.0,5.34,3.66
2239,2.0,1.0,2.0,3.0,1.0,2.0,4.0,3.0,5.0,4.0,4.0,4.0,7.0,6.0,7.0,7.0,7.0,6.0,6.0,6.0,6.0,7.0,6.0,5.0,6.0,7.0,6.0,7.0,6.0,7.0,1.67,2.0,4.34,3.67,7.0,6.35,6.0,6.0,6.0,7.0,1.84,4.0,6.68,6.0,6.5
2240,2.0,2.0,2.0,2.0,2.0,3.0,7.0,6.0,7.0,7.0,7.0,7.0,2.0,1.0,1.0,2.0,1.0,1.0,3.0,4.0,3.0,4.0,3.0,4.0,2.0,3.0,2.0,2.0,1.0,2.0,2.0,2.33,7.0,6.68,1.31,1.32,3.0,4.0,1.67,2.33,2.16,6.84,1.32,3.5,2.0
2241,3.0,3.0,2.0,2.0,2.0,2.0,6.0,5.0,6.0,5.0,6.0,5.0,3.0,3.0,4.0,3.0,3.0,3.0,3.0,4.0,3.0,4.0,3.0,5.0,1.0,1.0,1.0,1.0,1.0,1.0,2.34,2.34,6.01,5.01,3.34,3.0,3.0,4.33,1.0,1.0,2.34,5.51,3.17,3.66,1.0
2242,1.0,1.0,1.0,1.0,1.0,1.0,5.0,5.0,7.0,5.0,7.0,6.0,5.0,4.0,5.0,5.0,5.0,5.0,4.0,5.0,4.0,4.0,4.0,5.0,3.0,4.0,4.0,4.0,4.0,5.0,1.0,1.0,6.34,5.34,5.02,4.68,4.0,4.67,3.67,4.33,1.0,5.84,4.85,4.34,4.0
2243,4.0,5.0,5.0,5.0,5.0,6.0,4.0,3.0,5.0,4.0,4.0,4.0,7.0,7.0,6.0,7.0,6.0,7.0,7.0,7.0,6.0,7.0,7.0,7.0,6.0,6.0,5.0,6.0,5.0,6.0,4.66,5.33,4.34,3.67,6.36,7.0,6.67,7.0,5.33,6.0,5.0,4.0,6.68,6.84,5.66
2244,1.0,2.0,1.0,2.0,1.0,1.0,3.0,2.0,2.0,2.0,2.0,2.0,5.0,5.0,4.0,5.0,4.0,4.0,3.0,4.0,3.0,4.0,4.0,4.0,2.0,4.0,3.0,5.0,4.0,4.0,1.0,1.67,2.33,1.99,4.34,4.67,3.33,4.0,3.0,4.33,1.34,2.16,4.5,3.66,3.66
2245,5.0,5.0,5.0,6.0,5.0,6.0,5.0,5.0,6.0,6.0,5.0,5.0,1.0,1.0,1.0,1.0,1.0,1.0,7.0,7.0,6.0,7.0,7.0,7.0,7.0,7.0,7.0,7.0,7.0,7.0,5.0,5.66,5.34,5.34,1.0,1.0,6.67,7.0,7.0,7.0,5.33,5.34,1.0,6.84,7.0
2246,3.0,4.0,3.0,2.0,3.0,4.0,6.0,5.0,6.0,6.0,6.0,5.0,2.0,3.0,2.0,3.0,2.0,3.0,4.0,5.0,4.0,4.0,4.0,5.0,5.0,6.0,5.0,6.0,6.0,4.0,3.0,3.33,6.01,5.34,2.0,3.0,4.0,4.67,5.33,5.33,3.16,5.68,2.5,4.34,5.33
2247,4.0,6.0,6.0,6.0,6.0,6.0,4.0,4.0,5.0,4.0,5.0,4.0,4.0,5.0,5.0,4.0,3.0,4.0,7.0,7.0,7.0,7.0,7.0,7.0,4.0,5.0,4.0,6.0,5.0,6.0,5.33,6.0,4.67,4.0,4.0,4.34,7.0,7.0,4.33,5.67,5.66,4.34,4.17,7.0,5.0
2248,3.0,4.0,2.0,4.0,2.0,3.0,2.0,2.0,2.0,3.0,3.0,3.0,4.0,4.0,3.0,4.0,3.0,4.0,3.0,3.0,2.0,3.0,3.0,4.0,1.0,3.0,1.0,2.0,2.0,3.0,2.34,3.67,2.32,2.66,3.33,4.01,2.67,3.33,1.33,2.67,3.0,2.49,3.67,3.0,2.0
2249,2.0,2.0,2.0,2.0,2.0,3.0,3.0,3.0,4.0,4.0,3.0,3.0,4.0,4.0,2.0,3.0,3.0,3.0,5.0,5.0,3.0,5.0,4.0,5.0,4.0,5.0,5.0,5.0,4.0,5.0,2.0,2.33,3.33,3.33,3.0,3.33,4.0,5.0,4.33,5.0,2.16,3.33,3.16,4.5,4.66
2250,6.0,6.0,5.0,5.0,6.0,7.0,5.0,4.0,5.0,4.0,5.0,5.0,4.0,5.0,5.0,5.0,4.0,4.0,4.0,4.0,4.0,5.0,4.0,4.0,1.0,1.0,1.0,2.0,1.0,1.0,5.67,6.0,5.0,4.34,4.35,4.67,4.0,4.33,1.0,1.33,5.84,4.67,4.51,4.16,1.16
2251,1.0,1.0,1.0,1.0,1.0,1.0,3.0,2.0,3.0,3.0,3.0,3.0,2.0,2.0,2.0,2.0,1.0,1.0,4.0,5.0,3.0,4.0,3.0,4.0,3.0,5.0,3.0,4.0,4.0,4.0,1.0,1.0,3.0,2.66,1.65,1.65,3.33,4.33,3.33,4.33,1.0,2.83,1.65,3.83,3.83
2252,1.0,1.0,1.0,1.0,1.0,1.0,5.0,5.0,5.0,4.0,5.0,4.0,6.0,6.0,7.0,7.0,5.0,6.0,5.0,6.0,6.0,6.0,5.0,6.0,2.0,4.0,2.0,3.0,2.0,2.0,1.0,1.0,5.0,4.34,6.01,6.35,5.33,6.0,2.0,3.0,1.0,4.67,6.18,5.66,2.5
2253,2.0,2.0,1.0,2.0,2.0,2.0,2.0,2.0,3.0,2.0,2.0,2.0,4.0,4.0,3.0,4.0,3.0,5.0,4.0,5.0,4.0,5.0,4.0,5.0,1.0,3.0,1.0,2.0,2.0,2.0,1.67,2.0,2.33,1.99,3.33,4.35,4.0,5.0,1.33,2.33,1.84,2.16,3.84,4.5,1.83
2254,1.0,1.0,1.0,1.0,1.0,1.0,1.0,1.0,1.0,1.0,1.0,1.0,1.0,1.0,1.0,1.0,2.0,2.0,3.0,3.0,3.0,3.0,3.0,3.0,1.0,2.0,1.0,1.0,2.0,2.0,1.0,1.0,1.0,1.0,1.34,1.33,3.0,3.0,1.33,1.67,1.0,1.0,1.34,3.0,1.5
2255,5.0,6.0,6.0,6.0,5.0,6.0,1.0,1.0,1.0,1.0,1.0,1.0,1.0,1.0,1.0,1.0,1.0,1.0,3.0,4.0,3.0,3.0,3.0,3.0,4.0,4.0,5.0,5.0,3.0,6.0,5.34,6.0,1.0,1.0,1.0,1.0,3.0,3.33,4.0,5.0,5.67,1.0,1.0,3.16,4.5
2256,3.0,6.0,6.0,7.0,7.0,7.0,5.0,6.0,6.0,5.0,7.0,5.0,1.0,2.0,1.0,1.0,1.0,1.0,1.0,2.0,1.0,1.0,1.0,2.0,3.0,5.0,3.0,5.0,4.0,4.0,5.32,6.67,6.01,5.34,1.0,1.32,1.0,1.67,3.33,4.67,6.0,5.68,1.16,1.34,4.0
2257,1.0,1.0,1.0,1.0,1.0,1.0,3.0,3.0,3.0,3.0,3.0,3.0,3.0,3.0,2.0,3.0,3.0,3.0,7.0,7.0,7.0,7.0,6.0,7.0,5.0,6.0,6.0,6.0,4.0,5.0,1.0,1.0,3.0,3.0,2.67,3.0,6.67,7.0,5.0,5.67,1.0,3.0,2.84,6.84,5.34
2258,4.0,4.0,4.0,6.0,4.0,5.0,5.0,4.0,5.0,4.0,5.0,5.0,4.0,4.0,4.0,4.0,4.0,4.0,3.0,3.0,3.0,3.0,3.0,3.0,4.0,4.0,4.0,5.0,4.0,5.0,4.0,5.0,5.0,4.34,4.01,4.01,3.0,3.0,4.0,4.67,4.5,4.67,4.01,3.0,4.34
2259,3.0,5.0,3.0,3.0,4.0,5.0,3.0,2.0,4.0,4.0,2.0,3.0,3.0,4.0,3.0,3.0,2.0,3.0,3.0,4.0,2.0,3.0,2.0,3.0,1.0,2.0,1.0,1.0,1.0,3.0,3.33,4.33,3.0,3.0,2.65,3.33,2.33,3.33,1.0,2.0,3.83,3.0,2.99,2.83,1.5
2260,4.0,5.0,5.0,5.0,4.0,5.0,3.0,2.0,2.0,3.0,2.0,2.0,2.0,3.0,3.0,3.0,2.0,2.0,4.0,4.0,3.0,4.0,4.0,4.0,7.0,7.0,6.0,7.0,6.0,7.0,4.33,5.0,2.33,2.33,2.33,2.66,3.67,4.0,6.33,7.0,4.66,2.33,2.5,3.84,6.66
2261,7.0,7.0,7.0,7.0,7.0,7.0,3.0,3.0,6.0,5.0,5.0,4.0,3.0,3.0,3.0,3.0,3.0,3.0,6.0,6.0,5.0,6.0,6.0,6.0,6.0,7.0,6.0,7.0,6.0,7.0,7.0,7.0,4.67,4.0,3.0,3.0,5.67,6.0,6.0,7.0,7.0,4.34,3.0,5.84,6.5
2262,2.0,3.0,2.0,2.0,2.0,3.0,5.0,5.0,6.0,6.0,6.0,5.0,3.0,3.0,3.0,3.0,4.0,4.0,1.0,2.0,1.0,2.0,1.0,2.0,5.0,6.0,6.0,7.0,6.0,6.0,2.0,2.67,5.67,5.34,3.35,3.34,1.0,2.0,5.67,6.33,2.34,5.5,3.34,1.5,6.0
2263,7.0,7.0,6.0,7.0,7.0,7.0,5.0,5.0,6.0,6.0,5.0,5.0,6.0,6.0,6.0,6.0,6.0,6.0,4.0,4.0,3.0,4.0,4.0,4.0,5.0,5.0,6.0,6.0,5.0,6.0,6.67,7.0,5.34,5.34,6.03,6.02,3.67,4.0,5.33,5.67,6.84,5.34,6.02,3.84,5.5
2264,1.0,2.0,1.0,1.0,2.0,2.0,1.0,1.0,1.0,1.0,1.0,1.0,2.0,2.0,3.0,2.0,2.0,2.0,1.0,2.0,1.0,1.0,1.0,2.0,1.0,2.0,1.0,1.0,1.0,1.0,1.33,1.67,1.0,1.0,2.33,1.99,1.0,1.67,1.0,1.33,1.5,1.0,2.16,1.34,1.16
2265,3.0,3.0,3.0,3.0,2.0,3.0,5.0,3.0,5.0,5.0,4.0,4.0,1.0,1.0,1.0,2.0,1.0,1.0,1.0,1.0,1.0,1.0,1.0,1.0,5.0,6.0,5.0,5.0,5.0,7.0,2.67,3.0,4.67,4.0,1.0,1.32,1.0,1.0,5.0,6.0,2.84,4.34,1.16,1.0,5.5
2266,3.0,4.0,3.0,3.0,5.0,5.0,3.0,3.0,3.0,4.0,2.0,3.0,1.0,1.0,1.0,1.0,1.0,1.0,2.0,3.0,3.0,4.0,3.0,3.0,2.0,3.0,2.0,2.0,2.0,3.0,3.66,4.0,2.66,3.33,1.0,1.0,2.67,3.33,2.0,2.67,3.83,3.0,1.0,3.0,2.34
2267,7.0,7.0,7.0,7.0,7.0,7.0,6.0,6.0,7.0,6.0,6.0,6.0,6.0,6.0,6.0,7.0,6.0,6.0,4.0,5.0,4.0,5.0,4.0,4.0,4.0,5.0,4.0,4.0,5.0,6.0,7.0,7.0,6.34,6.01,6.03,6.35,4.0,4.67,4.33,5.0,7.0,6.18,6.19,4.34,4.66
2268,2.0,4.0,3.0,3.0,3.0,2.0,2.0,2.0,3.0,3.0,3.0,2.0,2.0,3.0,2.0,3.0,2.0,3.0,2.0,3.0,2.0,3.0,2.0,3.0,5.0,6.0,5.0,5.0,5.0,6.0,2.66,3.01,2.66,2.33,2.0,3.0,2.0,3.0,5.0,5.67,2.84,2.5,2.5,2.5,5.34
2269,4.0,4.0,3.0,4.0,3.0,5.0,4.0,5.0,5.0,5.0,5.0,5.0,3.0,3.0,3.0,3.0,3.0,4.0,5.0,5.0,4.0,5.0,5.0,5.0,2.0,3.0,3.0,3.0,3.0,5.0,3.34,4.33,4.67,5.01,3.0,3.34,4.67,5.0,2.67,3.67,3.84,4.84,3.17,4.84,3.17
2270,1.0,1.0,1.0,2.0,1.0,1.0,4.0,3.0,4.0,4.0,4.0,3.0,4.0,5.0,4.0,4.0,4.0,5.0,3.0,4.0,3.0,4.0,3.0,4.0,3.0,4.0,3.0,4.0,3.0,4.0,1.0,1.33,4.0,3.33,4.01,4.68,3.0,4.0,3.0,4.0,1.16,3.66,4.34,3.5,3.5
2271,1.0,2.0,2.0,2.0,1.0,2.0,4.0,4.0,6.0,5.0,4.0,4.0,5.0,5.0,4.0,4.0,4.0,5.0,1.0,2.0,1.0,1.0,1.0,2.0,2.0,2.0,2.0,2.0,2.0,2.0,1.33,2.0,4.67,4.34,4.34,4.68,1.0,1.67,2.0,2.0,1.66,4.5,4.51,1.34,2.0
2272,1.0,1.0,1.0,2.0,1.0,2.0,5.0,3.0,4.0,4.0,5.0,4.0,6.0,7.0,7.0,7.0,6.0,7.0,7.0,7.0,7.0,7.0,7.0,7.0,4.0,4.0,4.0,5.0,4.0,3.0,1.0,1.66,4.67,3.67,6.36,7.0,7.0,7.0,4.0,4.0,1.33,4.17,6.68,7.0,4.0
2273,1.0,1.0,1.0,1.0,1.0,2.0,5.0,5.0,6.0,6.0,5.0,5.0,3.0,4.0,2.0,3.0,4.0,3.0,2.0,3.0,2.0,3.0,2.0,2.0,3.0,4.0,3.0,4.0,4.0,4.0,1.0,1.33,5.34,5.34,3.02,3.33,2.0,2.67,3.33,4.0,1.16,5.34,3.18,2.34,3.66
2274,4.0,5.0,5.0,5.0,4.0,5.0,4.0,4.0,5.0,4.0,5.0,4.0,3.0,4.0,4.0,5.0,5.0,4.0,4.0,4.0,3.0,3.0,3.0,4.0,4.0,6.0,4.0,5.0,5.0,5.0,4.33,5.0,4.67,4.0,4.04,4.34,3.33,3.67,4.33,5.33,4.66,4.34,4.19,3.5,4.83
2275,2.0,2.0,3.0,3.0,2.0,3.0,3.0,1.0,3.0,2.0,3.0,2.0,1.0,1.0,1.0,1.0,1.0,1.0,3.0,3.0,3.0,4.0,4.0,4.0,2.0,4.0,1.0,4.0,3.0,4.0,2.33,2.66,3.0,1.66,1.0,1.0,3.33,3.67,2.0,4.0,2.5,2.33,1.0,3.5,3.0
2276,2.0,2.0,2.0,2.0,2.0,4.0,4.0,3.0,4.0,3.0,4.0,4.0,4.0,3.0,4.0,4.0,4.0,5.0,6.0,7.0,6.0,7.0,6.0,7.0,5.0,5.0,4.0,5.0,4.0,6.0,2.0,2.66,4.0,3.33,4.01,4.02,6.0,7.0,4.33,5.33,2.33,3.66,4.01,6.5,4.83
2277,3.0,3.0,1.0,3.0,1.0,2.0,4.0,3.0,3.0,3.0,3.0,2.0,1.0,1.0,1.0,1.0,1.0,1.0,2.0,2.0,2.0,2.0,2.0,3.0,2.0,2.0,2.0,3.0,3.0,3.0,1.67,2.67,3.33,2.66,1.0,1.0,2.0,2.33,2.33,2.67,2.17,3.0,1.0,2.16,2.5
2278,5.0,5.0,6.0,4.0,5.0,5.0,4.0,3.0,3.0,3.0,4.0,3.0,4.0,5.0,5.0,5.0,4.0,3.0,5.0,7.0,6.0,7.0,6.0,7.0,4.0,5.0,3.0,4.0,4.0,4.0,5.34,4.67,3.67,3.0,4.35,4.33,5.67,7.0,3.67,4.33,5.0,3.34,4.34,6.34,4.0
2279,1.0,1.0,2.0,2.0,1.0,2.0,1.0,2.0,3.0,2.0,2.0,2.0,3.0,3.0,2.0,3.0,2.0,3.0,4.0,4.0,4.0,5.0,4.0,5.0,2.0,4.0,2.0,4.0,3.0,3.0,1.33,1.66,1.99,1.99,2.32,3.0,4.0,4.67,2.33,3.67,1.5,1.99,2.66,4.34,3.0
2280,6.0,7.0,6.0,7.0,6.0,7.0,2.0,4.0,4.0,4.0,4.0,3.0,1.0,1.0,1.0,2.0,1.0,1.0,4.0,5.0,4.0,5.0,3.0,5.0,5.0,5.0,5.0,5.0,6.0,6.0,6.0,7.0,3.33,3.67,1.0,1.32,3.67,5.0,5.33,5.33,6.5,3.5,1.16,4.34,5.33
2281,5.0,6.0,6.0,6.0,6.0,7.0,5.0,5.0,5.0,5.0,5.0,6.0,3.0,4.0,4.0,4.0,3.0,3.0,2.0,2.0,1.0,2.0,2.0,3.0,5.0,6.0,4.0,6.0,5.0,6.0,5.66,6.33,5.0,5.34,3.34,3.66,1.67,2.33,4.67,6.0,6.0,5.17,3.5,2.0,5.34
2282,5.0,6.0,4.0,5.0,5.0,5.0,1.0,1.0,1.0,1.0,1.0,1.0,4.0,4.0,3.0,4.0,2.0,3.0,3.0,3.0,3.0,3.0,3.0,3.0,3.0,4.0,3.0,4.0,3.0,4.0,4.67,5.34,1.0,1.0,2.98,3.66,3.0,3.0,3.0,4.0,5.0,1.0,3.32,3.0,3.5
2283,3.0,4.0,2.0,3.0,3.0,3.0,5.0,5.0,6.0,5.0,5.0,5.0,3.0,3.0,3.0,3.0,3.0,3.0,2.0,3.0,2.0,2.0,3.0,3.0,1.0,2.0,2.0,3.0,1.0,3.0,2.67,3.34,5.34,5.01,3.0,3.0,2.33,2.67,1.33,2.67,3.0,5.18,3.0,2.5,2.0
2284,3.0,4.0,3.0,4.0,2.0,3.0,1.0,1.0,2.0,2.0,2.0,1.0,5.0,5.0,5.0,5.0,4.0,5.0,1.0,1.0,1.0,1.0,1.0,1.0,5.0,7.0,5.0,6.0,5.0,6.0,2.67,3.67,1.66,1.32,4.67,5.01,1.0,1.0,5.0,6.33,3.17,1.49,4.84,1.0,5.66
2285,3.0,4.0,5.0,5.0,5.0,6.0,1.0,1.0,2.0,1.0,1.0,1.0,4.0,4.0,3.0,4.0,4.0,4.0,4.0,5.0,4.0,4.0,4.0,5.0,4.0,5.0,4.0,5.0,4.0,5.0,4.33,5.0,1.32,1.0,3.68,4.01,4.0,4.67,4.0,5.0,4.66,1.16,3.84,4.34,4.5
2286,1.0,2.0,2.0,2.0,2.0,3.0,5.0,4.0,6.0,4.0,5.0,5.0,1.0,1.0,1.0,1.0,1.0,1.0,5.0,5.0,6.0,6.0,5.0,6.0,4.0,4.0,4.0,5.0,4.0,4.0,1.66,2.33,5.34,4.34,1.0,1.0,5.33,5.67,4.0,4.33,2.0,4.84,1.0,5.5,4.16
2287,3.0,3.0,2.0,3.0,3.0,3.0,1.0,1.0,1.0,1.0,1.0,1.0,1.0,1.0,1.0,2.0,1.0,1.0,1.0,1.0,1.0,1.0,1.0,1.0,1.0,2.0,1.0,2.0,2.0,2.0,2.67,3.0,1.0,1.0,1.0,1.32,1.0,1.0,1.33,2.0,2.84,1.0,1.16,1.0,1.66
2288,4.0,4.0,2.0,3.0,3.0,3.0,3.0,3.0,4.0,4.0,3.0,4.0,5.0,5.0,4.0,4.0,4.0,5.0,6.0,6.0,6.0,6.0,6.0,6.0,2.0,4.0,4.0,5.0,3.0,5.0,3.0,3.34,3.33,3.67,4.34,4.68,6.0,6.0,3.0,4.67,3.17,3.5,4.51,6.0,3.84
2289,6.0,6.0,6.0,7.0,5.0,3.0,4.0,4.0,5.0,4.0,5.0,5.0,2.0,3.0,2.0,2.0,2.0,3.0,5.0,5.0,5.0,6.0,5.0,6.0,4.0,6.0,5.0,5.0,4.0,4.0,5.67,5.34,4.67,4.34,2.0,2.67,5.0,5.67,4.33,5.0,5.5,4.5,2.34,5.34,4.66
2290,3.0,3.0,3.0,3.0,3.0,3.0,7.0,6.0,6.0,7.0,6.0,6.0,3.0,4.0,5.0,5.0,2.0,3.0,5.0,6.0,5.0,6.0,5.0,6.0,4.0,5.0,4.0,5.0,4.0,4.0,3.0,3.0,6.35,6.35,3.32,4.0,5.0,6.0,4.0,4.67,3.0,6.35,3.66,5.5,4.34
2291,2.0,2.0,2.0,3.0,2.0,2.0,3.0,3.0,3.0,3.0,3.0,3.0,3.0,4.0,3.0,4.0,2.0,3.0,2.0,3.0,2.0,3.0,3.0,3.0,1.0,2.0,2.0,2.0,2.0,3.0,2.0,2.33,3.0,3.0,2.65,3.66,2.33,3.0,1.67,2.33,2.16,3.0,3.16,2.66,2.0
2292,4.0,4.0,4.0,6.0,5.0,5.0,1.0,1.0,2.0,1.0,1.0,1.0,5.0,6.0,4.0,5.0,3.0,5.0,3.0,4.0,3.0,4.0,3.0,4.0,5.0,5.0,3.0,6.0,4.0,6.0,4.33,5.0,1.32,1.0,3.99,5.35,3.0,4.0,4.0,5.67,4.66,1.16,4.67,3.5,4.84
2293,5.0,4.0,5.0,5.0,4.0,6.0,3.0,4.0,5.0,5.0,5.0,4.0,2.0,3.0,3.0,3.0,2.0,3.0,3.0,4.0,2.0,3.0,3.0,4.0,2.0,3.0,2.0,4.0,3.0,4.0,4.67,5.0,4.33,4.34,2.33,3.0,2.67,3.67,2.33,3.67,4.84,4.34,2.66,3.17,3.0
2294,7.0,7.0,7.0,7.0,7.0,7.0,4.0,4.0,5.0,4.0,4.0,4.0,4.0,5.0,4.0,5.0,5.0,5.0,5.0,6.0,5.0,5.0,5.0,6.0,3.0,4.0,4.0,4.0,4.0,4.0,7.0,7.0,4.34,4.0,4.36,5.01,5.0,5.67,3.67,4.0,7.0,4.17,4.69,5.34,3.84
2295,1.0,1.0,1.0,1.0,1.0,2.0,4.0,3.0,4.0,5.0,4.0,3.0,2.0,3.0,2.0,2.0,2.0,3.0,4.0,5.0,5.0,5.0,4.0,5.0,4.0,6.0,5.0,5.0,6.0,6.0,1.0,1.33,4.0,3.67,2.0,2.67,4.33,5.0,5.0,5.67,1.16,3.84,2.34,4.66,5.34
2296,4.0,3.0,2.0,4.0,3.0,3.0,4.0,4.0,5.0,4.0,5.0,4.0,7.0,7.0,7.0,7.0,7.0,7.0,5.0,5.0,4.0,5.0,4.0,6.0,5.0,6.0,5.0,5.0,5.0,5.0,3.0,3.33,4.67,4.0,7.0,7.0,4.33,5.33,5.0,5.33,3.16,4.34,7.0,4.83,5.16
2297,1.0,1.0,1.0,1.0,1.0,2.0,1.0,1.0,2.0,1.0,1.0,1.0,2.0,2.0,2.0,2.0,2.0,2.0,2.0,3.0,2.0,2.0,2.0,3.0,1.0,2.0,1.0,1.0,1.0,2.0,1.0,1.33,1.32,1.0,2.0,1.99,2.0,2.67,1.0,1.67,1.16,1.16,2.0,2.34,1.34
2298,4.0,5.0,4.0,4.0,4.0,5.0,5.0,5.0,5.0,5.0,6.0,5.0,1.0,2.0,1.0,2.0,1.0,2.0,3.0,4.0,3.0,4.0,4.0,4.0,6.0,7.0,7.0,7.0,7.0,7.0,4.0,4.67,5.34,5.01,1.0,1.99,3.33,4.0,6.67,7.0,4.34,5.18,1.5,3.66,6.84
2299,1.0,1.0,1.0,1.0,1.0,1.0,7.0,7.0,7.0,7.0,7.0,7.0,6.0,6.0,5.0,6.0,5.0,5.0,4.0,5.0,4.0,5.0,3.0,4.0,4.0,4.0,4.0,4.0,3.0,4.0,1.0,1.0,7.0,7.0,5.35,5.68,3.67,4.67,3.67,4.0,1.0,7.0,5.52,4.17,3.84
2300,3.0,3.0,3.0,3.0,4.0,5.0,2.0,2.0,3.0,2.0,3.0,2.0,1.0,3.0,2.0,2.0,2.0,2.0,3.0,3.0,3.0,3.0,4.0,3.0,2.0,2.0,1.0,2.0,2.0,2.0,3.33,3.66,2.66,1.99,1.67,2.32,3.33,3.0,1.67,2.0,3.5,2.33,2.0,3.16,1.84
2301,1.0,3.0,2.0,2.0,3.0,3.0,4.0,4.0,5.0,5.0,6.0,5.0,1.0,1.0,1.0,1.0,1.0,1.0,5.0,6.0,6.0,6.0,5.0,6.0,4.0,4.0,3.0,3.0,2.0,3.0,1.99,2.67,5.0,4.67,1.0,1.0,5.33,6.0,3.0,3.33,2.33,4.84,1.0,5.66,3.16
2302,7.0,7.0,7.0,7.0,7.0,7.0,6.0,6.0,6.0,6.0,6.0,7.0,4.0,6.0,4.0,5.0,4.0,4.0,4.0,4.0,5.0,5.0,4.0,5.0,3.0,5.0,4.0,5.0,5.0,6.0,7.0,7.0,6.01,6.35,4.01,5.0,4.33,4.67,4.0,5.33,7.0,6.18,4.5,4.5,4.66
2303,3.0,5.0,4.0,5.0,3.0,6.0,6.0,6.0,6.0,6.0,7.0,6.0,6.0,6.0,5.0,6.0,3.0,5.0,3.0,4.0,3.0,4.0,3.0,3.0,3.0,4.0,3.0,4.0,3.0,4.0,3.33,5.33,6.34,6.01,4.65,5.68,3.0,3.67,3.0,4.0,4.33,6.18,5.16,3.34,3.5
2304,1.0,1.0,1.0,1.0,1.0,2.0,2.0,2.0,2.0,2.0,3.0,2.0,2.0,3.0,3.0,3.0,1.0,2.0,4.0,4.0,3.0,4.0,3.0,4.0,2.0,2.0,2.0,3.0,2.0,3.0,1.0,1.33,2.32,1.99,1.98,2.66,3.33,4.0,2.0,2.67,1.16,2.15,2.32,3.66,2.34
2305,2.0,1.0,2.0,3.0,2.0,2.0,1.0,1.0,2.0,2.0,1.0,2.0,1.0,1.0,1.0,1.0,1.0,1.0,3.0,4.0,4.0,5.0,4.0,5.0,4.0,4.0,5.0,5.0,4.0,5.0,2.0,2.0,1.32,1.66,1.0,1.0,3.67,4.67,4.33,4.67,2.0,1.49,1.0,4.17,4.5
2306,1.0,2.0,1.0,1.0,2.0,1.0,3.0,3.0,3.0,3.0,3.0,3.0,1.0,1.0,1.0,1.0,1.0,1.0,2.0,3.0,2.0,3.0,3.0,3.0,1.0,1.0,1.0,1.0,1.0,2.0,1.33,1.34,3.0,3.0,1.0,1.0,2.33,3.0,1.0,1.33,1.34,3.0,1.0,2.66,1.16
2307,6.0,6.0,5.0,6.0,5.0,6.0,2.0,2.0,2.0,2.0,2.0,1.0,5.0,6.0,5.0,5.0,3.0,5.0,7.0,7.0,5.0,6.0,6.0,6.0,5.0,6.0,5.0,6.0,6.0,6.0,5.34,6.0,1.99,1.66,4.32,5.35,6.0,6.33,5.33,6.0,5.67,1.82,4.84,6.16,5.66
2308,2.0,3.0,2.0,1.0,2.0,3.0,4.0,4.0,4.0,4.0,4.0,4.0,1.0,3.0,1.0,1.0,1.0,2.0,2.0,2.0,1.0,2.0,2.0,2.0,2.0,3.0,3.0,3.0,3.0,4.0,2.0,2.33,4.0,4.0,1.0,1.99,1.67,2.0,2.67,3.33,2.16,4.0,1.5,1.84,3.0
2309,4.0,5.0,5.0,7.0,5.0,6.0,2.0,2.0,2.0,1.0,2.0,2.0,2.0,3.0,2.0,2.0,2.0,3.0,4.0,5.0,4.0,5.0,4.0,5.0,5.0,5.0,5.0,6.0,5.0,6.0,4.66,6.0,1.99,1.66,2.0,2.67,4.0,5.0,5.0,5.67,5.33,1.82,2.34,4.5,5.34
2310,2.0,2.0,1.0,2.0,2.0,2.0,6.0,5.0,7.0,5.0,6.0,7.0,1.0,2.0,2.0,2.0,1.0,2.0,3.0,3.0,2.0,3.0,3.0,4.0,4.0,5.0,5.0,6.0,5.0,6.0,1.67,2.0,6.34,5.68,1.32,1.99,2.67,3.33,4.67,5.67,1.84,6.01,1.66,3.0,5.17
2311,2.0,1.0,1.0,1.0,1.0,1.0,5.0,6.0,7.0,6.0,5.0,6.0,1.0,1.0,2.0,3.0,1.0,2.0,6.0,6.0,6.0,5.0,6.0,7.0,2.0,2.0,1.0,2.0,1.0,3.0,1.34,1.0,5.68,6.01,1.32,1.99,6.0,6.0,1.33,2.33,1.17,5.84,1.66,6.0,1.83
2312,2.0,2.0,2.0,3.0,3.0,3.0,3.0,3.0,4.0,4.0,4.0,3.0,2.0,2.0,1.0,3.0,2.0,3.0,1.0,2.0,2.0,2.0,2.0,3.0,3.0,4.0,4.0,5.0,4.0,3.0,2.33,2.66,3.66,3.33,1.66,2.67,1.67,2.33,3.67,4.0,2.5,3.5,2.16,2.0,3.84
2313,1.0,2.0,2.0,2.0,2.0,2.0,4.0,4.0,5.0,5.0,5.0,4.0,3.0,4.0,4.0,4.0,2.0,3.0,3.0,4.0,3.0,5.0,3.0,4.0,3.0,5.0,3.0,4.0,3.0,3.0,1.66,2.0,4.67,4.34,2.99,3.66,3.0,4.33,3.0,4.0,1.83,4.5,3.32,3.66,3.5
2314,1.0,2.0,1.0,1.0,2.0,3.0,3.0,3.0,4.0,3.0,3.0,3.0,4.0,3.0,3.0,4.0,2.0,3.0,4.0,4.0,3.0,4.0,3.0,3.0,5.0,6.0,5.0,5.0,5.0,5.0,1.33,2.0,3.33,3.0,2.98,3.33,3.33,3.67,5.0,5.33,1.66,3.16,3.16,3.5,5.16
2315,6.0,6.0,6.0,6.0,6.0,6.0,5.0,5.0,5.0,5.0,5.0,5.0,3.0,4.0,4.0,5.0,5.0,4.0,7.0,7.0,7.0,7.0,6.0,7.0,6.0,7.0,5.0,6.0,6.0,7.0,6.0,6.0,5.0,5.01,4.04,4.34,6.67,7.0,5.67,6.67,6.0,5.0,4.19,6.84,6.17
2316,1.0,1.0,1.0,1.0,1.0,1.0,3.0,2.0,3.0,2.0,2.0,2.0,2.0,2.0,2.0,2.0,1.0,2.0,3.0,4.0,3.0,3.0,3.0,4.0,4.0,4.0,3.0,4.0,4.0,4.0,1.0,1.0,2.66,1.99,1.65,1.99,3.0,3.67,3.67,4.0,1.0,2.33,1.82,3.34,3.84
2317,2.0,2.0,1.0,2.0,3.0,3.0,3.0,4.0,5.0,4.0,4.0,3.0,5.0,6.0,6.0,6.0,5.0,5.0,3.0,3.0,3.0,4.0,3.0,3.0,2.0,4.0,3.0,4.0,3.0,4.0,2.0,2.33,4.0,3.67,5.35,5.68,3.0,3.33,2.67,4.0,2.16,3.84,5.52,3.16,3.34
2318,2.0,2.0,2.0,2.0,2.0,2.0,2.0,1.0,1.0,1.0,1.0,1.0,3.0,4.0,2.0,3.0,2.0,2.0,1.0,1.0,1.0,2.0,1.0,2.0,5.0,5.0,4.0,5.0,5.0,6.0,2.0,2.0,1.32,1.0,2.32,2.99,1.0,1.67,4.67,5.33,2.0,1.16,2.66,1.34,5.0
2319,1.0,2.0,1.0,2.0,1.0,2.0,5.0,5.0,6.0,6.0,6.0,6.0,4.0,3.0,3.0,4.0,3.0,3.0,5.0,6.0,6.0,7.0,6.0,6.0,5.0,6.0,5.0,7.0,6.0,7.0,1.0,2.0,5.67,5.68,3.33,3.33,5.67,6.33,5.33,6.67,1.5,5.68,3.33,6.0,6.0
2320,1.0,1.0,1.0,1.0,1.0,1.0,2.0,1.0,3.0,2.0,3.0,2.0,3.0,3.0,2.0,4.0,2.0,2.0,3.0,3.0,3.0,3.0,3.0,3.0,3.0,4.0,3.0,4.0,4.0,5.0,1.0,1.0,2.66,1.66,2.32,2.99,3.0,3.0,3.33,4.33,1.0,2.16,2.66,3.0,3.83
2321,1.0,3.0,1.0,2.0,2.0,2.0,3.0,2.0,4.0,4.0,3.0,2.0,2.0,4.0,2.0,4.0,2.0,3.0,6.0,7.0,5.0,6.0,5.0,6.0,3.0,4.0,4.0,4.0,3.0,3.0,1.33,2.34,3.33,2.66,2.0,3.66,5.33,6.33,3.33,3.67,1.84,3.0,2.83,5.83,3.5
2322,2.0,2.0,1.0,1.0,1.0,1.0,6.0,6.0,5.0,6.0,6.0,6.0,2.0,2.0,2.0,3.0,1.0,3.0,6.0,4.0,5.0,6.0,5.0,6.0,2.0,3.0,2.0,3.0,2.0,3.0,1.34,1.34,5.67,6.01,1.65,2.67,5.33,5.33,2.0,3.0,1.34,5.84,2.16,5.33,2.5
2323,6.0,6.0,6.0,6.0,5.0,6.0,2.0,1.0,1.0,1.0,1.0,2.0,2.0,2.0,1.0,2.0,1.0,1.0,2.0,3.0,3.0,3.0,3.0,2.0,3.0,5.0,4.0,3.0,4.0,5.0,5.67,6.0,1.32,1.32,1.31,1.65,2.67,2.67,3.67,4.33,5.84,1.32,1.48,2.67,4.0
2324,1.0,1.0,1.0,1.0,1.0,1.0,4.0,3.0,5.0,4.0,4.0,4.0,4.0,5.0,4.0,5.0,4.0,5.0,4.0,5.0,4.0,6.0,4.0,5.0,5.0,6.0,4.0,5.0,4.0,4.0,1.0,1.0,4.34,3.67,4.01,5.01,4.0,5.33,4.33,5.0,1.0,4.0,4.51,4.66,4.66
2325,6.0,7.0,5.0,6.0,6.0,7.0,5.0,5.0,5.0,4.0,5.0,5.0,4.0,5.0,3.0,4.0,3.0,3.0,5.0,6.0,5.0,6.0,5.0,5.0,5.0,5.0,5.0,6.0,5.0,6.0,5.67,6.67,5.0,4.67,3.33,4.0,5.0,5.67,5.0,5.67,6.17,4.84,3.66,5.34,5.34
2326,4.0,5.0,4.0,4.0,4.0,5.0,4.0,4.0,5.0,4.0,5.0,4.0,2.0,2.0,2.0,3.0,1.0,2.0,4.0,5.0,4.0,5.0,6.0,6.0,5.0,6.0,5.0,6.0,4.0,6.0,4.0,4.67,4.67,4.0,1.65,2.32,4.67,5.33,4.67,6.0,4.34,4.34,1.98,5.0,5.34
2327,3.0,4.0,4.0,5.0,4.0,4.0,2.0,3.0,2.0,3.0,4.0,3.0,3.0,3.0,3.0,4.0,2.0,3.0,3.0,4.0,4.0,4.0,2.0,3.0,4.0,6.0,5.0,6.0,4.0,5.0,3.66,4.33,2.66,3.0,2.65,3.33,3.0,3.67,4.33,5.67,4.0,2.83,2.99,3.34,5.0
2328,2.0,3.0,2.0,2.0,3.0,3.0,1.0,1.0,1.0,1.0,1.0,1.0,1.0,1.0,1.0,1.0,1.0,1.0,2.0,2.0,1.0,3.0,1.0,3.0,2.0,2.0,1.0,2.0,2.0,3.0,2.33,2.67,1.0,1.0,1.0,1.0,1.33,2.67,1.67,2.33,2.5,1.0,1.0,2.0,2.0
2329,1.0,1.0,1.0,1.0,1.0,1.0,5.0,5.0,7.0,6.0,6.0,5.0,5.0,5.0,5.0,5.0,4.0,4.0,6.0,7.0,7.0,7.0,7.0,6.0,5.0,7.0,6.0,7.0,5.0,6.0,1.0,1.0,6.01,5.34,4.67,4.67,6.67,6.67,5.33,6.67,1.0,5.68,4.67,6.67,6.0
2330,6.0,6.0,5.0,6.0,5.0,6.0,3.0,2.0,3.0,4.0,4.0,3.0,4.0,5.0,4.0,4.0,4.0,3.0,4.0,5.0,5.0,5.0,4.0,4.0,3.0,4.0,3.0,3.0,3.0,3.0,5.34,6.0,3.33,3.0,4.01,4.0,4.33,4.67,3.0,3.33,5.67,3.16,4.0,4.5,3.16
2331,2.0,2.0,3.0,3.0,4.0,4.0,7.0,6.0,7.0,7.0,7.0,7.0,5.0,5.0,5.0,5.0,5.0,5.0,4.0,4.0,4.0,5.0,4.0,5.0,5.0,6.0,5.0,5.0,5.0,5.0,2.99,2.99,7.0,6.68,5.02,5.01,4.0,4.67,5.0,5.33,2.99,6.84,5.01,4.34,5.16
2332,1.0,2.0,2.0,2.0,2.0,2.0,5.0,5.0,6.0,6.0,6.0,6.0,5.0,6.0,5.0,5.0,5.0,4.0,3.0,4.0,3.0,4.0,2.0,3.0,3.0,5.0,3.0,4.0,3.0,4.0,1.66,2.0,5.67,5.68,5.02,5.0,2.67,3.67,3.0,4.33,1.83,5.68,5.01,3.17,3.66
2333,7.0,7.0,7.0,6.0,6.0,7.0,4.0,3.0,4.0,3.0,4.0,4.0,4.0,4.0,4.0,4.0,3.0,4.0,7.0,7.0,7.0,7.0,7.0,7.0,2.0,3.0,3.0,3.0,2.0,3.0,6.67,6.67,4.0,3.33,3.66,4.01,7.0,7.0,2.33,3.0,6.67,3.66,3.84,7.0,2.66
2334,5.0,5.0,5.0,6.0,4.0,6.0,3.0,4.0,4.0,3.0,4.0,4.0,4.0,4.0,3.0,3.0,2.0,2.0,2.0,3.0,3.0,4.0,3.0,4.0,3.0,4.0,4.0,4.0,3.0,4.0,4.67,5.66,3.66,3.67,2.98,2.99,2.67,3.67,3.33,4.0,5.16,3.66,2.99,3.17,3.66
2335,1.0,2.0,1.0,1.0,2.0,2.0,4.0,4.0,5.0,5.0,5.0,4.0,4.0,5.0,4.0,5.0,3.0,5.0,4.0,6.0,6.0,6.0,6.0,6.0,1.0,2.0,1.0,1.0,1.0,2.0,1.33,1.67,4.67,4.34,3.66,5.01,5.33,6.0,1.0,1.67,1.5,4.5,4.34,5.66,1.34
2336,2.0,2.0,3.0,3.0,1.0,3.0,3.0,3.0,4.0,4.0,3.0,3.0,6.0,7.0,7.0,7.0,5.0,7.0,5.0,6.0,5.0,6.0,6.0,6.0,4.0,5.0,4.0,5.0,3.0,5.0,2.01,2.66,3.33,3.33,6.01,7.0,5.33,6.0,3.67,5.0,2.34,3.33,6.5,5.66,4.34
2337,3.0,4.0,3.0,4.0,2.0,2.0,3.0,3.0,3.0,3.0,3.0,3.0,5.0,6.0,5.0,7.0,6.0,7.0,4.0,4.0,4.0,4.0,4.0,4.0,4.0,5.0,3.0,5.0,5.0,5.0,2.67,3.34,3.0,3.0,5.37,6.7,4.0,4.0,4.0,5.0,3.0,3.0,6.04,4.0,4.5
2338,2.0,3.0,2.0,3.0,3.0,2.0,6.0,5.0,6.0,5.0,6.0,6.0,5.0,5.0,5.0,6.0,5.0,5.0,4.0,4.0,3.0,4.0,3.0,4.0,5.0,6.0,4.0,5.0,4.0,5.0,2.33,2.67,6.01,5.34,5.02,5.35,3.33,4.0,4.33,5.33,2.5,5.68,5.18,3.66,4.83
2339,2.0,2.0,3.0,2.0,3.0,2.0,3.0,3.0,4.0,4.0,4.0,3.0,5.0,4.0,4.0,5.0,3.0,6.0,3.0,3.0,3.0,4.0,3.0,3.0,2.0,2.0,1.0,1.0,1.0,1.0,2.66,2.0,3.66,3.33,3.99,5.02,3.0,3.33,1.33,1.33,2.33,3.5,4.5,3.16,1.33
2340,5.0,5.0,5.0,7.0,5.0,5.0,3.0,2.0,2.0,3.0,3.0,2.0,1.0,1.0,1.0,1.0,1.0,1.0,5.0,5.0,5.0,5.0,5.0,5.0,3.0,4.0,5.0,5.0,4.0,5.0,5.0,5.67,2.66,2.33,1.0,1.0,5.0,5.0,4.0,4.67,5.34,2.5,1.0,5.0,4.34
2341,5.0,6.0,5.0,6.0,5.0,6.0,5.0,4.0,4.0,4.0,4.0,3.0,5.0,5.0,4.0,5.0,3.0,4.0,5.0,6.0,5.0,5.0,5.0,4.0,5.0,5.0,5.0,5.0,4.0,5.0,5.0,6.0,4.34,3.67,3.99,4.67,5.0,5.0,4.67,5.0,5.5,4.0,4.33,5.0,4.84
2342,6.0,6.0,5.0,6.0,6.0,6.0,7.0,6.0,7.0,7.0,7.0,7.0,4.0,5.0,5.0,4.0,5.0,5.0,7.0,7.0,6.0,7.0,7.0,7.0,7.0,7.0,7.0,7.0,3.0,7.0,5.67,6.0,7.0,6.68,4.7,4.68,6.67,7.0,5.67,7.0,5.84,6.84,4.69,6.84,6.34
2343,5.0,5.0,3.0,4.0,4.0,3.0,2.0,3.0,4.0,3.0,3.0,3.0,2.0,2.0,1.0,2.0,2.0,2.0,5.0,5.0,4.0,4.0,4.0,5.0,2.0,3.0,2.0,3.0,2.0,3.0,4.0,4.01,3.0,3.0,1.66,1.99,4.33,4.67,2.0,3.0,4.0,3.0,1.82,4.5,2.5
2344,4.0,6.0,6.0,6.0,6.0,5.0,4.0,4.0,4.0,3.0,4.0,4.0,1.0,1.0,1.0,2.0,1.0,1.0,7.0,7.0,7.0,7.0,7.0,7.0,4.0,5.0,4.0,5.0,4.0,6.0,5.33,5.67,4.0,3.67,1.0,1.32,7.0,7.0,4.0,5.33,5.5,3.84,1.16,7.0,4.66
2345,2.0,2.0,1.0,2.0,1.0,2.0,4.0,4.0,5.0,4.0,4.0,3.0,1.0,1.0,1.0,1.0,1.0,1.0,1.0,1.0,1.0,1.0,1.0,1.0,1.0,3.0,2.0,2.0,2.0,2.0,1.34,2.0,4.34,3.67,1.0,1.0,1.0,1.0,1.67,2.33,1.67,4.0,1.0,1.0,2.0
2346,6.0,7.0,6.0,6.0,6.0,7.0,2.0,2.0,2.0,3.0,2.0,1.0,2.0,3.0,2.0,3.0,2.0,3.0,3.0,4.0,3.0,4.0,3.0,4.0,4.0,4.0,4.0,5.0,4.0,5.0,6.0,6.67,1.99,1.99,2.0,3.0,3.0,4.0,4.0,4.67,6.34,1.99,2.5,3.5,4.34
2347,1.0,2.0,1.0,2.0,2.0,2.0,5.0,4.0,5.0,5.0,5.0,5.0,4.0,4.0,5.0,5.0,4.0,4.0,5.0,4.0,3.0,5.0,4.0,6.0,3.0,4.0,3.0,4.0,3.0,4.0,1.33,2.0,5.0,4.67,4.35,4.34,4.0,5.0,3.0,4.0,1.66,4.84,4.34,4.5,3.5
2348,4.0,6.0,3.0,5.0,5.0,5.0,6.0,6.0,7.0,6.0,6.0,5.0,1.0,2.0,1.0,1.0,1.0,1.0,2.0,2.0,2.0,3.0,2.0,3.0,2.0,3.0,3.0,4.0,3.0,4.0,4.0,5.34,6.34,5.68,1.0,1.32,2.0,2.67,2.67,3.67,4.67,6.01,1.16,2.34,3.17
2349,3.0,5.0,3.0,4.0,3.0,4.0,2.0,3.0,3.0,3.0,3.0,4.0,1.0,2.0,2.0,2.0,1.0,1.0,4.0,5.0,4.0,5.0,4.0,4.0,5.0,5.0,4.0,5.0,4.0,5.0,3.0,4.34,2.66,3.33,1.32,1.65,4.0,4.67,4.33,5.0,3.67,3.0,1.48,4.34,4.66
2350,5.0,4.0,3.0,3.0,5.0,5.0,5.0,4.0,5.0,4.0,5.0,4.0,2.0,3.0,2.0,2.0,2.0,2.0,6.0,7.0,5.0,7.0,6.0,6.0,2.0,3.0,3.0,3.0,1.0,2.0,4.33,4.0,5.0,4.0,2.0,2.32,5.67,6.67,2.0,2.67,4.16,4.5,2.16,6.17,2.34
2351,3.0,4.0,4.0,5.0,3.0,5.0,3.0,2.0,4.0,4.0,3.0,3.0,4.0,4.0,3.0,5.0,3.0,3.0,2.0,3.0,2.0,2.0,3.0,3.0,3.0,4.0,3.0,5.0,3.0,4.0,3.33,4.66,3.33,3.0,3.33,4.0,2.33,2.67,3.0,4.33,4.0,3.16,3.66,2.5,3.66
2352,3.0,4.0,2.0,4.0,2.0,3.0,3.0,3.0,4.0,3.0,3.0,3.0,1.0,1.0,1.0,1.0,1.0,1.0,5.0,6.0,4.0,5.0,5.0,6.0,5.0,6.0,5.0,6.0,6.0,6.0,2.34,3.67,3.33,3.0,1.0,1.0,4.67,5.67,5.33,6.0,3.0,3.16,1.0,5.17,5.66
2353,4.0,5.0,5.0,5.0,3.0,4.0,5.0,5.0,4.0,4.0,5.0,4.0,7.0,7.0,6.0,7.0,6.0,7.0,4.0,5.0,4.0,6.0,5.0,5.0,3.0,5.0,2.0,3.0,2.0,3.0,4.01,4.67,4.67,4.34,6.36,7.0,4.33,5.33,2.33,3.67,4.34,4.5,6.68,4.83,3.0
2354,2.0,3.0,3.0,4.0,3.0,4.0,4.0,4.0,4.0,4.0,4.0,4.0,4.0,5.0,6.0,5.0,4.0,5.0,4.0,4.0,4.0,5.0,4.0,6.0,7.0,7.0,6.0,7.0,6.0,7.0,2.66,3.66,4.0,4.0,4.68,5.01,4.0,5.0,6.33,7.0,3.16,4.0,4.84,4.5,6.66
2355,3.0,4.0,3.0,4.0,3.0,4.0,5.0,5.0,5.0,4.0,5.0,5.0,1.0,1.0,1.0,1.0,1.0,1.0,3.0,3.0,4.0,5.0,3.0,4.0,3.0,3.0,3.0,4.0,3.0,4.0,3.0,4.0,5.0,4.67,1.0,1.0,3.33,4.0,3.0,3.67,3.5,4.84,1.0,3.66,3.34
2356,6.0,6.0,7.0,7.0,5.0,7.0,5.0,5.0,5.0,4.0,6.0,5.0,4.0,4.0,4.0,5.0,4.0,5.0,3.0,4.0,3.0,4.0,3.0,3.0,5.0,5.0,3.0,5.0,5.0,6.0,6.01,6.67,5.34,4.67,4.01,4.68,3.0,3.67,4.33,5.33,6.34,5.0,4.34,3.34,4.83
2357,2.0,3.0,3.0,3.0,4.0,2.0,4.0,7.0,7.0,7.0,7.0,7.0,7.0,7.0,7.0,7.0,7.0,7.0,7.0,7.0,7.0,7.0,7.0,7.0,7.0,7.0,7.0,7.0,7.0,7.0,2.99,2.67,6.01,7.0,7.0,7.0,7.0,7.0,7.0,7.0,2.83,6.5,7.0,7.0,7.0
2358,1.0,1.0,1.0,1.0,1.0,2.0,3.0,3.0,4.0,4.0,4.0,4.0,5.0,6.0,5.0,5.0,3.0,4.0,6.0,7.0,5.0,6.0,5.0,6.0,6.0,7.0,6.0,7.0,6.0,7.0,1.0,1.33,3.66,3.67,4.32,5.0,5.33,6.33,6.0,7.0,1.16,3.66,4.66,5.83,6.5
2359,2.0,3.0,3.0,2.0,2.0,3.0,2.0,2.0,3.0,3.0,3.0,3.0,2.0,2.0,1.0,2.0,1.0,1.0,5.0,6.0,6.0,6.0,4.0,6.0,6.0,7.0,5.0,7.0,6.0,6.0,2.33,2.67,2.66,2.66,1.31,1.65,5.0,6.0,5.67,6.67,2.5,2.66,1.48,5.5,6.17
2360,3.0,3.0,2.0,5.0,3.0,5.0,1.0,2.0,1.0,1.0,2.0,2.0,3.0,3.0,3.0,3.0,3.0,4.0,1.0,3.0,1.0,2.0,1.0,2.0,2.0,2.0,2.0,2.0,2.0,2.0,2.67,4.33,1.32,1.66,3.0,3.34,1.0,2.33,2.0,2.0,3.5,1.49,3.17,1.66,2.0
2361,3.0,4.0,4.0,4.0,2.0,3.0,5.0,5.0,5.0,6.0,6.0,5.0,6.0,7.0,6.0,7.0,6.0,7.0,4.0,5.0,5.0,5.0,4.0,5.0,4.0,5.0,4.0,5.0,5.0,5.0,3.01,3.67,5.34,5.34,6.03,7.0,4.33,5.0,4.33,5.0,3.34,5.34,6.52,4.66,4.66
2362,5.0,6.0,5.0,6.0,6.0,6.0,4.0,4.0,5.0,4.0,3.0,4.0,5.0,5.0,5.0,4.0,4.0,4.0,5.0,6.0,4.0,5.0,5.0,6.0,6.0,7.0,6.0,6.0,5.0,6.0,5.33,6.0,4.0,4.0,4.67,4.34,4.67,5.67,5.67,6.33,5.66,4.0,4.5,5.17,6.0
2363,1.0,2.0,2.0,2.0,2.0,2.0,2.0,1.0,2.0,1.0,2.0,1.0,1.0,2.0,1.0,2.0,1.0,1.0,1.0,2.0,1.0,2.0,2.0,2.0,3.0,3.0,3.0,4.0,3.0,3.0,1.66,2.0,1.99,1.0,1.0,1.65,1.33,2.0,3.0,3.33,1.83,1.5,1.32,1.66,3.16
2364,3.0,3.0,4.0,4.0,4.0,4.0,5.0,5.0,5.0,5.0,5.0,5.0,3.0,4.0,3.0,4.0,3.0,3.0,2.0,2.0,3.0,3.0,1.0,3.0,3.0,5.0,4.0,5.0,3.0,4.0,3.66,3.66,5.0,5.01,3.0,3.66,2.0,2.67,3.33,4.67,3.66,5.0,3.33,2.34,4.0
2365,3.0,3.0,2.0,2.0,1.0,2.0,1.0,1.0,1.0,1.0,1.0,1.0,2.0,3.0,1.0,2.0,2.0,3.0,3.0,3.0,4.0,3.0,2.0,4.0,2.0,3.0,2.0,3.0,2.0,3.0,2.01,2.34,1.0,1.0,1.66,2.67,3.0,3.33,2.0,3.0,2.17,1.0,2.16,3.16,2.5
2366,2.0,2.0,2.0,2.0,2.0,3.0,5.0,5.0,5.0,6.0,6.0,5.0,3.0,4.0,3.0,4.0,3.0,3.0,2.0,2.0,2.0,2.0,1.0,1.0,3.0,3.0,2.0,3.0,3.0,4.0,2.0,2.33,5.34,5.34,3.0,3.66,1.67,1.67,2.67,3.33,2.16,5.34,3.33,1.67,3.0
2367,5.0,5.0,4.0,5.0,4.0,5.0,5.0,5.0,6.0,5.0,6.0,6.0,6.0,6.0,6.0,7.0,5.0,6.0,7.0,7.0,7.0,7.0,7.0,7.0,2.0,4.0,3.0,4.0,3.0,4.0,4.34,5.0,5.67,5.34,5.68,6.35,7.0,7.0,2.67,4.0,4.67,5.5,6.02,7.0,3.34
2368,2.0,3.0,2.0,2.0,1.0,3.0,5.0,4.0,5.0,5.0,4.0,5.0,2.0,3.0,3.0,4.0,2.0,2.0,2.0,3.0,3.0,3.0,2.0,3.0,4.0,4.0,3.0,5.0,4.0,6.0,1.67,2.67,4.67,4.67,2.33,2.99,2.33,3.0,3.67,5.0,2.17,4.67,2.66,2.66,4.34
2369,4.0,5.0,3.0,2.0,2.0,3.0,4.0,5.0,5.0,5.0,5.0,5.0,4.0,4.0,4.0,6.0,4.0,4.0,5.0,5.0,5.0,6.0,5.0,5.0,5.0,6.0,4.0,6.0,4.0,5.0,3.01,3.34,4.67,5.01,4.01,4.67,5.0,5.33,4.33,5.67,3.18,4.84,4.34,5.16,5.0
2370,5.0,5.0,4.0,5.0,5.0,5.0,5.0,5.0,5.0,5.0,4.0,4.0,3.0,3.0,3.0,3.0,2.0,2.0,4.0,5.0,4.0,5.0,5.0,4.0,4.0,5.0,4.0,4.0,4.0,4.0,4.67,5.0,4.67,4.67,2.65,2.66,4.33,4.67,4.0,4.33,4.84,4.67,2.66,4.5,4.16
2371,6.0,5.0,6.0,7.0,6.0,6.0,2.0,2.0,3.0,3.0,3.0,2.0,2.0,3.0,3.0,3.0,2.0,2.0,3.0,4.0,4.0,5.0,4.0,5.0,3.0,4.0,4.0,4.0,3.0,4.0,6.0,6.0,2.66,2.33,2.33,2.66,3.67,4.67,3.33,4.0,6.0,2.5,2.5,4.17,3.66
2372,2.0,2.0,2.0,2.0,2.0,2.0,2.0,3.0,4.0,4.0,3.0,4.0,5.0,6.0,5.0,5.0,5.0,5.0,3.0,4.0,3.0,3.0,2.0,3.0,4.0,5.0,4.0,4.0,5.0,6.0,2.0,2.0,3.0,3.67,5.02,5.35,2.67,3.33,4.33,5.0,2.0,3.34,5.18,3.0,4.66
2373,2.0,3.0,3.0,3.0,2.0,3.0,5.0,5.0,6.0,6.0,7.0,7.0,4.0,4.0,3.0,3.0,3.0,3.0,3.0,4.0,4.0,4.0,4.0,4.0,6.0,6.0,7.0,7.0,7.0,7.0,2.33,3.0,6.01,6.01,3.33,3.33,3.67,4.0,6.67,6.67,2.66,6.01,3.33,3.84,6.67
2374,4.0,4.0,3.0,4.0,4.0,5.0,7.0,7.0,7.0,7.0,7.0,7.0,1.0,1.0,1.0,1.0,1.0,1.0,6.0,6.0,6.0,6.0,6.0,6.0,3.0,4.0,2.0,3.0,3.0,4.0,3.67,4.33,7.0,7.0,1.0,1.0,6.0,6.0,2.67,3.67,4.0,7.0,1.0,6.0,3.17
2375,4.0,5.0,4.0,5.0,4.0,5.0,5.0,4.0,4.0,5.0,4.0,4.0,3.0,4.0,3.0,4.0,2.0,3.0,2.0,3.0,3.0,3.0,2.0,2.0,6.0,6.0,6.0,7.0,5.0,6.0,4.0,5.0,4.34,4.34,2.65,3.66,2.33,2.67,5.67,6.33,4.5,4.34,3.16,2.5,6.0
2376,6.0,6.0,5.0,5.0,4.0,6.0,7.0,6.0,7.0,7.0,7.0,6.0,4.0,5.0,3.0,4.0,3.0,4.0,6.0,7.0,5.0,6.0,5.0,6.0,6.0,7.0,7.0,7.0,6.0,6.0,5.01,5.67,7.0,6.35,3.33,4.34,5.33,6.33,6.33,6.67,5.34,6.68,3.84,5.83,6.5
2377,6.0,6.0,6.0,6.0,5.0,6.0,4.0,4.0,5.0,5.0,4.0,4.0,1.0,1.0,1.0,1.0,1.0,1.0,5.0,6.0,5.0,6.0,6.0,6.0,4.0,4.0,4.0,4.0,3.0,5.0,5.67,6.0,4.34,4.34,1.0,1.0,5.33,6.0,3.67,4.33,5.84,4.34,1.0,5.66,4.0
2378,7.0,7.0,7.0,7.0,7.0,7.0,6.0,6.0,7.0,6.0,7.0,6.0,6.0,6.0,6.0,7.0,6.0,6.0,7.0,7.0,7.0,7.0,7.0,7.0,7.0,7.0,6.0,7.0,6.0,6.0,7.0,7.0,6.68,6.01,6.03,6.35,7.0,7.0,6.33,6.67,7.0,6.34,6.19,7.0,6.5
2379,5.0,5.0,6.0,7.0,6.0,6.0,2.0,1.0,2.0,1.0,1.0,1.0,1.0,1.0,1.0,1.0,1.0,1.0,3.0,4.0,3.0,4.0,3.0,2.0,2.0,2.0,1.0,4.0,2.0,3.0,5.66,6.0,1.66,1.0,1.0,1.0,3.0,3.33,1.67,3.0,5.83,1.33,1.0,3.16,2.34
2380,4.0,4.0,3.0,4.0,3.0,3.0,4.0,4.0,4.0,5.0,4.0,4.0,7.0,7.0,6.0,7.0,7.0,7.0,2.0,2.0,2.0,2.0,1.0,2.0,4.0,4.0,5.0,5.0,5.0,5.0,3.34,3.67,4.0,4.34,6.71,7.0,1.67,2.0,4.67,4.67,3.5,4.17,6.86,1.84,4.67
2381,5.0,6.0,6.0,6.0,7.0,6.0,4.0,4.0,5.0,4.0,5.0,4.0,5.0,5.0,5.0,5.0,4.0,4.0,6.0,6.0,7.0,7.0,6.0,7.0,4.0,5.0,3.0,4.0,4.0,5.0,5.99,6.0,4.67,4.0,4.67,4.67,6.33,6.67,3.67,4.67,6.0,4.34,4.67,6.5,4.17
2382,2.0,2.0,1.0,2.0,1.0,1.0,1.0,1.0,2.0,1.0,1.0,1.0,1.0,2.0,1.0,2.0,1.0,1.0,3.0,4.0,3.0,4.0,3.0,5.0,3.0,4.0,4.0,5.0,4.0,5.0,1.34,1.67,1.32,1.0,1.0,1.65,3.0,4.33,3.67,4.67,1.5,1.16,1.32,3.66,4.17
2383,5.0,6.0,3.0,4.0,5.0,6.0,3.0,2.0,3.0,2.0,3.0,2.0,3.0,3.0,3.0,3.0,3.0,3.0,3.0,4.0,4.0,5.0,4.0,4.0,3.0,4.0,3.0,4.0,4.0,5.0,4.33,5.33,3.0,1.99,3.0,3.0,3.67,4.33,3.33,4.33,4.83,2.5,3.0,4.0,3.83
2384,1.0,2.0,1.0,1.0,2.0,2.0,2.0,3.0,3.0,2.0,4.0,4.0,2.0,3.0,2.0,2.0,1.0,2.0,5.0,6.0,5.0,6.0,5.0,6.0,3.0,3.0,3.0,3.0,3.0,4.0,1.33,1.67,2.99,3.0,1.65,2.32,5.0,6.0,3.0,3.33,1.5,3.0,1.98,5.5,3.16
2385,1.0,1.0,1.0,1.0,1.0,1.0,2.0,1.0,2.0,2.0,1.0,1.0,2.0,2.0,2.0,2.0,1.0,3.0,3.0,4.0,3.0,4.0,3.0,3.0,2.0,2.0,2.0,2.0,1.0,2.0,1.0,1.0,1.66,1.32,1.65,2.33,3.0,3.67,1.67,2.0,1.0,1.49,1.99,3.34,1.84
2386,3.0,4.0,3.0,3.0,2.0,3.0,2.0,1.0,2.0,2.0,3.0,3.0,1.0,1.0,1.0,1.0,1.0,1.0,1.0,3.0,2.0,2.0,2.0,2.0,1.0,1.0,1.0,1.0,1.0,1.0,2.67,3.34,2.32,1.99,1.0,1.0,1.67,2.33,1.0,1.0,3.0,2.15,1.0,2.0,1.0
2387,1.0,1.0,1.0,1.0,1.0,2.0,4.0,4.0,5.0,4.0,4.0,4.0,3.0,3.0,2.0,3.0,2.0,2.0,4.0,4.0,2.0,3.0,4.0,4.0,2.0,3.0,2.0,3.0,1.0,3.0,1.0,1.33,4.34,4.0,2.32,2.66,3.34,3.67,1.67,3.0,1.16,4.17,2.49,3.5,2.34
2388,2.0,2.0,3.0,2.0,1.0,1.0,4.0,3.0,4.0,2.0,4.0,3.0,3.0,4.0,4.0,4.0,3.0,3.0,1.0,1.0,1.0,1.0,1.0,1.0,1.0,1.0,1.0,1.0,1.0,1.0,2.01,1.67,4.0,2.66,3.34,3.66,1.0,1.0,1.0,1.0,1.84,3.33,3.5,1.0,1.0
2389,2.0,3.0,3.0,3.0,2.0,2.0,2.0,2.0,2.0,2.0,2.0,1.0,3.0,2.0,2.0,3.0,2.0,3.0,4.0,4.0,4.0,5.0,4.0,4.0,5.0,6.0,5.0,6.0,5.0,6.0,2.33,2.67,1.99,1.66,2.32,2.67,4.0,4.33,5.0,6.0,2.5,1.82,2.5,4.16,5.5
2390,4.0,4.0,5.0,5.0,6.0,6.0,2.0,1.0,3.0,2.0,3.0,2.0,2.0,3.0,2.0,2.0,2.0,2.0,3.0,3.0,3.0,3.0,3.0,4.0,2.0,3.0,2.0,3.0,3.0,3.0,4.99,5.0,2.66,1.66,2.0,2.32,3.0,3.33,2.33,3.0,5.0,2.16,2.16,3.16,2.66
2391,1.0,1.0,2.0,2.0,2.0,1.0,4.0,4.0,5.0,4.0,5.0,3.0,3.0,3.0,2.0,3.0,2.0,2.0,3.0,4.0,3.0,4.0,4.0,4.0,2.0,3.0,3.0,3.0,2.0,3.0,1.66,1.33,4.67,3.67,2.32,2.66,3.33,4.0,2.33,3.0,1.5,4.17,2.49,3.66,2.66
2392,3.0,4.0,4.0,4.0,4.0,4.0,6.0,6.0,6.0,6.0,7.0,6.0,4.0,5.0,5.0,5.0,3.0,4.0,2.0,2.0,3.0,3.0,3.0,4.0,2.0,3.0,1.0,2.0,2.0,2.0,3.66,4.0,6.34,6.01,4.0,4.67,2.67,3.0,1.67,2.33,3.83,6.18,4.34,2.84,2.0
2393,3.0,3.0,3.0,3.0,3.0,3.0,6.0,5.0,5.0,5.0,6.0,5.0,5.0,5.0,6.0,5.0,4.0,5.0,3.0,4.0,2.0,3.0,2.0,4.0,6.0,7.0,6.0,7.0,6.0,7.0,3.0,3.0,5.67,5.01,5.0,5.01,2.33,3.67,6.0,7.0,3.0,5.34,5.0,3.0,6.5
2394,7.0,6.0,7.0,7.0,6.0,6.0,5.0,5.0,6.0,5.0,6.0,5.0,7.0,7.0,7.0,7.0,6.0,6.0,7.0,7.0,7.0,7.0,7.0,7.0,7.0,7.0,7.0,7.0,7.0,7.0,6.67,6.33,5.67,5.01,6.69,6.69,7.0,7.0,7.0,7.0,6.5,5.34,6.69,7.0,7.0
2395,2.0,2.0,1.0,2.0,2.0,2.0,4.0,4.0,5.0,5.0,5.0,4.0,3.0,4.0,3.0,4.0,3.0,3.0,2.0,3.0,2.0,1.0,2.0,2.0,2.0,3.0,2.0,3.0,3.0,2.0,1.67,2.0,4.67,4.34,3.0,3.66,2.0,2.0,2.33,2.67,1.84,4.5,3.33,2.0,2.5
2396,2.0,3.0,2.0,3.0,3.0,3.0,1.0,1.0,2.0,3.0,1.0,2.0,1.0,1.0,1.0,1.0,1.0,1.0,2.0,2.0,2.0,3.0,1.0,3.0,1.0,3.0,2.0,3.0,3.0,4.0,2.33,3.0,1.32,1.99,1.0,1.0,1.67,2.67,2.0,3.33,2.66,1.66,1.0,2.17,2.66
2397,2.0,2.0,2.0,2.0,1.0,2.0,1.0,2.0,2.0,2.0,2.0,2.0,1.0,1.0,2.0,2.0,1.0,2.0,3.0,5.0,4.0,4.0,3.0,5.0,3.0,3.0,3.0,4.0,3.0,4.0,1.67,2.0,1.66,1.99,1.32,1.66,3.33,4.67,3.0,3.67,1.84,1.82,1.49,4.0,3.34
2398,1.0,1.0,1.0,1.0,1.0,1.0,5.0,5.0,6.0,6.0,5.0,5.0,3.0,4.0,2.0,3.0,2.0,3.0,1.0,1.0,1.0,2.0,1.0,1.0,1.0,1.0,2.0,2.0,2.0,2.0,1.0,1.0,5.34,5.34,2.32,3.33,1.0,1.33,1.67,1.67,1.0,5.34,2.82,1.16,1.67
2399,6.0,6.0,6.0,7.0,6.0,7.0,6.0,6.0,6.0,6.0,6.0,6.0,5.0,6.0,5.0,6.0,4.0,5.0,7.0,7.0,7.0,7.0,7.0,7.0,7.0,7.0,7.0,7.0,7.0,7.0,6.0,6.67,6.01,6.01,4.67,5.68,7.0,7.0,7.0,7.0,6.34,6.01,5.18,7.0,7.0
2400,3.0,2.0,2.0,1.0,3.0,3.0,1.0,1.0,1.0,1.0,1.0,1.0,4.0,5.0,4.0,4.0,4.0,4.0,2.0,2.0,2.0,3.0,2.0,4.0,3.0,4.0,4.0,4.0,4.0,5.0,2.67,2.0,1.0,1.0,4.01,4.34,2.0,3.0,3.67,4.33,2.34,1.0,4.18,2.5,4.0
2401,2.0,3.0,1.0,2.0,2.0,1.0,2.0,2.0,3.0,2.0,2.0,1.0,3.0,4.0,3.0,4.0,3.0,3.0,1.0,1.0,1.0,2.0,2.0,2.0,5.0,6.0,4.0,6.0,4.0,5.0,1.67,2.01,2.33,1.66,3.0,3.66,1.33,1.67,4.33,5.67,1.84,2.0,3.33,1.5,5.0
2402,2.0,3.0,2.0,3.0,3.0,3.0,4.0,3.0,4.0,3.0,4.0,4.0,3.0,4.0,3.0,3.0,4.0,4.0,6.0,7.0,6.0,7.0,6.0,6.0,5.0,5.0,5.0,6.0,6.0,6.0,2.33,3.0,4.0,3.33,3.35,3.67,6.0,6.67,5.33,5.67,2.66,3.66,3.51,6.34,5.5
2403,1.0,2.0,1.0,1.0,2.0,2.0,4.0,4.0,4.0,4.0,5.0,4.0,2.0,2.0,1.0,2.0,1.0,2.0,2.0,2.0,2.0,2.0,2.0,3.0,5.0,5.0,4.0,5.0,5.0,6.0,1.33,1.67,4.33,4.0,1.31,1.99,2.0,2.33,4.67,5.33,1.5,4.16,1.65,2.16,5.0
2404,2.0,2.0,2.0,2.0,1.0,2.0,5.0,5.0,6.0,6.0,6.0,5.0,2.0,3.0,3.0,3.0,3.0,3.0,3.0,4.0,3.0,3.0,3.0,3.0,4.0,4.0,3.0,3.0,3.0,3.0,1.67,2.0,5.67,5.34,2.68,3.0,3.0,3.33,3.33,3.33,1.84,5.5,2.84,3.16,3.33
2405,1.0,1.0,1.0,1.0,1.0,1.0,1.0,1.0,2.0,1.0,2.0,4.0,2.0,2.0,1.0,1.0,1.0,1.0,1.0,1.0,1.0,1.0,1.0,1.0,2.0,3.0,3.0,3.0,2.0,3.0,1.0,1.0,1.66,1.99,1.31,1.32,1.0,1.0,2.33,3.0,1.0,1.82,1.32,1.0,2.66
2406,3.0,3.0,4.0,4.0,4.0,5.0,4.0,4.0,5.0,5.0,5.0,3.0,5.0,5.0,5.0,4.0,4.0,4.0,6.0,7.0,7.0,7.0,6.0,7.0,5.0,6.0,5.0,6.0,5.0,6.0,3.66,3.99,4.67,4.0,4.67,4.34,6.33,7.0,5.0,6.0,3.82,4.34,4.5,6.66,5.5
2407,4.0,4.0,4.0,6.0,4.0,5.0,4.0,3.0,4.0,4.0,4.0,3.0,2.0,3.0,2.0,2.0,2.0,1.0,3.0,4.0,3.0,4.0,4.0,4.0,3.0,3.0,2.0,4.0,2.0,3.0,4.0,5.0,4.0,3.33,2.0,1.98,3.33,4.0,2.33,3.33,4.5,3.66,1.99,3.66,2.83
2408,3.0,2.0,3.0,3.0,2.0,3.0,1.0,1.0,2.0,2.0,1.0,1.0,1.0,1.0,1.0,1.0,1.0,1.0,3.0,2.0,3.0,3.0,3.0,3.0,4.0,5.0,4.0,5.0,4.0,5.0,2.67,2.66,1.32,1.32,1.0,1.0,3.0,2.67,4.0,5.0,2.66,1.32,1.0,2.84,4.5
2409,3.0,2.0,2.0,2.0,2.0,2.0,4.0,5.0,6.0,5.0,5.0,5.0,3.0,4.0,3.0,3.0,3.0,3.0,5.0,4.0,5.0,5.0,4.0,4.0,4.0,5.0,4.0,4.0,3.0,4.0,2.34,2.0,5.0,5.01,3.0,3.33,4.67,4.33,3.67,4.33,2.17,5.0,3.16,4.5,4.0
2410,5.0,6.0,5.0,6.0,5.0,4.0,7.0,6.0,7.0,7.0,7.0,7.0,5.0,5.0,4.0,4.0,4.0,5.0,4.0,4.0,3.0,4.0,4.0,4.0,6.0,6.0,6.0,6.0,6.0,7.0,5.0,5.34,7.0,6.68,4.34,4.68,3.67,4.0,6.0,6.33,5.17,6.84,4.51,3.84,6.16
2411,1.0,1.0,1.0,1.0,1.0,1.0,1.0,1.0,2.0,1.0,1.0,1.0,1.0,1.0,3.0,2.0,1.0,2.0,2.0,4.0,3.0,3.0,3.0,4.0,2.0,2.0,2.0,4.0,2.0,3.0,1.0,1.0,1.32,1.0,1.65,1.66,2.67,3.67,2.0,3.0,1.0,1.16,1.65,3.17,2.5
2412,4.0,4.0,3.0,4.0,5.0,5.0,7.0,6.0,7.0,6.0,7.0,6.0,6.0,7.0,6.0,6.0,6.0,6.0,4.0,4.0,4.0,4.0,5.0,5.0,2.0,3.0,3.0,2.0,1.0,2.0,4.0,4.33,7.0,6.01,6.03,6.35,4.33,4.33,2.0,2.33,4.16,6.5,6.19,4.33,2.16
2413,3.0,2.0,3.0,4.0,3.0,3.0,5.0,4.0,5.0,5.0,5.0,5.0,3.0,3.0,3.0,2.0,2.0,3.0,3.0,4.0,3.0,3.0,3.0,4.0,5.0,5.0,5.0,5.0,6.0,6.0,3.0,3.0,5.0,4.67,2.65,2.67,3.0,3.67,5.33,5.33,3.0,4.84,2.66,3.34,5.33
2414,2.0,3.0,2.0,3.0,2.0,3.0,3.0,3.0,4.0,4.0,3.0,3.0,5.0,6.0,5.0,6.0,5.0,6.0,4.0,5.0,3.0,4.0,4.0,5.0,3.0,4.0,3.0,4.0,3.0,4.0,2.0,3.0,3.33,3.33,5.02,6.02,3.67,4.67,3.0,4.0,2.5,3.33,5.52,4.17,3.5
2415,2.0,2.0,2.0,2.0,2.0,2.0,2.0,1.0,3.0,2.0,2.0,2.0,5.0,6.0,5.0,5.0,5.0,4.0,3.0,3.0,4.0,4.0,4.0,4.0,4.0,5.0,3.0,5.0,5.0,6.0,2.0,2.0,2.33,1.66,5.02,5.0,3.67,3.67,4.0,5.33,2.0,2.0,5.01,3.67,4.66
2416,6.0,6.0,5.0,6.0,6.0,6.0,4.0,4.0,4.0,3.0,5.0,4.0,5.0,5.0,4.0,5.0,4.0,4.0,4.0,4.0,4.0,4.0,4.0,4.0,4.0,4.0,4.0,5.0,5.0,5.0,5.67,6.0,4.33,3.67,4.34,4.67,4.0,4.0,4.33,4.67,5.84,4.0,4.5,4.0,4.5
2417,4.0,5.0,4.0,5.0,4.0,4.0,5.0,4.0,4.0,4.0,4.0,5.0,3.0,4.0,3.0,3.0,2.0,3.0,2.0,3.0,2.0,2.0,1.0,1.0,2.0,2.0,2.0,3.0,2.0,2.0,4.0,4.67,4.34,4.34,2.65,3.33,1.67,2.0,2.0,2.33,4.34,4.34,2.99,1.84,2.16
2418,5.0,6.0,5.0,6.0,7.0,7.0,5.0,4.0,5.0,5.0,5.0,5.0,4.0,5.0,5.0,5.0,4.0,5.0,3.0,4.0,3.0,4.0,4.0,4.0,3.0,4.0,3.0,4.0,3.0,4.0,5.66,6.33,5.0,4.67,4.35,5.01,3.33,4.0,3.0,4.0,6.0,4.84,4.68,3.66,3.5
2419,4.0,5.0,3.0,4.0,5.0,4.0,5.0,5.0,5.0,4.0,5.0,6.0,2.0,2.0,3.0,3.0,2.0,2.0,5.0,5.0,5.0,5.0,5.0,6.0,3.0,5.0,4.0,5.0,4.0,5.0,4.0,4.34,5.0,5.01,2.33,2.32,5.0,5.33,3.67,5.0,4.17,5.0,2.33,5.16,4.34
2420,6.0,6.0,5.0,7.0,6.0,7.0,4.0,3.0,4.0,4.0,3.0,3.0,5.0,5.0,5.0,6.0,4.0,5.0,6.0,6.0,6.0,6.0,6.0,7.0,4.0,6.0,4.0,6.0,3.0,6.0,5.67,6.67,3.67,3.33,4.67,5.35,6.0,6.33,3.67,6.0,6.17,3.5,5.01,6.16,4.84
2421,1.0,2.0,3.0,2.0,3.0,3.0,2.0,2.0,3.0,2.0,3.0,2.0,4.0,3.0,3.0,3.0,3.0,3.0,4.0,4.0,4.0,5.0,4.0,4.0,5.0,5.0,4.0,6.0,4.0,6.0,2.33,2.33,2.66,1.99,3.33,3.0,4.0,4.33,4.33,5.67,2.33,2.33,3.16,4.16,5.0
2422,1.0,1.0,1.0,2.0,2.0,2.0,4.0,3.0,4.0,2.0,4.0,4.0,5.0,6.0,4.0,6.0,5.0,5.0,1.0,1.0,1.0,2.0,1.0,2.0,2.0,2.0,2.0,2.0,3.0,3.0,1.33,1.66,4.0,3.0,4.69,5.68,1.0,1.67,2.33,2.33,1.5,3.5,5.18,1.34,2.33
2423,6.0,7.0,6.0,6.0,6.0,7.0,4.0,3.0,4.0,4.0,4.0,4.0,4.0,5.0,3.0,4.0,3.0,4.0,2.0,3.0,3.0,3.0,3.0,3.0,5.0,7.0,4.0,5.0,5.0,6.0,6.0,6.67,4.0,3.67,3.33,4.34,2.67,3.0,4.67,6.0,6.34,3.84,3.84,2.84,5.34
2424,3.0,3.0,4.0,3.0,3.0,4.0,5.0,4.0,5.0,5.0,4.0,4.0,1.0,2.0,1.0,2.0,1.0,1.0,4.0,4.0,4.0,5.0,4.0,5.0,3.0,4.0,3.0,4.0,3.0,4.0,3.33,3.33,4.67,4.34,1.0,1.65,4.0,4.67,3.0,4.0,3.33,4.5,1.32,4.34,3.5
2425,6.0,7.0,6.0,7.0,6.0,6.0,7.0,7.0,7.0,7.0,7.0,7.0,5.0,6.0,4.0,5.0,5.0,6.0,6.0,6.0,6.0,7.0,6.0,6.0,4.0,5.0,5.0,5.0,5.0,6.0,6.0,6.67,7.0,7.0,4.69,5.69,6.0,6.33,4.67,5.33,6.34,7.0,5.19,6.16,5.0
2426,1.0,1.0,1.0,1.0,1.0,1.0,5.0,4.0,5.0,5.0,6.0,5.0,6.0,4.0,4.0,4.0,4.0,5.0,3.0,4.0,4.0,4.0,4.0,6.0,4.0,5.0,4.0,5.0,5.0,5.0,1.0,1.0,5.34,4.67,4.67,4.35,3.67,4.67,4.33,5.0,1.0,5.0,4.51,4.17,4.66
2427,1.0,1.0,1.0,1.0,1.0,1.0,4.0,4.0,4.0,4.0,3.0,3.0,3.0,2.0,1.0,2.0,2.0,2.0,3.0,4.0,3.0,4.0,3.0,3.0,3.0,3.0,3.0,3.0,3.0,4.0,1.0,1.0,3.67,3.67,1.99,1.99,3.0,3.67,3.0,3.33,1.0,3.67,1.99,3.34,3.16
2428,2.0,1.0,1.0,1.0,1.0,1.0,4.0,4.0,5.0,4.0,4.0,4.0,4.0,5.0,4.0,5.0,4.0,4.0,4.0,6.0,4.0,5.0,4.0,6.0,2.0,3.0,2.0,3.0,2.0,2.0,1.34,1.0,4.34,4.0,4.01,4.67,4.0,5.67,2.0,2.67,1.17,4.17,4.34,4.84,2.34
2429,4.0,5.0,4.0,4.0,5.0,5.0,3.0,3.0,3.0,3.0,3.0,3.0,3.0,4.0,3.0,3.0,1.0,2.0,3.0,4.0,3.0,4.0,4.0,4.0,4.0,4.0,3.0,4.0,3.0,4.0,4.33,4.67,3.0,3.0,2.31,2.99,3.33,4.0,3.33,4.0,4.5,3.0,2.65,3.66,3.66
2430,1.0,1.0,1.0,1.0,1.0,2.0,5.0,4.0,5.0,4.0,4.0,4.0,2.0,2.0,4.0,3.0,2.0,3.0,6.0,7.0,7.0,6.0,6.0,7.0,2.0,3.0,2.0,3.0,2.0,3.0,1.0,1.33,4.67,4.0,2.66,2.67,6.33,6.67,2.0,3.0,1.16,4.34,2.66,6.5,2.5
2431,2.0,3.0,2.0,2.0,3.0,2.0,4.0,4.0,3.0,4.0,3.0,3.0,1.0,1.0,1.0,1.0,1.0,1.0,1.0,1.0,1.0,2.0,1.0,2.0,3.0,4.0,2.0,4.0,3.0,4.0,2.33,2.34,3.33,3.67,1.0,1.0,1.0,1.67,2.67,4.0,2.34,3.5,1.0,1.34,3.34
2432,6.0,6.0,6.0,7.0,4.0,7.0,3.0,3.0,4.0,3.0,4.0,3.0,4.0,4.0,4.0,4.0,3.0,4.0,2.0,2.0,1.0,2.0,2.0,2.0,1.0,2.0,2.0,2.0,1.0,1.0,5.34,6.67,3.66,3.0,3.66,4.01,1.67,2.0,1.33,1.67,6.0,3.33,3.84,1.84,1.5
2433,6.0,6.0,7.0,7.0,7.0,7.0,4.0,4.0,5.0,5.0,5.0,4.0,3.0,2.0,2.0,2.0,1.0,2.0,4.0,5.0,5.0,5.0,5.0,5.0,7.0,7.0,7.0,7.0,7.0,7.0,6.66,6.67,4.67,4.34,1.97,1.99,4.67,5.0,7.0,7.0,6.66,4.5,1.98,4.84,7.0
2434,3.0,4.0,4.0,5.0,4.0,4.0,4.0,4.0,4.0,4.0,5.0,4.0,1.0,2.0,1.0,1.0,1.0,1.0,4.0,3.0,4.0,4.0,2.0,4.0,2.0,3.0,2.0,3.0,3.0,3.0,3.66,4.33,4.33,4.0,1.0,1.32,3.33,3.67,2.33,3.0,4.0,4.16,1.16,3.5,2.66
2435,4.0,5.0,5.0,4.0,3.0,5.0,5.0,5.0,6.0,5.0,5.0,5.0,6.0,6.0,6.0,7.0,6.0,6.0,7.0,7.0,7.0,7.0,7.0,7.0,4.0,5.0,4.0,5.0,5.0,6.0,4.01,4.67,5.34,5.01,6.03,6.35,7.0,7.0,4.33,5.33,4.34,5.18,6.19,7.0,4.83
2436,2.0,2.0,2.0,2.0,3.0,2.0,4.0,4.0,5.0,4.0,4.0,4.0,5.0,4.0,4.0,5.0,4.0,4.0,5.0,6.0,6.0,7.0,5.0,6.0,3.0,5.0,4.0,5.0,4.0,5.0,2.33,2.0,4.34,4.0,4.34,4.34,5.33,6.33,3.67,5.0,2.16,4.17,4.34,5.83,4.34
2437,3.0,5.0,3.0,4.0,4.0,4.0,5.0,5.0,6.0,6.0,6.0,6.0,3.0,4.0,4.0,5.0,3.0,3.0,3.0,4.0,3.0,4.0,4.0,5.0,2.0,3.0,2.0,3.0,1.0,3.0,3.33,4.34,5.67,5.68,3.34,4.0,3.33,4.33,1.67,3.0,3.84,5.68,3.67,3.83,2.34
2438,7.0,7.0,7.0,7.0,7.0,7.0,5.0,3.0,5.0,4.0,5.0,5.0,6.0,5.0,6.0,7.0,5.0,6.0,5.0,5.0,4.0,5.0,4.0,5.0,4.0,5.0,3.0,5.0,4.0,5.0,7.0,7.0,5.0,4.0,5.68,6.02,4.33,5.0,3.67,5.0,7.0,4.5,5.85,4.66,4.34
2439,3.0,3.0,3.0,4.0,3.0,2.0,2.0,1.0,2.0,2.0,2.0,2.0,2.0,3.0,3.0,3.0,2.0,2.0,6.0,7.0,7.0,7.0,7.0,7.0,4.0,5.0,4.0,5.0,5.0,6.0,3.0,3.0,1.99,1.66,2.33,2.66,6.67,7.0,4.33,5.33,3.0,1.82,2.5,6.84,4.83
2440,1.0,2.0,1.0,2.0,1.0,1.0,5.0,5.0,6.0,6.0,6.0,5.0,1.0,1.0,1.0,1.0,1.0,1.0,3.0,4.0,3.0,4.0,3.0,4.0,1.0,2.0,2.0,2.0,1.0,3.0,1.0,1.67,5.67,5.34,1.0,1.0,3.0,4.0,1.33,2.33,1.34,5.5,1.0,3.5,1.83
2441,1.0,2.0,2.0,3.0,1.0,2.0,2.0,2.0,4.0,3.0,3.0,2.0,4.0,5.0,4.0,4.0,3.0,3.0,5.0,4.0,5.0,5.0,5.0,6.0,3.0,4.0,3.0,4.0,4.0,4.0,1.33,2.33,3.0,2.33,3.66,4.0,5.0,5.0,3.33,4.0,1.83,2.66,3.83,5.0,3.66
2442,2.0,2.0,2.0,2.0,2.0,2.0,5.0,5.0,4.0,4.0,4.0,4.0,3.0,4.0,3.0,4.0,3.0,3.0,3.0,3.0,2.0,4.0,2.0,3.0,2.0,4.0,3.0,4.0,3.0,3.0,2.0,2.0,4.34,4.34,3.0,3.66,2.33,3.33,2.67,3.67,2.0,4.34,3.33,2.83,3.17
2443,5.0,6.0,6.0,5.0,5.0,5.0,4.0,5.0,5.0,4.0,4.0,4.0,2.0,3.0,3.0,4.0,3.0,4.0,3.0,4.0,4.0,5.0,4.0,4.0,3.0,5.0,3.0,5.0,4.0,5.0,5.34,5.34,4.34,4.34,2.68,3.67,3.67,4.33,3.33,5.0,5.34,4.34,3.18,4.0,4.16
2444,4.0,4.0,4.0,4.0,3.0,3.0,4.0,4.0,5.0,4.0,5.0,5.0,6.0,7.0,6.0,5.0,4.0,4.0,2.0,2.0,3.0,3.0,3.0,3.0,6.0,7.0,6.0,7.0,6.0,6.0,3.67,3.67,4.67,4.34,5.33,5.33,2.67,2.67,6.0,6.67,3.67,4.5,5.33,2.67,6.34
2445,6.0,7.0,6.0,6.0,6.0,7.0,4.0,3.0,4.0,4.0,3.0,3.0,3.0,3.0,3.0,3.0,3.0,3.0,4.0,4.0,4.0,4.0,3.0,4.0,3.0,5.0,4.0,5.0,3.0,4.0,6.0,6.67,3.67,3.33,3.0,3.0,3.67,4.0,3.33,4.67,6.34,3.5,3.0,3.84,4.0
2446,2.0,3.0,3.0,3.0,3.0,3.0,2.0,2.0,3.0,3.0,3.0,3.0,2.0,3.0,2.0,3.0,2.0,1.0,1.0,2.0,1.0,2.0,1.0,1.0,6.0,6.0,7.0,7.0,5.0,6.0,2.66,3.0,2.66,2.66,2.0,2.31,1.0,1.67,6.0,6.33,2.83,2.66,2.16,1.34,6.16
2447,3.0,3.0,3.0,4.0,4.0,3.0,5.0,5.0,5.0,5.0,5.0,4.0,7.0,7.0,7.0,7.0,7.0,6.0,6.0,6.0,7.0,7.0,6.0,7.0,4.0,6.0,4.0,4.0,5.0,5.0,3.33,3.33,5.0,4.67,7.0,6.69,6.33,6.67,4.33,5.0,3.33,4.84,6.85,6.5,4.66
2448,3.0,4.0,3.0,4.0,4.0,4.0,5.0,4.0,4.0,4.0,4.0,5.0,5.0,5.0,4.0,4.0,4.0,5.0,7.0,7.0,6.0,7.0,6.0,7.0,4.0,5.0,5.0,6.0,3.0,4.0,3.33,4.0,4.34,4.34,4.34,4.68,6.33,7.0,4.0,5.0,3.66,4.34,4.51,6.66,4.5
2449,2.0,1.0,1.0,2.0,2.0,1.0,5.0,4.0,5.0,4.0,4.0,4.0,2.0,3.0,2.0,3.0,1.0,2.0,7.0,7.0,6.0,7.0,7.0,7.0,4.0,5.0,4.0,5.0,4.0,4.0,1.67,1.33,4.67,4.0,1.65,2.66,6.67,7.0,4.0,4.67,1.5,4.34,2.16,6.84,4.34
2450,1.0,1.0,1.0,1.0,1.0,1.0,5.0,5.0,5.0,5.0,5.0,6.0,2.0,3.0,2.0,2.0,2.0,2.0,3.0,3.0,4.0,2.0,2.0,2.0,2.0,3.0,2.0,4.0,3.0,3.0,1.0,1.0,5.0,5.34,2.0,2.32,3.0,2.33,2.33,3.33,1.0,5.17,2.16,2.66,2.83
2451,7.0,7.0,7.0,7.0,7.0,7.0,3.0,3.0,3.0,3.0,4.0,3.0,6.0,6.0,6.0,6.0,5.0,5.0,5.0,6.0,5.0,5.0,4.0,5.0,5.0,5.0,4.0,5.0,4.0,5.0,7.0,7.0,3.33,3.0,5.68,5.68,4.67,5.33,4.33,5.0,7.0,3.16,5.68,5.0,4.66
2452,2.0,4.0,3.0,3.0,4.0,4.0,7.0,7.0,7.0,7.0,7.0,6.0,3.0,3.0,2.0,2.0,2.0,3.0,6.0,6.0,6.0,6.0,6.0,4.0,5.0,6.0,6.0,7.0,6.0,7.0,2.99,3.67,7.0,6.68,2.32,2.67,6.0,5.33,5.67,6.67,3.33,6.84,2.5,5.66,6.17
2453,2.0,3.0,4.0,3.0,2.0,3.0,6.0,5.0,6.0,6.0,5.0,5.0,2.0,2.0,1.0,2.0,2.0,2.0,4.0,5.0,5.0,5.0,4.0,4.0,6.0,7.0,6.0,7.0,7.0,6.0,2.67,3.0,5.68,5.34,1.66,1.99,4.33,4.67,6.33,6.67,2.84,5.51,1.82,4.5,6.5
2454,1.0,1.0,1.0,1.0,2.0,1.0,5.0,6.0,6.0,5.0,6.0,6.0,2.0,2.0,2.0,3.0,1.0,1.0,1.0,1.0,1.0,1.0,1.0,1.0,2.0,4.0,3.0,4.0,2.0,3.0,1.33,1.0,5.67,5.68,1.65,1.98,1.0,1.0,2.33,3.67,1.16,5.68,1.82,1.0,3.0
2455,1.0,1.0,1.0,1.0,1.0,1.0,1.0,2.0,2.0,2.0,2.0,1.0,3.0,4.0,3.0,3.0,3.0,3.0,4.0,4.0,4.0,5.0,4.0,5.0,4.0,5.0,4.0,5.0,3.0,5.0,1.0,1.0,1.66,1.66,3.0,3.33,4.0,4.67,3.67,5.0,1.0,1.66,3.16,4.34,4.34
2456,1.0,2.0,3.0,3.0,2.0,2.0,3.0,2.0,2.0,3.0,2.0,1.0,6.0,6.0,7.0,7.0,6.0,5.0,2.0,3.0,2.0,3.0,3.0,3.0,3.0,3.0,3.0,3.0,2.0,3.0,2.0,2.33,2.33,1.99,6.36,6.01,2.33,3.0,2.67,3.0,2.16,2.16,6.18,2.66,2.84
2457,3.0,3.0,2.0,3.0,3.0,4.0,2.0,2.0,3.0,2.0,2.0,1.0,1.0,3.0,3.0,1.0,2.0,2.0,3.0,4.0,4.0,5.0,4.0,4.0,1.0,2.0,1.0,2.0,1.0,2.0,2.67,3.33,2.33,1.66,2.0,1.99,3.67,4.33,1.0,2.0,3.0,2.0,2.0,4.0,1.5
2458,1.0,1.0,1.0,2.0,1.0,1.0,2.0,2.0,2.0,2.0,2.0,2.0,2.0,2.0,1.0,2.0,1.0,3.0,5.0,5.0,5.0,4.0,5.0,6.0,2.0,3.0,2.0,3.0,2.0,3.0,1.0,1.33,1.99,1.99,1.31,2.33,5.0,5.0,2.0,3.0,1.16,1.99,1.82,5.0,2.5
2459,2.0,2.0,2.0,2.0,2.0,2.0,3.0,2.0,3.0,3.0,4.0,3.0,2.0,2.0,2.0,2.0,2.0,2.0,3.0,4.0,2.0,3.0,2.0,4.0,3.0,4.0,1.0,3.0,2.0,2.0,2.0,2.0,3.33,2.66,2.0,1.99,2.33,3.67,2.0,3.0,2.0,3.0,2.0,3.0,2.5
2460,2.0,2.0,2.0,2.0,1.0,2.0,5.0,5.0,7.0,6.0,6.0,6.0,3.0,4.0,3.0,4.0,4.0,3.0,7.0,7.0,7.0,7.0,6.0,7.0,6.0,7.0,6.0,7.0,7.0,7.0,1.67,2.0,6.01,5.68,3.35,3.66,6.67,7.0,6.33,7.0,1.84,5.84,3.5,6.84,6.66
2461,1.0,2.0,1.0,2.0,1.0,2.0,3.0,3.0,3.0,3.0,3.0,3.0,4.0,5.0,5.0,6.0,4.0,4.0,5.0,5.0,5.0,6.0,5.0,5.0,5.0,6.0,5.0,6.0,5.0,6.0,1.0,2.0,3.0,3.0,4.35,5.0,5.0,5.33,5.0,6.0,1.5,3.0,4.68,5.16,5.5
2462,2.0,1.0,1.0,2.0,2.0,1.0,5.0,5.0,6.0,6.0,6.0,5.0,5.0,6.0,6.0,7.0,5.0,6.0,3.0,4.0,4.0,4.0,3.0,4.0,3.0,3.0,3.0,4.0,3.0,3.0,1.67,1.33,5.67,5.34,5.35,6.35,3.33,4.0,3.0,3.33,1.5,5.5,5.85,3.66,3.16
2463,5.0,6.0,5.0,6.0,5.0,6.0,3.0,2.0,3.0,2.0,3.0,3.0,3.0,4.0,3.0,5.0,4.0,4.0,3.0,4.0,3.0,4.0,3.0,4.0,2.0,3.0,2.0,2.0,2.0,3.0,5.0,6.0,3.0,2.33,3.35,4.34,3.0,4.0,2.0,2.67,5.5,2.66,3.84,3.5,2.34
2464,4.0,5.0,5.0,6.0,5.0,6.0,1.0,1.0,1.0,1.0,1.0,1.0,5.0,6.0,4.0,5.0,4.0,5.0,4.0,5.0,4.0,5.0,5.0,4.0,1.0,2.0,1.0,2.0,1.0,1.0,4.66,5.66,1.0,1.0,4.34,5.35,4.33,4.67,1.0,1.67,5.16,1.0,4.84,4.5,1.34
2465,2.0,2.0,1.0,1.0,1.0,2.0,6.0,5.0,6.0,6.0,7.0,6.0,4.0,4.0,2.0,3.0,2.0,2.0,5.0,6.0,4.0,5.0,4.0,6.0,2.0,3.0,3.0,3.0,3.0,3.0,1.34,1.67,6.34,5.68,2.65,2.99,4.33,5.67,2.67,3.0,1.5,6.01,2.82,5.0,2.84
2466,3.0,5.0,4.0,5.0,4.0,5.0,3.0,2.0,3.0,2.0,3.0,3.0,2.0,4.0,3.0,3.0,2.0,2.0,4.0,4.0,4.0,6.0,5.0,6.0,4.0,5.0,4.0,4.0,5.0,6.0,3.66,5.0,3.0,2.33,2.33,2.99,4.33,5.33,4.33,5.0,4.33,2.66,2.66,4.83,4.66
2467,1.0,1.0,1.0,1.0,1.0,1.0,6.0,4.0,5.0,5.0,5.0,5.0,4.0,5.0,3.0,4.0,3.0,4.0,4.0,4.0,3.0,3.0,3.0,4.0,4.0,6.0,5.0,6.0,5.0,6.0,1.0,1.0,5.34,4.67,3.33,4.34,3.33,3.67,4.67,6.0,1.0,5.0,3.84,3.5,5.34
2468,5.0,5.0,5.0,5.0,6.0,5.0,4.0,5.0,6.0,5.0,5.0,4.0,3.0,2.0,3.0,2.0,2.0,2.0,6.0,6.0,5.0,6.0,6.0,6.0,2.0,3.0,1.0,2.0,2.0,3.0,5.33,5.0,5.0,4.67,2.65,1.99,5.67,6.0,1.67,2.67,5.16,4.84,2.32,5.84,2.17
2469,3.0,5.0,3.0,4.0,3.0,6.0,4.0,4.0,4.0,4.0,4.0,4.0,3.0,4.0,4.0,3.0,2.0,3.0,2.0,2.0,2.0,3.0,1.0,2.0,1.0,2.0,1.0,2.0,2.0,2.0,3.0,5.0,4.0,4.0,2.99,3.33,1.67,2.33,1.33,2.0,4.0,4.0,3.16,2.0,1.66
2470,3.0,2.0,4.0,4.0,4.0,4.0,1.0,1.0,2.0,2.0,2.0,2.0,6.0,6.0,5.0,5.0,4.0,5.0,5.0,5.0,5.0,6.0,4.0,5.0,3.0,4.0,4.0,4.0,2.0,4.0,3.66,3.33,1.66,1.66,5.0,5.35,4.67,5.33,3.0,4.0,3.5,1.66,5.18,5.0,3.5
2471,1.0,1.0,1.0,2.0,1.0,2.0,4.0,3.0,5.0,5.0,4.0,4.0,2.0,3.0,3.0,4.0,2.0,3.0,4.0,4.0,4.0,5.0,3.0,4.0,4.0,6.0,5.0,6.0,5.0,5.0,1.0,1.66,4.34,4.0,2.33,3.33,3.67,4.33,4.67,5.67,1.33,4.17,2.83,4.0,5.17
2472,3.0,3.0,2.0,3.0,2.0,4.0,3.0,3.0,5.0,3.0,4.0,3.0,2.0,3.0,2.0,4.0,1.0,2.0,3.0,4.0,3.0,4.0,3.0,4.0,4.0,5.0,3.0,4.0,4.0,5.0,2.34,3.33,4.0,3.0,1.65,2.99,3.0,4.0,3.67,4.67,2.84,3.5,2.32,3.5,4.17
2473,3.0,4.0,3.0,3.0,2.0,2.0,4.0,4.0,6.0,5.0,5.0,4.0,3.0,3.0,2.0,2.0,2.0,1.0,2.0,3.0,2.0,3.0,1.0,2.0,3.0,3.0,3.0,4.0,2.0,3.0,2.67,3.01,5.0,4.34,2.32,1.98,1.67,2.67,2.67,3.33,2.84,4.67,2.15,2.17,3.0
2474,1.0,1.0,1.0,2.0,1.0,2.0,1.0,1.0,1.0,1.0,1.0,1.0,3.0,3.0,2.0,3.0,2.0,3.0,2.0,3.0,3.0,3.0,2.0,3.0,1.0,1.0,1.0,1.0,2.0,2.0,1.0,1.66,1.0,1.0,2.32,3.0,2.33,3.0,1.33,1.33,1.33,1.0,2.66,2.66,1.33
2475,6.0,6.0,7.0,7.0,7.0,7.0,4.0,4.0,4.0,4.0,5.0,4.0,3.0,3.0,3.0,3.0,3.0,4.0,6.0,7.0,7.0,7.0,7.0,6.0,3.0,4.0,4.0,3.0,3.0,4.0,6.66,6.67,4.33,4.0,3.0,3.34,6.67,6.67,3.33,3.67,6.66,4.16,3.17,6.67,3.5
2476,4.0,4.0,3.0,2.0,3.0,4.0,5.0,5.0,5.0,4.0,5.0,5.0,2.0,2.0,2.0,2.0,2.0,2.0,6.0,6.0,6.0,4.0,5.0,7.0,6.0,6.0,6.0,6.0,5.0,6.0,3.34,3.33,5.0,4.67,2.0,1.99,5.67,5.67,5.67,6.0,3.34,4.84,2.0,5.67,5.84
2477,1.0,1.0,1.0,1.0,1.0,1.0,4.0,3.0,5.0,4.0,5.0,3.0,4.0,5.0,5.0,6.0,4.0,3.0,2.0,3.0,2.0,2.0,2.0,3.0,2.0,2.0,3.0,3.0,2.0,2.0,1.0,1.0,4.67,3.33,4.35,4.66,2.0,2.67,2.33,2.33,1.0,4.0,4.5,2.34,2.33
2478,3.0,4.0,3.0,4.0,3.0,5.0,4.0,5.0,5.0,5.0,4.0,4.0,1.0,1.0,1.0,1.0,1.0,2.0,2.0,3.0,3.0,3.0,2.0,3.0,2.0,4.0,3.0,4.0,3.0,4.0,3.0,4.33,4.34,4.67,1.0,1.33,2.33,3.0,2.67,4.0,3.66,4.5,1.16,2.66,3.34
2479,1.0,2.0,2.0,2.0,2.0,2.0,2.0,1.0,3.0,2.0,2.0,2.0,1.0,1.0,1.0,1.0,1.0,1.0,3.0,4.0,4.0,4.0,3.0,3.0,2.0,1.0,1.0,2.0,1.0,2.0,1.66,2.0,2.33,1.66,1.0,1.0,3.33,3.67,1.33,1.67,1.83,2.0,1.0,3.5,1.5
2480,1.0,1.0,1.0,2.0,2.0,2.0,3.0,1.0,2.0,2.0,2.0,1.0,2.0,3.0,2.0,2.0,1.0,1.0,4.0,3.0,4.0,5.0,4.0,5.0,6.0,6.0,6.0,6.0,6.0,7.0,1.33,1.66,2.33,1.32,1.65,1.98,4.0,4.33,6.0,6.33,1.5,1.83,1.82,4.16,6.16
2481,6.0,6.0,6.0,7.0,6.0,6.0,6.0,5.0,6.0,5.0,6.0,5.0,3.0,3.0,3.0,3.0,2.0,3.0,6.0,6.0,4.0,6.0,6.0,6.0,6.0,7.0,5.0,6.0,7.0,7.0,6.0,6.33,6.01,5.01,2.65,3.0,5.34,6.0,6.0,6.67,6.16,5.51,2.82,5.67,6.34
2482,2.0,2.0,2.0,3.0,2.0,2.0,5.0,3.0,4.0,4.0,4.0,4.0,3.0,4.0,4.0,5.0,3.0,4.0,3.0,3.0,3.0,3.0,3.0,3.0,5.0,6.0,4.0,6.0,4.0,5.0,2.0,2.33,4.34,3.67,3.34,4.34,3.0,3.0,4.33,5.67,2.16,4.0,3.84,3.0,5.0
2483,4.0,6.0,6.0,6.0,6.0,7.0,1.0,1.0,1.0,1.0,1.0,1.0,3.0,4.0,4.0,4.0,3.0,4.0,4.0,4.0,4.0,5.0,3.0,3.0,6.0,7.0,7.0,7.0,6.0,7.0,5.33,6.33,1.0,1.0,3.34,4.01,3.67,4.0,6.33,7.0,5.83,1.0,3.68,3.84,6.66
2484,1.0,1.0,1.0,1.0,1.0,1.0,3.0,2.0,3.0,3.0,3.0,3.0,3.0,3.0,2.0,3.0,2.0,2.0,1.0,1.0,1.0,2.0,1.0,1.0,3.0,4.0,2.0,4.0,3.0,4.0,1.0,1.0,3.0,2.66,2.32,2.66,1.0,1.33,2.67,4.0,1.0,2.83,2.49,1.16,3.34
2485,3.0,3.0,2.0,4.0,4.0,3.0,7.0,6.0,7.0,6.0,7.0,6.0,6.0,6.0,6.0,6.0,5.0,6.0,6.0,7.0,7.0,7.0,6.0,7.0,4.0,5.0,4.0,4.0,3.0,5.0,3.0,3.33,7.0,6.01,5.68,6.02,6.33,7.0,3.67,4.67,3.16,6.5,5.85,6.66,4.17
2486,3.0,3.0,3.0,3.0,2.0,2.0,5.0,4.0,5.0,5.0,5.0,6.0,4.0,4.0,4.0,4.0,4.0,4.0,7.0,7.0,7.0,7.0,7.0,7.0,7.0,7.0,7.0,7.0,7.0,7.0,2.67,2.67,5.0,5.01,4.01,4.01,7.0,7.0,7.0,7.0,2.67,5.0,4.01,7.0,7.0
2487,3.0,3.0,4.0,4.0,4.0,4.0,3.0,3.0,4.0,3.0,4.0,4.0,3.0,4.0,3.0,4.0,3.0,4.0,1.0,1.0,2.0,2.0,2.0,2.0,3.0,1.0,1.0,1.0,1.0,1.0,3.66,3.66,3.66,3.33,3.0,4.01,1.67,1.67,1.67,1.0,3.66,3.5,3.5,1.67,1.34
2488,3.0,3.0,2.0,3.0,3.0,5.0,5.0,4.0,5.0,5.0,5.0,5.0,1.0,1.0,1.0,1.0,1.0,1.0,6.0,6.0,5.0,6.0,4.0,6.0,4.0,5.0,4.0,5.0,3.0,5.0,2.67,3.66,5.0,4.67,1.0,1.0,5.0,6.0,3.67,5.0,3.16,4.84,1.0,5.5,4.34
2489,7.0,7.0,6.0,7.0,7.0,7.0,5.0,4.0,6.0,6.0,5.0,5.0,5.0,5.0,4.0,4.0,4.0,5.0,6.0,6.0,6.0,5.0,6.0,6.0,6.0,6.0,6.0,7.0,5.0,7.0,6.67,7.0,5.34,5.01,4.34,4.68,6.0,5.67,5.67,6.67,6.84,5.18,4.51,5.84,6.17
2490,1.0,1.0,1.0,1.0,1.0,1.0,2.0,1.0,1.0,1.0,2.0,1.0,1.0,1.0,1.0,1.0,1.0,1.0,3.0,3.0,2.0,3.0,4.0,4.0,1.0,2.0,1.0,1.0,1.0,3.0,1.0,1.0,1.66,1.0,1.0,1.0,3.0,3.33,1.0,2.0,1.0,1.33,1.0,3.16,1.5
2491,4.0,5.0,5.0,5.0,3.0,5.0,2.0,1.0,2.0,2.0,2.0,1.0,1.0,1.0,1.0,2.0,1.0,1.0,3.0,3.0,3.0,2.0,3.0,3.0,2.0,4.0,2.0,3.0,2.0,3.0,4.01,5.0,1.99,1.32,1.0,1.32,3.0,2.67,2.0,3.33,4.5,1.66,1.16,2.84,2.66
2492,5.0,5.0,4.0,6.0,4.0,5.0,3.0,2.0,3.0,4.0,3.0,3.0,6.0,5.0,6.0,6.0,5.0,5.0,5.0,5.0,5.0,5.0,5.0,5.0,2.0,3.0,2.0,3.0,2.0,3.0,4.34,5.33,3.0,3.0,5.68,5.35,5.0,5.0,2.0,3.0,4.84,3.0,5.52,5.0,2.5
2493,2.0,2.0,2.0,2.0,2.0,3.0,4.0,4.0,5.0,5.0,5.0,6.0,5.0,6.0,4.0,6.0,4.0,5.0,2.0,3.0,2.0,4.0,2.0,4.0,4.0,6.0,5.0,6.0,4.0,5.0,2.0,2.33,4.67,5.01,4.34,5.68,2.0,3.67,4.33,5.67,2.16,4.84,5.01,2.84,5.0
2494,2.0,3.0,1.0,3.0,3.0,3.0,3.0,2.0,4.0,3.0,3.0,3.0,2.0,3.0,2.0,3.0,2.0,2.0,4.0,6.0,4.0,5.0,4.0,5.0,5.0,6.0,4.0,5.0,6.0,5.0,2.0,3.0,3.33,2.66,2.0,2.66,4.0,5.33,5.0,5.33,2.5,3.0,2.33,4.66,5.16
2495,3.0,3.0,3.0,4.0,2.0,3.0,5.0,6.0,6.0,6.0,7.0,6.0,1.0,1.0,1.0,1.0,1.0,1.0,4.0,5.0,5.0,6.0,4.0,5.0,2.0,3.0,2.0,3.0,2.0,2.0,2.67,3.33,6.01,6.01,1.0,1.0,4.33,5.33,2.0,2.67,3.0,6.01,1.0,4.83,2.34
2496,6.0,6.0,6.0,7.0,6.0,6.0,6.0,5.0,7.0,5.0,6.0,6.0,2.0,2.0,2.0,3.0,3.0,3.0,4.0,4.0,3.0,4.0,4.0,5.0,4.0,5.0,5.0,6.0,5.0,5.0,6.0,6.33,6.34,5.34,2.35,2.67,3.67,4.33,4.67,5.33,6.16,5.84,2.51,4.0,5.0
2497,2.0,3.0,2.0,4.0,2.0,3.0,4.0,4.0,4.0,4.0,4.0,4.0,3.0,2.0,3.0,3.0,2.0,4.0,3.0,4.0,4.0,5.0,4.0,3.0,4.0,4.0,3.0,5.0,4.0,4.0,2.0,3.33,4.0,4.0,2.65,3.01,3.67,4.0,3.67,4.33,2.66,4.0,2.83,3.84,4.0
2498,4.0,5.0,5.0,5.0,4.0,5.0,2.0,2.0,2.0,2.0,2.0,1.0,3.0,5.0,3.0,4.0,3.0,5.0,5.0,6.0,4.0,5.0,5.0,6.0,3.0,3.0,2.0,3.0,2.0,3.0,4.33,5.0,1.99,1.66,3.0,4.68,4.67,5.67,2.33,3.0,4.66,1.82,3.84,5.17,2.66
2499,1.0,1.0,1.0,1.0,1.0,1.0,4.0,5.0,4.0,4.0,4.0,4.0,2.0,1.0,1.0,2.0,1.0,1.0,1.0,1.0,1.0,1.0,1.0,2.0,1.0,1.0,1.0,1.0,1.0,1.0,1.0,1.0,4.0,4.34,1.31,1.32,1.0,1.33,1.0,1.0,1.0,4.17,1.32,1.16,1.0
2500,4.0,4.0,3.0,4.0,3.0,4.0,3.0,2.0,3.0,3.0,3.0,3.0,7.0,7.0,7.0,7.0,6.0,7.0,3.0,4.0,3.0,4.0,3.0,5.0,3.0,2.0,2.0,3.0,3.0,3.0,3.34,4.0,3.0,2.66,6.69,7.0,3.0,4.33,2.67,2.67,3.67,2.83,6.85,3.66,2.67
2501,3.0,5.0,3.0,3.0,3.0,2.0,5.0,5.0,5.0,5.0,6.0,5.0,1.0,1.0,1.0,1.0,1.0,1.0,6.0,7.0,7.0,7.0,7.0,7.0,5.0,5.0,3.0,5.0,5.0,5.0,3.0,3.34,5.34,5.01,1.0,1.0,6.67,7.0,4.33,5.0,3.17,5.18,1.0,6.84,4.66
2502,2.0,2.0,2.0,2.0,2.0,3.0,4.0,4.0,5.0,5.0,5.0,4.0,4.0,4.0,4.0,4.0,3.0,4.0,2.0,3.0,3.0,3.0,2.0,3.0,2.0,4.0,3.0,3.0,3.0,4.0,2.0,2.33,4.67,4.34,3.66,4.01,2.33,3.0,2.67,3.67,2.16,4.5,3.84,2.66,3.17
2503,4.0,5.0,4.0,5.0,5.0,6.0,4.0,3.0,3.0,4.0,3.0,3.0,4.0,5.0,4.0,6.0,3.0,5.0,4.0,4.0,4.0,5.0,5.0,5.0,5.0,6.0,5.0,5.0,6.0,7.0,4.33,5.33,3.33,3.33,3.66,5.35,4.33,4.67,5.33,6.0,4.83,3.33,4.5,4.5,5.66
2504,1.0,1.0,1.0,1.0,1.0,1.0,4.0,4.0,5.0,4.0,4.0,4.0,1.0,1.0,1.0,2.0,1.0,2.0,4.0,5.0,5.0,5.0,4.0,5.0,6.0,6.0,6.0,6.0,5.0,6.0,1.0,1.0,4.34,4.0,1.0,1.66,4.33,5.0,5.67,6.0,1.0,4.17,1.33,4.66,5.84
2505,2.0,2.0,1.0,2.0,1.0,2.0,1.0,1.0,1.0,1.0,1.0,1.0,1.0,2.0,1.0,2.0,1.0,2.0,1.0,1.0,1.0,1.0,2.0,2.0,4.0,5.0,5.0,4.0,3.0,4.0,1.34,2.0,1.0,1.0,1.0,1.99,1.33,1.33,4.0,4.33,1.67,1.0,1.5,1.33,4.16
2506,2.0,3.0,2.0,2.0,2.0,2.0,1.0,1.0,3.0,2.0,2.0,1.0,1.0,1.0,1.0,1.0,1.0,1.0,4.0,5.0,4.0,4.0,5.0,4.0,2.0,4.0,1.0,3.0,1.0,2.0,2.0,2.34,1.99,1.32,1.0,1.0,4.33,4.33,1.33,3.0,2.17,1.66,1.0,4.33,2.16
2507,4.0,3.0,3.0,4.0,3.0,3.0,4.0,3.0,4.0,4.0,5.0,4.0,7.0,7.0,7.0,7.0,6.0,7.0,5.0,5.0,3.0,4.0,4.0,4.0,5.0,6.0,5.0,5.0,4.0,5.0,3.34,3.33,4.33,3.67,6.69,7.0,4.0,4.33,4.67,5.33,3.34,4.0,6.85,4.16,5.0
2508,1.0,2.0,2.0,2.0,3.0,2.0,3.0,3.0,4.0,3.0,4.0,3.0,1.0,2.0,1.0,1.0,1.0,1.0,5.0,5.0,5.0,5.0,5.0,6.0,5.0,6.0,5.0,6.0,5.0,6.0,1.99,2.0,3.66,3.0,1.0,1.32,5.0,5.33,5.0,6.0,2.0,3.33,1.16,5.16,5.5
2509,5.0,7.0,6.0,5.0,5.0,6.0,7.0,6.0,6.0,6.0,6.0,5.0,4.0,5.0,5.0,5.0,4.0,4.0,6.0,5.0,5.0,6.0,5.0,6.0,4.0,6.0,4.0,5.0,4.0,5.0,5.34,6.0,6.35,5.68,4.35,4.67,5.33,5.67,4.0,5.33,5.67,6.02,4.51,5.5,4.66
2510,2.0,2.0,3.0,3.0,3.0,3.0,4.0,3.0,5.0,4.0,4.0,4.0,1.0,1.0,1.0,1.0,1.0,1.0,2.0,2.0,2.0,3.0,3.0,3.0,3.0,3.0,2.0,2.0,2.0,3.0,2.66,2.66,4.34,3.67,1.0,1.0,2.33,2.67,2.33,2.67,2.66,4.0,1.0,2.5,2.5
2511,7.0,7.0,7.0,7.0,7.0,7.0,4.0,4.0,5.0,4.0,5.0,4.0,3.0,3.0,4.0,4.0,3.0,3.0,5.0,6.0,5.0,5.0,5.0,6.0,7.0,7.0,7.0,7.0,7.0,7.0,7.0,7.0,4.67,4.0,3.34,3.33,5.0,5.67,7.0,7.0,7.0,4.34,3.34,5.34,7.0
2512,7.0,7.0,7.0,7.0,7.0,7.0,3.0,2.0,2.0,2.0,4.0,3.0,2.0,2.0,1.0,1.0,1.0,1.0,6.0,6.0,6.0,7.0,7.0,7.0,2.0,3.0,3.0,3.0,2.0,3.0,7.0,7.0,2.99,2.33,1.31,1.32,6.33,6.67,2.33,3.0,7.0,2.66,1.32,6.5,2.66
2513,3.0,3.0,4.0,4.0,4.0,4.0,3.0,3.0,4.0,4.0,4.0,3.0,7.0,7.0,6.0,7.0,6.0,7.0,4.0,4.0,4.0,5.0,4.0,5.0,6.0,6.0,6.0,7.0,5.0,7.0,3.66,3.66,3.66,3.33,6.36,7.0,4.0,4.67,5.67,6.67,3.66,3.5,6.68,4.34,6.17
2514,2.0,2.0,2.0,2.0,2.0,3.0,2.0,1.0,2.0,2.0,2.0,1.0,2.0,2.0,2.0,2.0,2.0,3.0,1.0,2.0,1.0,1.0,1.0,1.0,2.0,3.0,3.0,4.0,3.0,4.0,2.0,2.33,1.99,1.32,2.0,2.33,1.0,1.33,2.67,3.67,2.16,1.66,2.16,1.16,3.17
2515,4.0,6.0,4.0,5.0,4.0,5.0,6.0,5.0,5.0,5.0,5.0,5.0,3.0,4.0,3.0,4.0,3.0,3.0,4.0,5.0,4.0,6.0,4.0,5.0,4.0,5.0,4.0,5.0,4.0,5.0,4.0,5.34,5.34,5.01,3.0,3.66,4.0,5.33,4.0,5.0,4.67,5.18,3.33,4.66,4.5
2516,2.0,2.0,1.0,1.0,1.0,2.0,3.0,3.0,3.0,3.0,2.0,2.0,1.0,2.0,1.0,2.0,2.0,2.0,2.0,1.0,1.0,1.0,1.0,1.0,1.0,2.0,1.0,1.0,2.0,3.0,1.34,1.67,2.66,2.66,1.34,1.99,1.33,1.0,1.33,2.0,1.5,2.66,1.66,1.16,1.66
2517,1.0,2.0,2.0,2.0,2.0,2.0,2.0,2.0,3.0,2.0,2.0,2.0,4.0,4.0,3.0,4.0,3.0,3.0,2.0,2.0,2.0,2.0,1.0,2.0,1.0,1.0,1.0,2.0,1.0,1.0,1.66,2.0,2.33,1.99,3.33,3.66,1.67,2.0,1.0,1.33,1.83,2.16,3.5,1.84,1.16
2518,3.0,2.0,3.0,3.0,2.0,3.0,1.0,1.0,1.0,2.0,1.0,1.0,7.0,7.0,7.0,7.0,7.0,7.0,5.0,5.0,6.0,6.0,6.0,6.0,7.0,7.0,7.0,7.0,7.0,7.0,2.67,2.66,1.0,1.32,7.0,7.0,5.67,5.67,7.0,7.0,2.66,1.16,7.0,5.67,7.0
2519,5.0,6.0,6.0,6.0,5.0,6.0,3.0,3.0,4.0,4.0,4.0,3.0,5.0,6.0,5.0,4.0,4.0,5.0,6.0,6.0,6.0,6.0,6.0,6.0,4.0,5.0,4.0,5.0,4.0,4.0,5.34,6.0,3.66,3.33,4.67,5.01,6.0,6.0,4.0,4.67,5.67,3.5,4.84,6.0,4.34
2520,5.0,5.0,3.0,5.0,5.0,5.0,6.0,5.0,6.0,6.0,7.0,6.0,2.0,3.0,2.0,2.0,1.0,1.0,3.0,4.0,3.0,3.0,3.0,4.0,1.0,1.0,1.0,1.0,1.0,1.0,4.33,5.0,6.34,5.68,1.65,1.98,3.0,3.67,1.0,1.0,4.66,6.01,1.82,3.34,1.0
2521,1.0,1.0,1.0,2.0,2.0,2.0,3.0,2.0,3.0,2.0,3.0,3.0,6.0,6.0,7.0,7.0,6.0,6.0,5.0,5.0,5.0,6.0,5.0,6.0,5.0,6.0,4.0,6.0,6.0,6.0,1.33,1.66,3.0,2.33,6.36,6.35,5.0,5.67,5.0,6.0,1.5,2.66,6.36,5.34,5.5
2522,1.0,1.0,1.0,1.0,1.0,1.0,1.0,1.0,1.0,1.0,1.0,1.0,3.0,4.0,4.0,4.0,3.0,4.0,1.0,1.0,1.0,1.0,1.0,1.0,2.0,4.0,2.0,3.0,3.0,4.0,1.0,1.0,1.0,1.0,3.34,4.01,1.0,1.0,2.33,3.67,1.0,1.0,3.68,1.0,3.0
2523,3.0,3.0,3.0,4.0,4.0,5.0,5.0,5.0,5.0,4.0,6.0,4.0,4.0,4.0,4.0,4.0,3.0,4.0,5.0,6.0,4.0,5.0,5.0,5.0,5.0,5.0,4.0,4.0,4.0,5.0,3.33,3.99,5.34,4.34,3.66,4.01,4.67,5.33,4.33,4.67,3.66,4.84,3.84,5.0,4.5
2524,3.0,2.0,2.0,3.0,2.0,4.0,3.0,3.0,5.0,5.0,4.0,4.0,7.0,7.0,7.0,7.0,7.0,7.0,5.0,5.0,5.0,6.0,4.0,6.0,3.0,4.0,3.0,4.0,4.0,4.0,2.34,2.99,4.0,4.0,7.0,7.0,4.67,5.67,3.33,4.0,2.66,4.0,7.0,5.17,3.66
2525,3.0,3.0,3.0,3.0,3.0,3.0,4.0,3.0,4.0,4.0,4.0,3.0,2.0,2.0,2.0,2.0,2.0,2.0,5.0,6.0,5.0,6.0,5.0,6.0,4.0,5.0,3.0,4.0,3.0,5.0,3.0,3.0,4.0,3.33,2.0,1.99,5.0,6.0,3.33,4.67,3.0,3.66,2.0,5.5,4.0
2526,6.0,7.0,7.0,7.0,7.0,7.0,6.0,7.0,7.0,7.0,7.0,7.0,7.0,7.0,7.0,7.0,7.0,7.0,7.0,7.0,6.0,7.0,7.0,7.0,5.0,6.0,6.0,7.0,6.0,7.0,6.66,7.0,6.68,7.0,7.0,7.0,6.67,7.0,5.67,6.67,6.83,6.84,7.0,6.84,6.17
2527,4.0,5.0,4.0,4.0,4.0,4.0,4.0,4.0,5.0,5.0,4.0,4.0,3.0,3.0,3.0,3.0,3.0,3.0,3.0,4.0,3.0,3.0,3.0,3.0,2.0,3.0,2.0,3.0,2.0,2.0,4.0,4.34,4.34,4.34,3.0,3.0,3.0,3.33,2.0,2.67,4.17,4.34,3.0,3.16,2.34
2528,2.0,2.0,2.0,3.0,2.0,3.0,6.0,4.0,6.0,5.0,5.0,5.0,2.0,2.0,2.0,3.0,1.0,2.0,2.0,2.0,1.0,2.0,1.0,2.0,4.0,5.0,5.0,5.0,4.0,4.0,2.0,2.66,5.68,4.67,1.65,2.32,1.33,2.0,4.33,4.67,2.33,5.18,1.98,1.66,4.5
2529,2.0,2.0,2.0,2.0,1.0,2.0,5.0,5.0,5.0,4.0,5.0,5.0,1.0,1.0,1.0,1.0,1.0,1.0,5.0,5.0,5.0,6.0,5.0,5.0,1.0,2.0,1.0,1.0,1.0,2.0,1.67,2.0,5.0,4.67,1.0,1.0,5.0,5.33,1.0,1.67,1.84,4.84,1.0,5.16,1.34
2530,4.0,3.0,3.0,4.0,3.0,5.0,3.0,3.0,3.0,2.0,2.0,2.0,1.0,2.0,2.0,2.0,2.0,2.0,2.0,3.0,2.0,3.0,3.0,3.0,1.0,2.0,1.0,2.0,1.0,2.0,3.34,3.99,2.66,2.33,1.67,1.99,2.33,3.0,1.0,2.0,3.66,2.5,1.83,2.66,1.5
2531,1.0,2.0,1.0,2.0,2.0,2.0,4.0,4.0,4.0,3.0,4.0,4.0,2.0,2.0,2.0,3.0,2.0,2.0,2.0,2.0,2.0,3.0,2.0,3.0,2.0,4.0,3.0,3.0,4.0,3.0,1.33,2.0,4.0,3.67,2.0,2.32,2.0,2.67,3.0,3.33,1.66,3.84,2.16,2.34,3.16
2532,3.0,3.0,3.0,3.0,2.0,3.0,4.0,4.0,4.0,5.0,4.0,4.0,4.0,5.0,4.0,5.0,3.0,4.0,5.0,5.0,5.0,5.0,4.0,6.0,3.0,4.0,4.0,5.0,3.0,4.0,2.67,3.0,4.0,4.34,3.66,4.67,4.67,5.33,3.33,4.33,2.84,4.17,4.16,5.0,3.83
2533,5.0,6.0,4.0,6.0,6.0,7.0,4.0,4.0,4.0,4.0,5.0,5.0,4.0,5.0,5.0,4.0,4.0,4.0,6.0,6.0,5.0,6.0,4.0,6.0,4.0,4.0,5.0,5.0,4.0,4.0,5.0,6.33,4.33,4.34,4.35,4.34,5.0,6.0,4.33,4.33,5.66,4.34,4.34,5.5,4.33
2534,1.0,1.0,1.0,2.0,1.0,2.0,4.0,3.0,5.0,4.0,3.0,4.0,4.0,5.0,5.0,4.0,3.0,4.0,3.0,3.0,2.0,3.0,3.0,3.0,4.0,4.0,4.0,6.0,4.0,3.0,1.0,1.66,4.0,3.67,4.0,4.34,2.67,3.0,4.0,4.33,1.33,3.84,4.17,2.84,4.16
2535,5.0,5.0,6.0,6.0,5.0,6.0,4.0,4.0,4.0,4.0,4.0,4.0,4.0,5.0,3.0,3.0,4.0,4.0,5.0,6.0,5.0,6.0,5.0,6.0,4.0,5.0,3.0,5.0,4.0,5.0,5.34,5.66,4.0,4.0,3.68,4.01,5.0,6.0,3.67,5.0,5.5,4.0,3.84,5.5,4.34
2536,2.0,3.0,2.0,3.0,2.0,3.0,4.0,4.0,5.0,5.0,4.0,4.0,2.0,2.0,1.0,2.0,2.0,2.0,4.0,4.0,2.0,2.0,3.0,4.0,4.0,5.0,3.0,4.0,3.0,4.0,2.0,3.0,4.34,4.34,1.66,1.99,3.0,3.33,3.33,4.33,2.5,4.34,1.82,3.16,3.83
2537,6.0,5.0,5.0,6.0,5.0,6.0,5.0,5.0,5.0,5.0,5.0,5.0,3.0,3.0,3.0,3.0,3.0,3.0,2.0,4.0,3.0,4.0,2.0,3.0,4.0,5.0,3.0,5.0,5.0,5.0,5.34,5.66,5.0,5.01,3.0,3.0,2.33,3.67,4.0,5.0,5.5,5.0,3.0,3.0,4.5
2538,3.0,3.0,2.0,2.0,3.0,3.0,4.0,3.0,4.0,3.0,3.0,3.0,5.0,6.0,5.0,5.0,5.0,4.0,5.0,7.0,6.0,7.0,6.0,7.0,4.0,5.0,5.0,6.0,5.0,6.0,2.67,2.67,3.67,3.0,5.02,5.0,5.67,7.0,4.67,5.67,2.67,3.34,5.01,6.34,5.17
2539,3.0,5.0,3.0,5.0,4.0,5.0,6.0,6.0,6.0,6.0,6.0,6.0,4.0,5.0,3.0,5.0,2.0,4.0,5.0,5.0,5.0,5.0,5.0,5.0,1.0,2.0,1.0,4.0,1.0,2.0,3.33,5.0,6.01,6.01,2.98,4.67,5.0,5.0,1.0,2.67,4.16,6.01,3.82,5.0,1.84
2540,1.0,1.0,1.0,2.0,1.0,1.0,3.0,3.0,3.0,3.0,4.0,3.0,4.0,4.0,5.0,5.0,3.0,4.0,4.0,6.0,4.0,6.0,4.0,5.0,1.0,3.0,1.0,2.0,2.0,3.0,1.0,1.33,3.33,3.0,4.0,4.34,4.0,5.67,1.33,2.67,1.16,3.16,4.17,4.84,2.0
2541,6.0,6.0,5.0,6.0,6.0,7.0,4.0,5.0,5.0,5.0,5.0,5.0,3.0,4.0,3.0,4.0,4.0,5.0,3.0,3.0,3.0,3.0,3.0,3.0,1.0,2.0,3.0,2.0,3.0,2.0,5.67,6.33,4.67,5.01,3.35,4.35,3.0,3.0,2.33,2.0,6.0,4.84,3.85,3.0,2.16
2542,6.0,5.0,5.0,5.0,4.0,6.0,7.0,7.0,7.0,7.0,7.0,7.0,7.0,7.0,6.0,6.0,5.0,7.0,3.0,3.0,3.0,4.0,3.0,4.0,5.0,6.0,5.0,5.0,5.0,6.0,5.01,5.33,7.0,7.0,6.01,6.7,3.0,3.67,5.0,5.67,5.17,7.0,6.36,3.34,5.34
2543,3.0,3.0,2.0,2.0,3.0,4.0,3.0,4.0,4.0,3.0,4.0,4.0,3.0,4.0,3.0,4.0,2.0,3.0,6.0,6.0,7.0,7.0,6.0,7.0,6.0,7.0,7.0,7.0,7.0,7.0,2.67,3.0,3.66,3.67,2.65,3.66,6.33,6.67,6.67,7.0,2.84,3.66,3.16,6.5,6.84
2544,1.0,1.0,1.0,1.0,1.0,1.0,2.0,2.0,2.0,2.0,2.0,2.0,2.0,2.0,1.0,2.0,1.0,2.0,1.0,2.0,1.0,4.0,1.0,1.0,4.0,5.0,4.0,5.0,4.0,5.0,1.0,1.0,1.99,1.99,1.31,1.99,1.0,2.33,4.0,5.0,1.0,1.99,1.65,1.66,4.5
2545,1.0,2.0,2.0,2.0,1.0,2.0,5.0,6.0,6.0,5.0,6.0,6.0,2.0,3.0,2.0,4.0,2.0,2.0,2.0,2.0,2.0,3.0,1.0,3.0,2.0,3.0,3.0,3.0,3.0,4.0,1.33,2.0,5.67,5.68,2.0,2.99,1.67,2.67,2.67,3.33,1.66,5.68,2.5,2.17,3.0
2546,4.0,4.0,3.0,3.0,3.0,4.0,4.0,5.0,5.0,5.0,6.0,5.0,1.0,1.0,1.0,1.0,1.0,1.0,3.0,5.0,4.0,4.0,4.0,4.0,4.0,5.0,4.0,4.0,3.0,5.0,3.34,3.67,5.0,5.01,1.0,1.0,3.67,4.33,3.67,4.67,3.5,5.0,1.0,4.0,4.17
2547,4.0,6.0,4.0,5.0,5.0,6.0,2.0,1.0,3.0,2.0,2.0,2.0,6.0,7.0,6.0,7.0,6.0,6.0,3.0,3.0,3.0,3.0,2.0,3.0,5.0,5.0,4.0,5.0,5.0,6.0,4.33,5.67,2.33,1.66,6.03,6.69,2.67,3.0,4.67,5.33,5.0,2.0,6.36,2.84,5.0
2548,5.0,6.0,5.0,6.0,4.0,6.0,3.0,2.0,2.0,3.0,2.0,3.0,2.0,3.0,2.0,2.0,2.0,3.0,4.0,5.0,4.0,4.0,4.0,5.0,2.0,3.0,3.0,3.0,3.0,4.0,4.67,6.0,2.33,2.66,2.0,2.67,4.0,4.67,2.67,3.33,5.34,2.5,2.34,4.34,3.0
2549,4.0,5.0,5.0,5.0,6.0,7.0,5.0,4.0,5.0,5.0,5.0,5.0,5.0,5.0,5.0,5.0,3.0,4.0,5.0,5.0,6.0,5.0,6.0,5.0,7.0,7.0,6.0,7.0,6.0,7.0,4.99,5.66,5.0,4.67,4.32,4.67,5.67,5.0,6.33,7.0,5.32,4.84,4.5,5.34,6.66
2550,1.0,2.0,2.0,2.0,2.0,2.0,3.0,2.0,4.0,3.0,4.0,2.0,4.0,5.0,5.0,5.0,5.0,4.0,4.0,5.0,5.0,5.0,5.0,5.0,2.0,3.0,2.0,2.0,2.0,3.0,1.66,2.0,3.66,2.33,4.7,4.67,4.67,5.0,2.0,2.67,1.83,3.0,4.69,4.84,2.34
2551,6.0,6.0,5.0,7.0,6.0,7.0,4.0,4.0,6.0,5.0,4.0,4.0,5.0,6.0,5.0,5.0,5.0,6.0,2.0,3.0,3.0,2.0,2.0,2.0,4.0,5.0,6.0,6.0,5.0,6.0,5.67,6.67,4.67,4.34,5.02,5.69,2.33,2.33,5.0,5.67,6.17,4.5,5.36,2.33,5.34
2552,1.0,2.0,1.0,2.0,1.0,2.0,5.0,5.0,5.0,4.0,5.0,6.0,1.0,1.0,1.0,1.0,1.0,1.0,4.0,5.0,4.0,4.0,4.0,4.0,1.0,1.0,1.0,1.0,1.0,2.0,1.0,2.0,5.0,5.01,1.0,1.0,4.0,4.33,1.0,1.33,1.5,5.0,1.0,4.16,1.16
2553,7.0,7.0,7.0,7.0,7.0,7.0,4.0,4.0,4.0,3.0,4.0,4.0,4.0,4.0,3.0,3.0,3.0,4.0,4.0,5.0,3.0,4.0,5.0,4.0,6.0,7.0,7.0,7.0,6.0,7.0,7.0,7.0,4.0,3.67,3.33,3.67,4.0,4.33,6.33,7.0,7.0,3.84,3.5,4.16,6.66
2554,4.0,4.0,4.0,4.0,4.0,5.0,6.0,6.0,7.0,6.0,6.0,6.0,5.0,5.0,4.0,5.0,4.0,5.0,5.0,5.0,5.0,6.0,5.0,5.0,6.0,5.0,5.0,6.0,5.0,6.0,4.0,4.33,6.34,6.01,4.34,5.01,5.0,5.33,5.33,5.67,4.16,6.18,4.68,5.16,5.5
2555,2.0,3.0,2.0,4.0,3.0,3.0,6.0,5.0,6.0,6.0,6.0,6.0,7.0,7.0,6.0,7.0,6.0,6.0,6.0,6.0,6.0,6.0,5.0,6.0,5.0,6.0,3.0,5.0,4.0,6.0,2.33,3.33,6.01,5.68,6.36,6.69,5.67,6.0,4.0,5.67,2.83,5.84,6.52,5.84,4.84
2556,4.0,4.0,2.0,3.0,3.0,3.0,1.0,1.0,1.0,1.0,2.0,1.0,1.0,2.0,1.0,1.0,1.0,1.0,1.0,2.0,1.0,1.0,1.0,2.0,1.0,1.0,1.0,2.0,1.0,2.0,3.0,3.34,1.32,1.0,1.0,1.32,1.0,1.67,1.0,1.67,3.17,1.16,1.16,1.34,1.34
2557,2.0,2.0,2.0,3.0,1.0,2.0,4.0,4.0,5.0,5.0,4.0,4.0,1.0,1.0,1.0,2.0,1.0,1.0,5.0,5.0,4.0,5.0,5.0,6.0,3.0,3.0,2.0,3.0,2.0,4.0,1.67,2.33,4.34,4.34,1.0,1.32,4.67,5.33,2.33,3.33,2.0,4.34,1.16,5.0,2.83
2558,5.0,5.0,5.0,5.0,5.0,7.0,1.0,1.0,1.0,1.0,1.0,1.0,3.0,3.0,2.0,4.0,3.0,3.0,3.0,4.0,4.0,4.0,3.0,3.0,2.0,2.0,2.0,3.0,1.0,2.0,5.0,5.66,1.0,1.0,2.67,3.33,3.33,3.67,1.67,2.33,5.33,1.0,3.0,3.5,2.0
2559,2.0,2.0,1.0,1.0,2.0,1.0,3.0,3.0,4.0,2.0,3.0,2.0,3.0,3.0,3.0,3.0,2.0,2.0,7.0,7.0,6.0,6.0,7.0,7.0,5.0,5.0,6.0,6.0,5.0,6.0,1.67,1.34,3.33,2.33,2.65,2.66,6.67,6.67,5.33,5.67,1.5,2.83,2.66,6.67,5.5
2560,4.0,4.0,4.0,6.0,5.0,5.0,3.0,3.0,4.0,4.0,4.0,4.0,1.0,1.0,1.0,1.0,1.0,1.0,2.0,3.0,3.0,3.0,3.0,2.0,2.0,3.0,2.0,3.0,2.0,2.0,4.33,5.0,3.66,3.67,1.0,1.0,2.67,2.67,2.0,2.67,4.66,3.66,1.0,2.67,2.34
2561,4.0,5.0,5.0,6.0,5.0,4.0,4.0,3.0,4.0,4.0,4.0,4.0,5.0,6.0,5.0,6.0,4.0,5.0,3.0,3.0,3.0,3.0,3.0,3.0,4.0,6.0,4.0,4.0,3.0,4.0,4.66,5.0,4.0,3.67,4.67,5.68,3.0,3.0,3.67,4.67,4.83,3.84,5.18,3.0,4.17
2562,3.0,5.0,3.0,4.0,4.0,5.0,2.0,1.0,3.0,2.0,3.0,3.0,3.0,4.0,3.0,3.0,3.0,4.0,4.0,5.0,5.0,5.0,5.0,5.0,5.0,6.0,5.0,6.0,5.0,5.0,3.33,4.67,2.66,1.99,3.0,3.67,4.67,5.0,5.0,5.67,4.0,2.33,3.34,4.84,5.34
2563,4.0,4.0,3.0,3.0,2.0,3.0,4.0,4.0,3.0,4.0,5.0,4.0,5.0,5.0,5.0,5.0,4.0,5.0,1.0,1.0,1.0,2.0,1.0,1.0,5.0,6.0,4.0,6.0,5.0,6.0,3.01,3.34,4.0,4.0,4.67,5.01,1.0,1.33,4.67,6.0,3.18,4.0,4.84,1.16,5.34
2564,1.0,2.0,2.0,2.0,1.0,1.0,3.0,2.0,4.0,4.0,3.0,2.0,2.0,3.0,2.0,2.0,1.0,2.0,3.0,4.0,3.0,3.0,3.0,3.0,3.0,3.0,3.0,3.0,4.0,4.0,1.33,1.67,3.33,2.66,1.65,2.32,3.0,3.33,3.33,3.33,1.5,3.0,1.98,3.16,3.33
2565,1.0,2.0,1.0,3.0,1.0,2.0,2.0,2.0,4.0,3.0,4.0,3.0,4.0,5.0,3.0,5.0,4.0,5.0,3.0,4.0,4.0,4.0,3.0,4.0,4.0,4.0,4.0,5.0,3.0,5.0,1.0,2.33,3.33,2.66,3.68,5.01,3.33,4.0,3.67,4.67,1.66,3.0,4.34,3.66,4.17
2566,4.0,5.0,4.0,4.0,5.0,5.0,4.0,3.0,4.0,4.0,3.0,3.0,5.0,5.0,5.0,5.0,4.0,5.0,5.0,5.0,4.0,5.0,5.0,5.0,7.0,7.0,7.0,7.0,6.0,7.0,4.33,4.67,3.67,3.33,4.67,5.01,4.67,5.0,6.67,7.0,4.5,3.5,4.84,4.84,6.84
2567,3.0,2.0,1.0,3.0,2.0,3.0,3.0,3.0,5.0,5.0,4.0,4.0,3.0,3.0,2.0,3.0,2.0,2.0,4.0,4.0,5.0,5.0,5.0,5.0,7.0,7.0,7.0,7.0,7.0,7.0,2.0,2.66,4.0,4.0,2.32,2.66,4.67,4.67,7.0,7.0,2.33,4.0,2.49,4.67,7.0
2568,1.0,2.0,2.0,2.0,2.0,2.0,5.0,5.0,4.0,4.0,4.0,5.0,5.0,5.0,4.0,6.0,3.0,4.0,5.0,6.0,5.0,6.0,5.0,6.0,2.0,2.0,3.0,3.0,1.0,2.0,1.66,2.0,4.34,4.67,3.99,5.0,5.0,6.0,2.0,2.33,1.83,4.5,4.5,5.5,2.16
2569,1.0,2.0,1.0,2.0,1.0,1.0,5.0,4.0,5.0,5.0,5.0,4.0,3.0,3.0,2.0,3.0,2.0,3.0,2.0,3.0,2.0,3.0,2.0,4.0,2.0,4.0,3.0,3.0,3.0,3.0,1.0,1.67,5.0,4.34,2.32,3.0,2.0,3.33,2.67,3.33,1.34,4.67,2.66,2.66,3.0
2570,1.0,1.0,1.0,1.0,1.0,1.0,2.0,2.0,3.0,2.0,2.0,3.0,2.0,3.0,2.0,3.0,2.0,1.0,1.0,1.0,1.0,1.0,1.0,1.0,1.0,2.0,1.0,2.0,2.0,3.0,1.0,1.0,2.33,2.33,2.0,2.31,1.0,1.0,1.33,2.33,1.0,2.33,2.16,1.0,1.83
2571,4.0,4.0,3.0,4.0,4.0,4.0,3.0,4.0,4.0,4.0,3.0,4.0,3.0,3.0,2.0,3.0,3.0,3.0,7.0,7.0,6.0,6.0,6.0,6.0,3.0,4.0,3.0,4.0,3.0,4.0,3.67,4.0,3.33,4.0,2.67,3.0,6.33,6.33,3.0,4.0,3.84,3.66,2.84,6.33,3.5
2572,1.0,1.0,1.0,2.0,1.0,2.0,2.0,2.0,3.0,3.0,2.0,2.0,1.0,1.0,1.0,1.0,1.0,2.0,3.0,4.0,3.0,4.0,4.0,4.0,6.0,5.0,5.0,6.0,3.0,4.0,1.0,1.66,2.33,2.33,1.0,1.33,3.33,4.0,4.67,5.0,1.33,2.33,1.16,3.66,4.84
2573,1.0,1.0,1.0,2.0,1.0,1.0,4.0,3.0,5.0,4.0,5.0,4.0,5.0,4.0,3.0,5.0,4.0,5.0,1.0,2.0,2.0,2.0,2.0,1.0,3.0,4.0,2.0,3.0,3.0,5.0,1.0,1.33,4.67,3.67,4.01,4.68,1.67,1.67,2.67,4.0,1.16,4.17,4.34,1.67,3.34
2574,1.0,1.0,1.0,2.0,1.0,1.0,2.0,1.0,2.0,2.0,3.0,2.0,2.0,2.0,3.0,3.0,3.0,3.0,4.0,5.0,5.0,6.0,5.0,5.0,3.0,3.0,3.0,4.0,2.0,3.0,1.0,1.33,2.32,1.66,2.68,2.67,4.67,5.33,2.67,3.33,1.16,1.99,2.68,5.0,3.0
2575,4.0,4.0,5.0,4.0,4.0,5.0,4.0,5.0,5.0,4.0,4.0,5.0,5.0,5.0,3.0,4.0,3.0,4.0,1.0,2.0,1.0,1.0,1.0,1.0,2.0,3.0,2.0,3.0,3.0,3.0,4.33,4.33,4.34,4.67,3.66,4.34,1.0,1.33,2.33,3.0,4.33,4.5,4.0,1.16,2.66
2576,4.0,4.0,4.0,4.0,4.0,4.0,2.0,2.0,5.0,4.0,3.0,3.0,2.0,3.0,3.0,4.0,3.0,3.0,4.0,5.0,3.0,4.0,3.0,4.0,3.0,4.0,3.0,4.0,3.0,3.0,4.0,4.0,3.33,3.0,2.68,3.33,3.33,4.33,3.0,3.67,4.0,3.16,3.0,3.83,3.34
2577,6.0,6.0,6.0,6.0,7.0,7.0,5.0,4.0,6.0,5.0,6.0,5.0,4.0,4.0,4.0,5.0,3.0,4.0,5.0,6.0,6.0,6.0,5.0,6.0,4.0,4.0,5.0,5.0,3.0,4.0,6.33,6.33,5.67,4.67,3.66,4.34,5.33,6.0,4.0,4.33,6.33,5.17,4.0,5.66,4.16
2578,1.0,1.0,1.0,1.0,1.0,1.0,2.0,1.0,2.0,2.0,2.0,3.0,5.0,5.0,4.0,4.0,3.0,4.0,5.0,6.0,4.0,5.0,5.0,5.0,3.0,4.0,3.0,4.0,2.0,4.0,1.0,1.0,1.99,1.99,3.99,4.34,4.67,5.33,2.67,4.0,1.0,1.99,4.16,5.0,3.34
2579,1.0,2.0,2.0,2.0,1.0,1.0,1.0,1.0,2.0,1.0,1.0,1.0,4.0,4.0,2.0,3.0,3.0,3.0,3.0,4.0,3.0,4.0,3.0,4.0,1.0,1.0,1.0,1.0,1.0,1.0,1.33,1.67,1.32,1.0,3.0,3.33,3.0,4.0,1.0,1.0,1.5,1.16,3.16,3.5,1.0
2580,3.0,2.0,1.0,1.0,2.0,2.0,1.0,1.0,2.0,1.0,2.0,2.0,3.0,3.0,5.0,5.0,2.0,2.0,3.0,3.0,2.0,3.0,3.0,3.0,6.0,6.0,6.0,6.0,6.0,6.0,2.0,1.67,1.66,1.32,3.32,3.32,2.67,3.0,6.0,6.0,1.84,1.49,3.32,2.84,6.0
2581,2.0,3.0,3.0,3.0,3.0,3.0,6.0,5.0,7.0,6.0,7.0,6.0,6.0,7.0,5.0,6.0,4.0,4.0,4.0,4.0,3.0,3.0,3.0,4.0,5.0,6.0,5.0,6.0,6.0,6.0,2.66,3.0,6.68,5.68,5.0,5.67,3.33,3.67,5.33,6.0,2.83,6.18,5.34,3.5,5.66
2582,3.0,4.0,3.0,3.0,2.0,3.0,4.0,3.0,5.0,4.0,5.0,5.0,3.0,4.0,5.0,4.0,4.0,4.0,6.0,6.0,6.0,6.0,6.0,7.0,4.0,5.0,5.0,5.0,4.0,6.0,2.67,3.34,4.67,4.0,4.02,4.01,6.0,6.33,4.33,5.33,3.0,4.34,4.01,6.16,4.83
2583,1.0,2.0,1.0,2.0,1.0,1.0,4.0,4.0,5.0,4.0,5.0,4.0,3.0,4.0,3.0,4.0,2.0,3.0,6.0,6.0,4.0,4.0,6.0,6.0,4.0,4.0,3.0,5.0,4.0,5.0,1.0,1.67,4.67,4.0,2.65,3.66,5.34,5.33,3.67,4.67,1.34,4.34,3.16,5.34,4.17
2584,2.0,2.0,2.0,2.0,2.0,2.0,3.0,3.0,3.0,3.0,4.0,4.0,5.0,5.0,4.0,4.0,4.0,5.0,4.0,5.0,4.0,6.0,5.0,6.0,4.0,5.0,3.0,3.0,3.0,4.0,2.0,2.0,3.33,3.33,4.34,4.68,4.33,5.67,3.33,4.0,2.0,3.33,4.51,5.0,3.66
2585,2.0,2.0,2.0,3.0,2.0,2.0,4.0,4.0,5.0,5.0,5.0,4.0,2.0,3.0,2.0,3.0,2.0,2.0,3.0,4.0,3.0,4.0,3.0,4.0,2.0,3.0,2.0,3.0,3.0,3.0,2.0,2.33,4.67,4.34,2.0,2.66,3.0,4.0,2.33,3.0,2.16,4.5,2.33,3.5,2.66
2586,4.0,4.0,4.0,4.0,4.0,6.0,4.0,3.0,3.0,4.0,4.0,4.0,5.0,5.0,4.0,4.0,4.0,5.0,5.0,5.0,5.0,5.0,5.0,5.0,6.0,7.0,5.0,6.0,6.0,7.0,4.0,4.66,3.67,3.67,4.34,4.68,5.0,5.0,5.67,6.67,4.33,3.67,4.51,5.0,6.17
2587,1.0,2.0,1.0,3.0,1.0,2.0,5.0,3.0,4.0,4.0,4.0,4.0,1.0,1.0,2.0,1.0,1.0,1.0,6.0,7.0,7.0,7.0,6.0,7.0,6.0,6.0,7.0,6.0,6.0,7.0,1.0,2.33,4.34,3.67,1.32,1.0,6.33,7.0,6.33,6.33,1.66,4.0,1.16,6.66,6.33
2588,4.0,3.0,4.0,3.0,3.0,4.0,2.0,2.0,3.0,3.0,3.0,3.0,2.0,2.0,2.0,2.0,1.0,1.0,3.0,4.0,3.0,3.0,3.0,3.0,4.0,5.0,4.0,5.0,4.0,6.0,3.67,3.33,2.66,2.66,1.65,1.65,3.0,3.33,4.0,5.33,3.5,2.66,1.65,3.16,4.66
2589,5.0,6.0,4.0,6.0,5.0,5.0,3.0,1.0,2.0,2.0,3.0,2.0,1.0,1.0,1.0,1.0,1.0,1.0,4.0,5.0,4.0,5.0,4.0,5.0,5.0,6.0,4.0,6.0,6.0,6.0,4.67,5.67,2.66,1.66,1.0,1.0,4.0,5.0,5.0,6.0,5.17,2.16,1.0,4.5,5.5
2590,3.0,4.0,3.0,3.0,4.0,4.0,3.0,3.0,3.0,3.0,4.0,4.0,3.0,4.0,3.0,3.0,2.0,3.0,4.0,6.0,4.0,6.0,5.0,5.0,3.0,4.0,4.0,5.0,4.0,4.0,3.33,3.67,3.33,3.33,2.65,3.33,4.33,5.67,3.67,4.33,3.5,3.33,2.99,5.0,4.0
2591,1.0,1.0,1.0,1.0,1.0,1.0,3.0,2.0,3.0,1.0,2.0,2.0,5.0,5.0,4.0,5.0,3.0,4.0,5.0,6.0,5.0,6.0,5.0,5.0,4.0,4.0,3.0,4.0,2.0,3.0,1.0,1.0,2.66,1.66,3.99,4.67,5.0,5.67,3.0,3.67,1.0,2.16,4.33,5.34,3.34
2592,1.0,1.0,1.0,1.0,1.0,1.0,5.0,3.0,5.0,4.0,4.0,4.0,2.0,3.0,3.0,3.0,2.0,3.0,5.0,5.0,5.0,5.0,4.0,5.0,4.0,5.0,4.0,4.0,4.0,4.0,1.0,1.0,4.67,3.67,2.33,3.0,4.67,5.0,4.0,4.33,1.0,4.17,2.66,4.84,4.16
2593,5.0,6.0,6.0,5.0,6.0,5.0,3.0,2.0,3.0,4.0,3.0,4.0,5.0,6.0,5.0,5.0,3.0,4.0,3.0,5.0,5.0,4.0,4.0,5.0,3.0,5.0,4.0,5.0,4.0,5.0,5.66,5.34,3.0,3.33,4.32,5.0,4.0,4.67,3.67,5.0,5.5,3.16,4.66,4.34,4.34
2594,3.0,5.0,5.0,5.0,5.0,5.0,5.0,4.0,4.0,4.0,5.0,5.0,4.0,5.0,4.0,4.0,3.0,4.0,6.0,6.0,6.0,7.0,7.0,7.0,3.0,4.0,3.0,4.0,3.0,5.0,4.33,5.0,4.67,4.34,3.66,4.34,6.33,6.67,3.0,4.33,4.66,4.5,4.0,6.5,3.66
2595,3.0,3.0,3.0,4.0,2.0,4.0,2.0,2.0,3.0,3.0,3.0,2.0,1.0,2.0,1.0,2.0,1.0,2.0,5.0,5.0,5.0,5.0,4.0,6.0,3.0,4.0,4.0,5.0,5.0,4.0,2.67,3.66,2.66,2.33,1.0,1.99,4.67,5.33,4.0,4.33,3.16,2.5,1.5,5.0,4.16
2596,1.0,1.0,1.0,1.0,1.0,1.0,4.0,1.0,4.0,3.0,2.0,2.0,4.0,4.0,2.0,3.0,2.0,2.0,1.0,1.0,1.0,1.0,1.0,1.0,1.0,3.0,1.0,2.0,2.0,3.0,1.0,1.0,3.33,1.99,2.65,2.99,1.0,1.0,1.33,2.67,1.0,2.66,2.82,1.0,2.0
2597,1.0,2.0,1.0,3.0,1.0,2.0,2.0,1.0,1.0,2.0,1.0,1.0,4.0,4.0,4.0,4.0,3.0,5.0,3.0,3.0,1.0,3.0,2.0,3.0,1.0,2.0,1.0,2.0,1.0,1.0,1.0,2.33,1.32,1.32,3.66,4.35,2.0,3.0,1.0,1.67,1.66,1.32,4.0,2.5,1.34
2598,1.0,1.0,1.0,1.0,1.0,1.0,1.0,1.0,1.0,1.0,1.0,1.0,3.0,4.0,3.0,3.0,3.0,3.0,1.0,2.0,1.0,1.0,1.0,2.0,1.0,1.0,1.0,1.0,1.0,1.0,1.0,1.0,1.0,1.0,3.0,3.33,1.0,1.67,1.0,1.0,1.0,1.0,3.16,1.34,1.0
2599,1.0,2.0,1.0,1.0,1.0,1.0,4.0,2.0,4.0,2.0,3.0,4.0,5.0,5.0,3.0,4.0,4.0,4.0,3.0,3.0,3.0,4.0,2.0,3.0,1.0,2.0,1.0,2.0,1.0,2.0,1.0,1.34,3.67,2.66,4.01,4.34,2.67,3.33,1.0,2.0,1.17,3.16,4.18,3.0,1.5
2600,2.0,2.0,2.0,1.0,1.0,1.0,3.0,2.0,4.0,3.0,4.0,4.0,5.0,4.0,3.0,4.0,3.0,4.0,2.0,3.0,3.0,4.0,3.0,3.0,3.0,4.0,3.0,4.0,3.0,4.0,1.67,1.34,3.66,3.0,3.66,4.01,2.67,3.33,3.0,4.0,1.5,3.33,3.84,3.0,3.5
2601,1.0,2.0,1.0,2.0,1.0,2.0,2.0,2.0,2.0,1.0,3.0,2.0,1.0,1.0,1.0,1.0,1.0,1.0,1.0,1.0,1.0,1.0,1.0,1.0,2.0,2.0,2.0,3.0,2.0,4.0,1.0,2.0,2.32,1.66,1.0,1.0,1.0,1.0,2.0,3.0,1.5,1.99,1.0,1.0,2.5
2602,1.0,1.0,1.0,1.0,1.0,1.0,5.0,4.0,4.0,4.0,4.0,4.0,2.0,3.0,2.0,3.0,3.0,2.0,1.0,2.0,1.0,2.0,1.0,1.0,1.0,1.0,1.0,1.0,1.0,1.0,1.0,1.0,4.34,4.0,2.35,2.66,1.0,1.67,1.0,1.0,1.0,4.17,2.5,1.34,1.0
2603,2.0,3.0,2.0,4.0,1.0,3.0,7.0,6.0,6.0,6.0,6.0,6.0,5.0,6.0,4.0,4.0,3.0,3.0,2.0,2.0,2.0,2.0,2.0,2.0,1.0,1.0,1.0,1.0,1.0,2.0,1.67,3.33,6.35,6.01,3.99,4.33,2.0,2.0,1.0,1.33,2.5,6.18,4.16,2.0,1.16
2604,2.0,2.0,2.0,2.0,2.0,3.0,3.0,4.0,4.0,4.0,3.0,3.0,4.0,6.0,6.0,6.0,4.0,5.0,2.0,3.0,3.0,3.0,3.0,3.0,3.0,5.0,3.0,4.0,3.0,4.0,2.0,2.33,3.33,3.67,4.68,5.68,2.67,3.0,3.0,4.33,2.16,3.5,5.18,2.84,3.66
2605,2.0,2.0,2.0,2.0,2.0,2.0,4.0,4.0,5.0,4.0,5.0,5.0,4.0,5.0,4.0,5.0,4.0,4.0,3.0,3.0,3.0,3.0,2.0,3.0,1.0,3.0,1.0,1.0,1.0,2.0,2.0,2.0,4.67,4.34,4.01,4.67,2.67,3.0,1.0,2.0,2.0,4.5,4.34,2.84,1.5
2606,6.0,6.0,5.0,5.0,6.0,6.0,3.0,3.0,4.0,4.0,4.0,4.0,4.0,4.0,3.0,4.0,2.0,4.0,2.0,2.0,1.0,2.0,1.0,2.0,2.0,3.0,1.0,2.0,2.0,3.0,5.67,5.67,3.66,3.67,2.98,4.01,1.33,2.0,1.67,2.67,5.67,3.66,3.5,1.66,2.17
2607,1.0,1.0,1.0,1.0,1.0,1.0,1.0,1.0,1.0,2.0,2.0,2.0,7.0,7.0,5.0,6.0,5.0,6.0,5.0,6.0,6.0,6.0,6.0,6.0,4.0,5.0,3.0,4.0,5.0,5.0,1.0,1.0,1.32,1.66,5.67,6.35,5.67,6.0,4.0,4.67,1.0,1.49,6.01,5.84,4.34
2608,3.0,3.0,3.0,3.0,3.0,3.0,5.0,4.0,5.0,4.0,4.0,4.0,2.0,3.0,2.0,2.0,2.0,2.0,4.0,5.0,4.0,5.0,5.0,4.0,6.0,6.0,6.0,6.0,5.0,6.0,3.0,3.0,4.67,4.0,2.0,2.32,4.33,4.67,5.67,6.0,3.0,4.34,2.16,4.5,5.84
2609,5.0,6.0,6.0,6.0,5.0,6.0,5.0,5.0,6.0,5.0,6.0,6.0,5.0,6.0,5.0,5.0,4.0,4.0,5.0,6.0,5.0,6.0,5.0,5.0,4.0,5.0,4.0,5.0,4.0,5.0,5.34,6.0,5.67,5.34,4.67,5.0,5.0,5.67,4.0,5.0,5.67,5.5,4.84,5.34,4.5
2610,6.0,6.0,6.0,7.0,6.0,6.0,4.0,4.0,5.0,4.0,5.0,5.0,7.0,7.0,7.0,7.0,7.0,7.0,4.0,5.0,4.0,4.0,4.0,5.0,5.0,6.0,5.0,6.0,6.0,6.0,6.0,6.33,4.67,4.34,7.0,7.0,4.0,4.67,5.33,6.0,6.16,4.5,7.0,4.34,5.66
2611,7.0,7.0,7.0,7.0,7.0,7.0,5.0,5.0,6.0,6.0,6.0,6.0,4.0,4.0,5.0,5.0,5.0,5.0,3.0,5.0,3.0,3.0,3.0,4.0,3.0,3.0,4.0,4.0,3.0,5.0,7.0,7.0,5.67,5.68,4.7,4.68,3.0,4.0,3.33,4.0,7.0,5.68,4.69,3.5,3.66
2612,1.0,2.0,1.0,2.0,1.0,1.0,1.0,2.0,2.0,2.0,2.0,1.0,1.0,1.0,2.0,2.0,1.0,1.0,3.0,4.0,2.0,4.0,3.0,3.0,3.0,5.0,2.0,4.0,4.0,4.0,1.0,1.67,1.66,1.66,1.32,1.32,2.67,3.67,3.0,4.33,1.34,1.66,1.32,3.17,3.66
2613,3.0,4.0,3.0,4.0,4.0,5.0,1.0,1.0,1.0,1.0,1.0,1.0,1.0,2.0,1.0,2.0,1.0,1.0,1.0,1.0,1.0,1.0,1.0,1.0,1.0,2.0,1.0,3.0,2.0,3.0,3.33,4.33,1.0,1.0,1.0,1.65,1.0,1.0,1.33,2.67,3.83,1.0,1.32,1.0,2.0
2614,1.0,1.0,1.0,1.0,1.0,1.0,1.0,1.0,2.0,2.0,1.0,1.0,1.0,1.0,1.0,1.0,1.0,1.0,3.0,4.0,3.0,4.0,3.0,3.0,3.0,4.0,3.0,4.0,3.0,4.0,1.0,1.0,1.32,1.32,1.0,1.0,3.0,3.67,3.0,4.0,1.0,1.32,1.0,3.34,3.5
2615,1.0,1.0,1.0,1.0,1.0,1.0,6.0,6.0,6.0,6.0,5.0,5.0,1.0,1.0,1.0,1.0,1.0,1.0,5.0,5.0,4.0,6.0,4.0,6.0,6.0,7.0,6.0,7.0,6.0,6.0,1.0,1.0,5.68,5.68,1.0,1.0,4.33,5.67,6.0,6.67,1.0,5.68,1.0,5.0,6.34
2616,4.0,5.0,5.0,5.0,3.0,5.0,4.0,3.0,4.0,4.0,3.0,4.0,4.0,5.0,4.0,4.0,3.0,4.0,5.0,6.0,4.0,5.0,4.0,5.0,5.0,6.0,5.0,6.0,6.0,6.0,4.01,5.0,3.67,3.67,3.66,4.34,4.33,5.33,5.33,6.0,4.5,3.67,4.0,4.83,5.66
2617,5.0,5.0,3.0,6.0,4.0,4.0,4.0,3.0,4.0,4.0,4.0,4.0,6.0,7.0,7.0,6.0,6.0,7.0,4.0,4.0,4.0,4.0,5.0,6.0,3.0,4.0,3.0,4.0,3.0,4.0,4.0,5.0,4.0,3.67,6.36,6.7,4.33,4.67,3.0,4.0,4.5,3.84,6.53,4.5,3.5
2618,2.0,2.0,2.0,2.0,2.0,2.0,3.0,2.0,5.0,3.0,3.0,4.0,4.0,5.0,5.0,6.0,5.0,6.0,4.0,4.0,3.0,5.0,5.0,5.0,5.0,7.0,6.0,7.0,5.0,6.0,2.0,2.0,3.67,3.0,4.7,5.69,4.0,4.67,5.33,6.67,2.0,3.34,5.2,4.34,6.0
2619,3.0,3.0,3.0,3.0,3.0,3.0,3.0,2.0,4.0,2.0,3.0,3.0,4.0,4.0,3.0,4.0,3.0,4.0,2.0,3.0,3.0,4.0,3.0,2.0,4.0,5.0,5.0,5.0,4.0,5.0,3.0,3.0,3.33,2.33,3.33,4.01,2.67,3.0,4.33,5.0,3.0,2.83,3.67,2.84,4.66
2620,7.0,6.0,6.0,6.0,7.0,7.0,4.0,4.0,5.0,4.0,5.0,4.0,4.0,4.0,4.0,3.0,3.0,3.0,5.0,6.0,5.0,6.0,5.0,5.0,2.0,3.0,3.0,3.0,2.0,3.0,6.67,6.33,4.67,4.0,3.66,3.33,5.0,5.67,2.33,3.0,6.5,4.34,3.5,5.34,2.66
2621,3.0,2.0,1.0,2.0,2.0,2.0,4.0,5.0,5.0,5.0,4.0,5.0,7.0,7.0,7.0,7.0,7.0,7.0,5.0,5.0,5.0,5.0,4.0,5.0,2.0,4.0,3.0,3.0,2.0,3.0,2.0,2.0,4.34,5.01,7.0,7.0,4.67,5.0,2.33,3.33,2.0,4.68,7.0,4.84,2.83
2622,2.0,1.0,1.0,1.0,1.0,2.0,1.0,1.0,1.0,1.0,1.0,1.0,1.0,1.0,1.0,1.0,1.0,1.0,3.0,4.0,3.0,4.0,4.0,4.0,3.0,3.0,2.0,3.0,3.0,3.0,1.34,1.33,1.0,1.0,1.0,1.0,3.33,4.0,2.67,3.0,1.34,1.0,1.0,3.66,2.84
2623,1.0,1.0,1.0,1.0,1.0,1.0,1.0,1.0,1.0,1.0,1.0,1.0,1.0,1.0,1.0,1.0,1.0,1.0,1.0,1.0,1.0,1.0,1.0,1.0,1.0,1.0,1.0,1.0,1.0,1.0,1.0,1.0,1.0,1.0,1.0,1.0,1.0,1.0,1.0,1.0,1.0,1.0,1.0,1.0,1.0
2624,1.0,2.0,1.0,1.0,1.0,2.0,1.0,1.0,1.0,1.0,1.0,1.0,3.0,3.0,3.0,3.0,2.0,3.0,1.0,1.0,1.0,1.0,1.0,1.0,1.0,1.0,1.0,1.0,1.0,1.0,1.0,1.67,1.0,1.0,2.65,3.0,1.0,1.0,1.0,1.0,1.34,1.0,2.82,1.0,1.0
2625,2.0,3.0,3.0,3.0,3.0,3.0,4.0,4.0,4.0,4.0,5.0,4.0,4.0,5.0,4.0,4.0,4.0,4.0,5.0,6.0,5.0,6.0,5.0,6.0,4.0,5.0,4.0,4.0,3.0,5.0,2.66,3.0,4.33,4.0,4.01,4.34,5.0,6.0,3.67,4.67,2.83,4.16,4.18,5.5,4.17
2626,2.0,3.0,3.0,4.0,1.0,3.0,3.0,2.0,3.0,3.0,3.0,2.0,6.0,6.0,5.0,5.0,6.0,5.0,4.0,4.0,4.0,6.0,4.0,5.0,2.0,3.0,3.0,4.0,3.0,3.0,2.01,3.33,3.0,2.33,5.7,5.35,4.0,5.0,2.67,3.33,2.67,2.66,5.52,4.5,3.0
2627,4.0,5.0,4.0,5.0,4.0,5.0,6.0,6.0,6.0,6.0,6.0,6.0,3.0,2.0,3.0,4.0,3.0,4.0,4.0,5.0,5.0,5.0,5.0,6.0,7.0,7.0,7.0,7.0,7.0,7.0,4.0,5.0,6.01,6.01,3.0,3.34,4.67,5.33,7.0,7.0,4.5,6.01,3.17,5.0,7.0
2628,7.0,7.0,7.0,7.0,7.0,7.0,6.0,6.0,6.0,6.0,6.0,6.0,6.0,6.0,5.0,5.0,5.0,5.0,4.0,4.0,5.0,4.0,4.0,4.0,2.0,3.0,3.0,5.0,3.0,2.0,7.0,7.0,6.01,6.01,5.35,5.35,4.33,4.0,2.67,3.33,7.0,6.01,5.35,4.16,3.0
2629,1.0,1.0,1.0,1.0,1.0,1.0,3.0,3.0,4.0,3.0,4.0,4.0,3.0,4.0,3.0,4.0,3.0,3.0,3.0,5.0,3.0,5.0,4.0,5.0,2.0,3.0,3.0,2.0,2.0,3.0,1.0,1.0,3.66,3.33,3.0,3.66,3.33,5.0,2.33,2.67,1.0,3.5,3.33,4.16,2.5
2630,6.0,6.0,5.0,6.0,6.0,6.0,1.0,1.0,1.0,1.0,1.0,1.0,1.0,1.0,1.0,1.0,1.0,1.0,5.0,5.0,4.0,4.0,4.0,5.0,3.0,3.0,2.0,4.0,2.0,3.0,5.67,6.0,1.0,1.0,1.0,1.0,4.33,4.67,2.33,3.33,5.84,1.0,1.0,4.5,2.83
2631,2.0,3.0,3.0,2.0,3.0,3.0,1.0,1.0,2.0,1.0,2.0,2.0,2.0,3.0,2.0,2.0,2.0,2.0,3.0,4.0,3.0,4.0,4.0,3.0,7.0,7.0,6.0,7.0,7.0,7.0,2.66,2.67,1.66,1.32,2.0,2.32,3.33,3.67,6.67,7.0,2.66,1.49,2.16,3.5,6.84
2632,5.0,4.0,4.0,5.0,4.0,4.0,2.0,2.0,2.0,2.0,3.0,3.0,5.0,4.0,4.0,5.0,4.0,5.0,2.0,2.0,2.0,2.0,2.0,2.0,2.0,4.0,3.0,3.0,3.0,4.0,4.34,4.33,2.32,2.33,4.34,4.68,2.0,2.0,2.67,3.67,4.34,2.33,4.51,2.0,3.17
2633,1.0,1.0,1.0,1.0,1.0,1.0,4.0,3.0,4.0,3.0,3.0,3.0,2.0,1.0,1.0,2.0,2.0,2.0,2.0,2.0,1.0,2.0,2.0,2.0,2.0,3.0,3.0,4.0,3.0,4.0,1.0,1.0,3.67,3.0,1.66,1.66,1.67,2.0,2.67,3.67,1.0,3.34,1.66,1.84,3.17
2634,2.0,3.0,3.0,3.0,3.0,3.0,7.0,5.0,7.0,6.0,6.0,6.0,4.0,4.0,3.0,3.0,3.0,3.0,5.0,5.0,6.0,6.0,5.0,6.0,4.0,5.0,4.0,5.0,4.0,5.0,2.66,3.0,6.68,5.68,3.33,3.33,5.33,5.67,4.0,5.0,2.83,6.18,3.33,5.5,4.5
2635,2.0,2.0,2.0,4.0,2.0,3.0,1.0,1.0,1.0,1.0,1.0,1.0,2.0,2.0,1.0,2.0,1.0,2.0,3.0,4.0,2.0,3.0,2.0,4.0,1.0,2.0,1.0,3.0,2.0,2.0,2.0,3.0,1.0,1.0,1.31,1.99,2.33,3.67,1.33,2.33,2.5,1.0,1.65,3.0,1.83
2636,2.0,2.0,1.0,1.0,1.0,2.0,3.0,2.0,3.0,3.0,4.0,3.0,2.0,2.0,1.0,2.0,1.0,1.0,2.0,2.0,1.0,2.0,1.0,2.0,4.0,5.0,3.0,4.0,4.0,5.0,1.34,1.67,3.33,2.66,1.31,1.65,1.33,2.0,3.67,4.67,1.5,3.0,1.48,1.66,4.17
2637,7.0,7.0,7.0,7.0,7.0,7.0,5.0,4.0,5.0,4.0,4.0,4.0,6.0,6.0,6.0,6.0,5.0,5.0,7.0,7.0,7.0,7.0,7.0,7.0,6.0,7.0,7.0,7.0,6.0,7.0,7.0,7.0,4.67,4.0,5.68,5.68,7.0,7.0,6.33,7.0,7.0,4.34,5.68,7.0,6.66
2638,2.0,4.0,3.0,4.0,4.0,4.0,3.0,2.0,3.0,3.0,3.0,3.0,5.0,5.0,5.0,6.0,4.0,5.0,1.0,1.0,1.0,2.0,1.0,1.0,2.0,3.0,2.0,3.0,2.0,3.0,2.99,4.0,3.0,2.66,4.67,5.35,1.0,1.33,2.0,3.0,3.5,2.83,5.01,1.16,2.5
2639,3.0,3.0,3.0,5.0,3.0,3.0,5.0,4.0,5.0,5.0,6.0,4.0,2.0,2.0,1.0,2.0,1.0,2.0,2.0,3.0,1.0,2.0,1.0,2.0,3.0,3.0,2.0,3.0,3.0,4.0,3.0,3.67,5.34,4.34,1.31,1.99,1.33,2.33,2.67,3.33,3.34,4.84,1.65,1.83,3.0
2640,4.0,5.0,4.0,4.0,5.0,5.0,2.0,1.0,2.0,2.0,1.0,1.0,5.0,5.0,5.0,6.0,5.0,5.0,4.0,5.0,4.0,4.0,3.0,4.0,5.0,6.0,5.0,5.0,4.0,5.0,4.33,4.67,1.66,1.32,5.02,5.35,3.67,4.33,4.67,5.33,4.5,1.49,5.18,4.0,5.0
2641,2.0,2.0,3.0,3.0,2.0,2.0,3.0,3.0,3.0,3.0,3.0,3.0,3.0,3.0,2.0,2.0,2.0,2.0,3.0,4.0,3.0,4.0,3.0,4.0,1.0,2.0,1.0,2.0,1.0,2.0,2.33,2.33,3.0,3.0,2.32,2.32,3.0,4.0,1.0,2.0,2.33,3.0,2.32,3.5,1.5
2642,2.0,3.0,2.0,3.0,2.0,3.0,1.0,1.0,2.0,1.0,2.0,2.0,5.0,5.0,6.0,5.0,5.0,5.0,2.0,3.0,2.0,3.0,2.0,3.0,2.0,3.0,3.0,3.0,3.0,4.0,2.0,3.0,1.66,1.32,5.35,5.01,2.0,3.0,2.67,3.33,2.5,1.49,5.18,2.5,3.0
2643,3.0,2.0,2.0,3.0,2.0,3.0,6.0,6.0,7.0,7.0,7.0,7.0,5.0,6.0,6.0,6.0,6.0,6.0,7.0,7.0,5.0,6.0,5.0,6.0,3.0,5.0,5.0,5.0,5.0,5.0,2.34,2.66,6.68,6.68,5.7,6.02,5.67,6.33,4.33,5.0,2.5,6.68,5.86,6.0,4.66
2644,5.0,6.0,6.0,6.0,6.0,6.0,4.0,4.0,6.0,6.0,6.0,6.0,4.0,4.0,3.0,4.0,3.0,3.0,2.0,2.0,2.0,3.0,2.0,3.0,5.0,6.0,6.0,6.0,6.0,7.0,5.66,6.0,5.34,5.34,3.33,3.66,2.0,2.67,5.67,6.33,5.83,5.34,3.5,2.34,6.0
2645,5.0,6.0,7.0,7.0,6.0,6.0,6.0,6.0,7.0,6.0,6.0,6.0,7.0,7.0,7.0,6.0,6.0,6.0,4.0,4.0,3.0,4.0,5.0,5.0,6.0,7.0,7.0,6.0,5.0,6.0,6.0,6.33,6.34,6.01,6.69,6.35,4.0,4.33,6.0,6.33,6.16,6.18,6.52,4.16,6.16
2646,1.0,2.0,1.0,1.0,1.0,2.0,1.0,1.0,2.0,1.0,2.0,1.0,1.0,2.0,1.0,1.0,1.0,1.0,2.0,3.0,3.0,3.0,3.0,3.0,3.0,4.0,3.0,5.0,4.0,4.0,1.0,1.67,1.66,1.0,1.0,1.32,2.67,3.0,3.33,4.33,1.34,1.33,1.16,2.84,3.83
2647,2.0,3.0,2.0,2.0,1.0,3.0,4.0,3.0,4.0,4.0,3.0,3.0,3.0,3.0,2.0,2.0,3.0,3.0,3.0,2.0,2.0,3.0,3.0,3.0,3.0,4.0,3.0,4.0,4.0,4.0,1.67,2.67,3.67,3.33,2.67,2.67,2.67,2.67,3.33,4.0,2.17,3.5,2.67,2.67,3.66
2648,1.0,2.0,2.0,1.0,1.0,2.0,4.0,4.0,4.0,4.0,5.0,4.0,2.0,3.0,3.0,2.0,1.0,2.0,1.0,2.0,2.0,2.0,1.0,2.0,5.0,6.0,5.0,5.0,5.0,5.0,1.33,1.67,4.33,4.0,1.98,2.32,1.33,2.0,5.0,5.33,1.5,4.16,2.15,1.66,5.16
2649,6.0,6.0,4.0,7.0,6.0,6.0,3.0,2.0,4.0,3.0,4.0,3.0,7.0,7.0,7.0,7.0,7.0,7.0,5.0,7.0,5.0,6.0,6.0,6.0,4.0,4.0,3.0,4.0,3.0,5.0,5.33,6.33,3.66,2.66,7.0,7.0,5.33,6.33,3.33,4.33,5.83,3.16,7.0,5.83,3.83
2650,1.0,1.0,1.0,1.0,1.0,1.0,2.0,2.0,3.0,3.0,3.0,2.0,4.0,4.0,4.0,5.0,3.0,4.0,4.0,5.0,3.0,4.0,3.0,5.0,5.0,5.0,5.0,6.0,5.0,6.0,1.0,1.0,2.66,2.33,3.66,4.34,3.33,4.67,5.0,5.67,1.0,2.5,4.0,4.0,5.34
2651,7.0,6.0,7.0,7.0,5.0,7.0,6.0,6.0,6.0,6.0,5.0,5.0,4.0,5.0,3.0,4.0,3.0,3.0,7.0,7.0,7.0,7.0,7.0,7.0,6.0,6.0,6.0,7.0,6.0,7.0,6.34,6.67,5.68,5.68,3.33,4.0,7.0,7.0,6.0,6.67,6.5,5.68,3.66,7.0,6.34
2652,7.0,7.0,6.0,7.0,7.0,7.0,6.0,5.0,6.0,6.0,5.0,6.0,5.0,4.0,4.0,4.0,3.0,5.0,6.0,7.0,6.0,7.0,6.0,6.0,5.0,6.0,4.0,5.0,5.0,6.0,6.67,7.0,5.68,5.68,3.99,4.35,6.0,6.67,4.67,5.67,6.84,5.68,4.17,6.34,5.17
2653,5.0,6.0,6.0,6.0,6.0,6.0,5.0,4.0,5.0,6.0,5.0,5.0,2.0,2.0,2.0,2.0,1.0,2.0,5.0,5.0,5.0,6.0,5.0,5.0,6.0,7.0,5.0,6.0,5.0,6.0,5.66,6.0,5.0,5.01,1.65,1.99,5.0,5.33,5.33,6.33,5.83,5.0,1.82,5.16,5.83
2654,2.0,3.0,4.0,3.0,3.0,5.0,4.0,4.0,5.0,5.0,5.0,5.0,1.0,1.0,2.0,3.0,1.0,2.0,5.0,6.0,4.0,5.0,5.0,5.0,3.0,4.0,5.0,4.0,3.0,4.0,3.0,3.66,4.67,4.67,1.32,1.99,4.67,5.33,3.67,4.0,3.33,4.67,1.66,5.0,3.84
2655,3.0,3.0,3.0,4.0,3.0,4.0,4.0,3.0,4.0,4.0,4.0,4.0,5.0,5.0,6.0,6.0,5.0,5.0,4.0,5.0,3.0,4.0,4.0,4.0,2.0,4.0,3.0,4.0,3.0,4.0,3.0,3.66,4.0,3.67,5.35,5.35,3.67,4.33,2.67,4.0,3.33,3.84,5.35,4.0,3.34
2656,2.0,3.0,2.0,2.0,3.0,3.0,4.0,4.0,4.0,3.0,4.0,3.0,7.0,7.0,6.0,7.0,6.0,7.0,3.0,3.0,4.0,6.0,4.0,4.0,4.0,5.0,4.0,5.0,4.0,5.0,2.33,2.67,4.0,3.33,6.36,7.0,3.67,4.33,4.0,5.0,2.5,3.66,6.68,4.0,4.5
2657,3.0,3.0,3.0,3.0,4.0,4.0,3.0,5.0,4.0,4.0,5.0,5.0,3.0,4.0,5.0,5.0,3.0,4.0,3.0,3.0,3.0,4.0,3.0,4.0,6.0,7.0,7.0,7.0,6.0,7.0,3.33,3.33,4.0,4.67,3.67,4.34,3.0,3.67,6.33,7.0,3.33,4.34,4.0,3.34,6.66
2658,4.0,4.0,3.0,6.0,4.0,6.0,3.0,2.0,3.0,3.0,2.0,2.0,4.0,5.0,4.0,5.0,5.0,4.0,4.0,4.0,5.0,5.0,4.0,5.0,3.0,3.0,2.0,3.0,2.0,3.0,3.67,5.33,2.66,2.33,4.36,4.67,4.33,4.67,2.33,3.0,4.5,2.5,4.52,4.5,2.66
2659,4.0,4.0,3.0,4.0,5.0,5.0,6.0,5.0,7.0,6.0,5.0,5.0,6.0,6.0,5.0,6.0,5.0,6.0,6.0,6.0,5.0,6.0,5.0,6.0,6.0,7.0,6.0,7.0,5.0,6.0,4.0,4.33,6.01,5.34,5.35,6.02,5.33,6.0,5.67,6.67,4.16,5.68,5.68,5.66,6.17
2660,1.0,1.0,1.0,1.0,1.0,1.0,7.0,7.0,7.0,7.0,7.0,7.0,5.0,6.0,4.0,4.0,3.0,4.0,4.0,5.0,4.0,5.0,4.0,4.0,6.0,7.0,6.0,7.0,7.0,7.0,1.0,1.0,7.0,7.0,3.99,4.67,4.0,4.67,6.33,7.0,1.0,7.0,4.33,4.34,6.66
2661,6.0,7.0,5.0,5.0,7.0,7.0,2.0,2.0,3.0,2.0,3.0,3.0,6.0,5.0,6.0,6.0,5.0,6.0,1.0,2.0,1.0,1.0,1.0,2.0,1.0,3.0,2.0,2.0,1.0,2.0,6.0,6.33,2.66,2.33,5.68,5.69,1.0,1.67,1.33,2.33,6.16,2.5,5.68,1.34,1.83
2662,2.0,3.0,2.0,2.0,3.0,3.0,5.0,5.0,5.0,5.0,4.0,4.0,2.0,3.0,2.0,3.0,2.0,3.0,4.0,4.0,4.0,5.0,3.0,4.0,3.0,4.0,3.0,4.0,3.0,5.0,2.33,2.67,4.67,4.67,2.0,3.0,3.67,4.33,3.0,4.33,2.5,4.67,2.5,4.0,3.66
2663,7.0,7.0,7.0,7.0,7.0,7.0,4.0,3.0,4.0,3.0,4.0,3.0,5.0,5.0,4.0,4.0,4.0,5.0,7.0,7.0,6.0,7.0,7.0,7.0,5.0,6.0,6.0,7.0,5.0,6.0,7.0,7.0,4.0,3.0,4.34,4.68,6.67,7.0,5.33,6.33,7.0,3.5,4.51,6.84,5.83
2664,5.0,6.0,6.0,6.0,5.0,6.0,4.0,3.0,4.0,3.0,4.0,4.0,5.0,7.0,6.0,6.0,5.0,6.0,4.0,5.0,5.0,6.0,5.0,5.0,4.0,5.0,4.0,5.0,4.0,6.0,5.34,6.0,4.0,3.33,5.35,6.35,4.67,5.33,4.0,5.33,5.67,3.66,5.85,5.0,4.66
2665,7.0,7.0,7.0,6.0,7.0,7.0,4.0,3.0,4.0,5.0,3.0,4.0,3.0,4.0,3.0,4.0,3.0,3.0,2.0,3.0,3.0,2.0,2.0,3.0,2.0,3.0,2.0,3.0,2.0,4.0,7.0,6.67,3.67,4.0,3.0,3.66,2.33,2.67,2.0,3.33,6.84,3.84,3.33,2.5,2.66
2666,7.0,7.0,6.0,7.0,7.0,7.0,4.0,4.0,6.0,6.0,5.0,5.0,3.0,3.0,2.0,4.0,2.0,3.0,3.0,3.0,3.0,3.0,2.0,3.0,5.0,6.0,5.0,6.0,5.0,6.0,6.67,7.0,5.0,5.01,2.32,3.33,2.67,3.0,5.0,6.0,6.84,5.0,2.82,2.84,5.5
2667,1.0,1.0,1.0,1.0,1.0,1.0,3.0,3.0,4.0,4.0,3.0,4.0,6.0,7.0,5.0,6.0,5.0,6.0,3.0,3.0,3.0,4.0,3.0,4.0,3.0,4.0,3.0,3.0,3.0,3.0,1.0,1.0,3.33,3.67,5.35,6.35,3.0,3.67,3.0,3.33,1.0,3.5,5.85,3.34,3.16
2668,3.0,3.0,3.0,3.0,2.0,3.0,2.0,2.0,3.0,3.0,3.0,3.0,6.0,7.0,5.0,6.0,5.0,5.0,3.0,3.0,2.0,3.0,2.0,4.0,3.0,3.0,2.0,4.0,4.0,4.0,2.67,3.0,2.66,2.66,5.35,6.01,2.33,3.33,3.0,3.67,2.84,2.66,5.68,2.83,3.34
2669,1.0,1.0,1.0,1.0,1.0,1.0,2.0,2.0,3.0,2.0,2.0,3.0,2.0,2.0,2.0,2.0,1.0,2.0,4.0,1.0,1.0,1.0,1.0,1.0,2.0,3.0,3.0,3.0,3.0,4.0,1.0,1.0,2.33,2.33,1.65,1.99,2.0,1.0,2.67,3.33,1.0,2.33,1.82,1.5,3.0
2670,2.0,2.0,2.0,2.0,2.0,2.0,6.0,5.0,5.0,6.0,6.0,5.0,5.0,7.0,6.0,7.0,5.0,6.0,3.0,5.0,5.0,5.0,3.0,5.0,4.0,5.0,4.0,5.0,4.0,4.0,2.0,2.0,5.67,5.34,5.35,6.69,3.66,5.0,4.0,4.67,2.0,5.5,6.02,4.33,4.34
2671,3.0,3.0,2.0,3.0,2.0,2.0,1.0,1.0,2.0,2.0,2.0,2.0,3.0,3.0,3.0,3.0,2.0,2.0,1.0,1.0,1.0,2.0,1.0,1.0,1.0,2.0,2.0,3.0,1.0,2.0,2.34,2.67,1.66,1.66,2.65,2.66,1.0,1.33,1.33,2.33,2.5,1.66,2.66,1.16,1.83
2672,4.0,5.0,4.0,3.0,3.0,3.0,2.0,1.0,2.0,2.0,2.0,2.0,3.0,3.0,3.0,4.0,2.0,2.0,1.0,2.0,1.0,2.0,1.0,1.0,2.0,3.0,2.0,4.0,2.0,3.0,3.67,3.67,1.99,1.66,2.65,2.99,1.0,1.67,2.0,3.33,3.67,1.82,2.82,1.34,2.66
2673,1.0,1.0,2.0,2.0,1.0,1.0,4.0,3.0,4.0,4.0,4.0,3.0,5.0,5.0,4.0,5.0,4.0,4.0,1.0,1.0,1.0,1.0,1.0,2.0,4.0,4.0,4.0,4.0,4.0,5.0,1.33,1.33,4.0,3.33,4.34,4.67,1.0,1.33,4.0,4.33,1.33,3.66,4.5,1.16,4.16
2674,5.0,6.0,5.0,6.0,5.0,6.0,5.0,5.0,6.0,5.0,6.0,6.0,2.0,3.0,3.0,4.0,2.0,2.0,5.0,6.0,5.0,6.0,6.0,6.0,4.0,4.0,3.0,4.0,4.0,5.0,5.0,6.0,5.67,5.34,2.33,2.99,5.33,6.0,3.67,4.33,5.5,5.5,2.66,5.66,4.0
2675,3.0,5.0,2.0,3.0,3.0,3.0,4.0,3.0,5.0,4.0,4.0,4.0,3.0,4.0,4.0,4.0,3.0,3.0,2.0,3.0,2.0,3.0,2.0,2.0,3.0,4.0,1.0,3.0,2.0,3.0,2.67,3.67,4.34,3.67,3.34,3.66,2.0,2.67,2.0,3.33,3.17,4.0,3.5,2.34,2.66
2676,2.0,3.0,2.0,3.0,2.0,2.0,5.0,5.0,6.0,6.0,5.0,6.0,2.0,3.0,2.0,3.0,2.0,2.0,1.0,1.0,1.0,1.0,1.0,1.0,3.0,4.0,2.0,3.0,2.0,4.0,2.0,2.67,5.34,5.68,2.0,2.66,1.0,1.0,2.33,3.67,2.34,5.51,2.33,1.0,3.0
2677,6.0,6.0,5.0,6.0,4.0,6.0,3.0,2.0,2.0,3.0,3.0,3.0,4.0,5.0,4.0,5.0,4.0,4.0,1.0,4.0,1.0,1.0,1.0,1.0,1.0,2.0,2.0,2.0,2.0,2.0,5.01,6.0,2.66,2.66,4.01,4.67,1.0,2.0,1.67,2.0,5.5,2.66,4.34,1.5,1.84
2678,1.0,1.0,1.0,1.0,1.0,1.0,4.0,2.0,3.0,4.0,3.0,2.0,1.0,1.0,1.0,4.0,1.0,1.0,3.0,3.0,3.0,4.0,3.0,4.0,2.0,4.0,3.0,4.0,2.0,3.0,1.0,1.0,3.33,2.66,1.0,1.98,3.0,3.67,2.33,3.67,1.0,3.0,1.49,3.34,3.0
2679,5.0,4.0,4.0,5.0,4.0,5.0,6.0,5.0,6.0,5.0,5.0,5.0,5.0,7.0,5.0,6.0,5.0,6.0,5.0,6.0,5.0,6.0,6.0,7.0,5.0,6.0,5.0,6.0,6.0,7.0,4.34,4.66,5.68,5.01,5.02,6.35,5.33,6.33,5.33,6.33,4.5,5.34,5.68,5.83,5.83
2680,6.0,7.0,6.0,7.0,6.0,6.0,6.0,5.0,6.0,6.0,7.0,6.0,6.0,6.0,6.0,7.0,6.0,5.0,7.0,7.0,6.0,7.0,6.0,7.0,6.0,7.0,6.0,6.0,6.0,7.0,6.0,6.67,6.34,5.68,6.03,6.01,6.33,7.0,6.0,6.67,6.34,6.01,6.02,6.66,6.34
2681,4.0,5.0,3.0,5.0,4.0,5.0,6.0,7.0,7.0,7.0,7.0,7.0,4.0,5.0,4.0,5.0,4.0,4.0,7.0,7.0,7.0,7.0,7.0,7.0,6.0,6.0,6.0,7.0,6.0,7.0,3.67,5.0,6.68,7.0,4.01,4.67,7.0,7.0,6.0,6.67,4.34,6.84,4.34,7.0,6.34
2682,2.0,4.0,2.0,5.0,3.0,3.0,3.0,2.0,2.0,3.0,4.0,4.0,2.0,2.0,2.0,3.0,2.0,3.0,5.0,6.0,6.0,6.0,6.0,6.0,1.0,2.0,1.0,2.0,1.0,2.0,2.33,4.0,2.99,3.0,2.0,2.67,5.67,6.0,1.0,2.0,3.16,3.0,2.34,5.84,1.5
2683,1.0,2.0,1.0,2.0,1.0,3.0,5.0,5.0,4.0,4.0,4.0,5.0,3.0,3.0,2.0,3.0,2.0,3.0,3.0,4.0,3.0,4.0,4.0,5.0,3.0,4.0,4.0,4.0,4.0,4.0,1.0,2.33,4.34,4.67,2.32,3.0,3.33,4.33,3.67,4.0,1.66,4.5,2.66,3.83,3.84
2684,1.0,1.0,1.0,1.0,1.0,2.0,4.0,2.0,2.0,1.0,1.0,1.0,1.0,1.0,1.0,1.0,1.0,1.0,2.0,4.0,2.0,3.0,2.0,2.0,1.0,1.0,1.0,1.0,1.0,1.0,1.0,1.33,2.33,1.32,1.0,1.0,2.0,3.0,1.0,1.0,1.16,1.83,1.0,2.5,1.0
2685,1.0,1.0,1.0,1.0,1.0,1.0,1.0,1.0,1.0,1.0,2.0,1.0,4.0,4.0,3.0,4.0,3.0,4.0,4.0,4.0,4.0,4.0,3.0,4.0,3.0,4.0,3.0,4.0,3.0,4.0,1.0,1.0,1.32,1.0,3.33,4.01,3.67,4.0,3.0,4.0,1.0,1.16,3.67,3.84,3.5
2686,2.0,2.0,1.0,2.0,2.0,3.0,4.0,3.0,2.0,2.0,4.0,3.0,1.0,1.0,1.0,1.0,1.0,1.0,1.0,2.0,2.0,2.0,1.0,2.0,2.0,4.0,2.0,3.0,3.0,4.0,1.67,2.33,3.33,2.66,1.0,1.0,1.33,2.0,2.33,3.67,2.0,3.0,1.0,1.66,3.0
2687,4.0,6.0,6.0,6.0,6.0,6.0,6.0,6.0,6.0,7.0,6.0,5.0,5.0,6.0,5.0,6.0,6.0,6.0,5.0,5.0,4.0,5.0,5.0,6.0,2.0,3.0,1.0,3.0,2.0,3.0,5.33,6.0,6.01,6.01,5.37,6.02,4.67,5.33,1.67,3.0,5.66,6.01,5.7,5.0,2.34
2688,3.0,4.0,3.0,4.0,4.0,4.0,1.0,1.0,3.0,2.0,2.0,1.0,3.0,4.0,2.0,4.0,2.0,4.0,1.0,2.0,2.0,2.0,1.0,2.0,3.0,5.0,3.0,5.0,5.0,6.0,3.33,4.0,1.99,1.32,2.32,4.01,1.33,2.0,3.67,5.33,3.66,1.66,3.16,1.66,4.5
2689,2.0,1.0,2.0,2.0,2.0,2.0,2.0,1.0,1.0,2.0,3.0,1.0,4.0,5.0,4.0,5.0,3.0,3.0,3.0,2.0,2.0,3.0,2.0,2.0,3.0,5.0,4.0,5.0,4.0,5.0,2.0,1.66,1.99,1.32,3.66,4.33,2.33,2.33,3.67,5.0,1.83,1.66,4.0,2.33,4.34
2690,2.0,4.0,3.0,2.0,2.0,3.0,5.0,5.0,5.0,5.0,5.0,5.0,1.0,3.0,1.0,3.0,1.0,1.0,1.0,2.0,1.0,2.0,1.0,1.0,6.0,6.0,6.0,6.0,6.0,7.0,2.33,3.0,5.0,5.01,1.0,2.31,1.0,1.67,6.0,6.33,2.66,5.0,1.66,1.34,6.16
2691,1.0,3.0,3.0,3.0,2.0,3.0,5.0,3.0,5.0,5.0,4.0,4.0,3.0,4.0,4.0,4.0,3.0,4.0,1.0,1.0,1.0,1.0,1.0,1.0,3.0,4.0,3.0,3.0,2.0,4.0,2.0,3.0,4.67,4.0,3.34,4.01,1.0,1.0,2.67,3.67,2.5,4.34,3.68,1.0,3.17
2692,3.0,4.0,3.0,5.0,5.0,5.0,5.0,3.0,5.0,5.0,5.0,5.0,5.0,5.0,5.0,5.0,3.0,3.0,5.0,6.0,5.0,5.0,5.0,6.0,3.0,5.0,4.0,4.0,3.0,4.0,3.66,4.66,5.0,4.34,4.32,4.33,5.0,5.67,3.33,4.33,4.16,4.67,4.32,5.34,3.83
2693,5.0,6.0,5.0,5.0,5.0,6.0,7.0,6.0,7.0,7.0,7.0,7.0,4.0,5.0,4.0,4.0,3.0,4.0,4.0,4.0,3.0,4.0,4.0,5.0,3.0,5.0,4.0,5.0,4.0,5.0,5.0,5.67,7.0,6.68,3.66,4.34,3.67,4.33,3.67,5.0,5.34,6.84,4.0,4.0,4.34
2694,4.0,4.0,4.0,4.0,4.0,5.0,3.0,2.0,3.0,3.0,4.0,3.0,3.0,2.0,3.0,3.0,3.0,2.0,2.0,3.0,3.0,3.0,3.0,3.0,2.0,2.0,2.0,2.0,2.0,2.0,4.0,4.33,3.33,2.66,3.0,2.32,2.67,3.0,2.0,2.0,4.16,3.0,2.66,2.84,2.0
2695,1.0,1.0,1.0,1.0,1.0,1.0,4.0,4.0,5.0,4.0,4.0,4.0,3.0,3.0,2.0,3.0,3.0,4.0,2.0,2.0,2.0,2.0,2.0,2.0,2.0,2.0,2.0,2.0,3.0,3.0,1.0,1.0,4.34,4.0,2.67,3.34,2.0,2.0,2.33,2.33,1.0,4.17,3.0,2.0,2.33
2696,3.0,5.0,2.0,4.0,3.0,3.0,5.0,4.0,5.0,5.0,5.0,4.0,4.0,4.0,5.0,5.0,3.0,4.0,5.0,5.0,5.0,6.0,5.0,6.0,6.0,6.0,6.0,7.0,6.0,7.0,2.67,4.01,5.0,4.34,4.0,4.34,5.0,5.67,6.0,6.67,3.34,4.67,4.17,5.34,6.34
2697,2.0,2.0,1.0,2.0,1.0,2.0,4.0,4.0,5.0,5.0,6.0,5.0,3.0,3.0,3.0,2.0,3.0,4.0,4.0,5.0,5.0,5.0,4.0,5.0,4.0,4.0,3.0,4.0,3.0,5.0,1.34,2.0,5.0,4.67,3.0,3.01,4.33,5.0,3.33,4.33,1.67,4.84,3.0,4.66,3.83
2698,2.0,2.0,2.0,2.0,2.0,2.0,5.0,5.0,6.0,6.0,5.0,5.0,4.0,4.0,5.0,4.0,4.0,4.0,4.0,5.0,5.0,5.0,5.0,5.0,3.0,5.0,5.0,5.0,5.0,5.0,2.0,2.0,5.34,5.34,4.35,4.01,4.67,5.0,4.33,5.0,2.0,5.34,4.18,4.84,4.66
2699,3.0,4.0,3.0,4.0,3.0,5.0,7.0,6.0,7.0,7.0,7.0,7.0,2.0,2.0,1.0,1.0,1.0,2.0,4.0,5.0,5.0,5.0,4.0,5.0,2.0,2.0,2.0,3.0,2.0,2.0,3.0,4.33,7.0,6.68,1.31,1.66,4.33,5.0,2.0,2.33,3.66,6.84,1.48,4.66,2.16
2700,4.0,5.0,5.0,7.0,5.0,5.0,2.0,2.0,3.0,2.0,4.0,3.0,2.0,2.0,1.0,2.0,1.0,1.0,4.0,5.0,5.0,5.0,5.0,5.0,1.0,1.0,1.0,2.0,2.0,2.0,4.66,5.67,2.99,2.33,1.31,1.65,4.67,5.0,1.33,1.67,5.16,2.66,1.48,4.84,1.5
2701,2.0,4.0,3.0,3.0,3.0,4.0,5.0,3.0,5.0,4.0,4.0,3.0,6.0,6.0,5.0,6.0,6.0,6.0,2.0,3.0,2.0,2.0,3.0,3.0,4.0,5.0,3.0,4.0,4.0,4.0,2.66,3.67,4.67,3.33,5.7,6.02,2.33,2.67,3.67,4.33,3.16,4.0,5.86,2.5,4.0
2702,4.0,5.0,4.0,5.0,5.0,5.0,1.0,1.0,1.0,1.0,1.0,1.0,4.0,4.0,2.0,3.0,3.0,3.0,1.0,2.0,2.0,2.0,2.0,2.0,2.0,3.0,2.0,4.0,2.0,3.0,4.33,5.0,1.0,1.0,3.0,3.33,1.67,2.0,2.0,3.33,4.66,1.0,3.16,1.84,2.66
2703,1.0,2.0,1.0,2.0,1.0,2.0,5.0,4.0,6.0,5.0,5.0,6.0,2.0,3.0,2.0,2.0,2.0,2.0,5.0,6.0,5.0,6.0,6.0,6.0,1.0,2.0,1.0,3.0,1.0,2.0,1.0,2.0,5.34,5.01,2.0,2.32,5.33,6.0,1.0,2.33,1.5,5.18,2.16,5.66,1.66
2704,2.0,4.0,3.0,3.0,4.0,5.0,3.0,3.0,4.0,2.0,4.0,2.0,6.0,7.0,7.0,7.0,5.0,7.0,2.0,2.0,2.0,3.0,2.0,3.0,2.0,3.0,2.0,2.0,2.0,3.0,2.99,4.0,3.66,2.33,6.01,7.0,2.0,2.67,2.0,2.67,3.5,3.0,6.5,2.34,2.34
2705,1.0,1.0,1.0,1.0,1.0,1.0,2.0,1.0,3.0,2.0,2.0,2.0,3.0,3.0,2.0,3.0,1.0,3.0,3.0,4.0,3.0,4.0,4.0,4.0,1.0,1.0,1.0,1.0,1.0,1.0,1.0,1.0,2.33,1.66,1.97,3.0,3.33,4.0,1.0,1.0,1.0,2.0,2.48,3.66,1.0
2706,5.0,5.0,5.0,5.0,5.0,5.0,3.0,3.0,4.0,3.0,3.0,3.0,1.0,1.0,1.0,2.0,1.0,2.0,4.0,4.0,4.0,4.0,3.0,4.0,1.0,3.0,2.0,2.0,1.0,3.0,5.0,5.0,3.33,3.0,1.0,1.66,3.67,4.0,1.33,2.67,5.0,3.16,1.33,3.84,2.0
2707,2.0,2.0,2.0,2.0,2.0,3.0,4.0,4.0,5.0,4.0,5.0,5.0,2.0,3.0,4.0,4.0,3.0,3.0,4.0,3.0,3.0,4.0,3.0,4.0,4.0,4.0,3.0,3.0,5.0,5.0,2.0,2.33,4.67,4.34,3.01,3.33,3.33,3.67,4.0,4.0,2.16,4.5,3.17,3.5,4.0
2708,1.0,2.0,1.0,2.0,2.0,2.0,2.0,1.0,1.0,1.0,2.0,1.0,1.0,1.0,2.0,2.0,1.0,2.0,2.0,4.0,3.0,3.0,3.0,3.0,1.0,1.0,1.0,2.0,1.0,2.0,1.33,2.0,1.66,1.0,1.32,1.66,2.67,3.33,1.0,1.67,1.66,1.33,1.49,3.0,1.34
2709,2.0,2.0,1.0,2.0,1.0,2.0,3.0,3.0,3.0,4.0,5.0,4.0,4.0,4.0,4.0,5.0,4.0,4.0,5.0,5.0,4.0,5.0,5.0,5.0,6.0,6.0,5.0,6.0,5.0,5.0,1.34,2.0,3.66,3.67,4.01,4.34,4.67,5.0,5.33,5.67,1.67,3.66,4.18,4.84,5.5
2710,5.0,6.0,4.0,5.0,5.0,6.0,5.0,5.0,6.0,6.0,6.0,4.0,3.0,2.0,3.0,2.0,1.0,2.0,2.0,2.0,2.0,2.0,2.0,2.0,3.0,5.0,4.0,4.0,4.0,3.0,4.67,5.67,5.67,5.01,2.31,1.99,2.0,2.0,3.67,4.0,5.17,5.34,2.15,2.0,3.84
2711,3.0,4.0,3.0,5.0,3.0,3.0,2.0,3.0,3.0,3.0,3.0,3.0,2.0,2.0,1.0,2.0,1.0,1.0,4.0,5.0,4.0,4.0,4.0,5.0,2.0,3.0,2.0,4.0,3.0,3.0,3.0,4.0,2.66,3.0,1.31,1.65,4.0,4.67,2.33,3.33,3.5,2.83,1.48,4.34,2.83
2712,4.0,5.0,5.0,6.0,6.0,6.0,6.0,5.0,7.0,6.0,6.0,6.0,2.0,4.0,3.0,2.0,2.0,2.0,2.0,3.0,2.0,3.0,2.0,3.0,4.0,4.0,4.0,4.0,3.0,4.0,4.99,5.66,6.34,5.68,2.33,2.66,2.0,3.0,3.67,4.0,5.32,6.01,2.5,2.5,3.84
2713,1.0,1.0,1.0,2.0,1.0,1.0,5.0,5.0,5.0,5.0,5.0,5.0,3.0,3.0,3.0,4.0,2.0,3.0,4.0,4.0,3.0,4.0,4.0,4.0,2.0,4.0,2.0,3.0,2.0,3.0,1.0,1.33,5.0,5.01,2.65,3.33,3.67,4.0,2.0,3.33,1.16,5.0,2.99,3.84,2.66
2714,1.0,1.0,1.0,1.0,1.0,1.0,1.0,1.0,1.0,1.0,1.0,1.0,1.0,1.0,1.0,1.0,1.0,1.0,4.0,3.0,3.0,4.0,3.0,3.0,1.0,1.0,1.0,2.0,1.0,2.0,1.0,1.0,1.0,1.0,1.0,1.0,3.33,3.33,1.0,1.67,1.0,1.0,1.0,3.33,1.34
2715,1.0,2.0,1.0,2.0,2.0,1.0,1.0,1.0,1.0,1.0,1.0,1.0,4.0,4.0,3.0,4.0,2.0,2.0,6.0,6.0,5.0,6.0,6.0,6.0,3.0,4.0,3.0,4.0,3.0,4.0,1.33,1.67,1.0,1.0,2.98,3.32,5.67,6.0,3.0,4.0,1.5,1.0,3.15,5.84,3.5
2716,7.0,7.0,6.0,6.0,6.0,7.0,1.0,1.0,3.0,2.0,2.0,1.0,2.0,2.0,2.0,3.0,2.0,2.0,5.0,5.0,5.0,6.0,5.0,6.0,4.0,5.0,3.0,5.0,4.0,5.0,6.34,6.67,1.99,1.32,2.0,2.32,5.0,5.67,3.67,5.0,6.5,1.66,2.16,5.34,4.34
2717,7.0,6.0,6.0,6.0,6.0,6.0,4.0,4.0,5.0,4.0,4.0,4.0,4.0,4.0,3.0,4.0,2.0,3.0,2.0,3.0,3.0,3.0,2.0,3.0,4.0,4.0,3.0,4.0,3.0,4.0,6.34,6.0,4.34,4.0,2.98,3.66,2.33,3.0,3.33,4.0,6.17,4.17,3.32,2.66,3.66
2718,1.0,1.0,1.0,1.0,1.0,1.0,2.0,1.0,2.0,1.0,2.0,2.0,4.0,3.0,3.0,5.0,4.0,4.0,2.0,3.0,2.0,3.0,2.0,3.0,1.0,1.0,1.0,1.0,1.0,1.0,1.0,1.0,1.99,1.32,3.68,4.01,2.0,3.0,1.0,1.0,1.0,1.66,3.84,2.5,1.0
2719,4.0,5.0,5.0,5.0,6.0,5.0,1.0,1.0,2.0,2.0,3.0,3.0,2.0,2.0,2.0,2.0,2.0,2.0,2.0,2.0,2.0,3.0,2.0,2.0,4.0,5.0,4.0,4.0,3.0,4.0,4.99,5.0,1.99,1.99,2.0,1.99,2.0,2.33,3.67,4.33,5.0,1.99,2.0,2.16,4.0
2720,7.0,7.0,7.0,7.0,7.0,7.0,1.0,1.0,1.0,1.0,1.0,1.0,1.0,1.0,1.0,1.0,1.0,1.0,1.0,2.0,1.0,2.0,2.0,2.0,3.0,3.0,3.0,4.0,3.0,4.0,7.0,7.0,1.0,1.0,1.0,1.0,1.33,2.0,3.0,3.67,7.0,1.0,1.0,1.66,3.34
2721,3.0,5.0,4.0,5.0,4.0,5.0,7.0,6.0,7.0,6.0,6.0,7.0,4.0,4.0,4.0,4.0,4.0,4.0,5.0,6.0,5.0,6.0,6.0,7.0,3.0,4.0,3.0,3.0,2.0,2.0,3.66,5.0,6.68,6.35,4.01,4.01,5.33,6.33,2.67,3.0,4.33,6.52,4.01,5.83,2.84
2722,2.0,3.0,2.0,1.0,1.0,2.0,5.0,4.0,6.0,6.0,5.0,5.0,4.0,5.0,6.0,6.0,4.0,5.0,6.0,7.0,6.0,7.0,6.0,7.0,6.0,7.0,6.0,6.0,7.0,7.0,1.67,2.0,5.34,5.01,4.68,5.35,6.0,7.0,6.33,6.67,1.84,5.18,5.01,6.5,6.5
2723,2.0,3.0,3.0,4.0,3.0,4.0,3.0,3.0,4.0,4.0,4.0,3.0,3.0,3.0,3.0,2.0,3.0,3.0,1.0,3.0,2.0,3.0,2.0,2.0,3.0,4.0,3.0,4.0,3.0,4.0,2.66,3.66,3.66,3.33,3.0,2.67,1.67,2.67,3.0,4.0,3.16,3.5,2.84,2.17,3.5
2724,5.0,6.0,4.0,5.0,3.0,4.0,5.0,3.0,6.0,6.0,5.0,5.0,4.0,5.0,5.0,6.0,4.0,5.0,5.0,6.0,5.0,6.0,6.0,6.0,4.0,5.0,4.0,6.0,4.0,6.0,4.01,5.01,5.34,4.67,4.35,5.35,5.33,6.0,4.0,5.67,4.51,5.0,4.85,5.66,4.84
2725,1.0,1.0,1.0,1.0,1.0,1.0,2.0,1.0,2.0,1.0,2.0,2.0,1.0,1.0,2.0,1.0,1.0,1.0,6.0,5.0,6.0,7.0,6.0,6.0,5.0,6.0,5.0,6.0,4.0,5.0,1.0,1.0,1.99,1.32,1.32,1.0,6.0,6.0,4.67,5.67,1.0,1.66,1.16,6.0,5.17
2726,3.0,4.0,2.0,2.0,3.0,4.0,2.0,1.0,1.0,2.0,3.0,1.0,4.0,4.0,4.0,4.0,3.0,4.0,4.0,4.0,4.0,4.0,4.0,4.0,1.0,2.0,2.0,3.0,3.0,3.0,2.67,3.33,1.99,1.32,3.66,4.01,4.0,4.0,2.0,2.67,3.0,1.66,3.84,4.0,2.34
2727,3.0,3.0,3.0,3.0,2.0,4.0,3.0,3.0,4.0,4.0,4.0,4.0,4.0,5.0,4.0,6.0,4.0,4.0,1.0,3.0,2.0,2.0,2.0,3.0,3.0,4.0,2.0,3.0,3.0,3.0,2.67,3.33,3.66,3.67,4.01,5.0,1.67,2.67,2.67,3.33,3.0,3.66,4.5,2.17,3.0
2728,4.0,5.0,5.0,6.0,5.0,6.0,6.0,6.0,6.0,5.0,5.0,5.0,4.0,4.0,4.0,5.0,3.0,3.0,4.0,4.0,3.0,4.0,3.0,5.0,3.0,3.0,2.0,3.0,3.0,3.0,4.66,5.66,5.68,5.34,3.66,4.0,3.33,4.33,2.67,3.0,5.16,5.51,3.83,3.83,2.84
2729,6.0,6.0,5.0,5.0,5.0,7.0,4.0,3.0,4.0,4.0,4.0,4.0,5.0,6.0,5.0,6.0,5.0,6.0,4.0,6.0,4.0,5.0,4.0,5.0,7.0,7.0,7.0,7.0,6.0,7.0,5.34,6.0,4.0,3.67,5.02,6.02,4.0,5.33,6.67,7.0,5.67,3.84,5.52,4.66,6.84
2730,4.0,5.0,5.0,6.0,4.0,5.0,4.0,3.0,5.0,4.0,4.0,4.0,3.0,7.0,6.0,7.0,6.0,6.0,5.0,4.0,6.0,6.0,4.0,5.0,6.0,6.0,7.0,7.0,6.0,6.0,4.33,5.33,4.34,3.67,5.05,6.69,5.0,5.0,6.33,6.33,4.83,4.0,5.87,5.0,6.33
2731,2.0,1.0,2.0,2.0,1.0,2.0,4.0,3.0,4.0,4.0,4.0,3.0,4.0,4.0,4.0,4.0,2.0,3.0,5.0,4.0,4.0,4.0,3.0,4.0,2.0,3.0,1.0,2.0,1.0,2.0,1.67,1.66,4.0,3.33,3.31,3.66,4.0,4.0,1.33,2.33,1.66,3.66,3.49,4.0,1.83
2732,3.0,4.0,4.0,4.0,5.0,5.0,2.0,2.0,2.0,2.0,2.0,1.0,6.0,7.0,6.0,7.0,5.0,6.0,1.0,1.0,1.0,1.0,1.0,1.0,3.0,4.0,3.0,5.0,4.0,5.0,3.99,4.33,1.99,1.66,5.68,6.69,1.0,1.0,3.33,4.67,4.16,1.82,6.18,1.0,4.0
2733,5.0,6.0,4.0,5.0,6.0,5.0,4.0,4.0,5.0,5.0,5.0,5.0,1.0,2.0,2.0,2.0,1.0,2.0,3.0,3.0,2.0,3.0,2.0,3.0,4.0,5.0,4.0,5.0,4.0,5.0,5.0,5.34,4.67,4.67,1.32,1.99,2.33,3.0,4.0,5.0,5.17,4.67,1.66,2.66,4.5
2734,4.0,5.0,3.0,5.0,5.0,5.0,1.0,1.0,1.0,1.0,1.0,1.0,2.0,2.0,3.0,2.0,1.0,1.0,2.0,2.0,2.0,3.0,2.0,2.0,3.0,3.0,2.0,3.0,3.0,4.0,4.0,5.0,1.0,1.0,1.98,1.65,2.0,2.33,2.67,3.33,4.5,1.0,1.82,2.16,3.0
2735,2.0,4.0,2.0,3.0,3.0,3.0,2.0,1.0,2.0,2.0,2.0,2.0,2.0,3.0,2.0,2.0,2.0,3.0,4.0,5.0,4.0,4.0,4.0,6.0,3.0,4.0,4.0,5.0,4.0,5.0,2.33,3.34,1.99,1.66,2.0,2.67,4.0,5.0,3.67,4.67,2.84,1.82,2.34,4.5,4.17
2736,3.0,3.0,3.0,3.0,4.0,5.0,2.0,2.0,3.0,2.0,3.0,1.0,4.0,4.0,4.0,4.0,4.0,4.0,6.0,6.0,5.0,7.0,6.0,6.0,6.0,7.0,6.0,7.0,6.0,7.0,3.33,3.66,2.66,1.66,4.01,4.01,5.67,6.33,6.0,7.0,3.5,2.16,4.01,6.0,6.5
2737,4.0,5.0,4.0,3.0,4.0,4.0,4.0,3.0,4.0,4.0,4.0,3.0,5.0,6.0,4.0,6.0,5.0,5.0,3.0,5.0,5.0,4.0,5.0,6.0,4.0,5.0,4.0,5.0,3.0,5.0,4.0,4.0,4.0,3.33,4.69,5.68,4.33,5.0,3.67,5.0,4.0,3.66,5.18,4.66,4.34
2738,3.0,5.0,3.0,3.0,3.0,4.0,3.0,4.0,4.0,4.0,5.0,4.0,3.0,3.0,2.0,3.0,2.0,2.0,4.0,5.0,5.0,5.0,5.0,6.0,7.0,7.0,6.0,7.0,6.0,7.0,3.0,4.0,4.0,4.0,2.32,2.66,4.67,5.33,6.33,7.0,3.5,4.0,2.49,5.0,6.66
2739,3.0,3.0,2.0,4.0,4.0,4.0,2.0,1.0,2.0,3.0,2.0,1.0,2.0,2.0,1.0,2.0,2.0,2.0,1.0,2.0,1.0,2.0,2.0,2.0,2.0,3.0,2.0,2.0,2.0,2.0,3.0,3.66,1.99,1.66,1.66,1.99,1.33,2.0,2.0,2.33,3.33,1.82,1.82,1.66,2.16
2740,2.0,2.0,2.0,3.0,1.0,2.0,4.0,4.0,4.0,4.0,4.0,4.0,1.0,2.0,1.0,2.0,1.0,1.0,2.0,3.0,3.0,2.0,2.0,3.0,1.0,2.0,2.0,3.0,1.0,2.0,1.67,2.33,4.0,4.0,1.0,1.65,2.33,2.67,1.33,2.33,2.0,4.0,1.32,2.5,1.83
2741,6.0,7.0,7.0,7.0,6.0,6.0,6.0,6.0,7.0,6.0,6.0,5.0,7.0,7.0,6.0,6.0,6.0,6.0,6.0,7.0,7.0,7.0,7.0,7.0,7.0,7.0,7.0,7.0,7.0,7.0,6.34,6.67,6.34,5.68,6.36,6.35,6.67,7.0,7.0,7.0,6.5,6.01,6.36,6.84,7.0
2742,5.0,6.0,4.0,6.0,5.0,6.0,3.0,2.0,4.0,3.0,3.0,4.0,2.0,2.0,2.0,2.0,2.0,2.0,5.0,6.0,5.0,5.0,4.0,5.0,2.0,3.0,2.0,3.0,3.0,3.0,4.67,6.0,3.33,3.0,2.0,1.99,4.67,5.33,2.33,3.0,5.34,3.16,2.0,5.0,2.66
2743,3.0,3.0,4.0,4.0,4.0,4.0,3.0,2.0,3.0,3.0,2.0,2.0,5.0,6.0,5.0,6.0,6.0,5.0,6.0,7.0,5.0,6.0,6.0,7.0,4.0,6.0,4.0,5.0,6.0,6.0,3.66,3.66,2.66,2.33,5.37,5.68,5.67,6.67,4.67,5.67,3.66,2.5,5.52,6.17,5.17
2744,1.0,1.0,1.0,1.0,1.0,1.0,3.0,2.0,3.0,3.0,4.0,3.0,7.0,7.0,7.0,7.0,5.0,6.0,4.0,5.0,5.0,5.0,5.0,6.0,1.0,1.0,1.0,1.0,1.0,1.0,1.0,1.0,3.33,2.66,6.34,6.69,4.67,5.33,1.0,1.0,1.0,3.0,6.52,5.0,1.0
2745,3.0,2.0,2.0,3.0,2.0,3.0,2.0,3.0,4.0,3.0,4.0,2.0,1.0,1.0,1.0,1.0,1.0,2.0,3.0,4.0,2.0,3.0,4.0,5.0,1.0,1.0,1.0,1.0,1.0,1.0,2.34,2.66,3.33,2.66,1.0,1.33,3.0,4.0,1.0,1.0,2.5,3.0,1.16,3.5,1.0
2746,1.0,2.0,1.0,1.0,2.0,2.0,1.0,1.0,2.0,2.0,2.0,2.0,1.0,1.0,2.0,2.0,2.0,2.0,4.0,4.0,4.0,5.0,4.0,5.0,4.0,5.0,4.0,4.0,4.0,5.0,1.33,1.67,1.66,1.66,1.67,1.66,4.0,4.67,4.0,4.67,1.5,1.66,1.66,4.34,4.34
2747,1.0,2.0,3.0,2.0,2.0,2.0,4.0,3.0,4.0,4.0,4.0,4.0,6.0,7.0,7.0,7.0,6.0,6.0,3.0,3.0,2.0,3.0,2.0,3.0,4.0,5.0,5.0,5.0,4.0,5.0,2.0,2.0,4.0,3.67,6.36,6.69,2.33,3.0,4.33,5.0,2.0,3.84,6.52,2.66,4.66
2748,3.0,3.0,2.0,3.0,2.0,3.0,2.0,3.0,3.0,3.0,3.0,3.0,5.0,5.0,5.0,6.0,5.0,6.0,3.0,3.0,3.0,4.0,3.0,3.0,1.0,1.0,1.0,1.0,1.0,1.0,2.34,3.0,2.66,3.0,5.02,5.69,3.0,3.33,1.0,1.0,2.67,2.83,5.36,3.16,1.0
2749,1.0,1.0,1.0,1.0,1.0,1.0,4.0,4.0,4.0,4.0,4.0,4.0,2.0,2.0,2.0,1.0,1.0,1.0,4.0,3.0,4.0,4.0,3.0,4.0,1.0,2.0,1.0,1.0,1.0,1.0,1.0,1.0,4.0,4.0,1.65,1.32,3.67,3.67,1.0,1.33,1.0,4.0,1.48,3.67,1.16
2750,3.0,4.0,4.0,4.0,4.0,5.0,5.0,4.0,5.0,4.0,5.0,5.0,2.0,2.0,2.0,2.0,1.0,2.0,3.0,5.0,4.0,5.0,4.0,5.0,6.0,6.0,5.0,6.0,6.0,7.0,3.66,4.33,5.0,4.34,1.65,1.99,3.67,5.0,5.67,6.33,4.0,4.67,1.82,4.34,6.0
2751,2.0,1.0,2.0,3.0,1.0,2.0,3.0,2.0,3.0,2.0,2.0,2.0,6.0,5.0,5.0,5.0,3.0,4.0,2.0,3.0,4.0,4.0,3.0,4.0,4.0,5.0,3.0,4.0,4.0,5.0,1.67,2.0,2.66,1.99,4.65,4.67,3.0,3.67,3.67,4.67,1.84,2.33,4.66,3.34,4.17
2752,2.0,2.0,2.0,2.0,2.0,2.0,7.0,6.0,6.0,7.0,7.0,7.0,3.0,3.0,3.0,4.0,2.0,2.0,6.0,7.0,6.0,6.0,6.0,7.0,6.0,7.0,7.0,7.0,7.0,7.0,2.0,2.0,6.68,6.68,2.65,2.99,6.0,6.67,6.67,7.0,2.0,6.68,2.82,6.34,6.84
2753,3.0,3.0,2.0,3.0,2.0,2.0,6.0,5.0,7.0,6.0,6.0,6.0,4.0,5.0,3.0,4.0,4.0,4.0,6.0,7.0,7.0,7.0,7.0,7.0,3.0,4.0,3.0,4.0,5.0,5.0,2.34,2.67,6.34,5.68,3.68,4.34,6.67,7.0,3.67,4.33,2.5,6.01,4.01,6.84,4.0
2754,7.0,7.0,7.0,7.0,7.0,7.0,7.0,5.0,6.0,6.0,6.0,6.0,3.0,4.0,3.0,3.0,2.0,2.0,5.0,6.0,4.0,5.0,5.0,5.0,4.0,5.0,4.0,5.0,4.0,5.0,7.0,7.0,6.35,5.68,2.65,2.99,4.67,5.33,4.0,5.0,7.0,6.02,2.82,5.0,4.5
2755,2.0,2.0,2.0,3.0,2.0,3.0,2.0,3.0,4.0,3.0,4.0,3.0,3.0,3.0,2.0,3.0,1.0,2.0,4.0,4.0,4.0,4.0,4.0,4.0,4.0,6.0,4.0,5.0,5.0,6.0,2.0,2.66,3.33,3.0,1.97,2.66,4.0,4.0,4.33,5.67,2.33,3.16,2.32,4.0,5.0
2756,4.0,4.0,3.0,5.0,3.0,4.0,5.0,3.0,5.0,4.0,5.0,4.0,4.0,5.0,4.0,4.0,2.0,3.0,4.0,3.0,4.0,5.0,4.0,4.0,1.0,2.0,2.0,2.0,2.0,3.0,3.34,4.33,5.0,3.67,3.31,4.0,4.0,4.0,1.67,2.33,3.84,4.34,3.66,4.0,2.0
2757,2.0,3.0,2.0,2.0,2.0,3.0,4.0,3.0,5.0,3.0,3.0,3.0,3.0,4.0,3.0,3.0,3.0,3.0,1.0,2.0,1.0,2.0,1.0,2.0,1.0,1.0,1.0,1.0,1.0,1.0,2.0,2.67,4.0,3.0,3.0,3.33,1.0,2.0,1.0,1.0,2.34,3.5,3.16,1.5,1.0
2758,6.0,5.0,6.0,7.0,7.0,7.0,5.0,4.0,5.0,5.0,5.0,4.0,5.0,7.0,6.0,7.0,6.0,6.0,4.0,5.0,4.0,5.0,4.0,5.0,5.0,6.0,5.0,6.0,5.0,5.0,6.33,6.33,5.0,4.34,5.7,6.69,4.0,5.0,5.0,5.67,6.33,4.67,6.2,4.5,5.34
2759,2.0,3.0,4.0,3.0,3.0,3.0,4.0,4.0,4.0,4.0,4.0,3.0,6.0,6.0,5.0,6.0,5.0,6.0,6.0,7.0,6.0,6.0,6.0,6.0,4.0,5.0,4.0,5.0,4.0,4.0,3.0,3.0,4.0,3.67,5.35,6.02,6.0,6.33,4.0,4.67,3.0,3.84,5.68,6.16,4.34
2760,3.0,4.0,2.0,3.0,4.0,3.0,1.0,1.0,1.0,1.0,1.0,1.0,2.0,3.0,2.0,2.0,2.0,3.0,5.0,5.0,5.0,4.0,5.0,6.0,5.0,5.0,4.0,5.0,4.0,5.0,3.0,3.34,1.0,1.0,2.0,2.67,5.0,5.0,4.33,5.0,3.17,1.0,2.34,5.0,4.66
2761,4.0,4.0,4.0,4.0,3.0,4.0,6.0,6.0,7.0,6.0,7.0,7.0,3.0,4.0,4.0,4.0,4.0,4.0,5.0,5.0,4.0,5.0,5.0,5.0,5.0,6.0,6.0,6.0,5.0,6.0,3.67,4.0,6.68,6.35,3.69,4.01,4.67,5.0,5.33,6.0,3.84,6.52,3.85,4.84,5.66
2762,2.0,2.0,1.0,1.0,1.0,2.0,2.0,1.0,2.0,2.0,2.0,2.0,3.0,3.0,3.0,3.0,3.0,3.0,2.0,2.0,3.0,3.0,3.0,4.0,5.0,5.0,5.0,5.0,4.0,6.0,1.34,1.67,1.99,1.66,3.0,3.0,2.67,3.0,4.67,5.33,1.5,1.82,3.0,2.84,5.0
2763,6.0,3.0,6.0,7.0,7.0,7.0,5.0,4.0,6.0,5.0,5.0,4.0,3.0,4.0,2.0,3.0,2.0,3.0,7.0,7.0,7.0,7.0,7.0,7.0,4.0,5.0,4.0,4.0,4.0,5.0,6.33,5.66,5.34,4.34,2.32,3.33,7.0,7.0,4.0,4.67,6.0,4.84,2.82,7.0,4.34
2764,1.0,1.0,2.0,2.0,2.0,1.0,4.0,3.0,5.0,4.0,5.0,5.0,6.0,6.0,6.0,7.0,4.0,6.0,6.0,6.0,5.0,6.0,5.0,5.0,3.0,5.0,4.0,4.0,3.0,4.0,1.66,1.33,4.67,4.0,5.33,6.35,5.33,5.67,3.33,4.33,1.5,4.34,5.84,5.5,3.83
2765,7.0,7.0,6.0,7.0,7.0,7.0,1.0,1.0,2.0,1.0,1.0,1.0,2.0,3.0,2.0,2.0,2.0,2.0,1.0,1.0,1.0,1.0,1.0,2.0,3.0,4.0,3.0,4.0,3.0,3.0,6.67,7.0,1.32,1.0,2.0,2.32,1.0,1.33,3.0,3.67,6.84,1.16,2.16,1.16,3.34
2766,2.0,3.0,4.0,4.0,3.0,3.0,3.0,3.0,4.0,4.0,4.0,3.0,2.0,2.0,2.0,2.0,1.0,2.0,3.0,3.0,3.0,2.0,3.0,3.0,2.0,2.0,1.0,2.0,2.0,2.0,3.0,3.33,3.66,3.33,1.65,1.99,3.0,2.67,1.67,2.0,3.16,3.5,1.82,2.84,1.84
2767,4.0,4.0,3.0,3.0,4.0,5.0,4.0,4.0,4.0,4.0,5.0,5.0,2.0,3.0,3.0,3.0,3.0,3.0,2.0,4.0,2.0,4.0,4.0,4.0,1.0,1.0,1.0,2.0,1.0,2.0,3.67,4.0,4.33,4.34,2.68,3.0,2.67,4.0,1.0,1.67,3.84,4.34,2.84,3.34,1.34
2768,1.0,2.0,2.0,3.0,2.0,4.0,3.0,4.0,3.0,3.0,4.0,3.0,5.0,5.0,4.0,6.0,4.0,4.0,1.0,1.0,1.0,1.0,1.0,1.0,2.0,2.0,2.0,2.0,1.0,2.0,1.66,2.99,3.33,3.33,4.34,5.0,1.0,1.0,1.67,2.0,2.33,3.33,4.67,1.0,1.84
2769,5.0,6.0,6.0,6.0,5.0,6.0,5.0,4.0,5.0,4.0,5.0,5.0,6.0,7.0,5.0,7.0,6.0,6.0,4.0,5.0,3.0,5.0,3.0,4.0,4.0,6.0,4.0,5.0,4.0,6.0,5.34,6.0,5.0,4.34,5.7,6.69,3.33,4.67,4.0,5.67,5.67,4.67,6.2,4.0,4.84
2770,7.0,7.0,7.0,7.0,7.0,7.0,3.0,2.0,3.0,4.0,3.0,3.0,3.0,4.0,3.0,5.0,3.0,5.0,7.0,7.0,6.0,7.0,7.0,7.0,3.0,2.0,2.0,3.0,2.0,3.0,7.0,7.0,3.0,3.0,3.0,4.68,6.67,7.0,2.33,2.67,7.0,3.0,3.84,6.84,2.5
2771,3.0,3.0,2.0,3.0,3.0,3.0,6.0,5.0,6.0,6.0,6.0,6.0,4.0,6.0,5.0,6.0,5.0,6.0,4.0,5.0,3.0,4.0,4.0,5.0,4.0,4.0,4.0,5.0,4.0,5.0,2.67,3.0,6.01,5.68,4.7,6.02,3.67,4.67,4.0,4.67,2.84,5.84,5.36,4.17,4.34
2772,4.0,5.0,5.0,5.0,5.0,4.0,4.0,3.0,4.0,4.0,5.0,4.0,3.0,4.0,4.0,5.0,3.0,5.0,4.0,6.0,4.0,5.0,5.0,6.0,4.0,4.0,4.0,4.0,3.0,3.0,4.66,4.67,4.33,3.67,3.34,4.68,4.33,5.67,3.67,3.67,4.66,4.0,4.01,5.0,3.67
2773,1.0,1.0,1.0,1.0,1.0,1.0,3.0,2.0,4.0,3.0,3.0,3.0,3.0,3.0,2.0,3.0,2.0,3.0,5.0,6.0,4.0,5.0,4.0,4.0,2.0,2.0,3.0,3.0,1.0,3.0,1.0,1.0,3.33,2.66,2.32,3.0,4.33,5.0,2.0,2.67,1.0,3.0,2.66,4.66,2.34
2774,1.0,2.0,1.0,1.0,1.0,2.0,7.0,7.0,7.0,7.0,7.0,7.0,5.0,6.0,5.0,6.0,4.0,5.0,1.0,2.0,1.0,2.0,2.0,3.0,5.0,5.0,4.0,5.0,5.0,6.0,1.0,1.67,7.0,7.0,4.67,5.68,1.33,2.33,4.67,5.33,1.34,7.0,5.18,1.83,5.0
2775,1.0,1.0,1.0,1.0,1.0,1.0,1.0,1.0,1.0,1.0,1.0,1.0,2.0,3.0,1.0,3.0,2.0,3.0,3.0,3.0,2.0,2.0,4.0,4.0,1.0,1.0,1.0,1.0,1.0,2.0,1.0,1.0,1.0,1.0,1.66,3.0,3.0,3.0,1.0,1.33,1.0,1.0,2.33,3.0,1.16
2776,5.0,5.0,7.0,6.0,6.0,6.0,4.0,3.0,4.0,4.0,4.0,2.0,5.0,6.0,4.0,4.0,4.0,5.0,3.0,4.0,3.0,4.0,3.0,4.0,3.0,5.0,3.0,4.0,4.0,4.0,6.0,5.66,4.0,3.0,4.34,5.01,3.0,4.0,3.33,4.33,5.83,3.5,4.68,3.5,3.83
2777,4.0,5.0,3.0,4.0,4.0,5.0,2.0,2.0,3.0,3.0,3.0,3.0,3.0,2.0,3.0,3.0,2.0,3.0,5.0,5.0,5.0,6.0,4.0,5.0,1.0,3.0,2.0,2.0,2.0,4.0,3.67,4.67,2.66,2.66,2.65,2.67,4.67,5.33,1.67,3.0,4.17,2.66,2.66,5.0,2.34
2778,3.0,3.0,3.0,3.0,2.0,3.0,4.0,4.0,4.0,5.0,5.0,4.0,3.0,4.0,2.0,3.0,2.0,2.0,1.0,3.0,1.0,3.0,2.0,3.0,3.0,4.0,3.0,4.0,2.0,4.0,2.67,3.0,4.33,4.34,2.32,2.99,1.33,3.0,2.67,4.0,2.84,4.34,2.66,2.16,3.34
2779,1.0,1.0,1.0,1.0,1.0,1.0,2.0,2.0,2.0,2.0,2.0,1.0,4.0,5.0,4.0,5.0,4.0,4.0,5.0,6.0,4.0,5.0,5.0,6.0,2.0,4.0,3.0,4.0,3.0,3.0,1.0,1.0,1.99,1.66,4.01,4.67,4.67,5.67,2.67,3.67,1.0,1.82,4.34,5.17,3.17
2780,2.0,3.0,3.0,3.0,2.0,3.0,2.0,2.0,3.0,2.0,2.0,1.0,2.0,3.0,3.0,3.0,3.0,3.0,2.0,3.0,3.0,3.0,2.0,4.0,6.0,7.0,4.0,6.0,6.0,7.0,2.33,3.0,2.33,1.66,2.68,3.0,2.33,3.33,5.33,6.67,2.66,2.0,2.84,2.83,6.0
2781,4.0,5.0,4.0,4.0,4.0,5.0,3.0,3.0,3.0,3.0,4.0,3.0,2.0,3.0,2.0,3.0,2.0,2.0,6.0,7.0,6.0,7.0,6.0,7.0,5.0,5.0,4.0,5.0,4.0,6.0,4.0,4.67,3.33,3.0,2.0,2.66,6.0,7.0,4.33,5.33,4.34,3.16,2.33,6.5,4.83
2782,4.0,6.0,5.0,6.0,6.0,5.0,4.0,4.0,3.0,4.0,5.0,4.0,5.0,6.0,4.0,6.0,4.0,5.0,2.0,3.0,2.0,3.0,3.0,3.0,3.0,4.0,2.0,3.0,2.0,3.0,4.99,5.67,4.0,4.0,4.34,5.68,2.33,3.0,2.33,3.33,5.33,4.0,5.01,2.66,2.83
2783,1.0,2.0,1.0,1.0,2.0,2.0,6.0,5.0,5.0,4.0,4.0,4.0,5.0,5.0,5.0,6.0,6.0,6.0,3.0,4.0,3.0,2.0,3.0,3.0,3.0,3.0,2.0,3.0,3.0,4.0,1.33,1.67,5.01,4.34,5.37,5.69,3.0,3.0,2.67,3.33,1.5,4.68,5.53,3.0,3.0
2784,1.0,1.0,1.0,1.0,1.0,1.0,4.0,4.0,5.0,4.0,4.0,4.0,6.0,6.0,5.0,7.0,5.0,5.0,6.0,6.0,5.0,6.0,5.0,7.0,3.0,4.0,4.0,3.0,4.0,5.0,1.0,1.0,4.34,4.0,5.35,6.01,5.33,6.33,3.67,4.0,1.0,4.17,5.68,5.83,3.84
2785,2.0,2.0,2.0,4.0,1.0,3.0,3.0,3.0,5.0,4.0,4.0,3.0,3.0,3.0,2.0,3.0,2.0,2.0,5.0,5.0,4.0,5.0,5.0,6.0,2.0,2.0,1.0,2.0,2.0,2.0,1.67,3.0,4.0,3.33,2.32,2.66,4.67,5.33,1.67,2.0,2.34,3.66,2.49,5.0,1.84
2786,1.0,1.0,1.0,1.0,1.0,2.0,3.0,3.0,4.0,4.0,4.0,4.0,5.0,5.0,5.0,6.0,5.0,6.0,3.0,4.0,4.0,4.0,3.0,5.0,2.0,3.0,2.0,3.0,3.0,3.0,1.0,1.33,3.66,3.67,5.02,5.69,3.33,4.33,2.33,3.0,1.16,3.66,5.36,3.83,2.66
2787,1.0,1.0,1.0,1.0,1.0,1.0,2.0,2.0,2.0,2.0,3.0,2.0,3.0,3.0,3.0,2.0,3.0,2.0,5.0,6.0,5.0,6.0,4.0,6.0,6.0,6.0,4.0,6.0,5.0,6.0,1.0,1.0,2.32,1.99,3.0,2.32,4.67,6.0,5.0,6.0,1.0,2.15,2.66,5.34,5.5
2788,3.0,3.0,3.0,3.0,3.0,2.0,3.0,3.0,4.0,3.0,4.0,4.0,5.0,6.0,4.0,5.0,4.0,4.0,4.0,4.0,3.0,5.0,4.0,4.0,3.0,4.0,3.0,4.0,4.0,5.0,3.0,2.67,3.66,3.33,4.34,5.0,3.67,4.33,3.33,4.33,2.84,3.5,4.67,4.0,3.83
2789,1.0,1.0,1.0,1.0,1.0,2.0,4.0,3.0,3.0,3.0,4.0,4.0,2.0,3.0,3.0,3.0,2.0,2.0,4.0,5.0,5.0,5.0,5.0,6.0,5.0,7.0,6.0,7.0,6.0,7.0,1.0,1.33,3.67,3.33,2.33,2.66,4.67,5.33,5.67,7.0,1.16,3.5,2.5,5.0,6.34
2790,2.0,3.0,3.0,4.0,4.0,4.0,4.0,4.0,5.0,4.0,5.0,5.0,6.0,6.0,5.0,6.0,6.0,6.0,7.0,7.0,7.0,7.0,7.0,7.0,4.0,4.0,3.0,4.0,4.0,5.0,2.99,3.66,4.67,4.34,5.7,6.02,7.0,7.0,3.67,4.33,3.32,4.5,5.86,7.0,4.0
2791,1.0,2.0,2.0,2.0,1.0,2.0,3.0,2.0,3.0,3.0,3.0,2.0,3.0,4.0,4.0,4.0,3.0,3.0,2.0,3.0,3.0,3.0,3.0,3.0,1.0,1.0,1.0,1.0,1.0,1.0,1.33,2.0,3.0,2.33,3.34,3.66,2.67,3.0,1.0,1.0,1.66,2.66,3.5,2.84,1.0
2792,3.0,3.0,4.0,4.0,3.0,4.0,7.0,7.0,7.0,6.0,6.0,6.0,3.0,4.0,3.0,3.0,2.0,4.0,3.0,4.0,2.0,3.0,3.0,4.0,3.0,4.0,4.0,5.0,3.0,5.0,3.33,3.66,6.68,6.35,2.65,3.67,2.67,3.67,3.33,4.67,3.5,6.52,3.16,3.17,4.0
2793,2.0,3.0,2.0,3.0,2.0,2.0,4.0,4.0,4.0,4.0,4.0,4.0,4.0,4.0,4.0,4.0,3.0,3.0,4.0,5.0,5.0,5.0,5.0,6.0,5.0,6.0,4.0,5.0,4.0,5.0,2.0,2.67,4.0,4.0,3.66,3.66,4.67,5.33,4.33,5.33,2.34,4.0,3.66,5.0,4.83
2794,3.0,4.0,4.0,4.0,3.0,4.0,4.0,4.0,3.0,5.0,5.0,4.0,2.0,2.0,1.0,2.0,1.0,1.0,1.0,2.0,1.0,2.0,1.0,2.0,4.0,5.0,5.0,5.0,6.0,6.0,3.33,4.0,4.0,4.34,1.31,1.65,1.0,2.0,5.0,5.33,3.66,4.17,1.48,1.5,5.16
2795,2.0,3.0,2.0,3.0,2.0,2.0,4.0,4.0,3.0,2.0,2.0,3.0,4.0,4.0,4.0,5.0,4.0,4.0,6.0,6.0,5.0,5.0,5.0,6.0,1.0,1.0,1.0,1.0,1.0,2.0,2.0,2.67,3.0,3.0,4.01,4.34,5.33,5.67,1.0,1.33,2.34,3.0,4.18,5.5,1.16
2796,3.0,3.0,2.0,2.0,3.0,4.0,5.0,5.0,5.0,5.0,5.0,5.0,1.0,1.0,1.0,1.0,1.0,1.0,6.0,6.0,5.0,6.0,5.0,6.0,2.0,3.0,1.0,3.0,2.0,3.0,2.67,3.0,5.0,5.01,1.0,1.0,5.33,6.0,1.67,3.0,2.84,5.0,1.0,5.66,2.34
2797,1.0,2.0,1.0,1.0,1.0,1.0,5.0,4.0,5.0,5.0,5.0,5.0,4.0,4.0,4.0,4.0,3.0,4.0,4.0,4.0,2.0,4.0,4.0,4.0,5.0,5.0,5.0,6.0,5.0,5.0,1.0,1.34,5.0,4.67,3.66,4.01,3.34,4.0,5.0,5.33,1.17,4.84,3.84,3.67,5.16
2798,6.0,7.0,6.0,7.0,6.0,7.0,7.0,7.0,7.0,7.0,7.0,7.0,3.0,4.0,3.0,5.0,3.0,4.0,6.0,6.0,5.0,5.0,5.0,5.0,5.0,5.0,5.0,6.0,4.0,5.0,6.0,7.0,7.0,7.0,3.0,4.34,5.33,5.33,4.67,5.33,6.5,7.0,3.67,5.33,5.0
2799,1.0,1.0,1.0,1.0,1.0,2.0,5.0,5.0,7.0,6.0,6.0,5.0,6.0,6.0,6.0,6.0,6.0,7.0,4.0,6.0,5.0,6.0,5.0,6.0,5.0,6.0,5.0,5.0,4.0,6.0,1.0,1.33,6.01,5.34,6.03,6.36,4.67,6.0,4.67,5.67,1.16,5.68,6.2,5.34,5.17
2800,3.0,3.0,3.0,4.0,3.0,3.0,3.0,2.0,3.0,3.0,4.0,3.0,4.0,5.0,3.0,3.0,3.0,4.0,3.0,4.0,3.0,4.0,2.0,3.0,4.0,5.0,4.0,5.0,4.0,5.0,3.0,3.33,3.33,2.66,3.33,4.01,2.67,3.67,4.0,5.0,3.16,3.0,3.67,3.17,4.5
2801,3.0,3.0,2.0,3.0,2.0,4.0,5.0,5.0,6.0,5.0,6.0,5.0,3.0,3.0,3.0,3.0,3.0,3.0,4.0,4.0,3.0,4.0,3.0,4.0,5.0,5.0,5.0,6.0,5.0,6.0,2.34,3.33,5.67,5.01,3.0,3.0,3.33,4.0,5.0,5.67,2.84,5.34,3.0,3.66,5.34
2802,2.0,3.0,2.0,3.0,2.0,2.0,4.0,4.0,5.0,4.0,3.0,4.0,1.0,1.0,1.0,1.0,1.0,1.0,2.0,3.0,2.0,3.0,3.0,3.0,3.0,4.0,4.0,3.0,3.0,4.0,2.0,2.67,4.0,4.0,1.0,1.0,2.33,3.0,3.33,3.67,2.34,4.0,1.0,2.66,3.5
2803,1.0,2.0,2.0,2.0,1.0,2.0,3.0,3.0,2.0,2.0,3.0,3.0,5.0,5.0,5.0,5.0,5.0,5.0,4.0,4.0,3.0,5.0,4.0,4.0,4.0,4.0,2.0,4.0,3.0,4.0,1.33,2.0,2.66,2.66,5.02,5.01,3.67,4.33,3.0,4.0,1.66,2.66,5.01,4.0,3.5
2804,1.0,1.0,1.0,1.0,1.0,1.0,4.0,2.0,4.0,3.0,3.0,3.0,3.0,3.0,4.0,3.0,3.0,3.0,2.0,3.0,1.0,2.0,2.0,3.0,3.0,4.0,3.0,4.0,3.0,4.0,1.0,1.0,3.67,2.66,3.34,3.0,1.67,2.67,3.0,4.0,1.0,3.16,3.17,2.17,3.5
2805,1.0,1.0,1.0,1.0,1.0,1.0,5.0,5.0,5.0,4.0,4.0,4.0,5.0,6.0,5.0,5.0,4.0,5.0,3.0,4.0,3.0,4.0,4.0,4.0,5.0,5.0,5.0,6.0,5.0,6.0,1.0,1.0,4.67,4.34,4.67,5.35,3.33,4.0,5.0,5.67,1.0,4.5,5.01,3.66,5.34
2806,2.0,2.0,2.0,2.0,3.0,3.0,6.0,5.0,6.0,6.0,5.0,5.0,2.0,2.0,3.0,3.0,2.0,3.0,3.0,4.0,4.0,4.0,3.0,4.0,3.0,3.0,3.0,4.0,3.0,3.0,2.33,2.33,5.68,5.34,2.33,2.67,3.33,4.0,3.0,3.33,2.33,5.51,2.5,3.66,3.16
2807,1.0,1.0,1.0,1.0,1.0,2.0,1.0,1.0,2.0,1.0,1.0,1.0,1.0,1.0,1.0,1.0,1.0,1.0,1.0,1.0,1.0,1.0,1.0,1.0,1.0,1.0,1.0,1.0,1.0,1.0,1.0,1.33,1.32,1.0,1.0,1.0,1.0,1.0,1.0,1.0,1.16,1.16,1.0,1.0,1.0
2808,1.0,3.0,1.0,2.0,2.0,2.0,7.0,7.0,7.0,6.0,7.0,7.0,2.0,3.0,2.0,2.0,2.0,2.0,5.0,5.0,5.0,6.0,5.0,5.0,4.0,3.0,3.0,4.0,3.0,4.0,1.33,2.34,7.0,6.68,2.0,2.32,5.0,5.33,3.33,3.67,1.84,6.84,2.16,5.16,3.5
2809,5.0,5.0,4.0,5.0,4.0,4.0,4.0,3.0,4.0,4.0,4.0,4.0,2.0,4.0,2.0,2.0,2.0,2.0,2.0,3.0,2.0,3.0,3.0,3.0,4.0,5.0,5.0,5.0,4.0,5.0,4.34,4.67,4.0,3.67,2.0,2.66,2.33,3.0,4.33,5.0,4.5,3.84,2.33,2.66,4.66
2810,2.0,4.0,3.0,3.0,3.0,3.0,5.0,4.0,4.0,4.0,4.0,4.0,4.0,3.0,2.0,3.0,1.0,3.0,3.0,4.0,3.0,3.0,3.0,3.0,4.0,5.0,4.0,5.0,4.0,5.0,2.66,3.34,4.34,4.0,2.3,3.0,3.0,3.33,4.0,5.0,3.0,4.17,2.65,3.16,4.5
2811,1.0,1.0,1.0,1.0,1.0,1.0,5.0,5.0,5.0,5.0,5.0,4.0,7.0,7.0,6.0,6.0,6.0,6.0,4.0,5.0,5.0,5.0,4.0,5.0,3.0,4.0,3.0,4.0,3.0,5.0,1.0,1.0,5.0,4.67,6.36,6.35,4.33,5.0,3.0,4.33,1.0,4.84,6.36,4.66,3.66
2812,2.0,5.0,2.0,4.0,2.0,3.0,3.0,1.0,3.0,3.0,3.0,1.0,2.0,3.0,2.0,3.0,1.0,1.0,2.0,4.0,3.0,4.0,3.0,4.0,3.0,5.0,4.0,5.0,4.0,5.0,2.0,4.01,3.0,1.66,1.65,2.31,2.67,4.0,3.67,5.0,3.0,2.33,1.98,3.34,4.34
2813,2.0,2.0,2.0,3.0,2.0,2.0,4.0,4.0,4.0,3.0,4.0,4.0,3.0,3.0,3.0,3.0,2.0,3.0,2.0,4.0,3.0,3.0,3.0,4.0,4.0,4.0,4.0,5.0,4.0,5.0,2.0,2.33,4.0,3.67,2.65,3.0,2.67,3.67,4.0,4.67,2.16,3.84,2.82,3.17,4.34
2814,2.0,2.0,2.0,3.0,2.0,3.0,3.0,2.0,3.0,3.0,3.0,3.0,6.0,7.0,6.0,6.0,5.0,6.0,4.0,4.0,4.0,5.0,4.0,5.0,2.0,3.0,2.0,2.0,1.0,3.0,2.0,2.66,3.0,2.66,5.68,6.35,4.0,4.67,1.67,2.67,2.33,2.83,6.02,4.34,2.17
2815,2.0,2.0,2.0,3.0,2.0,2.0,5.0,4.0,5.0,5.0,5.0,5.0,6.0,7.0,5.0,6.0,6.0,6.0,3.0,4.0,3.0,4.0,3.0,3.0,3.0,4.0,4.0,4.0,4.0,4.0,2.0,2.33,5.0,4.67,5.7,6.35,3.0,3.67,3.67,4.0,2.16,4.84,6.02,3.34,3.84
2816,1.0,1.0,1.0,1.0,1.0,1.0,6.0,6.0,7.0,6.0,6.0,6.0,4.0,5.0,5.0,4.0,2.0,3.0,5.0,5.0,5.0,5.0,5.0,5.0,3.0,5.0,3.0,4.0,3.0,5.0,1.0,1.0,6.34,6.01,3.65,4.0,5.0,5.0,3.0,4.67,1.0,6.18,3.82,5.0,3.84
2817,3.0,2.0,2.0,3.0,2.0,4.0,3.0,3.0,5.0,4.0,4.0,2.0,2.0,2.0,3.0,2.0,2.0,3.0,5.0,6.0,6.0,6.0,6.0,6.0,3.0,4.0,4.0,4.0,4.0,4.0,2.34,2.99,4.0,3.0,2.33,2.33,5.67,6.0,3.67,4.0,2.66,3.5,2.33,5.84,3.84
2818,2.0,3.0,3.0,3.0,3.0,4.0,5.0,4.0,5.0,5.0,5.0,4.0,7.0,7.0,7.0,7.0,7.0,7.0,6.0,7.0,6.0,7.0,5.0,7.0,4.0,5.0,5.0,5.0,4.0,5.0,2.66,3.33,5.0,4.34,7.0,7.0,5.67,7.0,4.33,5.0,3.0,4.67,7.0,6.34,4.66
2819,3.0,3.0,4.0,4.0,3.0,4.0,3.0,2.0,4.0,3.0,3.0,3.0,1.0,1.0,1.0,1.0,1.0,1.0,4.0,6.0,5.0,5.0,5.0,5.0,5.0,6.0,5.0,6.0,5.0,6.0,3.33,3.66,3.33,2.66,1.0,1.0,4.67,5.33,5.0,6.0,3.5,3.0,1.0,5.0,5.5
2820,4.0,5.0,3.0,4.0,3.0,4.0,5.0,4.0,5.0,5.0,6.0,5.0,2.0,2.0,2.0,2.0,1.0,2.0,5.0,6.0,5.0,6.0,6.0,6.0,6.0,7.0,7.0,7.0,6.0,7.0,3.34,4.34,5.34,4.67,1.65,1.99,5.33,6.0,6.33,7.0,3.84,5.0,1.82,5.66,6.66
2821,4.0,5.0,5.0,4.0,4.0,4.0,4.0,4.0,4.0,4.0,5.0,4.0,6.0,7.0,6.0,6.0,6.0,6.0,2.0,3.0,4.0,3.0,3.0,4.0,7.0,7.0,7.0,7.0,6.0,7.0,4.33,4.34,4.33,4.0,6.03,6.35,3.0,3.33,6.67,7.0,4.34,4.16,6.19,3.16,6.84
2822,4.0,4.0,3.0,3.0,2.0,3.0,6.0,5.0,7.0,6.0,6.0,5.0,6.0,6.0,6.0,5.0,5.0,5.0,7.0,7.0,6.0,7.0,6.0,7.0,5.0,6.0,5.0,6.0,6.0,6.0,3.01,3.34,6.34,5.34,5.68,5.35,6.33,7.0,5.33,6.0,3.18,5.84,5.52,6.66,5.66
2823,2.0,2.0,1.0,2.0,2.0,2.0,2.0,2.0,3.0,2.0,1.0,1.0,2.0,2.0,2.0,2.0,1.0,2.0,3.0,4.0,3.0,3.0,3.0,3.0,1.0,1.0,1.0,1.0,1.0,1.0,1.67,2.0,1.99,1.66,1.65,1.99,3.0,3.33,1.0,1.0,1.84,1.82,1.82,3.16,1.0
2824,1.0,3.0,2.0,3.0,2.0,3.0,4.0,4.0,4.0,4.0,5.0,4.0,6.0,7.0,5.0,6.0,6.0,7.0,4.0,4.0,4.0,4.0,4.0,5.0,3.0,4.0,3.0,4.0,3.0,4.0,1.66,3.0,4.33,4.0,5.7,6.7,4.0,4.33,3.0,4.0,2.33,4.16,6.2,4.16,3.5
2825,1.0,2.0,1.0,2.0,2.0,2.0,3.0,3.0,3.0,3.0,2.0,3.0,3.0,3.0,2.0,2.0,2.0,3.0,3.0,4.0,4.0,5.0,4.0,5.0,1.0,2.0,2.0,2.0,2.0,2.0,1.33,2.0,2.66,3.0,2.32,2.67,3.67,4.67,1.67,2.0,1.66,2.83,2.5,4.17,1.84
2826,3.0,4.0,4.0,4.0,4.0,4.0,4.0,3.0,3.0,4.0,3.0,4.0,1.0,1.0,1.0,1.0,1.0,2.0,2.0,4.0,2.0,3.0,2.0,3.0,2.0,3.0,2.0,3.0,2.0,3.0,3.66,4.0,3.33,3.67,1.0,1.33,2.0,3.33,2.0,3.0,3.83,3.5,1.16,2.66,2.5
2827,3.0,3.0,3.0,4.0,2.0,4.0,3.0,2.0,2.0,1.0,2.0,2.0,3.0,3.0,1.0,2.0,1.0,1.0,3.0,3.0,3.0,3.0,3.0,3.0,5.0,6.0,4.0,6.0,5.0,6.0,2.67,3.66,2.33,1.66,1.64,1.98,3.0,3.0,4.67,6.0,3.16,2.0,1.81,3.0,5.34
2828,1.0,1.0,1.0,1.0,1.0,1.0,5.0,4.0,5.0,5.0,6.0,5.0,1.0,1.0,1.0,1.0,1.0,1.0,2.0,3.0,2.0,3.0,2.0,2.0,4.0,5.0,4.0,5.0,5.0,5.0,1.0,1.0,5.34,4.67,1.0,1.0,2.0,2.67,4.33,5.0,1.0,5.0,1.0,2.34,4.66
2829,2.0,3.0,3.0,4.0,3.0,3.0,7.0,6.0,6.0,7.0,7.0,7.0,6.0,6.0,6.0,7.0,6.0,7.0,5.0,6.0,5.0,5.0,5.0,6.0,7.0,7.0,6.0,7.0,6.0,7.0,2.66,3.33,6.68,6.68,6.03,6.7,5.0,5.67,6.33,7.0,3.0,6.68,6.36,5.34,6.66
2830,1.0,1.0,1.0,1.0,1.0,1.0,1.0,1.0,1.0,1.0,1.0,1.0,2.0,4.0,1.0,2.0,2.0,2.0,4.0,5.0,4.0,3.0,4.0,4.0,3.0,5.0,3.0,4.0,2.0,4.0,1.0,1.0,1.0,1.0,1.66,2.66,4.0,4.0,2.67,4.33,1.0,1.0,2.16,4.0,3.5
2831,7.0,7.0,7.0,7.0,7.0,7.0,6.0,5.0,6.0,5.0,6.0,6.0,6.0,6.0,5.0,6.0,4.0,5.0,5.0,6.0,6.0,6.0,5.0,6.0,5.0,5.0,4.0,4.0,5.0,5.0,7.0,7.0,6.01,5.34,5.0,5.68,5.33,6.0,4.67,4.67,7.0,5.68,5.34,5.66,4.67
2832,2.0,2.0,2.0,3.0,2.0,2.0,4.0,3.0,4.0,4.0,3.0,2.0,4.0,4.0,4.0,4.0,3.0,4.0,4.0,5.0,4.0,5.0,5.0,5.0,5.0,6.0,4.0,5.0,4.0,5.0,2.0,2.33,3.67,3.0,3.66,4.01,4.33,5.0,4.33,5.33,2.16,3.34,3.84,4.66,4.83
2833,2.0,2.0,2.0,2.0,2.0,2.0,7.0,7.0,7.0,7.0,7.0,6.0,6.0,6.0,5.0,5.0,5.0,6.0,5.0,5.0,4.0,5.0,4.0,4.0,4.0,6.0,5.0,5.0,5.0,6.0,2.0,2.0,7.0,6.68,5.35,5.69,4.33,4.67,4.67,5.67,2.0,6.84,5.52,4.5,5.17
2834,3.0,3.0,3.0,4.0,3.0,2.0,4.0,4.0,5.0,4.0,5.0,5.0,2.0,3.0,2.0,2.0,2.0,2.0,3.0,4.0,3.0,3.0,3.0,3.0,2.0,3.0,2.0,4.0,3.0,3.0,3.0,3.0,4.67,4.34,2.0,2.32,3.0,3.33,2.33,3.33,3.0,4.5,2.16,3.16,2.83
2835,1.0,1.0,1.0,3.0,1.0,1.0,6.0,5.0,6.0,5.0,5.0,5.0,2.0,4.0,2.0,2.0,1.0,1.0,4.0,6.0,5.0,6.0,5.0,6.0,6.0,6.0,5.0,6.0,6.0,7.0,1.0,1.67,5.68,5.01,1.65,2.31,4.67,6.0,5.67,6.33,1.34,5.34,1.98,5.34,6.0
2836,2.0,2.0,1.0,1.0,1.0,1.0,4.0,4.0,5.0,4.0,5.0,4.0,3.0,3.0,3.0,3.0,2.0,3.0,3.0,3.0,3.0,4.0,3.0,4.0,4.0,5.0,4.0,5.0,4.0,5.0,1.34,1.34,4.67,4.0,2.65,3.0,3.0,3.67,4.0,5.0,1.34,4.34,2.82,3.34,4.5
2837,4.0,5.0,6.0,6.0,6.0,7.0,3.0,3.0,4.0,4.0,4.0,3.0,5.0,6.0,5.0,6.0,4.0,4.0,4.0,5.0,4.0,5.0,4.0,4.0,2.0,3.0,1.0,2.0,2.0,3.0,5.33,6.0,3.66,3.33,4.67,5.34,4.0,4.67,1.67,2.67,5.66,3.5,5.0,4.34,2.17
2838,2.0,3.0,2.0,2.0,2.0,2.0,1.0,1.0,2.0,2.0,2.0,2.0,1.0,1.0,1.0,1.0,1.0,1.0,5.0,6.0,5.0,5.0,5.0,6.0,1.0,2.0,1.0,1.0,1.0,1.0,2.0,2.34,1.66,1.66,1.0,1.0,5.0,5.67,1.0,1.33,2.17,1.66,1.0,5.34,1.16
2839,1.0,2.0,1.0,2.0,1.0,2.0,3.0,2.0,3.0,3.0,4.0,2.0,5.0,5.0,3.0,4.0,3.0,4.0,3.0,2.0,2.0,3.0,2.0,4.0,1.0,2.0,1.0,2.0,1.0,2.0,1.0,2.0,3.33,2.33,3.66,4.34,2.33,3.0,1.0,2.0,1.5,2.83,4.0,2.66,1.5
2840,1.0,2.0,2.0,2.0,1.0,2.0,1.0,1.0,1.0,1.0,1.0,1.0,1.0,2.0,1.0,1.0,1.0,1.0,1.0,2.0,1.0,2.0,2.0,2.0,1.0,1.0,1.0,1.0,1.0,1.0,1.33,2.0,1.0,1.0,1.0,1.32,1.33,2.0,1.0,1.0,1.66,1.0,1.16,1.66,1.0
2841,6.0,7.0,7.0,7.0,7.0,7.0,7.0,6.0,7.0,7.0,7.0,6.0,4.0,3.0,3.0,3.0,2.0,2.0,6.0,6.0,6.0,7.0,6.0,7.0,6.0,7.0,6.0,7.0,6.0,7.0,6.66,7.0,7.0,6.35,2.98,2.66,6.0,6.67,6.0,7.0,6.83,6.68,2.82,6.34,6.5
2842,2.0,2.0,3.0,2.0,2.0,2.0,3.0,3.0,4.0,4.0,4.0,3.0,4.0,4.0,3.0,3.0,3.0,3.0,4.0,4.0,4.0,5.0,3.0,3.0,5.0,5.0,4.0,5.0,4.0,5.0,2.33,2.0,3.66,3.33,3.33,3.33,3.67,4.0,4.33,5.0,2.16,3.5,3.33,3.84,4.66
2843,1.0,1.0,1.0,1.0,1.0,1.0,4.0,4.0,4.0,4.0,4.0,3.0,1.0,1.0,1.0,1.0,1.0,1.0,1.0,2.0,1.0,2.0,2.0,2.0,3.0,3.0,3.0,4.0,3.0,4.0,1.0,1.0,4.0,3.67,1.0,1.0,1.33,2.0,3.0,3.67,1.0,3.84,1.0,1.66,3.34
2844,2.0,3.0,2.0,3.0,2.0,3.0,2.0,2.0,2.0,2.0,3.0,2.0,2.0,3.0,1.0,2.0,2.0,1.0,4.0,5.0,4.0,6.0,4.0,5.0,5.0,5.0,5.0,6.0,5.0,6.0,2.0,3.0,2.32,1.99,1.66,1.98,4.0,5.33,5.0,5.67,2.5,2.15,1.82,4.66,5.34
2845,4.0,5.0,3.0,4.0,3.0,4.0,7.0,6.0,7.0,7.0,6.0,6.0,6.0,6.0,5.0,6.0,5.0,5.0,6.0,7.0,6.0,7.0,6.0,6.0,7.0,7.0,7.0,7.0,7.0,7.0,3.34,4.34,6.68,6.35,5.35,5.68,6.0,6.67,7.0,7.0,3.84,6.52,5.52,6.34,7.0
2846,1.0,1.0,1.0,2.0,1.0,2.0,5.0,5.0,6.0,6.0,5.0,5.0,6.0,6.0,6.0,6.0,6.0,6.0,2.0,4.0,3.0,4.0,3.0,3.0,5.0,6.0,6.0,6.0,5.0,6.0,1.0,1.66,5.34,5.34,6.03,6.02,2.67,3.67,5.33,6.0,1.33,5.34,6.02,3.17,5.66
2847,2.0,2.0,1.0,3.0,2.0,3.0,7.0,7.0,7.0,7.0,7.0,7.0,6.0,6.0,6.0,6.0,4.0,5.0,7.0,7.0,7.0,7.0,7.0,7.0,3.0,2.0,3.0,5.0,4.0,4.0,1.67,2.66,7.0,7.0,5.33,5.68,7.0,7.0,3.33,3.67,2.16,7.0,5.5,7.0,3.5
2848,2.0,2.0,2.0,2.0,2.0,2.0,3.0,3.0,4.0,4.0,3.0,3.0,3.0,2.0,3.0,3.0,2.0,3.0,6.0,6.0,5.0,6.0,5.0,6.0,2.0,3.0,2.0,3.0,2.0,2.0,2.0,2.0,3.33,3.33,2.65,2.67,5.33,6.0,2.0,2.67,2.0,3.33,2.66,5.66,2.34
2849,1.0,1.0,1.0,2.0,1.0,1.0,5.0,5.0,5.0,5.0,4.0,4.0,3.0,3.0,2.0,3.0,4.0,3.0,5.0,5.0,5.0,5.0,6.0,6.0,3.0,5.0,3.0,3.0,4.0,4.0,1.0,1.33,4.67,4.67,3.02,3.0,5.33,5.33,3.33,4.0,1.16,4.67,3.01,5.33,3.66
2850,1.0,1.0,1.0,1.0,1.0,1.0,2.0,1.0,2.0,2.0,3.0,2.0,2.0,3.0,3.0,2.0,2.0,2.0,2.0,3.0,2.0,3.0,3.0,3.0,3.0,5.0,4.0,5.0,4.0,5.0,1.0,1.0,2.32,1.66,2.33,2.32,2.33,3.0,3.67,5.0,1.0,1.99,2.33,2.66,4.34
2851,1.0,1.0,1.0,1.0,1.0,1.0,4.0,4.0,4.0,3.0,3.0,3.0,1.0,2.0,1.0,2.0,1.0,2.0,3.0,3.0,3.0,3.0,3.0,3.0,2.0,4.0,3.0,4.0,2.0,4.0,1.0,1.0,3.67,3.33,1.0,1.99,3.0,3.0,2.33,4.0,1.0,3.5,1.5,3.0,3.16
2852,3.0,3.0,3.0,4.0,4.0,4.0,1.0,2.0,1.0,1.0,1.0,1.0,1.0,2.0,2.0,1.0,2.0,2.0,5.0,5.0,4.0,5.0,5.0,6.0,4.0,4.0,3.0,4.0,4.0,5.0,3.33,3.66,1.0,1.32,1.67,1.66,4.67,5.33,3.67,4.33,3.5,1.16,1.66,5.0,4.0
2853,3.0,3.0,4.0,4.0,3.0,4.0,3.0,2.0,2.0,3.0,3.0,3.0,5.0,6.0,6.0,6.0,3.0,5.0,6.0,7.0,6.0,7.0,6.0,7.0,3.0,4.0,2.0,3.0,3.0,5.0,3.33,3.66,2.66,2.66,4.65,5.68,6.0,7.0,2.67,4.0,3.5,2.66,5.16,6.5,3.34
2854,2.0,2.0,1.0,2.0,2.0,2.0,4.0,5.0,4.0,3.0,3.0,3.0,1.0,1.0,1.0,1.0,1.0,1.0,3.0,4.0,3.0,4.0,2.0,4.0,3.0,5.0,2.0,3.0,2.0,4.0,1.67,2.0,3.67,3.67,1.0,1.0,2.67,4.0,2.33,4.0,1.84,3.67,1.0,3.34,3.16
2855,2.0,3.0,3.0,3.0,2.0,3.0,2.0,3.0,3.0,3.0,3.0,4.0,2.0,3.0,2.0,2.0,1.0,2.0,3.0,4.0,3.0,4.0,3.0,4.0,4.0,4.0,3.0,4.0,3.0,4.0,2.33,3.0,2.66,3.33,1.65,2.32,3.0,4.0,3.33,4.0,2.66,3.0,1.98,3.5,3.66
2856,1.0,1.0,1.0,1.0,1.0,1.0,1.0,2.0,1.0,1.0,1.0,1.0,2.0,3.0,2.0,2.0,2.0,3.0,5.0,6.0,5.0,6.0,5.0,6.0,3.0,4.0,4.0,4.0,4.0,5.0,1.0,1.0,1.0,1.32,2.0,2.67,5.0,6.0,3.67,4.33,1.0,1.16,2.34,5.5,4.0
2857,4.0,4.0,3.0,3.0,2.0,2.0,5.0,5.0,5.0,4.0,4.0,4.0,2.0,2.0,1.0,2.0,1.0,2.0,6.0,6.0,6.0,6.0,5.0,6.0,5.0,5.0,4.0,6.0,5.0,6.0,3.01,3.01,4.67,4.34,1.31,1.99,5.67,6.0,4.67,5.67,3.01,4.5,1.65,5.84,5.17
2858,1.0,1.0,1.0,1.0,2.0,2.0,4.0,1.0,2.0,1.0,1.0,1.0,3.0,3.0,3.0,3.0,3.0,4.0,1.0,2.0,1.0,2.0,2.0,2.0,2.0,3.0,2.0,4.0,2.0,3.0,1.33,1.33,2.33,1.0,3.0,3.34,1.33,2.0,2.0,3.33,1.33,1.66,3.17,1.66,2.66
2859,1.0,1.0,1.0,1.0,1.0,1.0,1.0,1.0,2.0,2.0,1.0,2.0,1.0,1.0,1.0,2.0,1.0,1.0,5.0,5.0,5.0,5.0,4.0,4.0,2.0,3.0,1.0,2.0,1.0,2.0,1.0,1.0,1.32,1.66,1.0,1.32,4.67,4.67,1.33,2.33,1.0,1.49,1.16,4.67,1.83
2860,3.0,4.0,3.0,4.0,4.0,4.0,4.0,4.0,5.0,5.0,4.0,4.0,1.0,2.0,2.0,3.0,2.0,2.0,4.0,4.0,4.0,5.0,3.0,5.0,5.0,5.0,4.0,6.0,5.0,6.0,3.33,4.0,4.34,4.34,1.67,2.32,3.67,4.67,4.67,5.67,3.66,4.34,2.0,4.17,5.17
2861,3.0,4.0,4.0,4.0,5.0,3.0,4.0,3.0,4.0,3.0,3.0,4.0,4.0,4.0,4.0,4.0,2.0,3.0,1.0,2.0,2.0,3.0,2.0,3.0,2.0,4.0,4.0,4.0,3.0,4.0,3.99,3.67,3.67,3.33,3.31,3.66,1.67,2.67,3.0,4.0,3.83,3.5,3.49,2.17,3.5
2862,4.0,4.0,3.0,3.0,3.0,5.0,4.0,5.0,6.0,5.0,5.0,5.0,2.0,2.0,2.0,2.0,2.0,2.0,6.0,6.0,5.0,7.0,6.0,6.0,1.0,1.0,1.0,2.0,1.0,1.0,3.34,4.0,5.0,5.01,2.0,1.99,5.67,6.33,1.0,1.33,3.67,5.0,2.0,6.0,1.16
2863,1.0,1.0,1.0,1.0,1.0,1.0,2.0,2.0,4.0,3.0,3.0,2.0,5.0,5.0,4.0,5.0,2.0,4.0,4.0,5.0,3.0,4.0,4.0,5.0,4.0,4.0,4.0,4.0,4.0,5.0,1.0,1.0,3.0,2.33,3.64,4.67,3.67,4.67,4.0,4.33,1.0,2.66,4.16,4.17,4.16
2864,2.0,2.0,3.0,2.0,2.0,2.0,3.0,3.0,4.0,3.0,3.0,2.0,2.0,2.0,2.0,2.0,1.0,2.0,4.0,4.0,4.0,4.0,4.0,5.0,3.0,4.0,3.0,5.0,3.0,4.0,2.33,2.0,3.33,2.66,1.65,1.99,4.0,4.33,3.0,4.33,2.16,3.0,1.82,4.16,3.66
2865,2.0,2.0,1.0,2.0,1.0,2.0,1.0,1.0,1.0,1.0,1.0,1.0,2.0,4.0,3.0,3.0,2.0,3.0,7.0,7.0,7.0,7.0,7.0,7.0,1.0,1.0,1.0,2.0,1.0,2.0,1.34,2.0,1.0,1.0,2.33,3.33,7.0,7.0,1.0,1.67,1.67,1.0,2.83,7.0,1.34
2866,1.0,2.0,1.0,1.0,2.0,3.0,1.0,1.0,2.0,1.0,1.0,1.0,1.0,2.0,1.0,2.0,1.0,1.0,1.0,1.0,1.0,2.0,1.0,2.0,1.0,1.0,1.0,1.0,1.0,1.0,1.33,2.0,1.32,1.0,1.0,1.65,1.0,1.67,1.0,1.0,1.66,1.16,1.32,1.34,1.0
2867,2.0,2.0,2.0,2.0,2.0,3.0,4.0,3.0,4.0,3.0,3.0,3.0,2.0,2.0,1.0,2.0,1.0,2.0,2.0,3.0,2.0,3.0,2.0,2.0,5.0,5.0,6.0,6.0,4.0,6.0,2.0,2.33,3.67,3.0,1.31,1.99,2.0,2.67,5.0,5.67,2.16,3.34,1.65,2.34,5.34
2868,4.0,4.0,3.0,4.0,3.0,4.0,5.0,5.0,5.0,5.0,5.0,5.0,3.0,3.0,2.0,3.0,2.0,3.0,6.0,6.0,6.0,6.0,5.0,6.0,3.0,3.0,3.0,4.0,3.0,4.0,3.34,4.0,5.0,5.01,2.32,3.0,5.67,6.0,3.0,3.67,3.67,5.0,2.66,5.84,3.34
2869,2.0,2.0,1.0,3.0,2.0,2.0,4.0,3.0,4.0,4.0,4.0,4.0,2.0,1.0,2.0,3.0,1.0,2.0,2.0,3.0,2.0,3.0,3.0,3.0,3.0,4.0,3.0,4.0,2.0,4.0,1.67,2.33,4.0,3.67,1.65,1.99,2.33,3.0,2.67,4.0,2.0,3.84,1.82,2.66,3.34
2870,2.0,3.0,1.0,2.0,2.0,3.0,4.0,4.0,5.0,5.0,4.0,4.0,4.0,4.0,3.0,3.0,3.0,3.0,3.0,4.0,3.0,3.0,3.0,4.0,5.0,6.0,5.0,6.0,5.0,5.0,1.67,2.67,4.34,4.34,3.33,3.33,3.0,3.67,5.0,5.67,2.17,4.34,3.33,3.34,5.34
2871,5.0,5.0,3.0,5.0,4.0,6.0,5.0,4.0,5.0,4.0,6.0,5.0,1.0,2.0,1.0,2.0,1.0,1.0,3.0,4.0,2.0,4.0,3.0,3.0,3.0,3.0,3.0,4.0,3.0,4.0,4.0,5.33,5.34,4.34,1.0,1.65,2.67,3.67,3.0,3.67,4.66,4.84,1.32,3.17,3.34
2872,7.0,7.0,7.0,7.0,7.0,7.0,4.0,4.0,5.0,5.0,5.0,4.0,4.0,4.0,4.0,5.0,3.0,4.0,3.0,3.0,3.0,3.0,3.0,4.0,4.0,4.0,4.0,5.0,4.0,6.0,7.0,7.0,4.67,4.34,3.66,4.34,3.0,3.33,4.0,5.0,7.0,4.5,4.0,3.16,4.5
2873,4.0,4.0,2.0,3.0,3.0,3.0,4.0,4.0,4.0,4.0,4.0,3.0,4.0,4.0,3.0,3.0,2.0,3.0,3.0,5.0,3.0,4.0,3.0,3.0,1.0,2.0,2.0,2.0,2.0,3.0,3.0,3.34,4.0,3.67,2.98,3.33,3.0,4.0,1.67,2.33,3.17,3.84,3.16,3.5,2.0
2874,2.0,2.0,1.0,2.0,1.0,3.0,4.0,4.0,4.0,3.0,4.0,4.0,3.0,4.0,3.0,4.0,3.0,3.0,6.0,6.0,6.0,6.0,6.0,6.0,4.0,5.0,5.0,6.0,5.0,5.0,1.34,2.33,4.0,3.67,3.0,3.66,6.0,6.0,4.67,5.33,1.84,3.84,3.33,6.0,5.0
2875,7.0,7.0,7.0,7.0,7.0,7.0,7.0,7.0,7.0,7.0,7.0,7.0,3.0,3.0,2.0,4.0,3.0,3.0,5.0,6.0,4.0,6.0,4.0,5.0,4.0,5.0,4.0,5.0,3.0,5.0,7.0,7.0,7.0,7.0,2.67,3.33,4.33,5.67,3.67,5.0,7.0,7.0,3.0,5.0,4.34
2876,2.0,3.0,2.0,2.0,3.0,3.0,2.0,1.0,3.0,2.0,2.0,2.0,1.0,1.0,1.0,1.0,1.0,1.0,2.0,3.0,2.0,3.0,2.0,2.0,1.0,1.0,1.0,1.0,1.0,1.0,2.33,2.67,2.33,1.66,1.0,1.0,2.0,2.67,1.0,1.0,2.5,2.0,1.0,2.34,1.0
2877,1.0,2.0,2.0,2.0,3.0,2.0,1.0,1.0,2.0,1.0,2.0,1.0,5.0,5.0,5.0,4.0,5.0,5.0,5.0,6.0,5.0,6.0,4.0,6.0,1.0,1.0,1.0,2.0,1.0,2.0,1.99,2.0,1.66,1.0,5.02,4.68,4.67,6.0,1.0,1.67,2.0,1.33,4.85,5.34,1.34
2878,4.0,5.0,3.0,4.0,4.0,4.0,3.0,3.0,5.0,3.0,4.0,4.0,3.0,3.0,3.0,4.0,2.0,3.0,4.0,3.0,4.0,4.0,4.0,5.0,2.0,3.0,2.0,3.0,2.0,3.0,3.67,4.34,4.0,3.33,2.65,3.33,4.0,4.0,2.0,3.0,4.0,3.66,2.99,4.0,2.5
2879,1.0,1.0,1.0,1.0,1.0,1.0,2.0,2.0,4.0,4.0,3.0,3.0,2.0,3.0,2.0,2.0,2.0,2.0,4.0,5.0,4.0,6.0,5.0,5.0,2.0,3.0,3.0,3.0,3.0,3.0,1.0,1.0,3.0,3.0,2.0,2.32,4.33,5.33,2.67,3.0,1.0,3.0,2.16,4.83,2.84
2880,6.0,7.0,7.0,7.0,7.0,6.0,6.0,5.0,6.0,6.0,6.0,6.0,4.0,5.0,5.0,5.0,4.0,4.0,2.0,3.0,3.0,4.0,2.0,3.0,3.0,4.0,3.0,4.0,3.0,4.0,6.66,6.67,6.01,5.68,4.35,4.67,2.33,3.33,3.0,4.0,6.66,5.84,4.51,2.83,3.5
2881,3.0,3.0,4.0,4.0,4.0,4.0,3.0,4.0,4.0,4.0,5.0,5.0,1.0,1.0,1.0,1.0,1.0,1.0,5.0,5.0,4.0,4.0,4.0,4.0,3.0,3.0,2.0,2.0,2.0,3.0,3.66,3.66,4.0,4.34,1.0,1.0,4.33,4.33,2.33,2.67,3.66,4.17,1.0,4.33,2.5
2882,6.0,7.0,7.0,7.0,6.0,7.0,3.0,2.0,3.0,3.0,4.0,3.0,3.0,3.0,3.0,3.0,2.0,3.0,4.0,4.0,4.0,3.0,4.0,4.0,5.0,6.0,5.0,6.0,5.0,6.0,6.34,7.0,3.33,2.66,2.65,3.0,4.0,3.67,5.0,6.0,6.67,3.0,2.82,3.84,5.5
2883,3.0,4.0,3.0,4.0,2.0,3.0,6.0,5.0,5.0,6.0,6.0,5.0,3.0,4.0,3.0,4.0,3.0,3.0,4.0,5.0,5.0,5.0,5.0,6.0,7.0,7.0,7.0,7.0,7.0,7.0,2.67,3.67,5.67,5.34,3.0,3.66,4.67,5.33,7.0,7.0,3.17,5.5,3.33,5.0,7.0
2884,4.0,4.0,3.0,3.0,3.0,4.0,2.0,1.0,2.0,1.0,2.0,2.0,4.0,4.0,4.0,4.0,2.0,4.0,5.0,6.0,5.0,5.0,5.0,6.0,1.0,1.0,2.0,3.0,2.0,2.0,3.34,3.67,1.99,1.32,3.31,4.01,5.0,5.67,1.67,2.0,3.5,1.66,3.66,5.34,1.84
2885,1.0,1.0,1.0,1.0,1.0,1.0,2.0,1.0,3.0,3.0,3.0,3.0,3.0,3.0,1.0,1.0,1.0,1.0,6.0,6.0,6.0,6.0,6.0,6.0,4.0,5.0,5.0,6.0,5.0,6.0,1.0,1.0,2.66,2.33,1.64,1.65,6.0,6.0,4.67,5.67,1.0,2.5,1.64,6.0,5.17
2886,2.0,2.0,2.0,2.0,1.0,2.0,1.0,1.0,1.0,1.0,1.0,1.0,6.0,7.0,6.0,7.0,6.0,6.0,2.0,2.0,2.0,3.0,2.0,3.0,2.0,3.0,2.0,2.0,2.0,3.0,1.67,2.0,1.0,1.0,6.03,6.69,2.0,2.67,2.0,2.67,1.84,1.0,6.36,2.34,2.34
2887,4.0,4.0,3.0,2.0,3.0,3.0,2.0,3.0,3.0,3.0,3.0,2.0,1.0,2.0,1.0,1.0,1.0,2.0,2.0,2.0,1.0,1.0,1.0,2.0,2.0,3.0,3.0,3.0,2.0,3.0,3.34,3.0,2.66,2.66,1.0,1.66,1.33,1.67,2.33,3.0,3.17,2.66,1.33,1.5,2.66
2888,1.0,2.0,2.0,2.0,2.0,3.0,1.0,1.0,2.0,1.0,1.0,1.0,1.0,1.0,1.0,1.0,1.0,1.0,1.0,2.0,1.0,2.0,1.0,2.0,2.0,2.0,1.0,2.0,2.0,2.0,1.66,2.33,1.32,1.0,1.0,1.0,1.0,2.0,1.67,2.0,2.0,1.16,1.0,1.5,1.84
2889,5.0,5.0,5.0,5.0,6.0,6.0,4.0,4.0,5.0,5.0,5.0,5.0,1.0,1.0,2.0,2.0,2.0,3.0,4.0,5.0,5.0,5.0,5.0,5.0,6.0,7.0,6.0,7.0,6.0,7.0,5.33,5.33,4.67,4.67,1.67,2.0,4.67,5.0,6.0,7.0,5.33,4.67,1.84,4.84,6.5
2890,1.0,1.0,1.0,1.0,1.0,1.0,1.0,1.0,2.0,2.0,2.0,1.0,5.0,6.0,5.0,5.0,4.0,5.0,5.0,6.0,7.0,6.0,6.0,6.0,3.0,4.0,4.0,4.0,4.0,5.0,1.0,1.0,1.66,1.32,4.67,5.35,6.0,6.0,3.67,4.33,1.0,1.49,5.01,6.0,4.0
2891,5.0,6.0,5.0,4.0,4.0,4.0,4.0,4.0,4.0,4.0,4.0,5.0,6.0,5.0,5.0,6.0,5.0,5.0,3.0,3.0,3.0,4.0,3.0,4.0,2.0,3.0,3.0,3.0,2.0,2.0,4.67,4.67,4.0,4.34,5.35,5.35,3.0,3.67,2.33,2.67,4.67,4.17,5.35,3.34,2.5
2892,5.0,6.0,5.0,5.0,5.0,5.0,5.0,4.0,5.0,4.0,5.0,5.0,6.0,6.0,6.0,6.0,5.0,6.0,5.0,5.0,4.0,5.0,4.0,5.0,5.0,6.0,5.0,6.0,6.0,7.0,5.0,5.34,5.0,4.34,5.68,6.02,4.33,5.0,5.33,6.33,5.17,4.67,5.85,4.66,5.83
2893,3.0,4.0,4.0,4.0,5.0,6.0,4.0,4.0,5.0,5.0,5.0,4.0,6.0,6.0,6.0,6.0,5.0,6.0,6.0,6.0,5.0,6.0,5.0,6.0,4.0,5.0,3.0,4.0,4.0,5.0,3.99,4.66,4.67,4.34,5.68,6.02,5.33,6.0,3.67,4.67,4.32,4.5,5.85,5.66,4.17
2894,3.0,4.0,5.0,4.0,5.0,5.0,4.0,3.0,5.0,4.0,4.0,3.0,5.0,5.0,6.0,5.0,4.0,3.0,4.0,5.0,3.0,5.0,4.0,5.0,4.0,5.0,4.0,4.0,3.0,4.0,4.33,4.33,4.34,3.33,5.0,4.33,3.67,5.0,3.67,4.33,4.33,3.84,4.66,4.34,4.0
2895,1.0,1.0,1.0,1.0,1.0,1.0,2.0,2.0,2.0,2.0,2.0,2.0,2.0,3.0,2.0,2.0,1.0,2.0,5.0,6.0,5.0,6.0,6.0,6.0,2.0,3.0,4.0,3.0,3.0,5.0,1.0,1.0,1.99,1.99,1.65,2.32,5.33,6.0,3.0,3.67,1.0,1.99,1.98,5.66,3.34
2896,4.0,7.0,6.0,6.0,6.0,6.0,6.0,6.0,6.0,6.0,7.0,6.0,1.0,1.0,1.0,1.0,1.0,1.0,5.0,5.0,5.0,6.0,4.0,5.0,3.0,4.0,3.0,3.0,3.0,4.0,5.33,6.34,6.34,6.01,1.0,1.0,4.67,5.33,3.0,3.67,5.84,6.18,1.0,5.0,3.34
2897,4.0,4.0,3.0,3.0,3.0,3.0,6.0,6.0,6.0,6.0,6.0,6.0,5.0,6.0,5.0,5.0,5.0,5.0,4.0,5.0,3.0,4.0,4.0,5.0,4.0,5.0,5.0,5.0,5.0,6.0,3.34,3.34,6.01,6.01,5.02,5.35,3.67,4.67,4.67,5.33,3.34,6.01,5.18,4.17,5.0
2898,6.0,6.0,5.0,6.0,6.0,6.0,2.0,2.0,3.0,3.0,3.0,2.0,7.0,7.0,7.0,7.0,6.0,7.0,4.0,4.0,4.0,3.0,3.0,4.0,3.0,6.0,4.0,5.0,5.0,6.0,5.67,6.0,2.66,2.33,6.69,7.0,3.67,3.67,4.0,5.67,5.84,2.5,6.85,3.67,4.84
2899,7.0,6.0,7.0,7.0,6.0,7.0,3.0,3.0,4.0,3.0,4.0,4.0,7.0,7.0,7.0,7.0,6.0,7.0,4.0,5.0,5.0,5.0,5.0,4.0,5.0,6.0,5.0,6.0,5.0,7.0,6.67,6.67,3.66,3.33,6.69,7.0,4.67,4.67,5.0,6.33,6.67,3.5,6.85,4.67,5.66
2900,5.0,6.0,4.0,6.0,6.0,6.0,5.0,3.0,6.0,5.0,5.0,5.0,7.0,7.0,6.0,7.0,7.0,7.0,5.0,5.0,4.0,4.0,5.0,5.0,6.0,6.0,5.0,6.0,6.0,6.0,5.0,6.0,5.34,4.34,6.71,7.0,4.67,4.67,5.67,6.0,5.5,4.84,6.86,4.67,5.84
2901,1.0,1.0,1.0,1.0,1.0,1.0,4.0,3.0,4.0,5.0,5.0,4.0,3.0,4.0,3.0,3.0,3.0,3.0,4.0,5.0,5.0,4.0,4.0,4.0,2.0,2.0,2.0,2.0,2.0,3.0,1.0,1.0,4.33,4.0,3.0,3.33,4.33,4.33,2.0,2.33,1.0,4.16,3.16,4.33,2.16
2902,2.0,2.0,2.0,2.0,2.0,2.0,3.0,4.0,4.0,4.0,5.0,4.0,3.0,5.0,4.0,5.0,4.0,5.0,4.0,4.0,5.0,5.0,4.0,5.0,7.0,7.0,7.0,7.0,7.0,7.0,2.0,2.0,4.0,4.0,3.69,5.01,4.33,4.67,7.0,7.0,2.0,4.0,4.35,4.5,7.0
2903,4.0,5.0,3.0,4.0,4.0,4.0,4.0,4.0,4.0,4.0,4.0,4.0,5.0,5.0,5.0,5.0,4.0,4.0,6.0,6.0,5.0,5.0,5.0,6.0,4.0,6.0,4.0,5.0,4.0,5.0,3.67,4.34,4.0,4.0,4.67,4.67,5.33,5.67,4.0,5.33,4.0,4.0,4.67,5.5,4.66
2904,4.0,4.0,4.0,6.0,4.0,6.0,5.0,4.0,5.0,5.0,6.0,5.0,3.0,3.0,2.0,3.0,2.0,3.0,6.0,7.0,6.0,7.0,7.0,7.0,7.0,7.0,7.0,7.0,7.0,7.0,4.0,5.33,5.34,4.67,2.32,3.0,6.33,7.0,7.0,7.0,4.66,5.0,2.66,6.66,7.0
2905,3.0,3.0,3.0,3.0,3.0,4.0,4.0,4.0,4.0,4.0,5.0,4.0,4.0,5.0,3.0,4.0,5.0,5.0,4.0,4.0,4.0,3.0,3.0,4.0,5.0,5.0,5.0,5.0,4.0,5.0,3.0,3.33,4.33,4.0,4.03,4.68,3.67,3.67,4.67,5.0,3.16,4.16,4.36,3.67,4.84
2906,5.0,5.0,5.0,5.0,4.0,5.0,6.0,5.0,6.0,6.0,5.0,4.0,3.0,4.0,4.0,4.0,3.0,4.0,5.0,6.0,4.0,6.0,4.0,6.0,5.0,6.0,4.0,5.0,4.0,6.0,4.67,5.0,5.68,5.01,3.34,4.01,4.33,6.0,4.33,5.67,4.84,5.34,3.68,5.16,5.0
2907,1.0,1.0,1.0,1.0,1.0,1.0,2.0,2.0,3.0,3.0,2.0,2.0,3.0,3.0,2.0,2.0,1.0,1.0,2.0,3.0,4.0,4.0,3.0,3.0,3.0,4.0,2.0,3.0,3.0,4.0,1.0,1.0,2.33,2.33,1.97,1.98,3.0,3.33,2.67,3.67,1.0,2.33,1.98,3.16,3.17
2908,2.0,3.0,3.0,4.0,3.0,3.0,4.0,3.0,4.0,5.0,3.0,3.0,1.0,1.0,1.0,1.0,1.0,1.0,5.0,6.0,5.0,6.0,5.0,5.0,1.0,2.0,2.0,2.0,2.0,2.0,2.66,3.33,3.67,3.67,1.0,1.0,5.0,5.67,1.67,2.0,3.0,3.67,1.0,5.34,1.84
2909,1.0,1.0,1.0,1.0,1.0,1.0,5.0,4.0,4.0,5.0,5.0,5.0,4.0,4.0,4.0,4.0,2.0,3.0,3.0,3.0,3.0,4.0,4.0,5.0,1.0,2.0,2.0,2.0,2.0,2.0,1.0,1.0,4.67,4.67,3.31,3.66,3.33,4.0,1.67,2.0,1.0,4.67,3.49,3.66,1.84
2910,2.0,3.0,2.0,2.0,2.0,2.0,4.0,4.0,5.0,4.0,3.0,4.0,4.0,5.0,4.0,5.0,3.0,6.0,3.0,4.0,3.0,3.0,3.0,3.0,3.0,3.0,3.0,4.0,3.0,4.0,2.0,2.34,4.0,4.0,3.66,5.36,3.0,3.33,3.0,3.67,2.17,4.0,4.51,3.16,3.34
2911,1.0,1.0,1.0,1.0,1.0,1.0,3.0,2.0,3.0,3.0,3.0,2.0,2.0,1.0,1.0,2.0,1.0,1.0,2.0,3.0,2.0,3.0,3.0,3.0,1.0,3.0,2.0,4.0,2.0,3.0,1.0,1.0,3.0,2.33,1.31,1.32,2.33,3.0,1.67,3.33,1.0,2.66,1.32,2.66,2.5
2912,2.0,3.0,2.0,2.0,3.0,4.0,3.0,2.0,3.0,3.0,3.0,3.0,5.0,4.0,4.0,5.0,4.0,3.0,4.0,4.0,4.0,5.0,4.0,5.0,5.0,5.0,5.0,5.0,5.0,6.0,2.33,3.0,3.0,2.66,4.34,4.0,4.0,4.67,5.0,5.33,2.66,2.83,4.17,4.34,5.16
2913,4.0,4.0,5.0,6.0,4.0,4.0,6.0,5.0,6.0,6.0,5.0,5.0,3.0,5.0,4.0,4.0,4.0,4.0,5.0,6.0,6.0,7.0,5.0,6.0,7.0,7.0,7.0,7.0,7.0,7.0,4.33,4.67,5.68,5.34,3.69,4.34,5.33,6.33,7.0,7.0,4.5,5.51,4.01,5.83,7.0
2914,4.0,4.0,3.0,4.0,4.0,4.0,4.0,4.0,4.0,3.0,4.0,3.0,1.0,1.0,1.0,1.0,1.0,1.0,6.0,7.0,7.0,7.0,6.0,7.0,5.0,6.0,6.0,7.0,5.0,6.0,3.67,4.0,4.0,3.33,1.0,1.0,6.33,7.0,5.33,6.33,3.84,3.66,1.0,6.66,5.83
2915,1.0,2.0,2.0,1.0,1.0,2.0,4.0,3.0,4.0,4.0,5.0,4.0,3.0,3.0,3.0,3.0,3.0,3.0,2.0,2.0,1.0,1.0,1.0,1.0,2.0,2.0,2.0,2.0,2.0,2.0,1.33,1.67,4.33,3.67,3.0,3.0,1.33,1.33,2.0,2.0,1.5,4.0,3.0,1.33,2.0
2916,1.0,2.0,2.0,2.0,2.0,2.0,2.0,1.0,4.0,4.0,3.0,3.0,6.0,6.0,5.0,4.0,5.0,5.0,5.0,6.0,4.0,6.0,5.0,5.0,2.0,3.0,3.0,4.0,3.0,4.0,1.66,2.0,3.0,2.66,5.35,5.01,4.67,5.67,2.67,3.67,1.83,2.83,5.18,5.17,3.17
2917,2.0,2.0,2.0,3.0,2.0,2.0,1.0,1.0,1.0,1.0,1.0,1.0,1.0,1.0,1.0,1.0,2.0,1.0,3.0,3.0,2.0,3.0,2.0,3.0,2.0,2.0,2.0,3.0,2.0,4.0,2.0,2.33,1.0,1.0,1.34,1.0,2.33,3.0,2.0,3.0,2.16,1.0,1.17,2.66,2.5
2918,1.0,1.0,1.0,1.0,1.0,1.0,4.0,2.0,3.0,3.0,4.0,4.0,4.0,4.0,3.0,5.0,3.0,3.0,4.0,5.0,4.0,5.0,5.0,5.0,5.0,7.0,6.0,6.0,6.0,6.0,1.0,1.0,3.67,3.0,3.33,4.0,4.33,5.0,5.67,6.33,1.0,3.34,3.66,4.66,6.0
2919,3.0,3.0,3.0,4.0,3.0,3.0,3.0,2.0,3.0,3.0,4.0,3.0,1.0,1.0,1.0,1.0,1.0,1.0,3.0,4.0,3.0,4.0,4.0,5.0,2.0,4.0,2.0,4.0,3.0,4.0,3.0,3.33,3.33,2.66,1.0,1.0,3.33,4.33,2.33,4.0,3.16,3.0,1.0,3.83,3.16
2920,1.0,2.0,2.0,2.0,2.0,2.0,5.0,4.0,5.0,5.0,5.0,4.0,1.0,3.0,2.0,2.0,1.0,2.0,4.0,5.0,5.0,5.0,5.0,6.0,2.0,3.0,2.0,3.0,2.0,4.0,1.66,2.0,5.0,4.34,1.32,2.32,4.67,5.33,2.0,3.33,1.83,4.67,1.82,5.0,2.66
2921,2.0,4.0,3.0,4.0,4.0,4.0,6.0,6.0,6.0,6.0,5.0,5.0,1.0,1.0,1.0,1.0,1.0,1.0,5.0,6.0,5.0,6.0,5.0,5.0,4.0,6.0,4.0,6.0,5.0,6.0,2.99,4.0,5.68,5.68,1.0,1.0,5.0,5.67,4.33,6.0,3.5,5.68,1.0,5.34,5.16
2922,3.0,5.0,3.0,3.0,3.0,5.0,2.0,1.0,3.0,2.0,1.0,2.0,4.0,5.0,5.0,6.0,4.0,5.0,5.0,6.0,6.0,6.0,6.0,7.0,2.0,3.0,2.0,3.0,3.0,4.0,3.0,4.33,1.99,1.66,4.35,5.35,5.67,6.33,2.33,3.33,3.66,1.82,4.85,6.0,2.83
2923,2.0,3.0,3.0,4.0,2.0,3.0,2.0,2.0,2.0,3.0,3.0,4.0,3.0,3.0,2.0,3.0,2.0,2.0,2.0,3.0,2.0,3.0,2.0,3.0,4.0,5.0,4.0,5.0,4.0,5.0,2.33,3.33,2.32,3.0,2.32,2.66,2.0,3.0,4.0,5.0,2.83,2.66,2.49,2.5,4.5
2924,4.0,6.0,5.0,6.0,4.0,5.0,2.0,2.0,4.0,3.0,3.0,2.0,2.0,2.0,2.0,1.0,1.0,2.0,3.0,4.0,3.0,3.0,3.0,4.0,1.0,1.0,1.0,1.0,2.0,2.0,4.33,5.67,3.0,2.33,1.65,1.66,3.0,3.67,1.33,1.33,5.0,2.66,1.65,3.34,1.33
2925,2.0,2.0,1.0,1.0,1.0,1.0,5.0,4.0,6.0,6.0,5.0,4.0,7.0,7.0,7.0,7.0,6.0,7.0,4.0,6.0,5.0,5.0,6.0,5.0,4.0,4.0,4.0,5.0,4.0,5.0,1.34,1.34,5.34,4.67,6.69,7.0,5.0,5.33,4.0,4.67,1.34,5.0,6.85,5.16,4.34
2926,6.0,7.0,7.0,7.0,6.0,7.0,5.0,4.0,5.0,4.0,5.0,4.0,3.0,3.0,4.0,4.0,3.0,4.0,2.0,3.0,2.0,4.0,2.0,4.0,3.0,5.0,4.0,5.0,4.0,4.0,6.34,7.0,5.0,4.0,3.34,3.67,2.0,3.67,3.67,4.67,6.67,4.5,3.5,2.84,4.17
2927,2.0,3.0,2.0,3.0,1.0,3.0,6.0,6.0,7.0,6.0,7.0,6.0,4.0,4.0,3.0,3.0,3.0,3.0,3.0,4.0,4.0,4.0,4.0,4.0,3.0,4.0,3.0,4.0,4.0,4.0,1.67,3.0,6.68,6.01,3.33,3.33,3.67,4.0,3.33,4.0,2.34,6.34,3.33,3.84,3.66
2928,6.0,6.0,6.0,6.0,6.0,7.0,1.0,1.0,2.0,2.0,1.0,1.0,2.0,2.0,2.0,2.0,1.0,1.0,1.0,2.0,1.0,2.0,1.0,2.0,2.0,2.0,2.0,2.0,2.0,3.0,6.0,6.33,1.32,1.32,1.65,1.65,1.0,2.0,2.0,2.33,6.16,1.32,1.65,1.5,2.16
2929,1.0,1.0,1.0,1.0,1.0,1.0,3.0,2.0,4.0,4.0,4.0,3.0,3.0,4.0,3.0,3.0,3.0,3.0,5.0,4.0,5.0,5.0,5.0,6.0,2.0,2.0,1.0,1.0,1.0,2.0,1.0,1.0,3.66,3.0,3.0,3.33,5.0,5.0,1.33,1.67,1.0,3.33,3.16,5.0,1.5
2930,4.0,5.0,5.0,6.0,4.0,6.0,5.0,4.0,5.0,4.0,5.0,5.0,7.0,7.0,7.0,7.0,7.0,7.0,6.0,7.0,5.0,6.0,6.0,7.0,7.0,7.0,7.0,7.0,7.0,7.0,4.33,5.66,5.0,4.34,7.0,7.0,5.67,6.67,7.0,7.0,5.0,4.67,7.0,6.17,7.0
2931,2.0,2.0,2.0,1.0,2.0,2.0,3.0,3.0,4.0,4.0,4.0,3.0,1.0,1.0,1.0,1.0,1.0,1.0,1.0,1.0,1.0,1.0,1.0,1.0,1.0,2.0,1.0,2.0,1.0,2.0,2.0,1.67,3.66,3.33,1.0,1.0,1.0,1.0,1.0,2.0,1.84,3.5,1.0,1.0,1.5
2932,4.0,5.0,4.0,5.0,5.0,6.0,3.0,2.0,3.0,3.0,2.0,2.0,3.0,4.0,3.0,4.0,3.0,3.0,7.0,7.0,7.0,7.0,6.0,7.0,4.0,4.0,3.0,5.0,4.0,5.0,4.33,5.33,2.66,2.33,3.0,3.66,6.67,7.0,3.67,4.67,4.83,2.5,3.33,6.84,4.17
2933,7.0,7.0,6.0,6.0,6.0,7.0,4.0,4.0,4.0,4.0,4.0,4.0,3.0,4.0,3.0,2.0,3.0,4.0,5.0,5.0,4.0,5.0,6.0,6.0,7.0,7.0,7.0,7.0,7.0,7.0,6.34,6.67,4.0,4.0,3.0,3.34,5.0,5.33,7.0,7.0,6.5,4.0,3.17,5.16,7.0
2934,2.0,2.0,2.0,2.0,2.0,2.0,1.0,1.0,2.0,2.0,1.0,2.0,4.0,3.0,3.0,4.0,2.0,3.0,3.0,4.0,2.0,4.0,4.0,5.0,1.0,2.0,3.0,3.0,3.0,4.0,2.0,2.0,1.32,1.66,2.98,3.33,3.0,4.33,2.33,3.0,2.0,1.49,3.16,3.66,2.66
2935,1.0,1.0,1.0,1.0,1.0,1.0,4.0,3.0,5.0,5.0,5.0,4.0,4.0,4.0,6.0,5.0,4.0,6.0,3.0,3.0,2.0,3.0,2.0,3.0,3.0,5.0,4.0,4.0,4.0,4.0,1.0,1.0,4.67,4.0,4.68,5.02,2.33,3.0,3.67,4.33,1.0,4.34,4.85,2.66,4.0
2936,1.0,2.0,1.0,2.0,2.0,2.0,4.0,3.0,4.0,3.0,3.0,3.0,3.0,4.0,2.0,2.0,2.0,3.0,5.0,6.0,4.0,5.0,5.0,5.0,1.0,1.0,1.0,2.0,1.0,2.0,1.33,2.0,3.67,3.0,2.32,3.0,4.67,5.33,1.0,1.67,1.66,3.34,2.66,5.0,1.34
2937,1.0,1.0,1.0,1.0,1.0,1.0,1.0,1.0,2.0,1.0,1.0,1.0,3.0,3.0,3.0,3.0,3.0,3.0,4.0,5.0,4.0,4.0,4.0,5.0,1.0,1.0,1.0,2.0,1.0,1.0,1.0,1.0,1.32,1.0,3.0,3.0,4.0,4.67,1.0,1.33,1.0,1.16,3.0,4.34,1.16
2938,4.0,5.0,4.0,3.0,5.0,5.0,4.0,4.0,4.0,4.0,3.0,3.0,4.0,4.0,3.0,3.0,3.0,4.0,2.0,3.0,1.0,3.0,2.0,4.0,1.0,1.0,1.0,2.0,1.0,2.0,4.33,4.33,3.67,3.67,3.33,3.67,1.67,3.33,1.0,1.67,4.33,3.67,3.5,2.5,1.34
2939,2.0,2.0,2.0,2.0,2.0,2.0,1.0,1.0,1.0,1.0,2.0,1.0,2.0,3.0,1.0,2.0,1.0,1.0,2.0,2.0,1.0,1.0,2.0,2.0,1.0,1.0,1.0,1.0,1.0,1.0,2.0,2.0,1.32,1.0,1.31,1.98,1.67,1.67,1.0,1.0,2.0,1.16,1.64,1.67,1.0
2940,4.0,5.0,5.0,5.0,5.0,5.0,4.0,4.0,5.0,3.0,4.0,4.0,6.0,7.0,7.0,7.0,7.0,7.0,4.0,4.0,4.0,4.0,4.0,5.0,6.0,6.0,6.0,7.0,6.0,7.0,4.66,5.0,4.34,3.67,6.71,7.0,4.0,4.33,6.0,6.67,4.83,4.0,6.86,4.16,6.34
2941,3.0,2.0,3.0,4.0,2.0,3.0,2.0,1.0,2.0,2.0,3.0,2.0,3.0,4.0,4.0,3.0,3.0,3.0,5.0,7.0,5.0,6.0,5.0,5.0,2.0,4.0,3.0,4.0,3.0,3.0,2.67,3.0,2.32,1.66,3.34,3.33,5.0,6.0,2.67,3.67,2.84,1.99,3.34,5.5,3.17
2942,3.0,4.0,2.0,3.0,3.0,3.0,4.0,5.0,6.0,5.0,5.0,5.0,6.0,6.0,6.0,7.0,5.0,7.0,2.0,4.0,2.0,2.0,2.0,3.0,3.0,4.0,5.0,5.0,4.0,5.0,2.67,3.34,5.0,5.01,5.68,6.7,2.0,3.0,4.0,4.67,3.0,5.0,6.19,2.5,4.34
2943,3.0,4.0,2.0,3.0,3.0,3.0,1.0,1.0,3.0,2.0,3.0,2.0,3.0,3.0,2.0,2.0,2.0,3.0,2.0,2.0,2.0,2.0,2.0,2.0,5.0,6.0,4.0,5.0,4.0,5.0,2.67,3.34,2.32,1.66,2.32,2.67,2.0,2.0,4.33,5.33,3.0,1.99,2.5,2.0,4.83
2944,2.0,3.0,2.0,4.0,3.0,4.0,7.0,7.0,7.0,6.0,7.0,7.0,3.0,3.0,4.0,5.0,3.0,3.0,7.0,7.0,7.0,7.0,7.0,7.0,5.0,6.0,5.0,6.0,6.0,6.0,2.33,3.66,7.0,6.68,3.34,3.66,7.0,7.0,5.33,6.0,3.0,6.84,3.5,7.0,5.66
2945,2.0,2.0,2.0,2.0,2.0,2.0,1.0,1.0,2.0,1.0,2.0,1.0,5.0,5.0,4.0,5.0,3.0,5.0,3.0,3.0,3.0,4.0,3.0,4.0,3.0,5.0,3.0,4.0,3.0,4.0,2.0,2.0,1.66,1.0,3.99,5.01,3.0,3.67,3.0,4.33,2.0,1.33,4.5,3.34,3.66
2946,5.0,5.0,4.0,6.0,4.0,6.0,1.0,1.0,1.0,1.0,2.0,1.0,1.0,1.0,1.0,1.0,1.0,1.0,2.0,3.0,3.0,4.0,2.0,2.0,3.0,4.0,3.0,4.0,3.0,5.0,4.34,5.66,1.32,1.0,1.0,1.0,2.33,3.0,3.0,4.33,5.0,1.16,1.0,2.66,3.66
2947,4.0,5.0,5.0,4.0,4.0,4.0,4.0,4.0,4.0,4.0,5.0,4.0,4.0,5.0,4.0,4.0,3.0,4.0,5.0,4.0,4.0,5.0,4.0,5.0,7.0,7.0,7.0,7.0,7.0,7.0,4.33,4.34,4.33,4.0,3.66,4.34,4.33,4.67,7.0,7.0,4.34,4.16,4.0,4.5,7.0
2948,2.0,2.0,3.0,3.0,3.0,3.0,4.0,5.0,5.0,5.0,5.0,5.0,4.0,5.0,4.0,5.0,5.0,4.0,3.0,4.0,3.0,4.0,4.0,5.0,5.0,6.0,4.0,6.0,5.0,7.0,2.66,2.66,4.67,5.01,4.36,4.67,3.33,4.33,4.67,6.33,2.66,4.84,4.52,3.83,5.5
2949,5.0,6.0,4.0,6.0,6.0,6.0,4.0,4.0,4.0,3.0,4.0,5.0,7.0,7.0,6.0,7.0,5.0,6.0,3.0,4.0,5.0,5.0,4.0,5.0,2.0,3.0,3.0,3.0,3.0,3.0,5.0,6.0,4.0,4.0,6.01,6.69,4.0,4.67,2.67,3.0,5.5,4.0,6.35,4.34,2.84
2950,3.0,4.0,3.0,4.0,3.0,3.0,1.0,1.0,2.0,2.0,1.0,1.0,2.0,2.0,1.0,1.0,2.0,1.0,1.0,2.0,1.0,2.0,2.0,3.0,2.0,2.0,2.0,3.0,2.0,3.0,3.0,3.67,1.32,1.32,1.66,1.32,1.33,2.33,2.0,2.67,3.34,1.32,1.49,1.83,2.34
2951,5.0,5.0,6.0,5.0,5.0,5.0,1.0,2.0,2.0,2.0,2.0,2.0,3.0,3.0,2.0,3.0,2.0,3.0,1.0,1.0,1.0,1.0,1.0,1.0,5.0,5.0,5.0,5.0,4.0,5.0,5.34,5.0,1.66,1.99,2.32,3.0,1.0,1.0,4.67,5.0,5.17,1.82,2.66,1.0,4.84
2952,1.0,1.0,1.0,1.0,1.0,1.0,4.0,4.0,4.0,4.0,5.0,5.0,3.0,6.0,6.0,7.0,3.0,4.0,2.0,4.0,3.0,4.0,4.0,4.0,1.0,2.0,1.0,2.0,1.0,1.0,1.0,1.0,4.33,4.34,4.0,5.67,3.0,4.0,1.0,1.67,1.0,4.34,4.84,3.5,1.34
2953,2.0,3.0,2.0,1.0,2.0,4.0,3.0,3.0,3.0,4.0,3.0,3.0,4.0,4.0,4.0,4.0,3.0,4.0,4.0,4.0,4.0,3.0,3.0,4.0,3.0,4.0,5.0,5.0,3.0,4.0,2.0,2.66,3.0,3.33,3.66,4.01,3.67,3.67,3.67,4.33,2.33,3.16,3.84,3.67,4.0
2954,1.0,2.0,2.0,2.0,1.0,2.0,3.0,4.0,5.0,4.0,4.0,3.0,1.0,2.0,1.0,2.0,2.0,2.0,2.0,2.0,2.0,2.0,2.0,3.0,3.0,2.0,1.0,2.0,2.0,2.0,1.33,2.0,4.0,3.67,1.34,1.99,2.0,2.33,2.0,2.0,1.66,3.84,1.66,2.16,2.0
2955,3.0,3.0,2.0,3.0,3.0,4.0,5.0,5.0,6.0,5.0,5.0,5.0,3.0,5.0,4.0,4.0,5.0,4.0,4.0,5.0,4.0,4.0,5.0,5.0,6.0,6.0,4.0,5.0,5.0,6.0,2.67,3.33,5.34,5.01,4.04,4.34,4.33,4.67,5.0,5.67,3.0,5.18,4.19,4.5,5.34
2956,1.0,2.0,2.0,2.0,3.0,2.0,3.0,3.0,3.0,2.0,3.0,3.0,2.0,2.0,2.0,2.0,2.0,2.0,3.0,5.0,4.0,4.0,4.0,5.0,4.0,4.0,3.0,4.0,3.0,4.0,1.99,2.0,3.0,2.66,2.0,1.99,3.67,4.67,3.33,4.0,2.0,2.83,2.0,4.17,3.66
2957,1.0,1.0,1.0,1.0,1.0,1.0,5.0,4.0,4.0,4.0,5.0,5.0,7.0,7.0,6.0,7.0,7.0,7.0,3.0,3.0,3.0,3.0,3.0,3.0,3.0,3.0,2.0,3.0,3.0,4.0,1.0,1.0,4.67,4.34,6.71,7.0,3.0,3.0,2.67,3.33,1.0,4.5,6.86,3.0,3.0
2958,2.0,2.0,1.0,1.0,1.0,2.0,7.0,6.0,6.0,6.0,6.0,4.0,7.0,7.0,6.0,7.0,5.0,6.0,3.0,3.0,3.0,3.0,3.0,3.0,2.0,3.0,2.0,3.0,3.0,3.0,1.34,1.67,6.35,5.34,6.01,6.69,3.0,3.0,2.33,3.0,1.5,5.84,6.35,3.0,2.66
2959,2.0,2.0,2.0,2.0,2.0,2.0,5.0,6.0,5.0,5.0,5.0,5.0,6.0,6.0,5.0,5.0,4.0,5.0,2.0,3.0,2.0,2.0,3.0,4.0,6.0,7.0,7.0,7.0,7.0,7.0,2.0,2.0,5.0,5.34,5.0,5.35,2.33,3.0,6.67,7.0,2.0,5.17,5.18,2.66,6.84
2960,2.0,3.0,3.0,3.0,3.0,3.0,5.0,5.0,5.0,5.0,5.0,5.0,3.0,3.0,2.0,3.0,2.0,3.0,6.0,6.0,6.0,6.0,6.0,7.0,2.0,2.0,1.0,2.0,1.0,2.0,2.66,3.0,5.0,5.01,2.32,3.0,6.0,6.33,1.33,2.0,2.83,5.0,2.66,6.16,1.66
2961,2.0,4.0,2.0,2.0,2.0,4.0,3.0,2.0,3.0,3.0,3.0,2.0,3.0,3.0,3.0,4.0,2.0,3.0,2.0,3.0,3.0,4.0,3.0,2.0,4.0,4.0,4.0,5.0,5.0,6.0,2.0,3.33,3.0,2.33,2.65,3.33,2.67,3.0,4.33,5.0,2.66,2.66,2.99,2.84,4.66
2962,1.0,1.0,1.0,1.0,1.0,1.0,4.0,3.0,4.0,4.0,5.0,4.0,1.0,1.0,1.0,1.0,1.0,1.0,1.0,1.0,1.0,1.0,1.0,1.0,4.0,5.0,5.0,5.0,5.0,6.0,1.0,1.0,4.33,3.67,1.0,1.0,1.0,1.0,4.67,5.33,1.0,4.0,1.0,1.0,5.0
2963,2.0,3.0,2.0,3.0,3.0,2.0,4.0,4.0,4.0,4.0,4.0,4.0,3.0,2.0,1.0,2.0,2.0,2.0,4.0,4.0,4.0,4.0,4.0,4.0,2.0,4.0,3.0,4.0,2.0,3.0,2.33,2.67,4.0,4.0,1.99,1.99,4.0,4.0,2.33,3.67,2.5,4.0,1.99,4.0,3.0
2964,2.0,3.0,2.0,2.0,2.0,2.0,4.0,5.0,5.0,5.0,5.0,5.0,4.0,4.0,4.0,4.0,3.0,3.0,2.0,3.0,2.0,2.0,1.0,3.0,6.0,7.0,6.0,7.0,6.0,7.0,2.0,2.34,4.67,5.01,3.66,3.66,1.67,2.67,6.0,7.0,2.17,4.84,3.66,2.17,6.5
2965,5.0,6.0,4.0,5.0,6.0,5.0,3.0,3.0,3.0,3.0,3.0,2.0,3.0,4.0,4.0,3.0,3.0,3.0,6.0,6.0,6.0,7.0,6.0,6.0,3.0,5.0,4.0,5.0,4.0,5.0,5.0,5.34,3.0,2.66,3.34,3.33,6.0,6.33,3.67,5.0,5.17,2.83,3.34,6.16,4.34
2966,1.0,1.0,2.0,2.0,1.0,1.0,3.0,3.0,4.0,4.0,4.0,4.0,5.0,5.0,5.0,5.0,4.0,4.0,3.0,4.0,2.0,2.0,3.0,4.0,3.0,4.0,4.0,4.0,3.0,4.0,1.33,1.33,3.66,3.67,4.67,4.67,2.67,3.33,3.33,4.0,1.33,3.66,4.67,3.0,3.66
2967,1.0,2.0,1.0,1.0,1.0,2.0,2.0,2.0,4.0,3.0,3.0,3.0,1.0,2.0,1.0,1.0,1.0,1.0,2.0,3.0,2.0,3.0,2.0,3.0,4.0,5.0,4.0,5.0,4.0,5.0,1.0,1.67,3.0,2.66,1.0,1.32,2.0,3.0,4.0,5.0,1.34,2.83,1.16,2.5,4.5
2968,7.0,7.0,6.0,6.0,7.0,7.0,6.0,5.0,5.0,6.0,7.0,6.0,2.0,2.0,2.0,3.0,2.0,3.0,4.0,5.0,4.0,5.0,4.0,6.0,3.0,5.0,3.0,5.0,3.0,5.0,6.67,6.67,6.01,5.68,2.0,2.67,4.0,5.33,3.0,5.0,6.67,5.84,2.34,4.66,4.0
2969,1.0,1.0,1.0,1.0,1.0,1.0,6.0,5.0,5.0,5.0,5.0,5.0,1.0,1.0,1.0,1.0,1.0,2.0,5.0,5.0,4.0,5.0,4.0,5.0,2.0,2.0,3.0,4.0,3.0,2.0,1.0,1.0,5.34,5.01,1.0,1.33,4.33,5.0,2.67,2.67,1.0,5.18,1.16,4.66,2.67
2970,7.0,7.0,5.0,6.0,6.0,5.0,4.0,4.0,5.0,5.0,5.0,5.0,4.0,4.0,3.0,4.0,3.0,3.0,5.0,5.0,5.0,5.0,4.0,4.0,3.0,4.0,3.0,4.0,3.0,4.0,6.01,6.01,4.67,4.67,3.33,3.66,4.67,4.67,3.0,4.0,6.01,4.67,3.5,4.67,3.5
2971,5.0,5.0,5.0,6.0,5.0,5.0,3.0,2.0,4.0,3.0,4.0,3.0,2.0,3.0,2.0,3.0,3.0,3.0,1.0,2.0,1.0,1.0,1.0,1.0,4.0,5.0,4.0,5.0,5.0,6.0,5.0,5.33,3.66,2.66,2.35,3.0,1.0,1.33,4.33,5.33,5.16,3.16,2.68,1.16,4.83
2972,1.0,1.0,1.0,1.0,1.0,1.0,2.0,1.0,2.0,2.0,3.0,2.0,1.0,1.0,1.0,1.0,1.0,1.0,1.0,2.0,1.0,1.0,2.0,2.0,1.0,2.0,2.0,2.0,1.0,2.0,1.0,1.0,2.32,1.66,1.0,1.0,1.33,1.67,1.33,2.0,1.0,1.99,1.0,1.5,1.66
2973,1.0,1.0,1.0,1.0,1.0,2.0,2.0,1.0,2.0,2.0,1.0,1.0,2.0,3.0,2.0,3.0,2.0,3.0,2.0,3.0,3.0,4.0,2.0,3.0,2.0,3.0,2.0,2.0,1.0,2.0,1.0,1.33,1.66,1.32,2.0,3.0,2.33,3.33,1.67,2.33,1.16,1.49,2.5,2.83,2.0
2974,3.0,4.0,4.0,4.0,5.0,5.0,2.0,2.0,2.0,4.0,2.0,3.0,4.0,4.0,3.0,4.0,3.0,2.0,2.0,3.0,2.0,3.0,2.0,3.0,3.0,3.0,2.0,3.0,3.0,5.0,3.99,4.33,1.99,3.0,3.33,3.32,2.0,3.0,2.67,3.67,4.16,2.5,3.32,2.5,3.17
2975,4.0,5.0,4.0,4.0,4.0,4.0,4.0,3.0,4.0,4.0,3.0,4.0,4.0,4.0,3.0,3.0,3.0,4.0,3.0,4.0,3.0,4.0,3.0,3.0,3.0,4.0,3.0,5.0,3.0,5.0,4.0,4.34,3.67,3.67,3.33,3.67,3.0,3.67,3.0,4.67,4.17,3.67,3.5,3.34,3.84
2976,7.0,7.0,7.0,7.0,7.0,6.0,6.0,6.0,7.0,6.0,7.0,7.0,5.0,6.0,5.0,6.0,5.0,6.0,7.0,7.0,7.0,7.0,7.0,7.0,5.0,6.0,6.0,7.0,6.0,6.0,7.0,6.67,6.68,6.35,5.02,6.02,7.0,7.0,5.67,6.33,6.84,6.52,5.52,7.0,6.0
2977,2.0,2.0,2.0,3.0,2.0,3.0,3.0,4.0,4.0,3.0,4.0,3.0,6.0,6.0,6.0,6.0,7.0,6.0,5.0,5.0,5.0,5.0,5.0,6.0,1.0,1.0,2.0,2.0,1.0,1.0,2.0,2.66,3.66,3.33,6.38,6.02,5.0,5.33,1.33,1.33,2.33,3.5,6.2,5.16,1.33
2978,4.0,5.0,3.0,4.0,4.0,5.0,5.0,4.0,6.0,5.0,5.0,5.0,3.0,4.0,3.0,4.0,3.0,3.0,1.0,1.0,1.0,1.0,1.0,2.0,4.0,5.0,4.0,6.0,4.0,5.0,3.67,4.67,5.34,4.67,3.0,3.66,1.0,1.33,4.0,5.33,4.17,5.0,3.33,1.16,4.66
2979,2.0,3.0,3.0,4.0,2.0,3.0,3.0,3.0,3.0,4.0,4.0,3.0,4.0,4.0,2.0,2.0,3.0,3.0,1.0,2.0,2.0,2.0,2.0,2.0,3.0,3.0,3.0,4.0,3.0,5.0,2.33,3.33,3.33,3.33,3.0,3.0,1.67,2.0,3.0,4.0,2.83,3.33,3.0,1.84,3.5
2980,6.0,7.0,6.0,7.0,7.0,7.0,4.0,4.0,4.0,4.0,4.0,4.0,5.0,5.0,5.0,4.0,3.0,4.0,3.0,3.0,3.0,3.0,3.0,3.0,5.0,7.0,6.0,7.0,6.0,6.0,6.33,7.0,4.0,4.0,4.32,4.34,3.0,3.0,5.67,6.67,6.66,4.0,4.33,3.0,6.17
2981,4.0,5.0,5.0,5.0,5.0,6.0,3.0,2.0,4.0,2.0,3.0,3.0,3.0,2.0,1.0,2.0,3.0,3.0,3.0,3.0,4.0,4.0,3.0,4.0,2.0,3.0,2.0,3.0,2.0,3.0,4.66,5.33,3.33,2.33,2.34,2.33,3.33,3.67,2.0,3.0,5.0,2.83,2.34,3.5,2.5
2982,1.0,1.0,1.0,1.0,1.0,1.0,5.0,6.0,5.0,5.0,6.0,6.0,4.0,4.0,4.0,4.0,2.0,3.0,3.0,4.0,2.0,4.0,3.0,3.0,2.0,3.0,3.0,3.0,3.0,3.0,1.0,1.0,5.34,5.68,3.31,3.66,2.67,3.67,2.67,3.0,1.0,5.51,3.49,3.17,2.84
2983,1.0,1.0,1.0,1.0,1.0,1.0,5.0,4.0,5.0,4.0,4.0,4.0,4.0,5.0,4.0,4.0,3.0,3.0,3.0,4.0,4.0,4.0,3.0,4.0,1.0,2.0,1.0,2.0,2.0,2.0,1.0,1.0,4.67,4.0,3.66,4.0,3.33,4.0,1.33,2.0,1.0,4.34,3.83,3.66,1.66
2984,1.0,2.0,1.0,1.0,1.0,1.0,5.0,4.0,5.0,5.0,5.0,5.0,3.0,4.0,3.0,3.0,2.0,2.0,5.0,6.0,5.0,6.0,5.0,6.0,1.0,2.0,1.0,3.0,2.0,2.0,1.0,1.34,5.0,4.67,2.65,2.99,5.0,6.0,1.33,2.33,1.17,4.84,2.82,5.5,1.83
2985,4.0,5.0,4.0,5.0,4.0,4.0,4.0,3.0,4.0,4.0,4.0,4.0,3.0,3.0,2.0,3.0,2.0,3.0,6.0,6.0,5.0,6.0,6.0,7.0,4.0,5.0,3.0,4.0,4.0,5.0,4.0,4.67,4.0,3.67,2.32,3.0,5.67,6.33,3.67,4.67,4.34,3.84,2.66,6.0,4.17
2986,4.0,4.0,4.0,5.0,4.0,4.0,7.0,7.0,7.0,7.0,7.0,7.0,2.0,2.0,2.0,3.0,2.0,2.0,3.0,3.0,3.0,4.0,4.0,4.0,4.0,5.0,5.0,6.0,4.0,5.0,4.0,4.33,7.0,7.0,2.0,2.32,3.33,3.67,4.33,5.33,4.16,7.0,2.16,3.5,4.83
2987,2.0,2.0,2.0,2.0,2.0,2.0,4.0,4.0,5.0,4.0,5.0,4.0,6.0,6.0,6.0,6.0,5.0,6.0,4.0,5.0,4.0,5.0,5.0,5.0,1.0,1.0,1.0,1.0,1.0,1.0,2.0,2.0,4.67,4.0,5.68,6.02,4.33,5.0,1.0,1.0,2.0,4.34,5.85,4.66,1.0
2988,2.0,2.0,1.0,1.0,1.0,2.0,4.0,2.0,4.0,3.0,3.0,3.0,2.0,2.0,3.0,4.0,2.0,3.0,3.0,3.0,3.0,4.0,3.0,4.0,3.0,6.0,4.0,4.0,4.0,5.0,1.34,1.67,3.67,2.66,2.33,3.0,3.0,3.67,3.67,5.0,1.5,3.16,2.66,3.34,4.34
2989,5.0,5.0,4.0,4.0,5.0,6.0,6.0,5.0,6.0,5.0,5.0,6.0,6.0,6.0,6.0,6.0,5.0,6.0,5.0,5.0,4.0,5.0,4.0,5.0,5.0,6.0,5.0,6.0,5.0,6.0,4.67,5.0,5.68,5.34,5.68,6.02,4.33,5.0,5.0,6.0,4.84,5.51,5.85,4.66,5.5
2990,2.0,2.0,1.0,1.0,1.0,2.0,5.0,4.0,7.0,6.0,5.0,5.0,6.0,7.0,7.0,7.0,7.0,7.0,3.0,4.0,4.0,4.0,4.0,4.0,3.0,3.0,3.0,5.0,3.0,4.0,1.34,1.67,5.68,5.01,6.71,7.0,3.67,4.0,3.0,4.0,1.5,5.34,6.86,3.84,3.5
2991,3.0,4.0,4.0,4.0,4.0,3.0,3.0,3.0,4.0,3.0,3.0,2.0,3.0,4.0,4.0,4.0,3.0,4.0,2.0,3.0,3.0,3.0,3.0,3.0,5.0,6.0,5.0,5.0,4.0,6.0,3.66,3.67,3.33,2.66,3.34,4.01,2.67,3.0,4.67,5.67,3.66,3.0,3.68,2.84,5.17
2992,3.0,3.0,4.0,4.0,4.0,4.0,4.0,5.0,5.0,5.0,6.0,5.0,1.0,1.0,1.0,1.0,1.0,1.0,4.0,4.0,4.0,5.0,4.0,5.0,4.0,5.0,4.0,5.0,3.0,5.0,3.66,3.66,5.0,5.01,1.0,1.0,4.0,4.67,3.67,5.0,3.66,5.0,1.0,4.34,4.34
2993,2.0,3.0,1.0,3.0,3.0,3.0,4.0,4.0,5.0,4.0,4.0,4.0,3.0,4.0,3.0,3.0,3.0,4.0,2.0,2.0,1.0,2.0,2.0,2.0,4.0,5.0,4.0,5.0,3.0,5.0,2.0,3.0,4.34,4.0,3.0,3.67,1.67,2.0,3.67,5.0,2.5,4.17,3.34,1.84,4.34
2994,5.0,4.0,4.0,4.0,4.0,4.0,3.0,3.0,4.0,4.0,3.0,3.0,3.0,4.0,4.0,4.0,3.0,4.0,3.0,4.0,3.0,3.0,3.0,4.0,2.0,2.0,2.0,3.0,2.0,2.0,4.34,4.0,3.33,3.33,3.34,4.01,3.0,3.67,2.0,2.33,4.17,3.33,3.68,3.34,2.16
2995,7.0,7.0,7.0,7.0,7.0,7.0,2.0,1.0,2.0,1.0,3.0,2.0,2.0,3.0,3.0,3.0,2.0,2.0,4.0,4.0,3.0,5.0,2.0,3.0,2.0,3.0,3.0,4.0,3.0,3.0,7.0,7.0,2.32,1.32,2.33,2.66,3.0,4.0,2.67,3.33,7.0,1.82,2.5,3.5,3.0
2996,5.0,6.0,5.0,6.0,7.0,7.0,3.0,2.0,3.0,3.0,3.0,3.0,6.0,7.0,5.0,6.0,5.0,6.0,1.0,2.0,2.0,2.0,2.0,4.0,2.0,2.0,2.0,2.0,1.0,2.0,5.66,6.33,3.0,2.66,5.35,6.35,1.67,2.67,1.67,2.0,6.0,2.83,5.85,2.17,1.84
2997,3.0,3.0,3.0,4.0,2.0,4.0,6.0,6.0,6.0,6.0,6.0,6.0,6.0,6.0,5.0,6.0,5.0,6.0,6.0,7.0,7.0,7.0,6.0,7.0,2.0,3.0,3.0,4.0,3.0,4.0,2.67,3.66,6.01,6.01,5.35,6.02,6.33,7.0,2.67,3.67,3.16,6.01,5.68,6.66,3.17
2998,3.0,4.0,3.0,4.0,3.0,4.0,4.0,4.0,6.0,6.0,5.0,4.0,1.0,2.0,1.0,2.0,1.0,1.0,5.0,5.0,5.0,5.0,4.0,6.0,2.0,3.0,3.0,3.0,3.0,4.0,3.0,4.0,5.0,4.67,1.0,1.65,4.67,5.33,2.67,3.33,3.5,4.84,1.32,5.0,3.0
2999,3.0,4.0,2.0,5.0,3.0,4.0,4.0,3.0,4.0,3.0,3.0,3.0,2.0,3.0,1.0,2.0,2.0,2.0,6.0,7.0,5.0,4.0,6.0,7.0,5.0,6.0,5.0,5.0,5.0,5.0,2.67,4.33,3.67,3.0,1.66,2.32,5.67,6.0,5.0,5.33,3.5,3.34,1.99,5.84,5.16
3000,3.0,4.0,3.0,4.0,3.0,4.0,6.0,6.0,7.0,7.0,6.0,6.0,3.0,3.0,2.0,4.0,2.0,2.0,4.0,5.0,3.0,5.0,4.0,5.0,2.0,3.0,1.0,3.0,2.0,3.0,3.0,4.0,6.34,6.35,2.32,2.99,3.67,5.0,1.67,3.0,3.5,6.34,2.66,4.34,2.34
3001,1.0,3.0,3.0,2.0,2.0,2.0,5.0,4.0,5.0,5.0,5.0,5.0,2.0,2.0,2.0,2.0,2.0,1.0,4.0,4.0,4.0,5.0,4.0,3.0,3.0,3.0,2.0,3.0,2.0,2.0,2.0,2.34,5.0,4.67,2.0,1.65,4.0,4.0,2.33,2.67,2.17,4.84,1.82,4.0,2.5
3002,1.0,1.0,1.0,1.0,1.0,1.0,3.0,2.0,4.0,4.0,3.0,3.0,2.0,3.0,3.0,4.0,2.0,3.0,6.0,7.0,6.0,6.0,6.0,6.0,5.0,5.0,5.0,6.0,5.0,6.0,1.0,1.0,3.33,3.0,2.33,3.33,6.0,6.33,5.0,5.67,1.0,3.16,2.83,6.16,5.34
3003,2.0,2.0,1.0,2.0,2.0,2.0,3.0,3.0,5.0,4.0,4.0,3.0,4.0,3.0,4.0,3.0,3.0,3.0,4.0,5.0,4.0,4.0,4.0,5.0,2.0,4.0,3.0,5.0,2.0,3.0,1.67,2.0,4.0,3.33,3.66,3.0,4.0,4.67,2.33,4.0,1.84,3.66,3.33,4.34,3.16
3004,6.0,7.0,6.0,6.0,6.0,7.0,3.0,3.0,3.0,2.0,4.0,2.0,5.0,5.0,4.0,5.0,4.0,3.0,5.0,5.0,4.0,4.0,4.0,5.0,3.0,3.0,2.0,2.0,2.0,3.0,6.0,6.67,3.33,2.33,4.34,4.33,4.33,4.67,2.33,2.67,6.34,2.83,4.34,4.5,2.5
3005,1.0,1.0,1.0,1.0,1.0,1.0,3.0,2.0,2.0,2.0,2.0,2.0,1.0,2.0,3.0,2.0,2.0,3.0,2.0,3.0,2.0,4.0,3.0,3.0,1.0,1.0,1.0,1.0,1.0,1.0,1.0,1.0,2.33,1.99,2.0,2.33,2.33,3.33,1.0,1.0,1.0,2.16,2.16,2.83,1.0
3006,4.0,5.0,4.0,5.0,3.0,5.0,4.0,4.0,6.0,5.0,5.0,5.0,7.0,6.0,7.0,6.0,6.0,7.0,5.0,5.0,4.0,5.0,5.0,6.0,4.0,5.0,3.0,5.0,4.0,5.0,3.67,5.0,5.0,4.67,6.69,6.36,4.67,5.33,3.67,5.0,4.34,4.84,6.52,5.0,4.34
3007,7.0,7.0,7.0,7.0,7.0,7.0,5.0,5.0,6.0,6.0,5.0,5.0,3.0,5.0,3.0,4.0,4.0,4.0,2.0,3.0,3.0,3.0,3.0,3.0,3.0,4.0,4.0,4.0,3.0,5.0,7.0,7.0,5.34,5.34,3.35,4.34,2.67,3.0,3.33,4.33,7.0,5.34,3.84,2.84,3.83
3008,2.0,2.0,2.0,2.0,1.0,3.0,3.0,2.0,3.0,3.0,4.0,2.0,1.0,1.0,1.0,1.0,1.0,2.0,1.0,2.0,1.0,2.0,1.0,2.0,3.0,5.0,4.0,5.0,4.0,5.0,1.67,2.33,3.33,2.33,1.0,1.33,1.0,2.0,3.67,5.0,2.0,2.83,1.16,1.5,4.34
3009,1.0,2.0,3.0,2.0,2.0,3.0,7.0,6.0,7.0,6.0,6.0,6.0,3.0,3.0,3.0,3.0,3.0,3.0,5.0,6.0,6.0,7.0,5.0,5.0,4.0,4.0,4.0,5.0,4.0,5.0,2.0,2.33,6.68,6.01,3.0,3.0,5.33,6.0,4.0,4.67,2.16,6.34,3.0,5.66,4.34
3010,3.0,3.0,3.0,3.0,3.0,5.0,5.0,4.0,5.0,5.0,5.0,5.0,6.0,7.0,5.0,6.0,5.0,5.0,6.0,6.0,6.0,6.0,5.0,7.0,3.0,4.0,3.0,4.0,3.0,4.0,3.0,3.66,5.0,4.67,5.35,6.01,5.67,6.33,3.0,4.0,3.33,4.84,5.68,6.0,3.5
3011,6.0,7.0,6.0,7.0,6.0,7.0,2.0,2.0,3.0,4.0,3.0,2.0,2.0,2.0,1.0,2.0,2.0,2.0,3.0,3.0,2.0,3.0,3.0,4.0,4.0,5.0,5.0,5.0,5.0,6.0,6.0,7.0,2.66,2.66,1.66,1.99,2.67,3.33,4.67,5.33,6.5,2.66,1.82,3.0,5.0
3012,5.0,6.0,4.0,5.0,4.0,5.0,5.0,5.0,5.0,4.0,5.0,4.0,4.0,6.0,3.0,4.0,3.0,4.0,4.0,5.0,4.0,4.0,4.0,5.0,3.0,3.0,2.0,3.0,3.0,3.0,4.34,5.34,5.0,4.34,3.33,4.67,4.0,4.67,2.67,3.0,4.84,4.67,4.0,4.34,2.84
3013,1.0,1.0,2.0,2.0,1.0,2.0,3.0,2.0,3.0,3.0,4.0,3.0,2.0,2.0,2.0,2.0,2.0,2.0,4.0,4.0,4.0,4.0,3.0,4.0,4.0,5.0,3.0,5.0,5.0,5.0,1.33,1.66,3.33,2.66,2.0,1.99,3.67,4.0,4.0,5.0,1.5,3.0,2.0,3.84,4.5
3014,2.0,1.0,2.0,2.0,2.0,2.0,2.0,2.0,3.0,2.0,2.0,3.0,2.0,3.0,2.0,3.0,2.0,3.0,5.0,5.0,4.0,5.0,4.0,5.0,3.0,3.0,3.0,4.0,3.0,5.0,2.0,1.66,2.33,2.33,2.0,3.0,4.33,5.0,3.0,4.0,1.83,2.33,2.5,4.66,3.5
3015,4.0,5.0,3.0,4.0,5.0,6.0,6.0,6.0,7.0,6.0,6.0,6.0,4.0,4.0,3.0,4.0,4.0,4.0,4.0,5.0,5.0,5.0,5.0,6.0,4.0,6.0,4.0,6.0,5.0,5.0,4.0,5.0,6.34,6.01,3.68,4.01,4.67,5.33,4.33,5.67,4.5,6.18,3.84,5.0,5.0
3016,2.0,2.0,2.0,2.0,2.0,3.0,4.0,3.0,3.0,4.0,4.0,4.0,2.0,3.0,3.0,2.0,3.0,3.0,3.0,4.0,3.0,3.0,3.0,4.0,4.0,4.0,3.0,3.0,3.0,4.0,2.0,2.33,3.67,3.67,2.68,2.67,3.0,3.67,3.33,3.67,2.16,3.67,2.68,3.34,3.5
3017,2.0,2.0,2.0,2.0,2.0,2.0,4.0,3.0,4.0,4.0,4.0,4.0,1.0,2.0,1.0,3.0,1.0,2.0,4.0,5.0,5.0,5.0,4.0,4.0,3.0,4.0,3.0,3.0,3.0,4.0,2.0,2.0,4.0,3.67,1.0,2.32,4.33,4.67,3.0,3.67,2.0,3.84,1.66,4.5,3.34
3018,2.0,2.0,2.0,2.0,2.0,3.0,6.0,6.0,7.0,4.0,7.0,6.0,3.0,3.0,3.0,3.0,3.0,3.0,4.0,4.0,4.0,5.0,4.0,5.0,5.0,5.0,4.0,5.0,3.0,4.0,2.0,2.33,6.68,5.34,3.0,3.0,4.0,4.67,4.0,4.67,2.16,6.01,3.0,4.34,4.34
3019,2.0,2.0,1.0,2.0,1.0,1.0,3.0,2.0,3.0,2.0,3.0,4.0,4.0,4.0,3.0,4.0,3.0,3.0,4.0,4.0,4.0,5.0,4.0,5.0,3.0,4.0,3.0,4.0,3.0,5.0,1.34,1.67,3.0,2.66,3.33,3.66,4.0,4.67,3.0,4.33,1.5,2.83,3.5,4.34,3.66
3020,2.0,2.0,1.0,1.0,1.0,2.0,4.0,3.0,4.0,4.0,4.0,3.0,2.0,3.0,2.0,3.0,2.0,3.0,1.0,1.0,1.0,1.0,1.0,1.0,2.0,4.0,3.0,3.0,2.0,4.0,1.34,1.67,4.0,3.33,2.0,3.0,1.0,1.0,2.33,3.67,1.5,3.66,2.5,1.0,3.0
3021,3.0,2.0,2.0,3.0,4.0,3.0,4.0,4.0,5.0,5.0,5.0,5.0,3.0,3.0,4.0,5.0,3.0,3.0,7.0,7.0,6.0,7.0,6.0,7.0,4.0,5.0,6.0,6.0,5.0,5.0,3.0,2.66,4.67,4.67,3.34,3.66,6.33,7.0,5.0,5.33,2.83,4.67,3.5,6.66,5.16
3022,1.0,1.0,1.0,1.0,1.0,1.0,2.0,2.0,3.0,2.0,2.0,2.0,2.0,2.0,2.0,2.0,2.0,2.0,3.0,3.0,2.0,4.0,3.0,3.0,1.0,2.0,2.0,4.0,2.0,2.0,1.0,1.0,2.33,1.99,2.0,1.99,2.67,3.33,1.67,2.67,1.0,2.16,2.0,3.0,2.17
3023,5.0,5.0,2.0,4.0,4.0,5.0,3.0,2.0,3.0,3.0,3.0,3.0,3.0,3.0,2.0,2.0,3.0,2.0,4.0,3.0,4.0,4.0,4.0,4.0,1.0,2.0,1.0,2.0,1.0,2.0,3.67,4.67,3.0,2.66,2.67,2.32,4.0,3.67,1.0,2.0,4.17,2.83,2.5,3.84,1.5
3024,3.0,3.0,4.0,4.0,2.0,3.0,4.0,3.0,4.0,4.0,5.0,5.0,2.0,3.0,3.0,3.0,2.0,2.0,2.0,3.0,2.0,2.0,2.0,2.0,1.0,3.0,2.0,2.0,2.0,2.0,3.01,3.33,4.33,4.0,2.33,2.66,2.0,2.33,1.67,2.33,3.17,4.16,2.5,2.16,2.0
3025,4.0,5.0,4.0,5.0,4.0,4.0,4.0,4.0,4.0,4.0,4.0,4.0,5.0,5.0,5.0,6.0,5.0,5.0,1.0,2.0,1.0,1.0,1.0,2.0,3.0,3.0,2.0,3.0,2.0,4.0,4.0,4.67,4.0,4.0,5.02,5.35,1.0,1.67,2.33,3.33,4.34,4.0,5.18,1.34,2.83
3026,4.0,4.0,3.0,3.0,4.0,4.0,6.0,7.0,7.0,7.0,6.0,6.0,1.0,1.0,1.0,1.0,1.0,1.0,3.0,4.0,3.0,4.0,4.0,5.0,2.0,4.0,2.0,3.0,3.0,4.0,3.67,3.67,6.34,6.68,1.0,1.0,3.33,4.33,2.33,3.67,3.67,6.51,1.0,3.83,3.0
3027,2.0,2.0,3.0,2.0,2.0,2.0,3.0,1.0,3.0,3.0,2.0,2.0,5.0,5.0,4.0,5.0,4.0,4.0,5.0,6.0,5.0,6.0,6.0,6.0,3.0,4.0,3.0,4.0,2.0,3.0,2.33,2.0,2.66,1.99,4.34,4.67,5.33,6.0,2.67,3.67,2.16,2.33,4.5,5.66,3.17
3028,3.0,3.0,4.0,4.0,3.0,4.0,5.0,4.0,5.0,5.0,5.0,5.0,1.0,1.0,1.0,2.0,1.0,1.0,4.0,4.0,4.0,5.0,4.0,4.0,7.0,7.0,7.0,7.0,7.0,7.0,3.33,3.66,5.0,4.67,1.0,1.32,4.0,4.33,7.0,7.0,3.5,4.84,1.16,4.16,7.0
3029,1.0,1.0,1.0,1.0,1.0,1.0,3.0,3.0,4.0,4.0,4.0,4.0,5.0,6.0,5.0,5.0,5.0,4.0,3.0,3.0,3.0,3.0,2.0,3.0,4.0,5.0,4.0,5.0,4.0,5.0,1.0,1.0,3.66,3.67,5.02,5.0,2.67,3.0,4.0,5.0,1.0,3.66,5.01,2.84,4.5
3030,5.0,6.0,5.0,5.0,6.0,7.0,2.0,2.0,3.0,2.0,2.0,2.0,1.0,1.0,1.0,1.0,1.0,1.0,6.0,7.0,6.0,6.0,6.0,7.0,3.0,3.0,3.0,3.0,3.0,3.0,5.33,6.0,2.33,1.99,1.0,1.0,6.0,6.67,3.0,3.0,5.66,2.16,1.0,6.34,3.0
3031,2.0,3.0,2.0,2.0,2.0,3.0,4.0,3.0,5.0,4.0,4.0,4.0,3.0,5.0,3.0,4.0,4.0,5.0,3.0,3.0,4.0,4.0,2.0,3.0,4.0,5.0,4.0,4.0,4.0,5.0,2.0,2.67,4.34,3.67,3.35,4.68,3.0,3.33,4.0,4.67,2.34,4.0,4.01,3.16,4.34
3032,2.0,3.0,2.0,2.0,2.0,3.0,3.0,2.0,3.0,2.0,2.0,2.0,2.0,2.0,2.0,3.0,2.0,2.0,1.0,2.0,2.0,2.0,1.0,2.0,3.0,4.0,5.0,5.0,4.0,5.0,2.0,2.67,2.66,1.99,2.0,2.32,1.33,2.0,4.0,4.67,2.34,2.33,2.16,1.66,4.34
3033,5.0,5.0,4.0,5.0,6.0,6.0,6.0,6.0,7.0,7.0,6.0,6.0,6.0,7.0,7.0,6.0,5.0,7.0,6.0,6.0,6.0,6.0,6.0,5.0,6.0,7.0,5.0,6.0,6.0,6.0,5.0,5.33,6.34,6.35,6.01,6.7,6.0,5.67,5.67,6.33,5.16,6.34,6.36,5.84,6.0
3034,2.0,3.0,2.0,3.0,2.0,3.0,3.0,2.0,3.0,2.0,2.0,2.0,5.0,6.0,5.0,6.0,4.0,5.0,4.0,5.0,4.0,4.0,4.0,5.0,5.0,5.0,5.0,6.0,4.0,6.0,2.0,3.0,2.66,1.99,4.67,5.68,4.0,4.67,4.67,5.67,2.5,2.33,5.18,4.34,5.17
3035,5.0,7.0,5.0,5.0,5.0,6.0,2.0,2.0,3.0,3.0,3.0,3.0,5.0,5.0,4.0,4.0,3.0,4.0,6.0,7.0,6.0,7.0,7.0,7.0,5.0,6.0,5.0,6.0,4.0,6.0,5.0,6.0,2.66,2.66,3.99,4.34,6.33,7.0,4.67,6.0,5.5,2.66,4.16,6.66,5.34
3036,1.0,1.0,1.0,1.0,1.0,1.0,4.0,3.0,5.0,5.0,3.0,4.0,1.0,1.0,1.0,1.0,1.0,1.0,4.0,4.0,4.0,5.0,4.0,4.0,5.0,7.0,5.0,7.0,5.0,6.0,1.0,1.0,4.0,4.0,1.0,1.0,4.0,4.33,5.0,6.67,1.0,4.0,1.0,4.16,5.84
3037,2.0,2.0,2.0,2.0,2.0,2.0,1.0,1.0,2.0,1.0,1.0,1.0,3.0,5.0,4.0,4.0,3.0,3.0,2.0,2.0,1.0,2.0,2.0,2.0,2.0,2.0,1.0,4.0,2.0,3.0,2.0,2.0,1.32,1.0,3.34,4.0,1.67,2.0,1.67,3.0,2.0,1.16,3.67,1.84,2.34
3038,5.0,5.0,4.0,5.0,4.0,5.0,3.0,2.0,3.0,3.0,2.0,2.0,2.0,1.0,1.0,1.0,1.0,1.0,2.0,4.0,3.0,4.0,4.0,4.0,3.0,5.0,3.0,4.0,4.0,4.0,4.34,5.0,2.66,2.33,1.31,1.0,3.0,4.0,3.33,4.33,4.67,2.5,1.16,3.5,3.83
3039,3.0,4.0,4.0,3.0,3.0,4.0,3.0,2.0,2.0,3.0,4.0,3.0,1.0,2.0,2.0,2.0,1.0,2.0,4.0,5.0,6.0,6.0,4.0,5.0,4.0,4.0,3.0,4.0,3.0,4.0,3.33,3.67,2.99,2.66,1.32,1.99,4.66,5.33,3.33,4.0,3.5,2.82,1.66,5.0,3.66
3040,4.0,4.0,6.0,6.0,4.0,6.0,6.0,7.0,7.0,7.0,6.0,7.0,3.0,3.0,4.0,4.0,3.0,4.0,4.0,4.0,5.0,6.0,4.0,5.0,2.0,3.0,2.0,2.0,2.0,3.0,4.67,5.33,6.34,7.0,3.34,3.67,4.33,5.0,2.0,2.67,5.0,6.67,3.5,4.66,2.34
3041,1.0,1.0,1.0,1.0,1.0,1.0,2.0,1.0,4.0,3.0,2.0,1.0,1.0,1.0,1.0,1.0,1.0,1.0,3.0,4.0,3.0,3.0,4.0,4.0,1.0,2.0,1.0,2.0,1.0,2.0,1.0,1.0,2.66,1.66,1.0,1.0,3.33,3.67,1.0,2.0,1.0,2.16,1.0,3.5,1.5
3042,3.0,3.0,4.0,5.0,3.0,5.0,5.0,4.0,6.0,6.0,5.0,4.0,2.0,3.0,2.0,3.0,2.0,2.0,4.0,5.0,3.0,4.0,3.0,4.0,1.0,3.0,1.0,3.0,2.0,2.0,3.33,4.33,5.34,4.67,2.0,2.66,3.33,4.33,1.33,2.67,3.83,5.0,2.33,3.83,2.0
3043,1.0,2.0,1.0,1.0,2.0,2.0,4.0,4.0,5.0,4.0,5.0,4.0,4.0,5.0,5.0,5.0,4.0,4.0,3.0,4.0,3.0,4.0,4.0,4.0,6.0,6.0,6.0,5.0,5.0,6.0,1.33,1.67,4.67,4.0,4.35,4.67,3.33,4.0,5.67,5.67,1.5,4.34,4.51,3.66,5.67
3044,1.0,1.0,1.0,1.0,1.0,1.0,5.0,3.0,5.0,4.0,4.0,4.0,6.0,6.0,6.0,6.0,5.0,6.0,2.0,2.0,2.0,2.0,2.0,3.0,2.0,3.0,3.0,3.0,1.0,3.0,1.0,1.0,4.67,3.67,5.68,6.02,2.0,2.33,2.0,3.0,1.0,4.17,5.85,2.16,2.5
3045,1.0,1.0,1.0,1.0,1.0,1.0,3.0,2.0,4.0,3.0,2.0,3.0,1.0,2.0,3.0,2.0,1.0,2.0,1.0,1.0,1.0,1.0,1.0,1.0,3.0,5.0,3.0,4.0,3.0,4.0,1.0,1.0,3.0,2.66,1.65,1.99,1.0,1.0,3.0,4.33,1.0,2.83,1.82,1.0,3.66
3046,3.0,5.0,3.0,3.0,3.0,3.0,3.0,4.0,4.0,3.0,4.0,3.0,2.0,3.0,3.0,3.0,2.0,2.0,3.0,3.0,2.0,3.0,2.0,3.0,3.0,3.0,2.0,3.0,3.0,3.0,3.0,3.67,3.66,3.33,2.33,2.66,2.33,3.0,2.67,3.0,3.34,3.5,2.5,2.66,2.84
3047,7.0,7.0,5.0,7.0,7.0,7.0,4.0,4.0,4.0,4.0,4.0,4.0,4.0,5.0,3.0,4.0,2.0,2.0,3.0,4.0,3.0,4.0,2.0,2.0,3.0,3.0,3.0,3.0,3.0,3.0,6.33,7.0,4.0,4.0,2.98,3.65,2.67,3.33,3.0,3.0,6.66,4.0,3.32,3.0,3.0
3048,2.0,3.0,2.0,1.0,2.0,2.0,2.0,3.0,3.0,3.0,3.0,3.0,6.0,7.0,5.0,6.0,5.0,5.0,3.0,3.0,3.0,4.0,3.0,3.0,3.0,4.0,2.0,4.0,3.0,5.0,2.0,2.0,2.66,3.0,5.35,6.01,3.0,3.33,2.67,4.33,2.0,2.83,5.68,3.16,3.5
3049,3.0,4.0,2.0,2.0,2.0,2.0,4.0,3.0,4.0,3.0,3.0,4.0,5.0,6.0,5.0,5.0,4.0,4.0,5.0,6.0,6.0,6.0,6.0,7.0,1.0,3.0,1.0,2.0,2.0,3.0,2.34,2.67,3.67,3.33,4.67,5.0,5.67,6.33,1.33,2.67,2.5,3.5,4.84,6.0,2.0
3050,3.0,5.0,5.0,3.0,4.0,5.0,1.0,1.0,1.0,1.0,2.0,1.0,4.0,4.0,3.0,3.0,3.0,3.0,5.0,6.0,5.0,6.0,6.0,7.0,4.0,6.0,4.0,5.0,4.0,5.0,4.0,4.33,1.32,1.0,3.33,3.33,5.33,6.33,4.0,5.33,4.16,1.16,3.33,5.83,4.66
3051,3.0,3.0,2.0,2.0,2.0,3.0,6.0,6.0,7.0,7.0,7.0,6.0,4.0,4.0,4.0,4.0,4.0,4.0,5.0,7.0,6.0,6.0,6.0,6.0,5.0,6.0,5.0,6.0,5.0,6.0,2.34,2.67,6.68,6.35,4.01,4.01,5.67,6.33,5.0,6.0,2.5,6.52,4.01,6.0,5.5
3052,2.0,3.0,2.0,3.0,2.0,3.0,5.0,5.0,5.0,4.0,5.0,5.0,4.0,4.0,5.0,5.0,3.0,5.0,7.0,7.0,7.0,7.0,7.0,7.0,2.0,3.0,3.0,4.0,2.0,3.0,2.0,3.0,5.0,4.67,4.0,4.68,7.0,7.0,2.33,3.33,2.5,4.84,4.34,7.0,2.83
3053,2.0,3.0,2.0,2.0,2.0,3.0,4.0,2.0,3.0,3.0,3.0,2.0,4.0,4.0,4.0,5.0,3.0,4.0,1.0,1.0,1.0,2.0,1.0,1.0,1.0,2.0,1.0,2.0,1.0,1.0,2.0,2.67,3.33,2.33,3.66,4.34,1.0,1.33,1.0,1.67,2.34,2.83,4.0,1.16,1.34
3054,6.0,7.0,7.0,7.0,7.0,7.0,5.0,5.0,6.0,6.0,5.0,5.0,3.0,4.0,3.0,3.0,3.0,3.0,6.0,6.0,6.0,6.0,6.0,6.0,6.0,5.0,5.0,6.0,6.0,7.0,6.66,7.0,5.34,5.34,3.0,3.33,6.0,6.0,5.67,6.0,6.83,5.34,3.16,6.0,5.84
3055,3.0,4.0,2.0,4.0,4.0,5.0,5.0,5.0,5.0,5.0,4.0,5.0,3.0,3.0,3.0,3.0,2.0,2.0,7.0,7.0,6.0,6.0,6.0,7.0,3.0,4.0,2.0,4.0,3.0,3.0,3.0,4.33,4.67,5.01,2.65,2.66,6.33,6.67,2.67,3.67,3.66,4.84,2.66,6.5,3.17
3056,2.0,3.0,3.0,3.0,3.0,3.0,2.0,2.0,4.0,2.0,2.0,2.0,2.0,3.0,2.0,2.0,2.0,3.0,4.0,5.0,5.0,5.0,5.0,5.0,1.0,2.0,2.0,2.0,1.0,2.0,2.66,3.0,2.66,1.99,2.0,2.67,4.67,5.0,1.33,2.0,2.83,2.33,2.34,4.84,1.66
3057,4.0,5.0,4.0,6.0,5.0,6.0,5.0,4.0,6.0,4.0,6.0,5.0,6.0,5.0,5.0,6.0,4.0,5.0,4.0,6.0,4.0,6.0,4.0,5.0,6.0,6.0,6.0,6.0,6.0,7.0,4.33,5.66,5.67,4.34,5.0,5.35,4.0,5.67,6.0,6.33,5.0,5.0,5.18,4.84,6.16
3058,1.0,1.0,1.0,1.0,1.0,1.0,2.0,2.0,2.0,3.0,2.0,2.0,2.0,3.0,2.0,2.0,2.0,2.0,3.0,3.0,2.0,4.0,3.0,3.0,3.0,3.0,2.0,3.0,2.0,3.0,1.0,1.0,1.99,2.33,2.0,2.32,2.67,3.33,2.33,3.0,1.0,2.16,2.16,3.0,2.66
3059,1.0,1.0,1.0,1.0,1.0,1.0,1.0,1.0,3.0,2.0,2.0,2.0,1.0,1.0,1.0,1.0,1.0,1.0,1.0,2.0,1.0,2.0,1.0,2.0,1.0,1.0,1.0,1.0,1.0,1.0,1.0,1.0,1.99,1.66,1.0,1.0,1.0,2.0,1.0,1.0,1.0,1.82,1.0,1.5,1.0
3060,3.0,4.0,3.0,3.0,3.0,4.0,2.0,2.0,2.0,2.0,2.0,2.0,3.0,3.0,3.0,4.0,2.0,3.0,5.0,6.0,4.0,5.0,4.0,5.0,5.0,5.0,6.0,7.0,5.0,7.0,3.0,3.67,1.99,1.99,2.65,3.33,4.33,5.33,5.33,6.33,3.34,1.99,2.99,4.83,5.83
3061,1.0,1.0,1.0,2.0,1.0,1.0,1.0,1.0,1.0,1.0,1.0,1.0,5.0,6.0,4.0,4.0,4.0,4.0,3.0,4.0,4.0,4.0,3.0,4.0,4.0,4.0,4.0,5.0,4.0,5.0,1.0,1.33,1.0,1.0,4.34,4.67,3.33,4.0,4.0,4.67,1.16,1.0,4.5,3.66,4.34
3062,6.0,5.0,4.0,5.0,5.0,5.0,2.0,2.0,4.0,3.0,3.0,3.0,3.0,3.0,3.0,3.0,3.0,2.0,2.0,3.0,2.0,2.0,1.0,2.0,2.0,4.0,2.0,4.0,3.0,4.0,5.0,5.0,3.0,2.66,3.0,2.66,1.67,2.33,2.33,4.0,5.0,2.83,2.83,2.0,3.16
3063,7.0,7.0,7.0,7.0,7.0,7.0,4.0,4.0,4.0,4.0,4.0,4.0,3.0,6.0,6.0,6.0,5.0,6.0,5.0,5.0,4.0,6.0,5.0,6.0,3.0,4.0,3.0,3.0,3.0,4.0,7.0,7.0,4.0,4.0,4.7,6.02,4.67,5.67,3.0,3.67,7.0,4.0,5.36,5.17,3.34
3064,1.0,1.0,1.0,1.0,1.0,1.0,2.0,2.0,2.0,2.0,3.0,3.0,3.0,4.0,4.0,4.0,3.0,3.0,2.0,2.0,1.0,2.0,2.0,2.0,2.0,4.0,3.0,5.0,4.0,5.0,1.0,1.0,2.32,2.33,3.34,3.66,1.67,2.0,3.0,4.67,1.0,2.33,3.5,1.84,3.84
3065,2.0,1.0,2.0,1.0,2.0,2.0,6.0,6.0,7.0,7.0,7.0,6.0,3.0,3.0,3.0,3.0,3.0,4.0,3.0,4.0,2.0,4.0,3.0,4.0,3.0,3.0,3.0,4.0,2.0,3.0,2.0,1.33,6.68,6.35,3.0,3.34,2.67,4.0,2.67,3.33,1.66,6.52,3.17,3.34,3.0
3066,3.0,2.0,2.0,3.0,4.0,4.0,1.0,1.0,2.0,2.0,2.0,1.0,5.0,4.0,4.0,5.0,3.0,4.0,6.0,5.0,6.0,7.0,5.0,6.0,3.0,5.0,4.0,5.0,4.0,5.0,3.0,2.99,1.66,1.32,3.99,4.34,5.67,6.0,3.67,5.0,3.0,1.49,4.16,5.84,4.34
3067,2.0,3.0,2.0,2.0,3.0,3.0,6.0,6.0,6.0,7.0,7.0,6.0,4.0,4.0,4.0,4.0,4.0,4.0,6.0,6.0,6.0,6.0,6.0,6.0,4.0,6.0,6.0,6.0,5.0,6.0,2.33,2.67,6.34,6.35,4.01,4.01,6.0,6.0,5.0,6.0,2.5,6.34,4.01,6.0,5.5
3068,1.0,1.0,1.0,1.0,1.0,2.0,1.0,1.0,3.0,2.0,3.0,2.0,1.0,1.0,2.0,1.0,1.0,1.0,1.0,2.0,1.0,2.0,2.0,2.0,1.0,1.0,1.0,1.0,1.0,1.0,1.0,1.33,2.32,1.66,1.32,1.0,1.33,2.0,1.0,1.0,1.16,1.99,1.16,1.66,1.0
3069,1.0,1.0,1.0,1.0,1.0,2.0,3.0,2.0,4.0,2.0,2.0,2.0,3.0,4.0,4.0,4.0,4.0,5.0,5.0,6.0,6.0,6.0,4.0,6.0,4.0,5.0,4.0,5.0,4.0,5.0,1.0,1.33,3.0,1.99,3.69,4.35,5.0,6.0,4.0,5.0,1.16,2.5,4.02,5.5,4.5
3070,4.0,3.0,3.0,5.0,4.0,4.0,3.0,4.0,4.0,3.0,4.0,3.0,4.0,4.0,4.0,4.0,3.0,3.0,2.0,2.0,2.0,2.0,2.0,3.0,5.0,6.0,6.0,6.0,5.0,6.0,3.67,4.0,3.66,3.33,3.66,3.66,2.0,2.33,5.33,6.0,3.84,3.5,3.66,2.16,5.66
3071,2.0,3.0,1.0,2.0,2.0,2.0,6.0,5.0,6.0,5.0,5.0,5.0,3.0,3.0,3.0,3.0,4.0,4.0,6.0,6.0,5.0,6.0,5.0,5.0,7.0,7.0,6.0,7.0,7.0,7.0,1.67,2.34,5.68,5.01,3.35,3.34,5.33,5.67,6.67,7.0,2.0,5.34,3.34,5.5,6.84
3072,1.0,1.0,2.0,2.0,2.0,2.0,4.0,2.0,4.0,3.0,3.0,3.0,5.0,4.0,4.0,5.0,5.0,4.0,6.0,7.0,6.0,7.0,5.0,5.0,4.0,4.0,3.0,4.0,3.0,4.0,1.66,1.66,3.67,2.66,4.69,4.34,5.67,6.33,3.33,4.0,1.66,3.16,4.52,6.0,3.66
3073,5.0,6.0,6.0,7.0,6.0,6.0,2.0,2.0,3.0,3.0,3.0,3.0,2.0,2.0,2.0,3.0,1.0,2.0,2.0,2.0,2.0,2.0,1.0,2.0,2.0,2.0,2.0,3.0,1.0,2.0,5.66,6.33,2.66,2.66,1.65,2.32,1.67,2.0,1.67,2.33,6.0,2.66,1.98,1.84,2.0
3074,4.0,4.0,3.0,4.0,3.0,4.0,3.0,3.0,4.0,4.0,5.0,5.0,3.0,3.0,2.0,3.0,2.0,2.0,5.0,6.0,5.0,6.0,6.0,6.0,5.0,6.0,6.0,7.0,3.0,6.0,3.34,4.0,4.0,4.0,2.32,2.66,5.33,6.0,4.67,6.33,3.67,4.0,2.49,5.66,5.5
3075,3.0,4.0,3.0,5.0,3.0,4.0,3.0,3.0,4.0,2.0,3.0,2.0,4.0,3.0,3.0,4.0,3.0,4.0,4.0,4.0,4.0,4.0,4.0,5.0,4.0,5.0,3.0,4.0,4.0,5.0,3.0,4.33,3.33,2.33,3.33,3.67,4.0,4.33,3.67,4.67,3.66,2.83,3.5,4.16,4.17
3076,4.0,4.0,3.0,4.0,4.0,4.0,2.0,2.0,3.0,3.0,3.0,3.0,6.0,7.0,6.0,6.0,5.0,4.0,1.0,1.0,1.0,1.0,1.0,2.0,2.0,2.0,3.0,3.0,3.0,3.0,3.67,4.0,2.66,2.66,5.68,5.67,1.0,1.33,2.67,2.67,3.84,2.66,5.68,1.16,2.67
3077,6.0,7.0,6.0,6.0,5.0,6.0,3.0,1.0,3.0,3.0,2.0,2.0,2.0,3.0,3.0,3.0,2.0,2.0,4.0,5.0,6.0,6.0,5.0,6.0,3.0,4.0,4.0,3.0,5.0,4.0,5.67,6.34,2.66,1.99,2.33,2.66,5.0,5.67,4.0,3.67,6.0,2.33,2.5,5.34,3.84
3078,2.0,1.0,1.0,3.0,2.0,2.0,3.0,3.0,2.0,2.0,2.0,3.0,3.0,2.0,3.0,2.0,1.0,1.0,5.0,6.0,6.0,6.0,7.0,7.0,3.0,4.0,2.0,4.0,2.0,4.0,1.67,2.0,2.33,2.66,2.31,1.65,6.0,6.33,2.33,4.0,1.84,2.5,1.98,6.16,3.16
3079,2.0,2.0,2.0,2.0,2.0,2.0,3.0,2.0,2.0,1.0,3.0,2.0,3.0,3.0,2.0,4.0,2.0,3.0,6.0,7.0,6.0,7.0,6.0,7.0,3.0,6.0,4.0,4.0,4.0,5.0,2.0,2.0,2.66,1.66,2.32,3.33,6.0,7.0,3.67,5.0,2.0,2.16,2.82,6.5,4.34
3080,5.0,5.0,5.0,5.0,5.0,6.0,6.0,6.0,7.0,6.0,6.0,6.0,5.0,5.0,5.0,6.0,4.0,4.0,6.0,7.0,7.0,7.0,6.0,7.0,6.0,7.0,6.0,7.0,6.0,7.0,5.0,5.33,6.34,6.01,4.67,5.0,6.33,7.0,6.0,7.0,5.16,6.18,4.84,6.66,6.5
3081,2.0,2.0,1.0,2.0,2.0,3.0,4.0,4.0,3.0,3.0,3.0,4.0,4.0,5.0,4.0,4.0,5.0,5.0,3.0,4.0,3.0,4.0,4.0,5.0,4.0,5.0,4.0,5.0,4.0,5.0,1.67,2.33,3.33,3.67,4.36,4.68,3.33,4.33,4.0,5.0,2.0,3.5,4.52,3.83,4.5
3082,1.0,1.0,1.0,2.0,2.0,2.0,5.0,5.0,5.0,4.0,6.0,5.0,6.0,6.0,6.0,6.0,5.0,7.0,6.0,6.0,6.0,6.0,6.0,6.0,1.0,1.0,1.0,1.0,1.0,1.0,1.33,1.66,5.34,4.67,5.68,6.36,6.0,6.0,1.0,1.0,1.5,5.0,6.02,6.0,1.0
3083,3.0,3.0,4.0,4.0,3.0,3.0,5.0,5.0,5.0,6.0,5.0,5.0,4.0,4.0,4.0,4.0,3.0,4.0,5.0,6.0,4.0,6.0,4.0,5.0,5.0,6.0,6.0,6.0,5.0,6.0,3.33,3.33,5.0,5.34,3.66,4.01,4.33,5.67,5.33,6.0,3.33,5.17,3.84,5.0,5.66
3084,5.0,6.0,5.0,6.0,7.0,7.0,3.0,2.0,5.0,4.0,3.0,3.0,2.0,3.0,2.0,2.0,1.0,2.0,4.0,5.0,5.0,5.0,4.0,5.0,4.0,5.0,4.0,5.0,5.0,6.0,5.66,6.33,3.67,3.0,1.65,2.32,4.33,5.0,4.33,5.33,6.0,3.34,1.98,4.66,4.83
3085,5.0,6.0,5.0,6.0,6.0,7.0,3.0,3.0,3.0,3.0,3.0,3.0,4.0,5.0,5.0,4.0,4.0,4.0,6.0,6.0,6.0,7.0,7.0,7.0,2.0,4.0,2.0,4.0,3.0,4.0,5.33,6.33,3.0,3.0,4.35,4.34,6.33,6.67,2.33,4.0,5.83,3.0,4.34,6.5,3.16
3086,3.0,4.0,3.0,4.0,2.0,3.0,1.0,1.0,2.0,1.0,1.0,1.0,2.0,2.0,2.0,3.0,2.0,2.0,5.0,5.0,4.0,5.0,5.0,6.0,2.0,2.0,2.0,3.0,1.0,3.0,2.67,3.67,1.32,1.0,2.0,2.32,4.67,5.33,1.67,2.67,3.17,1.16,2.16,5.0,2.17
3087,1.0,2.0,2.0,3.0,3.0,2.0,4.0,3.0,4.0,4.0,5.0,4.0,3.0,4.0,3.0,3.0,3.0,3.0,3.0,3.0,2.0,2.0,3.0,3.0,2.0,3.0,3.0,5.0,4.0,4.0,1.99,2.33,4.33,3.67,3.0,3.33,2.67,2.67,3.0,4.0,2.16,4.0,3.16,2.67,3.5
3088,2.0,3.0,3.0,4.0,3.0,3.0,7.0,6.0,7.0,7.0,7.0,7.0,4.0,4.0,5.0,5.0,4.0,5.0,6.0,7.0,6.0,6.0,5.0,6.0,5.0,5.0,4.0,5.0,4.0,5.0,2.66,3.33,7.0,6.68,4.35,4.68,5.67,6.33,4.33,5.0,3.0,6.84,4.51,6.0,4.66
3089,4.0,3.0,5.0,4.0,2.0,3.0,5.0,6.0,6.0,6.0,5.0,6.0,3.0,3.0,2.0,3.0,2.0,2.0,5.0,6.0,6.0,7.0,6.0,6.0,4.0,4.0,4.0,5.0,2.0,4.0,3.68,3.33,5.34,6.01,2.32,2.66,5.67,6.33,3.33,4.33,3.5,5.68,2.49,6.0,3.83
3090,4.0,4.0,3.0,4.0,3.0,3.0,3.0,2.0,3.0,2.0,2.0,2.0,3.0,4.0,3.0,4.0,3.0,4.0,2.0,3.0,2.0,3.0,2.0,3.0,3.0,3.0,3.0,4.0,4.0,4.0,3.34,3.67,2.66,1.99,3.0,4.01,2.0,3.0,3.33,3.67,3.5,2.33,3.5,2.5,3.5
3091,3.0,4.0,2.0,2.0,2.0,2.0,3.0,2.0,4.0,2.0,2.0,2.0,3.0,3.0,2.0,2.0,1.0,3.0,4.0,4.0,2.0,4.0,3.0,4.0,3.0,3.0,4.0,4.0,4.0,4.0,2.34,2.67,3.0,1.99,1.97,2.67,3.0,4.0,3.67,3.67,2.5,2.5,2.32,3.5,3.67
3092,3.0,4.0,2.0,3.0,2.0,3.0,1.0,1.0,2.0,2.0,1.0,1.0,5.0,6.0,5.0,5.0,5.0,5.0,3.0,3.0,2.0,3.0,3.0,3.0,2.0,2.0,1.0,2.0,2.0,2.0,2.34,3.34,1.32,1.32,5.02,5.35,2.67,3.0,1.67,2.0,2.84,1.32,5.18,2.84,1.84
3093,1.0,1.0,1.0,1.0,1.0,1.0,3.0,2.0,3.0,3.0,4.0,2.0,1.0,2.0,2.0,2.0,1.0,2.0,2.0,2.0,3.0,2.0,1.0,2.0,1.0,1.0,1.0,2.0,1.0,1.0,1.0,1.0,3.33,2.33,1.32,1.99,2.0,2.0,1.0,1.33,1.0,2.83,1.66,2.0,1.16
3094,2.0,3.0,2.0,3.0,3.0,3.0,2.0,2.0,3.0,2.0,2.0,2.0,1.0,1.0,1.0,1.0,1.0,1.0,2.0,3.0,2.0,2.0,2.0,3.0,2.0,2.0,2.0,3.0,2.0,3.0,2.33,3.0,2.33,1.99,1.0,1.0,2.0,2.67,2.0,2.67,2.66,2.16,1.0,2.34,2.34
3095,4.0,6.0,4.0,4.0,4.0,5.0,6.0,6.0,7.0,6.0,6.0,6.0,3.0,3.0,2.0,3.0,3.0,4.0,3.0,5.0,4.0,4.0,2.0,4.0,4.0,5.0,5.0,6.0,5.0,7.0,4.0,5.0,6.34,6.01,2.67,3.34,3.0,4.33,4.67,6.0,4.5,6.18,3.0,3.66,5.34
3096,1.0,1.0,1.0,1.0,1.0,1.0,4.0,3.0,4.0,4.0,4.0,3.0,1.0,1.0,1.0,2.0,1.0,1.0,3.0,3.0,3.0,4.0,3.0,3.0,5.0,6.0,4.0,5.0,5.0,6.0,1.0,1.0,4.0,3.33,1.0,1.32,3.0,3.33,4.67,5.67,1.0,3.66,1.16,3.16,5.17
3097,7.0,7.0,7.0,7.0,7.0,7.0,6.0,5.0,6.0,6.0,6.0,6.0,5.0,5.0,5.0,5.0,4.0,4.0,3.0,3.0,3.0,4.0,4.0,4.0,6.0,6.0,5.0,7.0,5.0,6.0,7.0,7.0,6.01,5.68,4.67,4.67,3.33,3.67,5.33,6.33,7.0,5.84,4.67,3.5,5.83
3098,2.0,2.0,3.0,3.0,4.0,4.0,3.0,3.0,4.0,4.0,5.0,4.0,3.0,3.0,2.0,2.0,3.0,2.0,2.0,2.0,2.0,3.0,3.0,3.0,3.0,4.0,3.0,4.0,4.0,4.0,2.99,2.99,4.0,3.67,2.67,2.32,2.33,2.67,3.33,4.0,2.99,3.84,2.5,2.5,3.66
3099,1.0,1.0,1.0,1.0,1.0,1.0,3.0,3.0,3.0,3.0,4.0,4.0,3.0,2.0,2.0,2.0,2.0,2.0,3.0,3.0,2.0,3.0,2.0,3.0,1.0,1.0,1.0,2.0,1.0,1.0,1.0,1.0,3.33,3.33,2.32,1.99,2.33,3.0,1.0,1.33,1.0,3.33,2.15,2.66,1.16
3100,6.0,6.0,6.0,7.0,6.0,6.0,3.0,3.0,4.0,3.0,4.0,4.0,1.0,2.0,1.0,1.0,1.0,1.0,4.0,4.0,3.0,4.0,4.0,5.0,3.0,4.0,3.0,3.0,3.0,4.0,6.0,6.33,3.66,3.33,1.0,1.32,3.67,4.33,3.0,3.67,6.16,3.5,1.16,4.0,3.34
3101,3.0,4.0,3.0,4.0,4.0,4.0,4.0,3.0,5.0,4.0,4.0,4.0,4.0,5.0,5.0,6.0,5.0,5.0,6.0,7.0,6.0,6.0,6.0,7.0,2.0,2.0,1.0,2.0,2.0,3.0,3.33,4.0,4.34,3.67,4.7,5.35,6.0,6.67,1.67,2.33,3.66,4.0,5.03,6.34,2.0
3102,7.0,6.0,6.0,7.0,6.0,6.0,5.0,4.0,5.0,4.0,5.0,5.0,2.0,2.0,3.0,2.0,2.0,2.0,5.0,6.0,4.0,6.0,4.0,6.0,4.0,4.0,4.0,5.0,4.0,5.0,6.34,6.33,5.0,4.34,2.33,1.99,4.33,6.0,4.0,4.67,6.34,4.67,2.16,5.16,4.34
3103,3.0,4.0,4.0,4.0,4.0,5.0,3.0,3.0,3.0,3.0,3.0,3.0,5.0,5.0,4.0,4.0,4.0,6.0,4.0,5.0,4.0,4.0,4.0,4.0,4.0,5.0,3.0,4.0,3.0,4.0,3.66,4.33,3.0,3.0,4.34,5.02,4.0,4.33,3.33,4.33,4.0,3.0,4.68,4.16,3.83
3104,2.0,2.0,4.0,4.0,3.0,5.0,1.0,1.0,1.0,1.0,1.0,1.0,2.0,3.0,3.0,3.0,3.0,3.0,1.0,1.0,1.0,2.0,2.0,1.0,2.0,3.0,3.0,3.0,3.0,4.0,3.0,3.66,1.0,1.0,2.68,3.0,1.33,1.33,2.67,3.33,3.33,1.0,2.84,1.33,3.0
3105,3.0,5.0,4.0,6.0,4.0,5.0,4.0,3.0,4.0,4.0,5.0,4.0,4.0,4.0,4.0,4.0,2.0,3.0,3.0,4.0,3.0,5.0,3.0,4.0,5.0,6.0,4.0,6.0,5.0,6.0,3.66,5.33,4.33,3.67,3.31,3.66,3.0,4.33,4.67,6.0,4.5,4.0,3.49,3.66,5.34
3106,4.0,5.0,5.0,5.0,4.0,3.0,3.0,3.0,4.0,4.0,4.0,3.0,5.0,5.0,4.0,4.0,2.0,3.0,4.0,5.0,3.0,5.0,4.0,5.0,3.0,4.0,3.0,4.0,3.0,3.0,4.33,4.34,3.66,3.33,3.64,4.0,3.67,5.0,3.0,3.67,4.34,3.5,3.82,4.34,3.34
3107,6.0,6.0,7.0,6.0,6.0,7.0,6.0,5.0,6.0,6.0,6.0,5.0,2.0,3.0,2.0,1.0,1.0,1.0,5.0,5.0,5.0,6.0,5.0,6.0,5.0,5.0,4.0,6.0,5.0,6.0,6.34,6.33,6.01,5.34,1.65,1.65,5.0,5.67,4.67,5.67,6.34,5.68,1.65,5.34,5.17
3108,5.0,5.0,4.0,5.0,4.0,5.0,2.0,2.0,4.0,4.0,3.0,3.0,6.0,7.0,7.0,7.0,7.0,6.0,6.0,7.0,6.0,6.0,6.0,7.0,7.0,7.0,7.0,7.0,6.0,7.0,4.34,5.0,3.0,3.0,6.71,6.69,6.0,6.67,6.67,7.0,4.67,3.0,6.7,6.34,6.84
3109,2.0,3.0,3.0,4.0,3.0,3.0,5.0,5.0,5.0,4.0,5.0,5.0,3.0,4.0,2.0,2.0,2.0,3.0,4.0,4.0,3.0,4.0,4.0,3.0,6.0,7.0,5.0,6.0,6.0,7.0,2.66,3.33,5.0,4.67,2.32,3.0,3.67,3.67,5.67,6.67,3.0,4.84,2.66,3.67,6.17
3110,1.0,2.0,1.0,1.0,1.0,2.0,6.0,6.0,6.0,6.0,6.0,5.0,7.0,7.0,7.0,7.0,7.0,7.0,3.0,3.0,3.0,4.0,3.0,3.0,6.0,7.0,7.0,7.0,7.0,7.0,1.0,1.67,6.01,5.68,7.0,7.0,3.0,3.33,6.67,7.0,1.34,5.84,7.0,3.16,6.84
3111,4.0,5.0,5.0,5.0,4.0,5.0,7.0,7.0,7.0,7.0,7.0,7.0,7.0,7.0,7.0,7.0,7.0,7.0,6.0,7.0,6.0,6.0,7.0,6.0,4.0,6.0,5.0,6.0,5.0,6.0,4.33,5.0,7.0,7.0,7.0,7.0,6.33,6.33,4.67,6.0,4.66,7.0,7.0,6.33,5.34
3112,6.0,4.0,5.0,6.0,5.0,5.0,5.0,5.0,6.0,5.0,5.0,4.0,6.0,7.0,6.0,6.0,6.0,7.0,6.0,7.0,6.0,7.0,7.0,7.0,5.0,6.0,5.0,6.0,5.0,6.0,5.34,5.0,5.34,4.67,6.03,6.7,6.33,7.0,5.0,6.0,5.17,5.0,6.36,6.66,5.5
3113,4.0,5.0,4.0,5.0,4.0,4.0,3.0,2.0,3.0,4.0,3.0,2.0,4.0,3.0,4.0,3.0,3.0,3.0,1.0,2.0,2.0,2.0,2.0,2.0,3.0,3.0,4.0,4.0,3.0,4.0,4.0,4.67,3.0,2.66,3.66,3.0,1.67,2.0,3.33,3.67,4.34,2.83,3.33,1.84,3.5
3114,1.0,2.0,2.0,2.0,2.0,2.0,2.0,1.0,3.0,2.0,2.0,2.0,1.0,1.0,1.0,1.0,1.0,1.0,1.0,1.0,1.0,2.0,1.0,3.0,2.0,2.0,1.0,1.0,1.0,2.0,1.66,2.0,2.33,1.66,1.0,1.0,1.0,2.0,1.33,1.67,1.83,2.0,1.0,1.5,1.5
3115,4.0,4.0,3.0,5.0,2.0,3.0,6.0,4.0,6.0,6.0,5.0,5.0,6.0,6.0,6.0,6.0,4.0,5.0,2.0,3.0,2.0,3.0,2.0,3.0,4.0,5.0,5.0,5.0,4.0,6.0,3.01,4.0,5.68,5.01,5.33,5.68,2.0,3.0,4.33,5.33,3.5,5.34,5.5,2.5,4.83
3116,3.0,1.0,2.0,2.0,2.0,2.0,4.0,3.0,5.0,5.0,4.0,4.0,4.0,3.0,3.0,4.0,4.0,4.0,3.0,4.0,3.0,4.0,3.0,4.0,2.0,3.0,2.0,3.0,2.0,3.0,2.34,1.66,4.34,4.0,3.68,3.67,3.0,4.0,2.0,3.0,2.0,4.17,3.68,3.5,2.5
3117,4.0,4.0,4.0,4.0,3.0,3.0,3.0,2.0,3.0,3.0,3.0,2.0,3.0,4.0,4.0,3.0,2.0,3.0,4.0,5.0,4.0,4.0,4.0,4.0,5.0,6.0,6.0,7.0,4.0,6.0,3.67,3.67,3.0,2.33,2.99,3.33,4.0,4.33,5.0,6.33,3.67,2.66,3.16,4.16,5.66
3118,3.0,4.0,3.0,4.0,4.0,5.0,3.0,2.0,4.0,3.0,3.0,3.0,1.0,1.0,1.0,1.0,1.0,1.0,6.0,7.0,6.0,7.0,6.0,6.0,6.0,6.0,6.0,6.0,5.0,6.0,3.33,4.33,3.33,2.66,1.0,1.0,6.0,6.67,5.67,6.0,3.83,3.0,1.0,6.34,5.84
3119,5.0,2.0,3.0,5.0,3.0,3.0,6.0,6.0,7.0,6.0,6.0,6.0,6.0,6.0,5.0,5.0,5.0,6.0,6.0,6.0,5.0,6.0,6.0,7.0,6.0,7.0,6.0,7.0,6.0,6.0,3.68,3.33,6.34,6.01,5.35,5.69,5.67,6.33,6.0,6.67,3.5,6.18,5.52,6.0,6.34
3120,3.0,4.0,3.0,3.0,5.0,5.0,4.0,5.0,5.0,5.0,6.0,6.0,3.0,4.0,3.0,4.0,2.0,3.0,3.0,4.0,3.0,4.0,4.0,5.0,3.0,3.0,3.0,4.0,3.0,3.0,3.66,4.0,5.0,5.34,2.65,3.66,3.33,4.33,3.0,3.33,3.83,5.17,3.16,3.83,3.16
3121,1.0,1.0,1.0,1.0,1.0,1.0,3.0,2.0,4.0,3.0,3.0,2.0,5.0,5.0,4.0,5.0,5.0,6.0,6.0,6.0,6.0,6.0,6.0,7.0,7.0,7.0,7.0,7.0,6.0,7.0,1.0,1.0,3.33,2.33,4.69,5.36,6.0,6.33,6.67,7.0,1.0,2.83,5.03,6.16,6.84
3122,1.0,1.0,1.0,2.0,1.0,2.0,4.0,4.0,4.0,4.0,4.0,4.0,1.0,2.0,1.0,1.0,1.0,1.0,5.0,5.0,5.0,6.0,5.0,5.0,2.0,3.0,3.0,4.0,3.0,4.0,1.0,1.66,4.0,4.0,1.0,1.32,5.0,5.33,2.67,3.67,1.33,4.0,1.16,5.16,3.17
3123,3.0,5.0,4.0,4.0,4.0,4.0,7.0,6.0,6.0,6.0,7.0,6.0,1.0,2.0,1.0,2.0,1.0,1.0,3.0,3.0,3.0,4.0,3.0,3.0,4.0,5.0,3.0,4.0,3.0,4.0,3.66,4.34,6.68,6.01,1.0,1.65,3.0,3.33,3.33,4.33,4.0,6.34,1.32,3.16,3.83
3124,7.0,7.0,7.0,7.0,7.0,7.0,7.0,7.0,7.0,7.0,7.0,7.0,6.0,6.0,6.0,6.0,5.0,6.0,7.0,7.0,7.0,7.0,7.0,7.0,7.0,6.0,7.0,7.0,7.0,7.0,7.0,7.0,7.0,7.0,5.68,6.02,7.0,7.0,7.0,6.67,7.0,7.0,5.85,7.0,6.84
3125,3.0,3.0,2.0,3.0,1.0,3.0,4.0,4.0,5.0,5.0,5.0,4.0,1.0,2.0,1.0,1.0,1.0,1.0,4.0,5.0,3.0,4.0,4.0,5.0,4.0,5.0,4.0,6.0,5.0,5.0,2.01,3.0,4.67,4.34,1.0,1.32,3.67,4.67,4.33,5.33,2.5,4.5,1.16,4.17,4.83
3126,2.0,3.0,2.0,2.0,2.0,2.0,4.0,3.0,4.0,4.0,4.0,4.0,6.0,7.0,6.0,7.0,6.0,6.0,6.0,6.0,6.0,7.0,6.0,7.0,4.0,5.0,4.0,5.0,4.0,5.0,2.0,2.34,4.0,3.67,6.03,6.69,6.0,6.67,4.0,5.0,2.17,3.84,6.36,6.34,4.5
3127,5.0,4.0,3.0,5.0,4.0,3.0,4.0,6.0,7.0,7.0,7.0,7.0,2.0,3.0,3.0,3.0,2.0,3.0,4.0,5.0,5.0,5.0,5.0,5.0,3.0,4.0,4.0,5.0,4.0,5.0,4.0,4.0,6.01,6.68,2.33,3.0,4.67,5.0,3.67,4.67,4.0,6.34,2.66,4.84,4.17
3128,2.0,2.0,2.0,3.0,1.0,2.0,2.0,1.0,3.0,3.0,2.0,2.0,1.0,1.0,1.0,1.0,1.0,1.0,4.0,4.0,4.0,4.0,3.0,5.0,3.0,4.0,3.0,3.0,3.0,3.0,1.67,2.33,2.33,1.99,1.0,1.0,3.67,4.33,3.0,3.33,2.0,2.16,1.0,4.0,3.16
3129,6.0,6.0,6.0,6.0,6.0,7.0,4.0,3.0,4.0,4.0,4.0,4.0,3.0,3.0,2.0,4.0,3.0,3.0,3.0,4.0,4.0,4.0,4.0,4.0,5.0,6.0,6.0,6.0,5.0,6.0,6.0,6.33,4.0,3.67,2.67,3.33,3.67,4.0,5.33,6.0,6.16,3.84,3.0,3.84,5.66
3130,3.0,3.0,2.0,3.0,2.0,3.0,1.0,1.0,1.0,1.0,1.0,1.0,4.0,3.0,4.0,5.0,3.0,4.0,4.0,4.0,4.0,4.0,3.0,5.0,2.0,3.0,2.0,3.0,2.0,4.0,2.34,3.0,1.0,1.0,3.66,4.01,3.67,4.33,2.0,3.33,2.67,1.0,3.84,4.0,2.66
3131,4.0,4.0,4.0,3.0,5.0,5.0,5.0,5.0,7.0,6.0,6.0,6.0,4.0,4.0,4.0,5.0,3.0,4.0,6.0,6.0,6.0,6.0,6.0,6.0,7.0,7.0,7.0,7.0,6.0,6.0,4.33,4.0,6.01,5.68,3.66,4.34,6.0,6.0,6.67,6.67,4.16,5.84,4.0,6.0,6.67
3132,1.0,1.0,1.0,1.0,1.0,1.0,3.0,3.0,5.0,4.0,4.0,4.0,2.0,3.0,2.0,2.0,2.0,2.0,4.0,5.0,4.0,5.0,4.0,5.0,3.0,4.0,4.0,4.0,3.0,4.0,1.0,1.0,4.0,3.67,2.0,2.32,4.0,5.0,3.33,4.0,1.0,3.84,2.16,4.5,3.66
3133,1.0,1.0,1.0,1.0,1.0,1.0,1.0,1.0,2.0,2.0,1.0,1.0,3.0,3.0,2.0,3.0,2.0,3.0,2.0,3.0,2.0,3.0,2.0,3.0,1.0,2.0,1.0,1.0,1.0,1.0,1.0,1.0,1.32,1.32,2.32,3.0,2.0,3.0,1.0,1.33,1.0,1.32,2.66,2.5,1.16
3134,5.0,6.0,5.0,6.0,6.0,6.0,6.0,5.0,7.0,7.0,7.0,7.0,2.0,4.0,2.0,3.0,2.0,3.0,5.0,6.0,5.0,6.0,5.0,5.0,3.0,4.0,4.0,4.0,3.0,4.0,5.33,6.0,6.68,6.35,2.0,3.33,5.0,5.67,3.33,4.0,5.66,6.52,2.66,5.34,3.66
3135,1.0,1.0,1.0,1.0,1.0,1.0,1.0,1.0,2.0,2.0,1.0,1.0,1.0,2.0,1.0,2.0,1.0,2.0,2.0,4.0,2.0,3.0,3.0,3.0,4.0,5.0,4.0,5.0,4.0,5.0,1.0,1.0,1.32,1.32,1.0,1.99,2.33,3.33,4.0,5.0,1.0,1.32,1.5,2.83,4.5
3136,3.0,3.0,3.0,4.0,4.0,5.0,4.0,4.0,3.0,4.0,4.0,3.0,2.0,2.0,1.0,2.0,1.0,2.0,4.0,5.0,3.0,5.0,3.0,4.0,5.0,4.0,6.0,5.0,4.0,5.0,3.33,3.99,3.67,3.67,1.31,1.99,3.33,4.67,5.0,4.67,3.66,3.67,1.65,4.0,4.84
3137,5.0,4.0,5.0,6.0,5.0,5.0,4.0,3.0,5.0,4.0,4.0,3.0,4.0,4.0,4.0,3.0,3.0,4.0,2.0,4.0,3.0,3.0,3.0,4.0,3.0,4.0,3.0,4.0,4.0,6.0,5.0,5.0,4.34,3.33,3.66,3.67,2.67,3.67,3.33,4.67,5.0,3.84,3.66,3.17,4.0
3138,1.0,2.0,1.0,1.0,1.0,1.0,4.0,4.0,4.0,4.0,5.0,5.0,4.0,3.0,3.0,4.0,3.0,4.0,5.0,6.0,5.0,5.0,3.0,4.0,6.0,7.0,7.0,7.0,6.0,7.0,1.0,1.34,4.33,4.34,3.33,3.67,4.33,5.0,6.33,7.0,1.17,4.34,3.5,4.66,6.66
3139,6.0,7.0,7.0,7.0,6.0,7.0,3.0,3.0,2.0,3.0,3.0,3.0,1.0,2.0,2.0,2.0,1.0,2.0,1.0,2.0,1.0,2.0,2.0,2.0,5.0,5.0,5.0,7.0,5.0,6.0,6.34,7.0,2.66,3.0,1.32,1.99,1.33,2.0,5.0,6.0,6.67,2.83,1.66,1.66,5.5
3140,2.0,2.0,2.0,2.0,1.0,1.0,4.0,3.0,4.0,4.0,5.0,4.0,5.0,5.0,6.0,6.0,6.0,6.0,4.0,4.0,3.0,3.0,3.0,4.0,4.0,5.0,3.0,5.0,3.0,4.0,1.67,1.67,4.33,3.67,5.7,5.69,3.33,3.67,3.33,4.67,1.67,4.0,5.7,3.5,4.0
3141,2.0,3.0,2.0,3.0,2.0,2.0,5.0,5.0,5.0,4.0,4.0,5.0,7.0,7.0,7.0,7.0,7.0,7.0,7.0,7.0,6.0,7.0,7.0,7.0,1.0,1.0,1.0,2.0,1.0,1.0,2.0,2.67,4.67,4.67,7.0,7.0,6.67,7.0,1.0,1.33,2.34,4.67,7.0,6.84,1.16
3142,3.0,4.0,4.0,5.0,3.0,5.0,5.0,4.0,5.0,5.0,6.0,5.0,2.0,3.0,4.0,3.0,3.0,3.0,3.0,3.0,3.0,4.0,3.0,3.0,2.0,2.0,2.0,2.0,1.0,3.0,3.33,4.66,5.34,4.67,3.01,3.0,3.0,3.33,1.67,2.33,4.0,5.0,3.0,3.16,2.0
3143,7.0,7.0,7.0,7.0,7.0,7.0,3.0,2.0,3.0,2.0,2.0,3.0,2.0,3.0,2.0,3.0,1.0,3.0,6.0,7.0,6.0,6.0,6.0,7.0,4.0,4.0,4.0,3.0,5.0,4.0,7.0,7.0,2.66,2.33,1.65,3.0,6.0,6.67,4.33,3.67,7.0,2.5,2.33,6.34,4.0
3144,2.0,3.0,2.0,2.0,2.0,3.0,4.0,3.0,4.0,4.0,4.0,3.0,6.0,5.0,5.0,6.0,5.0,5.0,5.0,6.0,6.0,7.0,6.0,6.0,3.0,4.0,3.0,4.0,3.0,4.0,2.0,2.67,4.0,3.33,5.35,5.35,5.67,6.33,3.0,4.0,2.34,3.66,5.35,6.0,3.5
3145,2.0,2.0,1.0,1.0,1.0,1.0,1.0,1.0,2.0,1.0,1.0,1.0,1.0,2.0,2.0,1.0,1.0,1.0,5.0,6.0,6.0,6.0,5.0,6.0,7.0,7.0,7.0,7.0,7.0,7.0,1.34,1.34,1.32,1.0,1.32,1.32,5.33,6.0,7.0,7.0,1.34,1.16,1.32,5.66,7.0
3146,6.0,7.0,7.0,7.0,6.0,7.0,4.0,5.0,5.0,4.0,5.0,4.0,4.0,5.0,5.0,5.0,3.0,5.0,4.0,5.0,4.0,5.0,3.0,5.0,4.0,5.0,5.0,6.0,5.0,6.0,6.34,7.0,4.67,4.34,4.0,5.01,3.67,5.0,4.67,5.67,6.67,4.5,4.5,4.34,5.17
3147,1.0,3.0,2.0,3.0,2.0,3.0,4.0,4.0,4.0,4.0,5.0,5.0,2.0,3.0,3.0,4.0,3.0,2.0,3.0,4.0,3.0,3.0,2.0,3.0,6.0,7.0,5.0,6.0,6.0,6.0,1.66,3.0,4.33,4.34,2.68,2.99,2.67,3.33,5.67,6.33,2.33,4.34,2.84,3.0,6.0
3148,1.0,1.0,1.0,3.0,1.0,1.0,2.0,1.0,2.0,2.0,2.0,1.0,3.0,4.0,4.0,4.0,4.0,4.0,1.0,2.0,1.0,2.0,1.0,2.0,1.0,1.0,1.0,2.0,1.0,2.0,1.0,1.67,1.99,1.32,3.69,4.01,1.0,2.0,1.0,1.67,1.34,1.66,3.85,1.5,1.34
3149,1.0,1.0,1.0,1.0,1.0,1.0,3.0,3.0,3.0,3.0,3.0,2.0,2.0,3.0,3.0,2.0,2.0,3.0,2.0,3.0,2.0,3.0,2.0,4.0,1.0,2.0,1.0,2.0,1.0,2.0,1.0,1.0,3.0,2.66,2.33,2.67,2.0,3.33,1.0,2.0,1.0,2.83,2.5,2.66,1.5
3150,3.0,3.0,2.0,2.0,3.0,3.0,5.0,4.0,4.0,4.0,5.0,4.0,5.0,6.0,5.0,6.0,4.0,4.0,5.0,6.0,4.0,5.0,5.0,6.0,5.0,6.0,5.0,6.0,6.0,6.0,2.67,2.67,4.67,4.0,4.67,5.34,4.67,5.67,5.33,6.0,2.67,4.34,5.0,5.17,5.66
3151,6.0,5.0,5.0,5.0,4.0,6.0,1.0,1.0,2.0,1.0,2.0,1.0,4.0,4.0,3.0,3.0,3.0,4.0,4.0,5.0,4.0,4.0,4.0,5.0,7.0,7.0,7.0,7.0,7.0,7.0,5.01,5.33,1.66,1.0,3.33,3.67,4.0,4.67,7.0,7.0,5.17,1.33,3.5,4.34,7.0
3152,5.0,5.0,4.0,5.0,3.0,5.0,6.0,5.0,6.0,5.0,6.0,6.0,3.0,3.0,3.0,4.0,3.0,3.0,3.0,4.0,3.0,4.0,4.0,4.0,6.0,7.0,6.0,7.0,6.0,7.0,4.01,5.0,6.01,5.34,3.0,3.33,3.33,4.0,6.0,7.0,4.5,5.68,3.16,3.66,6.5
3153,3.0,4.0,3.0,4.0,4.0,5.0,1.0,1.0,2.0,1.0,1.0,1.0,1.0,2.0,1.0,1.0,1.0,1.0,2.0,3.0,2.0,3.0,3.0,3.0,4.0,5.0,3.0,4.0,3.0,5.0,3.33,4.33,1.32,1.0,1.0,1.32,2.33,3.0,3.33,4.67,3.83,1.16,1.16,2.66,4.0
3154,4.0,5.0,5.0,4.0,5.0,5.0,3.0,3.0,4.0,3.0,2.0,2.0,1.0,2.0,3.0,2.0,1.0,1.0,2.0,3.0,2.0,2.0,3.0,4.0,4.0,5.0,5.0,6.0,3.0,5.0,4.66,4.67,3.0,2.66,1.65,1.65,2.33,3.0,4.0,5.33,4.66,2.83,1.65,2.66,4.66
3155,5.0,6.0,4.0,5.0,5.0,5.0,3.0,2.0,4.0,3.0,4.0,3.0,4.0,5.0,3.0,4.0,3.0,3.0,4.0,5.0,4.0,5.0,5.0,5.0,4.0,5.0,5.0,5.0,4.0,4.0,4.67,5.34,3.66,2.66,3.33,4.0,4.33,5.0,4.33,4.67,5.0,3.16,3.66,4.66,4.5
3156,3.0,3.0,6.0,5.0,4.0,4.0,2.0,1.0,2.0,1.0,1.0,2.0,3.0,4.0,4.0,3.0,4.0,3.0,4.0,5.0,5.0,5.0,5.0,5.0,4.0,5.0,4.0,5.0,4.0,5.0,4.33,4.0,1.66,1.32,3.69,3.33,4.67,5.0,4.0,5.0,4.16,1.49,3.51,4.84,4.5
3157,1.0,1.0,1.0,2.0,1.0,1.0,6.0,6.0,6.0,5.0,6.0,6.0,3.0,3.0,3.0,4.0,3.0,3.0,4.0,7.0,7.0,7.0,7.0,7.0,5.0,6.0,3.0,5.0,5.0,5.0,1.0,1.33,6.01,5.68,3.0,3.33,6.0,7.0,4.33,5.33,1.16,5.84,3.16,6.5,4.83
3158,1.0,1.0,1.0,1.0,1.0,1.0,2.0,1.0,3.0,3.0,3.0,3.0,2.0,2.0,2.0,3.0,2.0,3.0,3.0,5.0,4.0,5.0,3.0,4.0,2.0,2.0,1.0,2.0,1.0,3.0,1.0,1.0,2.66,2.33,2.0,2.67,3.33,4.67,1.33,2.33,1.0,2.5,2.34,4.0,1.83
3159,2.0,3.0,2.0,2.0,2.0,2.0,4.0,4.0,5.0,5.0,6.0,5.0,4.0,5.0,3.0,4.0,3.0,4.0,4.0,6.0,4.0,6.0,5.0,6.0,4.0,5.0,4.0,5.0,4.0,5.0,2.0,2.34,5.0,4.67,3.33,4.34,4.33,6.0,4.0,5.0,2.17,4.84,3.84,5.16,4.5
3160,3.0,4.0,3.0,4.0,4.0,5.0,5.0,4.0,5.0,5.0,5.0,5.0,4.0,5.0,3.0,4.0,3.0,4.0,6.0,6.0,5.0,7.0,6.0,7.0,3.0,3.0,3.0,3.0,3.0,3.0,3.33,4.33,5.0,4.67,3.33,4.34,5.67,6.67,3.0,3.0,3.83,4.84,3.84,6.17,3.0
3161,2.0,2.0,1.0,2.0,2.0,2.0,5.0,4.0,5.0,5.0,5.0,5.0,4.0,6.0,5.0,5.0,3.0,4.0,4.0,6.0,5.0,6.0,5.0,6.0,5.0,7.0,6.0,7.0,6.0,7.0,1.67,2.0,5.0,4.67,4.0,5.0,4.67,6.0,5.67,7.0,1.84,4.84,4.5,5.34,6.34
3162,4.0,5.0,5.0,6.0,5.0,5.0,3.0,4.0,4.0,3.0,4.0,3.0,5.0,5.0,4.0,4.0,4.0,5.0,3.0,3.0,2.0,3.0,2.0,4.0,6.0,7.0,6.0,7.0,6.0,7.0,4.66,5.33,3.66,3.33,4.34,4.68,2.33,3.33,6.0,7.0,5.0,3.5,4.51,2.83,6.5
3163,1.0,1.0,1.0,2.0,1.0,2.0,3.0,2.0,3.0,3.0,2.0,2.0,2.0,2.0,2.0,2.0,1.0,1.0,3.0,3.0,3.0,4.0,2.0,3.0,1.0,2.0,2.0,2.0,1.0,2.0,1.0,1.66,2.66,2.33,1.65,1.65,2.67,3.33,1.33,2.0,1.33,2.5,1.65,3.0,1.66
3164,2.0,2.0,2.0,2.0,2.0,2.0,7.0,7.0,7.0,7.0,7.0,7.0,3.0,4.0,4.0,4.0,3.0,4.0,5.0,6.0,6.0,6.0,6.0,5.0,6.0,6.0,6.0,6.0,6.0,7.0,2.0,2.0,7.0,7.0,3.34,4.01,5.67,5.67,6.0,6.33,2.0,7.0,3.68,5.67,6.16
3165,3.0,3.0,4.0,4.0,2.0,3.0,4.0,4.0,5.0,5.0,5.0,5.0,4.0,4.0,3.0,4.0,3.0,3.0,4.0,4.0,4.0,5.0,3.0,4.0,2.0,2.0,2.0,3.0,2.0,3.0,3.01,3.33,4.67,4.67,3.33,3.66,3.67,4.33,2.0,2.67,3.17,4.67,3.5,4.0,2.34
3166,1.0,1.0,1.0,1.0,1.0,1.0,2.0,2.0,3.0,3.0,3.0,3.0,3.0,3.0,2.0,2.0,1.0,2.0,4.0,3.0,4.0,4.0,4.0,4.0,2.0,3.0,3.0,3.0,2.0,4.0,1.0,1.0,2.66,2.66,1.97,2.32,4.0,3.67,2.33,3.33,1.0,2.66,2.14,3.84,2.83
3167,1.0,1.0,1.0,1.0,1.0,1.0,2.0,1.0,3.0,2.0,2.0,2.0,1.0,1.0,1.0,1.0,1.0,1.0,3.0,5.0,4.0,4.0,3.0,3.0,3.0,4.0,3.0,4.0,3.0,4.0,1.0,1.0,2.33,1.66,1.0,1.0,3.33,4.0,3.0,4.0,1.0,2.0,1.0,3.66,3.5
3168,1.0,2.0,2.0,2.0,2.0,3.0,7.0,7.0,7.0,6.0,7.0,7.0,3.0,4.0,3.0,4.0,2.0,3.0,7.0,6.0,6.0,4.0,6.0,7.0,5.0,4.0,5.0,6.0,5.0,5.0,1.66,2.33,7.0,6.68,2.65,3.66,6.33,5.67,5.0,5.0,2.0,6.84,3.16,6.0,5.0
3169,3.0,3.0,3.0,5.0,3.0,4.0,6.0,6.0,7.0,7.0,6.0,6.0,6.0,6.0,7.0,7.0,6.0,7.0,3.0,4.0,3.0,4.0,4.0,5.0,3.0,2.0,2.0,2.0,2.0,3.0,3.0,4.0,6.34,6.35,6.36,6.7,3.33,4.33,2.33,2.33,3.5,6.34,6.53,3.83,2.33
3170,1.0,1.0,1.0,1.0,1.0,1.0,1.0,1.0,1.0,1.0,1.0,1.0,4.0,3.0,3.0,4.0,2.0,3.0,1.0,1.0,1.0,1.0,1.0,2.0,2.0,3.0,2.0,4.0,2.0,3.0,1.0,1.0,1.0,1.0,2.98,3.33,1.0,1.33,2.0,3.33,1.0,1.0,3.16,1.16,2.66
3171,1.0,2.0,1.0,2.0,1.0,1.0,2.0,1.0,2.0,2.0,2.0,2.0,1.0,2.0,2.0,1.0,1.0,2.0,3.0,3.0,3.0,3.0,2.0,3.0,3.0,4.0,4.0,5.0,4.0,4.0,1.0,1.67,1.99,1.66,1.32,1.66,2.67,3.0,3.67,4.33,1.34,1.82,1.49,2.84,4.0
3172,2.0,2.0,1.0,2.0,2.0,3.0,3.0,3.0,3.0,2.0,2.0,3.0,4.0,4.0,3.0,4.0,4.0,3.0,2.0,3.0,3.0,2.0,1.0,2.0,4.0,4.0,5.0,6.0,4.0,5.0,1.67,2.33,2.66,2.66,3.68,3.66,2.0,2.33,4.33,5.0,2.0,2.66,3.67,2.16,4.66
3173,4.0,4.0,2.0,4.0,3.0,5.0,4.0,4.0,5.0,5.0,4.0,4.0,4.0,5.0,4.0,5.0,4.0,4.0,4.0,5.0,4.0,4.0,3.0,3.0,3.0,5.0,3.0,5.0,4.0,4.0,3.0,4.33,4.34,4.34,4.01,4.67,3.67,4.0,3.33,4.67,3.66,4.34,4.34,3.84,4.0
3174,4.0,4.0,3.0,4.0,4.0,5.0,2.0,2.0,1.0,1.0,2.0,2.0,4.0,4.0,3.0,4.0,3.0,3.0,7.0,7.0,7.0,7.0,7.0,7.0,4.0,5.0,3.0,4.0,4.0,5.0,3.67,4.33,1.66,1.66,3.33,3.66,7.0,7.0,3.67,4.67,4.0,1.66,3.5,7.0,4.17
3175,5.0,5.0,6.0,6.0,4.0,6.0,7.0,7.0,7.0,7.0,7.0,7.0,4.0,5.0,3.0,4.0,3.0,5.0,4.0,5.0,4.0,5.0,5.0,4.0,3.0,5.0,3.0,3.0,3.0,4.0,5.01,5.66,7.0,7.0,3.33,4.68,4.33,4.67,3.0,4.0,5.34,7.0,4.0,4.5,3.5
3176,3.0,4.0,5.0,4.0,3.0,4.0,2.0,2.0,2.0,1.0,2.0,2.0,4.0,4.0,4.0,4.0,3.0,4.0,2.0,2.0,1.0,1.0,1.0,1.0,4.0,4.0,4.0,5.0,4.0,4.0,3.67,4.0,1.99,1.66,3.66,4.01,1.33,1.33,4.0,4.33,3.84,1.82,3.84,1.33,4.16
3177,1.0,1.0,1.0,1.0,1.0,1.0,2.0,2.0,2.0,2.0,1.0,1.0,4.0,3.0,4.0,4.0,2.0,3.0,3.0,3.0,4.0,4.0,3.0,3.0,4.0,5.0,4.0,5.0,4.0,6.0,1.0,1.0,1.66,1.66,3.31,3.33,3.33,3.33,4.0,5.33,1.0,1.66,3.32,3.33,4.66
3178,2.0,2.0,3.0,2.0,2.0,4.0,3.0,3.0,4.0,3.0,3.0,3.0,5.0,6.0,6.0,5.0,5.0,5.0,6.0,6.0,6.0,6.0,6.0,6.0,4.0,4.0,4.0,5.0,3.0,4.0,2.33,2.66,3.33,3.0,5.35,5.35,6.0,6.0,3.67,4.33,2.5,3.16,5.35,6.0,4.0
3179,1.0,1.0,1.0,1.0,1.0,1.0,4.0,2.0,3.0,3.0,3.0,2.0,1.0,1.0,1.0,1.0,1.0,1.0,4.0,4.0,4.0,5.0,4.0,4.0,4.0,5.0,4.0,4.0,4.0,5.0,1.0,1.0,3.33,2.33,1.0,1.0,4.0,4.33,4.0,4.67,1.0,2.83,1.0,4.16,4.34
3180,2.0,4.0,3.0,3.0,3.0,3.0,5.0,4.0,5.0,5.0,5.0,5.0,5.0,6.0,5.0,5.0,4.0,5.0,4.0,4.0,4.0,5.0,4.0,4.0,3.0,4.0,3.0,4.0,4.0,4.0,2.66,3.34,5.0,4.67,4.67,5.35,4.0,4.33,3.33,4.0,3.0,4.84,5.01,4.16,3.66
3181,2.0,3.0,4.0,4.0,3.0,4.0,3.0,2.0,4.0,3.0,3.0,2.0,3.0,3.0,3.0,4.0,2.0,2.0,1.0,2.0,1.0,1.0,2.0,1.0,3.0,4.0,2.0,3.0,2.0,3.0,3.0,3.66,3.33,2.33,2.65,2.99,1.33,1.33,2.33,3.33,3.33,2.83,2.82,1.33,2.83
3182,7.0,7.0,6.0,7.0,6.0,7.0,2.0,3.0,4.0,3.0,3.0,3.0,4.0,3.0,4.0,4.0,3.0,4.0,2.0,3.0,3.0,3.0,3.0,3.0,3.0,4.0,3.0,4.0,3.0,4.0,6.34,7.0,3.0,3.0,3.66,3.67,2.67,3.0,3.0,4.0,6.67,3.0,3.66,2.84,3.5
3183,3.0,5.0,3.0,4.0,3.0,4.0,4.0,5.0,5.0,4.0,5.0,4.0,4.0,4.0,3.0,4.0,4.0,4.0,3.0,4.0,3.0,3.0,3.0,3.0,5.0,6.0,5.0,5.0,5.0,6.0,3.0,4.34,4.67,4.34,3.68,4.01,3.0,3.33,5.0,5.67,3.67,4.5,3.84,3.16,5.34
3184,3.0,5.0,3.0,2.0,3.0,3.0,1.0,1.0,1.0,1.0,1.0,1.0,2.0,2.0,1.0,4.0,1.0,1.0,3.0,3.0,3.0,4.0,3.0,4.0,2.0,2.0,1.0,2.0,1.0,2.0,3.0,3.34,1.0,1.0,1.31,2.31,3.0,3.67,1.33,2.0,3.17,1.0,1.81,3.34,1.66
3185,3.0,3.0,3.0,3.0,1.0,2.0,6.0,6.0,7.0,7.0,6.0,6.0,2.0,3.0,2.0,2.0,2.0,2.0,4.0,4.0,5.0,5.0,4.0,4.0,1.0,2.0,1.0,2.0,1.0,1.0,2.34,2.67,6.34,6.35,2.0,2.32,4.33,4.33,1.0,1.67,2.5,6.34,2.16,4.33,1.34
3186,2.0,2.0,1.0,2.0,2.0,2.0,2.0,1.0,2.0,3.0,3.0,2.0,2.0,3.0,3.0,3.0,3.0,2.0,6.0,6.0,5.0,6.0,6.0,7.0,3.0,4.0,2.0,5.0,3.0,5.0,1.67,2.0,2.32,1.99,2.68,2.66,5.67,6.33,2.67,4.67,1.84,2.15,2.67,6.0,3.67
3187,5.0,6.0,4.0,5.0,5.0,5.0,3.0,3.0,3.0,2.0,3.0,3.0,3.0,4.0,3.0,4.0,3.0,3.0,3.0,4.0,4.0,4.0,3.0,4.0,3.0,5.0,3.0,3.0,3.0,3.0,4.67,5.34,3.0,2.66,3.0,3.66,3.33,4.0,3.0,3.67,5.0,2.83,3.33,3.66,3.34
3188,3.0,2.0,2.0,3.0,3.0,3.0,2.0,1.0,2.0,2.0,2.0,2.0,2.0,3.0,3.0,4.0,2.0,3.0,1.0,1.0,1.0,1.0,1.0,1.0,7.0,7.0,7.0,7.0,7.0,7.0,2.67,2.66,1.99,1.66,2.33,3.33,1.0,1.0,7.0,7.0,2.66,1.82,2.83,1.0,7.0
3189,1.0,1.0,1.0,1.0,1.0,2.0,3.0,3.0,4.0,4.0,4.0,3.0,3.0,4.0,3.0,3.0,3.0,3.0,4.0,4.0,5.0,6.0,5.0,6.0,6.0,5.0,5.0,6.0,5.0,5.0,1.0,1.33,3.66,3.33,3.0,3.33,4.67,5.33,5.33,5.33,1.16,3.5,3.16,5.0,5.33
3190,1.0,1.0,1.0,1.0,1.0,2.0,5.0,4.0,5.0,5.0,4.0,5.0,4.0,3.0,3.0,3.0,2.0,2.0,5.0,5.0,4.0,5.0,5.0,5.0,4.0,5.0,3.0,4.0,4.0,6.0,1.0,1.33,4.67,4.67,2.98,2.66,4.67,5.0,3.67,5.0,1.16,4.67,2.82,4.84,4.34
3191,2.0,3.0,1.0,2.0,2.0,3.0,2.0,2.0,3.0,3.0,3.0,2.0,1.0,1.0,1.0,1.0,1.0,1.0,3.0,3.0,2.0,3.0,3.0,3.0,4.0,5.0,3.0,5.0,4.0,4.0,1.67,2.67,2.66,2.33,1.0,1.0,2.67,3.0,3.67,4.67,2.17,2.5,1.0,2.84,4.17
3192,1.0,1.0,1.0,1.0,1.0,1.0,4.0,4.0,5.0,4.0,4.0,4.0,3.0,3.0,4.0,4.0,2.0,2.0,4.0,5.0,4.0,4.0,4.0,5.0,2.0,4.0,3.0,4.0,2.0,4.0,1.0,1.0,4.34,4.0,2.99,2.99,4.0,4.67,2.33,4.0,1.0,4.17,2.99,4.34,3.16
3193,4.0,5.0,5.0,5.0,3.0,4.0,2.0,2.0,3.0,2.0,1.0,2.0,1.0,2.0,1.0,2.0,1.0,1.0,2.0,3.0,3.0,4.0,2.0,3.0,2.0,4.0,2.0,3.0,2.0,3.0,4.01,4.67,1.99,1.99,1.0,1.65,2.33,3.33,2.0,3.33,4.34,1.99,1.32,2.83,2.66
3194,2.0,2.0,1.0,2.0,2.0,2.0,4.0,4.0,5.0,4.0,4.0,4.0,5.0,6.0,5.0,5.0,5.0,5.0,7.0,7.0,7.0,7.0,7.0,7.0,3.0,3.0,2.0,3.0,2.0,3.0,1.67,2.0,4.34,4.0,5.02,5.35,7.0,7.0,2.33,3.0,1.84,4.17,5.18,7.0,2.66
3195,2.0,3.0,3.0,3.0,3.0,3.0,3.0,3.0,4.0,3.0,4.0,3.0,3.0,3.0,2.0,3.0,2.0,3.0,2.0,2.0,3.0,2.0,1.0,3.0,2.0,3.0,3.0,3.0,2.0,4.0,2.66,3.0,3.66,3.0,2.32,3.0,2.0,2.33,2.33,3.33,2.83,3.33,2.66,2.16,2.83
3196,3.0,3.0,3.0,3.0,4.0,5.0,2.0,3.0,3.0,3.0,3.0,2.0,3.0,4.0,4.0,4.0,3.0,4.0,5.0,6.0,4.0,5.0,5.0,5.0,1.0,1.0,2.0,2.0,1.0,2.0,3.33,3.66,2.66,2.66,3.34,4.01,4.67,5.33,1.33,1.67,3.5,2.66,3.68,5.0,1.5
3197,1.0,2.0,1.0,1.0,1.0,2.0,7.0,6.0,7.0,7.0,7.0,7.0,2.0,3.0,2.0,3.0,2.0,2.0,1.0,2.0,2.0,3.0,2.0,3.0,7.0,7.0,6.0,7.0,6.0,7.0,1.0,1.67,7.0,6.68,2.0,2.66,1.67,2.67,6.33,7.0,1.34,6.84,2.33,2.17,6.66
3198,3.0,5.0,3.0,3.0,3.0,4.0,4.0,4.0,4.0,4.0,5.0,4.0,3.0,3.0,2.0,2.0,2.0,2.0,2.0,3.0,3.0,3.0,2.0,3.0,2.0,3.0,3.0,3.0,3.0,3.0,3.0,4.0,4.33,4.0,2.32,2.32,2.33,3.0,2.67,3.0,3.5,4.16,2.32,2.66,2.84
3199,2.0,2.0,2.0,2.0,2.0,3.0,3.0,4.0,4.0,4.0,5.0,4.0,5.0,4.0,4.0,5.0,4.0,4.0,3.0,3.0,3.0,3.0,3.0,4.0,2.0,3.0,2.0,3.0,3.0,4.0,2.0,2.33,4.0,4.0,4.34,4.34,3.0,3.33,2.33,3.33,2.16,4.0,4.34,3.16,2.83
3200,1.0,2.0,1.0,2.0,2.0,2.0,1.0,2.0,2.0,2.0,1.0,2.0,2.0,3.0,2.0,2.0,1.0,2.0,7.0,7.0,6.0,7.0,7.0,6.0,6.0,5.0,4.0,6.0,4.0,6.0,1.33,2.0,1.32,1.99,1.65,2.32,6.67,6.67,4.67,5.67,1.66,1.66,1.98,6.67,5.17
3201,1.0,1.0,3.0,1.0,1.0,1.0,5.0,4.0,5.0,6.0,5.0,5.0,3.0,4.0,4.0,4.0,3.0,4.0,4.0,5.0,5.0,5.0,5.0,5.0,3.0,5.0,3.0,4.0,4.0,4.0,1.67,1.0,5.0,5.01,3.34,4.01,4.67,5.0,3.33,4.33,1.34,5.0,3.68,4.84,3.83
3202,1.0,1.0,2.0,2.0,1.0,2.0,2.0,1.0,3.0,2.0,1.0,1.0,5.0,6.0,5.0,5.0,5.0,4.0,1.0,1.0,1.0,1.0,4.0,2.0,2.0,3.0,2.0,3.0,2.0,4.0,1.33,1.66,1.99,1.32,5.02,5.0,2.0,1.33,2.0,3.33,1.5,1.66,5.01,1.66,2.66
3203,1.0,1.0,1.0,1.0,1.0,1.0,5.0,5.0,6.0,5.0,5.0,5.0,2.0,2.0,2.0,2.0,2.0,2.0,2.0,4.0,2.0,3.0,2.0,3.0,1.0,2.0,1.0,2.0,2.0,3.0,1.0,1.0,5.34,5.01,2.0,1.99,2.0,3.33,1.33,2.33,1.0,5.18,2.0,2.66,1.83
3204,1.0,2.0,2.0,2.0,1.0,2.0,4.0,4.0,4.0,3.0,4.0,3.0,1.0,1.0,1.0,1.0,1.0,1.0,2.0,3.0,3.0,4.0,3.0,4.0,4.0,5.0,4.0,5.0,3.0,4.0,1.33,2.0,4.0,3.33,1.0,1.0,2.67,3.67,3.67,4.67,1.66,3.66,1.0,3.17,4.17
3205,2.0,2.0,2.0,2.0,2.0,2.0,7.0,7.0,6.0,6.0,7.0,6.0,2.0,2.0,2.0,3.0,1.0,2.0,6.0,5.0,3.0,4.0,4.0,5.0,4.0,4.0,2.0,4.0,4.0,4.0,2.0,2.0,6.68,6.35,1.65,2.32,4.34,4.67,3.33,4.0,2.0,6.52,1.98,4.5,3.66
3206,2.0,2.0,3.0,3.0,3.0,4.0,6.0,5.0,5.0,5.0,6.0,5.0,4.0,4.0,3.0,4.0,2.0,3.0,3.0,4.0,4.0,4.0,3.0,4.0,3.0,3.0,3.0,4.0,2.0,3.0,2.66,2.99,5.67,5.01,2.98,3.66,3.33,4.0,2.67,3.33,2.82,5.34,3.32,3.66,3.0
3207,2.0,2.0,2.0,3.0,2.0,3.0,2.0,2.0,3.0,3.0,4.0,3.0,5.0,5.0,4.0,5.0,4.0,5.0,4.0,5.0,4.0,5.0,4.0,5.0,4.0,5.0,4.0,5.0,4.0,5.0,2.0,2.66,2.99,2.66,4.34,5.01,4.0,5.0,4.0,5.0,2.33,2.82,4.68,4.5,4.5
3208,6.0,7.0,6.0,6.0,6.0,7.0,4.0,3.0,4.0,3.0,4.0,4.0,5.0,5.0,4.0,5.0,3.0,5.0,4.0,5.0,4.0,5.0,4.0,6.0,7.0,7.0,6.0,7.0,7.0,7.0,6.0,6.67,4.0,3.33,3.99,5.01,4.0,5.33,6.67,7.0,6.34,3.66,4.5,4.66,6.84
3209,2.0,2.0,2.0,3.0,2.0,2.0,3.0,3.0,4.0,4.0,4.0,3.0,6.0,5.0,5.0,5.0,4.0,5.0,1.0,1.0,1.0,2.0,2.0,3.0,4.0,6.0,5.0,5.0,5.0,6.0,2.0,2.33,3.66,3.33,5.0,5.01,1.33,2.0,4.67,5.67,2.16,3.5,5.0,1.66,5.17
3210,4.0,5.0,5.0,5.0,5.0,5.0,5.0,5.0,5.0,5.0,6.0,5.0,7.0,6.0,5.0,6.0,5.0,5.0,3.0,4.0,4.0,4.0,3.0,4.0,6.0,7.0,6.0,7.0,6.0,6.0,4.66,5.0,5.34,5.01,5.67,5.68,3.33,4.0,6.0,6.67,4.83,5.18,5.68,3.66,6.34
3211,3.0,3.0,3.0,2.0,3.0,4.0,5.0,5.0,4.0,4.0,5.0,5.0,5.0,5.0,5.0,5.0,5.0,5.0,3.0,4.0,3.0,5.0,4.0,5.0,4.0,4.0,4.0,4.0,4.0,4.0,3.0,3.0,4.67,4.67,5.02,5.01,3.33,4.67,4.0,4.0,3.0,4.67,5.01,4.0,4.0
3212,4.0,5.0,4.0,4.0,4.0,4.0,4.0,3.0,5.0,4.0,4.0,4.0,6.0,6.0,5.0,5.0,4.0,5.0,4.0,5.0,5.0,5.0,5.0,5.0,3.0,3.0,3.0,4.0,3.0,3.0,4.0,4.34,4.34,3.67,5.0,5.35,4.67,5.0,3.0,3.33,4.17,4.0,5.18,4.84,3.16
3213,5.0,6.0,5.0,4.0,6.0,6.0,6.0,4.0,5.0,4.0,6.0,6.0,4.0,4.0,4.0,4.0,3.0,3.0,3.0,3.0,3.0,4.0,3.0,4.0,2.0,3.0,2.0,3.0,2.0,2.0,5.33,5.33,5.67,4.67,3.66,3.66,3.0,3.67,2.0,2.67,5.33,5.17,3.66,3.34,2.34
3214,1.0,1.0,1.0,1.0,1.0,1.0,1.0,1.0,1.0,1.0,1.0,1.0,4.0,4.0,4.0,4.0,3.0,3.0,1.0,2.0,2.0,3.0,2.0,2.0,6.0,6.0,6.0,7.0,5.0,6.0,1.0,1.0,1.0,1.0,3.66,3.66,1.67,2.33,5.67,6.33,1.0,1.0,3.66,2.0,6.0
3215,4.0,6.0,4.0,4.0,5.0,5.0,3.0,3.0,3.0,3.0,2.0,2.0,3.0,3.0,2.0,3.0,3.0,4.0,5.0,5.0,6.0,6.0,6.0,6.0,5.0,6.0,6.0,7.0,5.0,6.0,4.33,5.0,2.66,2.66,2.67,3.34,5.67,5.67,5.33,6.33,4.66,2.66,3.0,5.67,5.83
3216,4.0,5.0,4.0,5.0,4.0,4.0,4.0,2.0,4.0,3.0,3.0,3.0,6.0,7.0,7.0,7.0,6.0,6.0,6.0,7.0,7.0,7.0,6.0,7.0,6.0,6.0,6.0,7.0,5.0,7.0,4.0,4.67,3.67,2.66,6.36,6.69,6.33,7.0,5.67,6.67,4.34,3.16,6.52,6.66,6.17
3217,1.0,1.0,1.0,1.0,1.0,1.0,2.0,2.0,3.0,2.0,2.0,2.0,2.0,3.0,3.0,2.0,1.0,2.0,3.0,4.0,4.0,4.0,3.0,5.0,1.0,2.0,2.0,3.0,2.0,2.0,1.0,1.0,2.33,1.99,1.98,2.32,3.33,4.33,1.67,2.33,1.0,2.16,2.15,3.83,2.0
3218,5.0,6.0,5.0,5.0,6.0,6.0,6.0,4.0,5.0,4.0,6.0,5.0,5.0,6.0,4.0,4.0,3.0,4.0,3.0,2.0,1.0,3.0,2.0,3.0,5.0,6.0,6.0,7.0,5.0,6.0,5.33,5.67,5.67,4.34,3.99,4.67,2.0,2.67,5.33,6.33,5.5,5.0,4.33,2.34,5.83
3219,2.0,4.0,2.0,3.0,3.0,3.0,1.0,1.0,2.0,2.0,3.0,3.0,1.0,1.0,1.0,3.0,1.0,1.0,4.0,3.0,3.0,3.0,3.0,4.0,2.0,4.0,1.0,3.0,2.0,3.0,2.33,3.34,1.99,1.99,1.0,1.65,3.33,3.33,1.67,3.33,2.84,1.99,1.32,3.33,2.5
3220,2.0,3.0,2.0,3.0,2.0,3.0,1.0,1.0,2.0,1.0,2.0,1.0,2.0,4.0,2.0,3.0,2.0,3.0,1.0,2.0,2.0,3.0,2.0,2.0,4.0,5.0,4.0,5.0,3.0,5.0,2.0,3.0,1.66,1.0,2.0,3.33,1.67,2.33,3.67,5.0,2.5,1.33,2.66,2.0,4.34
3221,1.0,2.0,1.0,1.0,1.0,2.0,3.0,3.0,4.0,3.0,4.0,3.0,4.0,5.0,3.0,4.0,2.0,3.0,1.0,1.0,2.0,1.0,1.0,2.0,1.0,1.0,1.0,1.0,1.0,2.0,1.0,1.67,3.66,3.0,2.98,4.0,1.33,1.33,1.0,1.33,1.34,3.33,3.49,1.33,1.16
3222,4.0,5.0,6.0,5.0,5.0,4.0,4.0,4.0,6.0,5.0,4.0,4.0,2.0,3.0,2.0,2.0,2.0,3.0,3.0,5.0,3.0,4.0,4.0,4.0,4.0,4.0,5.0,5.0,3.0,4.0,5.0,4.67,4.67,4.34,2.0,2.67,3.33,4.33,4.0,4.33,4.84,4.5,2.34,3.83,4.16
3223,3.0,4.0,4.0,3.0,3.0,4.0,1.0,1.0,3.0,2.0,2.0,2.0,2.0,2.0,2.0,2.0,1.0,1.0,4.0,5.0,5.0,5.0,5.0,5.0,2.0,2.0,2.0,4.0,3.0,3.0,3.33,3.67,1.99,1.66,1.65,1.65,4.67,5.0,2.33,3.0,3.5,1.82,1.65,4.84,2.66
3224,2.0,4.0,4.0,5.0,4.0,4.0,6.0,5.0,5.0,4.0,6.0,5.0,5.0,6.0,6.0,6.0,5.0,4.0,6.0,6.0,6.0,7.0,6.0,6.0,3.0,3.0,1.0,2.0,2.0,3.0,3.33,4.33,5.67,4.67,5.35,5.34,6.0,6.33,2.0,2.67,3.83,5.17,5.34,6.16,2.34
3225,3.0,3.0,3.0,4.0,4.0,4.0,4.0,3.0,4.0,3.0,4.0,4.0,7.0,7.0,7.0,7.0,7.0,7.0,3.0,3.0,3.0,2.0,3.0,3.0,1.0,2.0,1.0,2.0,1.0,2.0,3.33,3.66,4.0,3.33,7.0,7.0,3.0,2.67,1.0,2.0,3.5,3.66,7.0,2.84,1.5
3226,1.0,1.0,1.0,1.0,1.0,1.0,2.0,2.0,3.0,2.0,3.0,2.0,4.0,5.0,4.0,5.0,4.0,4.0,5.0,5.0,5.0,5.0,5.0,5.0,1.0,2.0,2.0,3.0,1.0,2.0,1.0,1.0,2.66,1.99,4.01,4.67,5.0,5.0,1.33,2.33,1.0,2.33,4.34,5.0,1.83
3227,2.0,3.0,2.0,3.0,4.0,4.0,7.0,7.0,7.0,7.0,7.0,7.0,5.0,6.0,4.0,6.0,4.0,6.0,7.0,7.0,7.0,7.0,7.0,7.0,7.0,7.0,7.0,7.0,7.0,7.0,2.66,3.33,7.0,7.0,4.34,6.02,7.0,7.0,7.0,7.0,3.0,7.0,5.18,7.0,7.0
3228,7.0,7.0,6.0,7.0,6.0,7.0,4.0,3.0,6.0,5.0,5.0,5.0,6.0,6.0,6.0,6.0,5.0,5.0,4.0,3.0,1.0,2.0,2.0,3.0,4.0,6.0,5.0,6.0,4.0,6.0,6.34,7.0,5.0,4.34,5.68,5.68,2.34,2.67,4.33,6.0,6.67,4.67,5.68,2.5,5.16
3229,1.0,1.0,1.0,1.0,1.0,1.0,4.0,5.0,5.0,5.0,4.0,4.0,2.0,2.0,2.0,3.0,3.0,3.0,4.0,4.0,5.0,5.0,4.0,5.0,2.0,4.0,2.0,3.0,2.0,3.0,1.0,1.0,4.34,4.67,2.35,2.67,4.33,4.67,2.0,3.33,1.0,4.5,2.51,4.5,2.66
3230,2.0,3.0,2.0,2.0,2.0,2.0,4.0,4.0,5.0,4.0,4.0,4.0,1.0,1.0,1.0,1.0,1.0,1.0,5.0,5.0,4.0,5.0,4.0,4.0,2.0,3.0,2.0,4.0,4.0,4.0,2.0,2.34,4.34,4.0,1.0,1.0,4.33,4.67,2.66,3.67,2.17,4.17,1.0,4.5,3.16
3231,1.0,2.0,1.0,1.0,1.0,1.0,4.0,3.0,4.0,4.0,4.0,3.0,2.0,3.0,2.0,2.0,2.0,2.0,4.0,5.0,4.0,4.0,4.0,4.0,3.0,4.0,2.0,3.0,2.0,4.0,1.0,1.34,4.0,3.33,2.0,2.32,4.0,4.33,2.33,3.67,1.17,3.66,2.16,4.16,3.0
3232,1.0,3.0,3.0,3.0,2.0,4.0,4.0,4.0,5.0,5.0,5.0,4.0,3.0,4.0,3.0,4.0,2.0,4.0,3.0,4.0,4.0,4.0,3.0,4.0,1.0,2.0,1.0,2.0,1.0,2.0,2.0,3.33,4.67,4.34,2.65,4.01,3.33,4.0,1.0,2.0,2.66,4.5,3.33,3.66,1.5
3233,2.0,4.0,4.0,4.0,3.0,4.0,3.0,2.0,3.0,2.0,2.0,2.0,3.0,5.0,3.0,2.0,3.0,3.0,1.0,1.0,1.0,1.0,1.0,1.0,4.0,5.0,2.0,3.0,4.0,4.0,3.0,4.0,2.66,1.99,3.0,3.33,1.0,1.0,3.33,4.0,3.5,2.33,3.16,1.0,3.66
3234,6.0,6.0,5.0,6.0,6.0,7.0,5.0,6.0,7.0,7.0,7.0,6.0,6.0,6.0,5.0,6.0,5.0,5.0,4.0,5.0,4.0,5.0,4.0,6.0,4.0,5.0,4.0,5.0,5.0,5.0,5.67,6.33,6.34,6.35,5.35,5.68,4.0,5.33,4.33,5.0,6.0,6.34,5.52,4.66,4.66
3235,5.0,6.0,3.0,4.0,4.0,5.0,4.0,3.0,3.0,3.0,4.0,4.0,3.0,4.0,2.0,3.0,2.0,3.0,4.0,4.0,4.0,4.0,3.0,5.0,4.0,5.0,4.0,5.0,4.0,4.0,4.0,5.0,3.67,3.33,2.32,3.33,3.67,4.33,4.0,4.67,4.5,3.5,2.82,4.0,4.34
3236,7.0,6.0,7.0,7.0,6.0,6.0,1.0,1.0,1.0,2.0,2.0,2.0,2.0,2.0,1.0,2.0,1.0,1.0,2.0,3.0,1.0,2.0,1.0,1.0,1.0,2.0,1.0,1.0,2.0,2.0,6.67,6.33,1.32,1.66,1.31,1.65,1.33,2.0,1.33,1.67,6.5,1.49,1.48,1.66,1.5
3237,3.0,4.0,3.0,4.0,4.0,3.0,1.0,1.0,1.0,1.0,2.0,1.0,3.0,4.0,3.0,4.0,2.0,3.0,4.0,6.0,4.0,5.0,5.0,5.0,1.0,2.0,1.0,1.0,1.0,1.0,3.33,3.67,1.32,1.0,2.65,3.66,4.33,5.33,1.0,1.33,3.5,1.16,3.16,4.83,1.16
3238,2.0,2.0,2.0,3.0,3.0,3.0,4.0,3.0,4.0,4.0,4.0,3.0,4.0,4.0,4.0,5.0,3.0,5.0,6.0,6.0,5.0,6.0,6.0,6.0,1.0,2.0,1.0,2.0,1.0,2.0,2.33,2.66,4.0,3.33,3.66,4.68,5.67,6.0,1.0,2.0,2.5,3.66,4.17,5.84,1.5
3239,6.0,4.0,5.0,5.0,4.0,5.0,5.0,3.0,5.0,4.0,5.0,5.0,6.0,6.0,5.0,6.0,6.0,6.0,3.0,5.0,4.0,5.0,4.0,5.0,5.0,5.0,4.0,5.0,4.0,5.0,5.01,4.66,5.0,4.0,5.7,6.02,3.67,5.0,4.33,5.0,4.84,4.5,5.86,4.34,4.66
3240,2.0,2.0,2.0,3.0,2.0,2.0,1.0,1.0,2.0,2.0,1.0,1.0,1.0,1.0,1.0,1.0,1.0,1.0,4.0,4.0,4.0,4.0,3.0,4.0,3.0,2.0,3.0,4.0,3.0,3.0,2.0,2.33,1.32,1.32,1.0,1.0,3.67,4.0,3.0,3.0,2.16,1.32,1.0,3.84,3.0
3241,1.0,1.0,1.0,1.0,1.0,1.0,1.0,1.0,1.0,1.0,1.0,1.0,5.0,5.0,4.0,4.0,4.0,5.0,1.0,1.0,1.0,2.0,1.0,1.0,1.0,3.0,2.0,2.0,1.0,2.0,1.0,1.0,1.0,1.0,4.34,4.68,1.0,1.33,1.33,2.33,1.0,1.0,4.51,1.16,1.83
3242,7.0,7.0,7.0,7.0,6.0,7.0,1.0,1.0,1.0,1.0,1.0,1.0,4.0,5.0,3.0,4.0,3.0,4.0,1.0,1.0,1.0,1.0,1.0,1.0,2.0,2.0,2.0,3.0,1.0,2.0,6.67,7.0,1.0,1.0,3.33,4.34,1.0,1.0,1.67,2.33,6.84,1.0,3.84,1.0,2.0
3243,4.0,4.0,2.0,4.0,3.0,3.0,5.0,5.0,5.0,5.0,6.0,6.0,3.0,4.0,2.0,3.0,3.0,3.0,3.0,4.0,3.0,3.0,3.0,3.0,2.0,3.0,2.0,2.0,2.0,3.0,3.0,3.67,5.34,5.34,2.67,3.33,3.0,3.33,2.0,2.67,3.34,5.34,3.0,3.16,2.34
3244,2.0,2.0,2.0,2.0,2.0,3.0,5.0,5.0,6.0,6.0,6.0,6.0,1.0,1.0,1.0,1.0,1.0,1.0,5.0,6.0,5.0,6.0,5.0,6.0,2.0,3.0,2.0,3.0,2.0,4.0,2.0,2.33,5.67,5.68,1.0,1.0,5.0,6.0,2.0,3.33,2.16,5.68,1.0,5.5,2.66
3245,3.0,4.0,2.0,3.0,3.0,3.0,5.0,5.0,5.0,5.0,5.0,5.0,1.0,1.0,1.0,2.0,1.0,1.0,2.0,3.0,3.0,3.0,2.0,2.0,2.0,1.0,2.0,3.0,2.0,3.0,2.67,3.34,5.0,5.01,1.0,1.32,2.33,2.67,2.0,2.33,3.0,5.0,1.16,2.5,2.16
3246,3.0,4.0,2.0,3.0,4.0,4.0,4.0,4.0,5.0,4.0,6.0,5.0,3.0,3.0,2.0,2.0,2.0,3.0,3.0,4.0,2.0,4.0,4.0,3.0,4.0,5.0,5.0,6.0,5.0,6.0,3.0,3.67,5.0,4.34,2.32,2.67,3.0,3.67,4.67,5.67,3.34,4.67,2.5,3.34,5.17
3247,2.0,3.0,3.0,3.0,3.0,3.0,4.0,2.0,3.0,3.0,3.0,2.0,3.0,3.0,3.0,3.0,2.0,2.0,2.0,2.0,2.0,3.0,2.0,3.0,6.0,6.0,6.0,6.0,6.0,7.0,2.66,3.0,3.33,2.33,2.65,2.66,2.0,2.67,6.0,6.33,2.83,2.83,2.66,2.34,6.16
3248,2.0,2.0,2.0,2.0,2.0,3.0,3.0,4.0,4.0,3.0,3.0,4.0,1.0,1.0,1.0,1.0,1.0,1.0,4.0,5.0,6.0,6.0,4.0,5.0,3.0,3.0,2.0,3.0,3.0,4.0,2.0,2.33,3.33,3.67,1.0,1.0,4.66,5.33,2.67,3.33,2.16,3.5,1.0,5.0,3.0
3249,4.0,6.0,5.0,4.0,4.0,5.0,2.0,3.0,3.0,2.0,3.0,2.0,5.0,6.0,6.0,6.0,5.0,5.0,6.0,7.0,6.0,7.0,7.0,7.0,7.0,7.0,6.0,7.0,6.0,6.0,4.33,5.0,2.66,2.33,5.35,5.68,6.33,7.0,6.33,6.67,4.66,2.5,5.52,6.66,6.5
3250,1.0,2.0,1.0,2.0,2.0,1.0,3.0,4.0,4.0,3.0,3.0,4.0,1.0,2.0,2.0,3.0,2.0,2.0,2.0,2.0,2.0,2.0,2.0,2.0,6.0,7.0,7.0,7.0,7.0,7.0,1.33,1.67,3.33,3.67,1.67,2.32,2.0,2.0,6.67,7.0,1.5,3.5,2.0,2.0,6.84
3251,7.0,7.0,7.0,7.0,7.0,7.0,5.0,4.0,4.0,4.0,5.0,5.0,2.0,3.0,2.0,2.0,2.0,2.0,4.0,4.0,4.0,6.0,4.0,5.0,7.0,7.0,6.0,7.0,7.0,7.0,7.0,7.0,4.67,4.34,2.0,2.32,4.0,5.0,6.67,7.0,7.0,4.5,2.16,4.5,6.84
3252,1.0,1.0,1.0,1.0,1.0,1.0,1.0,1.0,1.0,1.0,1.0,1.0,1.0,1.0,1.0,1.0,1.0,1.0,1.0,2.0,1.0,1.0,2.0,2.0,2.0,3.0,2.0,2.0,3.0,2.0,1.0,1.0,1.0,1.0,1.0,1.0,1.33,1.67,2.33,2.33,1.0,1.0,1.0,1.5,2.33
3253,4.0,5.0,4.0,5.0,3.0,4.0,2.0,3.0,4.0,4.0,4.0,4.0,1.0,2.0,2.0,2.0,1.0,1.0,2.0,3.0,3.0,4.0,3.0,4.0,5.0,6.0,4.0,6.0,5.0,6.0,3.67,4.67,3.33,3.67,1.32,1.65,2.67,3.67,4.67,6.0,4.17,3.5,1.48,3.17,5.34
3254,3.0,4.0,3.0,4.0,3.0,4.0,7.0,7.0,6.0,6.0,7.0,6.0,2.0,4.0,2.0,3.0,3.0,3.0,5.0,6.0,5.0,6.0,6.0,6.0,2.0,4.0,2.0,3.0,3.0,3.0,3.0,4.0,6.68,6.35,2.35,3.33,5.33,6.0,2.33,3.33,3.5,6.52,2.84,5.66,2.83
3255,3.0,2.0,2.0,2.0,1.0,2.0,5.0,4.0,6.0,6.0,6.0,5.0,3.0,3.0,3.0,2.0,1.0,3.0,3.0,3.0,4.0,4.0,3.0,4.0,3.0,3.0,3.0,4.0,3.0,5.0,2.01,2.0,5.67,5.01,2.31,2.67,3.33,3.67,3.0,4.0,2.0,5.34,2.49,3.5,3.5
3256,3.0,3.0,3.0,5.0,3.0,3.0,7.0,6.0,7.0,6.0,6.0,7.0,2.0,3.0,3.0,3.0,2.0,3.0,3.0,4.0,3.0,3.0,3.0,4.0,2.0,2.0,1.0,2.0,1.0,2.0,3.0,3.67,6.68,6.35,2.33,3.0,3.0,3.67,1.33,2.0,3.34,6.52,2.66,3.34,1.66
3257,2.0,2.0,1.0,1.0,2.0,2.0,3.0,2.0,3.0,3.0,3.0,3.0,2.0,2.0,2.0,1.0,1.0,2.0,1.0,2.0,2.0,2.0,1.0,2.0,2.0,2.0,1.0,2.0,1.0,1.0,1.67,1.67,3.0,2.66,1.65,1.66,1.33,2.0,1.33,1.67,1.67,2.83,1.65,1.66,1.5
3258,1.0,1.0,1.0,1.0,1.0,1.0,4.0,4.0,4.0,4.0,5.0,5.0,5.0,6.0,5.0,6.0,5.0,5.0,2.0,2.0,2.0,3.0,2.0,3.0,2.0,2.0,2.0,3.0,1.0,2.0,1.0,1.0,4.33,4.34,5.02,5.68,2.0,2.67,1.67,2.33,1.0,4.34,5.35,2.34,2.0
3259,2.0,3.0,2.0,1.0,1.0,1.0,2.0,2.0,3.0,3.0,2.0,2.0,2.0,3.0,2.0,2.0,1.0,1.0,5.0,4.0,5.0,6.0,4.0,4.0,2.0,3.0,3.0,4.0,3.0,3.0,1.67,1.67,2.33,2.33,1.65,1.98,4.67,4.67,2.67,3.33,1.67,2.33,1.82,4.67,3.0
3260,2.0,2.0,2.0,2.0,2.0,2.0,1.0,1.0,2.0,2.0,1.0,3.0,3.0,3.0,2.0,3.0,4.0,4.0,3.0,4.0,4.0,4.0,3.0,4.0,3.0,3.0,2.0,4.0,3.0,3.0,2.0,2.0,1.32,1.99,3.02,3.34,3.33,4.0,2.67,3.33,2.0,1.66,3.18,3.66,3.0
3261,1.0,1.0,1.0,2.0,1.0,1.0,1.0,2.0,2.0,2.0,1.0,2.0,1.0,2.0,2.0,2.0,1.0,1.0,4.0,4.0,4.0,5.0,4.0,5.0,1.0,2.0,1.0,2.0,1.0,2.0,1.0,1.33,1.32,1.99,1.32,1.65,4.0,4.67,1.0,2.0,1.16,1.66,1.48,4.34,1.5
3262,2.0,3.0,1.0,3.0,2.0,4.0,1.0,1.0,2.0,2.0,2.0,2.0,5.0,5.0,4.0,5.0,4.0,6.0,3.0,4.0,3.0,3.0,2.0,3.0,4.0,6.0,4.0,5.0,4.0,5.0,1.67,3.33,1.66,1.66,4.34,5.36,2.67,3.33,4.0,5.33,2.5,1.66,4.85,3.0,4.66
3263,1.0,1.0,1.0,2.0,1.0,1.0,5.0,5.0,6.0,5.0,5.0,5.0,1.0,1.0,1.0,1.0,1.0,1.0,1.0,2.0,1.0,2.0,1.0,4.0,2.0,2.0,2.0,3.0,2.0,3.0,1.0,1.33,5.34,5.01,1.0,1.0,1.0,2.67,2.0,2.67,1.16,5.18,1.0,1.84,2.34
3264,1.0,1.0,1.0,1.0,1.0,1.0,4.0,3.0,4.0,4.0,4.0,3.0,5.0,5.0,3.0,3.0,4.0,3.0,3.0,4.0,2.0,4.0,3.0,3.0,3.0,4.0,4.0,3.0,3.0,4.0,1.0,1.0,4.0,3.33,4.01,3.66,2.67,3.67,3.33,3.67,1.0,3.66,3.84,3.17,3.5
3265,7.0,6.0,7.0,6.0,7.0,7.0,3.0,4.0,5.0,4.0,5.0,4.0,7.0,7.0,7.0,7.0,6.0,6.0,7.0,7.0,7.0,7.0,7.0,7.0,6.0,7.0,5.0,5.0,6.0,7.0,7.0,6.33,4.33,4.0,6.69,6.69,7.0,7.0,5.67,6.33,6.66,4.16,6.69,7.0,6.0
3266,2.0,1.0,1.0,1.0,1.0,1.0,5.0,4.0,5.0,5.0,6.0,5.0,4.0,4.0,3.0,4.0,3.0,4.0,2.0,2.0,3.0,3.0,3.0,4.0,1.0,2.0,2.0,3.0,2.0,3.0,1.34,1.0,5.34,4.67,3.33,4.01,2.67,3.0,1.67,2.67,1.17,5.0,3.67,2.84,2.17
3267,3.0,3.0,5.0,5.0,5.0,4.0,4.0,3.0,3.0,3.0,4.0,4.0,5.0,5.0,4.0,4.0,4.0,5.0,3.0,5.0,3.0,3.0,3.0,5.0,3.0,3.0,3.0,4.0,4.0,5.0,4.33,4.0,3.67,3.33,4.34,4.68,3.0,4.33,3.33,4.0,4.16,3.5,4.51,3.66,3.66
3268,3.0,4.0,3.0,3.0,3.0,3.0,3.0,2.0,3.0,3.0,4.0,3.0,6.0,6.0,6.0,6.0,5.0,5.0,5.0,5.0,4.0,5.0,5.0,6.0,2.0,3.0,2.0,2.0,3.0,4.0,3.0,3.34,3.33,2.66,5.68,5.68,4.67,5.33,2.33,3.0,3.17,3.0,5.68,5.0,2.66
3269,3.0,4.0,5.0,5.0,3.0,5.0,2.0,2.0,3.0,2.0,4.0,2.0,2.0,2.0,2.0,3.0,1.0,2.0,3.0,3.0,3.0,3.0,3.0,4.0,4.0,6.0,5.0,6.0,5.0,6.0,3.67,4.66,2.99,1.99,1.65,2.32,3.0,3.33,4.67,6.0,4.16,2.49,1.98,3.16,5.34
3270,3.0,3.0,2.0,2.0,2.0,3.0,5.0,5.0,6.0,5.0,6.0,5.0,5.0,5.0,4.0,4.0,5.0,4.0,5.0,6.0,7.0,6.0,6.0,6.0,5.0,6.0,6.0,6.0,6.0,6.0,2.34,2.67,5.67,5.01,4.69,4.34,6.0,6.0,5.67,6.0,2.5,5.34,4.52,6.0,5.84
3271,4.0,6.0,6.0,6.0,5.0,6.0,3.0,3.0,4.0,4.0,5.0,4.0,2.0,4.0,2.0,3.0,3.0,3.0,3.0,4.0,3.0,4.0,4.0,4.0,3.0,4.0,3.0,3.0,3.0,4.0,5.0,6.0,4.0,3.67,2.35,3.33,3.33,4.0,3.0,3.67,5.5,3.84,2.84,3.66,3.34
3272,5.0,5.0,6.0,6.0,6.0,6.0,3.0,2.0,4.0,4.0,3.0,3.0,3.0,3.0,2.0,3.0,2.0,3.0,5.0,6.0,6.0,6.0,6.0,6.0,6.0,6.0,5.0,6.0,5.0,6.0,5.66,5.66,3.33,3.0,2.32,3.0,5.67,6.0,5.33,6.0,5.66,3.16,2.66,5.84,5.66
3273,2.0,2.0,2.0,2.0,2.0,2.0,4.0,4.0,5.0,5.0,5.0,5.0,6.0,6.0,5.0,5.0,4.0,5.0,1.0,1.0,2.0,2.0,1.0,2.0,3.0,3.0,3.0,3.0,2.0,3.0,2.0,2.0,4.67,4.67,5.0,5.35,1.33,1.67,2.67,3.0,2.0,4.67,5.18,1.5,2.84
3274,3.0,4.0,3.0,3.0,2.0,3.0,4.0,3.0,4.0,3.0,4.0,3.0,2.0,2.0,2.0,2.0,3.0,3.0,4.0,4.0,3.0,4.0,4.0,4.0,1.0,2.0,2.0,3.0,2.0,3.0,2.67,3.34,4.0,3.0,2.35,2.33,3.67,4.0,1.67,2.67,3.0,3.5,2.34,3.84,2.17
3275,2.0,3.0,1.0,2.0,3.0,3.0,6.0,6.0,6.0,6.0,6.0,6.0,4.0,4.0,4.0,4.0,3.0,4.0,2.0,3.0,1.0,3.0,3.0,3.0,4.0,4.0,4.0,5.0,3.0,4.0,2.0,2.67,6.01,6.01,3.66,4.01,2.0,3.0,3.67,4.33,2.34,6.01,3.84,2.5,4.0
3276,1.0,1.0,1.0,1.0,1.0,1.0,3.0,2.0,3.0,3.0,3.0,3.0,3.0,4.0,3.0,3.0,2.0,3.0,4.0,4.0,4.0,5.0,5.0,5.0,1.0,2.0,1.0,3.0,2.0,2.0,1.0,1.0,3.0,2.66,2.65,3.33,4.33,4.67,1.33,2.33,1.0,2.83,2.99,4.5,1.83
3277,5.0,5.0,5.0,3.0,6.0,7.0,3.0,2.0,4.0,3.0,3.0,3.0,3.0,3.0,2.0,3.0,3.0,2.0,4.0,5.0,3.0,5.0,4.0,4.0,2.0,4.0,2.0,3.0,3.0,4.0,5.33,4.99,3.33,2.66,2.67,2.66,3.67,4.67,2.33,3.67,5.16,3.0,2.66,4.17,3.0
3278,4.0,5.0,3.0,5.0,3.0,4.0,4.0,3.0,3.0,4.0,4.0,4.0,6.0,7.0,6.0,7.0,6.0,6.0,4.0,5.0,4.0,5.0,4.0,5.0,5.0,6.0,5.0,6.0,5.0,6.0,3.34,4.67,3.67,3.67,6.03,6.69,4.0,5.0,5.0,6.0,4.0,3.67,6.36,4.5,5.5
3279,1.0,3.0,2.0,2.0,2.0,2.0,5.0,5.0,6.0,6.0,6.0,5.0,4.0,4.0,3.0,4.0,2.0,3.0,1.0,2.0,2.0,2.0,2.0,3.0,3.0,4.0,2.0,3.0,2.0,3.0,1.66,2.34,5.67,5.34,2.98,3.66,1.67,2.33,2.33,3.33,2.0,5.5,3.32,2.0,2.83
3280,1.0,1.0,1.0,1.0,1.0,1.0,5.0,5.0,6.0,6.0,6.0,6.0,1.0,1.0,1.0,1.0,1.0,1.0,2.0,3.0,2.0,3.0,3.0,3.0,3.0,4.0,3.0,4.0,3.0,5.0,1.0,1.0,5.67,5.68,1.0,1.0,2.33,3.0,3.0,4.33,1.0,5.68,1.0,2.66,3.66
3281,1.0,3.0,1.0,1.0,1.0,1.0,4.0,3.0,4.0,3.0,4.0,3.0,2.0,3.0,2.0,3.0,1.0,2.0,3.0,3.0,3.0,4.0,3.0,4.0,5.0,5.0,5.0,5.0,5.0,6.0,1.0,1.67,4.0,3.0,1.65,2.66,3.0,3.67,5.0,5.33,1.34,3.5,2.16,3.34,5.16
3282,6.0,7.0,6.0,6.0,7.0,7.0,2.0,1.0,3.0,2.0,2.0,2.0,5.0,6.0,5.0,6.0,5.0,5.0,4.0,3.0,3.0,4.0,3.0,3.0,5.0,6.0,5.0,5.0,5.0,6.0,6.33,6.67,2.33,1.66,5.02,5.68,3.33,3.33,5.0,5.67,6.5,2.0,5.35,3.33,5.34
3283,3.0,4.0,4.0,4.0,4.0,5.0,5.0,4.0,5.0,5.0,5.0,4.0,3.0,3.0,2.0,3.0,3.0,3.0,3.0,4.0,3.0,4.0,3.0,3.0,5.0,6.0,5.0,6.0,5.0,6.0,3.66,4.33,5.0,4.34,2.67,3.0,3.0,3.67,5.0,6.0,4.0,4.67,2.84,3.34,5.5
3284,2.0,3.0,2.0,2.0,2.0,3.0,4.0,3.0,4.0,4.0,4.0,4.0,3.0,4.0,3.0,4.0,3.0,3.0,5.0,5.0,5.0,5.0,4.0,5.0,2.0,2.0,2.0,3.0,2.0,3.0,2.0,2.67,4.0,3.67,3.0,3.66,4.67,5.0,2.0,2.67,2.34,3.84,3.33,4.84,2.34
3285,3.0,3.0,3.0,3.0,2.0,2.0,5.0,4.0,4.0,4.0,4.0,4.0,3.0,3.0,2.0,3.0,2.0,2.0,4.0,4.0,4.0,4.0,4.0,5.0,4.0,5.0,5.0,5.0,4.0,6.0,2.67,2.67,4.34,4.0,2.32,2.66,4.0,4.33,4.33,5.33,2.67,4.17,2.49,4.16,4.83
3286,5.0,5.0,5.0,5.0,5.0,5.0,4.0,4.0,5.0,3.0,5.0,4.0,2.0,3.0,2.0,3.0,1.0,3.0,4.0,5.0,4.0,4.0,4.0,4.0,1.0,1.0,1.0,1.0,1.0,1.0,5.0,5.0,4.67,3.67,1.65,3.0,4.0,4.33,1.0,1.0,5.0,4.17,2.33,4.16,1.0
3287,1.0,1.0,1.0,1.0,1.0,1.0,5.0,4.0,5.0,4.0,5.0,4.0,3.0,3.0,2.0,3.0,2.0,2.0,3.0,4.0,3.0,3.0,2.0,3.0,2.0,3.0,1.0,3.0,2.0,3.0,1.0,1.0,5.0,4.0,2.32,2.66,2.67,3.33,1.67,3.0,1.0,4.5,2.49,3.0,2.34
3288,1.0,1.0,1.0,1.0,1.0,1.0,5.0,4.0,5.0,4.0,4.0,5.0,1.0,2.0,2.0,2.0,1.0,2.0,4.0,5.0,5.0,5.0,4.0,5.0,5.0,5.0,5.0,6.0,4.0,5.0,1.0,1.0,4.67,4.34,1.32,1.99,4.33,5.0,4.67,5.33,1.0,4.5,1.66,4.66,5.0
3289,4.0,5.0,4.0,6.0,5.0,6.0,5.0,5.0,5.0,5.0,4.0,4.0,3.0,4.0,3.0,3.0,3.0,3.0,4.0,5.0,5.0,4.0,5.0,6.0,3.0,3.0,2.0,3.0,2.0,2.0,4.33,5.66,4.67,4.67,3.0,3.33,4.67,5.0,2.33,2.67,5.0,4.67,3.16,4.84,2.5
3290,4.0,4.0,4.0,3.0,3.0,3.0,4.0,3.0,4.0,4.0,4.0,3.0,3.0,2.0,2.0,3.0,2.0,2.0,1.0,2.0,2.0,2.0,1.0,3.0,4.0,5.0,4.0,5.0,4.0,5.0,3.67,3.34,4.0,3.33,2.32,2.32,1.33,2.33,4.0,5.0,3.5,3.66,2.32,1.83,4.5
3291,2.0,2.0,2.0,1.0,2.0,3.0,4.0,4.0,5.0,5.0,5.0,4.0,1.0,1.0,1.0,1.0,1.0,1.0,3.0,4.0,2.0,3.0,2.0,3.0,3.0,3.0,2.0,4.0,2.0,2.0,2.0,2.0,4.67,4.34,1.0,1.0,2.33,3.33,2.33,3.0,2.0,4.5,1.0,2.83,2.66
3292,3.0,3.0,3.0,3.0,3.0,3.0,3.0,3.0,3.0,3.0,3.0,3.0,4.0,5.0,4.0,5.0,5.0,5.0,6.0,7.0,6.0,6.0,6.0,6.0,7.0,7.0,7.0,7.0,6.0,6.0,3.0,3.0,3.0,3.0,4.36,5.01,6.0,6.33,6.67,6.67,3.0,3.0,4.69,6.16,6.67
3293,4.0,6.0,4.0,3.0,4.0,4.0,5.0,5.0,6.0,5.0,5.0,4.0,4.0,4.0,4.0,5.0,3.0,4.0,6.0,6.0,6.0,7.0,7.0,7.0,5.0,7.0,5.0,6.0,5.0,6.0,4.0,4.34,5.34,4.67,3.66,4.34,6.33,6.67,5.0,6.33,4.17,5.0,4.0,6.5,5.66
3294,5.0,6.0,6.0,7.0,6.0,7.0,6.0,6.0,7.0,7.0,7.0,6.0,7.0,7.0,7.0,7.0,7.0,7.0,7.0,7.0,7.0,7.0,7.0,7.0,5.0,6.0,5.0,7.0,7.0,7.0,5.66,6.67,6.68,6.35,7.0,7.0,7.0,7.0,5.67,6.67,6.16,6.52,7.0,7.0,6.17
3295,3.0,3.0,3.0,3.0,3.0,3.0,5.0,5.0,5.0,5.0,4.0,5.0,5.0,5.0,5.0,5.0,4.0,4.0,3.0,3.0,2.0,4.0,2.0,4.0,6.0,7.0,7.0,7.0,5.0,7.0,3.0,3.0,4.67,5.01,4.67,4.67,2.33,3.67,6.0,7.0,3.0,4.84,4.67,3.0,6.5
3296,4.0,4.0,3.0,5.0,4.0,5.0,4.0,5.0,5.0,6.0,6.0,4.0,5.0,5.0,5.0,5.0,4.0,5.0,3.0,4.0,2.0,3.0,3.0,5.0,2.0,4.0,2.0,4.0,3.0,3.0,3.67,4.66,5.0,5.01,4.67,5.01,2.67,4.0,2.33,3.67,4.16,5.0,4.84,3.34,3.0
3297,1.0,1.0,1.0,1.0,1.0,1.0,3.0,3.0,4.0,4.0,4.0,3.0,1.0,1.0,1.0,1.0,1.0,1.0,3.0,4.0,4.0,4.0,3.0,4.0,4.0,5.0,4.0,4.0,5.0,5.0,1.0,1.0,3.66,3.33,1.0,1.0,3.33,4.0,4.33,4.67,1.0,3.5,1.0,3.66,4.5
3298,1.0,1.0,1.0,1.0,1.0,1.0,2.0,1.0,2.0,2.0,2.0,2.0,4.0,4.0,3.0,3.0,2.0,4.0,3.0,3.0,3.0,3.0,3.0,3.0,1.0,3.0,2.0,2.0,2.0,3.0,1.0,1.0,1.99,1.66,2.98,3.67,3.0,3.0,1.67,2.67,1.0,1.82,3.32,3.0,2.17
3299,4.0,5.0,5.0,3.0,5.0,5.0,3.0,3.0,4.0,3.0,3.0,2.0,3.0,3.0,1.0,2.0,2.0,1.0,4.0,4.0,4.0,3.0,4.0,5.0,3.0,5.0,4.0,4.0,4.0,5.0,4.66,4.33,3.33,2.66,1.99,1.98,4.0,4.0,3.67,4.67,4.5,3.0,1.98,4.0,4.17
3300,1.0,1.0,1.0,1.0,1.0,1.0,3.0,3.0,4.0,3.0,3.0,3.0,5.0,5.0,4.0,4.0,3.0,4.0,3.0,3.0,4.0,4.0,3.0,4.0,5.0,5.0,4.0,5.0,4.0,5.0,1.0,1.0,3.33,3.0,3.99,4.34,3.33,3.67,4.33,5.0,1.0,3.16,4.16,3.5,4.66
3301,3.0,4.0,4.0,5.0,4.0,4.0,5.0,4.0,5.0,4.0,5.0,4.0,3.0,3.0,3.0,3.0,1.0,2.0,3.0,4.0,3.0,3.0,3.0,5.0,3.0,5.0,4.0,5.0,3.0,4.0,3.66,4.33,5.0,4.0,2.31,2.66,3.0,4.0,3.33,4.67,4.0,4.5,2.49,3.5,4.0
3302,1.0,2.0,1.0,1.0,1.0,1.0,3.0,3.0,4.0,4.0,3.0,3.0,5.0,5.0,5.0,5.0,4.0,5.0,7.0,7.0,6.0,7.0,7.0,4.0,3.0,4.0,3.0,4.0,3.0,4.0,1.0,1.34,3.33,3.33,4.67,5.01,6.67,6.0,3.0,4.0,1.17,3.33,4.84,6.34,3.5
3303,1.0,1.0,1.0,1.0,2.0,2.0,4.0,4.0,4.0,4.0,4.0,4.0,7.0,7.0,7.0,7.0,7.0,7.0,3.0,4.0,4.0,3.0,3.0,4.0,4.0,4.0,4.0,5.0,4.0,5.0,1.33,1.33,4.0,4.0,7.0,7.0,3.33,3.67,4.0,4.67,1.33,4.0,7.0,3.5,4.34
3304,4.0,5.0,4.0,4.0,4.0,3.0,2.0,3.0,3.0,3.0,4.0,3.0,1.0,1.0,1.0,1.0,1.0,2.0,2.0,4.0,2.0,3.0,3.0,3.0,3.0,3.0,3.0,3.0,4.0,5.0,4.0,4.01,2.99,3.0,1.0,1.33,2.33,3.33,3.33,3.67,4.0,3.0,1.16,2.83,3.5
3305,2.0,2.0,1.0,2.0,3.0,3.0,2.0,2.0,3.0,2.0,3.0,3.0,2.0,2.0,2.0,3.0,2.0,3.0,4.0,4.0,3.0,4.0,3.0,4.0,4.0,6.0,4.0,6.0,5.0,5.0,2.0,2.33,2.66,2.33,2.0,2.67,3.33,4.0,4.33,5.67,2.16,2.5,2.34,3.66,5.0
3306,2.0,3.0,2.0,3.0,3.0,3.0,5.0,6.0,7.0,6.0,6.0,6.0,7.0,7.0,7.0,7.0,7.0,7.0,6.0,7.0,6.0,7.0,7.0,7.0,6.0,7.0,7.0,7.0,6.0,7.0,2.33,3.0,6.01,6.01,7.0,7.0,6.33,7.0,6.33,7.0,2.66,6.01,7.0,6.66,6.66
3307,3.0,3.0,3.0,2.0,3.0,3.0,1.0,1.0,2.0,2.0,2.0,1.0,2.0,3.0,2.0,2.0,2.0,2.0,3.0,4.0,4.0,5.0,4.0,5.0,5.0,5.0,4.0,5.0,5.0,6.0,3.0,2.67,1.66,1.32,2.0,2.32,3.67,4.67,4.67,5.33,2.84,1.49,2.16,4.17,5.0
3308,1.0,2.0,1.0,1.0,1.0,1.0,5.0,4.0,5.0,5.0,5.0,5.0,4.0,3.0,3.0,3.0,3.0,3.0,5.0,6.0,4.0,4.0,5.0,5.0,3.0,3.0,3.0,4.0,4.0,4.0,1.0,1.34,5.0,4.67,3.33,3.0,4.67,5.0,3.33,3.67,1.17,4.84,3.16,4.84,3.5
3309,2.0,2.0,2.0,1.0,1.0,2.0,2.0,2.0,2.0,2.0,2.0,3.0,3.0,3.0,3.0,4.0,2.0,3.0,2.0,3.0,2.0,3.0,3.0,3.0,3.0,4.0,4.0,5.0,4.0,5.0,1.67,1.67,1.99,2.33,2.65,3.33,2.33,3.0,3.67,4.67,1.67,2.16,2.99,2.66,4.17
3310,2.0,3.0,4.0,3.0,3.0,3.0,2.0,2.0,3.0,2.0,2.0,3.0,1.0,3.0,1.0,2.0,1.0,1.0,2.0,2.0,3.0,3.0,3.0,3.0,3.0,3.0,3.0,3.0,3.0,4.0,3.0,3.0,2.33,2.33,1.0,1.98,2.67,2.67,3.0,3.33,3.0,2.33,1.49,2.67,3.16
3311,1.0,1.0,1.0,1.0,1.0,1.0,6.0,6.0,6.0,5.0,5.0,6.0,7.0,7.0,5.0,6.0,6.0,6.0,4.0,4.0,3.0,5.0,3.0,3.0,5.0,6.0,4.0,5.0,4.0,5.0,1.0,1.0,5.68,5.68,6.02,6.35,3.33,4.0,4.33,5.33,1.0,5.68,6.18,3.66,4.83
3312,4.0,6.0,6.0,6.0,5.0,6.0,3.0,3.0,4.0,4.0,4.0,4.0,5.0,5.0,3.0,5.0,3.0,4.0,2.0,2.0,1.0,2.0,2.0,3.0,5.0,6.0,5.0,6.0,5.0,5.0,5.0,6.0,3.66,3.67,3.66,4.67,1.67,2.33,5.0,5.67,5.5,3.66,4.16,2.0,5.34
3313,5.0,6.0,4.0,6.0,5.0,5.0,5.0,5.0,5.0,5.0,5.0,5.0,4.0,4.0,5.0,5.0,3.0,3.0,5.0,6.0,6.0,6.0,6.0,7.0,4.0,6.0,5.0,6.0,3.0,6.0,4.67,5.67,5.0,5.01,4.0,4.0,5.67,6.33,4.0,6.0,5.17,5.0,4.0,6.0,5.0
3314,1.0,1.0,1.0,1.0,1.0,1.0,3.0,3.0,4.0,2.0,3.0,3.0,7.0,6.0,5.0,5.0,6.0,6.0,3.0,4.0,4.0,4.0,5.0,5.0,3.0,4.0,2.0,3.0,2.0,4.0,1.0,1.0,3.33,2.66,6.02,5.69,4.0,4.33,2.33,3.67,1.0,3.0,5.86,4.16,3.0
3315,3.0,2.0,3.0,4.0,2.0,3.0,4.0,4.0,5.0,4.0,5.0,5.0,3.0,3.0,3.0,3.0,2.0,2.0,3.0,3.0,2.0,3.0,3.0,4.0,1.0,1.0,1.0,1.0,1.0,1.0,2.67,3.0,4.67,4.34,2.65,2.66,2.67,3.33,1.0,1.0,2.84,4.5,2.66,3.0,1.0
3316,4.0,4.0,4.0,4.0,3.0,4.0,6.0,5.0,6.0,5.0,5.0,5.0,1.0,1.0,2.0,2.0,2.0,2.0,5.0,5.0,5.0,6.0,4.0,5.0,2.0,4.0,2.0,3.0,2.0,4.0,3.67,4.0,5.68,5.01,1.67,1.66,4.67,5.33,2.0,3.67,3.84,5.34,1.66,5.0,2.84
3317,1.0,1.0,1.0,1.0,1.0,1.0,3.0,2.0,3.0,3.0,2.0,3.0,1.0,2.0,1.0,1.0,1.0,1.0,1.0,2.0,2.0,3.0,2.0,3.0,4.0,5.0,6.0,6.0,6.0,6.0,1.0,1.0,2.66,2.66,1.0,1.32,1.67,2.67,5.33,5.67,1.0,2.66,1.16,2.17,5.5
3318,3.0,4.0,3.0,3.0,3.0,3.0,4.0,3.0,4.0,4.0,5.0,5.0,4.0,5.0,4.0,4.0,4.0,3.0,5.0,5.0,5.0,5.0,4.0,4.0,2.0,2.0,1.0,2.0,2.0,3.0,3.0,3.34,4.33,4.0,4.01,4.0,4.67,4.67,1.67,2.33,3.17,4.16,4.0,4.67,2.0
3319,7.0,7.0,7.0,7.0,7.0,7.0,5.0,4.0,4.0,4.0,4.0,3.0,5.0,5.0,4.0,5.0,4.0,6.0,4.0,4.0,4.0,4.0,4.0,4.0,6.0,6.0,6.0,7.0,6.0,7.0,7.0,7.0,4.34,3.67,4.34,5.36,4.0,4.0,6.0,6.67,7.0,4.0,4.85,4.0,6.34
3320,2.0,3.0,3.0,2.0,3.0,4.0,6.0,6.0,6.0,6.0,6.0,6.0,4.0,4.0,5.0,6.0,4.0,4.0,5.0,6.0,6.0,6.0,6.0,7.0,4.0,5.0,4.0,4.0,5.0,5.0,2.66,3.0,6.01,6.01,4.35,4.67,5.67,6.33,4.33,4.67,2.83,6.01,4.51,6.0,4.5
3321,2.0,3.0,2.0,2.0,1.0,2.0,7.0,7.0,7.0,7.0,7.0,7.0,4.0,5.0,3.0,4.0,4.0,4.0,2.0,3.0,2.0,3.0,3.0,3.0,3.0,4.0,4.0,4.0,4.0,4.0,1.67,2.34,7.0,7.0,3.68,4.34,2.33,3.0,3.67,4.0,2.0,7.0,4.01,2.66,3.84
3322,4.0,5.0,4.0,4.0,5.0,6.0,2.0,2.0,2.0,1.0,2.0,1.0,1.0,2.0,1.0,1.0,1.0,1.0,4.0,4.0,3.0,4.0,3.0,4.0,1.0,2.0,1.0,2.0,2.0,2.0,4.33,5.0,1.99,1.32,1.0,1.32,3.33,4.0,1.33,2.0,4.66,1.66,1.16,3.66,1.66
3323,6.0,6.0,5.0,5.0,5.0,6.0,3.0,4.0,5.0,4.0,4.0,4.0,2.0,3.0,2.0,2.0,2.0,2.0,5.0,5.0,4.0,5.0,5.0,4.0,2.0,3.0,3.0,4.0,2.0,3.0,5.34,5.67,4.0,4.0,2.0,2.32,4.67,4.67,2.33,3.33,5.5,4.0,2.16,4.67,2.83
3324,5.0,6.0,5.0,5.0,4.0,5.0,5.0,5.0,4.0,4.0,5.0,4.0,2.0,2.0,3.0,3.0,2.0,3.0,2.0,3.0,2.0,3.0,2.0,3.0,5.0,6.0,7.0,7.0,7.0,7.0,4.67,5.34,4.67,4.34,2.33,2.67,2.0,3.0,6.33,6.67,5.0,4.5,2.5,2.5,6.5
3325,2.0,2.0,1.0,2.0,1.0,1.0,5.0,5.0,5.0,6.0,5.0,5.0,3.0,4.0,3.0,3.0,3.0,3.0,3.0,3.0,3.0,3.0,3.0,4.0,4.0,5.0,4.0,4.0,4.0,5.0,1.34,1.67,5.0,5.34,3.0,3.33,3.0,3.33,4.0,4.67,1.5,5.17,3.16,3.16,4.34
3326,5.0,6.0,5.0,5.0,5.0,6.0,4.0,4.0,4.0,5.0,5.0,5.0,3.0,3.0,3.0,3.0,2.0,2.0,5.0,6.0,5.0,5.0,5.0,5.0,4.0,5.0,3.0,4.0,4.0,5.0,5.0,5.67,4.33,4.67,2.65,2.66,5.0,5.33,3.67,4.67,5.34,4.5,2.66,5.16,4.17
3327,2.0,4.0,4.0,4.0,3.0,4.0,5.0,4.0,5.0,5.0,5.0,5.0,6.0,7.0,6.0,6.0,4.0,5.0,6.0,7.0,5.0,6.0,6.0,7.0,3.0,4.0,3.0,4.0,4.0,4.0,3.0,4.0,5.0,4.67,5.33,6.01,5.67,6.67,3.33,4.0,3.5,4.84,5.67,6.17,3.66
3328,6.0,6.0,6.0,5.0,5.0,6.0,3.0,2.0,2.0,2.0,2.0,2.0,6.0,7.0,5.0,5.0,4.0,5.0,2.0,3.0,3.0,4.0,3.0,3.0,1.0,1.0,1.0,1.0,1.0,1.0,5.67,5.67,2.33,1.99,5.0,5.68,2.67,3.33,1.0,1.0,5.67,2.16,5.34,3.0,1.0
3329,2.0,3.0,2.0,4.0,3.0,3.0,2.0,3.0,4.0,4.0,4.0,3.0,1.0,1.0,1.0,1.0,1.0,1.0,3.0,3.0,2.0,3.0,2.0,3.0,3.0,4.0,3.0,4.0,3.0,4.0,2.33,3.33,3.33,3.33,1.0,1.0,2.33,3.0,3.0,4.0,2.83,3.33,1.0,2.66,3.5
3330,6.0,6.0,6.0,6.0,6.0,6.0,7.0,7.0,7.0,6.0,6.0,6.0,4.0,4.0,3.0,2.0,2.0,4.0,4.0,5.0,4.0,5.0,4.0,4.0,3.0,4.0,4.0,5.0,3.0,4.0,6.0,6.0,6.68,6.35,2.98,3.34,4.0,4.67,3.33,4.33,6.0,6.52,3.16,4.34,3.83
3331,3.0,5.0,5.0,6.0,6.0,6.0,4.0,5.0,4.0,4.0,4.0,4.0,6.0,7.0,6.0,7.0,5.0,5.0,1.0,2.0,2.0,3.0,2.0,2.0,5.0,5.0,5.0,6.0,6.0,5.0,4.65,5.66,4.0,4.34,5.68,6.34,1.67,2.33,5.33,5.33,5.16,4.17,6.01,2.0,5.33
3332,2.0,3.0,3.0,3.0,3.0,4.0,4.0,4.0,5.0,5.0,5.0,5.0,7.0,6.0,6.0,6.0,5.0,5.0,3.0,3.0,3.0,4.0,3.0,3.0,3.0,5.0,5.0,5.0,4.0,5.0,2.66,3.33,4.67,4.67,6.01,5.68,3.0,3.33,4.0,5.0,3.0,4.67,5.84,3.16,4.5
3333,5.0,6.0,5.0,6.0,6.0,6.0,3.0,4.0,3.0,3.0,3.0,4.0,4.0,6.0,4.0,5.0,4.0,5.0,1.0,1.0,1.0,2.0,1.0,1.0,2.0,3.0,3.0,4.0,2.0,2.0,5.33,6.0,3.0,3.67,4.01,5.35,1.0,1.33,2.33,3.0,5.66,3.34,4.68,1.16,2.66
3334,7.0,7.0,7.0,7.0,7.0,7.0,4.0,4.0,4.0,3.0,4.0,3.0,6.0,6.0,5.0,5.0,4.0,4.0,4.0,4.0,4.0,4.0,4.0,4.0,4.0,5.0,5.0,6.0,4.0,6.0,7.0,7.0,4.0,3.33,5.0,5.0,4.0,4.0,4.33,5.67,7.0,3.66,5.0,4.0,5.0
3335,1.0,1.0,1.0,1.0,1.0,1.0,3.0,2.0,4.0,4.0,4.0,4.0,1.0,2.0,1.0,2.0,1.0,1.0,3.0,4.0,2.0,3.0,3.0,4.0,5.0,5.0,3.0,5.0,3.0,4.0,1.0,1.0,3.66,3.33,1.0,1.65,2.67,3.67,3.67,4.67,1.0,3.5,1.32,3.17,4.17
3336,5.0,5.0,4.0,4.0,4.0,5.0,6.0,5.0,5.0,6.0,5.0,5.0,5.0,5.0,5.0,4.0,4.0,5.0,1.0,2.0,1.0,2.0,1.0,2.0,6.0,6.0,6.0,7.0,6.0,7.0,4.34,4.67,5.34,5.34,4.67,4.68,1.0,2.0,6.0,6.67,4.5,5.34,4.68,1.5,6.34
3337,5.0,5.0,5.0,5.0,5.0,5.0,2.0,2.0,3.0,2.0,3.0,2.0,3.0,4.0,4.0,4.0,3.0,4.0,2.0,3.0,4.0,4.0,3.0,4.0,4.0,5.0,4.0,5.0,5.0,5.0,5.0,5.0,2.66,1.99,3.34,4.01,3.0,3.67,4.33,5.0,5.0,2.33,3.68,3.34,4.66
3338,4.0,5.0,4.0,4.0,3.0,5.0,4.0,4.0,5.0,5.0,5.0,4.0,1.0,1.0,1.0,1.0,1.0,2.0,4.0,4.0,3.0,5.0,4.0,5.0,2.0,3.0,2.0,3.0,2.0,4.0,3.67,4.67,4.67,4.34,1.0,1.33,3.67,4.67,2.0,3.33,4.17,4.5,1.16,4.17,2.66
3339,4.0,4.0,4.0,5.0,4.0,5.0,6.0,6.0,5.0,6.0,6.0,6.0,2.0,3.0,1.0,3.0,2.0,2.0,4.0,5.0,4.0,5.0,4.0,4.0,3.0,5.0,3.0,6.0,4.0,5.0,4.0,4.66,5.67,6.01,1.66,2.66,4.0,4.67,3.33,5.33,4.33,5.84,2.16,4.34,4.33
3340,2.0,3.0,2.0,3.0,4.0,4.0,4.0,4.0,4.0,4.0,4.0,4.0,3.0,4.0,4.0,4.0,3.0,3.0,1.0,2.0,2.0,3.0,2.0,2.0,3.0,3.0,4.0,3.0,3.0,4.0,2.66,3.33,4.0,4.0,3.34,3.66,1.67,2.33,3.33,3.33,3.0,4.0,3.5,2.0,3.33
3341,3.0,3.0,2.0,3.0,5.0,4.0,6.0,6.0,7.0,6.0,6.0,6.0,5.0,6.0,6.0,6.0,3.0,5.0,4.0,6.0,4.0,4.0,5.0,6.0,6.0,7.0,5.0,6.0,6.0,7.0,3.32,3.33,6.34,6.01,4.65,5.68,4.33,5.33,5.67,6.67,3.32,6.18,5.16,4.83,6.17
3342,1.0,2.0,1.0,2.0,2.0,1.0,5.0,4.0,5.0,5.0,5.0,6.0,3.0,4.0,3.0,4.0,2.0,3.0,4.0,5.0,4.0,5.0,5.0,5.0,3.0,3.0,2.0,4.0,2.0,2.0,1.33,1.67,5.0,5.01,2.65,3.66,4.33,5.0,2.33,3.0,1.5,5.0,3.16,4.66,2.66
3343,1.0,1.0,2.0,2.0,1.0,2.0,3.0,4.0,5.0,4.0,5.0,4.0,5.0,5.0,5.0,5.0,5.0,5.0,4.0,5.0,3.0,4.0,3.0,4.0,2.0,4.0,3.0,4.0,3.0,5.0,1.33,1.66,4.33,4.0,5.02,5.01,3.33,4.33,2.67,4.33,1.5,4.16,5.01,3.83,3.5
3344,3.0,4.0,3.0,3.0,3.0,4.0,3.0,3.0,3.0,3.0,4.0,2.0,3.0,4.0,3.0,3.0,2.0,3.0,5.0,4.0,5.0,4.0,4.0,5.0,5.0,6.0,5.0,6.0,4.0,6.0,3.0,3.67,3.33,2.66,2.65,3.33,4.67,4.33,4.67,6.0,3.34,3.0,2.99,4.5,5.34
3345,1.0,1.0,1.0,1.0,1.0,2.0,4.0,3.0,4.0,4.0,3.0,3.0,4.0,5.0,5.0,6.0,4.0,6.0,3.0,5.0,2.0,4.0,3.0,4.0,4.0,4.0,4.0,4.0,4.0,5.0,1.0,1.33,3.67,3.33,4.35,5.69,2.67,4.33,4.0,4.33,1.16,3.5,5.02,3.5,4.16
3346,1.0,2.0,2.0,3.0,2.0,2.0,3.0,2.0,3.0,3.0,4.0,3.0,3.0,4.0,4.0,4.0,3.0,5.0,4.0,5.0,4.0,4.0,4.0,5.0,4.0,5.0,4.0,6.0,4.0,5.0,1.66,2.33,3.33,2.66,3.34,4.35,4.0,4.67,4.0,5.33,2.0,3.0,3.84,4.34,4.66
3347,5.0,6.0,6.0,7.0,6.0,7.0,3.0,3.0,3.0,4.0,4.0,4.0,6.0,7.0,6.0,6.0,6.0,6.0,6.0,6.0,5.0,6.0,5.0,6.0,4.0,5.0,4.0,5.0,3.0,4.0,5.66,6.67,3.33,3.67,6.03,6.35,5.33,6.0,3.67,4.67,6.16,3.5,6.19,5.66,4.17
3348,2.0,2.0,1.0,2.0,2.0,3.0,3.0,3.0,4.0,3.0,2.0,2.0,6.0,7.0,7.0,7.0,6.0,7.0,2.0,3.0,3.0,4.0,2.0,4.0,3.0,4.0,4.0,4.0,3.0,4.0,1.67,2.33,3.0,2.66,6.36,7.0,2.33,3.67,3.33,4.0,2.0,2.83,6.68,3.0,3.66
3349,3.0,5.0,4.0,4.0,4.0,6.0,5.0,4.0,4.0,4.0,4.0,5.0,3.0,4.0,3.0,4.0,3.0,3.0,2.0,2.0,2.0,2.0,1.0,2.0,1.0,2.0,2.0,3.0,1.0,1.0,3.66,5.0,4.34,4.34,3.0,3.66,1.67,2.0,1.33,2.0,4.33,4.34,3.33,1.84,1.66
3350,2.0,2.0,2.0,2.0,2.0,4.0,1.0,2.0,2.0,2.0,3.0,2.0,3.0,3.0,3.0,3.0,1.0,2.0,2.0,3.0,2.0,3.0,2.0,3.0,2.0,3.0,3.0,4.0,2.0,3.0,2.0,2.66,1.99,1.99,2.31,2.66,2.0,3.0,2.33,3.33,2.33,1.99,2.49,2.5,2.83
3351,1.0,2.0,1.0,2.0,1.0,2.0,5.0,5.0,6.0,6.0,6.0,6.0,2.0,3.0,3.0,3.0,2.0,3.0,4.0,4.0,5.0,6.0,5.0,6.0,5.0,6.0,6.0,6.0,6.0,7.0,1.0,2.0,5.67,5.68,2.33,3.0,4.67,5.33,5.67,6.33,1.5,5.68,2.66,5.0,6.0
3352,2.0,2.0,1.0,2.0,2.0,4.0,1.0,1.0,1.0,1.0,1.0,1.0,2.0,3.0,3.0,2.0,2.0,3.0,2.0,2.0,1.0,2.0,1.0,2.0,2.0,3.0,3.0,3.0,2.0,3.0,1.67,2.66,1.0,1.0,2.33,2.67,1.33,2.0,2.33,3.0,2.16,1.0,2.5,1.66,2.66
3353,1.0,2.0,1.0,1.0,1.0,1.0,3.0,3.0,4.0,4.0,5.0,4.0,3.0,3.0,3.0,3.0,2.0,2.0,5.0,5.0,4.0,5.0,4.0,5.0,4.0,5.0,5.0,7.0,4.0,6.0,1.0,1.34,4.0,3.67,2.65,2.66,4.33,5.0,4.33,6.0,1.17,3.84,2.66,4.66,5.16
3354,6.0,6.0,6.0,6.0,5.0,6.0,6.0,6.0,6.0,6.0,7.0,6.0,2.0,3.0,2.0,2.0,1.0,1.0,3.0,3.0,2.0,3.0,2.0,4.0,3.0,3.0,3.0,4.0,3.0,4.0,5.67,6.0,6.34,6.01,1.65,1.98,2.33,3.33,3.0,3.67,5.84,6.18,1.82,2.83,3.34
3355,4.0,5.0,3.0,5.0,3.0,3.0,1.0,1.0,3.0,2.0,3.0,3.0,1.0,1.0,1.0,1.0,1.0,1.0,5.0,6.0,4.0,4.0,5.0,5.0,3.0,4.0,4.0,5.0,5.0,4.0,3.34,4.34,2.32,1.99,1.0,1.0,4.67,5.0,4.0,4.33,3.84,2.15,1.0,4.84,4.16
3356,1.0,1.0,1.0,1.0,1.0,1.0,3.0,2.0,4.0,3.0,3.0,3.0,4.0,4.0,3.0,4.0,2.0,3.0,1.0,2.0,1.0,2.0,1.0,2.0,1.0,1.0,1.0,1.0,1.0,1.0,1.0,1.0,3.33,2.66,2.98,3.66,1.0,2.0,1.0,1.0,1.0,3.0,3.32,1.5,1.0
3357,1.0,1.0,1.0,1.0,1.0,1.0,2.0,3.0,4.0,4.0,4.0,4.0,6.0,6.0,6.0,7.0,5.0,6.0,5.0,6.0,6.0,6.0,6.0,6.0,4.0,5.0,5.0,6.0,4.0,5.0,1.0,1.0,3.33,3.67,5.68,6.35,5.67,6.0,4.33,5.33,1.0,3.5,6.02,5.84,4.83
3358,2.0,2.0,3.0,3.0,3.0,3.0,5.0,4.0,6.0,5.0,5.0,5.0,2.0,3.0,2.0,3.0,2.0,3.0,4.0,4.0,3.0,4.0,3.0,4.0,4.0,3.0,4.0,3.0,3.0,4.0,2.66,2.66,5.34,4.67,2.0,3.0,3.33,4.0,3.67,3.33,2.66,5.0,2.5,3.66,3.5
3359,5.0,4.0,3.0,5.0,4.0,5.0,3.0,2.0,2.0,1.0,2.0,2.0,4.0,5.0,4.0,3.0,3.0,4.0,4.0,6.0,4.0,6.0,5.0,5.0,4.0,5.0,5.0,5.0,5.0,6.0,4.0,4.66,2.33,1.66,3.66,4.01,4.33,5.67,4.67,5.33,4.33,2.0,3.84,5.0,5.0
3360,5.0,5.0,4.0,5.0,5.0,6.0,6.0,6.0,5.0,5.0,5.0,4.0,2.0,2.0,1.0,2.0,1.0,1.0,4.0,5.0,4.0,4.0,4.0,4.0,5.0,6.0,5.0,6.0,4.0,6.0,4.67,5.33,5.34,5.01,1.31,1.65,4.0,4.33,4.67,6.0,5.0,5.18,1.48,4.16,5.34
3361,5.0,5.0,3.0,6.0,6.0,5.0,3.0,3.0,3.0,3.0,2.0,3.0,5.0,6.0,4.0,5.0,4.0,5.0,5.0,5.0,4.0,6.0,5.0,5.0,3.0,3.0,2.0,3.0,3.0,3.0,4.66,5.33,2.66,3.0,4.34,5.35,4.67,5.33,2.67,3.0,5.0,2.83,4.84,5.0,2.84
3362,5.0,5.0,5.0,6.0,6.0,6.0,1.0,1.0,1.0,1.0,1.0,1.0,1.0,1.0,1.0,1.0,1.0,1.0,4.0,5.0,4.0,4.0,4.0,4.0,4.0,4.0,5.0,5.0,5.0,5.0,5.33,5.66,1.0,1.0,1.0,1.0,4.0,4.33,4.67,4.67,5.5,1.0,1.0,4.16,4.67
3363,1.0,2.0,1.0,1.0,1.0,1.0,6.0,5.0,6.0,4.0,5.0,5.0,3.0,3.0,2.0,2.0,2.0,2.0,4.0,5.0,5.0,6.0,5.0,6.0,1.0,1.0,1.0,1.0,1.0,2.0,1.0,1.34,5.68,4.67,2.32,2.32,4.67,5.67,1.0,1.33,1.17,5.18,2.32,5.17,1.16
3364,1.0,2.0,1.0,2.0,2.0,2.0,4.0,3.0,4.0,4.0,3.0,4.0,1.0,2.0,2.0,2.0,1.0,2.0,3.0,3.0,3.0,3.0,2.0,3.0,3.0,5.0,3.0,3.0,4.0,4.0,1.33,2.0,3.67,3.67,1.32,1.99,2.67,3.0,3.33,4.0,1.66,3.67,1.66,2.84,3.66
3365,1.0,1.0,1.0,1.0,1.0,1.0,3.0,3.0,3.0,3.0,3.0,2.0,1.0,2.0,1.0,1.0,1.0,1.0,3.0,3.0,2.0,3.0,2.0,2.0,1.0,3.0,2.0,4.0,2.0,4.0,1.0,1.0,3.0,2.66,1.0,1.32,2.33,2.67,1.67,3.67,1.0,2.83,1.16,2.5,2.67
3366,2.0,3.0,3.0,3.0,3.0,3.0,6.0,5.0,6.0,6.0,6.0,6.0,6.0,6.0,6.0,6.0,5.0,6.0,2.0,3.0,2.0,3.0,1.0,2.0,5.0,6.0,4.0,6.0,4.0,6.0,2.66,3.0,6.01,5.68,5.68,6.02,1.67,2.67,4.33,6.0,2.83,5.84,5.85,2.17,5.16
3367,7.0,7.0,7.0,7.0,7.0,7.0,5.0,5.0,6.0,5.0,5.0,5.0,3.0,3.0,2.0,3.0,3.0,3.0,6.0,7.0,7.0,7.0,7.0,7.0,6.0,6.0,6.0,6.0,5.0,7.0,7.0,7.0,5.34,5.01,2.67,3.0,6.67,7.0,5.67,6.33,7.0,5.18,2.84,6.84,6.0
3368,3.0,5.0,4.0,5.0,5.0,4.0,2.0,2.0,3.0,3.0,3.0,3.0,3.0,3.0,3.0,4.0,3.0,3.0,6.0,6.0,6.0,6.0,6.0,6.0,3.0,4.0,4.0,5.0,5.0,5.0,3.99,4.67,2.66,2.66,3.0,3.33,6.0,6.0,4.0,4.67,4.33,2.66,3.16,6.0,4.34
3369,2.0,3.0,2.0,2.0,3.0,4.0,3.0,3.0,4.0,4.0,4.0,4.0,5.0,6.0,6.0,6.0,5.0,6.0,5.0,5.0,6.0,6.0,6.0,6.0,6.0,7.0,6.0,7.0,7.0,7.0,2.33,3.0,3.66,3.67,5.35,6.02,5.67,5.67,6.33,7.0,2.66,3.66,5.68,5.67,6.66
3370,7.0,7.0,7.0,7.0,7.0,7.0,4.0,3.0,3.0,3.0,4.0,3.0,7.0,7.0,7.0,7.0,6.0,7.0,4.0,5.0,4.0,6.0,4.0,4.0,5.0,6.0,4.0,5.0,5.0,6.0,7.0,7.0,3.67,3.0,6.69,7.0,4.0,5.0,4.67,5.67,7.0,3.34,6.85,4.5,5.17
3371,1.0,1.0,1.0,1.0,1.0,1.0,3.0,2.0,2.0,3.0,2.0,2.0,3.0,3.0,3.0,3.0,3.0,3.0,2.0,2.0,2.0,2.0,2.0,3.0,2.0,3.0,3.0,4.0,4.0,5.0,1.0,1.0,2.33,2.33,3.0,3.0,2.0,2.33,3.0,4.0,1.0,2.33,3.0,2.16,3.5
3372,2.0,1.0,2.0,3.0,2.0,3.0,1.0,1.0,1.0,1.0,1.0,1.0,4.0,4.0,3.0,4.0,3.0,4.0,4.0,5.0,5.0,5.0,4.0,5.0,6.0,7.0,5.0,6.0,5.0,6.0,2.0,2.33,1.0,1.0,3.33,4.01,4.33,5.0,5.33,6.33,2.16,1.0,3.67,4.66,5.83
3373,7.0,7.0,7.0,7.0,7.0,7.0,6.0,7.0,7.0,6.0,6.0,6.0,2.0,2.0,2.0,3.0,2.0,3.0,3.0,5.0,4.0,4.0,4.0,5.0,4.0,4.0,3.0,4.0,4.0,5.0,7.0,7.0,6.34,6.35,2.0,2.67,3.67,4.67,3.67,4.33,7.0,6.34,2.34,4.17,4.0
3374,6.0,6.0,5.0,6.0,6.0,6.0,5.0,5.0,5.0,5.0,5.0,4.0,3.0,3.0,3.0,3.0,3.0,3.0,1.0,1.0,1.0,2.0,1.0,1.0,1.0,2.0,2.0,3.0,2.0,3.0,5.67,6.0,5.0,4.67,3.0,3.0,1.0,1.33,1.67,2.67,5.84,4.84,3.0,1.16,2.17
3375,3.0,3.0,3.0,3.0,2.0,3.0,4.0,4.0,4.0,4.0,4.0,4.0,5.0,6.0,6.0,5.0,4.0,4.0,6.0,6.0,5.0,6.0,6.0,6.0,5.0,5.0,4.0,5.0,4.0,5.0,2.67,3.0,4.0,4.0,5.0,5.0,5.67,6.0,4.33,5.0,2.84,4.0,5.0,5.84,4.66
3376,2.0,3.0,2.0,1.0,1.0,3.0,4.0,3.0,5.0,4.0,5.0,4.0,1.0,1.0,1.0,1.0,1.0,1.0,5.0,6.0,5.0,5.0,5.0,6.0,5.0,5.0,4.0,6.0,5.0,6.0,1.67,2.33,4.67,3.67,1.0,1.0,5.0,5.67,4.67,5.67,2.0,4.17,1.0,5.34,5.17
3377,5.0,4.0,3.0,4.0,6.0,4.0,3.0,2.0,3.0,3.0,3.0,3.0,1.0,2.0,1.0,1.0,1.0,2.0,3.0,3.0,3.0,4.0,2.0,4.0,3.0,3.0,3.0,4.0,3.0,3.0,4.66,4.0,3.0,2.66,1.0,1.66,2.67,3.67,3.0,3.33,4.33,2.83,1.33,3.17,3.16
3378,4.0,5.0,5.0,4.0,5.0,6.0,3.0,2.0,3.0,3.0,3.0,2.0,2.0,2.0,2.0,2.0,1.0,2.0,4.0,5.0,3.0,5.0,5.0,5.0,1.0,2.0,2.0,3.0,1.0,2.0,4.66,5.0,3.0,2.33,1.65,1.99,4.0,5.0,1.33,2.33,4.83,2.66,1.82,4.5,1.83
3379,2.0,2.0,2.0,4.0,2.0,3.0,6.0,5.0,5.0,5.0,5.0,5.0,4.0,5.0,5.0,4.0,4.0,4.0,4.0,4.0,4.0,5.0,4.0,5.0,2.0,4.0,4.0,5.0,3.0,4.0,2.0,3.0,5.34,5.01,4.35,4.34,4.0,4.67,3.0,4.33,2.5,5.18,4.34,4.34,3.66
3380,1.0,1.0,1.0,1.0,1.0,1.0,3.0,3.0,3.0,4.0,4.0,1.0,1.0,1.0,1.0,1.0,1.0,1.0,4.0,4.0,3.0,4.0,5.0,3.0,2.0,3.0,3.0,4.0,2.0,4.0,1.0,1.0,3.33,2.66,1.0,1.0,4.0,3.67,2.33,3.67,1.0,3.0,1.0,3.84,3.0
3381,3.0,4.0,4.0,3.0,3.0,4.0,3.0,3.0,4.0,4.0,4.0,4.0,1.0,2.0,1.0,2.0,1.0,1.0,1.0,1.0,1.0,1.0,1.0,1.0,4.0,6.0,5.0,6.0,5.0,5.0,3.33,3.67,3.66,3.67,1.0,1.65,1.0,1.0,4.67,5.67,3.5,3.66,1.32,1.0,5.17
3382,4.0,4.0,5.0,5.0,4.0,5.0,2.0,1.0,3.0,3.0,2.0,2.0,2.0,3.0,3.0,3.0,2.0,3.0,5.0,5.0,4.0,4.0,4.0,4.0,4.0,5.0,3.0,5.0,3.0,5.0,4.33,4.66,2.33,1.99,2.33,3.0,4.33,4.33,3.33,5.0,4.5,2.16,2.66,4.33,4.16
3383,4.0,4.0,4.0,5.0,5.0,6.0,6.0,6.0,7.0,7.0,6.0,4.0,2.0,2.0,1.0,1.0,1.0,1.0,5.0,5.0,4.0,5.0,5.0,5.0,5.0,6.0,5.0,6.0,5.0,5.0,4.33,5.0,6.34,5.68,1.31,1.32,4.67,5.0,5.0,5.67,4.66,6.01,1.32,4.84,5.34
3384,5.0,5.0,6.0,6.0,5.0,6.0,3.0,3.0,3.0,2.0,4.0,3.0,2.0,2.0,2.0,2.0,1.0,2.0,3.0,4.0,3.0,3.0,2.0,3.0,3.0,4.0,2.0,4.0,2.0,3.0,5.34,5.66,3.33,2.66,1.65,1.99,2.67,3.33,2.33,3.67,5.5,3.0,1.82,3.0,3.0
3385,5.0,5.0,6.0,5.0,5.0,6.0,3.0,3.0,3.0,3.0,4.0,3.0,2.0,1.0,2.0,1.0,1.0,2.0,5.0,6.0,4.0,5.0,5.0,5.0,3.0,5.0,6.0,7.0,6.0,7.0,5.34,5.33,3.33,3.0,1.65,1.33,4.67,5.33,5.0,6.33,5.34,3.16,1.49,5.0,5.66
3386,1.0,2.0,1.0,2.0,1.0,2.0,4.0,4.0,5.0,5.0,5.0,4.0,3.0,3.0,3.0,3.0,2.0,3.0,5.0,7.0,6.0,7.0,6.0,7.0,4.0,5.0,4.0,5.0,4.0,5.0,1.0,2.0,4.67,4.34,2.65,3.0,5.67,7.0,4.0,5.0,1.5,4.5,2.82,6.34,4.5
3387,2.0,2.0,2.0,1.0,2.0,2.0,3.0,2.0,3.0,4.0,4.0,4.0,5.0,4.0,3.0,5.0,4.0,4.0,1.0,1.0,1.0,2.0,1.0,2.0,3.0,4.0,4.0,4.0,5.0,4.0,2.0,1.67,3.33,3.33,4.01,4.34,1.0,1.67,4.0,4.0,1.84,3.33,4.18,1.34,4.0
3388,3.0,4.0,3.0,2.0,2.0,2.0,2.0,3.0,4.0,4.0,3.0,2.0,1.0,3.0,1.0,2.0,1.0,1.0,1.0,2.0,2.0,2.0,2.0,2.0,1.0,2.0,1.0,2.0,1.0,2.0,2.67,2.67,3.0,3.0,1.0,1.98,1.67,2.0,1.0,2.0,2.67,3.0,1.49,1.84,1.5
3389,1.0,1.0,1.0,1.0,1.0,1.0,4.0,3.0,4.0,4.0,4.0,4.0,4.0,5.0,3.0,4.0,2.0,3.0,4.0,4.0,3.0,4.0,3.0,4.0,4.0,5.0,4.0,5.0,4.0,5.0,1.0,1.0,4.0,3.67,2.98,4.0,3.33,4.0,4.0,5.0,1.0,3.84,3.49,3.66,4.5
3390,1.0,1.0,1.0,1.0,1.0,1.0,3.0,3.0,4.0,4.0,4.0,4.0,3.0,3.0,1.0,2.0,1.0,2.0,3.0,4.0,3.0,4.0,2.0,3.0,3.0,4.0,2.0,3.0,3.0,3.0,1.0,1.0,3.66,3.67,1.64,2.32,2.67,3.67,2.67,3.33,1.0,3.66,1.98,3.17,3.0
3391,3.0,3.0,1.0,2.0,3.0,2.0,3.0,1.0,4.0,3.0,3.0,3.0,5.0,6.0,6.0,5.0,5.0,5.0,6.0,7.0,7.0,7.0,6.0,7.0,6.0,7.0,6.0,7.0,7.0,7.0,2.33,2.34,3.33,2.33,5.35,5.35,6.33,7.0,6.33,7.0,2.34,2.83,5.35,6.66,6.66
3392,1.0,1.0,1.0,1.0,1.0,2.0,2.0,1.0,2.0,2.0,2.0,1.0,3.0,3.0,3.0,3.0,2.0,4.0,3.0,3.0,3.0,3.0,3.0,4.0,1.0,3.0,3.0,4.0,3.0,3.0,1.0,1.33,1.99,1.32,2.65,3.34,3.0,3.33,2.33,3.33,1.16,1.66,3.0,3.16,2.83
3393,5.0,6.0,5.0,6.0,6.0,6.0,3.0,3.0,4.0,3.0,3.0,4.0,4.0,5.0,5.0,6.0,5.0,5.0,4.0,4.0,4.0,4.0,5.0,6.0,5.0,5.0,5.0,6.0,5.0,5.0,5.33,6.0,3.33,3.33,4.7,5.35,4.33,4.67,5.0,5.33,5.66,3.33,5.03,4.5,5.16
3394,1.0,1.0,1.0,1.0,1.0,2.0,5.0,4.0,6.0,5.0,6.0,5.0,2.0,2.0,1.0,2.0,1.0,2.0,1.0,2.0,1.0,1.0,1.0,1.0,2.0,3.0,2.0,4.0,2.0,3.0,1.0,1.33,5.67,4.67,1.31,1.99,1.0,1.33,2.0,3.33,1.16,5.17,1.65,1.16,2.66
3395,6.0,7.0,7.0,7.0,7.0,7.0,4.0,4.0,4.0,5.0,4.0,3.0,2.0,2.0,2.0,3.0,2.0,2.0,5.0,6.0,6.0,6.0,6.0,6.0,2.0,2.0,2.0,3.0,3.0,3.0,6.66,7.0,4.0,4.0,2.0,2.32,5.67,6.0,2.33,2.67,6.83,4.0,2.16,5.84,2.5
3396,5.0,6.0,4.0,6.0,6.0,6.0,3.0,4.0,3.0,3.0,3.0,4.0,1.0,1.0,1.0,1.0,1.0,1.0,3.0,5.0,5.0,4.0,4.0,5.0,5.0,5.0,3.0,5.0,4.0,6.0,5.0,6.0,3.0,3.67,1.0,1.0,4.0,4.67,4.0,5.33,5.5,3.34,1.0,4.34,4.66
3397,2.0,3.0,1.0,1.0,2.0,2.0,3.0,3.0,4.0,3.0,4.0,3.0,3.0,4.0,4.0,3.0,2.0,2.0,4.0,4.0,4.0,4.0,3.0,4.0,3.0,3.0,2.0,3.0,2.0,3.0,1.67,2.0,3.66,3.0,2.99,2.99,3.67,4.0,2.33,3.0,1.84,3.33,2.99,3.84,2.66
3398,3.0,3.0,3.0,3.0,2.0,3.0,2.0,1.0,3.0,3.0,2.0,2.0,2.0,3.0,2.0,2.0,2.0,2.0,3.0,5.0,3.0,4.0,4.0,5.0,1.0,3.0,2.0,3.0,2.0,3.0,2.67,3.0,2.33,1.99,2.0,2.32,3.33,4.67,1.67,3.0,2.84,2.16,2.16,4.0,2.34
3399,4.0,3.0,4.0,3.0,2.0,3.0,3.0,3.0,3.0,3.0,3.0,3.0,3.0,3.0,4.0,4.0,2.0,3.0,4.0,5.0,4.0,5.0,5.0,5.0,3.0,3.0,3.0,3.0,3.0,3.0,3.34,3.0,3.0,3.0,2.99,3.33,4.33,5.0,3.0,3.0,3.17,3.0,3.16,4.66,3.0
3400,3.0,3.0,2.0,4.0,4.0,3.0,5.0,4.0,6.0,5.0,6.0,5.0,3.0,3.0,2.0,2.0,2.0,3.0,4.0,5.0,4.0,6.0,5.0,5.0,2.0,3.0,4.0,5.0,3.0,5.0,3.0,3.33,5.67,4.67,2.32,2.67,4.33,5.33,3.0,4.33,3.16,5.17,2.5,4.83,3.66
3401,2.0,2.0,2.0,3.0,2.0,2.0,5.0,6.0,6.0,7.0,6.0,5.0,5.0,6.0,5.0,5.0,5.0,6.0,4.0,5.0,6.0,5.0,5.0,5.0,5.0,5.0,4.0,6.0,6.0,6.0,2.0,2.33,5.67,6.01,5.02,5.69,5.0,5.0,5.0,5.67,2.16,5.84,5.36,5.0,5.34
3402,5.0,5.0,5.0,5.0,5.0,5.0,5.0,5.0,6.0,6.0,6.0,6.0,2.0,3.0,2.0,2.0,2.0,1.0,3.0,3.0,3.0,4.0,4.0,4.0,4.0,5.0,5.0,5.0,5.0,5.0,5.0,5.0,5.67,5.68,2.0,1.98,3.33,3.67,4.67,5.0,5.0,5.68,1.99,3.5,4.84
3403,2.0,3.0,3.0,4.0,3.0,4.0,2.0,1.0,2.0,2.0,1.0,2.0,1.0,1.0,1.0,1.0,1.0,1.0,2.0,2.0,2.0,2.0,1.0,2.0,4.0,5.0,4.0,5.0,4.0,5.0,2.66,3.66,1.66,1.66,1.0,1.0,1.67,2.0,4.0,5.0,3.16,1.66,1.0,1.84,4.5
3404,3.0,4.0,3.0,5.0,3.0,3.0,6.0,5.0,6.0,6.0,6.0,6.0,4.0,5.0,4.0,5.0,3.0,4.0,6.0,6.0,5.0,6.0,5.0,6.0,4.0,5.0,4.0,5.0,4.0,5.0,3.0,4.0,6.01,5.68,3.66,4.67,5.33,6.0,4.0,5.0,3.5,5.84,4.16,5.66,4.5
3405,1.0,1.0,1.0,1.0,1.0,1.0,3.0,2.0,3.0,3.0,4.0,4.0,3.0,4.0,3.0,3.0,3.0,4.0,1.0,1.0,1.0,1.0,1.0,1.0,2.0,3.0,1.0,2.0,2.0,2.0,1.0,1.0,3.33,3.0,3.0,3.67,1.0,1.0,1.67,2.33,1.0,3.16,3.34,1.0,2.0
3406,6.0,7.0,6.0,6.0,5.0,6.0,3.0,3.0,4.0,4.0,2.0,4.0,3.0,2.0,2.0,2.0,3.0,3.0,4.0,4.0,3.0,4.0,3.0,4.0,4.0,4.0,4.0,4.0,3.0,5.0,5.67,6.34,3.0,3.67,2.67,2.33,3.33,4.0,3.67,4.33,6.0,3.34,2.5,3.66,4.0
3407,1.0,1.0,1.0,1.0,1.0,1.0,3.0,3.0,4.0,3.0,4.0,3.0,3.0,4.0,4.0,4.0,4.0,3.0,4.0,4.0,5.0,5.0,4.0,5.0,1.0,1.0,1.0,2.0,1.0,1.0,1.0,1.0,3.66,3.0,3.69,3.66,4.33,4.67,1.0,1.33,1.0,3.33,3.68,4.5,1.16
3408,1.0,2.0,2.0,1.0,2.0,3.0,3.0,3.0,3.0,4.0,2.0,2.0,4.0,5.0,3.0,3.0,3.0,3.0,4.0,4.0,4.0,5.0,4.0,5.0,2.0,2.0,2.0,2.0,2.0,3.0,1.66,2.0,2.66,3.0,3.33,3.66,4.0,4.67,2.0,2.33,1.83,2.83,3.5,4.34,2.16
3409,2.0,2.0,2.0,2.0,3.0,4.0,6.0,5.0,6.0,6.0,6.0,6.0,5.0,5.0,5.0,5.0,3.0,5.0,5.0,6.0,6.0,6.0,6.0,7.0,6.0,7.0,6.0,6.0,6.0,7.0,2.33,2.66,6.01,5.68,4.32,5.01,5.67,6.33,6.0,6.67,2.5,5.84,4.66,6.0,6.34
3410,2.0,2.0,2.0,4.0,3.0,3.0,1.0,1.0,1.0,1.0,1.0,1.0,1.0,1.0,1.0,1.0,1.0,1.0,1.0,1.0,1.0,1.0,1.0,1.0,4.0,5.0,4.0,5.0,4.0,5.0,2.33,3.0,1.0,1.0,1.0,1.0,1.0,1.0,4.0,5.0,2.66,1.0,1.0,1.0,4.5
3411,4.0,4.0,3.0,5.0,4.0,5.0,4.0,3.0,5.0,5.0,4.0,4.0,1.0,1.0,1.0,1.0,1.0,1.0,3.0,3.0,2.0,4.0,4.0,4.0,2.0,3.0,3.0,4.0,3.0,5.0,3.67,4.66,4.34,4.0,1.0,1.0,3.0,3.67,2.67,4.0,4.16,4.17,1.0,3.34,3.34
3412,1.0,2.0,1.0,2.0,1.0,1.0,4.0,4.0,5.0,5.0,5.0,5.0,6.0,7.0,5.0,6.0,4.0,5.0,7.0,7.0,7.0,7.0,7.0,7.0,4.0,5.0,4.0,6.0,4.0,5.0,1.0,1.67,4.67,4.67,5.0,6.01,7.0,7.0,4.0,5.33,1.34,4.67,5.5,7.0,4.66
3413,3.0,4.0,4.0,5.0,5.0,4.0,3.0,3.0,4.0,3.0,2.0,2.0,3.0,3.0,3.0,4.0,2.0,3.0,5.0,7.0,5.0,6.0,5.0,6.0,4.0,4.0,4.0,5.0,4.0,4.0,3.99,4.33,3.0,2.66,2.65,3.33,5.0,6.33,4.0,4.33,4.16,2.83,2.99,5.66,4.16
3414,3.0,3.0,2.0,2.0,2.0,3.0,2.0,1.0,2.0,2.0,2.0,2.0,3.0,3.0,2.0,3.0,3.0,3.0,3.0,4.0,3.0,4.0,3.0,4.0,1.0,2.0,1.0,1.0,1.0,2.0,2.34,2.67,1.99,1.66,2.67,3.0,3.0,4.0,1.0,1.67,2.5,1.82,2.84,3.5,1.34
3415,3.0,4.0,3.0,5.0,4.0,3.0,4.0,3.0,4.0,4.0,4.0,4.0,5.0,6.0,4.0,6.0,5.0,4.0,3.0,4.0,2.0,3.0,3.0,3.0,6.0,5.0,5.0,5.0,5.0,6.0,3.33,4.0,4.0,3.67,4.69,5.34,2.67,3.33,5.33,5.33,3.66,3.84,5.02,3.0,5.33
3416,6.0,6.0,6.0,6.0,6.0,6.0,4.0,4.0,3.0,3.0,4.0,3.0,2.0,3.0,2.0,2.0,2.0,2.0,3.0,4.0,4.0,4.0,3.0,4.0,2.0,2.0,2.0,2.0,1.0,2.0,6.0,6.0,3.67,3.33,2.0,2.32,3.33,4.0,1.67,2.0,6.0,3.5,2.16,3.66,1.84
3417,1.0,2.0,2.0,3.0,2.0,3.0,4.0,4.0,4.0,4.0,5.0,4.0,1.0,1.0,1.0,1.0,1.0,1.0,2.0,3.0,2.0,3.0,2.0,2.0,7.0,7.0,7.0,7.0,7.0,7.0,1.66,2.66,4.33,4.0,1.0,1.0,2.0,2.67,7.0,7.0,2.16,4.16,1.0,2.34,7.0
3418,1.0,2.0,1.0,1.0,1.0,2.0,6.0,5.0,6.0,5.0,6.0,5.0,4.0,4.0,3.0,3.0,3.0,4.0,5.0,6.0,5.0,5.0,5.0,6.0,1.0,1.0,1.0,1.0,1.0,1.0,1.0,1.67,6.01,5.01,3.33,3.67,5.0,5.67,1.0,1.0,1.34,5.51,3.5,5.34,1.0
3419,1.0,2.0,2.0,2.0,1.0,2.0,2.0,2.0,2.0,3.0,2.0,2.0,3.0,3.0,2.0,3.0,2.0,3.0,4.0,4.0,3.0,4.0,3.0,4.0,3.0,4.0,3.0,4.0,2.0,4.0,1.33,2.0,1.99,2.33,2.32,3.0,3.33,4.0,2.67,4.0,1.66,2.16,2.66,3.66,3.34
3420,1.0,1.0,1.0,1.0,1.0,1.0,1.0,1.0,2.0,2.0,2.0,2.0,3.0,4.0,3.0,3.0,2.0,3.0,4.0,4.0,4.0,4.0,3.0,5.0,2.0,4.0,3.0,4.0,3.0,5.0,1.0,1.0,1.66,1.66,2.65,3.33,3.67,4.33,2.67,4.33,1.0,1.66,2.99,4.0,3.5
3421,2.0,2.0,1.0,1.0,1.0,1.0,6.0,5.0,7.0,6.0,7.0,6.0,5.0,6.0,6.0,6.0,6.0,5.0,7.0,7.0,7.0,7.0,6.0,7.0,4.0,4.0,4.0,5.0,4.0,5.0,1.34,1.34,6.68,5.68,5.7,5.68,6.67,7.0,4.0,4.67,1.34,6.18,5.69,6.84,4.34
3422,7.0,7.0,7.0,7.0,7.0,7.0,4.0,4.0,5.0,5.0,4.0,3.0,4.0,4.0,3.0,3.0,3.0,3.0,6.0,6.0,5.0,6.0,5.0,6.0,3.0,5.0,5.0,5.0,3.0,5.0,7.0,7.0,4.34,4.0,3.33,3.33,5.33,6.0,3.67,5.0,7.0,4.17,3.33,5.66,4.34
3423,1.0,1.0,1.0,1.0,1.0,1.0,1.0,1.0,2.0,3.0,2.0,1.0,3.0,4.0,3.0,5.0,3.0,3.0,3.0,5.0,4.0,4.0,3.0,4.0,3.0,3.0,3.0,5.0,3.0,5.0,1.0,1.0,1.66,1.66,3.0,4.0,3.33,4.33,3.0,4.33,1.0,1.66,3.5,3.83,3.66
3424,6.0,6.0,5.0,7.0,5.0,6.0,2.0,2.0,3.0,1.0,2.0,4.0,2.0,2.0,1.0,2.0,1.0,2.0,6.0,7.0,6.0,7.0,5.0,6.0,6.0,7.0,6.0,7.0,7.0,7.0,5.34,6.33,2.33,2.33,1.31,1.99,5.67,6.67,6.33,7.0,5.84,2.33,1.65,6.17,6.66
3425,1.0,1.0,1.0,1.0,1.0,1.0,2.0,2.0,2.0,1.0,2.0,1.0,2.0,2.0,2.0,3.0,2.0,1.0,2.0,3.0,2.0,3.0,3.0,3.0,2.0,1.0,1.0,2.0,1.0,2.0,1.0,1.0,1.99,1.32,2.0,1.98,2.33,3.0,1.33,1.67,1.0,1.66,1.99,2.66,1.5
3426,2.0,3.0,2.0,3.0,2.0,3.0,7.0,7.0,7.0,7.0,7.0,7.0,3.0,5.0,4.0,5.0,4.0,4.0,3.0,3.0,3.0,3.0,2.0,3.0,4.0,5.0,4.0,5.0,4.0,5.0,2.0,3.0,7.0,7.0,3.69,4.67,2.67,3.0,4.0,5.0,2.5,7.0,4.18,2.84,4.5
3427,7.0,7.0,7.0,7.0,6.0,7.0,7.0,7.0,7.0,7.0,7.0,7.0,1.0,1.0,1.0,1.0,1.0,1.0,7.0,7.0,7.0,7.0,6.0,7.0,3.0,4.0,2.0,3.0,3.0,3.0,6.67,7.0,7.0,7.0,1.0,1.0,6.67,7.0,2.67,3.33,6.84,7.0,1.0,6.84,3.0
3428,1.0,1.0,1.0,1.0,1.0,2.0,3.0,2.0,3.0,3.0,2.0,2.0,5.0,5.0,5.0,5.0,4.0,4.0,2.0,4.0,2.0,3.0,2.0,3.0,2.0,3.0,2.0,2.0,1.0,2.0,1.0,1.33,2.66,2.33,4.67,4.67,2.0,3.33,1.67,2.33,1.16,2.5,4.67,2.66,2.0
3429,5.0,5.0,4.0,5.0,3.0,4.0,3.0,3.0,4.0,4.0,3.0,3.0,6.0,6.0,6.0,6.0,4.0,5.0,2.0,3.0,1.0,2.0,1.0,2.0,3.0,4.0,4.0,5.0,3.0,4.0,4.01,4.67,3.33,3.33,5.33,5.68,1.33,2.33,3.33,4.33,4.34,3.33,5.5,1.83,3.83
3430,3.0,3.0,2.0,2.0,3.0,3.0,5.0,4.0,5.0,5.0,5.0,5.0,5.0,5.0,5.0,5.0,4.0,4.0,6.0,6.0,6.0,7.0,7.0,7.0,4.0,5.0,3.0,4.0,4.0,4.0,2.67,2.67,5.0,4.67,4.67,4.67,6.33,6.67,3.67,4.33,2.67,4.84,4.67,6.5,4.0
3431,5.0,6.0,5.0,6.0,6.0,7.0,3.0,2.0,3.0,3.0,3.0,2.0,1.0,1.0,1.0,1.0,1.0,1.0,3.0,4.0,3.0,4.0,4.0,5.0,5.0,5.0,6.0,7.0,5.0,6.0,5.33,6.33,3.0,2.33,1.0,1.0,3.33,4.33,5.33,6.0,5.83,2.66,1.0,3.83,5.66
3432,1.0,1.0,1.0,2.0,1.0,1.0,5.0,4.0,5.0,4.0,4.0,5.0,2.0,3.0,3.0,2.0,2.0,2.0,6.0,6.0,6.0,7.0,6.0,6.0,6.0,6.0,6.0,6.0,5.0,6.0,1.0,1.33,4.67,4.34,2.33,2.32,6.0,6.33,5.67,6.0,1.16,4.5,2.33,6.16,5.84
3433,5.0,6.0,6.0,6.0,5.0,5.0,4.0,4.0,4.0,5.0,4.0,4.0,3.0,4.0,4.0,5.0,3.0,3.0,6.0,6.0,5.0,6.0,5.0,5.0,4.0,5.0,4.0,5.0,4.0,5.0,5.34,5.67,4.0,4.34,3.34,4.0,5.33,5.67,4.0,5.0,5.5,4.17,3.67,5.5,4.5
3434,1.0,2.0,1.0,1.0,1.0,1.0,3.0,2.0,3.0,3.0,3.0,2.0,1.0,2.0,1.0,2.0,1.0,1.0,2.0,3.0,2.0,3.0,3.0,2.0,2.0,2.0,2.0,2.0,2.0,2.0,1.0,1.34,3.0,2.33,1.0,1.65,2.33,2.67,2.0,2.0,1.17,2.66,1.32,2.5,2.0
3435,2.0,3.0,1.0,3.0,2.0,3.0,1.0,1.0,3.0,2.0,3.0,2.0,6.0,6.0,4.0,5.0,4.0,5.0,3.0,4.0,3.0,3.0,3.0,4.0,1.0,1.0,1.0,2.0,1.0,1.0,1.67,3.0,2.32,1.66,4.67,5.35,3.0,3.67,1.0,1.33,2.34,1.99,5.01,3.34,1.16
3436,1.0,1.0,1.0,1.0,1.0,2.0,2.0,1.0,1.0,1.0,1.0,1.0,1.0,1.0,3.0,1.0,1.0,1.0,4.0,4.0,4.0,4.0,4.0,4.0,2.0,2.0,1.0,2.0,1.0,2.0,1.0,1.33,1.32,1.0,1.65,1.0,4.0,4.0,1.33,2.0,1.16,1.16,1.32,4.0,1.66
3437,1.0,3.0,2.0,2.0,2.0,3.0,5.0,4.0,4.0,4.0,4.0,4.0,2.0,3.0,2.0,2.0,2.0,2.0,2.0,2.0,1.0,3.0,3.0,2.0,5.0,6.0,6.0,7.0,5.0,6.0,1.66,2.67,4.34,4.0,2.0,2.32,2.0,2.33,5.33,6.33,2.16,4.17,2.16,2.16,5.83
3438,5.0,6.0,5.0,6.0,6.0,5.0,5.0,4.0,5.0,5.0,6.0,5.0,5.0,7.0,3.0,7.0,5.0,5.0,6.0,6.0,5.0,6.0,5.0,6.0,2.0,3.0,2.0,4.0,2.0,4.0,5.33,5.67,5.34,4.67,4.36,6.34,5.33,6.0,2.0,3.67,5.5,5.0,5.35,5.66,2.84
3439,3.0,5.0,4.0,5.0,4.0,5.0,5.0,4.0,5.0,5.0,5.0,5.0,3.0,2.0,2.0,3.0,2.0,2.0,1.0,1.0,1.0,1.0,1.0,1.0,3.0,4.0,3.0,5.0,4.0,4.0,3.66,5.0,5.0,4.67,2.32,2.32,1.0,1.0,3.33,4.33,4.33,4.84,2.32,1.0,3.83
3440,2.0,2.0,4.0,3.0,2.0,2.0,5.0,5.0,6.0,5.0,4.0,4.0,1.0,1.0,1.0,1.0,1.0,1.0,3.0,4.0,3.0,4.0,3.0,4.0,4.0,3.0,2.0,2.0,3.0,3.0,2.67,2.33,5.01,4.67,1.0,1.0,3.0,4.0,3.0,2.67,2.5,4.84,1.0,3.5,2.84
3441,2.0,2.0,1.0,3.0,1.0,2.0,4.0,4.0,4.0,4.0,4.0,4.0,4.0,4.0,2.0,3.0,3.0,3.0,2.0,3.0,2.0,3.0,2.0,2.0,2.0,2.0,2.0,2.0,2.0,4.0,1.34,2.33,4.0,4.0,3.0,3.33,2.0,2.67,2.0,2.67,1.84,4.0,3.16,2.34,2.34
3442,5.0,6.0,4.0,6.0,6.0,5.0,4.0,3.0,4.0,3.0,5.0,4.0,1.0,4.0,2.0,2.0,1.0,1.0,3.0,3.0,3.0,4.0,3.0,3.0,3.0,2.0,2.0,2.0,2.0,3.0,5.0,5.67,4.33,3.33,1.32,2.31,3.0,3.33,2.33,2.33,5.34,3.83,1.82,3.16,2.33
3443,1.0,1.0,1.0,1.0,1.0,1.0,1.0,1.0,1.0,1.0,1.0,1.0,1.0,1.0,2.0,2.0,1.0,1.0,4.0,4.0,5.0,5.0,4.0,5.0,1.0,1.0,1.0,1.0,1.0,1.0,1.0,1.0,1.0,1.0,1.32,1.32,4.33,4.67,1.0,1.0,1.0,1.0,1.32,4.5,1.0
3444,5.0,6.0,5.0,5.0,6.0,5.0,3.0,3.0,3.0,4.0,4.0,4.0,6.0,6.0,5.0,7.0,6.0,6.0,3.0,5.0,4.0,5.0,3.0,5.0,3.0,4.0,5.0,5.0,5.0,6.0,5.33,5.34,3.33,3.67,5.7,6.35,3.33,5.0,4.33,5.0,5.34,3.5,6.02,4.16,4.66
3445,3.0,5.0,2.0,4.0,4.0,3.0,5.0,4.0,5.0,5.0,6.0,6.0,1.0,1.0,1.0,1.0,1.0,1.0,5.0,6.0,4.0,6.0,4.0,5.0,5.0,7.0,6.0,7.0,6.0,6.0,3.0,4.01,5.34,5.01,1.0,1.0,4.33,5.67,5.67,6.67,3.5,5.18,1.0,5.0,6.17
3446,4.0,5.0,4.0,4.0,4.0,4.0,6.0,6.0,6.0,5.0,6.0,6.0,3.0,4.0,3.0,3.0,2.0,2.0,7.0,7.0,6.0,6.0,7.0,7.0,3.0,3.0,3.0,5.0,3.0,5.0,4.0,4.34,6.01,5.68,2.65,2.99,6.67,6.67,3.0,4.33,4.17,5.84,2.82,6.67,3.66
3447,7.0,7.0,7.0,7.0,7.0,7.0,4.0,3.0,4.0,3.0,4.0,3.0,2.0,3.0,2.0,2.0,2.0,2.0,4.0,5.0,4.0,4.0,4.0,4.0,2.0,4.0,3.0,3.0,3.0,4.0,7.0,7.0,4.0,3.0,2.0,2.32,4.0,4.33,2.67,3.67,7.0,3.5,2.16,4.16,3.17
3448,2.0,3.0,3.0,3.0,3.0,3.0,5.0,6.0,5.0,6.0,6.0,5.0,3.0,3.0,2.0,2.0,2.0,2.0,4.0,5.0,4.0,6.0,4.0,5.0,4.0,5.0,4.0,6.0,5.0,6.0,2.66,3.0,5.34,5.68,2.32,2.32,4.0,5.33,4.33,5.67,2.83,5.51,2.32,4.66,5.0
3449,3.0,4.0,3.0,5.0,6.0,5.0,4.0,3.0,4.0,3.0,4.0,4.0,2.0,3.0,3.0,3.0,2.0,3.0,3.0,4.0,4.0,4.0,3.0,4.0,3.0,3.0,2.0,3.0,2.0,3.0,3.99,4.66,4.0,3.33,2.33,3.0,3.33,4.0,2.33,3.0,4.32,3.66,2.66,3.66,2.66
3450,6.0,7.0,6.0,5.0,6.0,7.0,4.0,4.0,4.0,3.0,4.0,3.0,5.0,6.0,5.0,5.0,4.0,5.0,5.0,6.0,5.0,5.0,5.0,6.0,4.0,6.0,6.0,6.0,4.0,6.0,6.0,6.33,4.0,3.33,4.67,5.35,5.0,5.67,4.67,6.0,6.16,3.66,5.01,5.34,5.34
3451,1.0,1.0,1.0,1.0,1.0,1.0,4.0,4.0,4.0,3.0,4.0,3.0,7.0,7.0,7.0,7.0,7.0,7.0,1.0,2.0,2.0,2.0,2.0,2.0,4.0,5.0,4.0,5.0,4.0,6.0,1.0,1.0,4.0,3.33,7.0,7.0,1.67,2.0,4.0,5.33,1.0,3.66,7.0,1.84,4.66
3452,1.0,2.0,2.0,2.0,2.0,3.0,4.0,3.0,5.0,4.0,4.0,3.0,2.0,2.0,1.0,2.0,1.0,2.0,3.0,3.0,3.0,4.0,4.0,4.0,4.0,5.0,3.0,4.0,4.0,5.0,1.66,2.33,4.34,3.33,1.31,1.99,3.33,3.67,3.67,4.67,2.0,3.84,1.65,3.5,4.17
3453,3.0,4.0,3.0,4.0,2.0,3.0,4.0,3.0,4.0,4.0,4.0,4.0,1.0,1.0,1.0,1.0,1.0,1.0,3.0,4.0,3.0,5.0,4.0,4.0,3.0,3.0,2.0,3.0,2.0,3.0,2.67,3.67,4.0,3.67,1.0,1.0,3.33,4.33,2.33,3.0,3.17,3.84,1.0,3.83,2.66
3454,1.0,1.0,1.0,1.0,1.0,1.0,2.0,1.0,4.0,2.0,2.0,1.0,2.0,3.0,3.0,3.0,3.0,2.0,3.0,3.0,3.0,4.0,2.0,4.0,1.0,2.0,3.0,3.0,2.0,3.0,1.0,1.0,2.66,1.32,2.68,2.66,2.67,3.67,2.0,2.67,1.0,1.99,2.67,3.17,2.34
3455,6.0,6.0,6.0,6.0,6.0,6.0,2.0,1.0,2.0,1.0,2.0,1.0,1.0,2.0,2.0,2.0,2.0,2.0,3.0,3.0,3.0,4.0,3.0,4.0,3.0,4.0,4.0,4.0,4.0,4.0,6.0,6.0,1.99,1.0,1.67,1.99,3.0,3.67,3.67,4.0,6.0,1.5,1.83,3.34,3.84
3456,1.0,1.0,1.0,1.0,1.0,1.0,2.0,2.0,2.0,1.0,2.0,2.0,3.0,4.0,3.0,4.0,2.0,2.0,4.0,5.0,4.0,4.0,4.0,4.0,3.0,3.0,2.0,2.0,3.0,4.0,1.0,1.0,1.99,1.66,2.65,3.32,4.0,4.33,2.67,3.0,1.0,1.82,2.98,4.16,2.84
3457,1.0,1.0,1.0,1.0,1.0,1.0,1.0,1.0,1.0,1.0,1.0,1.0,2.0,3.0,2.0,2.0,2.0,3.0,3.0,3.0,3.0,4.0,2.0,4.0,1.0,2.0,1.0,2.0,1.0,2.0,1.0,1.0,1.0,1.0,2.0,2.67,2.67,3.67,1.0,2.0,1.0,1.0,2.34,3.17,1.5
3458,1.0,1.0,1.0,1.0,1.0,1.0,4.0,3.0,4.0,3.0,4.0,4.0,5.0,5.0,4.0,5.0,5.0,5.0,3.0,2.0,2.0,2.0,1.0,2.0,3.0,3.0,4.0,4.0,3.0,5.0,1.0,1.0,4.0,3.33,4.69,5.01,2.0,2.0,3.33,4.0,1.0,3.66,4.85,2.0,3.66
3459,2.0,2.0,2.0,2.0,2.0,2.0,1.0,1.0,2.0,2.0,2.0,1.0,1.0,2.0,1.0,2.0,2.0,1.0,1.0,2.0,1.0,2.0,2.0,2.0,3.0,4.0,3.0,3.0,3.0,3.0,2.0,2.0,1.66,1.32,1.34,1.65,1.33,2.0,3.0,3.33,2.0,1.49,1.5,1.66,3.16
3460,1.0,1.0,1.0,1.0,1.0,2.0,2.0,1.0,2.0,2.0,1.0,1.0,1.0,2.0,1.0,1.0,1.0,1.0,3.0,3.0,3.0,3.0,3.0,3.0,1.0,2.0,2.0,3.0,2.0,2.0,1.0,1.33,1.66,1.32,1.0,1.32,3.0,3.0,1.67,2.33,1.16,1.49,1.16,3.0,2.0
3461,2.0,4.0,2.0,3.0,1.0,2.0,5.0,5.0,6.0,6.0,6.0,5.0,3.0,4.0,4.0,5.0,3.0,4.0,3.0,4.0,3.0,4.0,3.0,3.0,3.0,3.0,2.0,3.0,3.0,3.0,1.67,3.01,5.67,5.34,3.34,4.34,3.0,3.67,2.67,3.0,2.34,5.5,3.84,3.34,2.84
3462,2.0,3.0,1.0,1.0,1.0,3.0,4.0,4.0,3.0,3.0,4.0,4.0,5.0,4.0,5.0,5.0,5.0,4.0,6.0,6.0,6.0,6.0,5.0,6.0,3.0,4.0,4.0,4.0,3.0,5.0,1.34,2.33,3.67,3.67,5.02,4.34,5.67,6.0,3.33,4.33,1.84,3.67,4.68,5.84,3.83
3463,3.0,3.0,3.0,4.0,3.0,3.0,4.0,4.0,5.0,4.0,4.0,4.0,5.0,4.0,3.0,5.0,3.0,4.0,6.0,6.0,6.0,6.0,6.0,7.0,5.0,6.0,5.0,6.0,6.0,6.0,3.0,3.33,4.34,4.0,3.66,4.34,6.0,6.33,5.33,6.0,3.16,4.17,4.0,6.16,5.66
3464,2.0,2.0,2.0,2.0,1.0,2.0,5.0,5.0,5.0,5.0,5.0,5.0,3.0,4.0,2.0,2.0,3.0,3.0,2.0,2.0,1.0,2.0,1.0,1.0,4.0,5.0,5.0,6.0,4.0,5.0,1.67,2.0,5.0,5.01,2.67,3.0,1.33,1.67,4.33,5.33,1.84,5.0,2.84,1.5,4.83
3465,1.0,1.0,1.0,1.0,1.0,1.0,1.0,1.0,1.0,1.0,1.0,1.0,4.0,5.0,4.0,4.0,3.0,3.0,2.0,2.0,4.0,3.0,3.0,4.0,3.0,4.0,3.0,3.0,3.0,4.0,1.0,1.0,1.0,1.0,3.66,4.0,3.0,3.0,3.0,3.67,1.0,1.0,3.83,3.0,3.34
3466,2.0,2.0,2.0,3.0,2.0,2.0,4.0,4.0,4.0,4.0,5.0,5.0,3.0,4.0,3.0,3.0,2.0,3.0,5.0,5.0,5.0,6.0,6.0,7.0,5.0,6.0,4.0,5.0,4.0,6.0,2.0,2.33,4.33,4.34,2.65,3.33,5.33,6.0,4.33,5.67,2.16,4.34,2.99,5.66,5.0
3467,2.0,3.0,3.0,3.0,2.0,3.0,2.0,2.0,3.0,3.0,3.0,3.0,1.0,2.0,1.0,1.0,1.0,1.0,5.0,6.0,4.0,5.0,4.0,4.0,2.0,4.0,3.0,3.0,3.0,3.0,2.33,3.0,2.66,2.66,1.0,1.32,4.33,5.0,2.67,3.33,2.66,2.66,1.16,4.66,3.0
3468,6.0,6.0,6.0,6.0,7.0,6.0,1.0,1.0,2.0,1.0,2.0,1.0,3.0,4.0,4.0,4.0,3.0,3.0,6.0,7.0,7.0,7.0,7.0,7.0,5.0,6.0,4.0,5.0,5.0,5.0,6.33,6.0,1.66,1.0,3.34,3.66,6.67,7.0,4.67,5.33,6.16,1.33,3.5,6.84,5.0
3469,1.0,1.0,1.0,1.0,1.0,1.0,3.0,3.0,4.0,4.0,3.0,2.0,3.0,3.0,3.0,3.0,2.0,2.0,2.0,2.0,2.0,3.0,2.0,2.0,4.0,6.0,4.0,4.0,4.0,5.0,1.0,1.0,3.33,3.0,2.65,2.66,2.0,2.33,4.0,5.0,1.0,3.16,2.66,2.16,4.5
3470,7.0,7.0,7.0,7.0,7.0,7.0,5.0,5.0,6.0,5.0,6.0,5.0,7.0,7.0,6.0,7.0,6.0,5.0,5.0,5.0,3.0,5.0,5.0,5.0,7.0,7.0,3.0,7.0,7.0,7.0,7.0,7.0,5.67,5.01,6.36,6.34,4.34,5.0,5.67,7.0,7.0,5.34,6.35,4.67,6.34
3471,2.0,3.0,2.0,3.0,1.0,3.0,3.0,2.0,2.0,2.0,3.0,2.0,2.0,2.0,2.0,3.0,1.0,2.0,2.0,3.0,3.0,3.0,2.0,2.0,3.0,3.0,3.0,3.0,2.0,3.0,1.67,3.0,2.66,1.99,1.65,2.32,2.33,2.67,2.67,3.0,2.34,2.33,1.98,2.5,2.84
3472,1.0,1.0,1.0,1.0,1.0,1.0,3.0,3.0,4.0,4.0,3.0,2.0,1.0,1.0,1.0,2.0,1.0,1.0,3.0,4.0,4.0,4.0,3.0,4.0,3.0,3.0,2.0,2.0,2.0,2.0,1.0,1.0,3.33,3.0,1.0,1.32,3.33,4.0,2.33,2.33,1.0,3.16,1.16,3.66,2.33
3473,5.0,5.0,4.0,4.0,5.0,5.0,3.0,3.0,4.0,4.0,4.0,3.0,1.0,1.0,1.0,1.0,1.0,1.0,2.0,2.0,2.0,2.0,2.0,2.0,7.0,7.0,6.0,7.0,6.0,7.0,4.67,4.67,3.66,3.33,1.0,1.0,2.0,2.0,6.33,7.0,4.67,3.5,1.0,2.0,6.66
3474,7.0,6.0,6.0,6.0,7.0,7.0,4.0,4.0,5.0,4.0,3.0,2.0,5.0,6.0,5.0,7.0,5.0,5.0,3.0,4.0,3.0,3.0,3.0,3.0,3.0,5.0,3.0,4.0,3.0,4.0,6.67,6.33,4.0,3.33,5.02,6.01,3.0,3.33,3.0,4.33,6.5,3.66,5.52,3.16,3.66
3475,2.0,3.0,3.0,3.0,3.0,3.0,6.0,6.0,6.0,6.0,6.0,6.0,4.0,5.0,4.0,3.0,3.0,4.0,2.0,3.0,2.0,3.0,2.0,3.0,3.0,4.0,3.0,3.0,3.0,3.0,2.66,3.0,6.01,6.01,3.66,4.01,2.0,3.0,3.0,3.33,2.83,6.01,3.84,2.5,3.16
3476,1.0,1.0,1.0,2.0,1.0,1.0,6.0,5.0,7.0,6.0,5.0,5.0,3.0,4.0,3.0,3.0,3.0,2.0,1.0,2.0,1.0,2.0,1.0,2.0,1.0,2.0,1.0,2.0,1.0,1.0,1.0,1.33,6.01,5.34,3.0,2.99,1.0,2.0,1.0,1.67,1.16,5.68,3.0,1.5,1.34
3477,5.0,6.0,6.0,6.0,6.0,7.0,6.0,6.0,7.0,7.0,6.0,6.0,5.0,5.0,5.0,5.0,5.0,5.0,5.0,5.0,5.0,6.0,5.0,6.0,3.0,4.0,4.0,5.0,5.0,6.0,5.66,6.33,6.34,6.35,5.02,5.01,5.0,5.67,4.0,5.0,6.0,6.34,5.01,5.34,4.5
3478,1.0,1.0,1.0,1.0,1.0,2.0,5.0,4.0,5.0,5.0,5.0,5.0,1.0,1.0,1.0,1.0,1.0,1.0,1.0,1.0,1.0,2.0,1.0,2.0,4.0,5.0,4.0,5.0,3.0,5.0,1.0,1.33,5.0,4.67,1.0,1.0,1.0,1.67,3.67,5.0,1.16,4.84,1.0,1.34,4.34
3479,1.0,3.0,1.0,1.0,1.0,2.0,3.0,3.0,4.0,4.0,3.0,3.0,3.0,3.0,2.0,4.0,3.0,3.0,4.0,5.0,5.0,5.0,6.0,5.0,2.0,2.0,2.0,3.0,1.0,3.0,1.0,2.0,3.33,3.33,2.67,3.33,5.0,5.0,1.67,2.67,1.5,3.33,3.0,5.0,2.17
3480,4.0,4.0,4.0,3.0,3.0,5.0,2.0,2.0,3.0,3.0,2.0,2.0,6.0,6.0,5.0,6.0,4.0,5.0,5.0,6.0,5.0,6.0,4.0,5.0,3.0,3.0,3.0,5.0,3.0,4.0,3.67,4.0,2.33,2.33,5.0,5.68,4.67,5.67,3.0,4.0,3.84,2.33,5.34,5.17,3.5
3481,3.0,4.0,2.0,4.0,3.0,4.0,3.0,3.0,3.0,4.0,3.0,3.0,1.0,1.0,1.0,1.0,1.0,1.0,6.0,7.0,6.0,6.0,5.0,6.0,3.0,4.0,3.0,4.0,3.0,4.0,2.67,4.0,3.0,3.33,1.0,1.0,5.67,6.33,3.0,4.0,3.34,3.16,1.0,6.0,3.5
3482,1.0,1.0,1.0,1.0,1.0,1.0,1.0,1.0,2.0,1.0,1.0,1.0,4.0,4.0,3.0,3.0,2.0,3.0,1.0,2.0,3.0,3.0,2.0,2.0,2.0,4.0,2.0,2.0,2.0,2.0,1.0,1.0,1.32,1.0,2.98,3.33,2.0,2.33,2.0,2.67,1.0,1.16,3.16,2.16,2.34
3483,6.0,5.0,4.0,5.0,4.0,5.0,1.0,1.0,1.0,1.0,1.0,1.0,2.0,1.0,2.0,2.0,1.0,2.0,3.0,3.0,3.0,3.0,3.0,4.0,2.0,3.0,2.0,2.0,2.0,2.0,4.68,5.0,1.0,1.0,1.65,1.66,3.0,3.33,2.0,2.33,4.84,1.0,1.65,3.16,2.16
3484,3.0,4.0,3.0,2.0,3.0,4.0,4.0,5.0,6.0,5.0,5.0,5.0,3.0,3.0,3.0,3.0,2.0,3.0,7.0,7.0,7.0,7.0,7.0,6.0,7.0,7.0,7.0,7.0,6.0,7.0,3.0,3.33,5.0,5.01,2.65,3.0,7.0,6.67,6.67,7.0,3.16,5.0,2.82,6.84,6.84
3485,1.0,1.0,1.0,1.0,1.0,1.0,4.0,3.0,5.0,4.0,5.0,5.0,6.0,7.0,7.0,7.0,7.0,7.0,4.0,5.0,4.0,5.0,4.0,6.0,4.0,5.0,4.0,5.0,4.0,5.0,1.0,1.0,4.67,4.0,6.71,7.0,4.0,5.33,4.0,5.0,1.0,4.34,6.86,4.66,4.5
3486,5.0,6.0,5.0,5.0,6.0,6.0,3.0,2.0,3.0,2.0,3.0,3.0,7.0,7.0,7.0,7.0,7.0,7.0,4.0,5.0,5.0,5.0,4.0,5.0,5.0,6.0,6.0,6.0,5.0,7.0,5.33,5.67,3.0,2.33,7.0,7.0,4.33,5.0,5.33,6.33,5.5,2.66,7.0,4.66,5.83
3487,2.0,2.0,1.0,1.0,1.0,2.0,3.0,3.0,4.0,3.0,3.0,2.0,1.0,2.0,1.0,2.0,1.0,2.0,3.0,3.0,2.0,3.0,3.0,3.0,1.0,2.0,1.0,2.0,2.0,2.0,1.34,1.67,3.33,2.66,1.0,1.99,2.67,3.0,1.33,2.0,1.5,3.0,1.5,2.84,1.66
3488,3.0,4.0,3.0,4.0,4.0,4.0,6.0,5.0,6.0,5.0,6.0,5.0,4.0,5.0,4.0,4.0,4.0,4.0,4.0,5.0,4.0,4.0,5.0,5.0,4.0,6.0,4.0,5.0,4.0,6.0,3.33,4.0,6.01,5.01,4.01,4.34,4.33,4.67,4.0,5.67,3.66,5.51,4.18,4.5,4.84
3489,6.0,6.0,5.0,6.0,6.0,6.0,6.0,6.0,6.0,6.0,6.0,6.0,4.0,4.0,4.0,4.0,2.0,3.0,5.0,5.0,5.0,6.0,6.0,6.0,4.0,4.0,3.0,3.0,3.0,4.0,5.67,6.0,6.01,6.01,3.31,3.66,5.33,5.67,3.33,3.67,5.84,6.01,3.49,5.5,3.5
3490,2.0,3.0,2.0,3.0,3.0,3.0,4.0,4.0,6.0,5.0,5.0,5.0,4.0,3.0,3.0,4.0,2.0,3.0,5.0,6.0,5.0,6.0,4.0,4.0,5.0,5.0,4.0,5.0,4.0,6.0,2.33,3.0,5.0,4.67,2.98,3.33,4.67,5.33,4.33,5.33,2.66,4.84,3.16,5.0,4.83
3491,6.0,7.0,5.0,6.0,6.0,7.0,4.0,5.0,4.0,4.0,5.0,4.0,7.0,7.0,7.0,7.0,7.0,7.0,5.0,6.0,5.0,6.0,5.0,5.0,6.0,6.0,5.0,6.0,6.0,6.0,5.67,6.67,4.33,4.34,7.0,7.0,5.0,5.67,5.67,6.0,6.17,4.34,7.0,5.34,5.84
3492,2.0,2.0,3.0,2.0,2.0,2.0,3.0,3.0,4.0,3.0,4.0,3.0,4.0,4.0,4.0,6.0,4.0,3.0,5.0,5.0,5.0,5.0,5.0,5.0,4.0,5.0,4.0,4.0,4.0,5.0,2.33,2.0,3.66,3.0,4.01,4.33,5.0,5.0,4.0,4.67,2.16,3.33,4.17,5.0,4.34
3493,5.0,7.0,5.0,6.0,4.0,5.0,5.0,5.0,5.0,5.0,5.0,5.0,5.0,6.0,5.0,6.0,5.0,6.0,4.0,4.0,3.0,4.0,4.0,4.0,5.0,5.0,6.0,5.0,6.0,6.0,4.67,6.01,5.0,5.01,5.02,6.02,3.67,4.0,5.67,5.33,5.34,5.0,5.52,3.84,5.5
3494,1.0,1.0,2.0,1.0,2.0,2.0,5.0,4.0,4.0,5.0,4.0,4.0,3.0,4.0,4.0,5.0,2.0,2.0,3.0,3.0,2.0,3.0,3.0,2.0,6.0,6.0,6.0,7.0,5.0,7.0,1.66,1.33,4.34,4.34,2.99,3.65,2.67,2.67,5.67,6.67,1.5,4.34,3.32,2.67,6.17
3495,3.0,4.0,4.0,3.0,3.0,4.0,3.0,4.0,4.0,3.0,4.0,4.0,5.0,5.0,4.0,4.0,3.0,4.0,5.0,6.0,5.0,6.0,6.0,7.0,5.0,6.0,5.0,5.0,5.0,5.0,3.33,3.67,3.66,3.67,3.99,4.34,5.33,6.33,5.0,5.33,3.5,3.66,4.16,5.83,5.16
3496,7.0,7.0,6.0,6.0,7.0,7.0,5.0,5.0,6.0,6.0,5.0,5.0,3.0,4.0,4.0,4.0,3.0,4.0,5.0,4.0,4.0,5.0,5.0,5.0,2.0,3.0,2.0,3.0,2.0,4.0,6.67,6.67,5.34,5.34,3.34,4.01,4.67,4.67,2.0,3.33,6.67,5.34,3.68,4.67,2.66
3497,5.0,6.0,5.0,5.0,5.0,7.0,2.0,3.0,3.0,2.0,2.0,2.0,2.0,3.0,1.0,2.0,1.0,2.0,2.0,3.0,2.0,3.0,2.0,3.0,3.0,4.0,3.0,4.0,4.0,4.0,5.0,6.0,2.33,2.33,1.31,2.32,2.0,3.0,3.33,4.0,5.5,2.33,1.82,2.5,3.66
3498,3.0,5.0,4.0,4.0,3.0,4.0,3.0,4.0,4.0,4.0,5.0,4.0,2.0,3.0,3.0,3.0,1.0,3.0,4.0,5.0,5.0,5.0,4.0,4.0,2.0,4.0,2.0,3.0,2.0,3.0,3.33,4.34,4.0,4.0,1.98,3.0,4.33,4.67,2.0,3.33,3.84,4.0,2.49,4.5,2.66
3499,5.0,6.0,6.0,6.0,5.0,6.0,2.0,2.0,3.0,4.0,3.0,2.0,6.0,6.0,6.0,7.0,5.0,5.0,5.0,5.0,4.0,6.0,5.0,6.0,6.0,6.0,5.0,6.0,4.0,7.0,5.34,6.0,2.66,2.66,5.68,6.01,4.67,5.67,5.0,6.33,5.67,2.66,5.84,5.17,5.66
3500,3.0,3.0,3.0,3.0,2.0,4.0,4.0,3.0,5.0,4.0,5.0,4.0,4.0,4.0,3.0,3.0,3.0,3.0,3.0,4.0,3.0,4.0,3.0,4.0,4.0,4.0,4.0,5.0,3.0,5.0,2.67,3.33,4.67,3.67,3.33,3.33,3.0,4.0,3.67,4.67,3.0,4.17,3.33,3.5,4.17
3501,2.0,4.0,3.0,3.0,2.0,2.0,3.0,2.0,3.0,2.0,3.0,2.0,4.0,6.0,5.0,6.0,4.0,4.0,3.0,3.0,4.0,5.0,4.0,4.0,1.0,1.0,1.0,1.0,1.0,2.0,2.33,3.01,3.0,1.99,4.35,5.34,3.67,4.0,1.0,1.33,2.67,2.5,4.84,3.84,1.16
3502,4.0,4.0,4.0,5.0,5.0,6.0,4.0,3.0,3.0,3.0,3.0,3.0,2.0,2.0,2.0,2.0,1.0,2.0,3.0,4.0,3.0,5.0,4.0,4.0,4.0,6.0,3.0,4.0,4.0,4.0,4.33,5.0,3.33,3.0,1.65,1.99,3.33,4.33,3.67,4.67,4.66,3.16,1.82,3.83,4.17
3503,3.0,5.0,4.0,4.0,5.0,5.0,5.0,4.0,5.0,5.0,6.0,5.0,1.0,1.0,1.0,1.0,1.0,1.0,1.0,3.0,2.0,2.0,2.0,3.0,1.0,2.0,1.0,2.0,1.0,2.0,3.99,4.67,5.34,4.67,1.0,1.0,1.67,2.67,1.0,2.0,4.33,5.0,1.0,2.17,1.5
3504,2.0,1.0,1.0,2.0,1.0,1.0,1.0,1.0,2.0,1.0,1.0,1.0,5.0,6.0,3.0,6.0,5.0,5.0,4.0,5.0,5.0,5.0,4.0,4.0,7.0,7.0,7.0,7.0,7.0,7.0,1.34,1.33,1.32,1.0,4.36,5.68,4.33,4.67,7.0,7.0,1.34,1.16,5.02,4.5,7.0
3505,3.0,3.0,2.0,4.0,3.0,3.0,2.0,2.0,2.0,1.0,2.0,2.0,3.0,3.0,2.0,3.0,2.0,3.0,3.0,3.0,2.0,2.0,2.0,3.0,4.0,5.0,5.0,5.0,5.0,6.0,2.67,3.33,1.99,1.66,2.32,3.0,2.33,2.67,4.67,5.33,3.0,1.82,2.66,2.5,5.0
3506,1.0,1.0,1.0,1.0,1.0,1.0,4.0,4.0,3.0,3.0,4.0,4.0,3.0,2.0,2.0,2.0,1.0,2.0,2.0,3.0,2.0,3.0,3.0,3.0,2.0,2.0,3.0,3.0,3.0,4.0,1.0,1.0,3.67,3.67,1.97,1.99,2.33,3.0,2.67,3.0,1.0,3.67,1.98,2.66,2.84
3507,4.0,4.0,4.0,5.0,4.0,4.0,3.0,2.0,2.0,2.0,3.0,3.0,3.0,5.0,5.0,4.0,4.0,4.0,6.0,6.0,6.0,7.0,6.0,7.0,6.0,6.0,6.0,7.0,6.0,7.0,4.0,4.33,2.66,2.33,4.02,4.34,6.0,6.67,6.0,6.67,4.16,2.5,4.18,6.34,6.34
3508,1.0,1.0,1.0,1.0,1.0,1.0,5.0,6.0,7.0,6.0,6.0,6.0,4.0,6.0,5.0,5.0,5.0,5.0,5.0,6.0,5.0,6.0,5.0,6.0,2.0,3.0,2.0,3.0,2.0,2.0,1.0,1.0,6.01,6.01,4.7,5.35,5.0,6.0,2.0,2.67,1.0,6.01,5.03,5.5,2.34
3509,1.0,1.0,1.0,2.0,1.0,1.0,3.0,2.0,3.0,3.0,4.0,3.0,1.0,1.0,1.0,1.0,1.0,1.0,3.0,3.0,2.0,3.0,2.0,3.0,1.0,1.0,1.0,1.0,1.0,1.0,1.0,1.33,3.33,2.66,1.0,1.0,2.33,3.0,1.0,1.0,1.16,3.0,1.0,2.66,1.0
3510,2.0,4.0,3.0,4.0,4.0,5.0,1.0,2.0,1.0,1.0,2.0,1.0,5.0,5.0,4.0,6.0,4.0,4.0,4.0,6.0,4.0,5.0,5.0,6.0,2.0,3.0,2.0,3.0,1.0,3.0,2.99,4.33,1.32,1.32,4.34,5.0,4.33,5.67,1.67,3.0,3.66,1.32,4.67,5.0,2.34
