id,contrast,simplicity,symmetry
1,.15069336,.92808539,.1318509677524754
2,.1361905,.92625231,.169177644238875
3,.099042833,.92495668,.2770728784977984
4,.14541155,.86988616,.0884848204161764
5,.11162534,.84142447,.1739021111197445
6,.12479027,.92599851,.1332335188633873
7,.18241715,.9182834,.6937090338148382
8,.11508239,.91165578,.1891424669297969
9,.17294444,.89907944,.3122552151247862
10,.13931811,.92747593,.389960104386221
11,.13887356,.8873409,.1629297276863239
12,.15464236,.92878747,.3083368345243028
13,.16051923,.9188621,.3456006632354887
14,.11922855,.90752941,.1941315965417617
15,.11500551,.92242509,.1531254598656245
16,.13307758,.92708737,.5377666853497499
17,.13958104,.91719371,.3286918607169598
18,.12846091,.92496711,.1542053717630518
19,.16207971,.88553923,.2799331918862893
20,.17242178,.89347458,.2360112953081024
21,.14886296,.94208324,.3182982912641804
22,.15628628,.92578661,.2543670622514095
23,.17001785,.92958903,.2105653110498144
24,.1379849,.82654881,.2905064762721032
25,.11142647,.91123933,.0999089430597892
26,.15570611,.8821547,.2556788602102218
27,.18539427,.92354882,.3497399197591296
28,.16945954,.93114173,.4518110722324846
29,.18091318,.88521087,.4678348675258999
30,.14857921,.92777097,.1637356729071915
31,.15911004,.8878535,.3997107244840914
32,.11113947,.92456162,.2071662333066933
33,.15447979,.91462302,.4155278594773745
34,.13701704,.90140235,.3773924751413979
35,.1500186,.86862832,.2473216029507193
36,.10985972,.88842666,.1891689848001381
37,.13544343,.93444771,.3058045855046695
38,.18713264,.87621838,.2774395487254412
39,.1179864,.93384105,.2914882357736707
40,.16436553,.92320907,.3783017688093389
41,.14362317,.92026126,.4066732775882219
42,.19462331,.92143655,.4423842557341423
43,.17581253,.91061383,.285789766088837
44,.21010175,.87720698,.5740153205721912
45,.20100662,.88842618,.413811186628907
46,.16296099,.90388411,.5732038859502718
47,.13708295,.93674803,.3146000504233101
48,.099626265,.9332822,.1767464984916934
49,.13443336,.90375346,.2818813313055926
50,.12869729,.90235096,.1673838967608564
51,.12869243,.92407376,.1571763313686725
52,.2294655,.88276243,.722231995613442
53,.18378282,.82567191,.1824570469006919
54,.19029331,.90789753,.527905816588535
55,.15959351,.91794372,.1971714468331885
56,.16467088,.88709605,.2192989086258186
57,.17565124,.91146243,.2731437971134753
58,.14660719,.91462439,.2467176888455989
59,.12795572,.93072224,.2472900359311059
60,.16625904,.85818976,.4112109475496956
61,.17007774,.91963154,.439289925539119
62,.14929417,.91084439,.1211006741943752
63,.15237829,.90705788,.26469719203515
64,.12821192,.91696525,.2300594989737495
65,.14348966,.88119537,.1970223702871665
66,.11486253,.91910684,.1921770791116291
67,.1519323,.91691262,.3047423724674399
68,.10926877,.92492491,.254094177973866
69,.12879814,.93232769,.1563890563739964
70,.16203508,.91848832,.2902961114248999
71,.15887219,.90945762,.1636698852008691
72,.17170119,.92320025,.4625031367667054
73,.19933538,.83684582,.1592619118231699
74,.16841453,.91488445,.3553458645745201
75,.18545091,.92215234,.4775854154397027
76,.12947883,.93023932,.2207946487272295
77,.091981418,.92246717,.1900469905538768
78,.16470981,.90825927,.4950865447525343
79,.16662776,.89931363,.2661546161741091
80,.18807745,.92273742,.4429535048658449
81,.13624327,.91307575,.3738069886792281
82,.15368453,.85614538,.3689897860571527
83,.16067369,.88067055,.2779154308502272
84,.16374654,.881661,.2692832028776812
85,.21303216,.92541552,.5229678256995405
86,.12249327,.940714,.1328716604040404
87,.12191335,.92105132,.1376001276644651
88,.18212889,.89322865,.4049803667722092
89,.18344207,.86442274,.4322016177855477
90,.15179047,.85666889,.1362965103274503
91,.12671085,.91320103,.184084934011914
92,.17001703,.85405564,.2155382745384693
93,.1601692,.91619551,.2264487920853837
94,.13823551,.88062966,.1747999667378917
95,.15837237,.9686473,.3093917901491536
96,.13317925,.90082121,.2401869135491669
97,.2177861,.8891058,.5884407837103224
98,.16270147,.84007394,.3646979031401623
99,.17225643,.90993077,.2504086709524735
100,.11748511,.93089449,.208739594477505
101,.093374148,.90777653,.1047539227614137
102,.1752238,.93300182,.4008337012384301
103,.087620199,.902336,.1941695278768885
104,.14880407,.91629958,.3689895539569145
105,.13536249,.92684489,.2532418241710142
106,.18288836,.86354083,.2729475708218941
107,.1357668,.88941461,.2235522017875002
108,.14072211,.89242005,.1732440557063734
109,.12852898,.92999697,.1995954186119435
110,.17232816,.89129263,.2667650870401127
111,.22073974,.91614705,.4592157545961446
112,.20048706,.93284744,.577314072295961
113,.13602188,.92412269,.2768014869300852
114,.14985777,.91356748,.2528097707431236
115,.15973385,.92296726,.3016583630265043
116,.16587822,.93333405,.3900668813169481
117,.16494836,.91099763,.3197207383114546
118,.16619484,.93175703,.2358504786175141
119,.12376069,.9200291,.2780118402230639
120,.11693725,.93076706,.0971932167314167
121,.15212083,.87483168,.4516598927884154
122,.13855141,.9157117,.2453432813343693
123,.1442208,.91428262,.3088402952648776
124,.13716216,.92614025,.4581681951675177
125,.15591034,.90158999,.1874338411376088
126,.18573515,.92077309,.3118818707457049
127,.21584804,.91167682,.6397732827087282
128,.13516422,.88772929,.1740918470259576
129,.16080417,.91972315,.3441829538396308
130,.10354821,.93706208,.1111271174145299
131,.2007857,.84408033,.2727949726469827
132,.10551246,.92847836,.1767247613723635
133,.16786972,.90364134,.2900902675938876
134,.15053268,.90270424,.1439446810427045
135,.13255568,.91320997,.1842533871501092
136,.17804058,.90301925,.4594640634829558
137,.13955848,.90218133,.2447035392490611
138,.17116715,.91115153,.2496686530528361
139,.14337377,.90388733,.2541488096121274
140,.14717282,.94766408,.1919352397563503
141,.15401489,.92234576,.3266074862263662
142,.19034889,.82089657,.4738373303183237
143,.15325129,.92766851,.2130123730778555
144,.17872757,.91861355,.2709434822704866
145,.1268011,.93726575,.1456862492197617
146,.14722553,.92788643,.3810944876451896
147,.13599552,.92983842,.348735802870749
148,.15360405,.91199231,.2423922624600584
149,.17362048,.87750584,.20304294948663
150,.12694386,.91922402,.2678014946902593
151,.13544635,.91551244,.2186245245178279
152,.16526213,.9241364,.4304900616630406
153,.15043432,.92440534,.2667877688200688
154,.1342026,.91080344,.2754322810547432
155,.14284016,.91009027,.1653242424287749
156,.21002716,.90549821,.351496774928239
157,.13313948,.93250203,.2022020389711713
158,.10381101,.926548,.2247947204307174
159,.15132314,.90855545,.235879484395832
160,.15569636,.89424372,.3314691205429413
161,.15157917,.86596626,.142526998422961
162,.14874017,.85544866,.3327659716928904
163,.16792126,.91426718,.3149902731046936
164,.11636794,.9215768,.1214638716138306
165,.22409722,.94116855,.6182167645454545
166,.16303536,.92743617,.1912101115312368
167,.19769374,.92615211,.1115265594628791
168,.22181635,.85844362,.5349071249787432
169,.22053228,.84056532,.490043677078292
170,.13742416,.89011741,.2269004137402104
171,.15369374,.94794768,.1663427542331002
172,.14321688,.92066222,.4785441567255114
173,.15070374,.87481713,.219884352395933
174,.1218705,.90262532,.2023269408458351
175,.1383269,.92617232,.3247708864500777
176,.13866839,.91778421,.2969100247533403
177,.1281428,.91191244,.2940482051873435
178,.15507397,.92330182,.3383126046568878
179,.091415524,.92376298,.1744554526344643
180,.12070723,.91873586,.2867644113294595
181,.17602202,.92801195,.3573297701004214
182,.12932743,.92118287,.1254691657419361
183,.13329747,.93409163,.2479531642614792
184,.13703342,.91711992,.1211553821334865
185,.18115979,.92696595,.6714627809553871
186,.14974561,.92138821,.5956728826025209
187,.14441742,.91630733,.2936473382551827
188,.19445361,.90330219,.4898625256561338
189,.21907748,.91650873,.5085043115617716
190,.20215897,.83896798,.3630389850446105
191,.19490789,.9231441,.5549799790761308
192,.1669818,.88422847,.2317883837031406
193,.13781777,.87297356,.2051975548940874
194,.15929738,.90766442,.4171371814170114
195,.1315112,.91185874,.2477059763943632
196,.12614191,.91879028,.1398314702823103
197,.16120434,.83950621,.2443316016692566
198,.10349295,.85250825,.1738310116041828
199,.14008975,.92855215,.3044566071881205
200,.17247491,.87084609,.2216631345547188
201,.18474044,.90243059,.397262229371061
202,.12947322,.91506481,.2475125495669243
203,.15899052,.89176023,.6063017961884875
204,.11844417,.84350401,.1698837757181572
205,.12373315,.90810549,.1677053125062591
206,.20333581,.90559983,.278455242055167
207,.14699206,.93157685,.2589457233365708
208,.16629048,.93020511,.4271578596183764
209,.14157838,.91474766,.1649514121587672
210,.12155771,.90887082,.2045631554715493
211,.13009782,.92095482,.2452420420362601
212,.15257831,.92432833,.1426766855686579
213,.16392346,.85655117,.2827581843699099
214,.22660656,.8905673,.7500704634199135
215,.14588989,.9302507,.3095226227403591
216,.11059027,.89413691,.2853221075597709
217,.16844012,.93259817,.3617329358783515
218,.19561826,.90326738,.4292944648570642
219,.15895604,.92067617,.3781962945133505
220,.11021403,.92748332,.131106789044289
221,.21668604,.91988641,.6789338063787139
222,.1585156,.8737042,.5339144865421376
223,.1774053,.91646665,.5172169507811736
224,.12402394,.89737803,.1265511398653199
225,.16418883,.91764253,.2592890781117095
226,.1714534,.9398666,.2545321333743644
227,.14893992,.87950623,.4559892101938184
228,.17214955,.92162061,.386771112917476
229,.12269698,.88071984,.1646498466798633
230,.17502752,.92623746,.5111877247688422
231,.14075625,.92476457,.247327029262137
232,.086853467,.92433661,.2717813925721232
233,.12381069,.92244065,.2380519312380212
234,.089801461,.93520546,.1794452832367632
235,.1352092,.9026016,.4513514384874384
236,.16539149,.89617944,.5576019353388586
237,.17993896,.85483313,.162362980858346
238,.18937917,.92971611,.567674690483683
239,.1569476,.90531188,.1637356691661027
240,.18939175,.91738302,.5591655542879725
241,.19807987,.86947292,.3251745407422947
242,.19149405,.85669196,.3918281889060864
243,.2026137,.86053485,.4913925466747899
244,.14510104,.93183327,.2159115532332039
245,.17449522,.87673086,.225935466838758
246,.1398323,.93244958,.2428765252536044
247,.15401271,.92513913,.3526270003833203
248,.16113377,.82632011,.2609693774198394
249,.1927882,.90324724,.4522419668723869
250,.17767349,.85217005,.2244589131289957
251,.18949249,.96315295,.1784465119421641
252,.12941991,.93069714,.2161610924523871
253,.10151003,.89260435,.25354553729227
254,.14354101,.90981507,.2032038344785289
255,.20289862,.85863882,.6157541373063973
256,.16248868,.93318647,.4295307665480759
257,.12382089,.89999598,.3615255382516249
258,.12612723,.92920065,.1824949874660062
259,.20879856,.87419915,.5919574157414057
260,.16938297,.90967226,.2844984373057498
261,.15352534,.91767949,.187108356731166
262,.17208086,.86421096,.2308874394948631
263,.1454438,.93007433,.1136875954213258
264,.16142473,.9115901,.4739963185690681
265,.14513178,.93921441,.1933747323829257
266,.12247829,.93420118,.3694936762453
267,.21725792,.88316637,.6348757582100355
268,.17205058,.90664756,.2564229563246339
269,.11938608,.9359206,.2045779001217301
270,.23802906,.912871,.5859032770667703
271,.16864954,.9211306,.4582390786597417
272,.16877897,.88693905,.2107181694837715
273,.21211794,.92820591,.7150500023787323
274,.21851222,.92630988,.543438178738381
275,.13018525,.91643161,.6083145881454546
276,.10808683,.91944033,.1642489928109025
277,.15002635,.9320181,.1338592621222082
278,.12333684,.92219561,.2233368361009865
279,.175284,.8577227,.3077669080762166
280,.1165151,.85119522,.1751207280300985
281,.17101867,.93431705,.5978850365944844
282,.19514233,.93104303,.4915230278950678
283,.14082798,.92903429,.3025761920351722
284,.099829309,.92208636,.2631097224981438
285,.15094738,.84042084,.1963146194333074
286,.14324243,.92440283,.2028280032619503
287,.15792632,.92545021,.2398893878917887
288,.18565218,.92931175,.2360095745975783
289,.17107418,.86843944,.1802948412741687
290,.21987198,.87155896,.3169931831141451
291,.1889023,.85682505,.3172214708637178
292,.10545081,.92381716,.3774098486679616
293,.14420219,.89284879,.1885593237317228
294,.1516469,.85977268,.2908995813197173
295,.19986781,.8307299,.5594066520906333
296,.23684299,.93288922,.6692026839815055
297,.14319938,.93118429,.309437781135239
298,.15364096,.93211609,.3632085216777461
299,.11074622,.92137116,.2619167340219862
300,.12995179,.91683763,.2632497931167351
301,.14810072,.91965932,.3588888493154214
302,.14869347,.92312539,.1645959840017266
303,.16618726,.93045783,.2476524261766011
304,.12454455,.89165092,.3633801094788338
305,.20630607,.87238812,.4847572484228928
306,.19340581,.91207755,.5504452902545108
307,.15625934,.92892122,.2194950552950248
308,.17439169,.87290829,.1592983653146853
309,.15664227,.92171156,.4972760306280755
310,.16134739,.87633735,.5712433908973495
311,.19714561,.88158357,.1155920368589743
312,.13178188,.92438084,.3478691300250645
313,.17478055,.91780239,.2514668270408225
314,.27802616,.87980098,.0840459321202095
315,.12859046,.92554832,.33293466894028
316,.170017,.90227091,.1463906062203229
317,.15707514,.92379194,.1807723434114318
318,.1581232,.89955425,.3250560388844488
319,.13562463,.90182555,.2827592549778891
320,.15350081,.91390681,.457909061102046
321,.22306578,.91646188,.7046407970018725
322,.11697853,.92669159,.2013197040809807
323,.10430822,.92484683,.2027261537422526
324,.18222392,.91266721,.3525168026067813
325,.1589794,.9118644,.3791376932144731
326,.1485842,.92726761,.2127825065140183
327,.24449198,.93208218,.6368532629023265
328,.15824819,.85427088,.2352276129021741
329,.09875045,.92695999,.1319185029040404
330,.11221123,.91764241,.5336418356793576
331,.11937921,.91601568,.2240404495580593
332,.18548091,.92807609,.28178142388767
333,.089028828,.92893213,.4150264544189368
334,.142574,.83236897,.1909546876393565
335,.13889612,.91357464,.3568361074577274
336,.17183672,.86918265,.2322798545584046
337,.18903723,.86951602,.1488206719147403
338,.19750513,.88573521,.4939458305318646
339,.12722725,.87277824,.3103964106211209
340,.13628702,.92645448,.2039809131234352
341,.19457568,.89654642,.1943886488039546
342,.20775498,.88036418,.4265073019746484
343,.1827652,.92860484,.3677578136576387
344,.1613306,.85102332,.4655245302119297
345,.21300122,.86519802,.5316543134084435
346,.16459964,.90724206,.4254381264730639
347,.13721436,.90598583,.2993686122076784
348,.20121062,.91357183,.4973795345689372
349,.12945536,.92608422,.2279154403490748
350,.1406569,.91985834,.5470554545500459
351,.16840254,.90121889,.3597213124701225
352,.11561115,.86808193,.2994801306596468
353,.11187251,.90610272,.4288533809969352
354,.14617927,.8999452,.175929200596314
355,.12012769,.88762635,.2079662331670336
356,.14744678,.9318459,.5179928189670822
357,.17893305,.92935026,.2373703722216179
358,.11138768,.88979155,.4467366286341545
359,.091666505,.92468852,.1367884689303289
360,.19385844,.9320327,.5051447703069915
361,.14024052,.90852636,.2260533566681306
362,.16070849,.91766208,.1406637379240133
363,.13073577,.92530847,.3099729969403781
364,.19459705,.93222511,.5447908578248958
365,.24852894,.91844606,.5017095392348231
366,.15488799,.92640179,.2678911207523147
367,.18734705,.93372154,.5009216706374393
368,.2166235,.88007396,.307766253558899
369,.17208387,.83170515,.498183914298433
370,.1185433,.92401236,.3011974700587376
371,.15430371,.92081243,.5164869789856439
372,.12454528,.86723554,.1113582922017376
373,.21360722,.92221248,.5138875284627963
374,.12849027,.92302001,.2598244303819445
375,.15218145,.91014779,.1652919648695286
376,.25411004,.82399344,.6721067081818182
377,.1617597,.89757895,.3647667942897126
378,.12375303,.88469005,.2232059057245532
379,.16102715,.91784012,.3505005677288334
380,.16511266,.89535177,.3215352812685715
381,.14120045,.91422015,.2936824765381627
382,.17174861,.90360993,.1884698027804855
383,.12740004,.91898227,.2393764433518041
384,.15372658,.90655315,.4150463412651481
385,.15530165,.84876961,.1320245228587742
386,.21659425,.92298359,.6787184568293742
387,.21701816,.93235946,.2509103134865134
388,.22156912,.87459797,.5805221361884411
389,.1407986,.93571836,.6496726851983706
390,.11051367,.91734773,.2928217651125356
391,.2178186,.91104299,.6628836941804799
392,.18308932,.90313166,.3016015463845044
393,.17080583,.92840582,.4047037122438389
394,.12871933,.88835388,.1785339843970843
395,.18342407,.91669852,.5553163653705141
396,.14084214,.92494977,.1480735403291221
397,.11280906,.93259549,.200286876055426
398,.14931683,.93291718,.3098867098673919
399,.16334547,.9341889,.3014872713762737
400,.12902918,.92322111,.2080501953182003
401,.18397127,.90361816,.355832894587827
402,.15064986,.93225563,.4490748036119436
403,.13553807,.89095306,.2347537737885264
404,.13148814,.9261319,.1315408635228744
405,.11507057,.92085236,.2535439432678528
406,.10072138,.91024405,.1405118230630589
407,.15257028,.92122948,.2527529943927678
408,.18300861,.86570185,.1561970647502806
409,.14476988,.91671461,.2248179821955822
410,.15509193,.91733545,.535215525604488
411,.1137021,.91293526,.1676117222865152
412,.17693153,.93163455,.4711457456356298
413,.14568147,.82478642,.2907956557308377
414,.20489222,.89294738,.5411534251854317
415,.14864422,.91617024,.1654617658352758
416,.16911934,.93617326,.3990875337525436
417,.11724399,.90785748,.1884107005879306
418,.16162235,.92686021,.371383909535554
419,.087431572,.93110192,.192459234026344
420,.17016256,.90155214,.5908318465407432
421,.14601542,.90969247,.2878855825966933
422,.15146364,.90579301,.409176725365773
423,.17262262,.97202134,.459177039108521
424,.19000651,.8833729,.4543164605048934
425,.13686222,.92747688,.1329920790234457
426,.15315096,.92705959,.2611433463429163
427,.15091723,.89813954,.3525024834039449
428,.11129038,.91814512,.1640559258559958
429,.11030897,.92595851,.5138082122274021
430,.16983567,.89108372,.5259605071219094
431,.19289429,.87989771,.421819906808733
432,.1983825,.92725021,.432941197394943
433,.17711017,.92994964,.2638148746349436
434,.18604355,.93799049,.4582112245454545
435,.16155991,.9033708,.1388865800300728
436,.15013812,.92436427,.168460162764504
437,.13015012,.93002009,.1745934424259463
438,.140021,.92832673,.4354602572517392
439,.11441448,.92227066,.225662959503885
440,.19641636,.88710141,.4953015554700854
441,.19769438,.91816914,.5511159398803742
442,.14537902,.90264612,.166144080981611
443,.14463118,.92948824,.3248513788480037
444,.1582301,.92239696,.3372308413913022
445,.17730461,.87322652,.5124847683021536
446,.1378195,.93068278,.2890335161103791
447,.1477221,.90561533,.2096580707577916
448,.16437325,.8988328,.1041706228923854
449,.17426841,.90257108,.4450341994733229
450,.15325138,.93602872,.263249902183696
451,.17504179,.89190269,.2836577462515468
452,.23442025,.92110443,.2183653575595112
453,.13867815,.9217757,.1909165883351679
454,.14616139,.93459499,.1462856129009392
455,.12615809,.90542531,.1814649692244381
456,.098525979,.92441028,.0968662191518918
457,.18292144,.93324095,.1731676672972459
458,.17739506,.92018646,.4606634030564756
459,.1469831,.92101175,.3424731030842305
460,.19891608,.92053014,.4797763077845856
461,.16873413,.93733966,.1280983619726678
462,.17690332,.90645826,.4818505428338612
463,.18527842,.92461455,.679438177190318
464,.22719987,.84830701,.6210020087852888
465,.14980297,.88573456,.1880945995543832
466,.16515641,.87493235,.4070923968774282
467,.14880362,.93645316,.2502241300224466
468,.19953561,.90967047,.3329595147800186
469,.14142685,.86354858,.2687400839928127
470,.14760156,.92171913,.4360690156043339
471,.18049605,.86250716,.4940092386787288
472,.22606975,.818326,.3743954051824101
473,.13305709,.92791545,.1429274868728117
474,.15696755,.96106172,.3741472828464128
475,.15037787,.90129119,.5844758826082689
476,.17292699,.9314124,.2737564685229922
477,.15937752,.93301404,.4740035338685315
478,.19519882,.93285012,.5507035256523928
479,.13846117,.89386648,.1456409641826469
480,.11138725,.91659886,.1867491211738342
481,.187159,.91833967,.5972871774738056
482,.17858261,.86304635,.2104914843019943
483,.12502116,.92912692,.1726865660434473
484,.12696835,.92061615,.1677173940845959
485,.16543004,.92951334,.3691215382914617
486,.17579421,.90287465,.4521187610083742
487,.1485981,.9227441,.4624503512191848
488,.11217321,.91140538,.1528446990311036
489,.19157144,.88439018,.4855904585601372
490,.12996209,.90763241,.2354501984001554
491,.15454218,.85989815,.5166198473742554
492,.14666905,.93132192,.2039929154579238
493,.14060444,.91552454,.3940707109826902
494,.12551884,.92233592,.2916677307123633
495,.15513253,.83019066,.2131367921747666
496,.1816431,.91719717,.3240063771883363
497,.14391257,.91793996,.5116994182974141
498,.17000991,.939237,.5091886954040403
499,.14813451,.91209579,.3619265935472484
500,.18786646,.86813849,.537516793569259
501,.16614471,.90897745,.5567600377705257
502,.19697624,.92892689,.6144119715378481
503,.18929684,.88371015,.2912335823245836
504,.14994474,.91936082,.1799780760300274
505,.142157,.92340922,.5057715966394198
506,.17881405,.86011493,.5290076216250414
507,.13568974,.92287236,.2013647496319841
508,.1488374,.91366506,.4921385606113844
509,.16921058,.92536592,.3724028519971426
510,.16615957,.85530508,.1880357014591307
511,.21807647,.91614294,.5824476249435532
512,.22101432,.92892551,.5093814418181818
513,.13540821,.9059689,.3005360057196322
514,.14006868,.92890167,.350990246724824
515,.14631906,.91597003,.3091358907631258
516,.20806073,.8561393,.3811430925539853
517,.21411277,.91755879,.6374675761907537
518,.2361137,.9090265,.7003765914837837
519,.1366244,.93104535,.2037323090243869
520,.2022696,.92200059,.1198755477682557
521,.17408796,.92192668,.5878929799848914
522,.10381038,.90071982,.2326920568863852
523,.20327933,.88175637,.433524766671889
524,.15651703,.8357783,.2755588089168993
525,.17960379,.91721958,.2777761455206485
526,.13751128,.93077898,.1306192894896462
527,.11333785,.90536422,.2739160696559181
528,.12377638,.89440989,.1232728064539164
529,.12333369,.93890923,.2003898308605024
530,.16905841,.85304642,.4422001873218337
531,.15265071,.8964209,.359131450937581
532,.16792721,.93674576,.120960581041181
533,.15119636,.9097355,.2441526255190962
534,.14106102,.87575454,.1408969439664712
535,.16620494,.90567011,.2189724140043906
536,.1542356,.91243088,.1488020930392601
537,.12158766,.93313128,.320454546974877
538,.12420891,.89830333,.2029876524810498
539,.18025054,.91780204,.2254997928569023
540,.12801901,.91320932,.1838989542063368
541,.14022402,.92657214,.2831553432415572
542,.12179931,.89916205,.3194816001153727
543,.16353135,.81942344,.2786934371342484
544,.14246394,.8742798,.1888759848486082
545,.16522542,.92698383,.5101944457557627
546,.13240921,.92119634,.2547340060762456
547,.14438695,.92162412,.2106579994076511
548,.17508261,.88282776,.2828140273649601
549,.14372358,.92632365,.3045640598401967
550,.19921228,.87060022,.524889038055426
551,.12866597,.86933225,.2163589391173721
552,.14757909,.90207845,.4974827478249733
553,.19795322,.88451254,.4906979565190365
554,.17348872,.92142576,.5644520167961667
555,.13823493,.9165495,.2790572754029485
556,.17455192,.92877805,.5650509465007072
557,.13644861,.89679962,.4053623137801506
558,.11534265,.92770618,.1558526177521824
559,.18463269,.91198343,.2923102447622953
560,.16032153,.94636339,.1852172308010253
561,.2608566,.93288016,.6355600659964536
562,.20695466,.91507417,.6544069606993006
563,.17093717,.93899429,.3061133018937423
564,.15589002,.89194828,.2254051701835275
565,.19770738,.8779251,.494685323064135
566,.16964555,.92165357,.1752571699792799
567,.16216224,.92616427,.5832044845526577
568,.12028474,.91261268,.1670190141140198
569,.11978042,.93053871,.310099520335578
570,.16470261,.90413588,.2113833769223369
571,.20003138,.88362193,.4283613256097433
572,.23243435,.85660928,.4972853313978242
573,.12317288,.91867715,.3062845175120101
574,.12443188,.9100877,.2494001449156257
575,.14312744,.91730988,.1567321269652787
576,.14317912,.89863306,.2878385295788368
577,.1630425,.88253909,.2729418513797957
578,.16570155,.93156773,.2260317753303777
579,.1713334,.93729579,.4112713986390055
580,.16099796,.91184479,.3092867941303347
581,.17816377,.90374839,.3848832761649945
582,.1288113,.92573529,.2030901213969122
583,.13988797,.92277002,.4438424004277819
584,.14167929,.92334116,.4260781188905858
585,.10215975,.93159962,.2148579288855589
586,.14766853,.86504316,.2198555337670826
587,.1741903,.91882658,.4725350756871277
588,.16196847,.82597572,.2617672617863248
589,.15280965,.84697789,.3567588097679134
590,.11792667,.85851324,.2700789399633416
591,.17224155,.88689733,.5300784006999101
592,.15735529,.83625883,.3674011437795201
593,.13863958,.93191022,.1253647727578818
594,.1500842,.9341042,.4536736333742801
595,.15485862,.92584276,.5133504251936837
596,.18305585,.93180567,.3374383816911147
597,.14201687,.8802467,.3905693255037554
598,.15009175,.92241424,.2664707942583343
599,.19754055,.92062753,.4700275607496761
600,.1748558,.86875647,.1649047905257705
601,.15234177,.88421088,.2978446839484001
602,.12595798,.89693278,.1697247776597773
603,.12728053,.90432596,.2447016635914702
604,.15557398,.91455108,.2443334285700411
605,.10895763,.91847223,.4196170758820085
606,.11090103,.92206424,.1478968966720894
607,.19870026,.92106164,.6070161818380386
608,.12991938,.91979474,.1466176103529377
609,.13856347,.87584555,.2718117845082936
610,.14943619,.9372862,.4563680861584375
611,.10248362,.9169578,.3697618294740855
612,.14041302,.85261959,.1814135925698581
613,.17273751,.92956197,.2653009250023022
614,.22000532,.87789416,.2697657651397162
615,.13210763,.90017647,.4101091736747279
616,.15196061,.91342789,.6543461902221424
617,.10421859,.91926122,.1747202303893637
618,.17006259,.92345095,.4274917435147629
619,.13132736,.85379034,.21698332197928
620,.12627733,.92543894,.2139010384349569
621,.1985254,.84699738,.5745047514612793
622,.15267707,.9157086,.1746879274108607
623,.15818554,.93164867,.2078636455710955
624,.099794708,.92460501,.1790897711608761
625,.1284654,.91487837,.4190027942632806
626,.10772491,.92985499,.3590188121360377
627,.15209706,.9168725,.2436612671885969
628,.17515203,.83563393,.3412875963640062
629,.17714803,.92345196,.3493585259952929
630,.13988104,.87562072,.2352007469360269
631,.22878794,.8872292,.674048589033366
632,.19999845,.91627461,.367929221149463
633,.1443029,.92906451,.196786292008288
634,.21689464,.92390448,.6815240068789573
635,.19510339,.86735064,.163500931008288
636,.13249406,.93092823,.2907293717301217
637,.14945132,.93101335,.2304701130153385
638,.10092278,.93457949,.3622877994560994
639,.21493958,.86859816,.3030963225478397
640,.15688962,.84581631,.3148537782898919
641,.13108197,.92383295,.3031243433468926
642,.12388211,.92957544,.221227812065342
643,.13213609,.91449118,.5761261959736559
644,.1613941,.91840243,.3210654262566045
645,.19563672,.8498404,.4207331068137081
646,.14946102,.88491702,.1584463745527066
647,.19323462,.89503211,.3346245641591989
648,.15064329,.91463369,.1840617538342703
649,.18505506,.91419244,.46277234595338
650,.15489793,.91751325,.1859101931072631
651,.16158147,.92626047,.4981527534729344
652,.13505754,.91729093,.4518881260110259
653,.16139983,.91363716,.1418315988184192
654,.13868105,.86124092,.2378964693228993
655,.15335597,.8698622,.1865989358548627
656,.13050874,.9279021,.1629425256399756
657,.14179078,.90876091,.226669879522792
658,.11717226,.93075526,.3002770553514467
659,.10138468,.92408144,.1766420660596642
660,.12411692,.83818549,.3373877222763532
661,.12137889,.92217678,.1406913768507355
662,.14576592,.90447718,.3031975891514503
663,.19007342,.85778153,.2692135092712843
664,.19701989,.93080515,.5311752697210197
665,.19973169,.91716278,.4875835623253043
666,.11636495,.91929996,.1210976006399896
667,.13690367,.92194539,.1689387108673565
668,.095342517,.91011506,.1851651450881283
669,.18311079,.90871334,.1600969238097705
670,.11329324,.86162466,.2520204555201816
671,.10934132,.93647528,.2342115767904268
672,.15736783,.84845459,.380914363691617
673,.21235837,.92487395,.5258323477613411
674,.13272682,.91103619,.1690311736988474
675,.15605125,.86014497,.3622569971449537
676,.12565963,.92740893,.1441228681535501
677,.17364116,.89235675,.2105275455626481
678,.11163679,.91478193,.1664670912314284
679,.1997187,.9295854,.5790493827853627
680,.25077298,.84994638,.4527214556334911
681,.15945564,.91313797,.3885349090189645
682,.14894725,.92276073,.407068038206793
683,.20658703,.89597255,.6211792901605041
684,.23140022,.91924345,.3852994096791535
685,.13076493,.91194797,.2420929755819265
686,.10626747,.92542976,.337391556042291
687,.16916132,.89607847,.315605252549495
688,.17763267,.93258119,.3307385482404979
689,.19701883,.94468468,.5402215223475784
690,.20336454,.9119097,.3984873867120234
691,.17215727,.84961873,.2105536749529306
692,.11238216,.92526644,.1439918350887795
693,.11893173,.92955792,.2154029015240988
694,.17413881,.91010922,.2691324801215143
695,.12240347,.91712117,.2264903287939519
696,.16789004,.91673493,.4115953290075973
697,.11941758,.93816257,.1736667434177129
698,.13444711,.88914531,.1589983566550563
699,.11065871,.92306417,.122815654025303
700,.1805958,.84856254,.2358012158406177
701,.18063077,.89110786,.456019515952862
702,.11363995,.90881258,.204704555602083
703,.12122855,.93172675,.2180373855902217
704,.17000459,.9007979,.1612205192454459
705,.14221187,.92557675,.3653046725161874
706,.19360879,.92491549,.605820831090909
707,.22053267,.92573321,.0744744208726946
708,.091141932,.92789423,.1639548024169904
709,.14288154,.93143427,.3708247622838889
710,.16360176,.91355318,.3785779256230479
711,.19549707,.90873408,.3104948585495985
712,.10448937,.92536986,.2648611386248381
713,.1694718,.90397519,.4016898124784332
714,.1826635,.91832876,.6699018812252964
715,.18791658,.88728833,.2700800104040404
716,.1467452,.90148485,.2800908099344919
717,.10865972,.92604536,.3660937122202798
718,.16104865,.92990112,.2919231147806268
719,.1936928,.92299038,.3127886241327807
720,.15059555,.90755254,.4182266004333938
721,.15798977,.89146781,.1493796918042821
722,.12152313,.9166224,.2460737952670786
723,.12509544,.93863696,.2924790191198701
724,.14467256,.82817817,.2860435254427727
725,.13563965,.92289096,.210369133995856
726,.16831231,.90874416,.2759209222729431
727,.13446477,.82965344,.0976058339448419
728,.12120317,.92682385,.3531741000871967
729,.11372673,.86819553,.2499298068498445
730,.22451007,.89176494,.5618445671129241
731,.12814768,.83768243,.3067465712564102
732,.18072662,.90160453,.2358259298185764
733,.12745924,.93846959,.1670386621879545
734,.18233025,.96513808,.2898249440108422
735,.14306448,.92372251,.5427961460175084
736,.15661208,.90601879,.1635360689256503
737,.15023772,.8846975,.1876131049842555
738,.18323088,.918257,.5970859607862943
739,.13867353,.91653264,.4296286941740124
740,.13135867,.92580974,.2251790567920968
741,.15265672,.9027881,.2358795680434085
742,.16264591,.93086517,.5965938513264345
743,.14040242,.85861421,.3066283603961265
744,.13848177,.91170275,.2954005346993552
745,.16155934,.9229002,.4754102846919747
746,.13014455,.92554927,.1977391937030562
747,.15136643,.93406665,.3062841904415954
748,.23418234,.92269343,.607463182476278
749,.11784084,.91972363,.3801288670498575
750,.08263348,.93321311,.1750329479835276
751,.14948447,.89738476,.3330277902829577
752,.19100712,.92448151,.1843493589833996
753,.20207734,.89471442,.420850978358111
754,.13793686,.90283674,.3052547369545554
755,.17181879,.9299888,.4511663471357077
756,.13479659,.89560395,.2699101306702507
757,.18392643,.91902566,.7032415274313648
758,.1457893,.92888558,.1315606281533281
759,.1778972,.90706086,.2849007914697268
760,.16221195,.89554036,.532130308069893
761,.2024543,.9278971,.4526983888545713
762,.13416976,.88233036,.2119817710983229
763,.14651202,.92818397,.3467856236090606
764,.12405379,.9102698,.2740621419387608
765,.1105648,.97193021,.1961014602011569
766,.13130482,.92764151,.1983352847727273
767,.23486948,.88946003,.482864388993229
768,.15008619,.92305446,.158682786631788
769,.14897931,.90985203,.4962947074343866
770,.15484393,.9311921,.2359194222872881
771,.14435327,.91000277,.4246423235618702
772,.15647346,.89659798,.297567681946306
773,.13587771,.90438437,.4213622836789137
774,.13064849,.88709408,.2784345539958559
775,.118106,.92695725,.1686418197179623
776,.20549881,.90138531,.4686205493646939
777,.17864037,.82797575,.2629029810314039
778,.13777429,.88697475,.1997251629318829
779,.20829076,.89757192,.5821834124226596
780,.16634825,.88964641,.4372031072482661
781,.22680621,.96921092,.3827336384246309
782,.13338153,.88771778,.2202525781790516
783,.1282098,.92844504,.3435837375940002
784,.17428091,.91656727,.3985768476144925
785,.15938336,.92499369,.2632810072007252
786,.12586784,.90582216,.1722205798477922
787,.14156918,.91732168,.2313206697932707
788,.12383167,.89557219,.1924255558220904
789,.11872094,.89368081,.1361492701449275
790,.18003762,.91621906,.5042561084173646
791,.15373488,.91620594,.520288488758032
792,.20086998,.83812672,.5120063785911563
793,.12372545,.89783728,.220848121091188
794,.15597269,.85805058,.5242939881580485
795,.16019192,.88728136,.2606275047972028
796,.20352833,.86846167,.4944893634284234
797,.149066,.89389431,.3445562019123319
798,.1618557,.84393907,.2398089563644997
799,.13927349,.91397798,.5514375378254115
800,.11363814,.91814297,.2262857216139169
801,.17977403,.92375171,.6454835384622448
802,.16081469,.9132694,.4322622072228696
803,.18509196,.87995607,.1477066836645299
804,.13154192,.9312554,.1839170784608569
805,.17157772,.92843825,.169996604208644
806,.1240406,.90477574,.2542299162728827
807,.19023511,.90943539,.3527401171759553
808,.15748109,.92466748,.0974986087459207
809,.155296,.91870105,.368839764641932
810,.12323531,.91635668,.346987461476066
811,.1143161,.92964995,.4595742923642014
812,.15622061,.92893553,.2264053503703703
813,.16568793,.89359379,.2188666524324695
814,.13092732,.92569268,.2923408078286236
815,.22257565,.88576752,.4979373533357506
816,.21588981,.92215019,.3671941825459725
817,.16611509,.90945202,.1427923524990647
818,.14261882,.92405099,.2232113809742109
819,.1892008,.90650743,.310792511176149
820,.13294476,.89512694,.3154333773601399
821,.16883658,.87490654,.1728662999524734
822,.16430639,.85690981,.3296671264932541
823,.1296657,.92853057,.2327845272881054
824,.18390307,.92335641,.696729857047397
825,.17732762,.8293063,.2683993809870436
826,.17069112,.88955653,.317150977000777
827,.19206145,.92217493,.4369753149899638
828,.16316383,.90805775,.2562800441269101
829,.10804781,.92772353,.2498633501867392
830,.16891938,.91007471,.1622666225728144
831,.17584966,.91736478,.4464787558327893
832,.14981456,.92744094,.2210827032597633
833,.14025156,.9152739,.2670515164463006
834,.19892858,.93085283,.4489481631427636
835,.18326829,.92583036,.649496984313767
836,.16239667,.87860167,.2860759031983
837,.15321417,.89385015,.2293175363970709
838,.18953352,.89117324,.4640790802848387
839,.13313217,.93383068,.2396178800371233
840,.1671636,.91371852,.2041334635716135
841,.15460885,.91390491,.1491150155698687
842,.18871562,.92215407,.692648838
843,.11143316,.92207932,.4668994802078686
844,.17176142,.92243487,.6825098546753245
845,.16046067,.93646014,.2896696676010101
846,.14875236,.89740586,.4124230804780713
847,.21839139,.90299129,.6323089598601398
848,.21535811,.9330582,.2109249667135221
849,.12304668,.92829984,.2730472985741172
850,.15880518,.93464345,.3673398917968142
851,.14087431,.92315573,.4935164202604204
852,.15661682,.9212572,.2656546613887271
853,.16909352,.92688185,.4161780782437007
854,.16046682,.9202711,.3521919463334196
855,.13337572,.89988285,.2967641888472964
856,.10868315,.92536849,.1870006417618112
857,.1935014,.91885138,.3904593623873348
858,.12230391,.82371575,.2072773098900802
859,.2327566,.8570208,.4947862904232928
860,.11351646,.92665392,.4584791098821548
861,.16737093,.90969735,.2321731507204131
862,.1365882,.92312288,.2369425401649984
863,.13501824,.88069481,.2981719924338829
864,.15076026,.87624794,.2375344971100751
865,.1787464,.84191418,.4188200691935675
866,.13004483,.87495321,.1981330562457912
867,.15504071,.93128002,.1625876413160091
868,.20604286,.87378764,.4816477206980057
869,.15119806,.9190706,.3348678391059811
870,.14153574,.91406196,.3356914802849003
871,.11701386,.9247731,.2355425073885004
872,.10883306,.91718489,.2046954596333707
873,.13867845,.88990057,.1729745643775614
874,.12576884,.91645253,.2674716155857476
875,.17306365,.91793603,.5036287681379954
876,.14207919,.89609456,.2137307277952262
877,.17076384,.91937709,.3980038267092166
878,.14534412,.93256569,.331018811129241
879,.11096708,.93453795,.2423927570134731
880,.1620013,.8852914,.2806581729250076
881,.21146739,.88062596,.5375322595272066
882,.21732248,.92860246,.4406246572504347
883,.19835508,.90960622,.4737469541472798
884,.14314911,.91682053,.3649575345527066
885,.11834366,.93118382,.0971967178854068
886,.14496569,.92550313,.3658990888182874
887,.15770726,.91002309,.1588834289637831
888,.20464355,.91715842,.6603287415151515
889,.2180756,.92492622,.4529138642560217
890,.11398172,.92824656,.3312891167717237
891,.19772333,.91543931,.5751174898398514
892,.17588265,.86719739,.1858632738002244
893,.12601221,.91555434,.1894196076964516
894,.15275297,.90290064,.3644012198579483
895,.19972749,.88139379,.5442400867977393
896,.15739584,.89634466,.3472018436671559
897,.17394307,.82181132,.3945058453407846
898,.15276587,.92262006,.3386321195737048
899,.1647196,.87107766,.3429762136443691
900,.17408225,.91774279,.3165290440669134
901,.14974761,.92757863,.236895423326161
902,.17729191,.9278459,.3910456393154215
903,.17724316,.92875195,.4744493117302836
904,.15077226,.90646333,.2898782556359073
905,.13083501,.92252904,.3658911755412425
906,.12248271,.8760615,.1209480733468013
907,.21867153,.91782343,.5363516325897301
908,.12953536,.92889333,.4278435623763273
909,.12119126,.90083158,.1862720409501609
910,.15214837,.92718256,.176542991667711
911,.13308801,.91014338,.2349509744594089
912,.14450529,.89669091,.3406827232221202
913,.20737644,.92440456,.7301271721212123
914,.23571414,.87573469,.7088764556727272
915,.16553262,.91074884,.5376246945566779
916,.1537859,.91451716,.4586882788561119
917,.1427563,.89608914,.3619025329361132
918,.18471582,.90266156,.4612344758870758
919,.17346278,.91849315,.3604800504528669
920,.15211256,.91983384,.1146342386747156
921,.16512607,.90779823,.1497319408282828
922,.19481748,.89861965,.1945101985069975
923,.19100325,.90821743,.4453659893118685
924,.11295223,.92680609,.3193096721197994
925,.14352179,.8303324,.3078330742083842
926,.13814531,.84788972,.3417640693142469
927,.21174285,.92793733,.6975028925516457
928,.18846758,.91616225,.4406314898337625
929,.12128639,.86835611,.220194595939333
930,.13287011,.91551661,.1446243621144973
931,.11619715,.90694618,.3429213783349983
932,.11181045,.92895591,.291905433530821
933,.19458127,.92207175,.557124950361791
934,.13997744,.92637211,.1256369593311541
935,.13811278,.82488877,.1006941787287943
936,.11221123,.91764241,.5336418356793576
937,.16126929,.91693068,.1365012038843324
938,.15282319,.91805422,.5051537347241647
939,.12134597,.92821813,.1352374278400612
940,.18760908,.87086898,.5407639342939888
941,.16879568,.92874718,.4453439262502518
942,.23698492,.92310399,.4563074980814937
943,.16432784,.93539482,.4679234383838384
944,.14173117,.91301972,.1532627345417545
945,.21508108,.92663121,.3864355578970541
946,.13579886,.92841369,.2485163290336412
947,.1827652,.92860484,.3677578136576387
948,.13600993,.91998369,.2319147178750717
949,.19048198,.81964505,.4739483479685745
950,.20815487,.91277468,.6437503784691414
951,.11594388,.85866982,.1274363569083657
952,.23414353,.92763406,.2200336700890019
953,.16016397,.89825732,.2718936287454425
954,.13508832,.93236268,.1876315680530244
955,.15500054,.86979455,.1531421859463412
956,.17800274,.894485,.533738504369814
957,.082261883,.92399162,.2865133736973191
958,.14209957,.91858357,.2777664296708704
959,.14117323,.8562907,.1819732181435775
960,.14055027,.91834438,.1943399928810153
961,.14145924,.90434241,.2422325779131335
962,.11296566,.92336434,.2588344463585797
963,.19249193,.92512167,.4548173877492877
964,.19290814,.88737458,.2053178497374135
965,.21790829,.90694016,.5239823834917944
966,.15251024,.89212954,.1645518088096893
967,.16922253,.87097079,.3151823516050461
968,.21876666,.92263007,.3602805583457283
969,.17263865,.9149707,.2851474415541634
970,.085810222,.92071116,.3226952136965962
971,.13747433,.90861505,.4652909403863087
972,.12005442,.931633,.2218676596958086
973,.16240962,.9314695,.4250779003401536
974,.21707547,.92326069,.6819139364378534
975,.21440306,.86551231,.1903161593618459
976,.16873753,.91406906,.5917919997036136
977,.16316967,.82818919,.3836205001841491
978,.16581105,.87995672,.2776073894007597
979,.22782485,.914294,.7030841956093569
980,.12924211,.92092341,.1858731639861866
981,.12108295,.91487741,.4864656817885817
982,.22307378,.92877668,.4747254288038505
983,.11838275,.92770237,.2271721076697171
984,.17274338,.89555591,.5852447226006217
985,.16810673,.82847035,.2820223778114478
986,.15644205,.88915884,.2667791429081639
987,.10452945,.89231241,.1760825857728478
988,.12207033,.93760443,.1687718504538054
989,.13676263,.91679937,.2893782259006734
990,.16608724,.92071533,.611874334943844
991,.20046248,.91829669,.5953855322761806
992,.12544817,.93002915,.1808627497047397
993,.15604736,.91549587,.7062029407070705
994,.15009363,.91676432,.1563912246948114
995,.13769826,.90092844,.2051911828060519
996,.15145335,.91300422,.2082943039212639
997,.12979713,.9344306,.3141571245804196
998,.17882618,.93094862,.2013432709312498
999,.1690038,.9016695,.2591507941594002
1000,.13120779,.93762827,.1623929649442153
1001,.18003997,.92216104,.6355923634571824
1002,.19910993,.91513276,.6018511042065688
1003,.16150345,.91270846,.4159481300959478
1004,.14893627,.8890779,.3017854189786756
1005,.20782961,.84437448,.2975663674237799
1006,.14687023,.92231351,.2951327950918711
1007,.21235126,.9063679,.6264208904496532
1008,.1728062,.89509106,.2128405796623932
1009,.1634876,.9254415,.4146554671071109
1010,.19611485,.91260695,.5894245446145876
1011,.14955099,.92681545,.1594688805731943
1012,.19604786,.91552436,.2701064015741819
1013,.10970422,.92678785,.2460785042825968
1014,.23148648,.9379282,.6427226390909092
1015,.1279282,.9191438,.2413543866896627
1016,.21195833,.88729954,.5690980288010014
1017,.1591738,.9150852,.3975888578616712
1018,.1161315,.89118433,.1001573143172617
1019,.13690893,.90130532,.2224003938221243
1020,.2012461,.84870279,.5357019854913234
1021,.15906665,.89762264,.3273586145866266
1022,.15408719,.92649645,.4522045723697084
1023,.14354993,.9218275,.2500812706459068
1024,.23017065,.92848992,.3491214631365794
1025,.14205401,.91191566,.1382368558740449
1026,.20187718,.9178105,.431798792344225
1027,.12908785,.86385781,.4003610994945794
1028,.15594257,.82389396,.2089036021438921
1029,.16192536,.92845714,.3050833995495245
1030,.19021514,.88370806,.528966161428818
1031,.14446002,.90351707,.0095626974358974
1032,.15917508,.86952418,.327380309730133
1033,.16850486,.9675172,.3530858250239883
1034,.10943099,.87975192,.2715092230545096
1035,.17110828,.84393895,.1551499590729517
1036,.10462476,.93539304,.1128554495467495
1037,.15283287,.93637288,.2256649020442794
1038,.14881548,.9107365,.2426281940741525
1039,.16645168,.962865,.2142507757333516
1040,.12775931,.92986596,.2363452084168177
1041,.19211459,.90270048,.1708485350108262
1042,.19686706,.90807414,.3424897958710291
1043,.15037988,.92676544,.329734877043882
1044,.18003348,.90218467,.1600995208472881
1045,.14692391,.930682,.1762857290906736
1046,.12669243,.93864214,.3192149309648756
1047,.19163206,.94262141,.4650007
1048,.15398468,.93025553,.5163057750399723
1049,.17791742,.92092097,.0985964551073618
1050,.1778841,.92453843,.5765423724022752
1051,.14544627,.92875117,.3262379942622808
1052,.20285285,.91485304,.4540318367414068
1053,.12770508,.91394722,.1222803414928215
1054,.13357893,.91109723,.19829768037948
1055,.18778369,.89497238,.2970383947597565
1056,.12527204,.92355412,.2584399976605593
1057,.18527669,.91662133,.5856881804329875
1058,.1859079,.88285309,.5441535194126788
1059,.17311747,.93098986,.4354425021132478
1060,.20519628,.90784466,.4380166968354939
1061,.15618232,.90548831,.3267974614265603
1062,.14075814,.89003927,.1961174862918717
1063,.12545992,.92580932,.2999992722825323
1064,.16606648,.89584213,.3787665042687682
1065,.10745705,.90935594,.2302848166664076
1066,.14639814,.87573206,.2710919522834724
1067,.13351671,.85945886,.2609639499812944
1068,.12974133,.88525569,.166746763361671
1069,.14317159,.8854757,.2499372551433467
1070,.17133503,.92571652,.4503608171212736
1071,.20475546,.93613374,.4222606873756302
1072,.13101038,.92308259,.3131515770663904
1073,.13293339,.93067187,.2270498450081231
1074,.15287139,.92833698,.1612451745111492
1075,.10990158,.92785209,.2091415456682823
1076,.15317431,.8894242,.254663489733057
1077,.14280388,.91864401,.4503559600146767
1078,.15923783,.86988252,.3167696294694811
1079,.13201307,.93516904,.3607552345066044
1080,.16346505,.87410498,.4940314630429652
1081,.089102827,.93109733,.1956984839341246
1082,.16215596,.90541852,.1661519814765317
1083,.114485,.92057759,.1823842321821218
1084,.17790808,.86232948,.482865069790333
1085,.13233331,.93159491,.3191321515445834
1086,.1178188,.92225206,.2458030084227809
1087,.18468609,.85471982,.1219402778619529
1088,.2262477,.81517577,.3419777785514331
1089,.12899342,.90595853,.126722262548287
1090,.13756776,.91650355,.3446662727482085
1091,.13097174,.929124,.4287882001965165
1092,.1328785,.91249317,.2078716873026784
1093,.11421227,.91817296,.2944656666021386
1094,.14810605,.92101926,.2966321152658284
1095,.14277524,.92353946,.2245483614514679
1096,.10227289,.81453079,.1752347010125615
1097,.11368385,.91962862,.0522556378917379
1098,.14354743,.89811027,.2848644781359895
1099,.15878506,.92805856,.2253664555126515
1100,.15406743,.94847977,.1271758693621878
1101,.12905382,.92767942,.1771271787151595
1102,.17634727,.92277366,.2695195442522348
1103,.10442268,.88958651,.2247125601176406
1104,.14388154,.91757888,.2923326593027595
1105,.16628116,.91786706,.247294997248872
1106,.17888196,.88573349,.4549791355273532
1107,.14611575,.88604772,.2699842568923669
1108,.17158489,.9218387,.6732187347272728
1109,.12397155,.93048227,.1598915336345506
1110,.094554022,.9138099,.2230745239333505
1111,.1358224,.87634832,.2712354491832858
1112,.13157739,.92503071,.1535298861900414
1113,.12997711,.89901793,.2171402493958478
1114,.16318856,.92073232,.2635232366851344
1115,.21367528,.85471398,.3327195878534274
1116,.1421552,.91885996,.3557557777494357
1117,.11796962,.84964859,.1809378561340403
1118,.12563139,.8951484,.3009381121509971
1119,.14807992,.93062848,.3462651917704629
1120,.16553828,.90389025,.516406650095275
1121,.13321912,.90037626,.0985122762318141
1122,.20751125,.83276284,.4482827171823024
1123,.13925998,.92063636,.1929623804487179
1124,.20828371,.92091024,.5764792504906205
1125,.14396557,.89894962,.3252487863175657
1126,.14418556,.92330778,.1866772717225244
1127,.15701617,.89788079,.1932084779682607
1128,.15712434,.91616172,.2427553776987827
1129,.13616095,.92438287,.5004864514859215
1130,.16965707,.91678578,.3794416653653629
1131,.11349028,.90700984,.2853981209926185
1132,.22304623,.90487474,.4478852047575758
1133,.22426847,.90414757,.543255231009763
1134,.12123415,.92142284,.2089880977487697
1135,.14632343,.90629679,.4357390639788195
1136,.22939141,.88717771,.5893240989661034
1137,.12039603,.9174422,.1868048200192955
1138,.14895386,.91087824,.2183940117209389
1139,.12939928,.92147189,.2042824876257645
1140,.10871643,.88719106,.2044072702756503
1141,.11153521,.9221409,.3684673513657454
1142,.14634076,.8850739,.2176444665132503
1143,.14918874,.92269361,.2666213031662781
1144,.14414868,.91766602,.1704019531237423
1145,.13027325,.89594078,.2563581334472934
1146,.14770514,.9281863,.2324644793349324
1147,.087764792,.91142297,.3403721844815477
1148,.14560886,.88323075,.2744406781146261
1149,.17009561,.91695184,.3918856710457135
1150,.13790736,.8902325,.1414643743727877
1151,.12790395,.88039738,.1978438781076793
1152,.13802378,.92096198,.238012340955711
1153,.12959893,.9260177,.1845977155465522
1154,.15097384,.92811018,.2737701721930847
1155,.14830109,.9040646,.3259816484812872
1156,.2277424,.89316612,.7214041597062701
1157,.12713487,.93309969,.2640233001826431
1158,.18803862,.92283922,.6947337298181818
1159,.16390857,.81715894,.2238897234995251
1160,.10578176,.88705689,.2559671021154435
1161,.14805433,.94061118,.3923222289526564
1162,.16886254,.9228102,.3601056625594404
1163,.14458361,.92290562,.4018525004273504
1164,.16992846,.92192066,.4422588355868141
1165,.1024325,.93141228,.1577239005574261
1166,.196876,.91516161,.3154296092518877
1167,.19789386,.89176261,.5273681387574082
1168,.15237686,.91577709,.1268697540023781
1169,.14859059,.90297824,.2022124842387011
1170,.097225457,.91229749,.196266639474877
1171,.13646565,.91219616,.1800978952133052
1172,.17513925,.92013669,.3990437503999509
1173,.17300569,.90429097,.1413288214608611
1174,.10140765,.9135412,.338904527564678
1175,.096178614,.84474355,.154335634835211
1176,.20495725,.92084688,.3825966069498835
1177,.21735758,.92525244,.5250802381600189
1178,.11909913,.91945422,.1906951021977861
1179,.13127501,.86077768,.2855721348257504
1180,.11634108,.91936475,.1212219502877493
1181,.14593041,.91941029,.1450371586946387
1182,.16512828,.91442674,.4873092439560057
1183,.14216636,.92346179,.5541720595798219
1184,.12593548,.91970688,.2566840489619917
1185,.12877728,.91577411,.2126347911925523
1186,.17510039,.92315841,.3828414605884394
1187,.17869751,.92866218,.4410551996993829
1188,.14250663,.86805516,.1945992803914855
1189,.15459143,.91117144,.1895106370921671
1190,.13031155,.92649269,.1823529660224035
1191,.14864002,.91280997,.141887907148745
1192,.15922566,.89666814,.3493890647558145
1193,.15029535,.92201751,.3092867844629444
1194,.14933667,.91195947,.3295703636692783
1195,.20278132,.891155,.4262500322395122
1196,.19929123,.92234814,.4869095967934404
1197,.2004185,.93424344,.4462582449816656
1198,.14774083,.86594307,.2198737683212974
1199,.10796446,.92549974,.1743034148747475
1200,.17339344,.87559259,.3468300484988345
1201,.13457027,.92393672,.2536095697288637
1202,.17657384,.88348639,.2339146087697487
1203,.11456659,.93233597,.3447246971998371
1204,.17473915,.91625261,.57510691945856
1205,.18935275,.88056654,.3443638859084908
1206,.17543414,.9161877,.2319383764427491
1207,.18659987,.84413171,.3477605369235949
1208,.12713183,.92359227,.3256599815683275
1209,.1721669,.86540872,.2950440205903842
1210,.19750588,.88121337,.1197924239261713
1211,.14074494,.92622197,.1629978637714137
1212,.14809953,.81503397,.2760390998869032
1213,.12378544,.92292494,.2977940934831963
1214,.20792341,.90500665,.4549478259043817
1215,.23210607,.91686809,.2213714628935038
1216,.18894196,.8265416,.2152666673850392
1217,.16482542,.90383035,.188640419420112
1218,.17487666,.92530268,.2707779291639304
1219,.10718998,.92959052,.1164175500647501
1220,.14596598,.91640997,.2527858955221733
1221,.19679433,.91049731,.6155530763986015
1222,.12175899,.88981307,.2626396415472028
1223,.13811186,.92370355,.4104688830630189
1224,.17955807,.91768503,.1522042408541828
1225,.14745356,.91780794,.3610464445290966
1226,.13141701,.9285472,.2485270547143006
1227,.20365627,.92422926,.6543481431151538
1228,.13568042,.91477001,.3748844041767552
1229,.19181956,.90572858,.1770682204203421
1230,.23310106,.8582229,.669213114571786
1231,.2061913,.88412595,.505322709443538
1232,.1644818,.92796338,.5329144442027772
1233,.12802501,.89127064,.1297070784770785
1234,.14684516,.93215078,.4804409458763459
1235,.12010869,.9261629,.3901632324524525
1236,.12831801,.90783852,.1452517338677372
1237,.14472936,.89566821,.3142179116251585
1238,.1841228,.91488391,.4583854509150889
1239,.14768092,.92274684,.3857155566078736
1240,.13362546,.91030174,.1313180520132954
1241,.13839729,.86135435,.2485615909343002
1242,.16875263,.90473735,.3707007445889487
1243,.11849257,.91059065,.3536614213979108
1244,.12805182,.86977303,.3306879748549118
1245,.22577031,.85422707,.531620204628524
1246,.16129044,.89920014,.2496433253205128
1247,.2145547,.9395535,.6699289074090908
1248,.16013989,.9275741,.5244290901481481
1249,.14297171,.92617762,.1839117277993611
1250,.11654332,.92455268,.2670023082150026
1251,.1919127,.83832151,.1327272572908573
1252,.12953271,.93365842,.275803449466224
1253,.13501564,.86766297,.2429052043781708
1254,.078915887,.91672933,.1329350255167055
1255,.18248035,.88962322,.5264564575190501
1256,.17009804,.91670448,.4230489574187026
1257,.11050601,.92330891,.2627991407556332
1258,.12019952,.93379831,.2688996645254539
1259,.14789173,.91204405,.2040458596582193
1260,.16183914,.85085273,.2960113204782871
1261,.12659256,.91679144,.2205866775743286
1262,.10415115,.91434878,.2786762352610017
1263,.15159698,.89341092,.3513846590545455
1264,.19541962,.95457697,.2044640557256324
1265,.11531481,.91890895,.2400352534586076
1266,.23748486,.92049384,.4738826643578643
1267,.1316469,.92159784,.3337710487781381
1268,.20023645,.88404906,.2868299578834499
1269,.1529357,.91503948,.3036026040202688
1270,.17373122,.9275685,.2565385745137896
1271,.13938862,.90873981,.162929694644581
1272,.16346255,.92853564,.2752393319784383
1273,.17556624,.87228107,.4191056546016575
1274,.14378886,.90699065,.1720584488452573
1275,.20388038,.92674232,.313009738708286
1276,.15678191,.90930241,.1606265878465125
1277,.14253098,.87890327,.3259965155904028
1278,.17494865,.88624001,.1619051789931365
1279,.13570572,.91689128,.4016483275567642
1280,.15149416,.93344033,.4818784408217123
1281,.16520973,.87320453,.1749611979291589
1282,.15781596,.93349218,.2981752930498457
1283,.11819444,.90593868,.2250299913087482
1284,.1342908,.85887015,.1287637562488793
1285,.11790691,.89035457,.200606947115075
1286,.13103305,.91237992,.1274706964136378
1287,.093969159,.92619646,.2375090106263097
1288,.17098904,.93138754,.3827054276895943
1289,.13680495,.92705083,.1613101187428621
1290,.12871139,.92323059,.3288598114978848
1291,.20946218,.91146958,.5286442780945675
1292,.14907193,.88385445,.2656190740764648
1293,.12909535,.93106842,.1698127917857752
1294,.16749676,.89635831,.2284352549634316
1295,.19471559,.92549217,.6165612468732193
1296,.12757409,.92282122,.1333604216339463
1297,.12934911,.92795724,.1790949954657688
1298,.14314619,.92338622,.5769812475689493
1299,.19480512,.90474069,.4257250139525358
1300,.16953959,.90267897,.2250052421428778
1301,.17188534,.94820535,.1164398273504273
1302,.10530204,.92434537,.4020828406647672
1303,.14103116,.88720822,.2092858531598723
1304,.16378085,.97024304,.157651728645922
1305,.15134206,.91014576,.5264019767669367
1306,.12161083,.92826593,.2763425868932617
1307,.16597129,.93121105,.1824251347647413
1308,.1343618,.93175769,.1374361133391227
1309,.15184309,.91442353,.5006820352383564
1310,.10352121,.92807907,.2538799945047052
1311,.12780076,.92809045,.168046114263906
1312,.13474548,.93303144,.5250936135044584
1313,.17797677,.91284734,.3546710013161922
1314,.2215324,.82988328,.447733553037037
1315,.14681832,.83891129,.3179326614640914
1316,.15479161,.96499419,.26613786101222
1317,.2016928,.86038089,.4682300243978242
1318,.099167705,.93331581,.3670287915132629
1319,.22071362,.93665737,.1686426553196368
1320,.127097,.93580985,.165331462757755
1321,.1726632,.91665483,.3452981358794497
1322,.1617315,.93672472,.3255759495042594
1323,.11214764,.89928186,.4465456035024029
1324,.13032216,.90147853,.2956959099460565
1325,.12470458,.9166674,.217629899302756
1326,.13391902,.92223448,.2435800388552189
1327,.12349338,.94566852,.1765644343919969
1328,.19505949,.88993597,.477117354021756
1329,.21668983,.87674248,.3520070589304652
1330,.1231309,.84630704,.2705180039130168
1331,.17619117,.91737884,.2582612804552649
1332,.12995757,.92975783,.2677386316125709
1333,.14980558,.89897412,.5841817979729821
1334,.15048094,.84753287,.2314026147084973
1335,.17202064,.92502856,.424222575599139
1336,.083061852,.93291688,.1886010584991453
1337,.19190803,.84824127,.4802045617793317
1338,.11091195,.91931278,.3042736686742065
1339,.13897276,.92485541,.1645630497293447
1340,.15904552,.84473175,.152776740397997
1341,.12501036,.93032783,.1894654818056634
1342,.13888167,.92565483,.2234667343282396
1343,.12754618,.88880354,.3426448499463717
1344,.12474927,.92251372,.1471123544558709
1345,.10058348,.92533916,.2082841381970174
1346,.17782295,.81683779,.2531090479985035
1347,.14892751,.92765433,.3333908820445255
1348,.14784278,.87665999,.2309346600650738
1349,.17870234,.89245248,.3467510494908652
1350,.18237206,.93059623,.6032563161802033
1351,.13082099,.89995044,.1968759937256191
1352,.15198465,.91111755,.0925790794353794
1353,.17848037,.91804045,.4510926207904442
1354,.1263413,.9282847,.4821103953187747
1355,.15265872,.8654266,.1131690064567364
1356,.19182481,.92437404,.4027441906899028
1357,.1434588,.90625912,.2097623401852715
1358,.18816647,.8292895,.383986514759186
1359,.18063127,.92766154,.467096641860629
1360,.161543,.91090149,.2683821801076701
1361,.19114329,.89377326,.3038986845135897
1362,.16258463,.92919421,.3048305335865061
1363,.15145628,.92425066,.2368049411720209
1364,.1676885,.93107897,.4206431735998261
1365,.15346304,.91269821,.4057901850728652
1366,.12502879,.92043489,.234306152238704
1367,.12937643,.9411394,.1847091590413105
1368,.15819231,.90204191,.4083268358758979
1369,.22024412,.87986439,.2578279038202538
1370,.15686388,.9047305,.404127391785786
1371,.19999845,.91627461,.367929221149463
1372,.1410442,.89397025,.3484398108190884
1373,.21848162,.92978472,.4550407704745955
1374,.16703732,.87548578,.2447257165159107
1375,.15616874,.8722924,.2727957963578933
1376,.13334003,.91488916,.1183817920055253
1377,.15505016,.91007853,.3730748543422887
1378,.12708747,.93187267,.1316845066341066
1379,.15055777,.90726078,.1924808567217323
1380,.11246214,.92426598,.2221724896517127
1381,.14740624,.83670253,.1717745321635807
1382,.14299294,.90622967,.2238565116846116
1383,.1634732,.96409118,.2311856487779896
1384,.13380262,.92801309,.1469331153517071
1385,.19553652,.91081494,.1641529454530739
1386,.13283147,.93134594,.2558568288043397
1387,.16242479,.91740471,.2305334645072801
1388,.15557787,.92100716,.3969233481577464
1389,.19436087,.89426881,.1794068470493893
1390,.14626311,.89054722,.1787346583158508
1391,.11218273,.92162448,.2442040769652723
1392,.1153053,.91933626,.1367238665880073
1393,.098333694,.88428545,.2302671457166066
1394,.11939289,.91770315,.1494293317737986
1395,.152097,.92066312,.6012354188068721
1396,.14638324,.93210638,.4912490545987346
1397,.13798165,.92794061,.2724804228548107
1398,.13003625,.93668002,.2349911508604785
1399,.18236801,.85413438,.3388844859710466
1400,.11798495,.92905575,.1155882437072899
1401,.14026861,.90797883,.1821999655458049
1402,.25945821,.9211269,.6621731530954708
1403,.16537985,.92347819,.4235358224244367
1404,.14353237,.9255144,.3872196117555236
1405,.17926502,.90109026,.1621200914616248
1406,.12783068,.91987711,.241794374963185
1407,.085951298,.92784846,.1913801172317376
1408,.13592717,.92399096,.1297671091780149
1409,.16797459,.91107666,.3362770431375723
1410,.16565351,.92212182,.2271069597573071
1411,.15366653,.9346053,.269452456528821
1412,.1434083,.87570095,.5329911874362211
1413,.11868688,.9191907,.1733748446591556
1414,.17423832,.89883453,.1123771788899554
1415,.16528319,.93291974,.5044157811890364
1416,.11091195,.91931278,.3042736686742064
1417,.17831267,.89183992,.4505101189008028
1418,.11361316,.90335971,.2220867695181362
1419,.20948769,.92288512,.418200721088911
1420,.14911251,.92373431,.2708663404778555
1421,.15235116,.87313807,.2806888001522007
1422,.20874493,.91668189,.713902475104895
1423,.15903926,.82994527,.1023268622947423
1424,.13039622,.92842788,.1129336260942761
1425,.10979733,.92579722,.1970955137273837
1426,.14328247,.90409267,.3755048190425623
1427,.12903959,.92301041,.3379762449035812
1428,.17123668,.89092964,.234221663996374
1429,.19720243,.94315666,.5490186582947423
1430,.15231721,.942343,.374820433512665
1431,.11660597,.88889325,.1817264191359463
1432,.1268,.92160892,.2899742287258482
1433,.15917026,.93366665,.226943855084283
1434,.13932188,.92928636,.1182090986662322
1435,.13727233,.87755108,.1160252203870204
1436,.2386166,.90068704,.6388884231404959
1437,.15479724,.82811332,.2612547894958635
1438,.13782753,.91538954,.2273114590045325
1439,.18950526,.88936085,.4181164722980386
1440,.16809736,.90124971,.2132719693646724
1441,.13707004,.90461475,.3537138678642838
1442,.14349976,.92780709,.4555441421678321
1443,.14516093,.92872858,.3570486072784827
1444,.13979234,.92513174,.1804897523489506
1445,.16552362,.82975829,.1465423857305426
1446,.14682467,.89310247,.2480101549085729
1447,.12113264,.91503704,.178862741658465
1448,.19869103,.9671734,.1509383145430638
1449,.17361288,.85897362,.1668755659856546
1450,.11504497,.92783022,.211001384301023
1451,.16654262,.93510562,.4323197043910447
1452,.14165634,.9038986,.2282299304233972
1453,.13309537,.92687559,.5803236199764907
1454,.16344111,.9649182,.2340556087283087
1455,.17579421,.90287465,.4521187610083743
1456,.15151066,.92385966,.6261306532110481
1457,.095128447,.92386132,.2991333305707548
1458,.17743115,.93085134,.4062744852605419
1459,.18832903,.89377773,.3152171769971008
1460,.13507131,.91475993,.1836072498198098
1461,.17190158,.9066236,.3193205727737309
1462,.20851448,.85406226,.3668296139556403
1463,.12880975,.90822971,.2761082565076404
1464,.085276149,.924146,.18756973338242
1465,.17587532,.91476512,.2561066838055107
1466,.13712676,.90717328,.3108704643713149
1467,.19929621,.93433654,.4596997266413119
1468,.1886446,.92219472,.6274142523259219
1469,.16352084,.93155831,.3698758877344762
1470,.15469567,.93485868,.4154644486844705
1471,.13569988,.92867911,.1955702620343854
1472,.15670645,.89283943,.5151780014572173
1473,.21590371,.9077127,.5353658108331839
1474,.21099035,.93415052,.1584062457578805
1475,.17635427,.90071642,.2207362307925408
1476,.16069229,.92919993,.3574465072554213
1477,.1279922,.87888038,.1874680503960483
1478,.20394848,.87253004,.5761469080792004
1479,.14177804,.9016484,.3106182365177416
1480,.14481024,.92328465,.3484501015968919
1481,.15840754,.93141007,.3646114822981648
1482,.17288315,.86512101,.4764698515528061
1483,.14255777,.92235166,.3249557974339831
1484,.12239276,.89571637,.1622473258128589
1485,.20380624,.8194254,.1753025906648907
1486,.1575844,.93642092,.5781477263791762
1487,.1255171,.90369737,.2513956750337263
1488,.17081062,.93449301,.3620332438496538
1489,.20261045,.92506236,.6911253281546711
1490,.19604231,.89628321,.3459853837820793
1491,.17786327,.90184319,.3840098789618179
1492,.11604808,.91566324,.2142090145230509
1493,.17015661,.93691814,.3246418997212121
1494,.10414752,.91886175,.3474767480304325
1495,.13468452,.88987309,.3806552669361792
1496,.14103685,.88516647,.2801369461288095
1497,.13997069,.88428974,.2598147318151828
1498,.13274248,.88945478,.1683225007844175
1499,.12436908,.91723585,.1958328405668998
1500,.11222354,.92175126,.1666800310203315
1501,.16407539,.88610321,.3272643173589037
1502,.1699971,.92090899,.4276092402261339
1503,.17342672,.92066324,.1794840003862341
1504,.19877096,.92035371,.6193922446518604
1505,.16401835,.93799961,.3468208672062751
1506,.21460016,.93518245,.6563612235533601
1507,.22157541,.89632279,.7252933988727273
1508,.14404926,.8940236,.2765063192823264
1509,.17945139,.91049933,.1823500537705105
1510,.19997013,.92076802,.4600625677078477
1511,.10195294,.91810578,.3660249606059167
1512,.12006158,.90668398,.2052808928800829
1513,.18373503,.92578757,.406318111763619
1514,.18852654,.90917569,.406214981659706
1515,.12951441,.92556983,.1348558664016231
1516,.13444103,.91938466,.2646083487467114
1517,.16361837,.90467167,.3171822847511439
1518,.11766092,.93038386,.2087831993080122
1519,.18729997,.92475039,.4826915277117326
1520,.14981422,.92878675,.2835441402777777
1521,.1701107,.90912575,.2635801464366135
1522,.15079038,.90870571,.2862747485605341
1523,.13039562,.90753144,.4366108666344095
1524,.20763458,.93381995,.4209059421945204
1525,.16175181,.9204033,.549273914054094
1526,.1844099,.9043901,.3984905708844859
1527,.22841305,.91582727,.6953294477218336
1528,.14943726,.92365599,.5966160780570664
1529,.1723962,.9011234,.4658923428485711
1530,.14058454,.92093432,.2585138811225935
1531,.11882428,.91955966,.4023434194322913
1532,.14382951,.92166662,.5855243084093547
1533,.16843002,.91293085,.6326208011266511
1534,.1517354,.91649127,.0990153145794624
1535,.14137991,.85350633,.2370530352282902
1536,.10693663,.93143451,.2941837341526374
1537,.14530449,.92578447,.3346271522669986
1538,.086081259,.91285956,.2380309989572885
1539,.17166784,.92920578,.5400430204040404
1540,.15676571,.90788484,.3415194238454343
1541,.12177613,.85926408,.156774915966957
1542,.12120486,.93573117,.2084013059512504
1543,.24313667,.92593771,.6917841922348483
1544,.14148231,.91341829,.20720173007474
1545,.13641752,.87603205,.2895206759800052
1546,.17272799,.8898477,.3806284928011524
1547,.1281884,.91733134,.3395232834187432
1548,.21640363,.91112876,.5740264975310211
1549,.15141433,.92850506,.2485581057258482
1550,.18348242,.90928882,.3135311013524317
1551,.14963007,.92919075,.2202381850422885
1552,.10837132,.92613786,.3685446434323084
1553,.16024993,.88319963,.0828162468760479
1554,.17755681,.93798351,.1272237402500034
1555,.13127895,.92760068,.1040506377816627
1556,.15207288,.92950046,.4325646338806872
1557,.11883939,.90637416,.1665572091358025
1558,.16704664,.91820633,.2958988573794804
1559,.19877188,.84256732,.4862539669128608
1560,.21121091,.9003002,.4934408961161356
1561,.13745806,.92539775,.4157771120882235
1562,.13216756,.86800152,.2087711319811527
1563,.14760464,.91888183,.1576210558209312
1564,.17957306,.90051526,.5213812849225398
1565,.12208755,.89424121,.1871305743405285
1566,.180572,.91832227,.2244257464318397
1567,.14736035,.92251724,.4553804122453882
1568,.079150997,.91551119,.1350877494219114
1569,.20278016,.96951318,.4317742354182854
1570,.19159375,.88566023,.4855188699819592
1571,.17155646,.93431723,.5862970154999321
1572,.15887222,.91145122,.3490371156329024
1573,.17139778,.87716907,.2095339724401166
1574,.1440338,.92893678,.3096691635643888
1575,.18022439,.83034438,.4176056050822666
1576,.1105317,.89515281,.1367153814815534
1577,.12241197,.89150441,.3499229917316617
1578,.17498107,.91522014,.2404818489244089
1579,.13943443,.9158349,.2860289809232249
1580,.19833677,.88623345,.2463468459472935
1581,.12755421,.93283135,.3429689846136849
1582,.11676043,.91712987,.2274318450393125
1583,.20305854,.93492329,.4983213320713206
1584,.20271905,.91703624,.3858147464129128
1585,.12468105,.91383892,.3825072152460949
1586,.13239394,.92568314,.3002101514444596
1587,.14468785,.92461783,.4263843207499907
1588,.1436038,.93324316,.3103280696183153
1589,.11465117,.92862898,.1785993035892256
1590,.14343503,.93382496,.2099745440859881
1591,.15297328,.9296174,.2676134014314621
1592,.16028824,.84873557,.4835068570740852
1593,.15119819,.90938503,.5559100712935442
1594,.16647704,.93020117,.3342816382094449
1595,.1319159,.91478688,.1968723732049759
1596,.1917394,.87904471,.3499542907391468
1597,.13383633,.84214532,.243359502914879
1598,.1535542,.92230362,.501232204060939
1599,.21530592,.9205935,.4838487137587217
1600,.19687052,.90615106,.4365537263480963
1601,.15233494,.91764283,.337801035461917
1602,.24761057,.89322829,.6409084702683242
1603,.12872088,.91395766,.279816953818017
1604,.14485238,.88034546,.4220504070132561
1605,.15681887,.90425473,.4188315680951846
1606,.13853875,.9225598,.3087401873662071
1607,.13058758,.92880183,.2924317638125989
1608,.11961767,.92474073,.2357570838504705
1609,.20720334,.85232812,.447950339996249
1610,.11235179,.92020106,.3027398238299281
1611,.20746231,.8673811,.5877068952369852
1612,.14310424,.92350262,.2167781448739532
1613,.14039931,.93300593,.3310062308112874
1614,.13229963,.85492855,.3096996272637385
1615,.17877211,.89383137,.3172536095530173
1616,.13596618,.89740449,.2497337058340733
1617,.17260011,.87384921,.1882317221672566
1618,.14619158,.93038523,.1993517649667616
1619,.14667895,.91178316,.5027087037487696
1620,.16434328,.91306442,.4368197445762468
1621,.12740001,.89664924,.1266711123658235
1622,.095386282,.88358176,.1575953876729823
1623,.1981554,.83511442,.5543741344516964
1624,.13436534,.9025259,.2620266681605431
1625,.19018683,.8768183,.302482663433929
1626,.12619872,.92087531,.2619412002508602
1627,.12606686,.93866831,.1506737169127169
1628,.14728224,.9167006,.4202541173315778
1629,.22979157,.88033259,.6228137582600038
1630,.16781613,.93813431,.3013654289064433
1631,.13572679,.88934028,.2848617651837347
1632,.22433123,.88829762,.7317687526436729
1633,.20690826,.93469149,.3522130508078505
1634,.093006909,.92619669,.1803423631474287
1635,.12296659,.86068535,.2377422108140378
1636,.16815186,.84217,.220965233659188
1637,.2031617,.91081786,.4932727637907278
1638,.15143032,.90847838,.1963328268881565
1639,.13273053,.92540622,.5225293699064552
1640,.10224812,.92237365,.1813646180920931
1641,.18707366,.9107101,.4783501424460528
1642,.13780941,.93045104,.2167396953449559
1643,.21466714,.91371256,.6358788099393939
1644,.1215394,.91010636,.213242928311916
1645,.19093846,.84373754,.3217225583513637
1646,.14955521,.90998244,.3553651496912141
1647,.11255468,.89193118,.3184626203660537
1648,.1583661,.91616696,.4873053967140715
1649,.12756816,.92719442,.296636688431034
1650,.20431396,.83072084,.4669391620591816
1651,.1599661,.89532423,.3601664856878615
1652,.14675999,.85056663,.1775330101720389
1653,.14487469,.92306024,.4092769762069411
1654,.14442009,.9278056,.2272344870076837
1655,.14944248,.92292726,.1739509619685691
1656,.14835715,.89573556,.2501218704633057
1657,.12762319,.9075945,.1325481183414565
1658,.16882578,.89340961,.4609429152295684
1659,.17531194,.92300212,.5787974508533376
1660,.17248335,.9186067,.4038906437220187
1661,.16931552,.83413136,.264854341756885
1662,.18724073,.84097636,.1816615075825655
1663,.16535255,.93662477,.3213910654928199
1664,.1109042,.96994764,.1979348038554778
1665,.13009433,.90103602,.1600244166234545
1666,.1582597,.93952423,.5741981970563181
1667,.12988277,.90574324,.2915031477185215
1668,.16886593,.90455574,.2903192838787642
1669,.17429192,.87195504,.5318543252478631
1670,.15037318,.93947923,.1625813919935619
1671,.12966985,.90587801,.2765341030843399
1672,.14163688,.89662457,.2611204191773334
1673,.14436255,.89622998,.2942834802077757
1674,.14243658,.89886749,.3232154131231287
1675,.14531966,.92381382,.2446779502453686
1676,.15837695,.82379746,.1924666394241869
1677,.1947228,.91300362,.6108312944848485
1678,.17699304,.84773284,.5733755805661439
1679,.14210269,.92063469,.5154064420885245
1680,.12007074,.89520735,.3211951677426873
1681,.12824148,.92807001,.1670653677235206
1682,.15034001,.8756997,.3249804212506393
1683,.14643793,.93463963,.3496085132657578
1684,.20235801,.91071987,.3773371177902097
1685,.11962759,.86795175,.2497792127407161
1686,.14707857,.88180512,.3384622706664077
1687,.17419185,.91872311,.4335407460286294
1688,.15737526,.92117417,.2668699224993525
1689,.13038532,.92624128,.3120140231456198
1690,.10942836,.90992051,.4199283236986964
1691,.19161618,.94642997,.4841581872727272
1692,.11870927,.93012375,.285561431033041
1693,.15499152,.91119033,.3732471289256469
1694,.15585826,.84630579,.1313778200664767
1695,.18462345,.86980397,.2681574041803768
1696,.12413663,.91474181,.182944616511914
1697,.1281621,.89491516,.2648776199339549
1698,.13841753,.87007946,.3623575197324898
1699,.1804568,.9143644,.2485291798814766
1700,.18783608,.91332293,.3136969247243566
1701,.11891741,.92746872,.3443850012721926
1702,.14001252,.92068607,.2855934003166462
1703,.11594944,.91806006,.1920698748210543
1704,.20350592,.88862753,.5591766482766939
1705,.14636298,.82381421,.1744440244347319
1706,.17214219,.93168491,.2671238213964341
1707,.14331101,.87114996,.2678080407203023
1708,.14725773,.91095644,.2482585332739853
1709,.15356024,.93172938,.3105612775150969
1710,.14076525,.91948467,.5257856726823792
1711,.11193458,.92537224,.2410848661265894
1712,.22909552,.88999242,.6707382148909382
1713,.15983681,.9224242,.3953875808878529
1714,.15541369,.84705704,.238772310923225
1715,.13715973,.92060435,.146256696050246
1716,.12455414,.91415787,.3003611838155918
1717,.13506342,.89897013,.2566567779981438
1718,.1284612,.93275732,.301120923001813
1719,.18656641,.91814309,.3989738399858312
1720,.10055733,.92680734,.1910655132377024
1721,.19791712,.8964023,.4557914039567468
1722,.19164005,.90867162,.18295218400518
1723,.15076211,.93061817,.2493866036530137
1724,.15551145,.88004243,.3646969034047742
1725,.17147735,.93628711,.3234581235428983
1726,.26071385,.93558019,.6339485872889644
1727,.16212279,.91156435,.2973573878212682
1728,.16267,.87740248,.3294251958115868
1729,.14813751,.91963869,.1689706217690843
1730,.14709397,.9283852,.1849999673757058
1731,.13609977,.90765512,.3416783924886687
1732,.13368341,.92484719,.2077125005373808
1733,.15489645,.87264365,.2808499643047461
1734,.12373631,.92815506,.2100154166832928
1735,.20247355,.89812481,.4672097947537944
1736,.13025254,.86596376,.2821931133877233
1737,.13185158,.91073662,.118908875548577
1738,.14765999,.87594682,.2198230034318897
1739,.19804956,.89734244,.5835052068989035
1740,.14023665,.90642118,.2034016349630544
1741,.14270078,.91528237,.1771761902065095
1742,.19742106,.88032502,.1020877699346405
1743,.13134152,.91617614,.298453956021016
1744,.2016729,.84454548,.3924904620313589
1745,.14935222,.88108444,.4570503015502603
1746,.13613383,.92784393,.5341416702797201
1747,.15326107,.88735932,.3750157210638934
1748,.17492756,.87886471,.3147076682783491
1749,.17093919,.90016073,.3238437638126201
1750,.17758963,.93541348,.6705107577575756
1751,.13774091,.92022198,.3638006329066735
1752,.089718573,.92572361,.2084277676090099
1753,.11466258,.92664754,.199083614998705
1754,.1337827,.91109997,.2787464700922041
1755,.20816725,.90894395,.3704130892108872
1756,.14997989,.90101773,.3926754630655558
1757,.15644823,.92572051,.207434575475913
1758,.10578762,.91095781,.2280224963325563
1759,.16326427,.92875612,.3882503873684094
1760,.14017509,.93039054,.1977970276097976
1761,.14229468,.91923195,.3330472428407845
1762,.15533179,.84901547,.130107370847156
1763,.14135337,.91327327,.1675054240446422
1764,.16668367,.8804549,.3194216728284191
1765,.13006835,.93253887,.3312009381884781
1766,.13359916,.92542976,.3316660086577808
1767,.16541822,.89197177,.3508535476277361
1768,.19063571,.93537921,.4279956941727716
1769,.1311821,.92893577,.1947074577354236
1770,.1382376,.88464588,.2410962121140896
1771,.20335728,.85546058,.4519061941650694
1772,.22861272,.91688621,.5396475175948588
1773,.12075406,.86672455,.2217551281079349
1774,.1540416,.90612167,.3326226932876274
1775,.15502954,.92989248,.2447118776038159
1776,.17437917,.91834247,.3780828574655385
1777,.17808174,.88663989,.2268560895885133
1778,.12197979,.90616965,.2037721360745735
1779,.16311982,.91602933,.2036936117369951
1780,.17671224,.87932253,.2369235735609657
1781,.16458143,.86980402,.2176735871606665
1782,.13853483,.90055317,.2829636714040922
1783,.20041451,.96867293,.4555254844362427
1784,.16773452,.91141832,.300930021881421
1785,.10807463,.91683227,.1869884518522218
1786,.16312571,.93058026,.210209165937437
1787,.14969702,.97089529,.2681345411477635
1788,.14915273,.92858475,.2253180757191198
1789,.17347378,.92132938,.5342087146127945
1790,.14212584,.89448553,.2997413737935984
1791,.16464922,.92323697,.1755607702481523
1792,.10278207,.92802119,.1407559522866996
1793,.13579011,.87654388,.2108715940316268
1794,.11149175,.91661465,.1878665539658695
1795,.1718087,.89436823,.2082629460616778
1796,.11486496,.91856909,.2962374335683761
1797,.2150788,.92167985,.4800468290513305
1798,.20793812,.92175084,.5726690907028619
1799,.1284191,.89662027,.2495885769495435
1800,.13061447,.92002743,.2162421506606861
1801,.13807662,.92939544,.1442266307356603
1802,.12521659,.93046165,.3051437686997538
1803,.11993721,.92706829,.2472067161786361
1804,.10725708,.92728859,.1361102465255877
1805,.1706997,.90245837,.2894306736566951
1806,.15433185,.85538197,.2135685340753211
1807,.096756577,.91030633,.190081069650171
1808,.17238097,.90803564,.5519625949809635
1809,.19733578,.90687287,.4412641806887556
1810,.11414506,.92274159,.2250396222477133
1811,.12993523,.93153167,.1572034214077527
1812,.15691866,.93207425,.2834231415117326
1813,.10227253,.91608161,.1857993417953897
1814,.13956341,.92807573,.2591633223040847
1815,.15460409,.91765487,.2348024397732751
1816,.20483565,.86519969,.4122274250846377
1817,.17665498,.8929612,.443408384053724
1818,.16738822,.89575875,.4019282003149841
1819,.17883533,.91167343,.474796364461927
1820,.14853226,.92611307,.1756281709788483
1821,.1387237,.91406226,.29617101951506
1822,.13570368,.90531367,.300368241069671
1823,.10233615,.92120445,.1844882411641543
1824,.14679261,.8964951,.2330414641837385
1825,.080245495,.92331719,.10424625053504
1826,.12044578,.9013797,.477176339211685
1827,.17084791,.9332875,.2618926899545987
1828,.12282212,.91106141,.4819151223532023
1829,.14683133,.91352153,.258817260395288
1830,.12605822,.92514426,.2066015889155658
1831,.14436814,.91635746,.1890745744252353
1832,.13870239,.91803575,.4614239424996903
1833,.13353135,.92254788,.2593295792869524
1834,.1016505,.91374302,.1314035047785548
1835,.14947782,.92225063,.1553772397239057
1836,.1251438,.90048462,.1859551631843002
1837,.1407965,.84105778,.4404550136826136
1838,.11695691,.92710984,.1758497230899857
1839,.145403,.92754149,.1776356020323551
1840,.1521247,.91977435,.3218868261160321
1841,.12094143,.86889356,.2061626634809635
1842,.12380997,.92967498,.14580005836096
1843,.12758134,.92895699,.2710219209289476
1844,.14449464,.89346266,.274629497542994
1845,.14138116,.89895737,.1788482583894069
1846,.16194847,.91246819,.4412562316857679
1847,.13184479,.91877025,.1735102342731276
1848,.16554818,.89369106,.1218875635272427
1849,.1476071,.95869374,.1648566700989801
1850,.21958302,.94019771,.166042431363027
1851,.13554157,.90690881,.3421207566603606
1852,.22508314,.9626354,.3364797697856772
1853,.10306761,.92583197,.2387469871813001
1854,.16911739,.9121142,.3358862793808167
1855,.15876713,.93016821,.364572648210678
1856,.12200624,.90506816,.1868287909723771
1857,.21066767,.87967056,.538857070655506
1858,.20083408,.89678884,.3605618953160665
1859,.15449311,.92460781,.3547558057085815
1860,.1459576,.92644292,.3302817685896097
1861,.12799764,.92432135,.1601429977648277
1862,.16407102,.91376901,.1489907990126334
1863,.13259205,.93383908,.1536696393032893
1864,.098312795,.92446387,.1065935470513384
1865,.16122982,.92145443,.3561355732718207
1866,.12822069,.92086911,.4797281142236127
1867,.13483274,.89844733,.2522603934588374
1868,.15389113,.92581427,.216793534096258
1869,.13542734,.90697986,.3810540163325563
1870,.10853788,.85870332,.1304930255815918
1871,.12465404,.93567389,.3645167315332814
1872,.13872236,.89015353,.2496475504554661
1873,.16982456,.85996848,.3329251272914738
1874,.11697057,.85045916,.2920896459342139
1875,.1293484,.90801597,.1501379382766375
1876,.12845656,.87077582,.3308481572526787
1877,.24197696,.90850854,.7054634716382762
1878,.22348824,.82592881,.4828753070940171
1879,.12711449,.92902923,.1907685582190135
1880,.16242535,.92466849,.2317179607148407
1881,.1230762,.92807472,.1570874291835016
1882,.17887728,.92259371,.3876885860831761
1883,.15729821,.91228306,.3195668324949903
1884,.17347839,.90168166,.1529920426823951
1885,.14536832,.92154771,.4271174633803234
1886,.15299734,.90367067,.2317721252866577
1887,.14461739,.91461861,.2137100739395665
1888,.13817678,.93654203,.2529454049044053
1889,.18111017,.91517532,.4142768934098193
1890,.189512,.92071593,.5767200830753043
1891,.16186336,.8550117,.3111906078529466
1892,.11541881,.93407083,.5111099903952344
1893,.12376078,.93216342,.31378033066797
1894,.17074144,.86047345,.1777896614359946
1895,.1296268,.90061474,.2379215244564352
1896,.14372088,.92620873,.307554462777454
1897,.10981017,.92203879,.1232181142443667
1898,.18283778,.88397568,.5305835824773821
1899,.11851503,.93442667,.2116269799879133
1900,.16654623,.87163329,.3594646586786277
1901,.16069233,.87193835,.2531915228876678
1902,.19238229,.89687592,.5350889416565945
1903,.16663289,.89266521,.2467411886329357
1904,.17494869,.89009726,.1994133648463264
1905,.17857839,.91443342,.3746061576918144
1906,.14984381,.9072746,.2591658136723647
1907,.24222185,.92857671,.7027762022272726
1908,.14551187,.93863523,.6066142819999999
1909,.17193942,.91626084,.3824786151184001
1910,.1588392,.92223614,.3403975837878788
1911,.22577284,.88402325,.7173007431670874
1912,.14339149,.92873192,.2677783605722055
1913,.15242128,.88039964,.2748925667739667
1914,.12224986,.87909168,.2439215620899881
1915,.19846986,.84510118,.5869301882437712
1916,.21933089,.91531837,.6339459364242424
1917,.15426038,.91504538,.152310568403626
1918,.15657642,.89888108,.3272186823167572
1919,.20169549,.93316942,.1842625273574721
1920,.14671129,.91650432,.4149017261179561
1921,.12666458,.91147333,.1468469239736488
1922,.14139597,.91320491,.1495295622787313
1923,.16059773,.91545117,.5699012525998446
1924,.19104306,.92128563,.2621537603331853
1925,.19885355,.8372736,.1450684563114663
1926,.12181229,.89872646,.1638003069365203
1927,.16800337,.93681169,.5160603652416473
1928,.15040733,.93189329,.2427533527037199
1929,.13358141,.93327194,.1758108420439105
1930,.13577588,.9096306,.250996173370798
1931,.26427209,.93540138,.6369434403608736
1932,.13688627,.86071914,.1853539091941854
1933,.14281549,.88690245,.2485227009513449
1934,.16881576,.82663161,.3923640139896945
1935,.14537401,.92092496,.3572776465062784
1936,.15468943,.92457414,.3005215494114808
1937,.1888231,.87836963,.4244839994979442
1938,.13815866,.86498415,.3157408058585858
1939,.17567348,.83639771,.2703468408482705
1940,.14733052,.92907,.4397345505610887
1941,.11415783,.90150237,.1842163843324987
1942,.18233758,.88501775,.4971286434997907
1943,.11939921,.93123674,.2108175429612363
1944,.16511106,.81512874,.3717361126497207
1945,.16023803,.87044454,.2829550758808887
1946,.15803537,.87583572,.1759493910144177
1947,.17808145,.92229187,.4040965489796469
1948,.16103685,.92588806,.5601697368400651
1949,.13242933,.92304599,.3541312992488099
1950,.14025542,.9026252,.2077697608978243
1951,.17276824,.8968671,.2808123254148984
1952,.22372755,.90704668,.4693576051923702
1953,.2302931,.91939044,.7019383572776604
1954,.24556054,.85702163,.5073336027863857
1955,.16100854,.97445977,.1108185187359791
1956,.14460029,.83085847,.2652875374825806
1957,.18126151,.92614663,.3467254353910287
1958,.17789425,.90157461,.2670120065012637
1959,.19718458,.81518567,.1429043050543421
1960,.10024484,.91800016,.1938951018523227
1961,.12944968,.90402782,.1656896306386401
1962,.21425703,.8796221,.1857900986300012
1963,.16319497,.91312724,.3788891606228194
1964,.15342641,.90214342,.392287685121336
1965,.19526134,.86449885,.2807406286871041
1966,.19405931,.92528772,.5691041093368231
1967,.11701669,.92997509,.1106325417158767
1968,.13916585,.90190899,.2228778010148494
1969,.11320204,.92065918,.2523333007397445
1970,.10585988,.92474574,.2490167858853492
1971,.17751643,.86436146,.2983418948646225
1972,.12737288,.91931224,.3036400130180724
1973,.16157822,.93525815,.3307748784562823
1974,.15955268,.92394716,.2661936142175764
1975,.14778338,.96129239,.1611107382213498
1976,.14870395,.91646004,.182144958864678
1977,.18310887,.81362915,.1724832217750151
1978,.16915126,.8670615,.2236508115684554
1979,.15974542,.92875272,.3628437251022157
1980,.2079401,.92589378,.5615859395902245
1981,.14622256,.92174315,.1464898684434084
1982,.22101766,.91897792,.704889845826966
1983,.13604333,.91668183,.1418857061799534
1984,.13529676,.90567517,.1622372775608152
1985,.1848342,.90286934,.3991734768937236
1986,.12995255,.92016762,.2086569231058987
1987,.17220433,.9107849,.2747837021635154
1988,.12726213,.92693871,.2725188307837746
1989,.13090175,.89856237,.2560082138739724
1990,.13952208,.929075,.3383426298609707
1991,.16767187,.87680131,.1368816412934316
1992,.098755702,.93315595,.1311757210783044
1993,.1280859,.93164223,.2158098752823864
1994,.147212,.94657153,.1962160222363725
1995,.14868186,.90724742,.183094281340915
1996,.17654254,.9204213,.2277887972907537
1997,.12835392,.94129324,.1782916727905428
1998,.16009651,.91956073,.2528131978335625
1999,.11317216,.90237564,.1849175893279179
2000,.12415479,.91550511,.2698105390385731
2001,.17370139,.89271384,.2545189202633624
2002,.15292028,.89685768,.338623082517084
2003,.14007436,.90083206,.1979550654356015
2004,.1650217,.92893547,.3936424379543687
2005,.16927703,.91003859,.2985215851871276
2006,.19801657,.90534312,.5980029623490362
2007,.1316994,.91202998,.1443333830073308
2008,.12798382,.9048804,.2019728556951567
2009,.21035542,.90818185,.6360885058570029
2010,.12761205,.872899,.3347299709941772
2011,.1396412,.93693155,.332149134696463
2012,.17200854,.92829543,.4079260800211997
2013,.089591682,.91039896,.1282205642197236
2014,.14382987,.92000431,.2304656644455236
2015,.21093404,.94074482,.5833541467045453
2016,.14563644,.8861267,.2258853304353883
2017,.14911926,.83085281,.1759121828354515
2018,.14594342,.90969312,.2810026088078865
2019,.17563179,.90134519,.1121683869435463
2020,.13533717,.92580897,.3435563164990684
2021,.14369158,.92164034,.2375485852326453
2022,.17612918,.91688037,.3744534838110807
2023,.13839731,.92874426,.2894404361716061
2024,.15672366,.92201895,.2300670074563066
2025,.14640896,.90455842,.2244842295143327
2026,.18912104,.87665278,.450707886915199
2027,.10184196,.8181271,.1884939634233359
2028,.14608455,.89810175,.2873648832070707
2029,.14434311,.92968231,.3192107184476017
2030,.13742098,.92043227,.1742464161876685
2031,.15062931,.93639195,.1336687131609131
2032,.17036867,.85757244,.191047993399478
2033,.11590151,.93002558,.5057162914193214
2034,.14109506,.92640513,.3205992831876456
2035,.22820398,.94030142,.5956378294989105
2036,.16148183,.9236328,.4307238157913896
2037,.1435357,.89953625,.2583348731803612
2038,.12216034,.93348044,.184227085397683
2039,.14691569,.92608166,.3146086018634006
2040,.17272677,.89783698,.1243607317364117
2041,.11720624,.93462247,.1512093390259431
2042,.10787484,.93859684,.2153053146557581
2043,.12563856,.92287248,.2071904611071336
2044,.17401092,.92991388,.3994562381536158
2045,.1766369,.92429566,.187370115979132
2046,.13480133,.93117189,.2113531199889206
2047,.1223811,.91794014,.1411551826884227
2048,.18987726,.87827975,.3685690008640249
2049,.11686258,.90589756,.2199821405794205
2050,.14470345,.93411261,.2997293375067816
2051,.17005239,.90616196,.2110463424202397
2052,.18366124,.9234885,.691529046422235
2053,.19584389,.91302729,.5303203457298474
2054,.21625492,.88983035,.5573739391983017
2055,.14394608,.92297757,.4050112822006389
2056,.17233299,.92483044,.3715509274034276
2057,.16019259,.91549557,.2547840488252719
2058,.14135735,.92647922,.2322306724962692
2059,.13761096,.92279339,.1603545743192843
2060,.10134588,.91160178,.1485835555532382
2061,.13669813,.90154618,.4284811843992747
2062,.18275335,.9684673,.4680884308254709
2063,.14904551,.92613339,.2703780840666382
2064,.18167047,.92817736,.3570561389348181
2065,.17000313,.92999452,.1848412239298109
2066,.16669166,.90766799,.2915807415871782
2067,.16103745,.90932572,.1893269336114839
2068,.13118024,.93586802,.2796897870780305
2069,.19086838,.91106361,.3365579708158508
2070,.15305306,.91669863,.180060695163572
2071,.11856961,.92699647,.1799376892247537
2072,.14663894,.90960228,.187824338135342
2073,.22071669,.91824049,.7049954982255243
2074,.17705235,.89398438,.5595696879943417
2075,.11965168,.90804678,.2078548627896246
2076,.15081595,.88967299,.2852943148488548
2077,.18410131,.85479635,.3292998828253397
2078,.22730888,.9684245,.3911571059054833
2079,.18057974,.92283314,.4704364585806786
2080,.13074878,.86469698,.2273958525047243
2081,.12422371,.92059416,.2800200099621211
2082,.2099815,.93262959,.682910644715909
2083,.16778165,.8981564,.1069112274993525
2084,.16143471,.92969739,.472146374314081
2085,.10673141,.91851813,.1134060052801519
2086,.22568518,.93369037,.5594371924453078
2087,.14797106,.92245728,.3425480281904946
2088,.16855539,.92262053,.6772394689473684
2089,.1460322,.88647711,.3781853384977984
2090,.12247895,.91779059,.2045632954883518
2091,.1736854,.92346382,.4571364975251599
2092,.17965783,.92900932,.4562880005722055
2093,.16888669,.89300448,.205732172137537
2094,.2083565,.92784131,.2222544137606837
2095,.191107,.9276219,.5485595741310541
2096,.24626988,.88317877,.6603908933509454
2097,.12371986,.93863195,.3063777642656216
2098,.13004565,.88677365,.1497291512881322
2099,.098447606,.92507023,.2910361507628607
2100,.13007767,.90304589,.1993419785283389
2101,.13760535,.92931974,.1931343232680653
2102,.14229634,.91543347,.2673356568586841
2103,.17227794,.91843545,.3210665889852369
2104,.15376918,.91588748,.3306049940736563
2105,.21150811,.91978419,.5105507013452905
2106,.15714321,.9218924,.4954085032286736
2107,.12570082,.92513257,.1783382503927091
2108,.20566981,.90079576,.4688557376320902
2109,.16337098,.93094629,.3766948615277673
2110,.14684045,.92823684,.1930492303494251
2111,.11940973,.92291528,.2540187260799314
2112,.19447835,.93439716,.174650954084804
2113,.19019043,.92400521,.5224452571956248
2114,.11439085,.93167859,.2396633548085556
2115,.12712218,.91320193,.1817812809733014
2116,.13051634,.91217858,.2876976454820531
2117,.15654425,.86885929,.382430840402593
2118,.13855121,.91523397,.3493810536840196
2119,.1592727,.86514837,.3268550953219131
2120,.1801042,.93047965,.5165755379656144
2121,.20920464,.87141883,.3116398172547964
2122,.14631213,.91722846,.2676470509924027
2123,.12234104,.90732783,.2066823171356824
2124,.16448526,.9077968,.3465031226353276
2125,.15990913,.89902365,.2832711975176319
2126,.14847359,.92578715,.4364660165472027
2127,.18477695,.89783329,.3069548244236284
2128,.15606102,.895293,.3148309093203833
2129,.1589727,.9055109,.2580581128682428
2130,.13596968,.92290419,.2778624596801793
2131,.18966585,.91233367,.2658265099991906
2132,.14825429,.87614709,.4339947053455661
2133,.15446955,.85958445,.4354142427763702
2134,.23492888,.96262968,.2151826681947681
2135,.1481401,.92937696,.5601690905284682
2136,.16201629,.91057605,.4515571346365135
2137,.15838245,.88247395,.3322830640505387
2138,.16049109,.9164021,.3725284383373477
2139,.1975085,.93710554,.4958411825148925
2140,.13009663,.91187066,.2616672053544419
2141,.14784551,.93089569,.3352859533563325
2142,.16968496,.91289824,.2166167823523698
2143,.15316574,.86711758,.1330462556546513
2144,.097608633,.92684084,.2863614451133796
2145,.11906973,.92009085,.2275847986701333
2146,.14765307,.86834234,.464505782941425
2147,.17858657,.92461997,.4517482317660118
2148,.16231148,.93068826,.1869338160860127
2149,.20170604,.83997768,.4886915051301672
2150,.19827281,.89778465,.5281811604033928
2151,.17838483,.84944338,.2573913988155719
2152,.19411728,.83478552,.5481314942619669
2153,.16597024,.91700107,.6183812032794229
2154,.10392479,.88280094,.2115039158251933
2155,.13600069,.92190379,.4357142784035449
2156,.18140911,.84163857,.1718946866188278
2157,.11117891,.93350339,.3014706357009195
2158,.14388061,.92873257,.3178134002612855
2159,.13072605,.93036389,.2291238400405767
2160,.17544001,.90404624,.440554829123913
2161,.22654319,.8471871,.6210388256993007
2162,.13905615,.90277636,.2651799916489683
2163,.18644962,.85473692,.3565930814499305
2164,.21564044,.9058277,.6258572879475482
2165,.16950364,.90444714,.4783547507474202
2166,.15115808,.91126263,.2497281789016396
2167,.17300579,.86095047,.1758788261565419
2168,.18006143,.88026679,.2767289414160599
2169,.17030846,.85435605,.1766141004436049
2170,.16156471,.93142319,.31718730576222
2171,.11215477,.94059128,.2285911679838988
2172,.10318679,.9083848,.1923514107882241
2173,.094037153,.90925497,.1785807534744884
2174,.13473347,.92341,.3215521145271087
2175,.19226852,.9131332,.300878108587873
2176,.1389982,.91546404,.3014826070560024
2177,.21475816,.90774387,.628175017066678
2178,.21352445,.91532218,.2175011667926702
2179,.19114603,.92587316,.5194557717663818
2180,.13255312,.93184143,.3121602587324223
2181,.18361655,.83276844,.3440203273636044
2182,.17265773,.92430419,.2920350762522662
2183,.18685506,.8995946,.195881846682552
2184,.17150711,.89505368,.1962626064725783
2185,.16387358,.90998632,.1648186290802764
2186,.15296905,.90870523,.2916948728381632
2187,.18935229,.92873019,.688952277909091
2188,.15793571,.92524809,.3275111265419149
2189,.14575018,.91057414,.1530632880174147
2190,.11161528,.92484319,.1356729072737632
2191,.15946043,.82192814,.261860994980575
2192,.17142241,.90819132,.5048137640942185
2193,.094107516,.92756653,.3720529008239086
2194,.14314018,.91281152,.1633933423165288
2195,.24073774,.91700709,.6139426843006623
2196,.17629592,.93137747,.3527265021317245
2197,.12604564,.91817725,.404121898980834
2198,.24570338,.84901458,.478031717140438
2199,.17984138,.92394322,.4149341252620219
2200,.10816418,.92350578,.1079784604009324
2201,.20063706,.91859967,.488728960418933
2202,.16321328,.96979135,.1676562583553483
2203,.13081369,.93622279,.1816804909373817
2204,.17075969,.92256725,.2025246342420542
2205,.12225765,.87861651,.1585145658833527
2206,.16614871,.91137117,.4266974993419038
2207,.14383818,.90349656,.2770240615459588
2208,.17607658,.91669297,.3533063519219437
2209,.16041826,.91757369,.2269165441808038
2210,.16183846,.88895643,.3891692476211689
2211,.17099641,.91424942,.1559343749693909
2212,.12177298,.90666187,.1914680915811966
2213,.1101796,.90988749,.1933862682860939
2214,.1890706,.91038221,.1580911140538397
2215,.14300349,.91773182,.2462697411291047
2216,.11137392,.91385841,.2893276718227697
2217,.1548344,.90936989,.3726260967183587
2218,.13888396,.82295543,.2250657326165882
2219,.1465098,.92172229,.2364040044903394
2220,.1569183,.91963327,.5008502822043277
2221,.16805823,.92825967,.6149181692796091
2222,.13956,.92481655,.3664412513100232
2223,.14484771,.92494643,.2050876361973905
2224,.15063016,.90616465,.1151560738920832
2225,.16549277,.92699987,.4421539287305974
2226,.11351739,.926045,.1332927114052318
2227,.16698754,.93207949,.3587891878399377
2228,.13831168,.92303759,.5120811876148328
2229,.2207711,.93745118,.1683426661507229
2230,.15268302,.93560398,.2582666548299564
2231,.15073965,.91258729,.3462395375368428
2232,.2259455,.84717488,.6225958917778321
2233,.26164749,.9100154,.4541325503635422
2234,.17783917,.93692005,.5508953481575009
2235,.20220934,.8444857,.3797279308723326
2236,.16596153,.87817955,.1899276795926295
2237,.1696866,.92036092,.5265526835057238
2238,.15018217,.86191273,.2472818220173108
2239,.13293588,.89687222,.3224596639492143
2240,.15691857,.92751926,.266767025300354
2241,.12389896,.91674727,.1688913812222894
2242,.16452919,.88801575,.1889231152214452
2243,.20376606,.89167172,.5392075812887351
2244,.16625538,.95194358,.0986942895391319
2245,.14462005,.91754168,.3161001471125395
2246,.16934532,.93281531,.4102584339408739
2247,.1201194,.90905929,.4666753849452399
2248,.14442052,.91717684,.197554314713373
2249,.21101891,.88375002,.5401563297729431
2250,.12574904,.9239971,.3198235591430469
2251,.23012237,.92410672,.3611617398170289
2252,.13839506,.91762882,.3442282848205925
2253,.11311914,.9127019,.1650839869285344
2254,.13494688,.91726542,.1463561021014206
2255,.10381129,.91135961,.1924261601694407
2256,.20836978,.89936185,.6026339355503754
2257,.15746917,.90800685,.1728531285104438
2258,.14846967,.85688484,.2870375869595528
2259,.14925086,.84437674,.3744150737258183
2260,.17868005,.90300947,.1572640446025271
2261,.18578951,.90696591,.4618045780496356
2262,.12845293,.91860193,.3347727752254597
2263,.14457819,.90221876,.2908709224298208
2264,.13061893,.89602602,.296841387718553
2265,.16923934,.82296467,.4545366495019226
2266,.20828171,.89881313,.490371727892239
2267,.17163996,.93236715,.466365641018224
2268,.18163359,.91667497,.3315339639129184
2269,.1281269,.91847694,.3096913450885372
2270,.21446204,.93104094,.1579707380249791
2271,.13483082,.93141747,.2560732307355607
2272,.13201961,.91543394,.07156533661832
2273,.14618841,.89544874,.268632754172782
2274,.12349448,.91026378,.28102585464463
2275,.13893008,.85427225,.2475051427473452
2276,.13796002,.9307965,.1944971915488215
2277,.095659055,.92277527,.3172662521680366
2278,.14938371,.91721344,.2578234399985971
2279,.16618861,.89490855,.2691682935863982
2280,.12531708,.93322831,.298120545763938
2281,.17529914,.89107871,.5118088797797263
2282,.15467656,.93139851,.3051041115483096
2283,.14685725,.90762991,.2096408878256928
2284,.091095686,.89421439,.1450617143096348
2285,.20263572,.92349404,.6916621791450113
2286,.15344834,.91702908,.4291191118546089
2287,.1768889,.91409773,.3272814795226777
2288,.14578357,.90797853,.2564105427065527
2289,.13327666,.92266268,.2033953934638046
2290,.13627388,.90928304,.142377352080243
2291,.14892676,.90570128,.2506892117238086
2292,.22734791,.92514187,.7060055548686072
2293,.20821628,.92340034,.5540289296247272
2294,.19173752,.88665789,.3385258736931818
2295,.22272328,.85337561,.2689529097578348
2296,.15909392,.92031986,.5660622171925452
2297,.22840407,.96288264,.3882880797319347
2298,.16120987,.93221623,.4681616946493424
2299,.21703781,.92971861,.6566450595759948
2300,.14849116,.90240598,.199315126292843
2301,.11882311,.91972423,.2606394090625809
2302,.11866518,.91360563,.2659735223873348
2303,.19193295,.85000736,.3830348298524533
2304,.2036515,.82726175,.2644675976971999
2305,.24699247,.88533294,.6576666602200838
2306,.14985482,.93561739,.3690492563084252
2307,.15623441,.81528836,.3408400831919932
2308,.11316095,.91121995,.1576080393655419
2309,.23827361,.91717249,.492499642934732
2310,.11530519,.92828596,.1615891422904256
2311,.13325077,.89085764,.1864466205433119
2312,.17234826,.92107886,.5216557697260849
2313,.1169662,.9322561,.3286769138086669
2314,.12331858,.93151253,.1928048349204868
2315,.20588537,.89892316,.5524471507464566
2316,.18248694,.91631866,.3586168213633126
2317,.16902255,.87841284,.3437939291811891
2318,.14246,.92445105,.4611777194516595
2319,.20285848,.92819864,.5130467809269161
2320,.13462512,.93132085,.5231783644244644
2321,.12074902,.92305493,.2502042456804643
2322,.14674279,.91088718,.173001880613262
2323,.16333054,.90109986,.412417172148479
2324,.13859619,.87751532,.245854863083287
2325,.21999136,.87982738,.2576049286491697
2326,.19923742,.90590721,.5798594963271978
2327,.17767738,.87399077,.290752503458229
2328,.19811672,.89480031,.4557894350424941
2329,.19102168,.840487,.3337463496078499
2330,.17397377,.86700088,.2030647521923755
2331,.13942115,.91986078,.3586556818654991
2332,.11891901,.92124474,.2475436262457912
2333,.12348692,.92962003,.1879457482217042
2334,.16007178,.87844175,.1710762220820743
2335,.1721871,.90973234,.2520513544568523
2336,.16300501,.90557879,.1453855452785486
2337,.17729729,.91313791,.5065386651689452
2338,.17843911,.91635859,.288842682714522
2339,.23524222,.87888747,.6108905020696548
2340,.13424464,.89367306,.1639066768883709
2341,.11551884,.92171633,.1966923450049641
2342,.11411228,.93583041,.1604960016627816
2343,.13415381,.92894763,.2816132544823403
2344,.20505631,.96158367,.2721449055057288
2345,.16050182,.90912968,.1604027178597007
2346,.11581539,.9158811,.2413428680925312
2347,.15067533,.90112036,.3849490488137788
2348,.1085251,.91939843,.1473879214185815
2349,.15695955,.82146096,.184040171693382
2350,.13747193,.90532863,.3031496954653039
2351,.10094392,.92414784,.1667782446296296
2352,.13970752,.90974855,.1354173592295919
2353,.18166448,.9174403,.3580351377619652
2354,.13826089,.9109177,.462207272381607
2355,.12978801,.93201143,.3433633016458126
2356,.12273026,.92686391,.4418354117681624
2357,.11878891,.91839129,.4412822151336153
2358,.1575456,.91666585,.1802360005698006
2359,.2264518,.91643715,.0739508234861435
2360,.14227986,.93391919,.1714841691193066
2361,.11699368,.91742361,.3604330364432201
2362,.16863403,.92797238,.401324787928183
2363,.11120762,.91126889,.2484857371725265
2364,.12251721,.92698842,.349561206107322
2365,.17663385,.92695171,.5822014860078643
2366,.11937724,.93576813,.1180328620071287
2367,.19604911,.84755898,.4134797408382189
2368,.14258233,.93131334,.4653373936556592
2369,.16407929,.83844697,.4072934732180782
2370,.20486315,.93055195,.3760219665578866
2371,.22046866,.90216589,.561415324008769
2372,.13142288,.87744921,.1408306029305487
2373,.12653221,.92212588,.5380311331568146
2374,.16034172,.91595292,.2754395576574352
2375,.16593505,.85971463,.4953852463238292
2376,.1129041,.88996184,.2033232439447411
2377,.15215285,.88623834,.2295049697088097
2378,.17074859,.91151923,.5072687595638435
2379,.13182394,.88869357,.1241781783227305
2380,.13303019,.93087387,.1304200002386502
2381,.1562984,.93321955,.2739285353381186
2382,.15821727,.90328562,.2680904270892256
2383,.13020228,.9055779,.2082691312229824
2384,.15807061,.89085966,.1532172113121489
2385,.088946275,.93151826,.2478048742937062
2386,.16761741,.89338571,.4096619795653112
2387,.13195452,.93843067,.2057965885202452
2388,.12580208,.94541109,.1116349233359233
2389,.10447578,.92989427,.1358536339248899
2390,.12835352,.9344368,.1099303085729085
2391,.1445808,.91422927,.2822797645696681
2392,.16340664,.9152661,.2922553592988767
2393,.15609302,.92066747,.3094552026938988
2394,.15372007,.93238455,.2736648361198061
2395,.20649272,.87854552,.4721871812002263
2396,.12366512,.92917383,.2308773003908911
2397,.14261241,.90663815,.4583369638408505
2398,.13926631,.84167558,.4405912118664668
2399,.15521787,.91112399,.3679534997396052
2400,.16568378,.9224993,.6659670875619835
2401,.11700529,.93307614,.1995716090064256
2402,.11452074,.91248411,.1805834605217677
2403,.12464528,.93205923,.3642060595470042
2404,.22800855,.81609207,.3995208713344987
2405,.11729952,.91345441,.3221433449444935
2406,.18250133,.92345649,.6933035595648793
2407,.17615257,.9320544,.2117004447063225
2408,.19987892,.90283036,.5659571028701854
2409,.12819597,.93174559,.2563111927685401
2410,.13013272,.87928921,.203378856587083
2411,.22323968,.86589229,.5530946881400461
2412,.17183156,.92328233,.2370302107057757
2413,.21728891,.91372609,.3507590154578972
2414,.12612069,.92692095,.3114636936971724
2415,.15682167,.91976374,.1703499479445739
2416,.1161048,.92197579,.1701675121218337
2417,.12636876,.91154552,.3066955637446997
2418,.14799045,.8790465,.1892146614857549
2419,.11777796,.93074197,.2081017776615808
2420,.12175975,.9065361,.2548725553634328
2421,.12731691,.92153966,.1379860341028518
2422,.12025446,.92338383,.1846325011115427
2423,.15094458,.87278241,.344305381028749
2424,.12099931,.91479146,.1587146389526565
2425,.15119278,.88484269,.2380863237673206
2426,.13232338,.9223277,.1886805145413105
2427,.14460532,.88659573,.2580540689193213
2428,.19589783,.93146437,.5433018986020078
2429,.12692425,.91968924,.4054368878995078
2430,.20832884,.91820282,.5714151947065896
2431,.13629819,.92598283,.1600253004685027
2432,.22128753,.91795975,.44305763507992
2433,.14936304,.94646895,.314132710048285
2434,.15616995,.87679929,.2221173270757348
2435,.19341972,.89060473,.2218189778744048
2436,.16053785,.91349971,.420513604800234
2437,.11448133,.81863725,.1504886599483363
2438,.14356446,.92576373,.5421951690084128
2439,.23337336,.87171739,.623767501266835
2440,.20184188,.91892707,.1886299028358021
2441,.15189156,.92477745,.245605388599515
2442,.10638294,.93131173,.2232976993225215
2443,.13765752,.87155104,.2049022583575683
2444,.15576266,.92994606,.2192696848445316
2445,.15376213,.81446838,.2488009286088579
2446,.14875406,.90745223,.2374165504359086
2447,.19062749,.91406971,.3004456621103725
2448,.16597912,.92744786,.3956478485003885
2449,.19158852,.88506788,.4855279414025311
2450,.20410231,.86613053,.5303477595995568
2451,.13830128,.91363287,.3522101714286453
2452,.19662543,.90924799,.4226900132776482
2453,.10713649,.92054361,.198078186343348
2454,.17462195,.88456202,.3868010294216412
2455,.13815589,.92096114,.291903646256426
2456,.12194542,.9158572,.2295160420047455
2457,.13430184,.93011999,.2365163711893662
2458,.17251404,.91168749,.2493891842489856
2459,.20837612,.89935786,.60259907009583
2460,.18004607,.91583574,.4599711561745661
2461,.21853513,.90778577,.4932314401781125
2462,.17866169,.91201603,.1845511850803896
2463,.098222181,.91225159,.1926768291639147
2464,.12643549,.92925262,.1616979897032289
2465,.2042795,.91748518,.6496333651771273
2466,.1829374,.9371956,.5318872048607872
2467,.13830346,.85459787,.3166234455232833
2468,.15396611,.92733741,.2625490291506783
2469,.10297017,.92055362,.2022323008749786
2470,.11872192,.90409625,.3590253782692504
2471,.14725006,.85931778,.2824404685281878
2472,.14038637,.92129838,.2544348340862989
2473,.14269872,.82485688,.1980010378764856
2474,.20102166,.91286445,.3054445897959712
2475,.10736297,.91713113,.1718896654958128
2476,.15571246,.91865706,.7115371601704545
2477,.17906177,.92989308,.3787057533620082
2478,.13117418,.92681694,.1161459445441203
2479,.1612244,.91630405,.2822434376825521
2480,.21732071,.91342431,.6278083354382205
2481,.20299982,.92818701,.6757273503971336
2482,.11918292,.93009251,.2020962182094073
2483,.19238554,.96090198,.3294148726443926
2484,.1494098,.84699684,.2200876671717171
2485,.11520514,.92212909,.1932687146021756
2486,.20951414,.9165628,.6525075083241013
2487,.18003884,.89133888,.2721092712675708
2488,.15465444,.9252845,.1833969183509083
2489,.12999751,.93274683,.2813316976480348
2490,.13341972,.86973202,.1841059252309419
2491,.18813984,.84178329,.2672375056903282
2492,.21342792,.91551268,.3523172707012987
2493,.16020975,.91720754,.4853370311805555
2494,.23568243,.92515647,.3624636811257878
2495,.10545336,.92642248,.1342222488800524
2496,.14431003,.90437412,.2634299522631443
2497,.1453428,.89767808,.2886358613150737
2498,.20598508,.90136468,.6355165527272726
2499,.13772123,.8805545,.2749321068042821
2500,.13750093,.92612451,.4682589341293705
2501,.16254905,.90040779,.1077879143777519
2502,.11298309,.92771959,.3319632620360146
2503,.19573453,.89116287,.2663505894250194
2504,.10125092,.87363845,.1916458960430213
2505,.14869419,.90904385,.5842910567081065
2506,.077378303,.93807632,.3162190067256701
2507,.13691306,.91818303,.3502439868164724
2508,.17156303,.91556424,.4160773116598927
2509,.17375982,.9256413,.4227630319587704
2510,.1757216,.84948039,.5621948835784694
2511,.12072456,.92372942,.2041057832832945
2512,.13304149,.90844172,.197509825538073
2513,.12274642,.91965228,.2463401860313391
2514,.17632511,.86507845,.5177541266131398
2515,.18253927,.93053985,.5997409702743879
2516,.22655071,.91624874,.0703311845609945
2517,.13491853,.92220473,.2395971254097754
2518,.12910922,.89644092,.3704065929101555
2519,.19394463,.92549992,.5906871548501206
2520,.14850155,.9038496,.2261726718080646
2521,.19859059,.90355927,.4634437962663024
2522,.17002869,.91786474,.3369687863159063
2523,.13538864,.9008792,.1544835057198357
2524,.27242649,.92669159,.4666026966171457
2525,.16675265,.93267071,.2574835859483726
2526,.10258526,.89870328,.1875532467090609
2527,.11405037,.9307003,.3193492480331808
2528,.10773399,.92136389,.1284391639718306
2529,.14299864,.87033039,.2885736683256954
2530,.21967496,.91428787,.4335644886806527
2531,.15214011,.87078303,.3442139271388241
2532,.11372459,.91343546,.1361767551925567
2533,.16240987,.8892796,.1391866679139762
2534,.1363508,.91435605,.3105498670488215
2535,.13214782,.92961812,.2518747831537022
2536,.13063368,.92272073,.1453940633917523
2537,.14679775,.90329754,.3152807579363434
2538,.15310875,.87927383,.2551118028780905
2539,.091821723,.89560241,.1050879558263285
2540,.13351214,.91417032,.4974870589128204
2541,.12340419,.93536204,.1537211853253043
2542,.1157839,.93138707,.2852221503191747
2543,.22444171,.88197249,.7254765931009525
2544,.19868039,.89957404,.6329295817203373
2545,.22898519,.88835245,.5365352107955291
2546,.1114581,.89238822,.4645134816562383
2547,.1689125,.91034555,.5600103712907631
2548,.11411054,.92535728,.1866157989997231
2549,.14429772,.89122319,.2708796867890874
2550,.14558372,.92522109,.4997619164533983
2551,.11696427,.93020219,.1984705303317053
2552,.16683351,.92490047,.6344002116986717
2553,.17104749,.92459899,.2459132357097223
2554,.16236874,.9316684,.5360096322752608
2555,.10624238,.92711741,.4312037178843768
2556,.1205934,.92574686,.2430155328853522
2557,.2076883,.93149334,.3244623251409825
2558,.12883355,.91141838,.359731512357149
2559,.12706552,.91181123,.2880648335001726
2560,.10870198,.93374461,.1700258317289706
2561,.17576382,.91976005,.2542663939499893
2562,.14133172,.91575307,.2940956348554666
2563,.10556968,.82830656,.1521233534172494
2564,.13818517,.91608131,.2101161351673429
2565,.12783271,.93904108,.1814532149291838
2566,.11340583,.92132598,.234804342857318
2567,.17424078,.92721075,.3886727332886989
2568,.13768974,.90724123,.1614904164874385
2569,.15318635,.90799898,.4975296713258457
2570,.14387909,.92019802,.2826833038115629
2571,.16062683,.92109227,.274602073772015
2572,.14125924,.90301365,.277682323101175
2573,.13404913,.91887313,.1306610531352297
2574,.14879864,.91464573,.1482625022653104
2575,.15091646,.92266375,.19638165053114
2576,.18148853,.9212485,.2874866187938205
2577,.13919976,.92282277,.3608926904019484
2578,.14317887,.86358941,.2352896586938616
2579,.095485881,.8977688,.1091299351408825
2580,.15308867,.92072475,.2697002508246075
2581,.15121886,.88701135,.2337176581330066
2582,.14186855,.92345834,.392797672910754
2583,.13108367,.92553765,.2477813119528619
2584,.23645671,.92478633,.4493754437506197
2585,.14853261,.93209577,.4129392183903133
2586,.14666958,.92544335,.4429408798136493
2587,.12347505,.90456933,.3014744811185933
2588,.11750329,.92162138,.1738377791848892
2589,.15980995,.9177953,.3729636063995644
2590,.14133914,.92836618,.3581596126803936
2591,.14792785,.9085089,.0839930102564102
2592,.19017537,.873519,.3507370082004662
2593,.17185752,.90769559,.1575921204738746
2594,.13362239,.92654657,.3368075541074333
2595,.15319571,.87137651,.2709629174839975
2596,.14428945,.89609438,.3523086287151736
2597,.15046103,.86541891,.1451827021048088
2598,.16842486,.90185064,.1839118749070189
2599,.11382736,.91891807,.2682940738265003
2600,.26200911,.931234,.6307377577827793
2601,.17303289,.86993253,.5379690928842269
2602,.16427539,.93127394,.17427038571504
2603,.11521223,.92500877,.1739393813165847
2604,.24202149,.91133797,.7084917001781126
2605,.12604909,.92432612,.2188718765612944
2606,.11064623,.93234426,.1922765660402313
2607,.13248548,.92172992,.3735453909777259
2608,.18321235,.92233646,.4482089701426267
2609,.20140997,.92894369,.5856184975996718
2610,.15248336,.93230426,.2609706049523007
2611,.10393538,.92068422,.3418723402278554
2612,.15604044,.92430699,.1498319876211588
2613,.17315251,.88730991,.1040145128964862
2614,.16618896,.89620709,.3063344886422055
2615,.13806508,.92262554,.2476895454257101
2616,.1605354,.92047167,.373717824109087
2617,.15164916,.83943355,.1824612727165719
2618,.1158574,.92336291,.4496393916132577
2619,.14248987,.91213709,.3375881181713934
2620,.17427777,.93413383,.2757879179468897
2621,.12091616,.9155584,.2765188282856909
2622,.11936081,.92414296,.1902186568609168
2623,.21542768,.94159383,.2545519203431753
2624,.13108271,.90864563,.0965996852581037
2625,.13519649,.91647667,.2211281547685995
2626,.15501735,.9186424,.2182467988194384
2627,.16150646,.88385397,.2317074005352849
2628,.18569157,.92076665,.3849317480636493
2629,.16441536,.93146807,.3880670443448156
2630,.15772721,.88612247,.241881509962112
2631,.13218045,.89697522,.2649540071821807
2632,.14944005,.9005394,.2050821977273904
2633,.12620847,.92990202,.2625294679888962
2634,.17588361,.9284339,.2679337182137616
2635,.14876169,.92729115,.2471197873381248
2636,.16403575,.96433163,.2316018657084834
2637,.076896235,.9238885,.1028040910766793
2638,.11658277,.90115702,.2944482501892321
2639,.1004504,.92601168,.2166841523380529
2640,.16142346,.9037692,.2391067085146951
2641,.13628794,.92443883,.2855497910540418
2642,.093832791,.91920435,.2310001967813083
2643,.15166239,.91358906,.4378748605325444
2644,.13568234,.91712421,.2646483167601658
2645,.15028106,.91665572,.2605745985990765
2646,.16043639,.88282436,.329608231511914
2647,.1468332,.91100174,.2193445589591236
2648,.19046572,.92999202,.4133293035303098
2649,.13350593,.83452237,.2738440082216394
2650,.11094014,.93004709,.1363507980070612
2651,.16356334,.9644798,.2332000331815827
2652,.18874325,.90749949,.5494955643203341
2653,.18255703,.9299354,.3182429884919469
2654,.24581136,.8499068,.4795650481258343
2655,.19723602,.91608202,.5584816739362152
2656,.17077231,.92847753,.2086182684235949
2657,.16636582,.92709482,.2703408134908301
2658,.12463285,.92267376,.288722093370269
2659,.10945055,.86439121,.188115818715495
2660,.14200512,.89905643,.1883935535109212
2661,.16918133,.85943699,.1894945016629735
2662,.1127773,.91495883,.2877667403511072
2663,.15428509,.90196043,.3758739991858084
2664,.15432179,.92856157,.5696004751496651
2665,.18030763,.92351621,.3612711445501635
2666,.15582551,.8874504,.2711366330248875
2667,.12265532,.93282896,.1781081424281274
2668,.18305816,.90427941,.348946587161465
2669,.102275,.93246275,.1088949134453509
2670,.130293,.86163211,.257359912966467
2671,.19923879,.85347277,.2915000647504348
2672,.15430282,.91709018,.3801913078672766
2673,.1689886,.90776962,.451324868185919
2674,.11964385,.91997999,.1476980448716772
2675,.1751177,.88893163,.2902001676223775
2676,.1688991,.90028226,.4011893760319168
2677,.12764001,.89723307,.1257686241684242
2678,.16288814,.91452527,.4933591887246085
2679,.24081986,.92580748,.0761150854348614
2680,.15886059,.88151085,.0898052719449624
2681,.15021142,.92337877,.267086954394371
2682,.14558958,.92409754,.328058669789826
2683,.11985812,.91672403,.191846094027911
2684,.19382749,.87968636,.1320299595411125
2685,.20282298,.84582055,.3910817453720639
2686,.13416871,.91578716,.2314293454906205
2687,.11340422,.92982614,.1551853616327088
2688,.19392595,.90967292,.3184712610583518
2689,.15558439,.93061835,.2501875413209013
2690,.13725224,.88836002,.2140619721375041
2691,.1455912,.84337199,.3171724383880933
2692,.19449522,.91725099,.3655622102325247
2693,.20021991,.86446822,.3433122620181786
2694,.1241006,.92086774,.1430174893314221
2695,.17118071,.92153007,.499781986968143
2696,.13014816,.92919153,.1829900537114737
2697,.18642832,.92117774,.4314885531634963
2698,.17294119,.87988496,.4434970603431753
2699,.19809411,.90890497,.316106982194674
2700,.17619719,.89466965,.4319878176959152
2701,.1471681,.92838764,.1870472207418918
2702,.18814822,.87017232,.3214882701191401
2703,.14504825,.92985982,.1620748221868482
2704,.14229324,.92276967,.2998251112050657
2705,.13161646,.91452515,.2042483565296555
2706,.1430534,.92409879,.3904513456162162
2707,.089889362,.92211664,.1326882299174077
2708,.14275366,.91830909,.1724851609513943
2709,.24402072,.91083527,.6997574149100232
2710,.1579852,.92096972,.5359480498904019
2711,.153789,.92016375,.1933752078636179
2712,.098867327,.92546654,.1379719023306323
2713,.14525378,.91085398,.1565963777837819
2714,.15021843,.86988449,.3600629604558404
2715,.10770876,.88787407,.2051244709065934
2716,.21920662,.93373442,.5361499237291719
2717,.16811505,.90195268,.4180056760646349
2718,.15120862,.92503726,.2247661969986186
2719,.19872834,.82161313,.6896352411363635
2720,.15773602,.93584692,.5689970355231804
2721,.1756845,.9206624,.6200092574084034
2722,.18320596,.93363565,.3837464738856514
2723,.16375637,.88460135,.3205718572065298
2724,.2173547,.90294862,.6351754783727382
2725,.11733902,.92818248,.3433958406060605
2726,.20679671,.9022553,.4522480910574884
2727,.15953985,.91361851,.3887719580301341
2728,.13146091,.92929065,.2021455426762345
2729,.17116687,.94291204,.4072279859594923
2730,.14308955,.91872108,.3965491385166101
2731,.20331608,.92128789,.421076057057757
2732,.15888715,.83389235,.3663983648603988
2733,.24279179,.91579443,.7022718219498576
2734,.17130215,.90103191,.2049387898475784
2735,.13006626,.92670006,.3436085333092679
2736,.13446884,.93103671,.149209236451789
2737,.12613364,.91172826,.1060153070109377
2738,.1615876,.85229087,.2557543757323009
2739,.13512278,.8776049,.2179745517516455
2740,.11777195,.92218,.2460625241665742
2741,.12419216,.93232864,.287691800499635
2742,.15141764,.92368287,.2520633477402673
2743,.13611202,.93218452,.3990861131465805
2744,.16588069,.90813649,.2181338689150935
2745,.15047181,.90950495,.2621786546156724
2746,.13363038,.91184258,.1520570453518872
2747,.087480858,.92520678,.2761271779429336
2748,.16336456,.92968804,.190741304689423
2749,.12139194,.93459642,.3004405357716358
2750,.14563976,.88781196,.2348927980475698
2751,.16267797,.81507415,.3331315960444812
2752,.13941415,.92585284,.3635640295273763
2753,.19881669,.90027684,.227418280416127
2754,.14648567,.92939883,.3177088920751316
2755,.12987559,.9280057,.2427378755588097
2756,.17554937,.92541361,.3966285886062085
2757,.12906268,.90683472,.1269461365927195
2758,.13391148,.92374891,.2185992638988789
2759,.20237401,.92676896,.6894216355502391
2760,.12399703,.89921582,.2935982010421772
2761,.094821051,.92003226,.1296076908728309
2762,.10762331,.92884976,.2126141302129432
2763,.12462343,.929223,.2194321816717603
2764,.11851218,.93033701,.5025975494215827
2765,.16313161,.91358155,.3796636972106353
2766,.17241912,.90541542,.3813150807145728
2767,.16956604,.89386767,.211912613375943
2768,.16929489,.83663434,.3342004961798639
2769,.18769617,.96597821,.3704124777605895
2770,.13670817,.92044878,.3394938044482117
2771,.20668976,.87754858,.4862986661624373
2772,.12724246,.93010265,.2719840500112233
2773,.17523222,.91430616,.245228620110593
2774,.23367,.94081885,.5999950591620344
2775,.13735281,.87119883,.4175806728275879
2776,.14572968,.92206305,.2263710785999417
2777,.12707901,.92549318,.3247901018493851
2778,.10247453,.93392992,.1075189620726496
2779,.15000348,.92012256,.1736723958468601
2780,.15001208,.93191981,.4212001697812167
2781,.10937282,.97060949,.1980334761970129
2782,.20812547,.92607582,.5937638897902098
2783,.15960015,.88932276,.2296194353150839
2784,.13439596,.9086684,.3011717987022144
2785,.17055917,.91917741,.5206220981041181
2786,.077820279,.91554785,.1027383941322053
2787,.14673628,.93548709,.4408357515755185
2788,.18160076,.89133829,.2778968807224929
2789,.14411223,.92938709,.3380205562573383
2790,.13605766,.91890264,.1452754923302405
2791,.14466414,.91353214,.2102352602252306
2792,.18177307,.92623842,.3472892843693343
2793,.17263043,.91650498,.3616218488969467
2794,.23298843,.91978687,.4638652813629888
2795,.17866032,.8792035,.3225928399146378
2796,.14186013,.89178842,.1263702613927019
2797,.14919378,.88013035,.203825505340433
2798,.20348495,.93090665,.5423332552641802
2799,.14309308,.92186135,.4313384356433998
2800,.21797426,.92691565,.4356082650350608
2801,.19278349,.91932333,.5832145385077885
2802,.20522654,.86247373,.5394913971370174
2803,.17603664,.87245905,.1327013229140407
2804,.13829103,.91656816,.2919877763805577
2805,.10608264,.91867477,.2662042606363312
2806,.11181635,.92454803,.2346920499494949
2807,.15398708,.92982614,.1909516315544332
2808,.12813605,.92396426,.1791992740560673
2809,.12758411,.9157697,.2176565376902111
2810,.091181986,.92994422,.2399579955620305
2811,.14412062,.89670217,.3672636696520765
2812,.16382006,.9094274,.3309053785798408
2813,.21281072,.9092586,.6426774844852029
2814,.13274696,.90484077,.2424119552349618
2815,.13360175,.92212933,.2275841143423243
2816,.18014891,.92173904,.4329277807086645
2817,.16076958,.91988695,.2031149867722812
2818,.15328948,.93493402,.4704157557140637
2819,.11939809,.9253552,.1862858385353953
2820,.12156628,.92516923,.2198126157308578
2821,.13555862,.87376833,.2332637691631244
2822,.15610929,.92539436,.5235148166194104
2823,.14557691,.9199661,.2202057892880172
2824,.16245626,.92488396,.2910821300330534
2825,.10646164,.91795784,.3167921203578774
2826,.13083714,.92155629,.2171567479926117
2827,.1434774,.91737127,.3151906993462477
2828,.16751969,.90936583,.3004300300353967
2829,.14541481,.93045533,.3126985581152993
2830,.14111897,.82162881,.2079595937833843
2831,.15230131,.92204046,.527040507872151
2832,.15344311,.90387863,.4126489661631396
2833,.15843642,.92853564,.3948732914306886
2834,.28179082,.88516688,.0891933482273718
2835,.22256036,.92443156,.4827114998968315
2836,.21915478,.89085841,.6089474399999999
2837,.15511632,.92850387,.2227312200326738
2838,.14773473,.94330847,.3351472849302318
2839,.15019925,.94534957,.2792838773674782
2840,.13945809,.92418098,.3773812508502978
2841,.17461026,.92125452,.5810185750739384
2842,.15003879,.90916961,.1470753252951841
2843,.22500835,.82458287,.5947801912041661
2844,.14709947,.93178809,.5080150457585624
2845,.17625883,.92415971,.3681309418852967
2846,.12814361,.94157064,.1768596827696994
2847,.20312725,.97360826,.3236700898344618
2848,.13430989,.92060226,.3253154318781218
2849,.14100869,.92599982,.4374783955568506
2850,.14547269,.91759425,.313377155471553
2851,.13940921,.86481994,.2462746999984207
2852,.15128514,.85703486,.3589830280101807
2853,.13294798,.85741669,.2932641170042811
2854,.12925899,.92729902,.2071869814357623
2855,.21297875,.93134069,.6674840800395255
2856,.14353536,.92736942,.2658327896289102
2857,.16896322,.9078939,.4468125183841725
2858,.1373021,.93367469,.2098440178160392
2859,.12933482,.86027616,.2839693899119399
2860,.12838235,.9270767,.1545877753271317
2861,.15465376,.90797824,.5534451486817811
2862,.12027178,.82449543,.2871548289478495
2863,.16976082,.9299677,.2553945203739963
2864,.18404645,.88806987,.4638642459287151
2865,.11279949,.92848927,.1843855336827482
2866,.11284404,.93617052,.1848993280000609
2867,.20717572,.88927233,.5344098431729998
2868,.17164302,.90430385,.441629483922755
2869,.13713729,.92805219,.1392513969340392
2870,.16486175,.86317587,.215697334074074
2871,.14406873,.91811788,.350289321827446
2872,.14018886,.89566433,.269319960424346
2873,.15775895,.91614115,.2694852996384247
2874,.11788409,.90728068,.3370905738011165
2875,.19429384,.86456335,.3266542065659659
2876,.15137652,.91628134,.1405375273220409
2877,.12250309,.93853348,.3399954314813736
2878,.15515125,.91685939,.1777643022725422
2879,.17351927,.90259677,.1448874375348156
2880,.16094346,.90579015,.5590354572818784
2881,.12362875,.90500987,.268782639104127
2882,.13260327,.94013906,.2147347112243312
2883,.17618164,.91983676,.354693401873705
2884,.19496213,.93111324,.467682971009885
2885,.20272505,.88157463,.4100649562803989
2886,.13936165,.89521509,.1716565571335146
2887,.1787654,.83052635,.238598417515022
2888,.15961434,.92987061,.3758539452262678
2889,.19492641,.89268911,.2433485192942242
2890,.11743417,.92095983,.3107120867563574
2891,.17518105,.92286199,.2482872443726643
2892,.19477187,.84899276,.4529343325050955
2893,.16058089,.93246293,.3541666691618102
2894,.16772334,.85853666,.4447697023098358
2895,.1742662,.93284178,.5227278584390055
2896,.10395616,.91503143,.3044793999473366
2897,.12064833,.91357529,.1623760984192696
2898,.15294719,.91895545,.2540484840960472
2899,.14891566,.92139351,.180621752996633
2900,.17338157,.87026638,.2202972031751813
2901,.17968599,.8985641,.1075975870198612
2902,.16100203,.91766846,.4163538734890212
2903,.16819112,.91534483,.1690153378919186
2904,.11223225,.93763071,.3104794035091856
2905,.13365142,.93702304,.3358245262585057
2906,.14461324,.9179756,.356208691547064
2907,.12045088,.9037143,.198949735322743
2908,.1993793,.81258112,.2874606239690171
2909,.14410239,.91477811,.1753287149653587
2910,.16353357,.92652208,.3774838733600688
2911,.16419777,.91388422,.4458230515961561
2912,.12830289,.91321665,.3912509229336881
2913,.17224558,.9259364,.4338179927667478
2914,.11332063,.86032993,.2766082388438875
2915,.11998405,.90705776,.2091223120446631
2916,.20423116,.92702591,.443658944096089
2917,.20213598,.90513217,.1298582540918994
2918,.16662242,.8764255,.3068555891991439
2919,.14749002,.88905549,.1889747781271555
2920,.13041115,.92219996,.2829802234039887
2921,.20235245,.85258102,.3162959790169943
2922,.14318883,.91821527,.2831709423449883
2923,.1022256,.82449472,.1903898005293965
2924,.12461106,.91843575,.3848366529933285
2925,.20918818,.92663175,.6901957817893217
2926,.17427291,.91042781,.2791255802236035
2927,.16758247,.90238798,.2902089598319088
2928,.11935046,.93346947,.2580214355787216
2929,.19704963,.85485375,.5894882193171026
2930,.16895339,.92757297,.4183356648213344
2931,.11756323,.91029269,.1926199275269792
2932,.13912484,.92620546,.2025639573953207
2933,.12622705,.9217971,.2455681240988229
2934,.14387183,.88780951,.2592425792996328
2935,.15084957,.85393226,.2449287905037947
2936,.10632933,.8236534,.2114585369910146
2937,.1008995,.90894502,.2295186720899796
2938,.16399007,.89608979,.3135878219484589
2939,.16298933,.92754567,.3697583241980705
2940,.16342291,.84656757,.2447268077573815
2941,.11911595,.90562773,.2479399159895968
2942,.12657003,.9122678,.2017520160828986
2943,.15733519,.90189695,.5238919390235689
2944,.14901088,.90549499,.2454649031566376
2945,.15362468,.90159285,.3320683807861339
2946,.19288024,.88669467,.4173250583655788
2947,.20075908,.896375,.5221594339259259
2948,.14988795,.93641317,.1449641228806009
2949,.15866148,.91930091,.229212971832918
2950,.122835,.92850202,.1474355448358226
2951,.15717402,.87011456,.3741447609144189
2952,.19882146,.83467579,.4265014137140637
2953,.11174725,.91315424,.2185332463587441
2954,.18910114,.87108076,.5316136703743731
2955,.10315462,.92862844,.2572268438568592
2956,.15643141,.81412899,.1472844136936314
2957,.15684018,.9084385,.3265440657404979
2958,.11951737,.90489113,.1902215178282828
2959,.21233514,.90731657,.6488536049254726
2960,.11216883,.89087415,.1965555236198694
2961,.15480122,.93138456,.311567621760604
2962,.10208993,.86614972,.118592680099238
2963,.23634943,.92252779,.4997591879762938
2964,.16613297,.90281707,.2720001939454372
2965,.18279259,.91420692,.28252714526475
2966,.17637302,.90176094,.5619226730305755
2967,.15446378,.92734903,.3557088003335553
2968,.21986166,.88011628,.2575950465502604
2969,.18128537,.9213894,.4616318227211214
2970,.13825454,.88050067,.1658924216832241
2971,.12685946,.93116677,.2171084577700078
2972,.11550326,.8937574,.2475169767609972
2973,.10861482,.92800021,.1898045925464042
2974,.11720698,.89630747,.420706700273297
2975,.15044819,.92385328,.2638888622864057
2976,.15865535,.90928477,.4401365225907938
2977,.17128272,.93166769,.3265316211410811
2978,.18097244,.90159059,.6246949864129987
2979,.092596583,.93376768,.2546739345686075
2980,.12914123,.91255206,.172507934647133
2981,.16561389,.89182109,.348422065209437
2982,.15295033,.90748489,.291135819452742
2983,.11333273,.91829139,.2454021183347516
2984,.14746526,.93208176,.1366680076016576
2985,.13174799,.91636181,.2574532847134999
2986,.19352886,.89959162,.4269123464198194
2987,.12464528,.93205923,.3642060595470044
2988,.17901355,.91070575,.1809856218663957
2989,.2102858,.90822691,.350895224016826
2990,.20137583,.82162112,.4716331483071095
2991,.11778863,.925093,.2805841209443797
2992,.18063906,.93716896,.3126138036237014
2993,.13972324,.91252714,.2656860590101685
2994,.14956747,.92055792,.3422811213480039
2995,.1688716,.92093098,.2156048662848811
2996,.1623234,.91785741,.1702184520916429
2997,.18992524,.92857033,.511391101414756
2998,.15793207,.81873977,.3397021424747474
2999,.17899916,.87244773,.403195097602891
3000,.17226373,.86773008,.2687454817208818
3001,.19708742,.91985172,.2022854017850476
3002,.17583725,.93102884,.4848553019828754
3003,.14480953,.92711645,.4792848180106621
3004,.1356861,.9317562,.2134373213195302
3005,.11083321,.93049461,.2075345578604224
3006,.09113846,.92338628,.171893197470071
3007,.17991042,.91914064,.5939503496792096
3008,.1080887,.89358747,.1889200735894328
3009,.12751512,.93349552,.166642177073297
3010,.12417515,.90838856,.3743116001413169
3011,.14494331,.92316264,.4298473354592685
3012,.18213247,.86631638,.2626610574690124
3013,.19743271,.91730154,.4882619356584362
3014,.16411653,.88982028,.4552074709662279
3015,.17939223,.92142171,.4452907063312132
3016,.14219692,.86404181,.408605993008144
3017,.15261717,.91614199,.3452143967135025
3018,.14716376,.88430119,.3175623548702953
3019,.14830206,.92571437,.2797542987670293
3020,.17972685,.91560876,.3367621134283
3021,.14287268,.93016231,.2471157981464831
3022,.12546034,.88884014,.3831378887262942
3023,.1882792,.86246932,.5357453059143885
3024,.1091956,.92876995,.2723170444538332
3025,.13150243,.92288327,.305225523986014
3026,.12574574,.9004907,.2114116859950521
3027,.13758621,.87457293,.20440004306988
3028,.18344174,.93748218,.3094616595704049
3029,.21692738,.92400134,.4604100276078089
3030,.10074467,.92493582,.2443091695395345
3031,.1172994,.92315477,.0989773436818326
3032,.12557155,.91108263,.2826698839323639
3033,.17013273,.92634374,.4223297476881301
3034,.19008747,.92685515,.4726928988984395
3035,.19167866,.9341656,.609131017591873
3036,.1768477,.91854733,.4296139268030735
3037,.13978791,.92183888,.3079234831124431
3038,.14485422,.918917,.1415578581674868
3039,.11684379,.89770162,.1305658909182555
3040,.18031454,.93008351,.4950023314794671
3041,.17096812,.89602411,.234523547901562
3042,.1514625,.92321754,.1382630354036087
3043,.1112025,.91863811,.2341013865236279
3044,.098319404,.93271601,.3790056734120295
3045,.17413272,.82671058,.2870144149005008
3046,.15304206,.91736418,.3555976805249525
3047,.12910293,.90842491,.4098601540626041
3048,.18020479,.92509449,.4641035864136676
3049,.17356344,.90366465,.329712353283426
3050,.17917372,.92103821,.4317462890416154
3051,.20812111,.9090271,.6477145390909089
3052,.15167868,.91907936,.4701127098177988
3053,.18132658,.91537905,.1915883968390745
3054,.21397561,.91204697,.5581766937520896
3055,.1548271,.90262055,.1860285413121895
3056,.1439621,.91882962,.2395886139697833
3057,.1602037,.93354422,.4137632967796065
3058,.10982699,.82582414,.2871999129802296
3059,.16756344,.83643872,.2870205144977553
3060,.11935989,.930336,.3778222743398619
3061,.12919097,.91276598,.2621561347681022
3062,.15874386,.91635567,.3265021604620123
3063,.13293166,.92172772,.1362660930216265
3064,.14278282,.86890078,.1798412132360232
3065,.19425464,.91877079,.5108884873704999
3066,.12984636,.90784001,.2932117981252697
3067,.19819734,.93527108,.437473626951567
3068,.13156627,.8990823,.3141910453595333
3069,.093589798,.92315698,.4015295241193621
3070,.22081611,.91949821,.6252462655194806
3071,.1058731,.91804087,.2944725237419062
3072,.20844413,.89554638,.5754250036055516
3073,.15144354,.86713648,.4337255509513489
3074,.16479382,.92508996,.360389401483462
3075,.10915017,.89033818,.2360982058482258
3076,.17338413,.85351175,.2538557023199516
3077,.15743889,.92597723,.4571284797756832
3078,.19042553,.92127895,.3791910629871364
3079,.14971001,.93701071,.1295295507603507
3080,.12126677,.91990006,.2005300421335454
3081,.14580379,.92661357,.3013483773740129
3082,.18136731,.89307791,.4500996160366053
3083,.12762463,.87533009,.3513346395179916
3084,.12356685,.93169487,.3267439533238367
3085,.14356688,.92405772,.19164134421156
3086,.10395576,.92874473,.2888588740786066
3087,.19377077,.91807407,.6424231628761978
3088,.18178988,.90065295,.4913348852998597
3089,.26617074,.92534643,.6716374743136841
3090,.15519637,.92347878,.5350579801190442
3091,.13168417,.9253583,.1479630010186998
3092,.10531012,.93078172,.2936925031827894
3093,.15956892,.91425836,.1915507670570425
3094,.15172863,.9375127,.2660018739498717
3095,.14999285,.9301213,.2263283834893665
3096,.12111298,.91841263,.1227971329330602
3097,.1659583,.92479765,.7773536199350649
3098,.14278293,.86026943,.1642672954156954
3099,.14741169,.93682718,.2263568590425623
3100,.16940339,.9104113,.231958623398765
3101,.12325688,.91119075,.2062281635491275
3102,.17238395,.89291847,.5865117989667185
3103,.13671254,.91537654,.3335932058090649
3104,.15167083,.91810876,.3420531748482121
3105,.20432848,.82716656,.2636611273596363
3106,.17040999,.93624955,.3650836620135521
3107,.24862427,.9163425,.6479697400944241
3108,.14604762,.94991523,.1774878189588189
3109,.11757864,.92643261,.2465976429237751
3110,.13765419,.90667701,.3801663638375205
3111,.2296553,.8890264,.6667968823829149
3112,.10970879,.93316019,.2653610781212408
3113,.12271562,.9104194,.2683222571417089
3114,.16539228,.88476849,.1988845162493525
3115,.12191025,.91739434,.2064661168409032
3116,.16464955,.95043761,.2947854584637784
3117,.16120265,.97104079,.1675725678019511
3118,.18812656,.93456596,.5003026350953319
3119,.11729514,.92510217,.3237723251294192
3120,.12652478,.93008864,.4814092029797297
3121,.16986232,.92399096,.4273548548547009
3122,.15510786,.88979518,.332748554542217
3123,.23553056,.92346448,.5858656008556552
3124,.20639499,.91304094,.6288158119741668
3125,.14328729,.87233776,.2476875899518804
3126,.18111955,.91394335,.2202254530735237
3127,.14732011,.85468578,.3739845560231191
3128,.14750169,.93271601,.1859892763807304
3129,.12523264,.9324612,.1327366843946177
3130,.16937092,.92559314,.4012611422384097
3131,.11003231,.86215788,.2095022260496484
3132,.16016236,.85619241,.2514524142058404
3133,.18140988,.88265526,.3063815049996114
3134,.21724176,.86634511,.1959432572751939
3135,.123697,.89308786,.3020731145689638
3136,.21938066,.83634013,.4917942335990861
3137,.16560227,.91548133,.5995936031491322
3138,.12578644,.91855067,.2533988417637917
3139,.1119091,.92145914,.2327492446038057
3140,.20002049,.91857272,.5881273521091502
3141,.18273947,.90916055,.3495788634489121
3142,.082686044,.9269833,.198389011985237
3143,.17170906,.90781283,.4994616494581197
3144,.1685244,.92441499,.1964076022501367
3145,.094607033,.90904987,.1762492472559786
3146,.19802552,.93252802,.5506838102370414
3147,.15984966,.87848032,.0824741234309355
3148,.17060478,.93091571,.4837659579606967
3149,.15452881,.89379376,.3370269851890701
3150,.15449809,.892147,.166821203398349
3151,.17620333,.89388144,.4157874511146877
3152,.17078429,.9337526,.6449277477167689
3153,.14191234,.89524972,.1775549050199703
3154,.13237996,.92967707,.1400129757695545
3155,.12922654,.88415796,.3557189215608466
3156,.10661153,.85471165,.108599017778323
3157,.16346586,.89328122,.3577953729681429
3158,.19733113,.90821093,.3501129676411892
3159,.14056994,.91609079,.2831148376891256
3160,.16760896,.89730459,.3059621875987297
3161,.17818016,.8769294,.4476923282209559
3162,.1334146,.91590023,.1892356011623931
3163,.17118904,.82086837,.4614176664627038
3164,.16557911,.92308605,.4292434156849194
3165,.1073546,.92613721,.1973841728747851
3166,.11958333,.86822283,.193290852329571
3167,.094651215,.90354669,.1726755285087837
3168,.12083505,.92673516,.2713016373600679
3169,.095213175,.92366648,.0981209884806551
3170,.10990819,.93276316,.1360709186030344
3171,.16092917,.86964113,.3184036731633349
3172,.17697304,.86165506,.3506013227634828
3173,.23066273,.93988085,.6510491204545454
3174,.13632862,.90999293,.2326518030792541
3175,.18910854,.87163627,.2890036503688164
3176,.15093544,.91944301,.4757077162703962
3177,.13480902,.91656643,.1933830791375291
3178,.1269017,.9291144,.1868587052350427
3179,.16129959,.92090154,.1959551166012691
3180,.17250881,.92926556,.4698088075351144
3181,.14277953,.91838998,.2405478100049446
3182,.15450388,.89438003,.300158081474158
3183,.1305045,.92850596,.3050420119124085
3184,.12628323,.93275934,.1646609667345247
3185,.14233908,.90499926,.2344487057652094
3186,.12897544,.93764371,.2591225195331521
3187,.12328377,.91170555,.1707035839176143
3188,.17364454,.88308233,.2036842734866615
3189,.1268895,.9078632,.1752714791485107
3190,.12997063,.93268424,.4998043786027618
3191,.17390761,.92912591,.5046388663012037
3192,.14192399,.92244667,.515890338704552
3193,.090436623,.92259413,.1350900894299116
3194,.13211259,.91180909,.2254476112064841
3195,.13632639,.91120154,.1387653214039732
3196,.16821486,.89873916,.2079855795704296
3197,.16910896,.92446876,.2005586553426957
3198,.16768563,.92181748,.3551956435015217
3199,.15041457,.88878125,.0933566567728567
3200,.12069772,.84468168,.2568560550721964
3201,.15649782,.90420705,.3806255130560304
3202,.15190023,.8757301,.4668312051369292
3203,.18150274,.84413624,.2722505285274145
3204,.16187534,.91293496,.3952241576126269
3205,.20957503,.92303741,.7144047531818182
3206,.18761039,.90395993,.4246146328800829
3207,.14898156,.90613264,.2851906803375637
3208,.21003556,.92211944,.4191696945032892
3209,.20140569,.86315668,.3294309358878159
3210,.27574036,.92567736,.6634418916206187
3211,.1312201,.92958283,.3286601285232276
3212,.16218948,.90847063,.4810494057668497
3213,.13158011,.89791435,.3064784536890887
3214,.18991911,.82663858,.478652648196534
3215,.14506343,.9363569,.2442099484605887
3216,.18579783,.91263747,.2952572668225848
3217,.11553379,.92362058,.4138104551768231
3218,.13937701,.93868232,.2899048085705712
3219,.17895156,.9070558,.4906106863699263
3220,.19465178,.83205384,.342335220696834
3221,.13096364,.92874193,.1800131687983172
3222,.1502182,.91099483,.2341526603161875
3223,.16778964,.90354228,.1603938235833406
3224,.16822308,.83403713,.2850457405021009
3225,.13047066,.9248544,.1774117269653803
3226,.13674308,.92383969,.33096080449648
3227,.20258872,.92139471,.7188647479545455
3228,.15267785,.86902326,.2594630443393094
3229,.15406024,.9019931,.2604870111598745
3230,.12542529,.9253844,.1623281926332556
3231,.14537922,.86483777,.2611464562262769
3232,.16784289,.90119052,.51730339459327
3233,.11410546,.92063028,.1739705515752971
3234,.12963913,.93391019,.297699927306702
3235,.15643866,.91390729,.3478386599163229
3236,.14733836,.92070723,.4432250291843846
3237,.1356806,.91198176,.1753708929526029
3238,.15615748,.93260413,.4662721292087024
3239,.20342788,.92688364,.6721473473290359
3240,.15430304,.92007178,.1854028412932746
3241,.14996085,.9018957,.2016251285612055
3242,.13910855,.93393886,.2662338116312307
3243,.1641596,.85207075,.4799311654438976
3244,.23503095,.92491454,.7192981766115701
3245,.13000679,.92273372,.3041048545137651
3246,.16524394,.89461672,.5226911424487478
3247,.15649384,.86466289,.3986327505601805
3248,.20492701,.8647306,.5450968764261713
3249,.17228633,.92328227,.41804247673746
3250,.14848915,.92168778,.0979028524087024
3251,.1379486,.93382388,.2640899020949883
3252,.15703601,.91186404,.5608442466493719
3253,.18389258,.85461217,.1841088128885286
3254,.18977673,.94001764,.4928915918181818
3255,.17186873,.91092223,.1531142593213714
3256,.12998013,.90286422,.2429332711223036
3257,.19617115,.90617138,.2565581937815561
3258,.22621804,.91303664,.5895431714899421
3259,.14753178,.8946259,.4416379330059858
3260,.15153788,.92488009,.2370648086235476
3261,.1654987,.83384401,.3600507173594922
3262,.14736992,.8630203,.1198410328412328
3263,.14401379,.90949196,.1558303855294088
3264,.12552214,.90122795,.3178471862826556
3265,.2480536,.90375358,.5426482172027972
3266,.12392557,.91097164,.2128366525906003
3267,.14816055,.90290266,.2686802076265216
3268,.18233797,.92982119,.5946852558540151
3269,.1504641,.83828771,.2233481328536648
3270,.13671851,.92864794,.2994439090425169
3271,.11968634,.90405017,.1672372555076405
3272,.13074817,.92495584,.3139063495264612
3273,.15163206,.92780232,.402094642322369
3274,.13074465,.92607468,.325077063857691
3275,.12684996,.92423207,.2738831598877289
3276,.12941299,.84215081,.35084856998474
3277,.12032662,.92340517,.2417388156935874
3278,.14687715,.92572963,.4144765586342917
3279,.16357663,.92879528,.4118769586283702
3280,.1425917,.88660449,.4310032316557399
3281,.152854,.89428741,.2122084989921843
3282,.19651082,.91044426,.6007277243636363
3283,.12644964,.92198092,.2629346287561015
3284,.12674741,.90497065,.1667980588323713
3285,.13921675,.88906217,.1458361408947349
3286,.11031847,.92598885,.1322536846322759
3287,.11842024,.92654216,.3131367871954842
3288,.19703147,.92031908,.1150896158005266
3289,.21438073,.92833,.4689124528972416
3290,.20224495,.88182652,.5893210507270507
3291,.14030659,.89743286,.3388638027429422
3292,.1377196,.93248934,.2966526476060606
3293,.13635874,.92398733,.1909761031902855
3294,.22237609,.9157185,.6896608313040661
3295,.097615048,.93283397,.351427032142672
3296,.13514282,.91139942,.2675062642139974
3297,.16412346,.85781634,.2851954408242094
3298,.13237938,.91765511,.2795682977973323
3299,.17498821,.87602901,.2193788922763245
3300,.1440713,.91137427,.1507790200178422
3301,.10248428,.92435122,.1545386036302871
3302,.14149898,.93525159,.3043650002162652
3303,.13824812,.9159748,.350021774649918
3304,.12123264,.88616884,.1527026511932848
3305,.2025695,.88442749,.5602338717295239
3306,.13025959,.92576522,.1298822092272316
3307,.18928188,.90672553,.3826300993384162
3308,.15431963,.91976464,.3425670991171881
3309,.12496948,.9338876,.344270042607954
3310,.13455999,.87540543,.2496996828970618
3311,.16640992,.91059268,.2263129799618694
3312,.12345893,.92921549,.3150557063863708
3313,.13466634,.92624623,.3384245872915389
3314,.14649168,.92252803,.4112793125717287
3315,.16825217,.87656695,.1849397031504393
3316,.16134939,.91919076,.4921925844675552
3317,.15541817,.92836875,.1950119546339855
3318,.10955003,.8920961,.2166077125241425
3319,.18053928,.89376152,.3037418693830938
3320,.13568103,.92580289,.3479291848538011
3321,.2203265,.90032136,.5762500382905983
3322,.20390107,.92746139,.5925713332381675
3323,.17484695,.92400032,.3905854327211786
3324,.16539367,.92892623,.4600554515151515
3325,.17472383,.89418197,.3868097697464388
3326,.21423368,.92994523,.6766668884315683
3327,.12349036,.9045279,.3647085946959213
3328,.10800796,.92464727,.2538706129298226
3329,.15008791,.92232907,.2662305354247604
3330,.21614745,.90864938,.5399519025570942
3331,.11378551,.92444277,.1699244079222423
3332,.13605708,.91377968,.3532387649607614
3333,.20406196,.86768275,.5859224900886852
3334,.16892166,.90429831,.4401527668903782
3335,.15199633,.93409544,.2191931294171056
3336,.15485124,.9007374,.4935604803785104
3337,.17624789,.92885423,.3891455984808457
3338,.1093749,.9192214,.148821385725864
3339,.18372439,.86884969,.4549608077273408
3340,.12478976,.93403167,.2934680126293235
3341,.14761031,.93042302,.3061567527393367
3342,.16895843,.92407709,.2602674624815677
3343,.1841307,.90268773,.3317429292024735
3344,.20149672,.9302628,.501212072660796
3345,.18696235,.91466665,.3552342335202452
3346,.14929715,.90680736,.5349915225905205
3347,.15827827,.90015167,.5056654516956338
3348,.1206723,.91232026,.0843496312542676
3349,.17117366,.93575597,.1252619244007022
3350,.11799134,.92315704,.4592229697983886
3351,.17295745,.92978138,.2780653130497673
3352,.18449566,.86638141,.4364097545764111
3353,.15384667,.91779244,.188996612011174
3354,.17178367,.89892411,.3112255504223431
3355,.19811171,.91929656,.3528249079453039
3356,.12501504,.92826694,.2466847529940429
3357,.1241961,.9335891,.3318005435946645
3358,.12183336,.87731355,.2666127639479677
3359,.17099987,.87687039,.2100526876610118
3360,.17086501,.9145757,.2289401992359492
3361,.11726108,.92475313,.2480161268113536
3362,.15746891,.85918355,.3341638212389462
3363,.14797635,.91568446,.3562755666155141
3364,.13133357,.92417908,.1770137891591125
3365,.12801589,.92827475,.1256697835578002
3366,.1931476,.89441937,.1785496378287453
3367,.11392262,.91144526,.2681122569249695
3368,.20725013,.89604253,.4879715906759188
3369,.17293401,.92096996,.394353806929171
3370,.18301848,.84865063,.1783552981366108
3371,.10963927,.85649806,.231817447337782
3372,.13214409,.93209416,.3082769701695274
3373,.11429653,.91774207,.2237981875185308
3374,.12521009,.93527883,.2083613852746697
3375,.17452727,.92974633,.2747942315575987
3376,.16485083,.89660907,.2374028273741814
3377,.13168001,.91747415,.306389804207383
3378,.14227691,.89743602,.2024548953645047
3379,.12855741,.91233772,.1993926101459367
3380,.13805747,.87451839,.2061447560362785
3381,.19554901,.83586997,.4635773015965516
3382,.15249671,.88217306,.187446418289421
3383,.17749375,.92600447,.2231261047711547
3384,.1456065,.92290038,.3683389125657994
3385,.1515086,.90721101,.3314666343134531
3386,.13285527,.93393075,.1729153624587757
3387,.16252415,.89788097,.4489928411396011
3388,.089631595,.930812,.2024405155848494
3389,.17729208,.86357689,.274123107317744
3390,.17156906,.92622751,.1910113493766551
3391,.21212971,.93707418,.6972294367914438
3392,.17505473,.92156023,.2692808115177415
3393,.13510388,.92957395,.3595944843828473
3394,.14987215,.82163066,.1454583039113895
3395,.13194084,.92207044,.2069487928680652
3396,.14049445,.89234185,.1543230954092204
3397,.12530378,.92303848,.2921577264531603
3398,.11703598,.88364649,.2320310066687857
3399,.16056675,.85477626,.25905908690415
3400,.15099289,.91542202,.34971347167764
3401,.13361217,.88064384,.1640147978595787
3402,.15849811,.87886322,.5912130411067404
3403,.13803609,.87424779,.2491738216725439
3404,.1296595,.92716712,.3554767094248574
3405,.13735634,.92658985,.2807952592333592
3406,.1254261,.90901774,.2509182373518912
3407,.11358331,.92050314,.1065303510760779
3408,.11004261,.90812522,.2097549134666188
3409,.13759924,.853333,.2006618456636882
3410,.11869942,.92972082,.2058656410657861
3411,.15340492,.90153193,.3118326131321765
3412,.13506016,.90810782,.1692572409534909
3413,.16018625,.89231491,.3810434954856255
3414,.16796465,.92187399,.5316471099563684
3415,.17232633,.91151273,.5257093426957218
3416,.12097982,.92888832,.2746001256721057
3417,.12787558,.92849398,.1011764681623931
3418,.11181005,.91243911,.2573159772100072
3419,.17078924,.88797474,.2332247391633506
3420,.12211664,.87490475,.2390971510516588
3421,.12771887,.91754693,.1635740407303807
3422,.15934552,.91099209,.1697497654262909
3423,.13175987,.93818045,.1833516126634291
3424,.18270832,.91419703,.2915368164739705
3425,.17086832,.91371244,.417079191004403
3426,.1287763,.86121422,.1817180367058699
3427,.13205172,.90267092,.4103094002669553
3428,.14091085,.92196083,.2606191608706392
3429,.15323211,.82654619,.360298673347902
3430,.081735551,.90328616,.1796961418330743
3431,.11520318,.93217939,.1626554013986014
3432,.17941262,.92505741,.3578994635989082
3433,.12343108,.92624223,.3759254603833204
3434,.13846715,.91779941,.1497765942652409
3435,.17965773,.86843336,.2219602745837496
3436,.083555527,.9061197,.1938440958804158
3437,.13684706,.92053586,.1283482367400501
3438,.124108,.89978021,.1367854971932551
3439,.15249623,.90525818,.4498822645887076
3440,.14585426,.90789533,.3616430178790468
3441,.14191571,.8290171,.1740057698408587
3442,.13648556,.91533631,.4113894997377341
3443,.13024314,.92714524,.1686118757168876
3444,.12194491,.93180627,.2575742497635952
3445,.18039218,.93381143,.3702546587879965
3446,.12228587,.91203725,.2197338083839863
3447,.14663044,.9203862,.4277953579975579
3448,.12992871,.935072,.2170641122606406
3449,.1393894,.88221872,.205762809052059
3450,.21662097,.91895193,.6139863173556072
3451,.090036184,.9288168,.2528946960983461
3452,.14046282,.8796683,.1958158362654517
3453,.14367029,.83995861,.1725519092141628
3454,.14063689,.93772787,.3766804949736683
3455,.15233542,.92413223,.1163827837477337
3456,.13582446,.86918551,.2636488206723411
3457,.14008555,.92524588,.3472073353834128
3458,.15358086,.89793324,.242005599789534
3459,.12802903,.90711504,.222587401521719
3460,.13865422,.86408961,.2157269500951394
3461,.12794463,.92831677,.2280486478904429
3462,.13335373,.91470176,.3672451364018978
3463,.2168985,.92492896,.4338369715925741
3464,.11757856,.88770211,.370453024344829
3465,.17856595,.90954596,.4449649470630206
3466,.15826219,.92753315,.2575920104352499
3467,.15666299,.87851167,.2669751064260554
3468,.14630222,.922189,.1633928334906419
3469,.19151174,.88115191,.3995240373203833
3470,.19323041,.88355231,.2323961164996115
3471,.13144103,.92727768,.2761844462074037
3472,.13297379,.93181503,.2100560509589916
3473,.15137848,.96372509,.1608166020521829
3474,.15955219,.90638167,.3251455608210909
3475,.14896099,.9064154,.4343637895522022
3476,.18093978,.91092634,.3441038842508555
3477,.22565074,.95916164,.3286644510145136
3478,.15401629,.89694858,.2438265375338466
3479,.17334482,.93109173,.4700570835672577
3480,.14479592,.8827278,.1491191701502202
3481,.14557679,.89935374,.2755472628791286
3482,.16323891,.84145117,.4180858329501653
3483,.18271056,.9204405,.4672444585744625
3484,.13164057,.90100509,.3069582044329744
3485,.15220554,.86742103,.5583095984228502
3486,.21544676,.91173518,.6030277903119956
3487,.14522482,.92570245,.3997386594216619
3488,.14689158,.92090869,.2652660769512792
3489,.15885442,.92150331,.3257767138970042
3490,.21520194,.91993737,.672662610421307
3491,.13453625,.92258263,.3496060373064898
3492,.17148267,.92167342,.4060493144510057
3493,.15736118,.92222244,.2368355452212097
3494,.14579938,.92723036,.2988479375296925
3495,.18342826,.93028212,.6167046040404039
3496,.1601785,.89013493,.3224034283438552
3497,.12866049,.90861791,.112920025068635
3498,.22064957,.90232545,.7025388438098937
3499,.21027057,.9105407,.6378614328895794
3500,.12675501,.9342854,.2050945996502133
3501,.1339062,.89602774,.3445215350467495
3502,.13463087,.92160594,.4198389691328424
3503,.093657546,.91170192,.1799529414655098
3504,.14840826,.89853549,.4338843901358311
3505,.11221089,.91986293,.1054979026404395
3506,.14226565,.93525767,.2263790576092117
3507,.17419013,.91787916,.0992700115275038
3508,.21233149,.90486151,.4319771749105491
3509,.11546754,.81984371,.2186928541527454
3510,.12378018,.91129917,.3981820999451783
