uuid,duration,completion,date_sent,date_first_click,type,gender,investments,location,region,fluency,quality,positive,category,reply,date_reply,positive_given_reply
0000e71a6b32cbae622d8d965d813ef6@prksq.com,4,0.25,2023-01-16,2023-01-18,Venture Capital,male,2,United States,North America,high,high,0,NA,0,NA,NA
00109b9795e3bc5bc8aa26a4016e001b@prksq.com,133,0.41999999,2023-01-16,2023-01-19,Angel,male,9,United States,North America,low,low,0,NA,0,NA,NA
0022c87e255d571d6a85108d89827e0f@prksq.com,118,0.75,2023-01-16,2023-01-17,Venture Capital,female,3,United States,North America,low,high,1,referral,1,2023-01-17,1
0024b3a1bc31f184077509a554210f33@prksq.com,135,1,2023-01-16,2023-01-17,Angel,female,1,United States,North America,high,high,1,updates,1,2023-01-20,1
00524acd59621d55ff4366ceca1657f5@prksq.com,78,0.82999998,2023-01-16,2023-01-16,Angel,male,5,United States,North America,low,low,0,NA,0,NA,NA
00535a05abd745ee0b780416d2152297@prksq.com,523,0.92000002,2023-01-16,2023-01-17,Angel,male,1,United States,North America,high,high,0,NA,0,NA,NA
0059fc7a4282923088bc4a946610b029@prksq.com,51,0.57999998,2023-01-16,2023-01-18,Angel,male,2,United States,North America,low,high,1,referral,1,2023-01-18,1
005cac416968fc01a4b9fe47dd44552b@prksq.com,90,0.67000002,2023-01-16,2023-01-19,Venture Capital,male,2,United States,North America,high,high,0,NA,0,NA,NA
005dac5d7ab17326d700e9f89c6cf554@prksq.com,32,0.41999999,2023-01-16,2023-01-17,Angel,male,1,India,South Asia,low,high,0,NA,0,NA,NA
006f2e1f4c52f64a68e2afa0a200d456@prksq.com,5,0.25,2023-01-16,2023-01-21,Angel,male,1,Singapore,East Asia and Pacific,low,low,0,NA,0,NA,NA
007364167e186a0e82a6fd6c0ec05921@prksq.com,16,0.67000002,2023-01-16,2023-01-18,Angel,male,1,United States,North America,high,high,0,NA,0,NA,NA
0076d953792ebdebcb1e36dbdbd4c86c@prksq.com,17,0.75,2023-01-16,2023-01-17,Angel,male,1,United Kingdom,Europe and Central Asia,high,low,0,NA,0,NA,NA
00c072fb75c63007dc4f8f3ea01ba515@prksq.com,20,0.33000001,2023-01-16,2023-01-16,Angel,male,1,United States,North America,low,high,0,NA,0,NA,NA
00c68d3aad71fcad071151fb96afd7c0@prksq.com,154,0.92000002,2023-01-16,2023-01-18,Angel,male,1,United States,North America,high,low,0,NA,0,NA,NA
010aa46dae3675c82a6a8cc1b7f27ce5@prksq.com,145,1,2023-01-16,2023-01-19,Angel,male,1,United States,North America,high,high,0,NA,0,NA,NA
01140e00f893b30c5240021cc9998509@prksq.com,93,0.92000002,2023-01-16,2023-01-19,Angel,male,5,United States,North America,low,high,0,NA,0,NA,NA
01227b459b585b44b531d27181e612fd@prksq.com,513,0.92000002,2023-01-16,2023-01-16,Angel,male,1,United States,North America,high,high,1,updates,1,2023-01-23,1
01383c891e4472ab1790cc9765e87480@prksq.com,152,0.67000002,2023-01-16,2023-01-16,Angel,female,1,United States,North America,high,low,0,NA,0,NA,NA
013e10acc56c0e5b578307df6e283416@prksq.com,46,0.92000002,2023-01-16,2023-01-17,Angel,male,2,Germany,Europe and Central Asia,low,low,1,more info/clarification,1,2023-01-17,1
0140fa7dbf625d5d734943344e477e3c@prksq.com,5,0.92000002,2023-01-16,2023-01-19,Angel,male,2,Singapore,East Asia and Pacific,low,low,0,NA,0,NA,NA
014e14ee0cbb5462d4bfe40b1a11820a@prksq.com,15,0.57999998,2023-01-16,2023-01-19,Angel,male,1,United Kingdom,Europe and Central Asia,high,high,0,NA,0,NA,NA
01538032766fa7e55165f8299e236e53@prksq.com,402,1,2023-01-16,2023-01-17,Angel,male,1,Germany,Europe and Central Asia,high,high,0,NA,0,NA,NA
0170e03a1c3fe5ea6675bc8e1d0e583e@prksq.com,29,0.33000001,2023-01-16,2023-01-16,Venture Capital,male,5,United Kingdom,Europe and Central Asia,low,low,0,NA,0,NA,NA
0178b31b7cbdf868b2a613aa19749178@prksq.com,99,0.75,2023-01-16,2023-01-17,Angel,male,1,United Kingdom,Europe and Central Asia,low,high,1,referral,1,2023-01-17,1
01791eea4484e4b845302fcd9108d0c9@prksq.com,55,0.57999998,2023-01-16,2023-01-18,Angel,male,1,United States,North America,low,low,0,NA,0,NA,NA
018b53644ede59cedafac62e29924bbd@prksq.com,92,0.41999999,2023-01-16,2023-01-18,Angel,male,1,United States,North America,high,high,0,NA,0,NA,NA
01ab31c1ebc06871e03b332200e57b69@prksq.com,24,0.079999998,2023-01-16,2023-01-16,Angel,female,2,United States,North America,high,high,0,NA,0,NA,NA
01ac7f9f378cc2ebe9efa76613f28e8e@prksq.com,5,0.33000001,2023-01-16,2023-01-17,Angel,male,1,United States,North America,low,high,1,referral,1,2023-01-17,1
01b34cd3935506a3d3f0a2321e7cda98@prksq.com,338,1,2023-01-16,2023-01-18,Angel,male,1,United States,North America,high,high,0,NA,0,NA,NA
01bec072d57e5887a53e611c7cc30893@prksq.com,90,0.82999998,2023-01-16,2023-01-18,Angel,male,1,United States,North America,low,high,0,NA,0,NA,NA
01f03c92420109160875a062d9ab38d8@prksq.com,393,1,2023-01-16,2023-01-16,Angel,male,2,United States,North America,high,high,0,NA,0,NA,NA
01f1f2daf91bd89987f0f041a83b6304@prksq.com,65,0.92000002,2023-01-16,2023-01-18,Angel,male,2,United States,North America,high,high,0,NA,0,NA,NA
0206890e51ab005946b2e4cd0fc1a656@prksq.com,79,0.41999999,2023-01-16,2023-01-18,Angel,male,1,United States,North America,high,high,1,updates,1,2023-01-19,1
0211b1b57ab1f3558bc18b632c639c8c@prksq.com,75,1,2023-01-16,2023-01-18,Angel,male,1,United Kingdom,Europe and Central Asia,low,high,0,NA,0,NA,NA
021406cb9096a3ae6dbe521156953821@prksq.com,112,0.82999998,2023-01-16,2023-01-18,Angel,male,1,United States,North America,low,low,0,NA,0,NA,NA
02234a540c990723f23f2575687c2c9e@prksq.com,183,0.25,2023-01-16,2023-01-17,Angel,male,1,Canada,North America,high,low,0,NA,0,NA,NA
022c99560209ab7f68a9885fed8caa6e@prksq.com,194,1,2023-01-16,2023-01-18,Venture Capital,female,1,United States,North America,high,low,0,NA,0,NA,NA
0238bf55634e6206131a1abb109b4e79@prksq.com,69,1,2023-01-16,2023-01-16,Venture Capital,male,2,United States,North America,low,high,1,more info/clarification,1,2023-01-16,1
023c4c3d2bd9cbb9536f41f449874a15@prksq.com,84,0.67000002,2023-01-16,2023-01-20,Angel,male,1,United States,North America,low,low,0,NA,0,NA,NA
0247cc7cc424cbc220f554116101fe2f@prksq.com,61,0.82999998,2023-01-16,2023-01-17,Angel,male,1,United States,North America,high,low,0,NA,0,NA,NA
0256b6c6476c5913092c304e38cdd1df@prksq.com,153,0.75,2023-01-16,2023-01-17,Venture Capital,male,2,Israel,Middle East and North Africa,low,low,0,NA,0,NA,NA
02619f584ce97666ce147c95526b8dd6@prksq.com,132,0.5,2023-01-16,2023-01-18,Angel,male,2,United States,North America,low,low,0,NA,0,NA,NA
026ca15f440c4656f4f375c267918aa6@prksq.com,18,0.82999998,2023-01-16,2023-01-17,Venture Capital,male,2,United States,North America,low,low,0,NA,0,NA,NA
02704650135fc2000b7c1f579fb6261d@prksq.com,16,0.67000002,2023-01-16,2023-01-19,Angel,male,1,United States,North America,high,low,0,NA,0,NA,NA
027224d17de7971854738f749dec1c34@prksq.com,40,1,2023-01-16,2023-01-18,Angel,male,1,United Kingdom,Europe and Central Asia,high,high,0,NA,0,NA,NA
02758a87ec5bc2bfe68b32ed45f6473c@prksq.com,133,1,2023-01-16,2023-01-16,Angel,male,1,United States,North America,low,low,0,NA,0,NA,NA
028fa1a3116729a33fc39c8112ec7fa0@prksq.com,67,0.82999998,2023-01-16,2023-01-16,Angel,male,1,United States,North America,low,low,0,NA,0,NA,NA
02907065ed050528fbe7d7b6f0482175@prksq.com,9,0.75,2023-01-16,2023-01-18,Venture Capital,male,5,United States,North America,low,high,0,NA,0,NA,NA
0291be4fa987bafe63974e3a64fae4ba@prksq.com,132,0.41999999,2023-01-16,2023-01-18,Angel,male,1,United Kingdom,Europe and Central Asia,low,low,0,NA,0,NA,NA
029bce8d6559f1e2c98c71490c7d88ed@prksq.com,43,0.079999998,2023-01-16,2023-01-17,Angel,female,1,United States,North America,high,low,0,NA,0,NA,NA
029e4c1911038e862b58399f0bb5ee32@prksq.com,58,0.92000002,2023-01-16,2023-01-19,Angel,male,1,Germany,Europe and Central Asia,low,low,1,more info/clarification,1,2023-01-19,1
02ceb411144dd25195eb6d0ac2dbb468@prksq.com,358,1,2023-01-16,2023-01-18,Angel,male,1,United States,North America,low,high,0,NA,0,NA,NA
02dabde2d863d74332d06b2e5176ddd3@prksq.com,74,0.67000002,2023-01-16,2023-01-16,Angel,male,1,United Kingdom,Europe and Central Asia,high,low,0,NA,0,NA,NA
02ede6ca649227c72f51dc20e06974d9@prksq.com,229,0.67000002,2023-01-16,2023-01-18,Angel,male,1,United States,North America,low,low,0,NA,0,NA,NA
02f204a969a99f2a92d2c900aec4c849@prksq.com,172,0.25,2023-01-16,2023-01-16,Venture Capital,male,1,United States,North America,high,high,0,NA,0,NA,NA
0307a295a6f09d770c4bee03aba6f848@prksq.com,386,1,2023-01-16,2023-01-17,Venture Capital,male,3,United States,North America,low,high,0,NA,0,NA,NA
0313147b8c8a3160fa6c4cf86d119fe7@prksq.com,120,0.92000002,2023-01-16,2023-01-18,Angel,male,1,United Kingdom,Europe and Central Asia,high,high,1,updates,1,2023-01-18,1
03185dadc5ce3f0b14d12739204e87f3@prksq.com,102,0.5,2023-01-16,2023-01-19,Angel,male,5,United States,North America,low,high,0,NA,0,NA,NA
03256699ce85a0aebed7288454429f3d@prksq.com,198,0.92000002,2023-01-16,2023-01-18,Angel,male,1,United States,North America,low,low,0,NA,0,NA,NA
03292409bb4209dfd074adc3abf3f3f1@prksq.com,53,1,2023-01-16,2023-01-17,Angel,male,2,United States,North America,low,high,0,NA,0,NA,NA
032b18987b3d593211c544b0d2884c1e@prksq.com,9,0.25,2023-01-16,2023-01-18,Venture Capital,male,2,United States,North America,low,high,0,NA,0,NA,NA
033c1423c7ea6a243b9e72360502ee2d@prksq.com,105,0.17,2023-01-16,2023-01-19,Angel,male,1,United States,North America,high,high,0,NA,0,NA,NA
033fcb389fbf98da08da91cf013cdee2@prksq.com,11,0.57999998,2023-01-16,2023-01-18,Angel,male,1,Brazil,Latin America and Caribbean,high,high,0,NA,0,NA,NA
0343e5a6c856f98abe5d64710a68e299@prksq.com,178,0.5,2023-01-16,2023-01-18,Angel,male,1,United States,North America,low,low,0,NA,0,NA,NA
03597d9343366bec67689d5aab1c5d61@prksq.com,342,0.82999998,2023-01-16,2023-01-19,Venture Capital,male,4,United States,North America,low,high,0,NA,0,NA,NA
036071f858605cce14f58be1ffd5b0ae@prksq.com,34,0.41999999,2023-01-16,2023-01-17,Venture Capital,male,45,United States,North America,low,low,0,NA,0,NA,NA
03753b6c975437f1086a47decf3f7e09@prksq.com,9,0.67000002,2023-01-16,2023-01-20,Angel,male,1,United States,North America,low,high,1,more info/clarification,1,2023-01-20,1
0377001043e3ee3cd00d5062e96dd21b@prksq.com,57,0.75,2023-01-16,2023-01-18,Angel,male,1,United States,North America,high,low,0,NA,0,NA,NA
037ef39c86aef054c338eb8a363895ec@prksq.com,45,0.41999999,2023-01-16,2023-01-16,Angel,male,2,Israel,Middle East and North Africa,high,low,1,updates,1,2023-01-16,1
03858d9bc59f4a15ed3eab17fddf834d@prksq.com,133,0.41999999,2023-01-16,2023-01-16,Angel,male,2,United States,North America,high,high,0,NA,0,NA,NA
0387e9aabbb4a8694cd6942a511dc83e@prksq.com,166,0.41999999,2023-01-16,2023-01-16,Angel,female,1,United States,North America,high,high,0,NA,0,NA,NA
038fbea67dba01e7c0ee698ec90286c5@prksq.com,38,1,2023-01-16,2023-01-18,Venture Capital,male,3,Germany,Europe and Central Asia,high,low,0,no specific reason,1,2023-01-18,0
03990946b2e56628d16c53ad1aab9860@prksq.com,154,1,2023-01-16,2023-01-18,Angel,male,2,United States,North America,high,high,0,NA,0,NA,NA
03ba605aeafc4dc85ee0561e42aa8898@prksq.com,27,0.92000002,2023-01-16,2023-01-19,Venture Capital,male,3,United States,North America,high,low,0,NA,0,NA,NA
03c1ffe03190cffbfdee151f4face72d@prksq.com,156,0.57999998,2023-01-16,2023-01-17,Angel,male,1,United States,North America,high,low,1,referral,1,2023-01-17,1
03c54b44d5effe992643ce073a165233@prksq.com,120,1,2023-01-16,2023-01-16,Venture Capital,female,1,United States,North America,low,low,0,NA,0,NA,NA
03e6242ac3b2add81ecfdd8f18fc0215@prksq.com,158,0.5,2023-01-16,2023-01-19,Angel,male,1,United States,North America,high,low,1,referral,1,2023-01-20,1
03e7af140fe2a594c30c02570c098d3b@prksq.com,761,0.82999998,2023-01-16,2023-01-17,Angel,male,3,United States,North America,high,low,0,NA,0,NA,NA
03ef8c05ae4c877423e80b303fb1669a@prksq.com,256,1,2023-01-16,2023-01-18,Angel,male,1,United States,North America,high,low,0,NA,0,NA,NA
04071a26200331924671f31bdbeccabf@prksq.com,58,0.25,2023-01-16,2023-01-18,Angel,male,1,United States,North America,low,high,1,more info/clarification,1,2023-01-18,1
0407dd8cc1920dfc02af9325cf5ae1d3@prksq.com,135,0.57999998,2023-01-16,2023-01-16,Angel,male,1,United States,North America,low,low,1,more info/clarification,1,2023-01-17,1
040d5879f1a607f9f82f2f81518653da@prksq.com,29,0.079999998,2023-01-16,2023-01-16,Angel,male,1,United States,North America,low,low,0,NA,0,NA,NA
041a80e020f9f35ad33624f22f3a20b9@prksq.com,151,0.92000002,2023-01-16,2023-01-18,Angel,male,2,United States,North America,low,high,0,NA,0,NA,NA
0442e6d3c2252a818e713aee0b398e13@prksq.com,196,0.82999998,2023-01-16,2023-01-18,Angel,male,1,United States,North America,low,high,0,NA,0,NA,NA
046536075e4e509921f0dfac4c9943ad@prksq.com,214,1,2023-01-16,2023-01-19,Angel,male,1,United States,North America,high,high,1,updates,1,2023-01-19,1
0465d248f8063aa5d43c09e95fdb50ce@prksq.com,325,0.41999999,2023-01-16,2023-01-19,Venture Capital,female,5,United States,North America,low,high,1,more info/clarification,1,2023-01-20,1
04664cb22fe2a7a12ed7a66f17b45e5a@prksq.com,189,0.92000002,2023-01-16,2023-01-18,Angel,male,1,United Kingdom,Europe and Central Asia,low,high,1,more info/clarification,1,2023-01-18,1
04725b99a15109979e44ae228ae95019@prksq.com,46,0.57999998,2023-01-16,2023-01-18,Angel,male,1,United States,North America,high,low,0,NA,0,NA,NA
0495988e864b300bc74e9eddb42b2730@prksq.com,81,0.82999998,2023-01-16,2023-01-16,Venture Capital,male,1,United States,North America,low,low,1,more info/clarification,1,2023-01-16,1
04a1fd7ecdabba35de4682087da550ae@prksq.com,24,0.079999998,2023-01-16,2023-01-16,Angel,male,1,India,South Asia,low,low,0,NA,0,NA,NA
04a632ca5b1e74b087ec65b0b560886d@prksq.com,15,0.17,2023-01-16,2023-01-19,Angel,female,1,United States,North America,high,high,0,NA,0,NA,NA
04d0b089ee0c91f95c3072812d0d2d6f@prksq.com,37,0.5,2023-01-16,2023-01-17,Angel,male,1,United States,North America,high,high,0,NA,0,NA,NA
04db6492a54cbca71d3bc40e0fb41da8@prksq.com,242,0.75,2023-01-16,2023-01-18,Angel,male,1,United States,North America,low,high,1,more info/clarification,1,2023-01-18,1
04fd09dd85d5f17d7f15c6d5652a5dc9@prksq.com,222,0.41999999,2023-01-16,2023-01-19,Angel,male,1,United States,North America,low,low,0,NA,0,NA,NA
0515bf03559fcc9481a664d13597b005@prksq.com,200,1,2023-01-16,2023-01-20,Angel,male,1,United States,North America,high,low,0,NA,0,NA,NA
0534b1e60cadc31dedda076c242ff654@prksq.com,195,0.33000001,2023-01-18,2023-01-21,Angel,male,1,Canada,North America,high,low,0,NA,0,NA,NA
054afd8d8a4608bc07b825385671019d@prksq.com,249,0.92000002,2023-01-16,2023-01-16,Venture Capital,male,1,United States,North America,low,low,0,NA,0,NA,NA
0560be9b86d181df266a32acabe6d1b2@prksq.com,106,0.92000002,2023-01-16,2023-01-17,Angel,female,1,United States,North America,low,high,0,NA,0,NA,NA
05caa70e3b74214a49113796a24e0a11@prksq.com,15,0.75,2023-01-19,2023-01-19,Angel,male,1,United States,North America,low,high,0,NA,0,NA,NA
05d63ed55198f20cdc253f3bc24e6863@prksq.com,348,1,2023-01-16,2023-01-20,Angel,male,1,United States,North America,high,low,0,NA,0,NA,NA
061dfeccb0124535755cd2bafae453c1@prksq.com,94,1,2023-01-19,2023-01-22,Angel,female,1,United States,North America,low,low,0,NA,0,NA,NA
063cd9d867df3d67b24a71846f912442@prksq.com,3,0.67000002,2023-01-16,2023-01-19,Venture Capital,male,1,Germany,Europe and Central Asia,high,low,0,NA,0,NA,NA
06610cf1ad8565cde91a5cdec5391612@prksq.com,96,0.82999998,2023-01-16,2023-01-18,Angel,male,1,United Kingdom,Europe and Central Asia,low,low,0,NA,0,NA,NA
06656e3f44d760904dc41e01e648312e@prksq.com,160,1,2023-01-16,2023-01-19,Angel,male,1,United States,North America,high,high,0,NA,0,NA,NA
069f9c32f866bef67f2d44489348f680@prksq.com,8,0.079999998,2023-01-18,2023-01-21,Angel,male,2,United States,North America,low,high,0,NA,0,NA,NA
06b75f2303602c2c20fb822aea785da0@prksq.com,362,1,2023-01-18,2023-01-20,Angel,male,1,United States,North America,low,high,0,NA,0,NA,NA
06d0bab8560be0321a5f8efeae922e70@prksq.com,51,0.92000002,2023-01-18,2023-01-18,Angel,male,1,United States,North America,high,low,0,NA,0,NA,NA
071623d1b68c6fbfea266be56b99ee32@prksq.com,17,0.92000002,2023-01-16,2023-01-16,Angel,male,1,United States,North America,high,high,0,NA,0,NA,NA
071d34064d3e51061e07ec89a4e65a6b@prksq.com,230,0.33000001,2023-01-18,2023-01-20,Angel,male,1,United States,North America,high,low,0,NA,0,NA,NA
076b49d4bec27f896f7407a5999bc87b@prksq.com,135,0.75,2023-01-18,2023-01-21,Venture Capital,male,1,United States,North America,low,low,1,more info/clarification,1,2023-01-21,1
079d92db39261e29e498c2c5b16738ee@prksq.com,206,0.57999998,2023-01-16,2023-01-18,Venture Capital,male,1,United States,North America,low,low,0,NA,0,NA,NA
07b3e6598c23309a8813e3bb17e60edf@prksq.com,198,0.5,2023-01-19,2023-01-21,Angel,male,1,United States,North America,high,high,0,NA,0,NA,NA
07e6eec3837d8dcc3697d3623747c36b@prksq.com,140,0.82999998,2023-01-18,2023-02-03,Angel,male,1,United States,North America,low,low,0,NA,0,NA,NA
07f7ba0cffc638de626a4467e1e9f61e@prksq.com,14,1,2023-01-18,2023-01-20,Angel,male,1,United States,North America,high,low,0,NA,0,NA,NA
07f8ad335a48c09405785ed53c193444@prksq.com,311,1,2023-01-16,2023-01-19,Angel,male,1,United States,North America,high,low,0,NA,0,NA,NA
07fc4171cc8d1a471bf4f3e4e516a68a@prksq.com,4,1,2023-01-18,2023-01-20,Venture Capital,male,2,United States,North America,high,high,1,updates,1,2023-01-20,1
0812576379ca53c86f5c400f6f261729@prksq.com,134,1,2023-01-18,2023-01-20,Angel,male,2,United States,North America,high,high,0,NA,0,NA,NA
083c0f7026e93e54e125db4cfa5ab824@prksq.com,172,0.57999998,2023-01-18,2023-01-21,Venture Capital,male,3,United States,North America,low,high,0,NA,0,NA,NA
08411b6be156d2598dd0a02bbd62e35e@prksq.com,130,0.57999998,2023-01-16,2023-01-18,Angel,male,2,United States,North America,low,low,0,NA,0,NA,NA
084dfb46fe0fea00959d9c4da71fab4d@prksq.com,254,0.41999999,2023-01-18,2023-01-18,Angel,male,1,United States,North America,high,high,1,updates,1,2023-01-18,1
086bf5bdf95ca86fc3eb1bc3be51e026@prksq.com,216,1,2023-01-16,2023-01-16,Angel,male,1,United Kingdom,Europe and Central Asia,low,high,0,NA,0,NA,NA
0893b3f55852590e912aca708cc5d08b@prksq.com,305,1,2023-01-18,2023-01-18,Angel,male,1,United States,North America,low,high,0,NA,0,NA,NA
089f5ce7554b5420a02592814281f70b@prksq.com,321,0.75,2023-01-19,2023-01-23,Angel,male,1,United States,North America,high,low,1,referral,1,2023-01-23,1
08ac0f447851737d3856a43c44f3bd30@prksq.com,182,0.92000002,2023-01-18,2023-01-23,Angel,male,1,United Kingdom,Europe and Central Asia,low,low,0,NA,0,NA,NA
08b4ae0161c6c80bbab5b9bc79c6d965@prksq.com,150,0.33000001,2023-01-16,2023-01-17,Angel,male,1,United States,North America,low,low,0,NA,0,NA,NA
08bdb763d5a7905f82fed346d09cbecf@prksq.com,311,0.92000002,2023-01-18,2023-01-20,Venture Capital,male,4,United Kingdom,Europe and Central Asia,high,high,0,NA,0,NA,NA
08f8009371bcd1a91a2cee1fb6a3a6fd@prksq.com,420,1,2023-01-16,2023-01-18,Venture Capital,male,3,United States,North America,high,high,1,updates,1,2023-01-19,1
08f8bdd726814e2dda38ea8ab10222d8@prksq.com,260,1,2023-01-16,2023-01-20,Angel,female,1,United States,North America,low,high,1,more info/clarification,1,2023-01-20,1
091a0418c996d0f5bf490b13aa2be17b@prksq.com,40,1,2023-01-16,2023-01-16,Angel,male,1,United States,North America,low,low,0,NA,0,NA,NA
0923b9fd8be453c471072e13e837a7a6@prksq.com,27,0.079999998,2023-01-18,2023-01-21,Angel,male,1,United States,North America,low,low,1,more info/clarification,1,2023-01-21,1
092c9158c809f104b8d4fe6fc74e9905@prksq.com,29,0.92000002,2023-01-18,2023-01-19,Angel,male,1,United Kingdom,Europe and Central Asia,high,low,1,referral,1,2023-01-22,1
0963ca4a1966663062b5106251ff5262@prksq.com,70,0.5,2023-01-18,2023-01-21,Angel,male,2,United States,North America,high,low,1,referral,1,2023-01-21,1
097f41d0f30caa4cad57d2a2834d4dab@prksq.com,71,1,2023-01-18,2023-01-19,Angel,male,1,United States,North America,low,high,0,NA,0,NA,NA
0987180842046a303415045ea484cfd9@prksq.com,67,1,2023-01-16,2023-01-18,Venture Capital,male,3,United States,North America,high,low,0,NA,0,NA,NA
09929f1353e05abb2895f2d8a48f204e@prksq.com,47,0.92000002,2023-01-16,2023-01-19,Angel,male,1,United States,North America,low,low,1,more info/clarification,1,2023-01-19,1
09b2dff64b0831638fb355a23d8a2c3b@prksq.com,218,0.33000001,2023-01-18,2023-01-21,Angel,male,1,United States,North America,high,low,0,NA,0,NA,NA
09bb5fe532341d7f237de5a376e2e4b2@prksq.com,176,0.92000002,2023-01-18,2023-01-20,Venture Capital,male,3,United States,North America,low,low,0,NA,0,NA,NA
09bff3c667fd6f1bdaa21ad0dae77329@prksq.com,107,1,2023-01-18,2023-01-21,Angel,male,2,United States,North America,low,high,0,NA,0,NA,NA
09c19a34c54e17b4ebb041df94462fa8@prksq.com,33,0.92000002,2023-01-19,2023-01-23,Angel,male,1,Singapore,East Asia and Pacific,low,high,0,NA,0,NA,NA
09cb14776578931dfb730c12a790249c@prksq.com,258,0.67000002,2023-01-18,2023-01-20,Angel,male,2,United States,North America,low,low,0,NA,0,NA,NA
0a0950873e1bcee0d450bee6bcf01357@prksq.com,44,1,2023-01-16,2023-01-17,Venture Capital,male,1,United States,North America,high,high,0,NA,0,NA,NA
0a375f2fda1f8800b5df96c5a377e192@prksq.com,236,0.82999998,2023-01-16,2023-01-19,Angel,male,1,United States,North America,high,low,0,NA,0,NA,NA
0a54a8b762b3487e10059fccdbea51d4@prksq.com,6,0.25,2023-01-18,2023-01-19,Angel,male,1,United States,North America,low,low,0,NA,0,NA,NA
0a6c56e31399de0a6d00726fb7db8397@prksq.com,227,0.92000002,2023-01-18,2023-01-19,Angel,male,1,United States,North America,high,high,0,NA,0,NA,NA
0a7c33e3b4d5613bda6c91e5e3974909@prksq.com,21,0.079999998,2023-01-19,2023-01-20,Angel,male,1,United States,North America,low,low,1,more info/clarification,1,2023-01-20,1
0a7f3941ad1c5683ec829d8def22b28e@prksq.com,73,0.33000001,2023-01-19,2023-01-20,Angel,male,5,Israel,Middle East and North Africa,high,high,1,updates,1,2023-01-21,1
0a8ad37aebafd7ab353958b22b98203b@prksq.com,28,0.41999999,2023-01-19,2023-01-21,Angel,male,1,United States,North America,high,low,0,NA,0,NA,NA
0a94d95e8246702dc042eda88364baba@prksq.com,81,0.82999998,2023-01-19,2023-01-20,Angel,male,1,India,South Asia,high,low,0,NA,0,NA,NA
0a982930955d7d75b346da9e03012787@prksq.com,45,0.41999999,2023-01-19,2023-01-23,Angel,male,1,United States,North America,high,low,0,NA,0,NA,NA
0a9bf78fa4d1595676b9c8b4b2876a25@prksq.com,25,0.5,2023-01-19,2023-01-19,Angel,male,2,United States,North America,low,low,0,NA,0,NA,NA
0aa1063a2194c635d2f7f98bc43906c4@prksq.com,115,0.82999998,2023-01-19,2023-01-21,Venture Capital,male,5,United States,North America,low,high,0,NA,0,NA,NA
0aad4499b33e7f571242791cf2d63eaa@prksq.com,17,0.92000002,2023-01-19,2023-01-19,Angel,male,1,United States,North America,high,low,1,referral,1,2023-01-20,1
0aae314ded08feeee4d9e1368a936f3d@prksq.com,33,0.92000002,2023-01-19,2023-01-20,Angel,male,1,United States,North America,low,high,0,NA,0,NA,NA
0ad6dcfceccdf9a354fc50a521eb2886@prksq.com,229,1,2023-01-20,2023-01-21,Angel,female,2,United States,North America,low,low,0,NA,0,NA,NA
0adec7d6659cb4821203dc1780aec84e@prksq.com,73,0.92000002,2023-01-19,2023-01-21,Angel,male,5,India,South Asia,low,high,0,NA,0,NA,NA
0b037ca5f8d7723df25f713109661536@prksq.com,166,0.92000002,2023-01-19,2023-01-19,Angel,male,1,United States,North America,high,high,0,NA,0,NA,NA
0b0cec286cc1ddae70148bcb391844b8@prksq.com,16,0.57999998,2023-01-19,2023-01-22,Angel,female,1,France,Europe and Central Asia,high,low,1,referral,1,2023-01-22,1
0b2a76d8cfabda6af457e96c3df33a2f@prksq.com,34,0.57999998,2023-01-19,2023-01-19,Angel,male,1,United Kingdom,Europe and Central Asia,high,high,0,NA,0,NA,NA
0b2beb1b6f674e17ea73285403fe2cb4@prksq.com,120,0.57999998,2023-01-20,2023-01-20,Angel,male,1,India,South Asia,low,low,0,NA,0,NA,NA
0b32a90cf246b84554806c2ec2524c06@prksq.com,8,0.67000002,2023-01-19,2023-01-22,Angel,male,1,United States,North America,high,low,0,NA,0,NA,NA
0b3eeee2c00d4e651b40ff5ec7ff0aae@prksq.com,204,0.57999998,2023-01-20,2023-01-22,Angel,male,1,United States,North America,low,high,1,more info/clarification,1,2023-01-26,1
0b4121c3dc25291e7be4d1f2bde2c8cb@prksq.com,152,0.92000002,2023-01-20,2023-01-21,Angel,male,1,United States,North America,low,high,0,NA,0,NA,NA
0b4b448d61d6b157acada0543eba4bf9@prksq.com,412,0.92000002,2023-01-20,2023-01-22,Venture Capital,male,5,United States,North America,low,high,0,NA,0,NA,NA
0b6d038621c3c5897b35b4c568b90dd6@prksq.com,51,0.079999998,2023-01-19,2023-01-19,Venture Capital,male,3,United States,North America,low,low,0,NA,0,NA,NA
0baeb1b8693b9f00476390dc43f5b28b@prksq.com,20,0.82999998,2023-01-20,2023-01-23,Angel,male,1,United States,North America,high,high,0,NA,0,NA,NA
0bc1885f0da9cc237c609ad844385b9b@prksq.com,38,0.25,2023-01-19,2023-01-20,Angel,male,1,United States,North America,low,high,0,NA,0,NA,NA
0bcef08307358f0f4704a334b001e86c@prksq.com,198,1,2023-01-19,2023-01-19,Angel,female,1,United States,North America,low,high,0,NA,0,NA,NA
0bd7a29380f32a5e0d9f9658ce8bf795@prksq.com,315,0.75,2023-01-19,2023-01-21,Angel,male,2,United Kingdom,Europe and Central Asia,high,low,0,NA,0,NA,NA
0bdc3eead549b07c60c912d44537782f@prksq.com,66,0.75,2023-01-19,2023-01-24,Angel,male,1,United States,North America,low,high,0,NA,0,NA,NA
0be0bdb118323e132ad8577bbe79a1ac@prksq.com,69,0.75,2023-01-20,2023-01-20,Angel,male,1,United States,North America,low,high,0,NA,0,NA,NA
0be4c796f797512a8f0bcaa2cc8631bc@prksq.com,570,0.57999998,2023-01-19,2023-01-20,Angel,male,1,United States,North America,high,low,1,more info/clarification,1,2023-01-22,1
0be6b1e9f4234e0e87c4760425cfdd80@prksq.com,42,0.92000002,2023-01-20,2023-01-21,Angel,male,1,United States,North America,low,low,0,NA,0,NA,NA
0c2f148365fad85229c1a094492545a5@prksq.com,24,0.75,2023-01-19,2023-01-22,Angel,male,1,United States,North America,low,high,0,NA,0,NA,NA
0c347722bf85d1548dc1de1ab450a9a6@prksq.com,316,0.33000001,2023-01-19,2023-01-21,Venture Capital,male,5,United States,North America,high,high,0,NA,0,NA,NA
0c45b977d63e821df5416b6364e90fc3@prksq.com,15,0.57999998,2023-01-19,2023-01-21,Angel,male,2,India,South Asia,low,low,0,NA,0,NA,NA
0c6e52096b6fc8f7852bad488052b6c1@prksq.com,22,0.82999998,2023-01-19,2023-01-19,Angel,male,1,United States,North America,low,high,0,NA,0,NA,NA
0c7ba28d848cc48bbd2b0ca4c5ea8d14@prksq.com,14,1,2023-01-19,2023-01-21,Angel,male,1,United States,North America,high,low,0,NA,0,NA,NA
0c938748e98be3daf653d7d5cdbd272c@prksq.com,343,0.82999998,2023-01-19,2023-01-21,Angel,male,1,United States,North America,high,low,0,NA,0,NA,NA
0c96651bb941fa42328e8c32e0367be7@prksq.com,128,0.67000002,2023-01-19,2023-01-19,Angel,male,1,United States,North America,high,high,0,NA,0,NA,NA
0c9c5ef67d39b42e488d5c67c90eb4a4@prksq.com,274,0.75,2023-01-20,2023-01-22,Venture Capital,female,5,France,Europe and Central Asia,low,high,0,NA,0,NA,NA
0c9fcd56299efb4b10b9d8615d9b8e7b@prksq.com,57,0.82999998,2023-01-20,2023-01-20,Angel,male,1,United States,North America,low,low,1,more info/clarification,1,2023-01-22,1
0cb4e70bbdb250a6b8c0a925d9d0dff8@prksq.com,735,1,2023-01-19,2023-01-19,Angel,male,1,United States,North America,low,high,0,NA,0,NA,NA
0cbf1d0f52088e769bbe6bbf68a21247@prksq.com,394,1,2023-01-19,2023-01-19,Angel,male,1,United States,North America,low,high,0,NA,0,NA,NA
0cc6b1624029f2f4330dddfd77b01f03@prksq.com,471,0.67000002,2023-01-19,2023-01-19,Angel,male,1,India,South Asia,high,low,0,NA,0,NA,NA
0cd09c5e98e5846e379aeba30bee5659@prksq.com,373,1,2023-01-19,2023-01-22,Angel,male,1,United States,North America,high,low,1,more info/clarification,1,2023-01-24,1
0cd3d93ce63e6c2be806bab857b36dcd@prksq.com,16,0.5,2023-01-19,2023-01-22,Angel,male,1,United States,North America,low,low,1,more info/clarification,1,2023-01-22,1
0cfc444714ad3e79a8d3d99faa4f3afd@prksq.com,163,0.25,2023-01-20,2023-01-22,Angel,male,2,United States,North America,high,low,0,NA,0,NA,NA
0d1f3a67ab4bd373c12dccc7f674b7ff@prksq.com,63,0.57999998,2023-01-19,2023-01-19,Angel,male,1,United States,North America,high,high,0,NA,0,NA,NA
0d24be520df7a354ed120907f3eb4f5f@prksq.com,21,0.079999998,2023-01-19,2023-01-22,Angel,male,1,United States,North America,low,low,0,NA,0,NA,NA
0d2ab09b2f3e14c630bc69e2cb029485@prksq.com,69,0.92000002,2023-01-19,2023-01-19,Angel,male,1,United States,North America,high,low,1,more info/clarification,1,2023-01-20,1
0d32248da956d521a58964ea98d5b1eb@prksq.com,29,0.079999998,2023-01-20,2023-01-23,Venture Capital,male,4,United States,North America,low,low,0,NA,0,NA,NA
0d5f69615eacddb0b33da2151e316087@prksq.com,117,0.41999999,2023-01-19,2023-01-19,Angel,male,1,United States,North America,low,high,1,more info/clarification,1,2023-01-19,1
0d6180890236001912c974a98764a560@prksq.com,53,0.82999998,2023-01-19,2023-01-20,Angel,male,1,Germany,Europe and Central Asia,low,high,1,more info/clarification,1,2023-01-20,1
0d64ec1f5c351536ab3f1f0ae5c00526@prksq.com,253,0.92000002,2023-01-19,2023-01-20,Angel,male,1,United States,North America,low,high,0,NA,0,NA,NA
0d983e49728dbdac3420a74766b829d3@prksq.com,5,0.17,2023-01-19,2023-01-19,Venture Capital,male,1,United States,North America,low,high,0,NA,0,NA,NA
0da443154fefa57498ab07e966b5aa9d@prksq.com,510,1,2023-01-19,2023-01-19,Angel,male,2,United States,North America,low,high,0,NA,0,NA,NA
0db8fb14f0846e25798959250f1a3a66@prksq.com,60,0.17,2023-01-19,2023-01-19,Angel,male,1,United States,North America,low,low,0,NA,0,NA,NA
0dc2789c04753f8030aff946704066ae@prksq.com,451,0.33000001,2023-01-19,2023-01-22,Angel,male,1,United States,North America,low,high,0,NA,0,NA,NA
0e0257427fc06b6ba3e35b5f20c8093b@prksq.com,75,0.25,2023-01-19,2023-01-23,Angel,male,1,United States,North America,low,low,0,NA,0,NA,NA
0e2ad4a3941eaa9d7295703b4f85fbca@prksq.com,58,0.67000002,2023-01-19,2023-01-21,Angel,male,5,United States,North America,low,low,0,NA,0,NA,NA
0e61371c12badb4cc7a5dbb49369b828@prksq.com,88,0.75,2023-01-19,2023-01-19,Angel,male,1,Singapore,East Asia and Pacific,low,low,0,NA,0,NA,NA
0e62bf967449a7eb8d26ac6d22e8125b@prksq.com,34,0.25,2023-01-19,2023-01-19,Angel,male,1,United States,North America,low,high,0,NA,0,NA,NA
0e7807dd079cfa471e6facdd44ff6542@prksq.com,12,0.82999998,2023-01-19,2023-01-22,Venture Capital,male,2,United States,North America,high,low,0,NA,0,NA,NA
0e9eeef2c8c1210167c06d9f0d4eda82@prksq.com,24,0.079999998,2023-01-19,2023-01-19,Angel,male,1,United States,North America,high,high,0,NA,0,NA,NA
0ea0f22602fc57bdc476d42cfb71ced4@prksq.com,111,0.92000002,2023-01-19,2023-01-20,Angel,male,1,United States,North America,high,low,0,NA,0,NA,NA
0ea71be36fd03d5a17b520460a3485c5@prksq.com,234,0.57999998,2023-01-19,2023-01-20,Angel,male,1,United States,North America,high,high,0,NA,0,NA,NA
0eae1d8357938cf764bb767a2b187083@prksq.com,46,0.25,2023-01-19,2023-01-22,Angel,male,1,United Kingdom,Europe and Central Asia,low,high,0,NA,0,NA,NA
0ec13738d8c1947eb7672d0756c1a35c@prksq.com,24,0.25,2023-01-20,2023-01-20,Angel,female,1,United States,North America,high,high,0,NA,0,NA,NA
0ec2921d977b808ac7aebfb7cf421c20@prksq.com,41,0.57999998,2023-01-19,2023-01-19,Angel,male,1,United States,North America,low,low,0,NA,0,NA,NA
0ef4135bb99f3b5aadfa0f16b316fe96@prksq.com,227,0.92000002,2023-01-19,2023-01-21,Angel,male,1,United States,North America,low,low,0,NA,0,NA,NA
0f040d2665c9f8425aaefa3dc6ba1927@prksq.com,30,0.25,2023-01-19,2023-01-19,Angel,male,1,United Kingdom,Europe and Central Asia,high,high,0,NA,0,NA,NA
0f08ebf8b596666df5a7623a3a75ff3e@prksq.com,22,0.079999998,2023-01-19,2023-01-23,Angel,male,1,France,Europe and Central Asia,low,low,0,NA,0,NA,NA
0f0e6da9af95c88d8447c139edc9b3db@prksq.com,136,1,2023-01-19,2023-01-20,Angel,male,1,United States,North America,high,low,1,more info/clarification,1,2023-01-20,1
0f0f022a4b36716db43988f284ef8241@prksq.com,19,0.5,2023-01-19,2023-01-19,Angel,male,2,United Kingdom,Europe and Central Asia,high,high,0,NA,0,NA,NA
0f10c2a35ec344dae8976ae5966f1334@prksq.com,372,0.82999998,2023-01-19,2023-01-19,Angel,male,1,United States,North America,high,low,0,NA,0,NA,NA
0f3999d56aa600c12450b7d2dc89544c@prksq.com,33,0.67000002,2023-01-19,2023-01-19,Angel,male,2,United Kingdom,Europe and Central Asia,high,low,0,NA,0,NA,NA
0f41457b166b53545a36741aea835161@prksq.com,31,0.67000002,2023-01-19,2023-01-20,Angel,male,1,United States,North America,high,low,0,NA,0,NA,NA
0f4911cab5df458d6be8f19fe12dfd50@prksq.com,281,1,2023-01-19,2023-01-21,Angel,male,2,United States,North America,high,low,0,NA,0,NA,NA
0f81b4252b1ee2298957148a8a7494e6@prksq.com,380,0.67000002,2023-01-20,2023-01-22,Angel,male,1,United States,North America,low,high,0,NA,0,NA,NA
0f9440840dae83e0f507c1566f36939d@prksq.com,109,1,2023-01-20,2023-01-24,Angel,male,1,United States,North America,low,high,0,NA,0,NA,NA
0f989e11a8bd8f60076584eb605c8ab2@prksq.com,333,1,2023-01-21,2023-01-25,Angel,male,2,United States,North America,low,high,1,more info/clarification,1,2023-01-25,1
0f9b83916d237b203a1e8874dde19a38@prksq.com,40,0.33000001,2023-01-20,2023-01-22,Venture Capital,male,2,United States,North America,low,high,0,NA,0,NA,NA
0fb5bc1be11784fc0b3539230ba8a87d@prksq.com,254,0.92000002,2023-01-20,2023-01-21,Venture Capital,male,2,United States,North America,high,low,1,more info/clarification,1,2023-01-21,1
0fe42f5119666dfb9d44c31c94116c57@prksq.com,9,0.92000002,2023-01-20,2023-01-21,Angel,male,1,United States,North America,high,high,0,NA,0,NA,NA
0ff3cf9438ec1d37fef4bab2b71d11af@prksq.com,1376,1,2023-01-20,2023-01-20,Angel,male,1,United States,North America,high,high,0,NA,0,NA,NA
10090b3880c5406f3d6a1ce9c998eade@prksq.com,40,0.92000002,2023-01-20,2023-01-25,Angel,male,1,Germany,Europe and Central Asia,high,high,0,NA,0,NA,NA
100964cd9fcd90bfef105202cf43cba6@prksq.com,345,0.67000002,2023-01-20,2023-01-21,Angel,male,1,United States,North America,high,high,0,NA,0,NA,NA
100fab7342792aba82df95d38827eb2a@prksq.com,58,0.82999998,2023-01-21,2023-01-22,Angel,male,1,United States,North America,high,low,1,more info/clarification,1,2023-01-22,1
1011e68a1429086e9f0a47160798e56d@prksq.com,11,0.75,2023-01-20,2023-01-25,Venture Capital,male,1,United States,North America,high,low,0,NA,0,NA,NA
1016186efc3510fd3a5b9d33ef51f4cc@prksq.com,146,0.33000001,2023-01-20,2023-01-22,Angel,female,1,United Kingdom,Europe and Central Asia,high,low,1,more info/clarification,1,2023-01-22,1
102953d0fcf41fd56faf04066d09fe16@prksq.com,65,1,2023-01-20,2023-01-22,Angel,male,1,United States,North America,low,high,0,NA,0,NA,NA
1033ebc63d7bccc2925c2ce8787b6cbc@prksq.com,300,0.57999998,2023-01-20,2023-01-22,Angel,male,1,Canada,North America,high,low,0,NA,0,NA,NA
1034edeafd8a3a372d19601bbb14eedc@prksq.com,73,0.57999998,2023-01-21,2023-01-22,Angel,male,1,United States,North America,low,low,0,NA,0,NA,NA
103f9c29becfb7389331554f23ac9e5e@prksq.com,166,0.57999998,2023-01-20,2023-01-21,Angel,male,1,United States,North America,high,high,0,NA,0,NA,NA
104b5a1f2a17c99502d95625a6529182@prksq.com,115,1,2023-01-20,2023-01-23,Angel,male,2,Canada,North America,low,high,0,NA,0,NA,NA
105754434d15619417ade5c6996af505@prksq.com,81,0.75,2023-01-20,2023-01-20,Angel,male,1,United States,North America,low,low,0,NA,0,NA,NA
105ab365826d42a19c3ab5e6b678ce5c@prksq.com,188,1,2023-01-21,2023-01-24,Angel,female,3,United States,North America,high,low,0,NA,0,NA,NA
1074982b6d9ced5c3d0aa80f8c62ad6e@prksq.com,157,0.5,2023-01-20,2023-01-21,Venture Capital,male,2,United States,North America,high,low,0,NA,0,NA,NA
1079ec23408d8db5b21274e1603c16ed@prksq.com,18,0.5,2023-01-20,2023-01-23,Angel,male,1,United States,North America,high,high,0,NA,0,NA,NA
1081d79bf0a9ec5ece5350fa3007f38c@prksq.com,199,0.82999998,2023-01-21,2023-01-24,Angel,female,1,United States,North America,high,low,0,NA,0,NA,NA
108c467894004d1cbead946d788df352@prksq.com,402,0.92000002,2023-01-21,2023-01-26,Venture Capital,male,5,United States,North America,low,high,1,more info/clarification,1,2023-01-26,1
10908ae07043924850f158a2b56b18cd@prksq.com,212,0.33000001,2023-01-20,2023-01-21,Angel,male,1,United States,North America,low,high,1,more info/clarification,1,2023-01-22,1
1091b38450b8d55993f5b85d1c1e2bf0@prksq.com,374,0.5,2023-01-20,2023-01-22,Venture Capital,male,5,United Kingdom,Europe and Central Asia,high,high,0,NA,0,NA,NA
10b10bf4e9175ea53ebdb47f57e71a02@prksq.com,66,0.33000001,2023-01-20,2023-01-20,Angel,male,1,United States,North America,low,low,0,NA,0,NA,NA
10bb9f4e4ea5ad49feb783a8fb636ed1@prksq.com,149,0.33000001,2023-01-20,2023-01-21,Venture Capital,female,2,China,East Asia and Pacific,low,high,0,NA,0,NA,NA
10db728fcbfb4aa08f194c1ec80971e6@prksq.com,270,0.75,2023-01-20,2023-01-21,Angel,male,1,United Kingdom,Europe and Central Asia,low,high,0,NA,0,NA,NA
10f4a34ccd771830ea5e7b78864aeacb@prksq.com,164,0.5,2023-01-20,2023-01-22,Angel,male,1,United States,North America,low,low,0,NA,0,NA,NA
10f87793813d7a7da8762702e0d4e28f@prksq.com,8,1,2023-01-20,2023-01-22,Angel,male,1,United States,North America,low,low,1,more info/clarification,1,2023-01-23,1
10fb67a98e98596efb39b7b91a5bdf11@prksq.com,60,0.17,2023-01-20,2023-01-21,Angel,male,1,United States,North America,low,low,0,NA,0,NA,NA
1133c8cb42a1930484d693f4654eba12@prksq.com,38,0.41999999,2023-01-20,2023-01-21,Venture Capital,male,2,France,Europe and Central Asia,high,low,0,NA,0,NA,NA
115533a8b98596fb5034fc7fa1df6e72@prksq.com,20,0.25,2023-01-20,2023-01-23,Venture Capital,male,2,United States,North America,low,low,0,NA,0,NA,NA
115d259c958a7c88fa9ce18a461c68ff@prksq.com,269,0.25,2023-01-20,2023-01-21,Angel,male,1,United States,North America,high,low,0,NA,0,NA,NA
11630bf215542b23a6b549e7b7308627@prksq.com,149,0.75,2023-01-21,2023-01-21,Angel,male,1,United States,North America,high,high,0,NA,0,NA,NA
1186199fdc676b8c8cc1b254e0c8a773@prksq.com,266,0.57999998,2023-01-20,2023-01-20,Angel,male,1,India,South Asia,low,low,0,NA,0,NA,NA
118e87bc9f8e80185b16222009ee3331@prksq.com,297,0.41999999,2023-01-21,2023-01-23,Venture Capital,male,4,United Kingdom,Europe and Central Asia,low,high,0,NA,0,NA,NA
119cc4b19e6a7135c3b2bd62252029dd@prksq.com,272,1,2023-01-21,2023-01-23,Venture Capital,female,4,United States,North America,high,high,1,updates,1,2023-01-24,1
11c818f4a491dfede76fccad70d50fcc@prksq.com,24,0.41999999,2023-01-20,2023-01-21,Angel,male,2,United States,North America,low,low,0,NA,0,NA,NA
11e48dbefa47e88aea88424879861a08@prksq.com,205,0.57999998,2023-01-20,2023-01-22,Angel,female,1,United States,North America,low,high,0,NA,0,NA,NA
11ef9e56c63774209c284a6af05bf96f@prksq.com,253,1,2023-01-20,2023-01-21,Venture Capital,male,2,Israel,Middle East and North Africa,low,low,0,NA,0,NA,NA
11f123c8371cb5c69dcac11f8b877ccf@prksq.com,67,0.5,2023-01-20,2023-01-21,Venture Capital,male,2,United States,North America,low,low,0,NA,0,NA,NA
120189d7a3ff300005c812edd05fdbb0@prksq.com,380,0.57999998,2023-01-20,2023-01-21,Venture Capital,male,2,United States,North America,high,high,0,NA,0,NA,NA
12098447fc4b61585db25a4682b57e76@prksq.com,3,1,2023-01-21,2023-01-22,Angel,male,1,Germany,Europe and Central Asia,low,high,0,NA,0,NA,NA
1209ec358a76da7f47726cf6e92e2bb8@prksq.com,14,0.25,2023-01-21,2023-01-24,Angel,male,1,United States,North America,low,low,1,more info/clarification,1,2023-01-24,1
120db22e379c156832cad9584c3c0296@prksq.com,409,1,2023-01-20,2023-01-20,Venture Capital,male,5,United Kingdom,Europe and Central Asia,high,low,0,NA,0,NA,NA
12223d395bb83dad56121eb9e0fe3771@prksq.com,234,1,2023-01-21,2023-01-22,Angel,female,2,United States,North America,high,high,0,NA,0,NA,NA
1222eaf4a4a780906d2bb05e1987ffe6@prksq.com,6,0.5,2023-01-20,2023-01-24,Angel,female,1,United States,North America,high,low,0,NA,0,NA,NA
122b75431f09f375cc6ed1d8df94c445@prksq.com,331,0.92000002,2023-01-20,2023-01-20,Angel,male,1,Canada,North America,low,high,0,NA,0,NA,NA
12378ca9b07f6672f65590080fe7aa21@prksq.com,8,0.75,2023-01-21,2023-01-23,Angel,male,1,United States,North America,low,low,0,NA,0,NA,NA
123a8f2c9575b9907be2e02401033ac9@prksq.com,243,0.57999998,2023-01-21,2023-01-22,Angel,male,1,United States,North America,high,low,1,more info/clarification,1,2023-01-24,1
1241f61b7cff148fffb5144b4182620e@prksq.com,21,0.75,2023-01-20,2023-01-23,Angel,male,1,United States,North America,low,high,0,NA,0,NA,NA
126af931560393eac27f4f78b55546f7@prksq.com,491,0.92000002,2023-01-21,2023-01-25,Angel,male,1,United States,North America,low,high,0,NA,0,NA,NA
126ef03f9b9f5157b692f665976c019a@prksq.com,183,0.57999998,2023-01-20,2023-01-22,Angel,male,1,United States,North America,low,high,1,more info/clarification,1,2023-01-22,1
127732bd617597e6b4dec61fbcc5e493@prksq.com,343,1,2023-01-21,2023-01-22,Angel,male,1,United States,North America,low,high,0,NA,0,NA,NA
1277e25d6a855d23e5adff100be1449b@prksq.com,472,0.57999998,2023-01-20,2023-01-20,Angel,male,1,United States,North America,high,high,0,NA,0,NA,NA
127d49d80bec7d734aabf2f62eaf3ccf@prksq.com,117,0.82999998,2023-01-20,2023-01-21,Angel,male,1,Germany,Europe and Central Asia,high,high,0,NA,0,NA,NA
128a28ef0f5feb1b419344451bf4b20e@prksq.com,29,0.079999998,2023-01-20,2023-01-20,Angel,male,1,United States,North America,low,low,0,NA,0,NA,NA
128e1971aa9ab5733e17f5f67aa4b9b9@prksq.com,141,0.5,2023-01-20,2023-01-23,Venture Capital,male,5,United States,North America,low,high,0,NA,0,NA,NA
12ad6c875b77e95342c8d20cb7599c76@prksq.com,12,0.33000001,2023-01-20,2023-01-24,Angel,male,1,United States,North America,high,low,0,NA,0,NA,NA
12be67f0d7b63c646062d8a35f1a43d5@prksq.com,149,0.33000001,2023-01-20,2023-01-20,Angel,female,1,United States,North America,low,low,0,stage,1,2023-01-25,0
12c124e8de40e680e78851d213462985@prksq.com,123,0.75,2023-01-21,2023-01-21,Angel,male,1,United States,North America,high,high,0,NA,0,NA,NA
12f0468694d8578157c9b33f952449de@prksq.com,221,0.57999998,2023-01-20,2023-01-22,Angel,male,1,United States,North America,high,high,0,NA,0,NA,NA
130b6b179e991d0ca5be80aeb3beeaf0@prksq.com,10,0.67000002,2023-01-20,2023-01-22,Angel,male,1,United States,North America,high,high,0,NA,0,NA,NA
130e6d87870c8066f3994bad7739ea98@prksq.com,288,0.41999999,2023-01-20,2023-01-22,Angel,male,1,United States,North America,high,low,0,NA,0,NA,NA
132d9142646563be80339fec03adb571@prksq.com,189,0.92000002,2023-01-20,2023-01-20,Venture Capital,male,4,United States,North America,high,high,0,NA,0,NA,NA
1330af52f1db2d41a5b6c1fd3480ed7b@prksq.com,175,0.92000002,2023-01-20,2023-01-20,Angel,male,1,United States,North America,low,high,1,more info/clarification,1,2023-01-20,1
1331f787ab7da94978f4e595cdd938e2@prksq.com,333,0.5,2023-01-20,2023-01-20,Angel,male,1,United States,North America,low,high,0,NA,0,NA,NA
1332efafa5b5c175bffb3fdee9930b9e@prksq.com,275,0.92000002,2023-01-20,2023-01-21,Angel,male,2,United States,North America,high,low,0,NA,0,NA,NA
13330d91e330ac1e06299a75684b47f7@prksq.com,482,1,2023-01-21,2023-01-23,Angel,male,1,India,South Asia,low,high,0,NA,0,NA,NA
1343279a6e21084b52042146314dff7e@prksq.com,142,0.75,2023-01-21,2023-01-23,Angel,male,1,United States,North America,low,low,0,NA,0,NA,NA
134d1ca373ee5b3263a30b222e351366@prksq.com,196,0.25,2023-01-21,2023-01-24,Angel,male,2,United States,North America,low,low,0,stage,1,2023-01-24,0
135b06f72d7ee970d7cd5f741f66c849@prksq.com,117,0.17,2023-01-20,2023-01-20,Venture Capital,male,5,United States,North America,low,high,0,NA,0,NA,NA
135b34a8d2aeea3cace4adc9dce2da3f@prksq.com,72,0.57999998,2023-01-20,2023-01-22,Angel,male,1,India,South Asia,low,high,0,NA,0,NA,NA
139f99f7342cf1ccf4fee885a89d1451@prksq.com,114,0.5,2023-01-21,2023-01-21,Angel,male,1,United States,North America,low,low,0,stage,1,2023-01-23,0
13a4b5449832a1fbb917e9d19f81a9df@prksq.com,77,0.5,2023-01-21,2023-01-23,Angel,female,2,United States,North America,low,low,0,NA,0,NA,NA
13a5e0946c189fa464e638f0f50bea58@prksq.com,314,1,2023-01-21,2023-01-22,Angel,male,1,United States,North America,low,high,0,NA,0,NA,NA
13b6095596f4f22b5893268e5ad45c85@prksq.com,38,0.25,2023-01-20,2023-01-23,Angel,male,2,United States,North America,low,high,0,NA,0,NA,NA
13d70f4a0dc4d2c18c72643ca111abd2@prksq.com,101,0.33000001,2023-01-20,2023-01-20,Angel,male,1,United States,North America,low,high,0,NA,0,NA,NA
13d8ebc9a33c8aa88c99fa3c3d26cf2c@prksq.com,121,0.82999998,2023-01-20,2023-01-25,Angel,male,1,United States,North America,low,low,0,NA,0,NA,NA
13de1c90283f719b2ddb4dbe04b645ae@prksq.com,180,0.5,2023-01-20,2023-01-24,Angel,male,1,United States,North America,low,high,0,NA,0,NA,NA
13deec16d16abeb083ca2565c9828291@prksq.com,91,1,2023-01-21,2023-01-22,Venture Capital,male,7,United States,North America,low,high,0,NA,0,NA,NA
13e0220f708dbe392baa58a327058aa4@prksq.com,64,0.75,2023-01-20,2023-01-21,Venture Capital,male,1,United States,North America,high,high,0,NA,0,NA,NA
13e71ad1461e28e8b4bf1f216294a469@prksq.com,114,0.33000001,2023-01-20,2023-01-22,Angel,male,2,United States,North America,high,low,0,NA,0,NA,NA
13e72ebb7f1ad2d5e16f8a8b7b2859ed@prksq.com,68,0.5,2023-01-20,2023-01-23,Angel,male,5,France,Europe and Central Asia,low,low,0,NA,0,NA,NA
13eaf789e5f7a50b1b223e102c748250@prksq.com,244,1,2023-01-21,2023-01-26,Angel,male,1,United States,North America,low,high,1,more info/clarification,1,2023-01-26,1
13f2f275ff750b41d796145980c41fc6@prksq.com,4,0.57999998,2023-01-21,2023-01-21,Angel,male,1,United States,North America,high,high,0,NA,0,NA,NA
13f70b89494ab29b72be11420ede615a@prksq.com,132,0.82999998,2023-01-20,2023-01-22,Angel,male,1,United States,North America,high,low,1,more info/clarification,1,2023-01-22,1
13fdde2f83e1aed5c6062b892c7e3138@prksq.com,249,0.57999998,2023-01-20,2023-01-20,Angel,male,1,United States,North America,high,low,0,NA,0,NA,NA
14035098e9fd1017befb70d155d5ddeb@prksq.com,8,0.67000002,2023-01-21,2023-01-24,Angel,male,1,United States,North America,low,high,1,more info/clarification,1,2023-01-26,1
140dff1dc3b49c92ecc3a79b3b19fe32@prksq.com,190,0.33000001,2023-01-20,2023-01-23,Angel,male,1,United States,North America,low,high,0,NA,0,NA,NA
140e2f14170fe3f1c0c6e65ca4f641a4@prksq.com,416,0.75,2023-01-20,2023-01-20,Angel,male,2,United States,North America,high,high,0,NA,0,NA,NA
14242a113f2a497ae2e8dc4e351c6855@prksq.com,644,0.82999998,2023-01-20,2023-01-21,Angel,male,1,United States,North America,low,high,1,more info/clarification,1,2023-01-23,1
14497bf1c0719003ea3bb3e09b3d04b6@prksq.com,167,0.33000001,2023-01-21,2023-01-21,Angel,male,1,United States,North America,low,high,0,NA,0,NA,NA
1462d0550098f2e00a471addb9215202@prksq.com,196,0.92000002,2023-01-21,2023-01-24,Angel,male,1,United States,North America,high,high,0,NA,0,NA,NA
1463ef189d38dda56e92744adfa4b6e0@prksq.com,186,1,2023-01-21,2023-01-25,Angel,male,1,United States,North America,low,low,0,NA,0,NA,NA
14722f811ab3c7832e106e57c9710bc4@prksq.com,99,0.57999998,2023-01-21,2023-01-24,Angel,male,1,United States,North America,high,high,0,NA,0,NA,NA
1489d8d4dd90c924e4e27d25e883d845@prksq.com,7,0.67000002,2023-01-21,2023-01-24,Angel,female,1,United States,North America,high,high,1,updates,1,2023-01-24,1
1498fa92a3113a1ab86db7843994c09f@prksq.com,109,0.17,2023-01-21,2023-01-22,Venture Capital,male,5,United States,North America,low,high,0,NA,0,NA,NA
14a31545748ff5de097e0a10cf0f09c6@prksq.com,465,1,2023-01-21,2023-01-22,Venture Capital,male,71,United States,North America,high,high,0,NA,0,NA,NA
14a8d53cb1421b6503494ce3083b7d3c@prksq.com,7,0.82999998,2023-01-21,2023-01-26,Angel,female,2,United States,North America,high,high,0,NA,0,NA,NA
14b482ca2b37cd1cae6461bafeefe4b5@prksq.com,143,0.92000002,2023-01-21,2023-01-21,Angel,male,1,United States,North America,low,high,0,NA,0,NA,NA
14bfe45aaf2af34bc00525030126d1c6@prksq.com,9,0.92000002,2023-01-21,2023-01-25,Angel,male,2,United States,North America,low,high,0,NA,0,NA,NA
14d00e09bbe3cdb81e7f75e6b2650a05@prksq.com,161,0.75,2023-01-21,2023-01-24,Angel,female,2,United States,North America,low,high,0,NA,0,NA,NA
14d7ee8dec84538915bef6759aca9aa7@prksq.com,24,0.33000001,2023-01-22,2023-01-25,Angel,male,1,United States,North America,high,low,0,NA,0,NA,NA
14dce52f22d0f16a6968f55197de261b@prksq.com,23,0.57999998,2023-01-22,2023-01-24,Angel,male,1,United States,North America,low,high,0,NA,0,NA,NA
14ded95520cb45d6012f89255de9bd72@prksq.com,985,1,2023-01-21,2023-01-21,Angel,male,1,United States,North America,high,high,0,NA,0,NA,NA
14f114b0620e60936d4fe8c2cd004777@prksq.com,206,1,2023-01-22,2023-01-25,Angel,male,1,United States,North America,high,high,0,NA,0,NA,NA
15062b07bb0ff516a1db9fd508a978e9@prksq.com,124,1,2023-01-21,2023-01-21,Angel,male,2,United States,North America,low,high,1,more info/clarification,1,2023-01-21,1
152673e861cd941dab5c415e6cf78f06@prksq.com,57,0.67000002,2023-01-21,2023-01-22,Angel,male,1,Brazil,Latin America and Caribbean,high,low,0,NA,0,NA,NA
152a8ae50dc75c09a98a334f129a548a@prksq.com,214,0.75,2023-01-21,2023-01-22,Venture Capital,male,2,United States,North America,low,high,0,NA,0,NA,NA
1564f6d518273933048c1482befbeda5@prksq.com,494,0.92000002,2023-01-22,2023-01-22,Angel,male,1,United States,North America,high,high,0,NA,0,NA,NA
156ab8c3b55ca9011e90322643e3a7f6@prksq.com,46,0.92000002,2023-01-21,2023-01-25,Venture Capital,male,4,United States,North America,high,high,0,NA,0,NA,NA
1578439faccfd50522858be94c9e190b@prksq.com,591,1,2023-01-21,2023-01-21,Angel,male,1,United States,North America,low,high,0,NA,0,NA,NA
15b145835249e5755ef7c711831c78a6@prksq.com,304,1,2023-01-21,2023-01-24,Venture Capital,male,1,United States,North America,low,high,0,NA,0,NA,NA
15b64ff698171502dc4ef168cada8ca9@prksq.com,32,0.92000002,2023-01-22,2023-01-23,Angel,male,1,Brazil,Latin America and Caribbean,low,high,0,NA,0,NA,NA
15c6e53ab882d45a58711a44f1893b9c@prksq.com,5,0.079999998,2023-01-21,2023-01-23,Angel,male,2,United States,North America,low,low,0,NA,0,NA,NA
15c9ce62630616bd942e053cc3316581@prksq.com,265,1,2023-01-21,2023-01-21,Angel,male,1,United States,North America,high,high,0,NA,0,NA,NA
15d4e200a4d6b5b69f93a744b2d99b36@prksq.com,6,0.33000001,2023-01-21,2023-01-22,Venture Capital,male,3,United States,North America,high,low,1,more info/clarification,1,2023-01-23,1
15e6196253bd066bf7cd31c41b6370b5@prksq.com,5,0.75,2023-01-21,2023-01-23,Angel,male,1,United Kingdom,Europe and Central Asia,high,low,0,NA,0,NA,NA
15e994d16e96d841faabc7c1def89ceb@prksq.com,320,0.82999998,2023-01-22,2023-01-25,Venture Capital,male,3,United States,North America,low,high,0,NA,0,NA,NA
15f9e5ecc80fe2398541ce869b1da63f@prksq.com,124,1,2023-01-22,2023-01-25,Angel,male,1,United States,North America,high,high,0,NA,0,NA,NA
16005d66930e9102f216c7684a7149f3@prksq.com,26,0.33000001,2023-01-21,2023-01-21,Angel,male,1,United Kingdom,Europe and Central Asia,low,low,0,no specific reason,1,2023-01-23,0
16077e14c9994eba7eb96125703f05ee@prksq.com,19,0.41999999,2023-01-21,2023-01-22,Angel,male,1,United States,North America,high,high,0,NA,0,NA,NA
160c3bcacd4bd449fb96135b538e2e0c@prksq.com,116,0.92000002,2023-01-21,2023-01-22,Angel,male,1,United Kingdom,Europe and Central Asia,high,low,0,NA,0,NA,NA
161eff0aa278313e5deb41a89e85990d@prksq.com,168,0.41999999,2023-01-21,2023-01-23,Angel,male,1,United States,North America,high,low,0,NA,0,NA,NA
162181c06d361468125ad3e96f1070c3@prksq.com,108,0.67000002,2023-01-21,2023-01-21,Venture Capital,female,5,Singapore,East Asia and Pacific,high,low,0,NA,0,NA,NA
166678db0bc994dbaf4793be6c016e3c@prksq.com,113,0.25,2023-01-21,2023-01-21,Angel,male,1,United States,North America,high,low,0,NA,0,NA,NA
16737cc196515a0600efce8136e8e05a@prksq.com,98,0.92000002,2023-01-21,2023-01-22,Angel,male,2,India,South Asia,low,high,0,NA,0,NA,NA
16a76d349274e37348bc2a4c79065b34@prksq.com,21,0.079999998,2023-01-21,2023-01-21,Venture Capital,male,1,United States,North America,high,low,0,NA,0,NA,NA
16b084425970528133226ae8c427f29b@prksq.com,41,0.82999998,2023-01-21,2023-01-24,Angel,male,1,United States,North America,high,low,0,NA,0,NA,NA
16b6bad83de4f80a7b1f83b7a4c51f55@prksq.com,145,0.25,2023-01-21,2023-01-23,Venture Capital,male,3,United States,North America,low,high,0,NA,0,NA,NA
16c5743bf4dba0f014f68886fd4a22f5@prksq.com,44,1,2023-01-21,2023-01-24,Angel,male,2,United States,North America,high,low,0,NA,0,NA,NA
16cb15dc5246fd4fe672caf93918d3cd@prksq.com,128,1,2023-01-21,2023-01-23,Angel,male,1,United States,North America,high,low,1,more info/clarification,1,2023-01-23,1
16d1756a0730bdb4d007b368d3850592@prksq.com,264,0.92000002,2023-01-21,2023-01-21,Angel,male,1,United States,North America,high,low,0,NA,0,NA,NA
16da4bd30a473e1f9d44916a53077a30@prksq.com,333,0.92000002,2023-01-21,2023-01-21,Angel,female,1,United States,North America,low,high,0,NA,0,NA,NA
16dd2312761a47b0726bda054de62e00@prksq.com,15,0.33000001,2023-01-22,2023-01-25,Angel,male,1,United States,North America,low,high,0,NA,0,NA,NA
1708905c399fba46e62e420f1b55c54a@prksq.com,91,0.75,2023-01-22,2023-01-25,Venture Capital,male,1,France,Europe and Central Asia,high,low,1,more info/clarification,1,2023-01-25,1
1717b57851a104459349f76f1b41e6eb@prksq.com,174,0.75,2023-01-21,2023-01-24,Angel,male,2,Germany,Europe and Central Asia,high,low,0,NA,0,NA,NA
1719d1d1d55eea1d739233ed4a342039@prksq.com,74,0.5,2023-01-21,2023-01-24,Angel,male,1,India,South Asia,low,low,0,NA,0,NA,NA
17213d009d35495ae88f51241b106111@prksq.com,21,0.75,2023-01-21,2023-01-22,Angel,male,1,United Kingdom,Europe and Central Asia,high,low,1,more info/clarification,1,2023-01-22,1
1728cba7eaa6bdd471ecf0ec0145074a@prksq.com,29,0.82999998,2023-01-22,2023-01-22,Angel,male,2,United States,North America,high,high,0,NA,0,NA,NA
17395b871564cb6d30d59974987ddeec@prksq.com,199,0.67000002,2023-01-21,2023-01-21,Angel,male,1,United States,North America,high,high,0,NA,0,NA,NA
1755c0b6d918f904f70a66616417e1dc@prksq.com,184,0.75,2023-01-21,2023-01-22,Angel,male,1,United States,North America,low,low,0,NA,0,NA,NA
175abe95bcec61d34ef901a415edc2ec@prksq.com,100,0.17,2023-01-22,2023-01-23,Angel,male,2,United States,North America,high,low,1,more info/clarification,1,2023-01-23,1
17657ae07c017c9e95ad14599c82ddc8@prksq.com,27,0.5,2023-01-21,2023-01-24,Angel,male,1,United States,North America,low,high,1,more info/clarification,1,2023-01-24,1
1790d91205fc4b4c8372400c1af97182@prksq.com,301,1,2023-01-21,2023-01-24,Angel,male,1,United States,North America,high,low,0,NA,0,NA,NA
17a6c48f7614fec3fd26b15d46f56067@prksq.com,4,0.33000001,2023-01-22,2023-01-25,Angel,male,1,Canada,North America,low,high,1,more info/clarification,1,2023-01-28,1
17cf4a487e7177bbbc4e97863a61c582@prksq.com,383,0.67000002,2023-01-21,2023-01-21,Angel,male,1,Germany,Europe and Central Asia,low,high,0,NA,0,NA,NA
17e644e142d732a7019aa7efca4e3c90@prksq.com,50,0.5,2023-01-21,2023-01-23,Venture Capital,male,1,United States,North America,high,low,0,NA,0,NA,NA
17ea8221a6a6781f9467641860f309f1@prksq.com,577,1,2023-01-21,2023-01-21,Angel,male,1,United Kingdom,Europe and Central Asia,high,high,0,NA,0,NA,NA
17eb22d712aa28431038cdec7e0b1a42@prksq.com,536,1,2023-01-21,2023-01-22,Angel,male,1,United States,North America,high,high,0,NA,0,NA,NA
17f79ae2fc8067842dca3ee1aafd8407@prksq.com,384,0.57999998,2023-01-21,2023-01-22,Angel,male,1,United States,North America,high,high,0,NA,0,NA,NA
18025897abfc1a2367db6359e2def3cf@prksq.com,9,0.25,2023-01-22,2023-01-22,Angel,male,1,United States,North America,high,low,0,NA,0,NA,NA
18114b715495a7f1a6b9dc9ab16ff61e@prksq.com,277,1,2023-01-21,2023-01-23,Angel,male,2,United States,North America,high,high,0,NA,0,NA,NA
1826315679743558f5a71f982f5f6337@prksq.com,234,1,2023-01-21,2023-01-21,Angel,male,1,United States,North America,high,high,1,updates,1,2023-01-26,1
18366d8af4382ca68502c0a9d461d4c8@prksq.com,61,1,2023-01-21,2023-01-22,Angel,male,1,United States,North America,high,high,0,NA,0,NA,NA
1838f0e1bb940c36da54f9800e0cd037@prksq.com,116,1,2023-01-21,2023-01-21,Angel,male,1,United States,North America,low,high,0,NA,0,NA,NA
183c2384899cd077e63c74de5ad19be9@prksq.com,186,0.75,2023-01-21,2023-01-25,Angel,male,1,United States,North America,high,low,0,NA,0,NA,NA
183c8acbf149cfa760aba9c7e739d9b7@prksq.com,135,1,2023-01-21,2023-01-21,Angel,male,1,United States,North America,high,high,0,NA,0,NA,NA
184d74038d0cfbca9c3c1bc6ff392749@prksq.com,137,0.82999998,2023-01-21,2023-01-22,Angel,male,2,United States,North America,low,low,0,NA,0,NA,NA
18751ff806a756b07679f4a3711d3703@prksq.com,23,0.33000001,2023-01-21,2023-01-22,Angel,male,1,United States,North America,low,low,0,NA,0,NA,NA
187cd4f8a1af1115663115844027df5a@prksq.com,147,1,2023-01-21,2023-01-21,Angel,male,1,United States,North America,low,high,1,more info/clarification,1,2023-01-21,1
188892db51c409af953e85384c8bae0e@prksq.com,99,0.75,2023-01-22,2023-01-24,Angel,male,1,United Kingdom,Europe and Central Asia,low,low,0,NA,0,NA,NA
189162c1eb7cfaaf9474ed1ff2eece07@prksq.com,33,0.92000002,2023-01-21,2023-01-24,Angel,male,2,United Kingdom,Europe and Central Asia,low,high,0,NA,0,NA,NA
18a9afb2e2c9f62c286e6ba61eaac2d5@prksq.com,40,0.82999998,2023-01-21,2023-01-23,Angel,male,1,United States,North America,high,high,0,NA,0,NA,NA
18a9e9473dd99cf124f55bd42e827185@prksq.com,600,1,2023-01-21,2023-01-23,Venture Capital,male,1,United States,North America,high,low,0,NA,0,NA,NA
18aa880a6f38d0b29a8601701d8e6fa8@prksq.com,89,0.82999998,2023-01-21,2023-01-25,Venture Capital,male,3,United States,North America,low,low,0,NA,0,NA,NA
18afe95014aa3700f7d7b4bb390f3b6a@prksq.com,644,0.75,2023-01-21,2023-01-21,Angel,female,2,United States,North America,high,low,0,NA,0,NA,NA
18c28714e3240cd4b23be80b39cd8c4e@prksq.com,224,0.67000002,2023-01-22,2023-01-25,Angel,male,1,United States,North America,high,high,0,NA,0,NA,NA
18da48ca436be3e67f4855e56678bc0e@prksq.com,212,0.41999999,2023-01-21,2023-01-24,Angel,male,1,United States,North America,low,high,1,more info/clarification,1,2023-01-24,1
18fe37778b4b8a0a67cc71d59a09e701@prksq.com,226,0.5,2023-01-21,2023-01-23,Venture Capital,male,3,United Kingdom,Europe and Central Asia,high,low,0,NA,0,NA,NA
19074541e2e6f6d52a9f1b7ad83cec7b@prksq.com,30,0.33000001,2023-01-21,2023-01-23,Angel,male,1,United States,North America,high,low,1,more info/clarification,1,2023-01-23,1
19308654da3579f73c4f355129f48ac9@prksq.com,108,0.33000001,2023-01-21,2023-01-22,Angel,male,2,United States,North America,high,high,0,NA,0,NA,NA
193d9ae341a43f4081ac40f89919b772@prksq.com,247,0.41999999,2023-01-21,2023-01-22,Angel,male,1,United States,North America,low,high,0,NA,0,NA,NA
19442d9872f189aacd9fdf5ba1e3d9b1@prksq.com,113,0.33000001,2023-01-22,2023-01-24,Angel,male,1,United States,North America,low,low,0,NA,0,NA,NA
19676b22f8e04d48503726f6a7d8bb17@prksq.com,236,1,2023-01-22,2023-01-25,Venture Capital,male,5,United Kingdom,Europe and Central Asia,high,low,1,more info/clarification,1,2023-01-25,1
19bdc8c988ba699e357d262a3dda9e28@prksq.com,11,0.57999998,2023-01-22,2023-01-23,Angel,male,1,United States,North America,low,low,0,NA,0,NA,NA
19db19a86f97d611635b7adab72bcf1e@prksq.com,74,0.92000002,2023-01-22,2023-01-23,Angel,male,1,United States,North America,high,low,0,NA,0,NA,NA
19f76723540b21a907944011d49745b8@prksq.com,154,1,2023-01-22,2023-01-22,Angel,male,1,United Kingdom,Europe and Central Asia,high,high,0,NA,0,NA,NA
19ffca38ce0ec4c7cb0b4c0023d2b7fe@prksq.com,69,1,2023-01-22,2023-01-23,Venture Capital,male,4,United States,North America,high,low,0,NA,0,NA,NA
1a0b45143c536c751ea4aea9295da84f@prksq.com,269,1,2023-01-22,2023-01-22,Angel,male,1,United States,North America,high,low,0,NA,0,NA,NA
1a1a6d8d356140e41abb8b3d11c8ee09@prksq.com,4,1,2023-01-22,2023-01-23,Angel,male,5,United Kingdom,Europe and Central Asia,low,high,1,meeting,1,2023-01-23,1
1a1c2f94fca90f4ff0a27636890de705@prksq.com,35,0.92000002,2023-01-22,2023-01-24,Venture Capital,male,5,United States,North America,low,low,0,NA,0,NA,NA
1a1e3aa119421eae0d44b3e7eb8d32bd@prksq.com,135,1,2023-01-22,2023-01-23,Angel,male,1,United States,North America,low,low,0,NA,0,NA,NA
1a2d74b88adc0c3fd51c0ada3dff7fd4@prksq.com,15,0.5,2023-01-22,2023-01-25,Venture Capital,male,3,United States,North America,high,high,0,NA,0,NA,NA
1a31b19cb137d2a49b7237536388e20a@prksq.com,79,0.5,2023-01-22,2023-01-24,Angel,male,1,United States,North America,high,high,1,updates,1,2023-01-24,1
1a34e69c2ade7dc4934e16312db138ea@prksq.com,745,1,2023-01-22,2023-01-24,Angel,male,1,United States,North America,low,high,0,NA,0,NA,NA
1a3f2217ef52fd13436044c64792ed81@prksq.com,132,0.57999998,2023-01-22,2023-01-23,Angel,male,1,United States,North America,high,high,0,NA,0,NA,NA
1a404c30390d28300f5c9055562ff835@prksq.com,185,1,2023-01-22,2023-01-22,Angel,male,2,United States,North America,low,high,0,NA,0,NA,NA
1a47ccfa25c6b19785a5f5dace492b98@prksq.com,138,0.57999998,2023-01-22,2023-01-24,Angel,male,2,United States,North America,low,low,0,stage,1,2023-01-25,0
1a5016f077aaaa537b4792c9c23bb916@prksq.com,18,1,2023-01-22,2023-01-24,Angel,male,1,United States,North America,high,high,0,NA,0,NA,NA
1a878db5ef6755ff507a6e61f07215d5@prksq.com,298,0.33000001,2023-01-22,2023-01-24,Angel,male,1,United States,North America,high,low,0,NA,0,NA,NA
1a8e9f6689264fceb433787236baf52d@prksq.com,13,1,2023-01-22,2023-01-22,Angel,male,1,United States,North America,low,low,0,NA,0,NA,NA
1a9ba791bdd8ca1237f10ca0020f534f@prksq.com,347,0.5,2023-01-22,2023-01-25,Angel,male,1,United States,North America,low,high,0,NA,0,NA,NA
1aa80b146f65d1d803a33a99623b2410@prksq.com,41,1,2023-01-22,2023-01-22,Venture Capital,male,2,United States,North America,low,high,1,meeting,1,2023-01-22,1
1aca8c5271e35f5b7a9a10b6fe7c6ecb@prksq.com,29,1,2023-01-22,2023-01-22,Angel,male,1,United Kingdom,Europe and Central Asia,high,high,0,NA,0,NA,NA
1acebca6d403bff73040f0c034f8434d@prksq.com,47,0.25,2023-01-22,2023-01-24,Angel,male,1,India,South Asia,high,high,0,NA,0,NA,NA
1ad110d5a89cb123ef27ccbd2dfaa5c5@prksq.com,612,1,2023-01-22,2023-01-25,Angel,male,1,United States,North America,high,high,0,stage,1,2023-01-27,0
1adfc7beed05d4ce54047d2c557f0631@prksq.com,95,0.82999998,2023-01-22,2023-01-22,Angel,male,1,United Kingdom,Europe and Central Asia,high,high,0,NA,0,NA,NA
1aed8a338b33254356424c052983a66a@prksq.com,44,0.75,2023-01-22,2023-01-24,Angel,male,2,United States,North America,high,high,0,NA,0,NA,NA
1afa276574e2019e8283d913349a5109@prksq.com,41,0.67000002,2023-01-22,2023-01-22,Angel,male,1,Singapore,East Asia and Pacific,low,low,0,NA,0,NA,NA
1afcccd44d81bf93900410b8f4e120bc@prksq.com,28,0.75,2023-01-22,2023-01-24,Angel,male,1,United Kingdom,Europe and Central Asia,low,high,1,meeting,1,2023-01-26,1
1affbf782458bcd5d9c629fb6be93bb4@prksq.com,170,0.57999998,2023-01-22,2023-01-22,Venture Capital,male,3,United States,North America,high,low,0,NA,0,NA,NA
1b0980f1c56123f828b23926ab7eee2c@prksq.com,570,0.82999998,2023-01-23,2023-01-26,Angel,male,1,United States,North America,high,high,0,NA,0,NA,NA
1b26f460c4f59b3b06bac1a379e7424d@prksq.com,24,0.079999998,2023-01-22,2023-01-22,Angel,male,1,United States,North America,high,high,0,NA,0,NA,NA
1b2fae3cc40fd5810ea24c4d74035a8a@prksq.com,109,0.5,2023-01-22,2023-01-23,Venture Capital,male,1,United States,North America,low,high,0,NA,0,NA,NA
1b343a2e90f38f38e06ab3a43880e012@prksq.com,49,0.67000002,2023-01-22,2023-01-24,Angel,male,1,United States,North America,high,low,0,NA,0,NA,NA
1b566275e911ec3b4851057d28abab85@prksq.com,35,1,2023-01-22,2023-01-22,Angel,male,1,United States,North America,low,high,0,NA,0,NA,NA
1badefee5c991354f5c7ff05e08c3a01@prksq.com,22,1,2023-01-22,2023-01-23,Angel,male,1,Germany,Europe and Central Asia,high,low,0,NA,0,NA,NA
1baf868ebcfc7278edbd2d7ad0feb917@prksq.com,300,1,2023-01-22,2023-01-22,Angel,male,2,United States,North America,high,high,0,NA,0,NA,NA
1bb0a8d779dfbbc18a27baa4ba298055@prksq.com,8,0.5,2023-01-22,2023-01-27,Angel,male,1,United States,North America,low,low,0,NA,0,NA,NA
1bb1c269183f614776ff67a4f0ce35ab@prksq.com,59,1,2023-01-22,2023-01-23,Angel,male,1,United States,North America,low,low,0,NA,0,NA,NA
1bbac2c0be6af93b38260780da6d496c@prksq.com,372,0.75,2023-01-23,2023-01-25,Angel,male,1,United States,North America,low,high,0,NA,0,NA,NA
1be2a6eacc9289a8f80fd913dc87eff9@prksq.com,417,0.41999999,2023-01-22,2023-01-23,Angel,male,1,United States,North America,low,high,0,NA,0,NA,NA
1be50beb845e12fac549dd21801e6c85@prksq.com,274,0.57999998,2023-01-22,2023-01-25,Angel,male,2,United States,North America,high,low,0,NA,0,NA,NA
1bf4cc9fcb48590e77d597383eee606d@prksq.com,227,0.82999998,2023-01-22,2023-01-23,Venture Capital,male,2,United States,North America,low,low,0,NA,0,NA,NA
1c0969a4f7f0746f9de577b2e961d6f7@prksq.com,84,0.75,2023-01-22,2023-01-24,Angel,male,1,United States,North America,low,low,0,NA,0,NA,NA
1c0ec9dd327db4feff293c875fb9d941@prksq.com,30,1,2023-01-22,2023-01-22,Angel,male,1,Germany,Europe and Central Asia,high,low,0,NA,0,NA,NA
1c102032935841e29a72b9a8133259e2@prksq.com,190,0.5,2023-01-22,2023-01-23,Angel,male,1,United States,North America,high,high,0,NA,0,NA,NA
1c1e4044f6e1fee5860f76d73e9f11a0@prksq.com,69,0.5,2023-01-22,2023-01-24,Angel,male,1,United Kingdom,Europe and Central Asia,high,high,0,NA,0,NA,NA
1c467fe022c6a524c9e3bbe8236c0359@prksq.com,76,0.82999998,2023-01-22,2023-01-23,Angel,male,1,United States,North America,high,high,0,NA,0,NA,NA
1c4f58b7dff443b040c5271ae1ff146d@prksq.com,75,0.5,2023-01-22,2023-01-22,Angel,male,1,United States,North America,low,low,0,NA,0,NA,NA
1c528d6df7654da3984e3c819d51b39f@prksq.com,112,0.92000002,2023-01-22,2023-01-22,Angel,male,2,United Kingdom,Europe and Central Asia,high,low,1,more info/clarification,1,2023-01-22,1
1c57e88e409ad19465a947d94ba5638e@prksq.com,67,1,2023-01-22,2023-01-25,Angel,male,2,United States,North America,high,high,1,updates,1,2023-01-29,1
1c62d938373e1b39930a5bc960ab14bd@prksq.com,119,0.92000002,2023-01-22,2023-01-24,Angel,male,2,United States,North America,low,low,0,NA,0,NA,NA
1c70a6a61d3b50d864707d60c645b3b6@prksq.com,152,0.41999999,2023-01-22,2023-01-25,Angel,male,1,Canada,North America,low,high,1,formal application,1,2023-01-25,1
1c7dec8be8455d1f2b91898468bc2082@prksq.com,27,0.33000001,2023-01-22,2023-01-22,Angel,male,2,United States,North America,high,low,1,more info/clarification,1,2023-01-22,1
1c85e8191a4542da79b0bf02c9861642@prksq.com,81,1,2023-01-22,2023-01-24,Angel,male,1,United States,North America,low,low,0,NA,0,NA,NA
1c97993a6bdd7f0b52311b44202c3cca@prksq.com,101,0.92000002,2023-01-22,2023-01-23,Venture Capital,male,4,United Kingdom,Europe and Central Asia,low,high,0,NA,0,NA,NA
1ca5ea176866f6a426fb2cfe0fd3d224@prksq.com,22,0.67000002,2023-01-22,2023-01-24,Venture Capital,male,2,United States,North America,low,low,0,NA,0,NA,NA
1ca90c804f36fcb0a9700cbe8f5e7eb2@prksq.com,477,0.75,2023-01-22,2023-01-22,Angel,male,1,United States,North America,high,high,0,NA,0,NA,NA
1cbd8bc8ddf50a6ea4fdd67e6c9c29ad@prksq.com,264,0.92000002,2023-01-22,2023-01-25,Angel,male,1,United States,North America,high,low,1,more info/clarification,1,2023-01-25,1
1ccad9baa9a5f4566226d2074996de97@prksq.com,13,0.75,2023-01-23,2023-01-26,Venture Capital,male,5,United States,North America,low,low,0,NA,0,NA,NA
1cdbe468d64d6bbc9fd7ebcb7e2622f7@prksq.com,83,1,2023-01-22,2023-01-24,Angel,male,1,United States,North America,low,low,0,NA,0,NA,NA
1ced0d901fecd71c8e5138c9a7e6b2de@prksq.com,363,0.82999998,2023-01-22,2023-01-22,Angel,male,1,United States,North America,high,low,1,meeting,1,2023-01-22,1
1cf8324af37c63fbe138bd5e78c9f1af@prksq.com,361,1,2023-01-22,2023-01-25,Angel,female,1,United States,North America,high,high,0,NA,0,NA,NA
1d185b465707c7fc417e16522a52fa24@prksq.com,139,0.17,2023-01-23,2023-01-23,Venture Capital,male,3,Canada,North America,low,high,1,formal application,1,2023-01-23,1
1d25e015d5e1b763c06e629aab6cf485@prksq.com,46,1,2023-01-22,2023-01-27,Angel,male,1,United States,North America,high,high,0,NA,0,NA,NA
1d343eccae1b3f8e67678dca404abd6e@prksq.com,5,0.75,2023-01-22,2023-01-23,Angel,male,2,Germany,Europe and Central Asia,high,low,0,NA,0,NA,NA
1d77b853d63e3f03e5e8d0781dc508af@prksq.com,22,0.92000002,2023-01-22,2023-01-22,Angel,male,1,United States,North America,low,high,1,formal application,1,2023-01-22,1
1d7aa7e9f215ba4d65155359ef7b391c@prksq.com,202,0.67000002,2023-01-22,2023-01-23,Angel,male,1,United States,North America,high,high,0,NA,0,NA,NA
1d8657bd7a52a8beb25869a6283f122d@prksq.com,349,0.67000002,2023-01-22,2023-01-26,Angel,male,1,Brazil,Latin America and Caribbean,high,low,0,NA,0,NA,NA
1d95ca90d42320fe8cd792d27ad1c009@prksq.com,20,0.57999998,2023-01-22,2023-01-25,Angel,male,1,United States,North America,low,high,0,NA,0,NA,NA
1dbb2ec8641d7f9b1b79a8370e2bf2be@prksq.com,99,0.92000002,2023-01-22,2023-01-24,Angel,male,1,United States,North America,high,high,0,NA,0,NA,NA
1dc5b077407382b4f55a9e0bfb55de50@prksq.com,4,0.92000002,2023-01-22,2023-01-23,Angel,male,1,United States,North America,low,low,0,NA,0,NA,NA
1dce1976a0ee620956bc17748c0f688b@prksq.com,31,0.079999998,2023-01-22,2023-01-22,Angel,male,1,United States,North America,low,high,0,NA,0,NA,NA
1de7c52d9f7ab2307ab1b3980c1dff26@prksq.com,97,0.5,2023-01-23,2023-01-26,Angel,male,1,United States,North America,high,high,0,NA,0,NA,NA
1deb4f3aac951b4205e7a8f42b78e14d@prksq.com,127,0.5,2023-01-22,2023-01-24,Angel,female,1,United States,North America,low,low,0,NA,0,NA,NA
1df0ff8b34d35395e333a1f6297490a7@prksq.com,355,1,2023-01-22,2023-01-23,Angel,male,1,United States,North America,high,high,1,updates,1,2023-01-26,1
1e0556842dd927428fe2bafd0df6553b@prksq.com,101,0.5,2023-01-22,2023-01-25,Angel,male,1,United States,North America,high,high,0,NA,0,NA,NA
1e11a853ee6d6af89772c36b644dad31@prksq.com,242,0.82999998,2023-01-22,2023-01-22,Angel,male,1,United States,North America,low,high,0,NA,0,NA,NA
1e19ac1604383c5c84f114ff587f6598@prksq.com,42,0.25,2023-01-22,2023-01-22,Angel,male,1,United States,North America,low,low,0,NA,0,NA,NA
1e288a1c9f3654a9f721b996705cd9ee@prksq.com,107,0.41999999,2023-01-22,2023-01-25,Angel,male,1,United States,North America,low,low,0,stage,1,2023-01-25,0
1e36d70f2d949ad28082973e2e7d54ca@prksq.com,281,0.82999998,2023-01-23,2023-01-26,Angel,male,1,United States,North America,low,low,0,NA,0,NA,NA
1e4df5926cd950ce091e9fe6a5e53767@prksq.com,5,0.75,2023-01-22,2023-01-24,Angel,male,1,United States,North America,high,low,1,meeting,1,2023-01-24,1
1e6fd9afafce499f9e07d8f48b6efe6b@prksq.com,184,0.33000001,2023-01-22,2023-01-22,Angel,male,1,United States,North America,low,low,0,NA,0,NA,NA
1e7229df05661bf0c4bb383c7bc5e76d@prksq.com,67,0.5,2023-01-22,2023-01-25,Venture Capital,male,2,United Kingdom,Europe and Central Asia,high,low,0,NA,0,NA,NA
1e89b387338f293b38235337c8dfaa6a@prksq.com,97,0.92000002,2023-01-22,2023-01-22,Angel,female,1,United States,North America,low,low,0,NA,0,NA,NA
1e8dda2c4d12e857e5011e250269f2aa@prksq.com,28,0.82999998,2023-01-22,2023-01-26,Angel,male,2,United States,North America,high,high,1,more info/clarification,1,2023-01-26,1
1e8e57682dd9bd8e706786ce4ba29711@prksq.com,583,1,2023-01-22,2023-01-22,Venture Capital,female,3,United States,North America,low,high,0,NA,0,NA,NA
1eab4bcf9f88d5db69c0a48fccd650d7@prksq.com,173,1,2023-01-22,2023-01-26,Angel,male,1,United States,North America,low,high,1,formal application,1,2023-01-27,1
1eb1d4a33f55b854599661ff12ababdf@prksq.com,75,0.82999998,2023-01-23,2023-01-25,Angel,male,1,United States,North America,high,high,0,NA,0,NA,NA
1ec411e0aa30885023546e4ea6630f4e@prksq.com,309,0.5,2023-01-23,2023-01-25,Angel,male,1,Canada,North America,high,low,0,NA,0,NA,NA
1ed42e7e5636555cb3dafc6f9d7db5e7@prksq.com,18,0.75,2023-01-23,2023-01-25,Angel,male,1,United States,North America,low,high,0,NA,0,NA,NA
1eea85bf5808895f25e7b156cac51164@prksq.com,154,0.57999998,2023-01-23,2023-01-23,Angel,male,1,United Kingdom,Europe and Central Asia,low,low,0,NA,0,NA,NA
1f1a7210a30d60a7fcf4a29f80fdf86e@prksq.com,37,1,2023-01-23,2023-01-25,Angel,female,1,United States,North America,high,high,0,NA,0,NA,NA
1f1c50ade29babb5efdb06a836051a7f@prksq.com,258,0.75,2023-01-23,2023-01-25,Angel,male,1,United States,North America,low,high,0,NA,0,NA,NA
1f366c92645240abe46227f58f46dafd@prksq.com,113,0.75,2023-01-23,2023-01-26,Angel,male,1,United States,North America,high,low,0,NA,0,NA,NA
1f3c2d2125d792eef1ac9f63bb64f316@prksq.com,105,1,2023-01-23,2023-01-26,Angel,male,1,United States,North America,low,high,0,NA,0,NA,NA
1f43cfbf3aa5a3def910e54ab35a5d7c@prksq.com,55,0.67000002,2023-01-23,2023-01-24,Angel,male,1,United States,North America,low,low,0,NA,0,NA,NA
1f51333c71f9dc61de9bef240de66048@prksq.com,166,0.41999999,2023-01-23,2023-01-24,Angel,male,1,Israel,Middle East and North Africa,high,high,0,NA,0,NA,NA
1f5a9d540460358cec294ee4dfb78f2b@prksq.com,121,0.41999999,2023-01-23,2023-01-25,Venture Capital,male,2,United States,North America,low,high,0,NA,0,NA,NA
1f7a971b22181ba45f43434d25d1203d@prksq.com,527,1,2023-01-23,2023-01-24,Angel,male,1,United States,North America,low,high,0,NA,0,NA,NA
1fa50f9152c7de3b1ec6e751c4205aef@prksq.com,325,0.75,2023-01-23,2023-01-25,Venture Capital,male,1,United States,North America,high,high,0,NA,0,NA,NA
1fb008178f6fe2485d9f6a67e6eab358@prksq.com,112,0.57999998,2023-01-23,2023-01-26,Angel,male,1,United States,North America,high,low,0,NA,0,NA,NA
1fc2192ec04ac311bf8e0998b2ac7d43@prksq.com,288,1,2023-01-23,2023-01-24,Venture Capital,male,1,United Kingdom,Europe and Central Asia,high,high,1,more info/clarification,1,2023-01-28,1
1fe8d82d8f0dad6af9ce20892e8b3f16@prksq.com,86,0.82999998,2023-01-23,2023-01-27,Angel,male,1,United States,North America,high,high,0,NA,0,NA,NA
1ff93b611ba820d79a57f65b26400e8e@prksq.com,84,1,2023-01-23,2023-01-31,Angel,male,1,India,South Asia,high,high,1,more info/clarification,1,2023-01-31,1
20365aba04378eacafac46cb0c0081ad@prksq.com,212,0.5,2023-01-23,2023-01-23,Venture Capital,male,3,United Kingdom,Europe and Central Asia,low,low,0,stage,1,2023-01-23,0
20722609d42653dbec58bf9d11e72c4a@prksq.com,83,0.5,2023-01-23,2023-01-23,Venture Capital,male,37,Israel,Middle East and North Africa,low,high,0,NA,0,NA,NA
207603506a7356f949ed7b131f8f3f11@prksq.com,24,0.67000002,2023-01-23,2023-01-24,Angel,male,1,United States,North America,low,high,0,NA,0,NA,NA
20834d7420cb7e37e1bb724ddd69f60c@prksq.com,135,0.92000002,2023-01-23,2023-01-25,Angel,male,1,United States,North America,low,low,0,stage,1,2023-01-30,0
209cb7ce1cb74cfda3569dc3455194a2@prksq.com,49,1,2023-01-23,2023-01-23,Angel,male,1,United States,North America,low,high,0,NA,0,NA,NA
209da7cbd65dd24f44d834b942477f02@prksq.com,10,0.75,2023-01-23,2023-01-24,Angel,male,2,Canada,North America,low,high,1,formal application,1,2023-01-24,1
20a1f7d6c7f92c826e5a69af76237ef5@prksq.com,316,1,2023-01-23,2023-01-26,Angel,male,1,United States,North America,high,low,1,meeting,1,2023-01-26,1
20af7d804897b2cadf7152dfc7130dff@prksq.com,24,0.079999998,2023-01-23,2023-01-23,Angel,male,1,United States,North America,low,low,0,stage,1,2023-01-23,0
20c3fb9b64ebff1714d048e27653fd32@prksq.com,16,0.41999999,2023-01-23,2023-01-25,Angel,female,1,Canada,North America,low,low,0,NA,0,NA,NA
20e60ef74d06d2b80d277390d1da613f@prksq.com,24,1,2023-01-23,2023-01-24,Angel,male,1,United States,North America,high,low,0,NA,0,NA,NA
211087f61adfaf1d4ba9d023e02135b4@prksq.com,81,0.33000001,2023-01-23,2023-01-23,Angel,male,1,United States,North America,low,low,0,NA,0,NA,NA
212cae3d28f2c2b54903495a43b9b3c9@prksq.com,271,0.079999998,2023-01-23,2023-01-23,Angel,male,1,United States,North America,high,high,0,NA,0,NA,NA
213ac18ae5d0a089b4b2e5409d357e4f@prksq.com,34,0.75,2023-01-23,2023-01-25,Angel,male,1,India,South Asia,low,high,0,NA,0,NA,NA
213adb3d8407d2a11f91d31f255b8658@prksq.com,28,1,2023-01-23,2023-01-23,Angel,male,1,United States,North America,high,low,1,meeting,1,2023-01-24,1
21602fd6eb72c23bc0dba356f3dd90be@prksq.com,74,0.82999998,2023-01-23,2023-01-23,Angel,female,1,United States,North America,high,high,1,more info/clarification,1,2023-01-26,1
217708ad7cfd3d5951186a6c9e1a3f3c@prksq.com,344,0.92000002,2023-01-23,2023-01-25,Venture Capital,female,2,United States,North America,high,high,1,more info/clarification,1,2023-01-26,1
21853ce5e9ca51c55181d4fb15b170fb@prksq.com,460,0.5,2023-01-23,2023-01-24,Angel,male,1,United States,North America,high,high,0,NA,0,NA,NA
218cd91638faf2f63f98d0c5bd2ba1bd@prksq.com,14,1,2023-01-23,2023-01-26,Angel,male,1,United States,North America,low,high,1,formal application,1,2023-01-26,1
219bd282641f5d4c720099edd388753a@prksq.com,64,0.67000002,2023-01-23,2023-01-27,Angel,male,1,United States,North America,low,high,0,NA,0,NA,NA
21a7daac3acc992adc6b304360788526@prksq.com,219,0.5,2023-01-23,2023-01-24,Venture Capital,male,3,Canada,North America,high,high,0,NA,0,NA,NA
21a7ed3aa4c24598109b83c2aded68bb@prksq.com,175,1,2023-01-23,2023-01-24,Angel,male,2,United States,North America,high,low,0,NA,0,NA,NA
21ad9e5d1d54091d5459bb561eb1d28a@prksq.com,378,0.92000002,2023-01-23,2023-01-25,Angel,male,1,United Kingdom,Europe and Central Asia,high,low,0,NA,0,NA,NA
21b0f597987482d96283570e928bab89@prksq.com,284,0.5,2023-01-23,2023-01-26,Venture Capital,male,2,United States,North America,low,high,0,NA,0,NA,NA
21b7f650d43f5e0dcef1ba40d2ddfc4f@prksq.com,68,0.33000001,2023-01-23,2023-01-26,Angel,male,1,United States,North America,high,low,0,NA,0,NA,NA
21c3966b7cc9956f8ccbbba08e568238@prksq.com,66,0.67000002,2023-01-23,2023-01-23,Angel,male,1,United States,North America,high,low,1,meeting,1,2023-01-23,1
21d7117c22b4233f69d884b029958366@prksq.com,19,0.33000001,2023-01-23,2023-01-26,Angel,male,1,United States,North America,low,high,0,NA,0,NA,NA
21d96575cc3787b9afd7d71f0265ec5d@prksq.com,10,0.75,2023-01-23,2023-01-26,Angel,male,1,United States,North America,low,low,0,geography,1,2023-01-27,0
21e993e425a0b438854eadfbb4e053b4@prksq.com,147,0.57999998,2023-01-23,2023-01-24,Venture Capital,male,5,United States,North America,high,low,0,NA,0,NA,NA
2207c5139b84847823d15033ba71d585@prksq.com,173,1,2023-01-23,2023-01-24,Angel,female,1,United States,North America,high,high,1,more info/clarification,1,2023-01-25,1
222243df77ec3fc35c90b8c938dd0a9c@prksq.com,59,0.57999998,2023-01-23,2023-01-26,Angel,female,2,United States,North America,high,high,0,NA,0,NA,NA
222aba83a2aa3c7c892170ab8e415185@prksq.com,90,1,2023-01-23,2023-01-26,Venture Capital,male,3,United States,North America,high,high,0,NA,0,NA,NA
223645f6206159228997eeaf1e4edff9@prksq.com,79,0.25,2023-01-23,2023-01-25,Angel,male,1,United States,North America,high,low,0,NA,0,NA,NA
224b335fc125a0a7ce7961e6d29a314b@prksq.com,85,0.92000002,2023-01-23,2023-01-25,Angel,male,1,United States,North America,low,high,0,NA,0,NA,NA
2259b60006e02cb912e2503c9e808cd5@prksq.com,315,0.92000002,2023-01-23,2023-01-23,Angel,male,1,India,South Asia,low,high,1,formal application,1,2023-01-27,1
225fe03228104fbbb1eb9040042d57c6@prksq.com,253,0.67000002,2023-01-23,2023-01-25,Angel,male,2,United States,North America,high,high,0,NA,0,NA,NA
2309f58867c1f9ffe211174efc6b62cc@prksq.com,31,0.57999998,2023-01-23,2023-01-26,Angel,male,1,United States,North America,high,low,0,NA,0,NA,NA
23125c290761cf8cfe8274a72d84af04@prksq.com,56,0.33000001,2023-01-23,2023-01-24,Angel,male,1,India,South Asia,low,low,0,NA,0,NA,NA
2316b36d6a91401354f3a60976e83583@prksq.com,136,1,2023-01-23,2023-01-25,Angel,female,1,United States,North America,low,high,0,NA,0,NA,NA
2326e6902b0f9abd6fb46173f3c305b6@prksq.com,183,1,2023-01-23,2023-01-24,Angel,male,1,United States,North America,high,high,0,NA,0,NA,NA
234c112f61eaf982205a8eebecb186e4@prksq.com,118,0.82999998,2023-01-23,2023-01-23,Angel,male,1,United States,North America,high,low,0,NA,0,NA,NA
23635f15aa6058faac04f6c5fe41cda4@prksq.com,58,0.75,2023-01-23,2023-01-25,Angel,male,1,United States,North America,low,low,0,NA,0,NA,NA
238ff169b126bc10af60fdad01092c29@prksq.com,59,0.67000002,2023-01-23,2023-01-28,Venture Capital,male,3,United States,North America,high,low,0,NA,0,NA,NA
23a09f639bfbaef63e4466911d66acd6@prksq.com,95,0.82999998,2023-01-23,2023-01-25,Venture Capital,male,11,France,Europe and Central Asia,high,low,0,NA,0,NA,NA
23b6b3938221a8a7b0e39e277d989730@prksq.com,202,0.75,2023-01-23,2023-01-23,Angel,male,1,United States,North America,high,high,0,NA,0,NA,NA
23d3581a5b05a08b111724597c7f3b23@prksq.com,31,0.75,2023-01-23,2023-01-25,Venture Capital,male,5,United States,North America,low,low,0,NA,0,NA,NA
23d785308442c1a6d9dbcac832acc96f@prksq.com,209,0.57999998,2023-01-23,2023-01-23,Angel,male,1,United States,North America,high,high,1,more info/clarification,1,2023-01-25,1
23e23e41719c3c250a68340960654805@prksq.com,24,0.41999999,2023-01-23,2023-01-25,Venture Capital,male,2,France,Europe and Central Asia,high,low,0,NA,0,NA,NA
23ed7ef807214a72333e1f5c4c5104c8@prksq.com,97,1,2023-01-23,2023-01-25,Venture Capital,male,3,United States,North America,low,low,0,NA,0,NA,NA
23ee8c91bd86aa7cba4185074860a73f@prksq.com,28,0.57999998,2023-01-23,2023-01-27,Angel,male,1,France,Europe and Central Asia,high,low,0,NA,0,NA,NA
23f900853386d52d2b35c48e63c5e447@prksq.com,391,0.75,2023-01-23,2023-01-24,Venture Capital,male,2,United States,North America,high,low,0,NA,0,NA,NA
24285474a27d7925981f953278de27c3@prksq.com,152,0.079999998,2023-01-24,2023-01-24,Venture Capital,male,1,United States,North America,high,low,0,NA,0,NA,NA
2444874e75a0fe9d2c78c952a1befc04@prksq.com,55,0.33000001,2023-01-23,2023-01-26,Angel,male,2,United States,North America,high,low,0,NA,0,NA,NA
2447fa52dbee807d92066d5c2fad7c45@prksq.com,221,1,2023-01-24,2023-01-24,Angel,male,1,United States,North America,high,low,0,NA,0,NA,NA
245f5d541c00d1460968e1d5922d12f2@prksq.com,475,0.82999998,2023-01-24,2023-01-24,Angel,male,1,India,South Asia,high,high,0,NA,0,NA,NA
24680680838bf4f79ef3db1ab7f7be83@prksq.com,9,0.67000002,2023-01-24,2023-01-25,Angel,male,1,United States,North America,high,low,0,NA,0,NA,NA
248b0fcc1e88c54186847e6ad2693065@prksq.com,59,0.67000002,2023-01-24,2023-01-24,Angel,female,1,United States,North America,high,low,0,NA,0,NA,NA
2495f2ac905a97aa17ed30e92ec44e4f@prksq.com,70,0.67000002,2023-01-24,2023-01-24,Angel,female,1,United States,North America,low,high,0,NA,0,NA,NA
24a9d003d1e3b01d622ed11cde3e56b7@prksq.com,133,1,2023-01-24,2023-01-25,Angel,male,1,United States,North America,low,high,0,NA,0,NA,NA
24adf504f4ede362fa217398bcd08695@prksq.com,118,0.75,2023-01-23,2023-01-26,Angel,male,1,United States,North America,low,low,0,NA,0,NA,NA
24b679f7d8595eaa82acddd1fd26474a@prksq.com,47,0.25,2023-01-24,2023-01-27,Venture Capital,male,3,United States,North America,low,high,0,NA,0,NA,NA
24be934650f11d86f715b8b2648c3cea@prksq.com,67,1,2023-01-24,2023-01-27,Angel,male,2,United States,North America,high,high,0,NA,0,NA,NA
24c18a239dd91f77eda00743f3144825@prksq.com,506,0.57999998,2023-01-24,2023-01-24,Angel,female,1,United States,North America,high,high,0,NA,0,NA,NA
24c4712f76e6ce54688f3276c9084001@prksq.com,181,0.25,2023-01-24,2023-01-26,Angel,male,2,United States,North America,high,high,0,NA,0,NA,NA
24cf7ce32c294df63a63ee637945517a@prksq.com,51,1,2023-01-24,2023-01-26,Angel,male,1,United States,North America,high,high,0,NA,0,NA,NA
24cfb01fe15fa6af9c977211e855819b@prksq.com,355,0.57999998,2023-01-24,2023-01-25,Venture Capital,male,3,United States,North America,low,high,0,NA,0,NA,NA
24dbd780276f8fe5ca33ef674797cd3c@prksq.com,152,0.92000002,2023-01-23,2023-01-26,Venture Capital,male,3,Germany,Europe and Central Asia,high,high,0,NA,0,NA,NA
24eec59cd6b803006a0e236f54451ea2@prksq.com,217,0.92000002,2023-01-24,2023-01-24,Angel,female,1,United Kingdom,Europe and Central Asia,low,low,0,NA,0,NA,NA
24ef83af31f14880a2244dbd20d98662@prksq.com,85,0.67000002,2023-01-24,2023-01-27,Angel,male,1,United States,North America,high,high,0,NA,0,NA,NA
24f78d2867329b5aa8217594ab861568@prksq.com,223,0.67000002,2023-01-24,2023-01-27,Angel,male,1,United States,North America,high,low,1,meeting,1,2023-01-27,1
24fdfcbe7413ee8e7e8a61da9729973d@prksq.com,144,1,2023-01-24,2023-01-25,Angel,male,1,United States,North America,high,low,0,NA,0,NA,NA
24ff75596b9c991c365bc95c6b05cdbf@prksq.com,19,0.33000001,2023-01-24,2023-01-27,Angel,female,1,United States,North America,high,low,0,NA,0,NA,NA
2509d3963ead18284978891e903be3e7@prksq.com,148,0.5,2023-01-24,2023-01-27,Angel,male,1,United States,North America,high,low,0,NA,0,NA,NA
2516af535701495035f5c4706857a842@prksq.com,361,1,2023-01-24,2023-01-25,Angel,male,1,United States,North America,low,low,0,NA,0,NA,NA
251e5cf7c4084423d78ba9360d478777@prksq.com,341,0.33000001,2023-01-23,2023-01-24,Venture Capital,male,4,United States,North America,low,high,1,formal application,1,2023-01-25,1
253d51ca5eaab88d7455a67acb03f3fe@prksq.com,187,0.33000001,2023-01-23,2023-01-23,Angel,male,1,United States,North America,low,high,0,NA,0,NA,NA
2551c099481dec7e123328f614ad3336@prksq.com,178,0.82999998,2023-01-24,2023-01-26,Angel,male,1,United States,North America,low,high,0,NA,0,NA,NA
2553adf500442b68492a6a808e99c218@prksq.com,199,1,2023-01-23,2023-01-24,Venture Capital,male,5,United States,North America,high,low,1,meeting,1,2023-01-24,1
255d2a5c705ff15f7fdf749d54384dc7@prksq.com,24,0.92000002,2023-01-24,2023-01-24,Angel,male,1,United States,North America,high,low,0,NA,0,NA,NA
25604e6f1a6ade022b86ef008ef3cf8d@prksq.com,189,0.33000001,2023-01-24,2023-01-26,Venture Capital,male,5,India,South Asia,high,high,0,NA,0,NA,NA
256c59f783b16f7ab57bb21270630ed2@prksq.com,166,0.92000002,2023-01-23,2023-01-24,Venture Capital,male,1,United States,North America,low,high,0,NA,0,NA,NA
25827db74f122a20476faa5df17caef7@prksq.com,293,1,2023-01-24,2023-01-27,Angel,male,2,United States,North America,low,high,0,NA,0,NA,NA
2589e256e38da24691347bfdc0d7fd6f@prksq.com,47,0.33000001,2023-01-23,2023-01-26,Venture Capital,male,5,United States,North America,low,high,0,NA,0,NA,NA
25cd37e0da595ab6c7ad9abe022335bd@prksq.com,11,1,2023-01-23,2023-01-26,Angel,male,1,United States,North America,low,low,0,NA,0,NA,NA
25d7e2a15ab9bb07f509422ea309f1d1@prksq.com,472,0.75,2023-01-24,2023-01-25,Angel,male,1,United States,North America,high,low,0,NA,0,NA,NA
260176418b36ab46be4a6c726501bccf@prksq.com,49,0.67000002,2023-01-23,2023-01-25,Angel,male,1,India,South Asia,low,high,0,NA,0,NA,NA
2604feb7deb629b2199b54a806332137@prksq.com,122,0.57999998,2023-01-24,2023-01-27,Venture Capital,male,1,United States,North America,low,high,0,NA,0,NA,NA
2606eb9603cef6fdc85c69406c02e18e@prksq.com,18,0.25,2023-01-24,2023-01-27,Angel,male,1,Germany,Europe and Central Asia,low,high,0,NA,0,NA,NA
26301b230db0561fcb7f24384a363533@prksq.com,170,1,2023-01-24,2023-01-24,Angel,male,1,United Kingdom,Europe and Central Asia,high,low,0,NA,0,NA,NA
264dd2ed7928a6d44e951db65f41df85@prksq.com,518,1,2023-01-23,2023-01-27,Angel,female,2,United States,North America,high,high,0,NA,0,NA,NA
265b49183ca1826baf02cd9330f9f265@prksq.com,94,0.57999998,2023-01-24,2023-01-26,Angel,male,1,United States,North America,low,low,0,NA,0,NA,NA
265fb562fc81234059e19cff1a1356c6@prksq.com,52,0.92000002,2023-01-24,2023-01-26,Angel,male,1,United States,North America,low,low,0,NA,0,NA,NA
266f48c5e94f7a293aa3006e0c48a63b@prksq.com,53,1,2023-01-24,2023-01-24,Angel,male,1,United States,North America,high,high,0,NA,0,NA,NA
267d770fe87053ccea8e4be2863c16e5@prksq.com,92,1,2023-01-24,2023-01-25,Angel,male,1,United States,North America,high,low,0,NA,0,NA,NA
268a77029dedeb752fc02afd8148fe21@prksq.com,12,1,2023-01-23,2023-01-24,Venture Capital,male,1,United States,North America,low,high,0,NA,0,NA,NA
269ea48e55489f7ed1c095c883bb8cdd@prksq.com,235,0.75,2023-01-24,2023-01-26,Angel,male,1,United States,North America,high,low,0,NA,0,NA,NA
26a86ec9dec6be9fd3e0daa5d9ed1efb@prksq.com,52,0.33000001,2023-01-24,2023-01-25,Angel,male,1,India,South Asia,low,high,0,NA,0,NA,NA
26c69810f6c84fe7f63afe1f824c28e6@prksq.com,296,1,2023-01-24,2023-01-24,Angel,male,2,United States,North America,low,high,1,formal application,1,2023-01-24,1
26e990aab19c54dfa7fc4772f4ab55ca@prksq.com,147,0.5,2023-01-24,2023-01-26,Angel,male,2,United States,North America,high,high,0,NA,0,NA,NA
26f749b688016653709f4729ab4f93e6@prksq.com,19,0.33000001,2023-01-24,2023-01-24,Angel,male,1,United States,North America,high,low,0,NA,0,NA,NA
2709f229f0eec281fbbc731ca0572fde@prksq.com,92,0.82999998,2023-01-24,2023-01-25,Angel,female,1,United States,North America,high,high,0,NA,0,NA,NA
2711b56537aca9243ea950de7dc309f0@prksq.com,157,0.41999999,2023-01-24,2023-01-25,Angel,male,5,United States,North America,high,low,0,NA,0,NA,NA
2718af50db7852edd5611944f8c48dcb@prksq.com,128,0.5,2023-01-24,2023-01-31,Angel,male,1,United States,North America,high,high,0,NA,0,NA,NA
271a4396da2c141c6f8a27be910361e4@prksq.com,109,1,2023-01-24,2023-01-28,Angel,male,2,Canada,North America,low,low,0,NA,0,NA,NA
273f89552d61c33db52353dd3a83f9a5@prksq.com,231,0.41999999,2023-01-24,2023-01-24,Angel,male,1,United States,North America,high,high,0,NA,0,NA,NA
2742b5eaa53581ef68958e41a58b8978@prksq.com,80,1,2023-01-24,2023-01-24,Venture Capital,male,4,United States,North America,low,low,0,NA,0,NA,NA
2747ec8610838bc069ddae25393b1aaf@prksq.com,49,1,2023-01-24,2023-01-27,Angel,male,1,India,South Asia,low,high,0,NA,0,NA,NA
27562d6233faf8229b85036d96e2d3ca@prksq.com,3,0.079999998,2023-01-24,2023-01-27,Angel,male,2,United States,North America,low,low,0,NA,0,NA,NA
2772f930bb4ffa15c3586770589bf827@prksq.com,88,1,2023-01-23,2023-01-24,Venture Capital,male,4,Germany,Europe and Central Asia,high,low,1,meeting,1,2023-01-27,1
2784f822b775e6b5dd609629bbcecb89@prksq.com,43,0.5,2023-01-24,2023-01-26,Angel,male,1,United States,North America,low,low,0,no specific reason,1,2023-01-26,0
27b59ea62a64222087d7fcfc64a8ea2d@prksq.com,78,1,2023-01-24,2023-01-25,Angel,male,1,United States,North America,high,low,0,NA,0,NA,NA
27b9d8ce59a10464731d2de8dd9b42cf@prksq.com,224,0.25,2023-01-24,2023-01-27,Angel,male,1,United States,North America,high,low,1,meeting,1,2023-01-30,1
27c28d07184bcfcbdfcf75c60aa8a7b4@prksq.com,133,0.41999999,2023-01-24,2023-01-26,Angel,male,2,United States,North America,high,high,0,NA,0,NA,NA
27c493ec5736ac6b963c4108983ec09f@prksq.com,104,0.75,2023-01-24,2023-01-24,Angel,male,2,United States,North America,low,low,0,NA,0,NA,NA
27d5ac8f241bfb95af35f9d9e5756cf8@prksq.com,257,0.67000002,2023-01-23,2023-01-28,Angel,male,1,United States,North America,high,high,0,NA,0,NA,NA
27e174df9442f3c307d082d9d7f56846@prksq.com,9,0.5,2023-01-24,2023-01-27,Angel,male,1,United States,North America,high,low,0,NA,0,NA,NA
27f55e74b91b60071e2061453970f874@prksq.com,123,0.57999998,2023-01-24,2023-01-25,Angel,male,1,United States,North America,high,low,0,NA,0,NA,NA
27f779aadfc306d27ee228c9debc2672@prksq.com,313,0.92000002,2023-01-24,2023-02-07,Angel,male,2,United States,North America,low,high,0,NA,0,NA,NA
27fff031a40c4380e721518491eda9a7@prksq.com,281,0.82999998,2023-01-23,2023-01-23,Venture Capital,male,1,United States,North America,low,high,1,formal application,1,2023-01-31,1
28023fcdde8d2621e0ebf26be8db0192@prksq.com,105,1,2023-01-23,2023-01-24,Angel,male,2,United States,North America,high,low,0,NA,0,NA,NA
2806e89916f6dc0df1cae96937d89b63@prksq.com,13,0.75,2023-01-24,2023-01-27,Angel,male,1,United States,North America,low,low,0,no specific reason,1,2023-01-30,0
2808a35ca8a255d7ffdc6ff54b8e1559@prksq.com,169,0.67000002,2023-01-24,2023-01-27,Venture Capital,male,1,United States,North America,low,low,0,NA,0,NA,NA
2814c414729519f7f89ade102d71485a@prksq.com,84,0.92000002,2023-01-24,2023-01-24,Venture Capital,male,5,United States,North America,low,high,0,NA,0,NA,NA
2817d4b7f4eb2cc83bb3867c220eeadb@prksq.com,65,0.67000002,2023-01-24,2023-01-25,Angel,male,1,United States,North America,high,low,0,NA,0,NA,NA
28417ba6614ff8116443d3d6adcff84a@prksq.com,281,0.25,2023-01-24,2023-01-24,Angel,male,1,United States,North America,high,low,1,meeting,1,2023-01-24,1
2846959b48ac2f1497f46b69ce640a5f@prksq.com,624,0.41999999,2023-01-24,2023-01-26,Angel,male,2,United States,North America,high,high,0,NA,0,NA,NA
28546f3ee25cc3e3fed5458481ea2db0@prksq.com,427,1,2023-01-24,2023-01-27,Angel,male,1,United States,North America,high,high,0,NA,0,NA,NA
28964de21da134595aff3717c74b29b0@prksq.com,85,0.41999999,2023-01-24,2023-01-26,Venture Capital,male,1,United Kingdom,Europe and Central Asia,high,high,0,NA,0,NA,NA
289b1f60dc5ffd0bdb59dbb4bf19fd3b@prksq.com,81,0.41999999,2023-01-23,2023-01-25,Angel,male,2,United States,North America,low,low,0,no specific reason,1,2023-01-25,0
28a4da59f986406394979c3427abe0f4@prksq.com,94,0.57999998,2023-01-24,2023-01-24,Venture Capital,male,25,United States,North America,high,low,0,NA,0,NA,NA
28ad536da9e0bc5c354f00b01b861e9d@prksq.com,9,0.41999999,2023-01-24,2023-01-24,Angel,male,1,United States,North America,high,low,1,meeting,1,2023-01-30,1
28b1e035c4ef9437080a9fe0f1c57fba@prksq.com,131,0.57999998,2023-01-24,2023-01-24,Angel,male,1,United States,North America,high,high,0,NA,0,NA,NA
28cb515d3fd8701a43d2b023992c9f77@prksq.com,56,0.82999998,2023-01-24,2023-01-24,Angel,male,2,United States,North America,high,low,0,NA,0,NA,NA
28ceff9adb5b22525e0562385fb3b91d@prksq.com,62,0.75,2023-01-24,2023-01-27,Angel,male,1,United States,North America,low,low,0,NA,0,NA,NA
28e0b0d59fd26df25745c840f977c264@prksq.com,300,1,2023-01-24,2023-01-27,Venture Capital,male,2,United States,North America,high,high,0,NA,0,NA,NA
28eacae25ef88ad9001015bd7dc55aac@prksq.com,351,0.57999998,2023-01-24,2023-01-27,Angel,male,1,United States,North America,low,high,0,NA,0,NA,NA
28f44acba736031ef38808d99eafbb25@prksq.com,116,1,2023-01-24,2023-01-25,Angel,male,1,United States,North America,low,low,0,no specific reason,1,2023-01-25,0
2908f51fb88393343f2c5ed4b3128cc6@prksq.com,111,1,2023-01-24,2023-01-26,Angel,male,1,United States,North America,low,high,0,NA,0,NA,NA
290ad5b651a36c48cff59ca2d03686ec@prksq.com,87,0.67000002,2023-01-23,2023-01-27,Angel,male,1,United States,North America,low,low,0,NA,0,NA,NA
291b3fca785ae41a9adff47d04242c17@prksq.com,90,0.75,2023-01-24,2023-01-25,Venture Capital,female,5,China,East Asia and Pacific,high,high,0,NA,0,NA,NA
291be7f7dd88f16cc99eb85f0563db90@prksq.com,303,0.67000002,2023-01-24,2023-01-24,Angel,male,1,United States,North America,low,high,0,NA,0,NA,NA
292a5a29f46fb1c549d58fc65aefa2af@prksq.com,116,0.92000002,2023-01-24,2023-01-24,Venture Capital,male,2,United States,North America,high,low,0,NA,0,NA,NA
294f48e3ba8c4cb94ba02f597fa8d165@prksq.com,140,0.82999998,2023-01-24,2023-01-28,Venture Capital,male,1,United States,North America,high,low,0,NA,0,NA,NA
295ce5ea5aa5761e2df9eb3fff3577ac@prksq.com,258,0.92000002,2023-01-24,2023-01-27,Angel,male,1,United States,North America,low,high,1,formal application,1,2023-01-27,1
2961082ec74022e8f549a98dc945d4a3@prksq.com,8,0.33000001,2023-01-24,2023-01-26,Angel,male,1,United States,North America,low,high,0,NA,0,NA,NA
2969f7274da0990046db8aafbc76641e@prksq.com,13,0.82999998,2023-01-25,2023-01-25,Angel,male,1,United States,North America,high,low,0,NA,0,NA,NA
297ce42c821995938a8137e63d1d3493@prksq.com,373,0.75,2023-01-24,2023-01-27,Angel,male,1,India,South Asia,low,high,0,NA,0,NA,NA
2983f822e7bd51042564dbf1ea69affc@prksq.com,60,0.82999998,2023-01-24,2023-02-01,Angel,male,1,Singapore,East Asia and Pacific,low,high,1,formal application,1,2023-02-01,1
29b8d649817b4907069e02bd2f0747a7@prksq.com,266,0.82999998,2023-01-25,2023-01-27,Venture Capital,male,3,United States,North America,high,high,0,NA,0,NA,NA
29ef1843569eec0c9fcb70f6c5eea024@prksq.com,99,0.67000002,2023-01-24,2023-01-26,Angel,male,1,United States,North America,high,high,0,NA,0,NA,NA
29f2d91c7b4c17be89e13635ecdf74d4@prksq.com,193,0.92000002,2023-01-24,2023-01-24,Angel,male,1,United States,North America,high,high,0,NA,0,NA,NA
2a04c463ae58ccd3c47734f4e1727290@prksq.com,90,0.75,2023-01-24,2023-02-04,Angel,male,1,United States,North America,high,low,0,NA,0,NA,NA
2a067b5ab8c5bc392b6259ec4850d876@prksq.com,107,0.82999998,2023-01-24,2023-01-25,Angel,male,2,United States,North America,low,low,0,NA,0,NA,NA
2a4a0b39d4730c0562d5aaa4efccf884@prksq.com,155,0.57999998,2023-01-24,2023-01-26,Angel,male,1,United States,North America,low,high,0,NA,0,NA,NA
2a568903221c07551f5db5f710d6fb00@prksq.com,284,0.75,2023-01-24,2023-01-26,Venture Capital,male,3,United States,North America,low,high,0,NA,0,NA,NA
2a573928eec0985bd06e349555c7634d@prksq.com,94,0.5,2023-01-24,2023-01-25,Angel,male,1,United States,North America,low,high,0,NA,0,NA,NA
2a5816b567fa8ecc7c290266eb8a19b8@prksq.com,56,0.75,2023-01-24,2023-01-25,Angel,female,1,United States,North America,high,high,1,more info/clarification,1,2023-01-25,1
2a733f5e750f871e9431df548da820ba@prksq.com,179,0.75,2023-01-25,2023-01-27,Venture Capital,male,2,United States,North America,low,low,0,NA,0,NA,NA
2a7e81b6253b72d64f2b71bff02c7126@prksq.com,230,1,2023-01-24,2023-01-26,Angel,male,1,United States,North America,high,low,1,meeting,1,2023-01-27,1
2a90d38ae52af23b81b56fd3647b7cdf@prksq.com,95,0.67000002,2023-01-24,2023-01-26,Angel,male,1,United States,North America,low,low,0,NA,0,NA,NA
2ab32bfe465bf31f1352009533701b0a@prksq.com,156,0.75,2023-01-24,2023-01-24,Venture Capital,male,5,United Kingdom,Europe and Central Asia,high,low,0,NA,0,NA,NA
2ac9fc8412c93f8ee72938cac2b94699@prksq.com,38,0.5,2023-01-24,2023-01-27,Angel,male,1,France,Europe and Central Asia,low,high,0,NA,0,NA,NA
2ace1207d67f94ec7ce3dfff898ad446@prksq.com,298,1,2023-01-25,2023-01-25,Angel,male,1,United States,North America,high,high,0,NA,0,NA,NA
2afbc23cc0974a33b5482e39ba796068@prksq.com,21,1,2023-01-24,2023-01-26,Angel,male,2,United States,North America,low,low,0,NA,0,NA,NA
2b1500269736b7ae100a214fbff3eefa@prksq.com,82,0.92000002,2023-01-25,2023-01-28,Angel,male,1,United States,North America,high,low,0,NA,0,NA,NA
2b2cc8903ec42cdf291fcbca483ab2aa@prksq.com,160,0.41999999,2023-01-24,2023-01-26,Angel,female,2,United States,North America,high,low,1,meeting,1,2023-01-28,1
2b36f96b1d04663687e47cefa71c9687@prksq.com,284,1,2023-01-24,2023-01-28,Venture Capital,male,4,United States,North America,high,low,0,NA,0,NA,NA
2b3a06ff485c647abde8de76738f9ac7@prksq.com,23,0.25,2023-01-24,2023-01-26,Angel,male,1,United States,North America,high,low,1,meeting,1,2023-01-26,1
2b517324e819970f720e16a1167e81c6@prksq.com,47,0.41999999,2023-01-24,2023-01-24,Venture Capital,male,1,United Kingdom,Europe and Central Asia,low,low,0,NA,0,NA,NA
2b69e9701cccd1789700950e2805fa53@prksq.com,126,0.67000002,2023-01-24,2023-01-25,Angel,male,1,United States,North America,high,high,0,NA,0,NA,NA
2b6c9aee9cdbf7c9affaef18c0486a6a@prksq.com,218,0.25,2023-01-25,2023-01-25,Angel,male,2,United States,North America,high,low,0,NA,0,NA,NA
2b825bd65abfdcd5125ed10d750e1073@prksq.com,84,1,2023-01-25,2023-01-29,Angel,male,1,United States,North America,low,low,0,NA,0,NA,NA
2b83ae6895e38e4315c879c61932af26@prksq.com,107,0.57999998,2023-01-24,2023-01-29,Angel,male,1,France,Europe and Central Asia,low,low,0,NA,0,NA,NA
2bbb1766a239b40b4ecf91d9c25c42f6@prksq.com,111,1,2023-01-24,2023-01-24,Venture Capital,male,2,United States,North America,low,high,0,NA,0,NA,NA
2bd715af1eb82dd52b8fccdd1246ab72@prksq.com,43,0.5,2023-01-24,2023-01-25,Venture Capital,male,82,United States,North America,high,low,1,meeting,1,2023-01-25,1
2bdc46f8d5b87d96a1bc47739a468f72@prksq.com,348,0.5,2023-01-24,2023-01-27,Angel,male,1,China,East Asia and Pacific,low,high,0,NA,0,NA,NA
2bf1ab47568b5943dccd1c32585ffeec@prksq.com,132,0.57999998,2023-01-25,2023-01-25,Angel,male,1,United States,North America,high,high,0,NA,0,NA,NA
2bfbf607e3c3a9dd9974913cf8e3e961@prksq.com,9,0.17,2023-01-25,2023-01-28,Angel,male,1,United States,North America,high,high,0,NA,0,NA,NA
2c1f01d934ccfa6ad462149317cc2c28@prksq.com,10,0.75,2023-01-24,2023-01-25,Angel,male,1,United States,North America,low,low,0,NA,0,NA,NA
2c3d15332a0a753ab3f602528ba8b307@prksq.com,302,0.33000001,2023-01-24,2023-01-24,Venture Capital,male,4,United States,North America,high,high,0,NA,0,NA,NA
2c402d7580c4aa4ef9283807e4600c69@prksq.com,15,1,2023-01-24,2023-01-26,Angel,female,1,United States,North America,high,high,0,NA,0,NA,NA
2c45073e9d3c7130d98f16e1797d5798@prksq.com,162,0.5,2023-01-25,2023-01-25,Angel,male,1,United States,North America,low,low,0,no specific reason,1,2023-01-25,0
2c46769a4e43b1e3c09607be4d73e219@prksq.com,69,1,2023-01-24,2023-01-29,Venture Capital,male,1,United Kingdom,Europe and Central Asia,high,high,0,NA,0,NA,NA
2c5adbd2f6dc90796dce35d03ac052f6@prksq.com,9,0.57999998,2023-01-25,2023-01-30,Angel,male,2,United States,North America,low,high,0,NA,0,NA,NA
2c601128bc1201708b3cd3a7e837f666@prksq.com,19,0.92000002,2023-01-24,2023-01-24,Angel,male,1,United States,North America,high,low,0,NA,0,NA,NA
2c62b8fa1e10046524a2d9aecc1ee110@prksq.com,149,0.92000002,2023-01-25,2023-01-30,Venture Capital,male,2,United Kingdom,Europe and Central Asia,low,high,0,NA,0,NA,NA
2c799d5cf0821265ed33140b2d3ab9f6@prksq.com,64,0.82999998,2023-01-25,2023-01-25,Angel,male,1,United States,North America,high,low,1,meeting,1,2023-01-27,1
2c7a5b986ab740f1c5e921f84274c3e7@prksq.com,656,1,2023-01-24,2023-01-24,Venture Capital,male,4,India,South Asia,high,low,0,NA,0,NA,NA
2c83f955d21f8cf46ac90a78e7b6e108@prksq.com,98,0.75,2023-01-24,2023-01-28,Angel,male,1,United States,North America,high,low,0,NA,0,NA,NA
2c869125f111d56960194a364c2f13ba@prksq.com,5,0.92000002,2023-01-24,2023-01-26,Angel,male,2,United States,North America,low,high,0,NA,0,NA,NA
2c9f782a72828400d52bd0c44b2a2abb@prksq.com,200,1,2023-01-25,2023-01-26,Venture Capital,female,14,United States,North America,low,low,0,NA,0,NA,NA
2cb34e7fdc91e549dd42964b8bcbdf3c@prksq.com,1174,1,2023-01-24,2023-01-24,Angel,male,1,United States,North America,low,high,1,formal application,1,2023-01-24,1
2cc01382e19b12e3b74c1c50c6186d19@prksq.com,66,0.079999998,2023-01-24,2023-01-24,Angel,male,1,United States,North America,high,low,0,NA,0,NA,NA
2cdf01982ed37014905a2b2bdbeefc29@prksq.com,770,0.079999998,2023-01-24,2023-01-24,Angel,male,1,United States,North America,high,low,1,meeting,1,2023-01-24,1
2ce967de1c04347837b0b413bc17f08f@prksq.com,309,0.41999999,2023-01-24,2023-01-25,Angel,male,1,United States,North America,high,high,1,more info/clarification,1,2023-01-25,1
2d0d779ecd03f8d3914c3cf2e5af3f41@prksq.com,70,0.5,2023-01-24,2023-01-26,Angel,male,1,United States,North America,high,high,0,NA,0,NA,NA
2d1588c5d7312886829d98908bd92c4f@prksq.com,58,1,2023-01-24,2023-01-24,Angel,male,1,United States,North America,low,low,0,NA,0,NA,NA
2d1c9298b024258defbc280de497e99f@prksq.com,112,0.82999998,2023-01-25,2023-01-27,Angel,male,1,United States,North America,low,low,0,NA,0,NA,NA
2d1db81620da146f3efa94d595b0b106@prksq.com,89,0.33000001,2023-01-24,2023-01-29,Angel,male,1,United States,North America,low,low,0,no specific reason,1,2023-01-29,0
2d2fcfd9a3db4fdca53d44f25a586d68@prksq.com,364,1,2023-01-24,2023-01-26,Angel,male,1,United States,North America,high,high,0,NA,0,NA,NA
2d307098a4ace2d21fae53304ce9218f@prksq.com,6,1,2023-01-25,2023-01-28,Venture Capital,male,1,United States,North America,low,low,0,NA,0,NA,NA
2d32f347428d3d486daa5d930b2f8159@prksq.com,126,0.92000002,2023-01-24,2023-01-27,Venture Capital,female,1,United States,North America,low,low,0,NA,0,NA,NA
2d5e92b4cd8c8d8a2c3e553bd97d81d9@prksq.com,112,0.41999999,2023-01-24,2023-01-25,Angel,male,1,United States,North America,low,low,0,NA,0,NA,NA
2d729bfc6fd91b46923ac147ea6255a0@prksq.com,33,0.079999998,2023-01-25,2023-01-28,Angel,male,1,Germany,Europe and Central Asia,low,low,0,NA,0,NA,NA
2d72ef5814cc45a74bd0bf677359c217@prksq.com,11,0.33000001,2023-01-24,2023-01-24,Angel,male,1,Israel,Middle East and North Africa,high,low,0,NA,0,NA,NA
2d7d882dcc5db9261d67b32a42b94c26@prksq.com,62,1,2023-01-24,2023-01-26,Venture Capital,female,3,United Kingdom,Europe and Central Asia,low,low,0,NA,0,NA,NA
2d9045179f4a15275cf91366e9128290@prksq.com,18,0.82999998,2023-01-25,2023-01-25,Venture Capital,male,2,United States,North America,high,low,0,NA,0,NA,NA
2d9cb69b6477946fabcb419b731b736a@prksq.com,263,0.25,2023-01-25,2023-01-25,Angel,male,1,United States,North America,high,low,0,NA,0,NA,NA
2d9fd7360f94e0e248300baf99935cab@prksq.com,49,0.5,2023-01-25,2023-01-25,Venture Capital,male,5,United States,North America,high,low,0,NA,0,NA,NA
2db9a2292b333debea482cb17f513596@prksq.com,186,0.67000002,2023-01-24,2023-01-27,Angel,male,1,United States,North America,low,high,0,NA,0,NA,NA
2dbf14e5fba462a73093ee1f9be0eea6@prksq.com,41,0.75,2023-01-24,2023-01-24,Angel,male,1,United States,North America,low,high,0,NA,0,NA,NA
2dd48f6aa09beb881ffbf9217eabbecc@prksq.com,59,0.33000001,2023-01-24,2023-01-24,Angel,male,1,United States,North America,high,low,0,NA,0,NA,NA
2dd66f56e1d0579122249565dbaaf2bf@prksq.com,31,0.17,2023-01-25,2023-01-26,Angel,male,1,United States,North America,low,low,0,NA,0,NA,NA
2dd6b82494ab2866a758aea7fb9e20ee@prksq.com,176,0.82999998,2023-01-24,2023-01-25,Angel,male,1,France,Europe and Central Asia,high,low,0,NA,0,NA,NA
2ddc18c698df84055bccef7840eb47af@prksq.com,249,1,2023-01-24,2023-01-27,Angel,male,2,United States,North America,low,high,0,NA,0,NA,NA
2df8a90446bf63dbb792a036aa52187d@prksq.com,80,1,2023-01-24,2023-01-25,Angel,male,1,United States,North America,low,high,1,formal application,1,2023-01-26,1
2dfbee5a1bbab88b6d44f08a9bce5a7a@prksq.com,61,0.57999998,2023-01-24,2023-01-24,Angel,male,1,Germany,Europe and Central Asia,high,high,1,more info/clarification,1,2023-01-24,1
2dfbfc8b4587b707d796fd2b8a6ff3f7@prksq.com,146,0.41999999,2023-01-24,2023-01-28,Angel,male,1,United States,North America,low,high,0,NA,0,NA,NA
2e147c7175054333e85e7cb26c859acf@prksq.com,253,1,2023-01-25,2023-01-26,Angel,male,1,United States,North America,low,high,0,NA,0,NA,NA
2e1e90d476807c787594176c51c8d65f@prksq.com,395,0.5,2023-01-25,2023-01-25,Angel,male,2,United States,North America,high,low,0,NA,0,NA,NA
2e2945aa021651d7b31dad726f458be1@prksq.com,228,1,2023-01-24,2023-01-26,Venture Capital,male,4,United States,North America,high,low,0,NA,0,NA,NA
2e2db03dbe060da0260a4dc2ee91976d@prksq.com,104,0.33000001,2023-01-25,2023-01-26,Angel,female,1,United States,North America,high,high,0,NA,0,NA,NA
2e3419fe6547202bf7fbb025e188f012@prksq.com,4,0.75,2023-01-24,2023-01-24,Angel,male,1,United States,North America,low,high,1,formal application,1,2023-01-26,1
2e455e559e7fc11ae2b543defa820345@prksq.com,306,1,2023-01-25,2023-01-26,Angel,female,1,United States,North America,high,low,0,NA,0,NA,NA
2e4d6edfc92d9c50b33314f00d76bff9@prksq.com,25,0.41999999,2023-01-25,2023-01-26,Angel,male,1,United States,North America,low,low,0,NA,0,NA,NA
2e5b89f294f2a01414a9c540a6683b72@prksq.com,33,0.67000002,2023-01-25,2023-01-25,Angel,male,1,United States,North America,low,low,0,investment strategy,1,2023-01-27,0
2e6469d5798b6615271adc045748ac19@prksq.com,276,1,2023-01-25,2023-01-26,Angel,male,1,United States,North America,low,high,0,NA,0,NA,NA
2e7328d4b30d9522732e371529255c3f@prksq.com,260,0.57999998,2023-01-25,2023-01-27,Venture Capital,male,3,Singapore,East Asia and Pacific,high,low,1,meeting,1,2023-01-27,1
2e7342e6835841dedbe578037814c024@prksq.com,12,0.41999999,2023-01-25,2023-01-25,Angel,male,1,United States,North America,low,high,0,NA,0,NA,NA
2e74d290548774348ed864675bc0aefd@prksq.com,53,0.82999998,2023-01-25,2023-01-27,Angel,female,5,United States,North America,low,low,0,NA,0,NA,NA
2e879a5e0c28600b38ca66bcb759675b@prksq.com,31,0.079999998,2023-01-25,2023-01-25,Venture Capital,male,1,United States,North America,low,high,0,NA,0,NA,NA
2e8985ac401274db6ce97f34e0417455@prksq.com,152,0.75,2023-01-25,2023-01-28,Angel,male,1,United States,North America,low,low,0,NA,0,NA,NA
2e8fab41594f4e844cc5e874a84d099e@prksq.com,24,0.079999998,2023-01-25,2023-01-25,Angel,female,2,United States,North America,high,low,0,NA,0,NA,NA
2e962b4eab844e9fa89ff4cc6f19d70c@prksq.com,317,0.5,2023-01-25,2023-01-26,Angel,male,1,United States,North America,high,low,1,meeting,1,2023-01-26,1
2e9f3491b8ad7664d44371a58e7be8f5@prksq.com,5,0.92000002,2023-01-25,2023-01-28,Angel,male,1,United States,North America,low,high,0,NA,0,NA,NA
2ea1ed9348f3c259f2b4e86217f7638e@prksq.com,82,0.82999998,2023-01-25,2023-01-27,Angel,male,1,United States,North America,high,high,1,more info/clarification,1,2023-01-27,1
2ea1f75ab280a159cf0a14e32c60521a@prksq.com,181,0.57999998,2023-01-25,2023-01-27,Angel,male,1,United States,North America,high,low,1,meeting,1,2023-01-27,1
2ea5e97613844c42aaff422df66cc498@prksq.com,181,1,2023-01-25,2023-01-27,Venture Capital,male,4,United States,North America,low,high,1,formal application,1,2023-01-27,1
2eb0c543efa409fea6d4d6ab13cc777b@prksq.com,183,1,2023-01-25,2023-01-25,Angel,male,1,United States,North America,high,high,0,NA,0,NA,NA
2eb68c4f257012b6f6c7017bfe72062b@prksq.com,61,0.82999998,2023-01-25,2023-01-27,Angel,male,1,United States,North America,high,high,0,NA,0,NA,NA
2ed990c9ce2b12eb6dfd648dda5ebf59@prksq.com,266,1,2023-01-25,2023-01-28,Angel,male,1,United States,North America,high,high,0,NA,0,NA,NA
2edb6afd3ff889d3f2e194a744923612@prksq.com,78,1,2023-01-25,2023-01-28,Angel,male,1,United States,North America,high,high,0,NA,0,NA,NA
2ee12163cbccdc490cebe7a707b1048a@prksq.com,173,0.25,2023-01-25,2023-01-25,Angel,male,1,China,East Asia and Pacific,high,low,0,NA,0,NA,NA
2ee740be96bd14cd4178b9d747c7ac4d@prksq.com,191,1,2023-01-25,2023-01-25,Angel,male,2,United Kingdom,Europe and Central Asia,high,high,0,NA,0,NA,NA
2eea896809b910fc6ec9d4574fb692a9@prksq.com,11,0.67000002,2023-01-25,2023-01-26,Angel,male,1,United States,North America,high,low,1,meeting,1,2023-01-26,1
2eee77bb783711af0b0350f1377c923e@prksq.com,18,1,2023-01-25,2023-01-27,Venture Capital,male,3,United States,North America,low,low,0,NA,0,NA,NA
2f0fc42024c313e8311e4fa096d7c209@prksq.com,143,1,2023-01-25,2023-01-25,Angel,male,1,United States,North America,high,high,0,NA,0,NA,NA
2f1e8599ba3f9703dd44fa5256ad795b@prksq.com,273,1,2023-01-25,2023-01-25,Angel,male,1,United States,North America,high,high,0,NA,0,NA,NA
2f272b59bddfd46fffe43eb79ee212da@prksq.com,226,0.75,2023-01-25,2023-01-30,Angel,male,1,United States,North America,high,high,0,NA,0,NA,NA
2f2d38cc6c39d6849c7e270e9bcd8571@prksq.com,344,0.92000002,2023-01-25,2023-01-25,Angel,male,2,United States,North America,high,high,1,more info/clarification,1,2023-02-12,1
2f39dda330b18a2b837722b62dcc9a7e@prksq.com,395,0.5,2023-01-25,2023-01-26,Angel,male,2,India,South Asia,high,high,0,NA,0,NA,NA
2f5a89aafc6dea8f21257984f2c558a7@prksq.com,33,1,2023-01-25,2023-01-26,Angel,male,1,United Kingdom,Europe and Central Asia,high,high,0,NA,0,NA,NA
2f5ec773aa851956f7f1a703aefbebd1@prksq.com,86,0.5,2023-01-25,2023-01-25,Angel,male,1,United States,North America,high,high,0,NA,0,NA,NA
2f6e0b3b3e1cf4537e2e4339139eaf6d@prksq.com,272,0.5,2023-01-25,2023-01-28,Angel,male,1,United States,North America,low,high,1,formal application,1,2023-01-28,1
2f8b9c7cda691cc49f62c0cd21325997@prksq.com,398,0.92000002,2023-01-25,2023-01-26,Angel,male,1,United States,North America,high,low,1,meeting,1,2023-01-26,1
2f9010143eb9f8a7e2641cc75d3f4bc3@prksq.com,153,1,2023-01-25,2023-01-25,Venture Capital,male,3,United States,North America,low,low,0,NA,0,NA,NA
2f9a188eaaf5d74c3113caecea7d2206@prksq.com,228,0.41999999,2023-01-25,2023-01-28,Angel,male,1,United States,North America,high,high,0,NA,0,NA,NA
2fa263831c0496403929e0eed4bf9c6e@prksq.com,91,1,2023-01-25,2023-01-27,Angel,male,1,United States,North America,low,low,0,no specific reason,1,2023-01-27,0
2fa7726563b1bb394799315d1b734b21@prksq.com,66,0.57999998,2023-01-25,2023-01-28,Angel,male,1,United States,North America,high,high,0,NA,0,NA,NA
2faec50051f02b901c77597cccdd5def@prksq.com,164,0.5,2023-01-25,2023-01-25,Venture Capital,male,5,United States,North America,low,low,0,NA,0,NA,NA
2fc01ed810119bfbb0e4656d7377ede5@prksq.com,381,1,2023-01-25,2023-01-26,Venture Capital,male,2,United States,North America,low,high,1,formal application,1,2023-01-29,1
2fe97850ecb73f66663601e7a6d1c6f4@prksq.com,5,0.67000002,2023-01-25,2023-01-25,Angel,female,1,United States,North America,high,low,0,NA,0,NA,NA
2ffbc77647fd5f3fe105cecbeca37d41@prksq.com,167,1,2023-01-25,2023-01-25,Angel,male,2,United States,North America,high,high,0,NA,0,NA,NA
30099bd685e470f9f323e182985f95a6@prksq.com,176,0.92000002,2023-01-25,2023-01-25,Angel,male,2,United States,North America,high,high,1,more info/clarification,1,2023-01-26,1
300b1a9d069da5b876e05ac49e4395e4@prksq.com,110,1,2023-01-25,2023-01-28,Angel,male,1,United States,North America,high,low,0,NA,0,NA,NA
3015c92fb0c71c49efb4cb0d7e2ebf54@prksq.com,231,0.41999999,2023-01-25,2023-01-25,Angel,male,1,United States,North America,low,high,0,NA,0,NA,NA
3028bfb1e97463320125780d1f9bd80e@prksq.com,52,0.92000002,2023-01-25,2023-01-25,Venture Capital,male,2,United States,North America,high,low,1,meeting,1,2023-01-30,1
303023fb5f9e1d6c627400f042a300da@prksq.com,33,0.5,2023-01-25,2023-01-27,Angel,male,2,United States,North America,low,low,0,NA,0,NA,NA
30326c09e3a0ae8f958ced1d323acfb4@prksq.com,28,0.33000001,2023-01-25,2023-01-26,Venture Capital,female,1,United States,North America,low,low,0,NA,0,NA,NA
30330f2ce6fc3bc0c782fae9a6df7181@prksq.com,105,0.41999999,2023-01-25,2023-01-28,Angel,male,1,United States,North America,high,low,0,NA,0,NA,NA
3046b6cde36a8a0eb9f894d7535b9626@prksq.com,34,0.17,2023-01-25,2023-01-25,Angel,male,1,United States,North America,high,low,0,NA,0,NA,NA
304ae2c7c9db5e1701ac4c470be855d1@prksq.com,141,0.67000002,2023-01-25,2023-01-28,Angel,male,1,United States,North America,low,low,0,NA,0,NA,NA
305bd343c40379c440d2b8f2c630bac6@prksq.com,154,1,2023-01-25,2023-01-27,Angel,male,1,United States,North America,low,low,0,NA,0,NA,NA
3061723eae1ad91a72980662895c13de@prksq.com,8,0.75,2023-01-25,2023-01-27,Angel,male,2,United States,North America,high,high,0,NA,0,NA,NA
307e1f1608cb34f174bf91cb98a18629@prksq.com,410,0.5,2023-01-25,2023-01-29,Venture Capital,male,3,United States,North America,high,low,0,NA,0,NA,NA
30846929f4bfbfbe012b6ac651c51af9@prksq.com,91,0.33000001,2023-01-25,2023-01-29,Venture Capital,male,5,United States,North America,low,low,0,NA,0,NA,NA
308d0d36cfa063ef40ab892f93938412@prksq.com,291,1,2023-01-25,2023-01-25,Angel,male,1,United States,North America,low,high,0,NA,0,NA,NA
308fac84933724e511a9928cc91cc024@prksq.com,88,0.92000002,2023-01-25,2023-01-27,Angel,male,1,United States,North America,low,low,0,NA,0,NA,NA
30b0760edd9f473bbc7438e09425d86d@prksq.com,445,0.25,2023-01-25,2023-01-29,Angel,male,1,United States,North America,high,low,0,NA,0,NA,NA
30b2d5bf2f5f4ad7f859e2a667a4d259@prksq.com,351,0.41999999,2023-01-25,2023-01-28,Angel,male,2,Canada,North America,low,high,0,NA,0,NA,NA
30b994a9bd9504906a10c2d4b423599d@prksq.com,376,1,2023-01-25,2023-01-27,Angel,male,2,Israel,Middle East and North Africa,high,low,0,NA,0,NA,NA
30be1621f45a27726ad211834d13a0c8@prksq.com,41,0.82999998,2023-01-25,2023-01-28,Angel,male,2,Germany,Europe and Central Asia,low,low,0,NA,0,NA,NA
30c269f78aaa949f8f387e61d58d5cc1@prksq.com,293,0.57999998,2023-01-25,2023-01-25,Angel,male,1,United States,North America,low,high,0,NA,0,NA,NA
30cab0ee2c78ac78862c4ef37f17de9c@prksq.com,438,0.57999998,2023-01-25,2023-01-30,Angel,male,1,United States,North America,high,low,0,NA,0,NA,NA
30dd7c164be4588228aa39dacc038094@prksq.com,94,0.82999998,2023-01-25,2023-01-25,Angel,male,2,United States,North America,low,high,0,NA,0,NA,NA
30eb8695970611d0156fb056fd3fa358@prksq.com,27,0.67000002,2023-01-25,2023-01-26,Angel,male,1,United States,North America,low,low,1,meeting,1,2023-01-26,1
30f146f2d82fd2ae8ceb3f17984a3709@prksq.com,6,0.079999998,2023-01-25,2023-01-27,Venture Capital,male,4,United States,North America,low,high,0,NA,0,NA,NA
310637f709f4acda3a20f7242ed1c927@prksq.com,120,1,2023-01-25,2023-01-27,Angel,male,1,United States,North America,low,low,0,NA,0,NA,NA
310d898ee27af5e30173974dacc9bc96@prksq.com,54,0.33000001,2023-01-25,2023-01-26,Angel,male,1,United Kingdom,Europe and Central Asia,low,low,0,NA,0,NA,NA
311d0a37270eec2f675aac849434e666@prksq.com,3,0.25,2023-01-25,2023-01-26,Angel,female,1,United States,North America,high,low,0,NA,0,NA,NA
312923567d2f8731d2aa20978b0438ce@prksq.com,185,0.17,2023-01-25,2023-01-27,Angel,male,1,United States,North America,high,low,0,NA,0,NA,NA
314a89e9bbbd27d0477f93dbdbe84cf6@prksq.com,57,0.25,2023-01-25,2023-01-25,Angel,male,1,United States,North America,low,low,0,NA,0,NA,NA
31519ece500c6873a5d3a0957511c330@prksq.com,284,1,2023-01-25,2023-01-27,Angel,male,1,United States,North America,high,low,0,NA,0,NA,NA
31579fe51842f425649bb1d1e6f9795c@prksq.com,146,0.75,2023-01-25,2023-01-27,Venture Capital,male,3,China,East Asia and Pacific,low,low,0,NA,0,NA,NA
3168cba793212939f3af146e19469d90@prksq.com,63,0.33000001,2023-01-25,2023-01-26,Venture Capital,male,2,United Kingdom,Europe and Central Asia,high,low,1,meeting,1,2023-01-26,1
318557172784aa58d4b4921f82a36008@prksq.com,4,0.92000002,2023-01-25,2023-01-28,Angel,male,1,United States,North America,low,high,1,formal application,1,2023-01-28,1
31958de0eea0b17c4069fd158e133533@prksq.com,125,0.57999998,2023-01-25,2023-01-27,Angel,male,1,Germany,Europe and Central Asia,low,low,0,NA,0,NA,NA
319ad682a9184df4cd98dcfb50ecbafc@prksq.com,267,0.5,2023-01-25,2023-01-28,Angel,male,1,United States,North America,low,high,1,formal application,1,2023-01-29,1
319b2e70c5cde0a53951112abae38638@prksq.com,126,0.92000002,2023-01-25,2023-01-30,Angel,male,1,United Kingdom,Europe and Central Asia,high,low,0,NA,0,NA,NA
319bab84f01798288bdbd6941756e9fa@prksq.com,20,0.67000002,2023-01-25,2023-01-26,Angel,male,1,United States,North America,low,low,0,NA,0,NA,NA
31ab3b2743a29612a923f2eb82fdccd6@prksq.com,141,1,2023-01-25,2023-01-26,Angel,female,1,United States,North America,low,high,0,NA,0,NA,NA
31af77aa5ccac631bb00e2dac7abd9c2@prksq.com,416,0.25,2023-01-25,2023-01-25,Angel,female,1,United States,North America,low,high,0,NA,0,NA,NA
31bdb43eef25522559a24c6147b2c824@prksq.com,88,0.17,2023-01-25,2023-01-27,Angel,male,1,United Kingdom,Europe and Central Asia,high,high,0,NA,0,NA,NA
31bf6a19b5e16b9b12702eed82fd549e@prksq.com,186,0.41999999,2023-01-25,2023-01-26,Venture Capital,male,1,United States,North America,low,high,0,NA,0,NA,NA
31c62660d5aabec264c630305830f1d4@prksq.com,284,0.82999998,2023-01-25,2023-01-25,Angel,male,1,United States,North America,high,low,1,formal application,1,2023-01-26,1
31cd7a228986e6f640e26d46a7bd8c4c@prksq.com,136,0.5,2023-01-25,2023-01-26,Angel,male,1,United States,North America,low,low,0,NA,0,NA,NA
31db4450adf68b9a523772739cb8e728@prksq.com,9,0.67000002,2023-01-25,2023-01-28,Angel,male,1,United States,North America,low,low,0,NA,0,NA,NA
31e52ae555f5bc47ea93367b23b81a15@prksq.com,255,1,2023-01-25,2023-01-26,Angel,male,1,India,South Asia,high,high,0,NA,0,NA,NA
31e87a3dca027fc7b0c2250ad7860019@prksq.com,180,0.33000001,2023-01-25,2023-01-25,Angel,male,1,United States,North America,low,low,0,NA,0,NA,NA
31ee4ef53a63d77ed5dc533b8575b5da@prksq.com,184,0.57999998,2023-01-25,2023-01-29,Angel,male,2,United States,North America,high,low,0,NA,0,NA,NA
32029857ab2caee113a2b61099547106@prksq.com,264,1,2023-01-25,2023-01-27,Angel,male,2,United States,North America,high,high,0,NA,0,NA,NA
3202f713524c7f9846f8a3138db7cf67@prksq.com,3,0.92000002,2023-01-25,2023-01-25,Angel,male,1,United States,North America,high,low,1,formal application,1,2023-01-25,1
3206a101e94877eb6545b9a261df8df9@prksq.com,43,0.75,2023-01-25,2023-01-27,Angel,male,1,United States,North America,high,high,1,more info/clarification,1,2023-01-28,1
3207ea61f1bc5203f7e5c2907d924e70@prksq.com,581,0.41999999,2023-01-25,2023-01-26,Venture Capital,male,2,United States,North America,high,high,0,NA,0,NA,NA
320ff6e0f799bb4ede1efb734499bb4a@prksq.com,209,0.25,2023-01-25,2023-01-25,Angel,male,1,United States,North America,high,low,1,formal application,1,2023-01-27,1
321c7a1a0bc3a3ac6947836308e9eb39@prksq.com,55,0.75,2023-01-25,2023-01-26,Angel,male,1,United States,North America,high,low,0,NA,0,NA,NA
321f6f4f8bc6de6b9a285fddbb03c818@prksq.com,124,0.92000002,2023-01-25,2023-01-27,Angel,male,1,United States,North America,high,high,0,NA,0,NA,NA
324ed7816c194df7d55f55f36ab0beeb@prksq.com,29,0.079999998,2023-01-25,2023-01-25,Venture Capital,male,4,United States,North America,low,low,0,NA,0,NA,NA
325e1f2ff9da59e2fb0f215278aea7f5@prksq.com,9,0.25,2023-01-25,2023-01-26,Angel,male,1,United States,North America,low,high,0,NA,0,NA,NA
32644db4b00d4066b68e07ad1ae9e3c7@prksq.com,117,0.92000002,2023-01-25,2023-01-26,Angel,male,1,United States,North America,high,low,0,NA,0,NA,NA
3294b7e8767e3077dddb7d704ba5d1f4@prksq.com,207,0.41999999,2023-01-25,2023-01-25,Venture Capital,male,4,United States,North America,low,high,0,NA,0,NA,NA
329bc2a726c2824e74899dff64ec2910@prksq.com,80,0.33000001,2023-01-25,2023-01-25,Angel,male,1,United States,North America,high,high,0,NA,0,NA,NA
32a0f5ca24f9c2e5a3202d3b07ff9a9c@prksq.com,7,0.57999998,2023-01-25,2023-01-25,Angel,female,1,United States,North America,low,high,0,NA,0,NA,NA
32acaf6b4f8d1bef5b5c39f28a4abc3e@prksq.com,194,0.82999998,2023-01-25,2023-01-27,Angel,male,1,United States,North America,high,low,1,formal application,1,2023-01-29,1
32b99918c7c0d10cbee8ef6328eace4e@prksq.com,35,0.75,2023-01-25,2023-01-28,Angel,male,1,United Kingdom,Europe and Central Asia,low,low,0,NA,0,NA,NA
32c4fc78b4572ec70bcf0663be36d42c@prksq.com,133,0.82999998,2023-01-25,2023-01-25,Angel,male,2,India,South Asia,low,low,0,NA,0,NA,NA
32d41afa6b7974f9b719ed132e324b23@prksq.com,106,0.57999998,2023-01-25,2023-01-27,Angel,male,1,United States,North America,low,low,0,NA,0,NA,NA
32d4e647cfa485ce7a8d3c1e81e0ff2b@prksq.com,137,0.75,2023-01-25,2023-01-25,Venture Capital,female,1,United States,North America,low,low,0,NA,0,NA,NA
32de13f7e205ffa01af9f18630cf71ba@prksq.com,64,0.67000002,2023-01-25,2023-01-28,Angel,male,1,United States,North America,high,low,1,formal application,1,2023-01-28,1
32fa6d190976b5fa0c38c38e0beec668@prksq.com,483,0.75,2023-01-25,2023-01-28,Angel,female,1,United States,North America,high,high,0,NA,0,NA,NA
3309043080f145aa6f5f3b20e2a037ae@prksq.com,200,0.41999999,2023-01-25,2023-01-25,Angel,male,1,United States,North America,high,low,1,formal application,1,2023-01-28,1
332e36957ab6cd577a752a9c426bce78@prksq.com,216,0.67000002,2023-01-26,2023-01-28,Angel,male,1,United States,North America,high,low,0,NA,0,NA,NA
3346d9079fb4407ca3d1b1f51415851b@prksq.com,131,0.25,2023-01-25,2023-01-29,Angel,male,1,United States,North America,low,low,0,NA,0,NA,NA
334812dae037100116e1f0732c8664a2@prksq.com,56,0.5,2023-01-26,2023-01-27,Angel,male,1,United States,North America,low,low,0,NA,0,NA,NA
33602d513c38f6797a2f8c78771cb3ae@prksq.com,520,0.82999998,2023-01-26,2023-01-29,Venture Capital,male,4,United States,North America,high,low,0,NA,0,NA,NA
33651c430d76a034c70165f88b5a697d@prksq.com,29,0.079999998,2023-01-26,2023-01-26,Angel,male,2,United States,North America,high,high,0,NA,0,NA,NA
337493fbeb47179457a062fd692cfd1d@prksq.com,136,0.92000002,2023-01-26,2023-01-26,Angel,male,2,United States,North America,high,low,1,formal application,1,2023-01-26,1
338e45935c0bf024189f02e42373b0fe@prksq.com,188,0.57999998,2023-01-26,2023-01-29,Angel,male,1,Germany,Europe and Central Asia,low,low,1,meeting,1,2023-01-29,1
339616f7edc2347a9beeedf3c11ad824@prksq.com,334,0.57999998,2023-01-25,2023-01-25,Angel,male,1,United States,North America,high,high,0,NA,0,NA,NA
33a2b81d1b7f1906927cea20640a7cdc@prksq.com,95,0.75,2023-01-26,2023-01-30,Angel,male,1,United States,North America,high,high,0,NA,0,NA,NA
33d0b7dc8049f00124ba506b6d62456a@prksq.com,156,0.25,2023-01-25,2023-01-26,Angel,male,1,Germany,Europe and Central Asia,high,low,1,formal application,1,2023-01-26,1
33d2fa0108b746902595b12d8bd0cb36@prksq.com,536,0.92000002,2023-01-26,2023-01-27,Angel,male,1,United States,North America,high,high,0,NA,0,NA,NA
33e0ec4ae297dc9bf29f67d3f658331c@prksq.com,31,0.75,2023-01-26,2023-01-28,Angel,male,1,United States,North America,high,low,0,NA,0,NA,NA
3402abeae803424f80fef4187c4c7eea@prksq.com,408,0.92000002,2023-01-25,2023-01-28,Angel,male,1,United States,North America,low,low,1,meeting,1,2023-02-02,1
342caebd6ff71a45c30a02d461c5a9e2@prksq.com,138,0.75,2023-01-26,2023-01-29,Angel,male,2,United States,North America,low,high,0,NA,0,NA,NA
34460cdefa3e3a3ddeef0ac4b253c829@prksq.com,217,0.5,2023-01-26,2023-01-26,Angel,male,1,United States,North America,low,high,1,formal application,1,2023-01-26,1
349bc29f57feb2516a3a0e874fee3af6@prksq.com,239,0.82999998,2023-01-26,2023-01-30,Angel,male,1,United States,North America,high,high,0,NA,0,NA,NA
34cdb35c5a226f5b7c6f6d7731e01e61@prksq.com,71,1,2023-01-26,2023-01-29,Venture Capital,male,2,United States,North America,low,high,0,NA,0,NA,NA
34d79b3264277ea342f6cbc530c5ea0d@prksq.com,196,0.75,2023-01-26,2023-01-28,Angel,male,2,United States,North America,low,high,1,formal application,1,2023-01-29,1
34f358a20049e7e11ee98692b63f5d3c@prksq.com,70,0.92000002,2023-01-26,2023-01-28,Angel,male,1,United States,North America,high,low,0,NA,0,NA,NA
34fa473149881425d9f4296f9edda90c@prksq.com,49,0.92000002,2023-01-26,2023-01-29,Venture Capital,male,1,United States,North America,high,low,0,NA,0,NA,NA
350bc8a779ee106df2f86627836eb295@prksq.com,11,0.75,2023-01-26,2023-01-28,Venture Capital,male,3,United States,North America,high,low,1,formal application,1,2023-01-29,1
3523bd3115d7ece3a71ec5578dfa245d@prksq.com,33,0.41999999,2023-01-26,2023-01-30,Venture Capital,male,2,United States,North America,low,high,0,NA,0,NA,NA
353c043d2a766dd5efb7e9a45a56bc25@prksq.com,222,1,2023-01-26,2023-01-27,Angel,male,1,United States,North America,low,low,0,NA,0,NA,NA
35407027bd3314af3a07106940548a3f@prksq.com,311,0.92000002,2023-01-26,2023-01-28,Angel,female,1,United States,North America,low,high,0,NA,0,NA,NA
3543e5eee2d7cc83b8fd1790c86daecc@prksq.com,46,1,2023-01-26,2023-01-27,Angel,male,1,United States,North America,high,low,0,NA,0,NA,NA
354445ee219673de1b7071404ad527c2@prksq.com,126,1,2023-01-26,2023-01-26,Angel,male,1,United States,North America,low,low,0,NA,0,NA,NA
3547b536527094f7b970bf7db2e75804@prksq.com,51,1,2023-01-25,2023-01-27,Angel,female,1,United States,North America,low,low,0,NA,0,NA,NA
3547be49fb578bb67d7c9681aa3b7ece@prksq.com,258,0.67000002,2023-01-26,2023-01-27,Angel,male,1,Germany,Europe and Central Asia,low,low,0,no specific reason,1,2023-01-28,0
3548cdc6b6a98e683511d7378a3f7707@prksq.com,42,0.5,2023-01-26,2023-01-28,Angel,male,1,United States,North America,high,low,0,NA,0,NA,NA
354f8fe3f63aeeb442be993feaa0fbbd@prksq.com,339,0.57999998,2023-01-26,2023-01-27,Venture Capital,male,2,United States,North America,high,high,0,NA,0,NA,NA
355cc21bd74b81eacdd1eb1ab94f54a8@prksq.com,243,0.33000001,2023-01-26,2023-01-27,Angel,male,1,United States,North America,high,low,0,NA,0,NA,NA
356460daf727df2d2a74b2251ad36325@prksq.com,121,0.82999998,2023-01-26,2023-01-26,Angel,male,1,United States,North America,high,low,0,NA,0,NA,NA
3565527938e0c1fb92254c3766e4cc77@prksq.com,218,0.67000002,2023-01-26,2023-01-26,Venture Capital,male,3,United States,North America,low,high,1,formal application,1,2023-01-26,1
356f1fc05e375de655e5a53429acd012@prksq.com,405,1,2023-01-26,2023-01-28,Angel,male,1,United States,North America,high,high,0,NA,0,NA,NA
35748b89ff41994bc443e649dcb290d2@prksq.com,20,0.41999999,2023-01-26,2023-01-29,Angel,male,1,United States,North America,high,high,0,NA,0,NA,NA
3578007be557d04a8c815a1c4c3d114b@prksq.com,170,0.82999998,2023-01-26,2023-01-28,Angel,male,1,United States,North America,high,low,1,formal application,1,2023-01-28,1
357bd11583b61312e26a9e6a3299599c@prksq.com,153,0.33000001,2023-01-25,2023-01-28,Angel,female,1,United States,North America,high,low,0,NA,0,NA,NA
3588dbca2daa551f84b7b328435cfd49@prksq.com,30,0.079999998,2023-01-25,2023-01-26,Angel,male,1,United States,North America,high,low,1,more info/clarification,1,2023-01-26,1
359919fc80eda621dedc325dca48f3ce@prksq.com,10,1,2023-01-26,2023-01-29,Angel,male,1,United States,North America,high,high,0,NA,0,NA,NA
35a691213610853d0aa4d4ca61a4e013@prksq.com,19,0.17,2023-01-26,2023-01-28,Angel,male,2,United States,North America,low,high,1,formal application,1,2023-01-28,1
35a6fd95db154136ba8aaa6dcd09edeb@prksq.com,31,0.079999998,2023-01-26,2023-01-26,Venture Capital,male,5,United Kingdom,Europe and Central Asia,low,high,1,formal application,1,2023-01-26,1
35b086b48465db6b72115e4106d95471@prksq.com,209,0.41999999,2023-01-26,2023-01-29,Angel,male,1,United States,North America,high,low,1,more info/clarification,1,2023-01-29,1
35b7a61f757e77ad5daa3b0d284fcb8d@prksq.com,84,0.25,2023-01-26,2023-01-29,Angel,male,1,United Kingdom,Europe and Central Asia,low,low,0,NA,0,NA,NA
35c303c22ab831ec37df51861a83b39c@prksq.com,53,1,2023-01-26,2023-01-31,Angel,male,1,United States,North America,low,high,0,NA,0,NA,NA
35efbafcd27f23f55e0b1e04a0ce5d27@prksq.com,478,0.92000002,2023-01-26,2023-01-30,Angel,male,1,United States,North America,high,high,1,more info/clarification,1,2023-01-31,1
35fe3fa00a3c6d8edbe61cdc95907375@prksq.com,96,0.82999998,2023-01-25,2023-01-27,Angel,male,1,India,South Asia,high,high,0,NA,0,NA,NA
361443411b68c374e55f746d1b80a823@prksq.com,186,1,2023-01-25,2023-01-25,Angel,male,1,United Kingdom,Europe and Central Asia,high,high,0,NA,0,NA,NA
36195cbb5503250ea0476ddbafeaa207@prksq.com,193,1,2023-01-26,2023-01-28,Angel,male,1,Canada,North America,low,low,0,NA,0,NA,NA
36216129c1b5ab1216ad1e549eef250f@prksq.com,128,0.57999998,2023-01-26,2023-01-27,Angel,male,2,United States,North America,high,low,0,NA,0,NA,NA
362b9c26b02db98d0fa4f0c05532c1a3@prksq.com,122,0.33000001,2023-01-26,2023-01-27,Angel,female,1,United States,North America,low,low,0,NA,0,NA,NA
362efb6691919d2baf67c0b4351cb25e@prksq.com,55,0.079999998,2023-01-26,2023-01-29,Venture Capital,male,2,United States,North America,high,high,0,NA,0,NA,NA
36320f91cc1da6c2fd1808923e72507b@prksq.com,96,0.82999998,2023-01-26,2023-01-26,Angel,male,1,United States,North America,low,low,0,NA,0,NA,NA
36341440b6ce1efb461c67b86cc58a1c@prksq.com,123,0.33000001,2023-01-26,2023-01-29,Angel,male,1,United States,North America,high,low,1,more info/clarification,1,2023-01-29,1
3639bc7fabab9cf3d840fde05961e66d@prksq.com,36,0.75,2023-01-26,2023-01-27,Angel,male,1,United States,North America,high,high,1,more info/clarification,1,2023-01-27,1
364bdf3595091356fc625d0fc6c204ea@prksq.com,194,0.33000001,2023-01-26,2023-01-28,Angel,male,1,United States,North America,high,low,0,NA,0,NA,NA
364ea66e3a9198d1e252223930b46acc@prksq.com,56,0.25,2023-01-26,2023-01-28,Angel,male,1,United States,North America,high,low,0,NA,0,NA,NA
365a82986a5e15c77a7ae408e8c50d9d@prksq.com,26,0.67000002,2023-01-25,2023-01-28,Venture Capital,male,1,United States,North America,low,low,0,NA,0,NA,NA
36620d0765b794fb124fbb3347600fd0@prksq.com,153,0.57999998,2023-01-26,2023-01-27,Angel,male,1,United Kingdom,Europe and Central Asia,low,high,0,NA,0,NA,NA
367ea552b712d4d6959fc16d7d10e21d@prksq.com,15,0.41999999,2023-01-26,2023-01-27,Angel,male,1,United States,North America,high,high,1,more info/clarification,1,2023-01-27,1
36875330d9b144690ee4be5c987f4458@prksq.com,35,0.57999998,2023-01-26,2023-01-27,Angel,male,1,Israel,Middle East and North Africa,low,high,1,formal application,1,2023-01-28,1
369f6f09257f2ab695a740ce87c9efce@prksq.com,115,0.57999998,2023-01-26,2023-01-27,Angel,male,1,United States,North America,low,high,0,NA,0,NA,NA
36a704fedfade4d17e6df61238743259@prksq.com,53,0.57999998,2023-01-25,2023-01-28,Angel,female,1,United States,North America,low,low,0,no specific reason,1,2023-01-28,0
36a7695a3dec9d337a60b14f15a1944a@prksq.com,234,0.82999998,2023-01-26,2023-01-26,Angel,male,1,United States,North America,high,high,1,more info/clarification,1,2023-01-27,1
36b24bb1e45dcd3c4be5bcc9e47340cc@prksq.com,62,0.75,2023-01-25,2023-01-28,Angel,male,1,United States,North America,high,low,0,NA,0,NA,NA
36c940bed2ec4e1467197f74a0ce4a08@prksq.com,91,0.92000002,2023-01-26,2023-01-27,Venture Capital,male,4,United States,North America,low,high,0,NA,0,NA,NA
36cb6728dcdcf071a941d78ebf6d89d7@prksq.com,29,0.67000002,2023-01-26,2023-01-27,Angel,male,2,United States,North America,low,high,0,NA,0,NA,NA
36ccfc89444a0ae24c54862a3ec7649c@prksq.com,31,0.079999998,2023-01-26,2023-01-26,Venture Capital,male,5,United States,North America,low,high,0,NA,0,NA,NA
36d6b9af6c2707c2e9554e7012c4a673@prksq.com,119,1,2023-01-26,2023-01-28,Angel,male,1,United States,North America,low,low,0,NA,0,NA,NA
36e6f7c6eb189811af35f62f52426e66@prksq.com,408,1,2023-01-26,2023-01-29,Venture Capital,male,5,Canada,North America,low,high,1,formal application,1,2023-01-29,1
36e744c83eefe0c1f823042db7ac1f45@prksq.com,126,1,2023-01-26,2023-01-27,Angel,male,1,United States,North America,low,high,0,NA,0,NA,NA
36f2565eb7a97a1b6acd1039736be422@prksq.com,142,1,2023-01-26,2023-01-26,Angel,male,1,United States,North America,high,high,0,NA,0,NA,NA
36f608667179e1229869a334ff38ab51@prksq.com,176,0.67000002,2023-01-26,2023-01-26,Venture Capital,male,2,France,Europe and Central Asia,low,high,0,NA,0,NA,NA
370ac4ab9dd543f66b32c323d84a609c@prksq.com,18,0.25,2023-01-26,2023-01-26,Angel,male,1,United States,North America,low,low,0,NA,0,NA,NA
371eb34f4651abcc1829d75cb79590f4@prksq.com,325,0.41999999,2023-01-25,2023-01-25,Angel,male,1,United States,North America,high,high,0,NA,0,NA,NA
3726733c3f03c8a0b0147e1ea287f09e@prksq.com,252,0.25,2023-01-26,2023-01-28,Angel,male,2,United States,North America,low,high,0,NA,0,NA,NA
373b44c6161311c15c81bb4f258d262b@prksq.com,388,0.57999998,2023-01-26,2023-01-28,Angel,male,1,United States,North America,low,high,0,NA,0,NA,NA
3749bb7124b4322cde249daa1976d328@prksq.com,99,1,2023-01-26,2023-01-29,Angel,female,1,United States,North America,low,low,0,NA,0,NA,NA
3761d6a5532293efdd6fffef59127fc9@prksq.com,186,1,2023-01-26,2023-01-28,Angel,male,1,United States,North America,low,low,0,no specific reason,1,2023-02-07,0
37626f454793695778c66696af52ce61@prksq.com,63,0.67000002,2023-01-26,2023-01-26,Angel,male,2,United States,North America,high,low,0,NA,0,NA,NA
3780b9d3b430160d05eb2c5e1ad1704c@prksq.com,376,0.82999998,2023-01-25,2023-01-26,Angel,male,1,United States,North America,high,high,0,NA,0,NA,NA
37dac20bf13d3d283d7d6a75f736651d@prksq.com,97,0.82999998,2023-01-26,2023-01-27,Angel,male,1,United Kingdom,Europe and Central Asia,low,high,0,NA,0,NA,NA
37f3b789c66682ed09e84d7773ee04b7@prksq.com,376,1,2023-01-26,2023-01-28,Angel,male,1,United States,North America,low,low,0,no specific reason,1,2023-01-29,0
38214117c33ba3aa9f45e683a2a460d8@prksq.com,346,0.92000002,2023-01-26,2023-01-27,Angel,male,1,United States,North America,low,high,0,NA,0,NA,NA
3839d7b21ccfcb6eda5b5f154d6c56c3@prksq.com,16,0.92000002,2023-01-26,2023-01-26,Angel,male,1,United States,North America,high,low,0,NA,0,NA,NA
383c2f5d98478e4c30e87ae9767435ca@prksq.com,87,0.079999998,2023-01-26,2023-01-27,Angel,male,1,United States,North America,low,high,0,NA,0,NA,NA
3842f8e2e4bdd800688c805f8e681044@prksq.com,35,1,2023-01-26,2023-01-28,Angel,male,1,United States,North America,low,high,0,NA,0,NA,NA
384eff583998b0738a6bc10b0af27e01@prksq.com,139,0.92000002,2023-01-26,2023-01-29,Venture Capital,male,2,Brazil,Latin America and Caribbean,high,low,1,more info/clarification,1,2023-01-30,1
385723ed5459142f29ba523c1af900ff@prksq.com,18,0.25,2023-01-26,2023-01-29,Venture Capital,male,2,United Kingdom,Europe and Central Asia,high,low,0,NA,0,NA,NA
38661910df95ce37ebb28f97f565d40b@prksq.com,69,0.92000002,2023-01-26,2023-01-26,Angel,male,1,United States,North America,high,high,0,NA,0,NA,NA
38710daa149c9e620afba373c3687759@prksq.com,227,0.92000002,2023-01-27,2023-01-30,Angel,male,1,United States,North America,low,high,1,formal application,1,2023-01-31,1
387c761cd4d34aed29b464d29cd92a66@prksq.com,79,1,2023-01-26,2023-01-29,Angel,male,1,Canada,North America,low,low,0,NA,0,NA,NA
388639de350d79500c59f00f03a51091@prksq.com,80,0.41999999,2023-01-27,2023-01-29,Angel,male,2,United States,North America,high,high,0,NA,0,NA,NA
388c4db3f9295e7a568eeb6da5ddef9b@prksq.com,64,0.5,2023-01-27,2023-01-28,Angel,male,1,United States,North America,high,low,0,NA,0,NA,NA
3892460721cf13af73b6d155bca1535b@prksq.com,31,0.079999998,2023-01-27,2023-01-27,Venture Capital,male,3,United States,North America,low,high,0,NA,0,NA,NA
3897e999262638f0db235fc72478fec7@prksq.com,58,1,2023-01-26,2023-01-28,Angel,female,1,United States,North America,high,low,0,NA,0,NA,NA
38b22ce7c1abf5d916d74ed0d40415f1@prksq.com,159,0.67000002,2023-01-27,2023-01-30,Angel,male,2,United States,North America,low,high,0,NA,0,NA,NA
38b34aad7c3f14ee4413c2b4465cf37c@prksq.com,75,0.82999998,2023-01-26,2023-01-26,Venture Capital,male,5,United States,North America,low,low,0,NA,0,NA,NA
38b4a10a2bc25e69ded9bfb3a627384f@prksq.com,29,0.079999998,2023-01-27,2023-01-27,Angel,male,7,United States,North America,low,low,0,NA,0,NA,NA
38b9e16c7cefc990ed5928ab5c07a7ff@prksq.com,324,1,2023-01-26,2023-01-26,Venture Capital,female,1,United States,North America,low,low,0,NA,0,NA,NA
38bc2b1fd3419f0d6e741061d35dd070@prksq.com,4,1,2023-01-26,2023-01-27,Angel,male,1,United States,North America,high,high,0,NA,0,NA,NA
38c26acfbb3782a89d84f3c1059c1768@prksq.com,51,1,2023-01-26,2023-01-29,Angel,male,1,United States,North America,low,low,0,NA,0,NA,NA
38d31ac6955c0d8520c50dc8b7029124@prksq.com,29,0.75,2023-01-26,2023-01-28,Angel,male,1,United States,North America,high,low,0,NA,0,NA,NA
38d8106a968e3061bb2d3505e9060365@prksq.com,34,0.67000002,2023-01-26,2023-01-27,Venture Capital,male,5,Canada,North America,low,low,0,no specific reason,1,2023-01-27,0
38e5c6d02f28cdb24da51123f321546a@prksq.com,24,0.57999998,2023-01-27,2023-02-06,Angel,male,1,United States,North America,high,low,0,NA,0,NA,NA
38fdb88997cc096b4f162445c471a6a7@prksq.com,17,0.92000002,2023-01-27,2023-01-30,Angel,male,1,United States,North America,high,high,1,more info/clarification,1,2023-01-31,1
391adcc7a72f055aacb11d1be90c63c4@prksq.com,136,0.41999999,2023-01-27,2023-01-28,Venture Capital,male,4,United States,North America,low,low,0,NA,0,NA,NA
391c0af50b83f1558898e0872940120d@prksq.com,183,1,2023-01-27,2023-01-29,Angel,male,1,United Kingdom,Europe and Central Asia,high,high,0,NA,0,NA,NA
3925ed28ddc0c524563efd33fb8fa3c0@prksq.com,90,0.67000002,2023-01-26,2023-01-27,Venture Capital,male,3,United States,North America,high,high,1,more info/clarification,1,2023-01-27,1
39361c882cc00d7aa1efeaee5cb6c2a0@prksq.com,297,0.67000002,2023-01-27,2023-01-29,Angel,female,1,United States,North America,high,high,0,NA,0,NA,NA
3968cb0b4f9e3d1743cf1ae88cfae87d@prksq.com,45,0.25,2023-01-26,2023-01-30,Angel,male,1,United States,North America,low,high,0,NA,0,NA,NA
3970eb47a503d80176b84f3d58be4a65@prksq.com,150,0.57999998,2023-01-26,2023-01-28,Angel,male,1,United States,North America,high,low,1,more info/clarification,1,2023-01-28,1
39874cf0cd4f74c82f45bc770d3d98cd@prksq.com,63,0.75,2023-01-26,2023-01-26,Angel,male,1,United Kingdom,Europe and Central Asia,high,low,0,NA,0,NA,NA
3990cee77a8968b754049101c2fd1cc1@prksq.com,202,0.57999998,2023-01-26,2023-01-27,Venture Capital,male,2,United States,North America,high,low,0,NA,0,NA,NA
3994e549f4ad4b7b5586b5e66a9e3d31@prksq.com,34,0.079999998,2023-01-27,2023-01-27,Angel,male,1,United Kingdom,Europe and Central Asia,high,high,0,NA,0,NA,NA
39a30cf44d0fd6b8e9404c6d6cd82f13@prksq.com,80,0.92000002,2023-01-27,2023-01-27,Venture Capital,male,5,United States,North America,high,high,0,NA,0,NA,NA
39a53b56a0b3f276b75a9e08a37edb5c@prksq.com,27,1,2023-01-26,2023-01-30,Venture Capital,male,3,Israel,Middle East and North Africa,low,low,0,NA,0,NA,NA
39c7082fbdaa9566930ab48964c8ba53@prksq.com,43,1,2023-01-27,2023-01-28,Angel,male,1,United States,North America,low,high,0,NA,0,NA,NA
39d75211bfc3ae6d958ed9d54e9dab4f@prksq.com,240,0.33000001,2023-01-27,2023-01-29,Angel,male,1,United States,North America,high,low,0,NA,0,NA,NA
39dafc078e46d4cde7655be054ac4558@prksq.com,125,0.82999998,2023-01-26,2023-01-26,Venture Capital,male,1,United States,North America,high,low,0,NA,0,NA,NA
39dbcb0eed2a107a4b2f2625c4446ddf@prksq.com,118,0.67000002,2023-01-27,2023-01-29,Angel,male,1,United States,North America,low,low,0,NA,0,NA,NA
39ddadcd1b7a686cadc00cbf7d5587c0@prksq.com,137,1,2023-01-26,2023-01-28,Angel,male,2,United States,North America,low,low,0,no specific reason,1,2023-01-30,0
39f8a0f4e16951643424463a7ccde451@prksq.com,91,0.75,2023-01-26,2023-01-28,Angel,male,1,United States,North America,high,low,0,NA,0,NA,NA
3a0183870e8e261fe4ce22229d54157d@prksq.com,169,0.5,2023-01-26,2023-01-26,Angel,male,1,United States,North America,low,low,0,NA,0,NA,NA
3a118277728c5d710fe5d6e051e49dc8@prksq.com,23,0.92000002,2023-01-27,2023-01-29,Angel,male,1,United States,North America,high,low,0,NA,0,NA,NA
3a3ce647b195676637c3bfcced45c909@prksq.com,29,0.92000002,2023-01-26,2023-01-29,Angel,male,1,Israel,Middle East and North Africa,low,high,1,more info/clarification,1,2023-01-29,1
3a3f9b2530253f76090c2722d723a8a6@prksq.com,163,1,2023-01-27,2023-01-29,Venture Capital,male,2,United States,North America,low,high,0,NA,0,NA,NA
3a46664b45ddb367a53714802dc46b90@prksq.com,41,0.25,2023-01-27,2023-01-31,Angel,male,2,United Kingdom,Europe and Central Asia,low,low,0,NA,0,NA,NA
3a546aca8d166b3806080971dca0bede@prksq.com,146,0.92000002,2023-01-26,2023-01-28,Angel,male,1,United States,North America,high,low,0,NA,0,NA,NA
3a5ba4d5862f51c6f394f8601a3a2748@prksq.com,147,0.33000001,2023-01-26,2023-01-27,Angel,male,2,United States,North America,low,low,0,other,1,2023-01-28,0
3a63a2889f0ff69f71d297d81bd8b4ae@prksq.com,88,1,2023-01-26,2023-01-27,Angel,male,1,United States,North America,high,high,0,NA,0,NA,NA
3a655efc5d6617fd4b3cc16cae4dcafa@prksq.com,42,0.67000002,2023-01-27,2023-01-27,Venture Capital,male,1,United States,North America,low,high,0,NA,0,NA,NA
3a755bcc5c13c8833454adf686ef3193@prksq.com,103,0.5,2023-01-26,2023-01-26,Angel,male,1,United Kingdom,Europe and Central Asia,high,low,0,NA,0,NA,NA
3a856bbc3b050b1399647b63c612ec0b@prksq.com,114,0.92000002,2023-01-26,2023-01-29,Angel,male,1,United States,North America,low,high,1,more info/clarification,1,2023-01-31,1
3a9b7a1852235ec8792a2dcc9c0d4560@prksq.com,82,0.92000002,2023-01-26,2023-01-26,Angel,male,3,United Kingdom,Europe and Central Asia,high,high,0,NA,0,NA,NA
3a9c5c458079c4ba42f710a44dcec880@prksq.com,152,0.82999998,2023-01-26,2023-01-26,Angel,male,2,United States,North America,high,low,0,NA,0,NA,NA
3aa06341d56aef0fb1e7969f11d49c63@prksq.com,157,1,2023-01-26,2023-01-29,Angel,male,2,United Kingdom,Europe and Central Asia,low,high,0,NA,0,NA,NA
3aaf40afc0b256fa13fdd0be644aaddf@prksq.com,93,1,2023-01-27,2023-01-29,Angel,male,1,United States,North America,low,low,0,NA,0,NA,NA
3ac6e7149f1b6d093af255aafc9141df@prksq.com,143,0.75,2023-01-26,2023-01-26,Angel,male,1,United States,North America,high,low,0,NA,0,NA,NA
3acfb1858da306b33cf74c4211c8ae41@prksq.com,16,1,2023-01-26,2023-01-28,Angel,male,1,United States,North America,high,low,0,NA,0,NA,NA
3b00a76e58856b17fd465cf18f56b87e@prksq.com,360,1,2023-01-27,2023-01-27,Angel,male,2,United States,North America,low,high,0,NA,0,NA,NA
3b11750f041c4314964e94840f3b9f21@prksq.com,33,0.25,2023-01-26,2023-01-26,Angel,female,1,United States,North America,low,low,0,NA,0,NA,NA
3b11ef36ae4dbcaa9a7cc0f414668ace@prksq.com,350,0.25,2023-01-26,2023-01-29,Angel,male,1,United States,North America,low,low,0,NA,0,NA,NA
3b330a4a674747ebebb253c7c2cb8760@prksq.com,35,0.67000002,2023-01-27,2023-01-30,Angel,male,1,United States,North America,low,low,0,NA,0,NA,NA
3b3ce3a57cfb1e0e7d2f3f75ef86371c@prksq.com,34,1,2023-01-26,2023-01-27,Angel,male,1,United States,North America,low,high,0,NA,0,NA,NA
3b426479e6196c201b2871f360523c6e@prksq.com,90,0.57999998,2023-01-26,2023-01-27,Angel,male,1,United States,North America,high,low,0,NA,0,NA,NA
3b460119bffb57ec26ed442c78f2603e@prksq.com,47,1,2023-01-27,2023-01-27,Venture Capital,male,45,Israel,Middle East and North Africa,high,low,1,more info/clarification,1,2023-01-27,1
3b56635c95ba403f95ca3a38676a02ba@prksq.com,124,0.67000002,2023-01-27,2023-01-30,Angel,male,2,India,South Asia,high,low,1,more info/clarification,1,2023-01-30,1
3b95e6f41694527e7bcc0388ac2cc43c@prksq.com,453,0.92000002,2023-01-27,2023-01-27,Angel,female,1,United States,North America,low,high,0,NA,0,NA,NA
3ba9d6ca6e3601bef9fb596c08a433a4@prksq.com,70,0.75,2023-01-27,2023-01-28,Angel,female,2,United States,North America,low,high,0,NA,0,NA,NA
3bd696ea99fa0680a7f763a26ed99c90@prksq.com,170,0.82999998,2023-01-26,2023-01-30,Angel,male,1,India,South Asia,low,low,0,NA,0,NA,NA
3bd83f79d986500196c8a4a5ecf61bdc@prksq.com,313,0.5,2023-01-26,2023-01-27,Angel,male,1,United States,North America,high,low,0,NA,0,NA,NA
3be6ead27d5fdc3c18e3cfb7bd408ecd@prksq.com,29,0.079999998,2023-01-26,2023-01-26,Venture Capital,male,18,United States,North America,high,high,1,more info/clarification,1,2023-01-26,1
3c090df7910e2ca0e990e1f447d5f4b4@prksq.com,84,0.82999998,2023-01-27,2023-01-29,Venture Capital,male,3,United States,North America,low,high,0,NA,0,NA,NA
3c0ed2e55c71cf49c36a903d3773ac7e@prksq.com,84,0.25,2023-01-27,2023-01-27,Angel,male,1,United States,North America,high,low,0,NA,0,NA,NA
3c1e025e1b47100e88b53567de52aa26@prksq.com,449,0.57999998,2023-01-26,2023-01-28,Angel,male,1,United States,North America,high,high,0,NA,0,NA,NA
3c2d1fa1cf303ef52ff98b85fd0cf70d@prksq.com,196,0.67000002,2023-01-27,2023-01-29,Venture Capital,male,4,United States,North America,low,high,1,more info/clarification,1,2023-01-29,1
3c380a3f988d546f1645d9fd46f5fc7a@prksq.com,273,1,2023-01-27,2023-01-31,Angel,female,1,United States,North America,low,low,0,no specific reason,1,2023-02-07,0
3c559119f44fa2961a940209608353bb@prksq.com,56,0.41999999,2023-01-26,2023-01-28,Angel,female,1,United States,North America,high,low,1,more info/clarification,1,2023-01-28,1
3c575b9a835478404231b0f3c08d89cb@prksq.com,890,0.82999998,2023-01-27,2023-01-27,Venture Capital,male,2,United States,North America,high,high,0,NA,0,NA,NA
3c81fb38792afda6fa420df580bf3734@prksq.com,132,0.67000002,2023-01-26,2023-01-26,Angel,male,1,United States,North America,high,low,0,NA,0,NA,NA
3c985cdd13c65d164311c608c0604203@prksq.com,154,0.33000001,2023-01-27,2023-01-31,Angel,male,1,United States,North America,low,low,0,no specific reason,1,2023-01-31,0
3ca6e88433f06f02bf75a817f1911424@prksq.com,38,0.5,2023-01-27,2023-01-29,Angel,male,2,United States,North America,high,high,0,NA,0,NA,NA
3caa97d1e34c52d0051fd26100d9419a@prksq.com,9,0.079999998,2023-01-26,2023-01-28,Angel,male,1,United States,North America,low,low,0,NA,0,NA,NA
3cab9833565520882ea4ca8e887266db@prksq.com,29,0.079999998,2023-01-26,2023-01-26,Angel,male,1,Singapore,East Asia and Pacific,low,low,0,NA,0,NA,NA
3cad7424d27579f62e9f86778017b82c@prksq.com,202,0.92000002,2023-01-27,2023-01-29,Angel,male,1,United States,North America,low,high,0,NA,0,NA,NA
3cb3fa57001ae2f1ffc7f3de3850be2f@prksq.com,261,0.25,2023-01-27,2023-01-27,Angel,male,1,United States,North America,high,low,0,NA,0,NA,NA
3cb45131f78dd2a23ca7d7740cbacc95@prksq.com,79,0.92000002,2023-01-27,2023-01-27,Angel,male,1,United States,North America,low,high,1,more info/clarification,1,2023-02-03,1
3ccc710403aae0aac7bc07ee126a10dc@prksq.com,25,1,2023-01-27,2023-01-30,Venture Capital,male,6,United States,North America,high,high,0,NA,0,NA,NA
3cd2c590396dcf2d074261cfa3302a66@prksq.com,92,0.57999998,2023-01-27,2023-01-27,Angel,male,1,United Kingdom,Europe and Central Asia,high,low,0,NA,0,NA,NA
3cdb7f20e68a004b49796f29370a40d6@prksq.com,60,0.92000002,2023-01-27,2023-01-30,Angel,male,1,United States,North America,high,high,0,NA,0,NA,NA
3ce4e5ce0b69c67c724e86f7337bec76@prksq.com,115,0.67000002,2023-01-26,2023-01-26,Angel,male,1,China,East Asia and Pacific,high,low,1,more info/clarification,1,2023-01-26,1
3ce8342e273a8c38848fa048407c2a96@prksq.com,166,0.67000002,2023-01-27,2023-01-28,Venture Capital,male,4,United States,North America,low,low,0,no specific reason,1,2023-01-28,0
3ce908b9ac1f7af9ec2c072f28c3f625@prksq.com,79,0.41999999,2023-01-26,2023-01-27,Angel,male,1,United Kingdom,Europe and Central Asia,low,low,0,NA,0,NA,NA
3d1a4c095a0b0effe363430022976bc4@prksq.com,5,1,2023-01-26,2023-01-27,Angel,male,1,United States,North America,high,low,1,more info/clarification,1,2023-01-27,1
3d4d468edd40a90e80d1d4f2bea67721@prksq.com,29,0.079999998,2023-01-27,2023-01-27,Angel,male,1,United States,North America,low,low,0,NA,0,NA,NA
3d58ab075753edaca419a1e01145850f@prksq.com,132,0.75,2023-01-27,2023-01-30,Venture Capital,female,4,United States,North America,high,high,0,NA,0,NA,NA
3d5b73ebb7b846682677923e46616087@prksq.com,6,0.25,2023-01-27,2023-01-29,Angel,male,2,United Kingdom,Europe and Central Asia,high,low,0,NA,0,NA,NA
3d8ed828d253412b52c68c4eff97f5bb@prksq.com,3,1,2023-01-27,2023-01-29,Angel,male,1,United States,North America,high,high,1,more info/clarification,1,2023-01-29,1
3d95c0b3f15938af98da94381a31ef26@prksq.com,66,0.17,2023-01-27,2023-01-29,Angel,male,1,Germany,Europe and Central Asia,high,high,0,NA,0,NA,NA
3db1a7058e3f73a856c1b14b805fc1a3@prksq.com,171,0.82999998,2023-01-27,2023-01-27,Angel,male,1,United States,North America,high,low,0,NA,0,NA,NA
3dbe78b1f0ed23057a5bfad5e737682f@prksq.com,257,0.82999998,2023-01-27,2023-01-29,Venture Capital,male,1,United States,North America,low,low,0,no specific reason,1,2023-02-06,0
3dcacb5659bc9769f06a39d78baebc0c@prksq.com,112,0.67000002,2023-01-27,2023-01-27,Angel,male,1,United Kingdom,Europe and Central Asia,low,low,0,NA,0,NA,NA
3e08009e661b0aa43bbd5beedecdd277@prksq.com,262,0.25,2023-01-27,2023-01-28,Angel,male,1,United States,North America,low,low,0,NA,0,NA,NA
3e0c92cf99ab5dedccb98d73a6a5ea5b@prksq.com,248,0.75,2023-01-27,2023-01-30,Angel,male,1,United States,North America,high,high,1,more info/clarification,1,2023-01-31,1
3e1642f5a34f86e5b16f99e522611187@prksq.com,139,0.92000002,2023-01-27,2023-01-29,Angel,female,1,United States,North America,low,low,0,NA,0,NA,NA
3e16fba46f40c113a811dfe79d587b79@prksq.com,29,0.079999998,2023-01-27,2023-01-27,Angel,male,2,United States,North America,high,high,0,NA,0,NA,NA
3e1b222685cfc5fe645d16c9d0aef9a1@prksq.com,24,0.079999998,2023-01-27,2023-01-27,Angel,male,1,United States,North America,low,low,0,NA,0,NA,NA
3e2b25446c0185fa581ea964a40b1715@prksq.com,45,0.92000002,2023-01-27,2023-01-28,Angel,male,1,United States,North America,low,low,0,NA,0,NA,NA
3e343beb102543975a93c275f40c8754@prksq.com,31,1,2023-01-28,2023-01-28,Angel,male,2,United States,North America,low,high,1,more info/clarification,1,2023-01-28,1
3e3f741ea7aca87e576fdcb92e92abdb@prksq.com,207,0.92000002,2023-01-28,2023-01-29,Angel,male,1,United States,North America,high,low,1,more info/clarification,1,2023-01-30,1
3e42d774b8c58dd6a9139de70249a7a7@prksq.com,230,1,2023-01-27,2023-01-30,Angel,female,3,United States,North America,low,low,0,no specific reason,1,2023-01-31,0
3e52ae10cd805f28bee70f3db26c589a@prksq.com,60,0.41999999,2023-01-27,2023-01-30,Venture Capital,male,10,United States,North America,high,high,1,more info/clarification,1,2023-01-30,1
3e57d108cdcc02d0ee2fe4aa2abee2d4@prksq.com,237,1,2023-01-27,2023-01-29,Angel,male,3,United States,North America,high,high,0,NA,0,NA,NA
3e5a05df1eb6150d959fb8dc8f796f8f@prksq.com,57,0.82999998,2023-01-27,2023-01-27,Angel,male,1,India,South Asia,high,low,1,more info/clarification,1,2023-01-27,1
3e6e0140be802f541c772200fc5f40e4@prksq.com,43,0.82999998,2023-01-27,2023-01-29,Venture Capital,male,2,United States,North America,low,high,1,more info/clarification,1,2023-01-29,1
3e8e8f7fa280fa69684ed0cdb333d01e@prksq.com,58,1,2023-01-27,2023-01-31,Angel,male,1,United States,North America,high,low,0,NA,0,NA,NA
3e8fed0fb1300801ebd70520307de764@prksq.com,23,0.17,2023-01-27,2023-01-29,Angel,male,2,United States,North America,low,low,0,NA,0,NA,NA
3eba11bf808460593fa548858c7a3701@prksq.com,168,0.5,2023-01-27,2023-01-28,Venture Capital,male,5,United States,North America,high,high,0,NA,0,NA,NA
3ed0c0fe28bb81759de4e656a11fc8ae@prksq.com,169,1,2023-01-27,2023-01-27,Angel,male,1,United States,North America,low,high,0,NA,0,NA,NA
3ed9578390ea65f446987613c226df15@prksq.com,84,0.5,2023-01-27,2023-01-29,Angel,male,1,United States,North America,high,low,0,NA,0,NA,NA
3ee0f3ebed31ec66778ba3596a2254e5@prksq.com,116,0.82999998,2023-01-27,2023-01-29,Venture Capital,male,3,United States,North America,high,high,1,more info/clarification,1,2023-01-29,1
3ee3c22637484ff2f5dfcedabd6222e9@prksq.com,713,0.92000002,2023-01-27,2023-01-28,Angel,male,1,United Kingdom,Europe and Central Asia,high,high,0,NA,0,NA,NA
3ef10aca12f1bd3e4536aeca311eaea5@prksq.com,113,0.5,2023-01-27,2023-01-27,Venture Capital,male,67,United States,North America,low,low,0,NA,0,NA,NA
3ef5e910f28496388fa81521eb445595@prksq.com,96,0.5,2023-01-27,2023-01-30,Venture Capital,male,38,Germany,Europe and Central Asia,low,low,0,NA,0,NA,NA
3f06139f01b44b825312bb0427542dbd@prksq.com,115,0.82999998,2023-01-27,2023-01-31,Angel,male,1,United States,North America,high,low,0,NA,0,NA,NA
3f18858bc1e27d425289bec836e4c0ad@prksq.com,318,0.5,2023-01-27,2023-01-27,Angel,male,1,United Kingdom,Europe and Central Asia,low,high,0,NA,0,NA,NA
3f2cca8f97b6194dce602b51057c18fb@prksq.com,184,0.25,2023-01-27,2023-01-28,Angel,female,1,India,South Asia,high,high,0,NA,0,NA,NA
3f4e3d8a744269c101c1d4ab0d6cb405@prksq.com,53,0.5,2023-01-27,2023-01-31,Angel,male,1,United States,North America,high,low,0,NA,0,NA,NA
3f572c4bf222a2dce54821969313255a@prksq.com,509,1,2023-01-27,2023-01-29,Angel,male,1,India,South Asia,high,high,1,more info/clarification,1,2023-01-30,1
3f574dbde64e1c4b3c1b1e6a4325f9ab@prksq.com,31,0.079999998,2023-01-27,2023-01-27,Venture Capital,male,1,United States,North America,low,high,0,NA,0,NA,NA
3f594b229311d97f1ce05d931d05bd3d@prksq.com,86,1,2023-01-27,2023-01-29,Venture Capital,female,4,United States,North America,low,low,0,NA,0,NA,NA
3f5a1e8ea923b22b222106b3b537d2e1@prksq.com,207,0.57999998,2023-01-27,2023-01-30,Angel,male,1,United States,North America,high,high,0,NA,0,NA,NA
3f5f99018e52f168ea732ce561fabed9@prksq.com,241,0.75,2023-01-27,2023-01-29,Angel,male,1,Germany,Europe and Central Asia,high,high,0,NA,0,NA,NA
3f71e3e9db13d4c63b3b6eb7ff11512c@prksq.com,138,0.57999998,2023-01-27,2023-01-31,Angel,male,2,United States,North America,low,low,0,NA,0,NA,NA
3f898f4a7fdc674cee9c87b0b40adeff@prksq.com,872,0.57999998,2023-01-27,2023-01-30,Venture Capital,male,1,United Kingdom,Europe and Central Asia,high,high,0,NA,0,NA,NA
3fa3cc042905d3f66b95e92e96c2238b@prksq.com,10,0.57999998,2023-01-27,2023-01-28,Angel,male,1,Germany,Europe and Central Asia,high,high,0,NA,0,NA,NA
3fa79ef4d0238121ef456d2a0402b55b@prksq.com,23,0.92000002,2023-01-27,2023-02-01,Angel,male,2,United States,North America,high,low,0,NA,0,NA,NA
3fab915324da094ebf25f73c84067108@prksq.com,157,0.92000002,2023-01-27,2023-01-28,Angel,male,1,United States,North America,low,low,1,more info/clarification,1,2023-01-28,1
3fb9e2d0f343bc53eb15e282fc6b3982@prksq.com,119,0.41999999,2023-01-27,2023-01-31,Angel,male,1,United States,North America,high,low,0,NA,0,NA,NA
3fcdfe66723657af635c5924adc70e35@prksq.com,211,1,2023-01-27,2023-01-27,Angel,male,1,United States,North America,high,low,0,NA,0,NA,NA
3fdb6f82901e94f665acd32e308e1823@prksq.com,338,1,2023-01-27,2023-01-27,Angel,male,1,United States,North America,high,high,1,more info/clarification,1,2023-01-30,1
3fe1ea60b84564d5482211eff97899ae@prksq.com,69,0.33000001,2023-01-27,2023-01-30,Angel,male,1,United Kingdom,Europe and Central Asia,high,low,0,NA,0,NA,NA
3ffbc1045a167dd4b014ac39d5fd59e6@prksq.com,141,0.57999998,2023-01-27,2023-01-30,Venture Capital,male,4,United States,North America,high,high,0,NA,0,NA,NA
3ffcf9c35250f0c85fff47b8051c0b27@prksq.com,194,0.82999998,2023-01-27,2023-01-27,Angel,female,1,United Kingdom,Europe and Central Asia,low,high,0,NA,0,NA,NA
40103db2c5132af939f56cb3d5cb8fc2@prksq.com,29,0.079999998,2023-01-27,2023-01-27,Venture Capital,male,1,United States,North America,high,high,0,NA,0,NA,NA
40131eeea308b60ad4594fa36816ff04@prksq.com,12,0.75,2023-01-27,2023-01-27,Angel,female,1,Singapore,East Asia and Pacific,high,low,0,NA,0,NA,NA
402117ffc4048cfc44292b31f2332e4b@prksq.com,56,0.67000002,2023-01-27,2023-01-29,Angel,male,1,United States,North America,high,low,0,NA,0,NA,NA
403720617d11d92313995eaf997c9208@prksq.com,223,1,2023-01-27,2023-01-31,Angel,male,1,United States,North America,high,high,0,NA,0,NA,NA
403821bd4beb5bb9b2317dba58aee1e1@prksq.com,119,1,2023-01-27,2023-01-27,Venture Capital,male,3,Germany,Europe and Central Asia,high,low,0,NA,0,NA,NA
40394ca27fbae9ff523ae6c7482cd04c@prksq.com,291,0.82999998,2023-01-27,2023-01-29,Angel,female,1,United States,North America,high,low,1,more info/clarification,1,2023-02-01,1
4042b70cd1a7dbeead5c9809e9f9ddbf@prksq.com,97,0.82999998,2023-01-27,2023-01-27,Angel,male,1,United States,North America,low,high,0,NA,0,NA,NA
405eb3b1a69a250012d46ecd4a520c85@prksq.com,228,1,2023-01-28,2023-01-31,Angel,female,1,United States,North America,high,low,0,NA,0,NA,NA
40608f3d790bf26516ef633881b51852@prksq.com,3,0.75,2023-01-27,2023-01-28,Angel,male,1,India,South Asia,low,high,0,NA,0,NA,NA
4066ef3536a6e2e92a5af087b9f28101@prksq.com,205,0.67000002,2023-01-27,2023-02-01,Angel,male,1,United States,North America,high,low,1,more info/clarification,1,2023-02-02,1
406b0578c0f7c60816ddd95223e1c7a5@prksq.com,16,0.41999999,2023-01-27,2023-01-29,Angel,male,1,United States,North America,low,high,0,NA,0,NA,NA
40896f740ebbd748d83931f69a713ea4@prksq.com,281,0.75,2023-01-27,2023-01-28,Angel,male,1,United Kingdom,Europe and Central Asia,low,high,0,NA,0,NA,NA
40aeca7e43887a4920f9f3b009c525db@prksq.com,355,0.82999998,2023-01-27,2023-01-28,Venture Capital,female,1,Canada,North America,high,low,0,NA,0,NA,NA
40c84a3fbe034d4b9c763e8580d0aac5@prksq.com,525,0.82999998,2023-01-27,2023-01-27,Angel,male,1,United States,North America,low,high,0,NA,0,NA,NA
40de667e684574386b48399a860ec544@prksq.com,100,0.82999998,2023-01-27,2023-01-28,Angel,female,1,United States,North America,low,low,0,NA,0,NA,NA
40f4fed09b5aac114bfb845bb12cef37@prksq.com,84,1,2023-01-27,2023-01-29,Angel,male,1,United States,North America,high,high,1,more info/clarification,1,2023-02-01,1
41310ab6244443c6d0b424b35dfe1058@prksq.com,319,1,2023-01-27,2023-01-29,Angel,male,1,United States,North America,high,high,1,more info/clarification,1,2023-01-31,1
41338e1230af396a2de63d04420a8a90@prksq.com,86,0.67000002,2023-01-27,2023-01-29,Angel,female,1,United States,North America,low,low,0,NA,0,NA,NA
416688e8265f48aed956d7c5d8862ef1@prksq.com,139,0.57999998,2023-01-27,2023-01-29,Angel,male,1,United States,North America,low,low,0,NA,0,NA,NA
418c6eb86f18316f8c41217a7f0360f3@prksq.com,359,0.92000002,2023-01-27,2023-01-28,Angel,male,1,United States,North America,high,low,0,NA,0,NA,NA
41966ce243e5d413aaa9dde9dc65d7cc@prksq.com,161,1,2023-01-27,2023-01-27,Angel,male,1,United States,North America,low,high,0,NA,0,NA,NA
41ae4bf9f8e3f189158b39a729fdaeaa@prksq.com,74,0.5,2023-01-28,2023-01-30,Angel,female,1,United States,North America,high,low,0,NA,0,NA,NA
41bb53962fd6163370f3c0fbf8c952b1@prksq.com,309,0.5,2023-01-27,2023-02-01,Venture Capital,male,1,United States,North America,low,high,0,NA,0,NA,NA
41f71b878928558781da81592f1ae5f2@prksq.com,60,0.41999999,2023-01-27,2023-01-30,Angel,male,2,United States,North America,low,high,0,NA,0,NA,NA
41f9811362d6f9e92d301a6d66a11b35@prksq.com,43,0.82999998,2023-01-27,2023-01-27,Angel,male,2,Canada,North America,low,low,1,more info/clarification,1,2023-01-27,1
41fe9a7b33937abe5bc97ce2e8c795e9@prksq.com,247,0.92000002,2023-01-28,2023-01-31,Angel,male,1,United States,North America,high,low,0,NA,0,NA,NA
4209383d87ef08d3712f23f3a6c390d1@prksq.com,134,0.82999998,2023-01-28,2023-01-30,Angel,male,2,United States,North America,low,low,0,NA,0,NA,NA
42145d33374627327c55f2b29b437059@prksq.com,305,0.67000002,2023-01-27,2023-01-27,Angel,male,1,United States,North America,high,low,0,NA,0,NA,NA
425f303d9fb6f6b311eaea309cbf85f5@prksq.com,66,0.33000001,2023-01-27,2023-01-28,Angel,male,1,United States,North America,low,low,0,NA,0,NA,NA
42647571b9244283949eab8b5863736a@prksq.com,248,0.5,2023-01-28,2023-01-31,Angel,male,1,Germany,Europe and Central Asia,low,high,0,NA,0,NA,NA
4277124bdde9bab8917bba31de83cf15@prksq.com,58,0.92000002,2023-01-27,2023-01-27,Angel,male,1,United States,North America,low,low,0,NA,0,NA,NA
427a133650f6025ccba488f79ac85b2a@prksq.com,18,1,2023-01-27,2023-01-27,Angel,female,1,Singapore,East Asia and Pacific,high,high,0,NA,0,NA,NA
42831e33749e865daab0e2f4ac11f66d@prksq.com,142,0.82999998,2023-01-27,2023-01-27,Angel,male,2,United States,North America,low,high,0,NA,0,NA,NA
42842b65a12b472429094e3dd1465afd@prksq.com,109,0.41999999,2023-01-27,2023-01-30,Angel,male,2,United States,North America,low,low,1,more info/clarification,1,2023-01-30,1
429ea568a0337400bc81292e8104bbdb@prksq.com,155,0.41999999,2023-01-28,2023-01-29,Angel,male,2,India,South Asia,high,high,1,more info/clarification,1,2023-01-29,1
42a8f20bd24e9a501367ca1a19e01b44@prksq.com,17,0.25,2023-01-28,2023-01-29,Angel,male,1,United States,North America,low,low,0,NA,0,NA,NA
42bc817894ac5720abd05281b883562b@prksq.com,194,1,2023-01-28,2023-01-29,Venture Capital,male,4,India,South Asia,high,high,0,NA,0,NA,NA
42cc07128028ded1d35cb2cfbb38edbc@prksq.com,283,0.67000002,2023-01-28,2023-02-02,Angel,male,1,United States,North America,low,low,0,NA,0,NA,NA
42db141571c5946833981cb081d5883f@prksq.com,34,0.92000002,2023-01-28,2023-01-28,Angel,male,1,United States,North America,high,low,0,NA,0,NA,NA
42efd7111a744e33eb48e1b68f123e6b@prksq.com,158,0.82999998,2023-01-28,2023-01-31,Angel,male,2,United States,North America,high,low,0,NA,0,NA,NA
42fc69281b6671124bfd4011b2ff82a6@prksq.com,343,0.67000002,2023-01-28,2023-01-31,Venture Capital,male,1,United States,North America,high,high,0,NA,0,NA,NA
42fdcadf4d462a29d80a6d30b1dd56c0@prksq.com,165,0.82999998,2023-01-28,2023-01-28,Angel,male,1,United Kingdom,Europe and Central Asia,low,low,1,more info/clarification,1,2023-01-28,1
43038f1e86fcf7b798077bd2acd62d77@prksq.com,115,1,2023-01-28,2023-01-28,Venture Capital,male,2,United States,North America,low,low,0,other,1,2023-02-02,0
4305e943f989c3c93f62880d6a1bf480@prksq.com,11,0.33000001,2023-01-28,2023-01-28,Angel,male,1,United States,North America,low,low,0,NA,0,NA,NA
431a13574c6cf161221f9c2a7264cd7f@prksq.com,106,0.5,2023-01-28,2023-01-30,Angel,male,1,United States,North America,high,high,0,NA,0,NA,NA
432835cb214f6ada4844e2dc5a906079@prksq.com,36,0.67000002,2023-01-28,2023-01-28,Angel,male,1,United Kingdom,Europe and Central Asia,low,high,0,NA,0,NA,NA
43492df74434d15fc479ec6bacc76980@prksq.com,374,1,2023-01-28,2023-01-30,Angel,male,1,United States,North America,low,high,0,NA,0,NA,NA
4351b38f716812f5d29dcca7d7e8c5dc@prksq.com,15,1,2023-01-28,2023-01-31,Angel,male,1,United States,North America,high,high,0,NA,0,NA,NA
43584a2be2c453b51789d82e9f3bc93b@prksq.com,232,0.75,2023-01-28,2023-01-29,Venture Capital,female,4,United States,North America,high,high,1,more info/clarification,1,2023-01-29,1
435c20b2a28f7ddc5d2ce58a18e43e22@prksq.com,84,0.92000002,2023-01-28,2023-01-29,Angel,male,1,India,South Asia,high,low,0,NA,0,NA,NA
435fa8aad0fe6f099dc438403cae9901@prksq.com,138,0.41999999,2023-01-28,2023-01-31,Angel,male,2,India,South Asia,high,low,0,NA,0,NA,NA
4371a736065fd35690b606a0823f9e2c@prksq.com,58,0.82999998,2023-01-28,2023-01-29,Angel,male,1,United States,North America,high,high,1,more info/clarification,1,2023-01-29,1
438b47e9977aa0be54ae486fea2e8932@prksq.com,156,0.67000002,2023-01-28,2023-01-29,Angel,male,2,United States,North America,low,low,1,more info/clarification,1,2023-01-30,1
439f6e28a918cc471aeee9316a6f87ba@prksq.com,62,1,2023-01-28,2023-01-31,Angel,male,1,United States,North America,low,high,1,more info/clarification,1,2023-01-31,1
43a1f1fec0897f885d7178da8a697486@prksq.com,24,0.41999999,2023-01-28,2023-01-29,Angel,male,1,United States,North America,low,high,1,more info/clarification,1,2023-01-29,1
43d6787cdec64aa14297192fc6b793b8@prksq.com,40,1,2023-01-28,2023-01-28,Angel,male,2,United States,North America,low,high,0,NA,0,NA,NA
43d85394f597948b574b47fd4e77a240@prksq.com,59,0.82999998,2023-01-28,2023-01-30,Venture Capital,male,5,United States,North America,low,high,0,NA,0,NA,NA
43dcbf5938e4d42f4880b91a94ca8bfe@prksq.com,285,0.82999998,2023-01-28,2023-01-28,Angel,male,1,United States,North America,high,high,0,NA,0,NA,NA
43e444b10c9bdf4c4bd1b29b1ff5c9f1@prksq.com,143,0.25,2023-01-28,2023-02-01,Venture Capital,male,1,United States,North America,low,high,0,NA,0,NA,NA
43e73de5e66dbc176ed57fdad4c88684@prksq.com,152,0.5,2023-01-28,2023-01-28,Angel,female,1,United States,North America,low,low,0,NA,0,NA,NA
440503098b10b157efd2f9974335dd91@prksq.com,276,0.92000002,2023-01-28,2023-01-28,Angel,male,1,United States,North America,high,low,0,NA,0,NA,NA
443f7380673e4c99133332347a559457@prksq.com,56,0.57999998,2023-01-28,2023-01-30,Angel,male,1,United States,North America,low,low,0,NA,0,NA,NA
4456cc287dac41b6ac4d01a4966dab46@prksq.com,136,1,2023-01-28,2023-01-31,Angel,male,3,United Kingdom,Europe and Central Asia,low,low,1,more info/clarification,1,2023-02-03,1
446cc899124f8d270e7cd044212c9bee@prksq.com,5,0.5,2023-01-28,2023-02-01,Angel,male,1,United States,North America,high,low,0,NA,0,NA,NA
448edea1d08e713e06146c3dbb2114ed@prksq.com,159,0.5,2023-01-28,2023-01-31,Angel,male,1,Singapore,East Asia and Pacific,high,high,0,NA,0,NA,NA
44a7749c2f0aef0932f2011b696a669e@prksq.com,86,0.75,2023-01-28,2023-01-28,Angel,male,1,United States,North America,low,low,0,NA,0,NA,NA
44aaaad1aea55248ecf17494cc75ed9f@prksq.com,213,1,2023-01-28,2023-01-29,Angel,male,1,United States,North America,low,low,0,NA,0,NA,NA
44b27d54b4e01bd9ace41b4b17ca1ba4@prksq.com,49,0.92000002,2023-01-28,2023-01-28,Angel,male,1,United States,North America,high,low,0,NA,0,NA,NA
44c869a2a83ad950b2b7c29fe13509dd@prksq.com,125,0.5,2023-01-28,2023-01-31,Angel,male,1,United Kingdom,Europe and Central Asia,high,low,0,NA,0,NA,NA
44e2cc771d558bcdce5e759e477361c2@prksq.com,4,0.82999998,2023-01-28,2023-01-28,Angel,male,1,United States,North America,low,high,0,NA,0,NA,NA
4501cbf56899cc7ab467e68631a5ec7d@prksq.com,4,0.5,2023-01-28,2023-01-31,Venture Capital,male,4,Canada,North America,high,low,0,NA,0,NA,NA
45038280ca90ff6ddf14ba3346f4bf7d@prksq.com,177,1,2023-01-28,2023-01-30,Angel,male,1,United States,North America,high,low,1,more info/clarification,1,2023-02-02,1
4504f524c2e1cf44cb1ff94a49ceb5d6@prksq.com,14,0.25,2023-01-28,2023-01-30,Angel,male,1,United States,North America,low,low,0,NA,0,NA,NA
4515b7fe37d8c1fca932c2ca02fc9832@prksq.com,362,1,2023-01-28,2023-01-29,Angel,male,1,United States,North America,low,high,0,NA,0,NA,NA
45656027076802a3a2348e0f9f025027@prksq.com,184,0.5,2023-01-28,2023-01-30,Angel,male,2,Germany,Europe and Central Asia,low,high,0,NA,0,NA,NA
45667867b0241cc0456c3106145d0540@prksq.com,134,1,2023-01-28,2023-01-29,Angel,male,1,United States,North America,low,low,0,NA,0,NA,NA
456db69dc919f15f1045695d97b7a0c6@prksq.com,139,0.67000002,2023-01-28,2023-01-31,Angel,male,2,United States,North America,low,low,0,NA,0,NA,NA
456f168f17f97d069d76eac8a8ad6021@prksq.com,17,0.57999998,2023-01-28,2023-01-30,Venture Capital,male,5,United States,North America,low,high,0,NA,0,NA,NA
457229aa5ca1e855bc30d3fcc1997cf7@prksq.com,44,0.25,2023-01-28,2023-01-29,Angel,male,1,United States,North America,low,high,0,NA,0,NA,NA
4583b7d31b142c94eecd8aade346fc20@prksq.com,20,0.92000002,2023-01-28,2023-01-28,Angel,male,1,United States,North America,high,high,0,NA,0,NA,NA
4594c1fed7b7b3c3160ef94114bd7cf2@prksq.com,71,1,2023-01-28,2023-01-30,Angel,male,1,United States,North America,low,high,0,NA,0,NA,NA
45aad9242671de62c09db6b65d102598@prksq.com,109,0.33000001,2023-01-28,2023-01-31,Venture Capital,male,3,United Kingdom,Europe and Central Asia,high,high,0,NA,0,NA,NA
45ab8715aa7f65dc891e9ab273434eb4@prksq.com,144,0.82999998,2023-01-28,2023-01-30,Venture Capital,male,3,United States,North America,high,low,0,NA,0,NA,NA
45c726ac519d08e38a8d3d8e9b448738@prksq.com,77,0.57999998,2023-01-28,2023-01-31,Angel,male,1,United States,North America,high,low,0,NA,0,NA,NA
45c8d71f08cf8c249699350fdda02868@prksq.com,389,0.75,2023-01-28,2023-01-29,Angel,male,1,Germany,Europe and Central Asia,high,low,0,NA,0,NA,NA
45cb2cffdd20c7504362e9656a0e5527@prksq.com,164,0.82999998,2023-01-28,2023-01-31,Venture Capital,male,3,United States,North America,low,high,0,NA,0,NA,NA
45d2a6765da7ca8fd738124c51cbd27a@prksq.com,135,0.41999999,2023-01-28,2023-01-31,Angel,male,1,United States,North America,high,low,1,more info/clarification,1,2023-01-31,1
45e8a40f5e802da81a7ed36d4536b6b1@prksq.com,23,0.92000002,2023-01-28,2023-01-31,Angel,female,1,United States,North America,high,low,0,NA,0,NA,NA
45eb27571ef651e88b081d0b83a44187@prksq.com,217,0.92000002,2023-01-28,2023-01-31,Angel,male,1,United States,North America,low,low,0,NA,0,NA,NA
45f402d944cf4748bf255c5b88b7ae2a@prksq.com,250,1,2023-01-28,2023-01-29,Angel,male,1,United States,North America,high,high,1,more info/clarification,1,2023-01-29,1
45fc964f7ce5480877424b979e7bb6c0@prksq.com,151,0.92000002,2023-01-28,2023-01-31,Angel,male,1,United States,North America,high,high,0,NA,0,NA,NA
463ef79c65b1bd70c1803aa7751d374b@prksq.com,26,0.57999998,2023-01-28,2023-01-31,Angel,male,1,France,Europe and Central Asia,high,high,0,NA,0,NA,NA
464e7e010da63def83e87001eb472599@prksq.com,17,0.67000002,2023-01-28,2023-01-30,Angel,male,1,United States,North America,low,high,0,NA,0,NA,NA
465d767674124948a42adf92cd8dfe9d@prksq.com,7,0.41999999,2023-01-28,2023-01-28,Angel,male,2,United States,North America,low,high,0,NA,0,NA,NA
467947f03549fb9d04e89ffb4be0a1e4@prksq.com,71,0.57999998,2023-01-28,2023-01-30,Venture Capital,male,1,United States,North America,low,high,0,NA,0,NA,NA
46b13d5fcfb75568bbe21e75d185eed9@prksq.com,71,0.92000002,2023-01-28,2023-01-28,Angel,male,1,United States,North America,low,high,1,more info/clarification,1,2023-01-28,1
46f04408991d564ba186b68c6f1521ad@prksq.com,161,0.5,2023-01-28,2023-02-02,Angel,male,1,United States,North America,low,high,0,NA,0,NA,NA
47090e41fa237b8611f0bc1b32162ad2@prksq.com,40,0.75,2023-01-28,2023-01-30,Angel,male,1,United States,North America,low,low,0,NA,0,NA,NA
4709b3707db28fa632e1dde7d819c35c@prksq.com,186,0.82999998,2023-01-28,2023-01-29,Angel,male,1,United States,North America,high,low,0,NA,0,NA,NA
471c6b6d662fbad1522a6e97cec45dd5@prksq.com,91,0.67000002,2023-01-28,2023-01-29,Angel,male,1,United States,North America,high,high,0,NA,0,NA,NA
471de9875cbd6822f03eb4c16f2a444a@prksq.com,62,1,2023-01-28,2023-01-28,Angel,male,1,United States,North America,high,high,0,NA,0,NA,NA
4730ef9ee676cd9cb1682c74523b6e72@prksq.com,85,1,2023-01-28,2023-01-29,Angel,male,1,United States,North America,high,high,1,more info/clarification,1,2023-01-30,1
4741eb7520f79d5f35cb8d962afba6e8@prksq.com,30,0.57999998,2023-01-28,2023-01-29,Angel,male,1,United States,North America,low,high,1,more info/clarification,1,2023-01-29,1
4747347de83d8b0ef0c37bc72ffa59de@prksq.com,156,0.57999998,2023-01-28,2023-02-01,Angel,male,1,United States,North America,high,low,0,NA,0,NA,NA
4755713a2a05b9e37e1e0da98695111e@prksq.com,142,0.75,2023-01-28,2023-01-28,Angel,female,1,United States,North America,high,high,1,more info/clarification,1,2023-01-28,1
47773495c1ccf9ef9360ec8b6db30e4c@prksq.com,525,1,2023-01-28,2023-01-29,Angel,male,1,United States,North America,high,high,0,NA,0,NA,NA
478a11070758c659b72fd4ba4c81ed33@prksq.com,79,0.82999998,2023-01-28,2023-01-30,Angel,male,1,United States,North America,low,high,0,NA,0,NA,NA
47e4f6f8e3c7527a576c1c38ec92e647@prksq.com,470,0.82999998,2023-01-28,2023-01-30,Angel,male,1,United States,North America,high,high,1,more info/clarification,1,2023-02-02,1
47e9d72a73fa402345c017fb45b6de57@prksq.com,8,0.25,2023-01-28,2023-01-31,Angel,male,1,Germany,Europe and Central Asia,low,high,0,NA,0,NA,NA
47f533f9fd853bff43208ec92017274d@prksq.com,274,1,2023-01-28,2023-01-30,Angel,male,1,United States,North America,high,high,1,more info/clarification,1,2023-02-09,1
47f702131ec4bc35fa9129d2dd579738@prksq.com,115,1,2023-01-28,2023-01-30,Angel,male,1,United States,North America,high,high,0,NA,0,NA,NA
480410dc6b9bf2b9f954363e11d197eb@prksq.com,221,0.75,2023-01-28,2023-01-29,Angel,male,1,United States,North America,high,low,0,NA,0,NA,NA
480bcf6a1136e1e5eb132c1ad0f9d7e1@prksq.com,129,1,2023-01-28,2023-01-30,Angel,male,1,United States,North America,high,low,0,NA,0,NA,NA
481a73d69e532cdfa08fc249de36e36e@prksq.com,150,1,2023-01-28,2023-01-28,Angel,male,1,United States,North America,high,low,0,NA,0,NA,NA
4824ea467ae2a8641fd048c3a85be4cd@prksq.com,438,1,2023-01-28,2023-01-29,Angel,female,1,United States,North America,high,low,0,NA,0,NA,NA
482506d5e36a6f19f4403c53f14e41b0@prksq.com,279,0.25,2023-01-28,2023-01-31,Angel,male,1,United States,North America,low,high,1,more info/clarification,1,2023-01-31,1
4825dc7c60e334d4bb73ab72127761fe@prksq.com,24,0.079999998,2023-01-29,2023-01-30,Angel,male,1,United States,North America,low,low,0,NA,0,NA,NA
482ee92058d719598b2657afc50ba58a@prksq.com,145,1,2023-01-28,2023-01-29,Venture Capital,male,2,United States,North America,high,low,1,more info/clarification,1,2023-01-30,1
488967468c6755f27d4f4ef668f7a6cf@prksq.com,92,1,2023-01-28,2023-01-29,Angel,male,1,United Kingdom,Europe and Central Asia,low,high,0,NA,0,NA,NA
48a1a5234fcb85d8d4c963da57061f82@prksq.com,189,1,2023-01-28,2023-01-28,Angel,male,1,United States,North America,high,low,0,NA,0,NA,NA
48b4afff3da50dc0e84bf0eef1222583@prksq.com,120,0.5,2023-01-28,2023-01-28,Angel,male,1,United States,North America,high,low,0,NA,0,NA,NA
48e6e83132260bb2bb15d8e94ef02a6f@prksq.com,234,0.92000002,2023-01-29,2023-01-30,Venture Capital,male,2,United States,North America,high,high,0,NA,0,NA,NA
48e9f40a24423fd2f75ea94e812de96c@prksq.com,348,0.82999998,2023-01-28,2023-01-28,Angel,female,1,United States,North America,high,high,0,NA,0,NA,NA
48ef290a334eff776658dda0bcc96684@prksq.com,84,0.41999999,2023-01-29,2023-02-01,Angel,male,1,United States,North America,low,low,0,NA,0,NA,NA
48f4472b4edd62816a2442d6dee779fe@prksq.com,7,0.25,2023-01-29,2023-01-29,Angel,female,2,United States,North America,high,high,0,NA,0,NA,NA
48f7ab9891578c290fc3e94e5ed32233@prksq.com,58,0.75,2023-01-28,2023-01-28,Angel,male,1,Singapore,East Asia and Pacific,low,low,1,more info/clarification,1,2023-02-01,1
48f8dd831dd903b8e9af0e7f43b48fab@prksq.com,142,0.5,2023-01-28,2023-01-30,Angel,male,2,United States,North America,low,low,0,NA,0,NA,NA
490ce831167e65fdd44a49c661dfc7c8@prksq.com,249,0.75,2023-01-28,2023-01-30,Angel,male,1,United States,North America,low,high,0,NA,0,NA,NA
4911dd8b72b59253ca2d089784382a16@prksq.com,92,0.57999998,2023-01-28,2023-01-29,Angel,male,1,United States,North America,high,low,0,NA,0,NA,NA
491308148141ee7c518da692fd1928d6@prksq.com,23,1,2023-01-29,2023-01-30,Angel,male,1,Canada,North America,high,high,0,NA,0,NA,NA
491aabe9770fefdc8480747905c89554@prksq.com,286,0.57999998,2023-01-28,2023-01-31,Angel,male,1,United States,North America,high,low,0,NA,0,NA,NA
49224e343674aaf056bbac363c61c16a@prksq.com,29,0.079999998,2023-01-28,2023-01-28,Angel,male,2,United States,North America,high,high,0,NA,0,NA,NA
49528e64148e9283c8fe47b313f1f370@prksq.com,107,0.67000002,2023-01-29,2023-02-02,Angel,male,1,United States,North America,high,low,0,NA,0,NA,NA
496b1b38c493df55de7504d6226799f3@prksq.com,125,0.92000002,2023-01-29,2023-01-29,Venture Capital,male,4,United States,North America,low,high,0,NA,0,NA,NA
4978c2e21d93842ff8ea34ef96848893@prksq.com,34,0.92000002,2023-01-28,2023-01-29,Angel,male,1,United Kingdom,Europe and Central Asia,high,high,0,NA,0,NA,NA
49835effeea1275dc52280a620e5b1cf@prksq.com,260,0.57999998,2023-01-28,2023-01-30,Angel,male,1,United Kingdom,Europe and Central Asia,high,high,0,NA,0,NA,NA
4989616bb48e12879fe807feeb03d3a5@prksq.com,12,0.57999998,2023-01-29,2023-02-01,Angel,male,1,United States,North America,low,low,1,more info/clarification,1,2023-02-01,1
49996291d4a53fdfa27d7c37b3c6fe6b@prksq.com,173,1,2023-01-29,2023-01-29,Angel,female,1,United States,North America,high,high,0,NA,0,NA,NA
49a122a65519ec90b8c1a17bcdf021a2@prksq.com,125,1,2023-01-28,2023-01-28,Venture Capital,male,68,United States,North America,high,low,0,NA,0,NA,NA
49b4c418aae3f0d68740dbff81fa7eff@prksq.com,289,1,2023-01-29,2023-01-30,Venture Capital,male,8,Canada,North America,high,high,0,NA,0,NA,NA
49c4fb9317a5737c23585e3d5d73a1c1@prksq.com,38,0.57999998,2023-01-29,2023-02-01,Angel,male,1,United States,North America,low,high,0,NA,0,NA,NA
4a07ed595ec4c23fad94fac8cd3aba68@prksq.com,113,0.92000002,2023-01-29,2023-01-30,Venture Capital,male,3,United Kingdom,Europe and Central Asia,high,low,0,NA,0,NA,NA
4a14e2b6d70c5b76cd7242cc4da83a6f@prksq.com,264,0.75,2023-01-29,2023-01-29,Angel,male,2,United States,North America,high,high,1,more info/clarification,1,2023-01-31,1
4a267f0f3f442a5918f224f19aa1546d@prksq.com,536,0.25,2023-01-29,2023-01-31,Angel,male,1,United States,North America,high,high,0,NA,0,NA,NA
4a2c958b81001e05e5e9b5793c357d9e@prksq.com,270,1,2023-01-29,2023-01-31,Angel,male,1,United States,North America,high,high,0,NA,0,NA,NA
4a2d92b14122335ea15084e64eb1ff8b@prksq.com,53,0.82999998,2023-01-28,2023-01-29,Angel,female,1,United States,North America,high,low,1,more info/clarification,1,2023-01-29,1
4a302cca28e7c8ca6807704eebc9b492@prksq.com,48,0.33000001,2023-01-29,2023-02-01,Angel,male,1,United States,North America,low,low,0,NA,0,NA,NA
4a3b7ecb5a1b273422e225db9063105c@prksq.com,34,0.82999998,2023-01-28,2023-01-30,Angel,male,1,United States,North America,high,high,1,more info/clarification,1,2023-01-31,1
4a432582c72b1915d4b3afab47efb985@prksq.com,16,0.079999998,2023-01-28,2023-01-28,Angel,male,1,United States,North America,low,low,0,NA,0,NA,NA
4a4af28dce5f8f9cd6971c2bc22d866e@prksq.com,41,0.079999998,2023-01-28,2023-01-31,Angel,male,1,United States,North America,low,low,0,NA,0,NA,NA
4a535d160ddcc352f3f7581b150356dc@prksq.com,31,0.57999998,2023-01-28,2023-01-28,Angel,male,1,United States,North America,high,high,0,NA,0,NA,NA
4a8b0d55d6f85807de8e0babf49b3ed9@prksq.com,37,0.75,2023-01-28,2023-01-30,Angel,male,1,United States,North America,high,high,0,NA,0,NA,NA
4a92d6c14aadb04c51e54184e67f40eb@prksq.com,173,1,2023-01-28,2023-01-31,Angel,male,1,United States,North America,low,high,1,more info/clarification,1,2023-01-31,1
4acf665ca83e83f00a242a2c0c72aa7d@prksq.com,119,0.079999998,2023-01-28,2023-01-29,Angel,male,1,United States,North America,high,low,0,NA,0,NA,NA
4ad4d43c3b87bdd8c7d434c6e66df8c3@prksq.com,5,0.25,2023-01-29,2023-01-31,Angel,male,1,United States,North America,high,low,0,NA,0,NA,NA
4afa2127bff454f4345b3066164487eb@prksq.com,122,0.75,2023-01-29,2023-01-29,Angel,male,1,United States,North America,high,high,0,NA,0,NA,NA
4b05f0022b412bd388748f017189911d@prksq.com,42,0.57999998,2023-01-29,2023-01-29,Angel,male,1,United States,North America,low,low,1,more info/clarification,1,2023-01-29,1
4b320988f8ce194e6ffc724398804721@prksq.com,488,1,2023-01-29,2023-01-30,Angel,male,1,United States,North America,low,high,0,NA,0,NA,NA
4b3f7afa989acb14ebb994264ea6f376@prksq.com,288,1,2023-01-28,2023-01-30,Venture Capital,male,40,United States,North America,high,low,1,more info/clarification,1,2023-02-02,1
4b48d822cd8342f1bef67654e13c7ec2@prksq.com,503,0.92000002,2023-01-28,2023-01-28,Angel,male,1,United States,North America,low,high,1,more info/clarification,1,2023-01-29,1
4b56598ace1b25cf6b4fe540dc7dabec@prksq.com,606,1,2023-01-29,2023-01-30,Angel,male,1,Canada,North America,high,high,0,NA,0,NA,NA
4b57475e9f5c9aaa91ffff61412c3f3b@prksq.com,103,1,2023-01-29,2023-01-31,Angel,male,1,United States,North America,low,low,0,NA,0,NA,NA
4b6172d08e4a2ef45de7a8488139fd3e@prksq.com,17,0.33000001,2023-01-28,2023-01-31,Venture Capital,male,4,United States,North America,low,low,0,NA,0,NA,NA
4b6202fa12541d178b6f4baba962b846@prksq.com,268,0.67000002,2023-01-28,2023-01-29,Venture Capital,male,1,United States,North America,high,low,1,more info/clarification,1,2023-01-31,1
4b72b2a077d24009a26d4878e5455b62@prksq.com,221,1,2023-01-29,2023-01-29,Venture Capital,female,66,United States,North America,high,high,0,NA,0,NA,NA
4b88a298f7033d1083abb75a6611aabd@prksq.com,270,0.82999998,2023-01-29,2023-01-30,Angel,male,1,United States,North America,high,low,0,NA,0,NA,NA
4b8d3e7d2ec8cbd18e1f06d002826bb9@prksq.com,58,0.92000002,2023-01-28,2023-01-31,Angel,male,1,Canada,North America,low,high,0,NA,0,NA,NA
4ba699013279084a33ddbbeff7f58723@prksq.com,45,0.5,2023-01-29,2023-02-03,Angel,male,1,United States,North America,low,low,1,more info/clarification,1,2023-02-03,1
4baf18c1e83e1518273782fd4e5d279f@prksq.com,185,0.92000002,2023-01-28,2023-01-30,Angel,male,1,United States,North America,low,low,0,NA,0,NA,NA
4bb5b9d71e54077420a2199904d66b9c@prksq.com,164,0.92000002,2023-01-28,2023-01-31,Angel,male,1,India,South Asia,low,high,0,NA,0,NA,NA
4bc4c626ada608fb8bdfffedbc115fc0@prksq.com,47,0.92000002,2023-01-28,2023-01-28,Angel,male,2,United States,North America,low,high,0,NA,0,NA,NA
4bc6b89db62dc43c960ac07302d74e0c@prksq.com,17,0.82999998,2023-01-28,2023-01-29,Venture Capital,male,2,United States,North America,high,high,0,NA,0,NA,NA
4be739fa2a0366c28988514ba14fd6a8@prksq.com,302,0.33000001,2023-01-28,2023-01-31,Angel,male,1,United States,North America,low,high,0,NA,0,NA,NA
4bf5c8a104c397acad91e82e75cf4544@prksq.com,48,1,2023-01-28,2023-01-28,Venture Capital,male,2,United States,North America,low,high,0,NA,0,NA,NA
4bff3ef5305441c431f1b39d0e06df18@prksq.com,32,1,2023-01-28,2023-01-29,Angel,male,1,France,Europe and Central Asia,high,high,0,NA,0,NA,NA
4c173c0f04eb355eaca743af4a77ca31@prksq.com,17,0.41999999,2023-01-28,2023-01-31,Venture Capital,male,5,United States,North America,low,high,0,NA,0,NA,NA
4c2f4dbda4d722631c80bce2dbbdb2e4@prksq.com,113,0.82999998,2023-01-28,2023-01-31,Angel,male,1,United States,North America,low,low,1,more info/clarification,1,2023-02-01,1
4c2f9e9dc856b0d5a4e8f46e6017d650@prksq.com,290,0.57999998,2023-01-29,2023-01-29,Venture Capital,male,3,France,Europe and Central Asia,low,high,0,NA,0,NA,NA
4c3cd147e6e1b7542ce74d48a5c0e412@prksq.com,126,0.67000002,2023-01-28,2023-02-01,Angel,male,1,United States,North America,low,low,0,NA,0,NA,NA
4c564ca38d56c42795e6cc5832203c98@prksq.com,147,1,2023-01-29,2023-01-31,Angel,male,1,Germany,Europe and Central Asia,high,high,0,NA,0,NA,NA
4c5ed19cfe2f54ed1387a4254b61be61@prksq.com,53,0.82999998,2023-01-29,2023-01-29,Angel,male,1,United States,North America,high,low,0,NA,0,NA,NA
4c776acd0f8a27f494f37cbdee0a8d5c@prksq.com,298,0.17,2023-01-28,2023-01-29,Angel,male,1,Singapore,East Asia and Pacific,low,high,0,NA,0,NA,NA
4c7d615aada1afbf772c10e2da04ca33@prksq.com,109,0.92000002,2023-01-28,2023-01-28,Angel,male,1,United States,North America,low,low,0,NA,0,NA,NA
4c82dfd701fdfe77019433ca2e7abf84@prksq.com,156,1,2023-01-29,2023-01-30,Angel,male,1,United States,North America,low,high,0,NA,0,NA,NA
4cb08082983c3f6e9d6dd0fa198f14a3@prksq.com,91,0.17,2023-01-28,2023-01-29,Angel,male,1,United States,North America,low,low,0,NA,0,NA,NA
4cc2cd74717842d28b886e63650e2bae@prksq.com,7,1,2023-01-28,2023-01-29,Angel,male,1,United States,North America,high,high,0,NA,0,NA,NA
4cc67ab3015b4ed0540adde2e011d085@prksq.com,28,1,2023-01-28,2023-02-02,Angel,male,2,United States,North America,high,low,0,NA,0,NA,NA
4ce197994c9d80338467d5d8058bc0a0@prksq.com,185,0.41999999,2023-01-28,2023-01-28,Venture Capital,male,2,United States,North America,low,low,0,no specific reason,1,2023-01-28,0
4ce5a4ac136ced06f26b7a9fc0c3e4fc@prksq.com,3,0.33000001,2023-01-28,2023-01-31,Angel,male,1,United Kingdom,Europe and Central Asia,high,low,0,NA,0,NA,NA
4d0ff39c255985814059c2807bfa4812@prksq.com,190,0.67000002,2023-01-28,2023-01-28,Angel,male,1,United States,North America,low,high,0,NA,0,NA,NA
4d1e29583dc64eb9a6f73d45fed1822d@prksq.com,68,0.5,2023-01-28,2023-01-28,Angel,male,1,United States,North America,high,high,0,NA,0,NA,NA
4d2ec0b538c1f44cec2b34189d4e9c0f@prksq.com,31,0.079999998,2023-01-29,2023-01-30,Angel,male,1,United States,North America,high,low,0,NA,0,NA,NA
4d3c6747208bf7d64919191810d50f42@prksq.com,29,0.33000001,2023-01-29,2023-01-30,Angel,male,1,United States,North America,low,low,0,NA,0,NA,NA
4d52f790ab1a4abb8cb3fb1f3a214978@prksq.com,84,0.079999998,2023-01-28,2023-01-31,Venture Capital,male,2,United States,North America,high,high,0,NA,0,NA,NA
4d808f1d5e4a4c9bb22a22f38b5169a9@prksq.com,10,0.57999998,2023-01-29,2023-02-01,Angel,male,2,United States,North America,high,high,0,NA,0,NA,NA
4d8da9fb291fe6d9b67517129646d858@prksq.com,15,0.92000002,2023-01-29,2023-01-31,Venture Capital,male,5,United States,North America,low,low,0,NA,0,NA,NA
4d9e576ce5d3664986e2d7e22b25d74f@prksq.com,24,0.079999998,2023-01-29,2023-01-30,Angel,female,1,United States,North America,low,low,0,NA,0,NA,NA
4da1543dac99992e4979e5246fde3202@prksq.com,120,0.82999998,2023-01-29,2023-01-31,Angel,male,1,United States,North America,low,high,0,NA,0,NA,NA
4da317dbe274038fcf797aa41f1a5fb8@prksq.com,108,0.41999999,2023-01-29,2023-01-30,Angel,male,1,Singapore,East Asia and Pacific,high,low,0,NA,0,NA,NA
4da7043df2120e4139de40480526839f@prksq.com,21,0.33000001,2023-01-29,2023-01-31,Angel,male,1,Germany,Europe and Central Asia,low,high,0,NA,0,NA,NA
4db952a2c2a3c6e0f9f3d5440795779e@prksq.com,157,0.57999998,2023-01-29,2023-01-31,Venture Capital,male,2,United States,North America,high,low,0,NA,0,NA,NA
4dd0aae557ff1b93dc88b757be321240@prksq.com,309,0.5,2023-01-29,2023-01-31,Angel,male,1,United States,North America,high,high,0,NA,0,NA,NA
4dd0e1d151c3fa93c51ed6b64345441f@prksq.com,35,0.5,2023-01-29,2023-02-01,Venture Capital,male,4,India,South Asia,low,high,1,more info/clarification,1,2023-02-01,1
4dd9b3492909003ba78fbb11efde3cd0@prksq.com,64,0.57999998,2023-01-29,2023-01-30,Angel,male,1,United States,North America,low,high,0,NA,0,NA,NA
4dda1a639389e8020a667b1a58ce2285@prksq.com,12,0.25,2023-01-29,2023-01-30,Angel,male,1,United States,North America,high,high,0,NA,0,NA,NA
4de482777be9bad980db0866d15e30f8@prksq.com,298,1,2023-01-29,2023-01-29,Angel,male,1,United States,North America,high,low,0,NA,0,NA,NA
4de6ec6e984464542660e3acda054699@prksq.com,141,1,2023-01-29,2023-01-29,Venture Capital,male,1,United States,North America,low,high,0,NA,0,NA,NA
4dee5969f479649a8cdc1f871e65ad8f@prksq.com,299,1,2023-01-29,2023-01-31,Angel,male,1,Germany,Europe and Central Asia,high,low,0,NA,0,NA,NA
4e005e459f6d58bf6d68659b33d20621@prksq.com,133,1,2023-01-29,2023-01-30,Angel,male,1,Germany,Europe and Central Asia,low,high,0,NA,0,NA,NA
4e10cd9a29a0e55ad697a076c612cf60@prksq.com,75,0.92000002,2023-01-29,2023-01-31,Venture Capital,male,4,Singapore,East Asia and Pacific,low,high,1,more info/clarification,1,2023-01-31,1
4e117c092641311b86295132d95ef21a@prksq.com,155,1,2023-01-29,2023-01-30,Angel,male,1,United States,North America,low,high,0,NA,0,NA,NA
4e135e449f40f8c7e807fe2dff07b849@prksq.com,85,0.33000001,2023-01-29,2023-01-31,Angel,male,1,United Kingdom,Europe and Central Asia,high,low,0,NA,0,NA,NA
4e21e5a7bee52ff05d64849035e3a191@prksq.com,15,0.079999998,2023-01-29,2023-01-30,Angel,male,1,Germany,Europe and Central Asia,low,low,0,NA,0,NA,NA
4e2d29498009064ff4e4190595a8f397@prksq.com,42,0.25,2023-01-29,2023-02-01,Angel,male,3,United States,North America,low,low,0,NA,0,NA,NA
4e388f74a157dc6ef91d0c2c0a5d4995@prksq.com,199,0.92000002,2023-01-29,2023-01-31,Angel,female,1,United States,North America,low,high,0,NA,0,NA,NA
4e4385f2b8d42ca0c5c93767e4de222d@prksq.com,241,0.82999998,2023-01-29,2023-02-02,Angel,male,1,United States,North America,low,low,0,NA,0,NA,NA
4e4a858fd1afa4edd70f2510e69b8a83@prksq.com,258,1,2023-01-29,2023-02-01,Angel,male,1,United States,North America,high,high,0,NA,0,NA,NA
4e511d7b807b799e6ff16695ba322b33@prksq.com,19,1,2023-01-29,2023-01-31,Angel,male,2,India,South Asia,high,high,0,NA,0,NA,NA
4e5194bf20dcfd6c1740b94d5c7499da@prksq.com,241,0.82999998,2023-01-29,2023-01-30,Venture Capital,male,1,United States,North America,low,high,0,NA,0,NA,NA
4e5c02fd240bef499e02a0f19204fbaf@prksq.com,242,0.82999998,2023-01-29,2023-01-30,Angel,male,2,United States,North America,high,low,0,NA,0,NA,NA
4e61dad8d9676f18383f8f0be9262172@prksq.com,23,0.82999998,2023-01-29,2023-02-03,Angel,male,1,United States,North America,low,high,1,more info/clarification,1,2023-02-03,1
4e68acb3f01497773ef1a77308b19ec2@prksq.com,17,0.5,2023-01-29,2023-02-01,Angel,male,1,United States,North America,low,high,0,investment strategy,1,2023-02-01,0
4e697df08449cf941531fb7c237e8a48@prksq.com,385,0.57999998,2023-01-29,2023-02-01,Angel,male,1,Singapore,East Asia and Pacific,high,high,1,more info/clarification,1,2023-02-01,1
4e725cb747886329f62c8f5c59683a04@prksq.com,129,0.41999999,2023-01-29,2023-02-01,Angel,male,3,United States,North America,low,low,0,stage,1,2023-02-03,0
4e816d05a0d521f76dd0f01e0c2e94c2@prksq.com,258,0.75,2023-01-29,2023-01-30,Angel,male,1,United States,North America,low,low,0,NA,0,NA,NA
4e8ea5597b129ee85a8f023fd5b43ca3@prksq.com,67,1,2023-01-29,2023-01-30,Angel,male,1,United Kingdom,Europe and Central Asia,low,low,0,NA,0,NA,NA
4e9b83ca8b8226f7a9a0efaf9bd7539f@prksq.com,86,0.33000001,2023-01-29,2023-02-01,Angel,male,1,United States,North America,low,low,0,NA,0,NA,NA
4e9e37a39cee0b2709865858b3dd90b1@prksq.com,64,0.25,2023-01-29,2023-01-29,Angel,female,1,United States,North America,low,low,0,NA,0,NA,NA
4ea44eb6544556186660911514920544@prksq.com,161,0.75,2023-01-29,2023-02-01,Angel,male,1,United States,North America,high,low,0,NA,0,NA,NA
4eaca7660513e5361b49961fe424ec5a@prksq.com,183,0.33000001,2023-01-29,2023-01-31,Angel,male,2,United States,North America,low,high,0,NA,0,NA,NA
4ec144804649149f6e4caf98d44d4acf@prksq.com,385,1,2023-01-29,2023-01-30,Angel,male,2,Germany,Europe and Central Asia,high,high,0,NA,0,NA,NA
4ed3dc8787f9b8452fdbab2032f172d1@prksq.com,73,0.41999999,2023-01-29,2023-02-01,Venture Capital,male,2,United States,North America,low,high,0,NA,0,NA,NA
4eeec0198fdab31510973ef143350083@prksq.com,36,0.92000002,2023-01-29,2023-01-29,Angel,male,1,United States,North America,low,high,0,NA,0,NA,NA
4f09d7dd22dd2cf54e22bf92aac81bcd@prksq.com,117,1,2023-01-29,2023-01-30,Angel,male,1,United Kingdom,Europe and Central Asia,high,low,1,more info/clarification,1,2023-01-31,1
4f183d67fa43e0050860b287267b8f3d@prksq.com,203,0.33000001,2023-01-29,2023-01-30,Angel,male,2,United States,North America,high,low,0,no specific reason,1,2023-01-30,0
4f1b616b09412876b29f74c15954d1b6@prksq.com,386,0.75,2023-01-29,2023-01-30,Angel,male,1,United States,North America,low,low,0,stage,1,2023-02-10,0
4f2a9026989de7e7fc2c2aaf70a1dd80@prksq.com,12,0.5,2023-01-29,2023-01-29,Angel,male,1,Canada,North America,low,low,0,NA,0,NA,NA
4f337b2b90ea730a091056285beb56f9@prksq.com,109,0.33000001,2023-01-29,2023-01-31,Angel,male,1,United States,North America,low,low,0,stage,1,2023-01-31,0
4f3e846c0ea90f30114d5000001d9599@prksq.com,151,0.92000002,2023-01-29,2023-01-31,Venture Capital,male,1,United States,North America,low,low,0,NA,0,NA,NA
4f41ceaabc8d6cbdd1b3d30542ade800@prksq.com,335,0.92000002,2023-01-29,2023-01-29,Angel,male,1,United States,North America,high,low,0,no specific reason,1,2023-02-05,0
4f44f7da74127b92bd7b0ad9ecf00050@prksq.com,300,0.92000002,2023-01-29,2023-01-30,Angel,male,1,United States,North America,low,low,0,investment strategy,1,2023-01-31,0
4f4f2fd25d73b44001db36d05646152c@prksq.com,59,0.82999998,2023-01-29,2023-01-30,Venture Capital,male,4,United States,North America,high,high,0,NA,0,NA,NA
4f506015530726bd91a83f18ca1171ec@prksq.com,164,0.33000001,2023-01-29,2023-01-31,Angel,male,1,Brazil,Latin America and Caribbean,low,high,0,NA,0,NA,NA
4f6d113a8fa403b20f20ef881b81ec3e@prksq.com,123,1,2023-01-29,2023-01-29,Angel,female,1,United States,North America,low,low,0,NA,0,NA,NA
4f705fdb151a4a22ac7827cd5562c788@prksq.com,386,0.5,2023-01-29,2023-01-29,Angel,male,1,United States,North America,low,high,0,no specific reason,1,2023-01-29,0
4f7948c578d6a48ca80406d1df574c63@prksq.com,273,1,2023-01-29,2023-02-03,Venture Capital,male,5,United States,North America,low,high,0,NA,0,NA,NA
4f7c3d6ce5bde1e97424d8c5de01cb19@prksq.com,392,1,2023-01-29,2023-01-31,Angel,male,1,United States,North America,high,high,1,more info/clarification,1,2023-01-31,1
4f8b5aa6881023717108619cd62bb43e@prksq.com,287,0.82999998,2023-01-29,2023-01-31,Angel,male,1,United States,North America,high,high,0,NA,0,NA,NA
4fb43017ce54b75c0bbe416e2617d6de@prksq.com,24,0.079999998,2023-01-29,2023-01-29,Angel,male,1,United States,North America,low,high,0,NA,0,NA,NA
4fc8ad8f50f14a901c7f036fea32fdac@prksq.com,309,0.92000002,2023-01-29,2023-01-30,Angel,male,4,Israel,Middle East and North Africa,high,low,0,NA,0,NA,NA
4fd0038e18a03115eead270218da37db@prksq.com,268,0.57999998,2023-01-29,2023-01-29,Angel,male,1,United States,North America,low,high,0,NA,0,NA,NA
4ff96bcca9680c667196c244e5456867@prksq.com,45,0.17,2023-01-29,2023-02-02,Angel,male,2,United States,North America,low,low,0,NA,0,NA,NA
5009f240d3507cb2e539241d2ce3e15e@prksq.com,128,0.92000002,2023-01-29,2023-02-01,Angel,male,1,United States,North America,low,high,0,NA,0,NA,NA
5019bcecf86842a7eaae56c76499ecef@prksq.com,57,1,2023-01-29,2023-02-01,Angel,male,2,United States,North America,high,low,0,NA,0,NA,NA
501e0dadfb15dc85a1c6b228b8180bb9@prksq.com,12,0.67000002,2023-01-29,2023-02-06,Angel,male,2,United States,North America,low,high,0,NA,0,NA,NA
5023428ee4ba03f4dea6098a9ee3e06b@prksq.com,15,1,2023-01-29,2023-01-30,Angel,male,1,India,South Asia,low,low,0,industry,1,2023-01-30,0
50273dd96fe2d149726b68a353068046@prksq.com,108,1,2023-01-29,2023-01-30,Angel,male,1,Germany,Europe and Central Asia,low,low,0,NA,0,NA,NA
5034245f10207500d6fdb92b095e30ec@prksq.com,59,1,2023-01-29,2023-01-31,Angel,male,1,United Kingdom,Europe and Central Asia,high,high,0,NA,0,NA,NA
503458b455c3415af859c6b83e7b2884@prksq.com,211,0.17,2023-01-29,2023-01-29,Angel,male,1,United States,North America,high,low,0,NA,0,NA,NA
503a5da8031145ec4187751ef2ef536c@prksq.com,414,0.67000002,2023-01-29,2023-01-31,Venture Capital,male,3,United States,North America,high,high,0,NA,0,NA,NA
505b959048fd0a08e75d3251851f6a58@prksq.com,305,1,2023-01-29,2023-01-29,Angel,male,1,United States,North America,high,high,0,NA,0,NA,NA
5075f4ed65862ab89342656f1798486e@prksq.com,69,0.25,2023-01-29,2023-01-30,Venture Capital,male,3,United States,North America,low,high,0,NA,0,NA,NA
5076dd1b022cf7e9b469212d91c2ba78@prksq.com,234,0.67000002,2023-01-29,2023-01-30,Angel,male,1,United States,North America,high,high,0,NA,0,NA,NA
5088ee83b60bd8a285e6d695a6a7c821@prksq.com,93,0.82999998,2023-01-29,2023-01-29,Angel,female,1,United States,North America,low,low,0,NA,0,NA,NA
508b3bfa92047dc66c4c312ff447b578@prksq.com,223,0.41999999,2023-01-29,2023-01-30,Angel,male,1,United States,North America,low,high,0,NA,0,NA,NA
509b7db0a74f3fee8af04d9d8eff1691@prksq.com,70,1,2023-01-29,2023-01-29,Angel,male,1,United States,North America,low,low,0,NA,0,NA,NA
509d01fc5558e43240b89d981eba8b2f@prksq.com,164,0.75,2023-01-29,2023-01-30,Angel,male,1,United Kingdom,Europe and Central Asia,high,low,0,NA,0,NA,NA
50a0f67dce98d232da2673270604b58f@prksq.com,3,0.67000002,2023-01-29,2023-02-02,Angel,male,1,United States,North America,low,low,0,NA,0,NA,NA
50a325c9831ec29d5bd5da592d2690bb@prksq.com,147,1,2023-01-29,2023-01-30,Angel,male,5,United States,North America,low,low,0,NA,0,NA,NA
50c58eb9cd58c91d1f99d9c7856a2171@prksq.com,44,0.5,2023-01-29,2023-01-30,Angel,male,1,United States,North America,high,low,0,stage,1,2023-01-30,0
50c8c825ac13db7fef0a8028b2954296@prksq.com,57,0.57999998,2023-01-29,2023-01-30,Angel,male,1,United Kingdom,Europe and Central Asia,low,low,0,NA,0,NA,NA
50cd3488a4e62ebe41f5de6c9aa4cf04@prksq.com,503,0.75,2023-01-29,2023-02-01,Angel,male,1,United States,North America,high,high,0,NA,0,NA,NA
50e4d8eba7785182a2c0e046923899a7@prksq.com,19,0.5,2023-01-29,2023-02-03,Angel,female,1,United States,North America,high,high,0,NA,0,NA,NA
50ea425047a3806bbe62babdf13ab649@prksq.com,56,1,2023-01-29,2023-01-29,Angel,male,1,United States,North America,high,high,0,NA,0,NA,NA
51001969b70358aef091ef7f1382447b@prksq.com,400,0.67000002,2023-01-29,2023-01-29,Angel,male,1,United States,North America,high,low,0,NA,0,NA,NA
510657635c166aef30a4f9cfe913a3bb@prksq.com,47,0.5,2023-01-29,2023-01-31,Angel,male,2,United States,North America,high,low,0,NA,0,NA,NA
51084a2fbcb281fb2b949b8a7c9e9096@prksq.com,64,0.57999998,2023-01-29,2023-01-30,Angel,male,2,United States,North America,low,low,0,NA,0,NA,NA
510ca8968fdb2b369411a068fcb4a85d@prksq.com,68,0.41999999,2023-01-29,2023-01-30,Angel,male,1,United States,North America,low,low,0,NA,0,NA,NA
511382b03c283269e47e7fc0cf54b21f@prksq.com,325,1,2023-01-29,2023-02-02,Angel,male,1,India,South Asia,low,high,0,NA,0,NA,NA
5120b5009ebebce939578ce9f286f8e8@prksq.com,195,0.41999999,2023-01-29,2023-02-02,Venture Capital,male,4,United States,North America,high,high,1,more info/clarification,1,2023-02-02,1
5123bbb712457957f6ad0239a1e04f18@prksq.com,88,0.33000001,2023-01-29,2023-02-02,Angel,male,1,United States,North America,high,low,0,NA,0,NA,NA
513f5e2b6572fbef59d836cd8e084b2f@prksq.com,204,1,2023-01-29,2023-01-29,Angel,male,1,United States,North America,low,high,0,stage,1,2023-01-30,0
5142f657425577f947f059e7082d39f0@prksq.com,76,0.5,2023-01-29,2023-01-29,Angel,male,1,United States,North America,low,low,0,NA,0,NA,NA
5144d4e774ffdcb6c200304e44ef1fad@prksq.com,327,0.67000002,2023-01-29,2023-02-02,Angel,male,1,United States,North America,high,low,0,NA,0,NA,NA
51513460005dfb45547b37d18c395e6e@prksq.com,248,0.41999999,2023-01-29,2023-01-30,Venture Capital,female,1,China,East Asia and Pacific,low,low,0,NA,0,NA,NA
5158b46223a0808a4fcf1378defe3b21@prksq.com,151,0.33000001,2023-01-29,2023-01-30,Angel,female,2,United States,North America,high,high,1,more info/clarification,1,2023-02-01,1
515deb380dbbcb558d642750409c3da6@prksq.com,342,0.57999998,2023-01-29,2023-01-31,Angel,male,1,United States,North America,low,high,0,NA,0,NA,NA
516f51e6688381c5282c766303f6cc5d@prksq.com,26,0.92000002,2023-01-29,2023-02-01,Venture Capital,male,2,United States,North America,low,low,0,NA,0,NA,NA
51740a98a472ae8f7095114b491f81e7@prksq.com,86,1,2023-01-29,2023-01-30,Angel,male,1,United Kingdom,Europe and Central Asia,low,high,0,NA,0,NA,NA
517e399d2de7d193028e851eae0b402e@prksq.com,184,0.82999998,2023-01-29,2023-01-30,Angel,female,1,United States,North America,low,low,0,industry,1,2023-02-04,0
51931eedebee7afa551ab45461238058@prksq.com,156,0.82999998,2023-01-29,2023-02-01,Venture Capital,male,35,China,East Asia and Pacific,high,low,0,no specific reason,1,2023-02-04,0
5194814d50b30f5edf9dc7393eb1ae5c@prksq.com,64,0.75,2023-01-29,2023-01-31,Angel,female,4,Canada,North America,high,low,0,NA,0,NA,NA
51950efb714e48c75c3676d683c176e8@prksq.com,36,0.5,2023-01-29,2023-02-01,Venture Capital,male,2,United States,North America,high,high,0,NA,0,NA,NA
51ac3fab2da11d0173cebbfc9f474f32@prksq.com,42,0.82999998,2023-01-29,2023-02-01,Angel,male,1,Israel,Middle East and North Africa,low,high,0,geography,1,2023-02-02,0
51bdf594369ac31bebb7c7ee6803a1fc@prksq.com,239,1,2023-01-29,2023-02-02,Angel,male,1,United States,North America,high,high,1,more info/clarification,1,2023-02-05,1
5225c593b99889a0cda3f5ea05ef6845@prksq.com,415,0.82999998,2023-01-29,2023-01-29,Venture Capital,male,1,United States,North America,high,low,0,no specific reason,1,2023-02-01,0
5261c52db8ac60cecffa771b614bef08@prksq.com,87,0.67000002,2023-01-29,2023-01-31,Angel,male,1,India,South Asia,low,high,0,no specific reason,1,2023-01-31,0
5262415aa410a9e5d9b07154a69a5bf3@prksq.com,54,0.33000001,2023-01-29,2023-01-30,Venture Capital,male,9,United States,North America,high,low,0,NA,0,NA,NA
527ea8681257a7dd4a8e753551fe7d42@prksq.com,117,0.25,2023-01-30,2023-02-01,Angel,female,1,United Kingdom,Europe and Central Asia,low,high,0,NA,0,NA,NA
5285ae4eba14bc16782c5181aebf9270@prksq.com,79,1,2023-01-30,2023-02-01,Angel,male,1,United Kingdom,Europe and Central Asia,low,low,0,NA,0,NA,NA
529a884422a7ddbf3700a2f9ec6cb9a3@prksq.com,28,0.92000002,2023-01-29,2023-02-01,Angel,male,2,United States,North America,low,high,0,no specific reason,1,2023-02-01,0
52a4e153ed7eee097a48563ed612215a@prksq.com,217,0.82999998,2023-01-30,2023-01-31,Venture Capital,male,4,United Kingdom,Europe and Central Asia,high,high,1,more info/clarification,1,2023-01-31,1
52dcf0474ca67763e819f6f7a0e909b8@prksq.com,281,0.57999998,2023-01-30,2023-01-30,Angel,male,1,United States,North America,high,low,0,NA,0,NA,NA
52df811e3e242ad29ed2e1ea34e75c77@prksq.com,48,1,2023-01-30,2023-01-30,Angel,male,1,United States,North America,high,low,0,NA,0,NA,NA
52e50db403de6b449532c3aa2bbe42a3@prksq.com,87,1,2023-01-30,2023-02-02,Venture Capital,male,5,Canada,North America,high,high,0,NA,0,NA,NA
52fc9d7c1cb43dc522649ce627add979@prksq.com,36,0.25,2023-01-29,2023-01-31,Angel,male,1,United States,North America,low,low,0,NA,0,NA,NA
530308a22848764e3bf0287ba213d2bf@prksq.com,43,0.75,2023-01-30,2023-02-01,Angel,male,1,United States,North America,low,high,0,NA,0,NA,NA
53136e3aa2fe0e0c691c3692e2c9120e@prksq.com,36,0.67000002,2023-01-30,2023-02-05,Angel,male,1,United States,North America,high,high,0,NA,0,NA,NA
53285f51aefa9210dfab326c66fed7cc@prksq.com,108,0.92000002,2023-01-29,2023-01-30,Angel,male,1,United States,North America,low,high,0,NA,0,NA,NA
5337dff6f02300b0c19907586a93315c@prksq.com,269,1,2023-01-30,2023-01-30,Angel,male,1,United States,North America,high,low,0,NA,0,NA,NA
5347f62dde2e27d555ba3b27f4538ee2@prksq.com,228,0.67000002,2023-01-29,2023-01-29,Angel,male,1,United States,North America,low,low,0,NA,0,NA,NA
534baef4da125bb9bdf77a3707bcdb41@prksq.com,29,0.57999998,2023-01-30,2023-01-31,Angel,male,1,United States,North America,high,high,0,NA,0,NA,NA
5350c3a8ad5eab0bf747be4005ca2936@prksq.com,91,0.25,2023-01-29,2023-01-31,Angel,male,1,United States,North America,low,high,0,NA,0,NA,NA
5359b5b442d0a27b38e2e9a5f44b7c74@prksq.com,4,0.92000002,2023-01-30,2023-02-02,Angel,male,1,United States,North America,high,low,0,NA,0,NA,NA
5363fe16d0649b67c57f0109ba0f09f1@prksq.com,468,0.92000002,2023-01-30,2023-01-30,Venture Capital,male,2,United States,North America,high,high,1,more info/clarification,1,2023-02-05,1
5367d892d1fadc3a2e0e742f69fa51eb@prksq.com,221,1,2023-01-29,2023-01-30,Angel,male,1,United States,North America,high,high,1,more info/clarification,1,2023-01-31,1
5387bf59b9bc3253b3559ba0842f8e50@prksq.com,34,0.67000002,2023-01-30,2023-02-04,Angel,male,1,United States,North America,high,high,0,NA,0,NA,NA
539807b8494aa9efb42caa0542748499@prksq.com,69,0.82999998,2023-01-30,2023-02-02,Venture Capital,male,24,United States,North America,high,low,0,NA,0,NA,NA
53ad6b49f6a2e29e70e0c052d11de185@prksq.com,86,0.41999999,2023-01-30,2023-01-30,Angel,male,1,United States,North America,low,low,0,NA,0,NA,NA
53b128e53404a9307810da443d42de6b@prksq.com,152,0.25,2023-01-30,2023-02-04,Angel,male,1,United States,North America,low,high,0,NA,0,NA,NA
53bb3cdfc827bfdaa9f4ba1700818471@prksq.com,5,0.57999998,2023-01-29,2023-02-02,Angel,male,1,United Kingdom,Europe and Central Asia,low,low,0,NA,0,NA,NA
53e302fc103f20f4cc96152f9ef9275c@prksq.com,164,0.82999998,2023-01-30,2023-01-30,Angel,male,1,United States,North America,low,high,0,NA,0,NA,NA
54082deeb02d0edf21f52d6a44ce66cc@prksq.com,320,0.92000002,2023-01-30,2023-01-30,Angel,male,1,United States,North America,low,high,0,NA,0,NA,NA
5424844bcfcf15b86ff5609ba9819042@prksq.com,65,0.25,2023-01-30,2023-01-30,Angel,male,1,United States,North America,high,low,0,no specific reason,1,2023-01-30,0
54260c46d04b4389d24fbdf50c2db762@prksq.com,32,0.57999998,2023-01-29,2023-01-29,Venture Capital,male,5,United States,North America,high,high,0,NA,0,NA,NA
542e9afc804fc45455e297633c94bb8d@prksq.com,39,0.92000002,2023-01-30,2023-02-01,Angel,male,1,Germany,Europe and Central Asia,low,low,0,NA,0,NA,NA
544559e7da19239bc126b70a03b7572e@prksq.com,136,1,2023-01-30,2023-01-30,Angel,male,1,United States,North America,high,low,0,NA,0,NA,NA
547ff1c4bdc858e71d94dd61134e5ff2@prksq.com,24,1,2023-01-30,2023-01-30,Venture Capital,male,1,United States,North America,high,high,1,more info/clarification,1,2023-01-30,1
5480aaf5493a573479f25e0f71f5aeeb@prksq.com,29,0.079999998,2023-01-30,2023-01-30,Angel,female,3,United States,North America,low,low,0,no specific reason,1,2023-02-01,0
548c28507590c705f653a4550a9b21b6@prksq.com,379,0.82999998,2023-01-30,2023-02-01,Venture Capital,male,5,United States,North America,high,low,0,NA,0,NA,NA
54968817ffc40dab8a7693889042d315@prksq.com,130,0.92000002,2023-01-30,2023-02-04,Angel,male,1,India,South Asia,low,low,0,NA,0,NA,NA
54969e12de21e63d24bd9abf7986caf2@prksq.com,16,0.5,2023-01-30,2023-01-30,Angel,male,1,United States,North America,low,high,0,industry,1,2023-01-30,0
549e840529ce7ba818c874c82c2ec95d@prksq.com,402,1,2023-01-30,2023-02-01,Angel,male,1,United States,North America,low,high,0,NA,0,NA,NA
54b27f36ab5176cbf0390545d468d7fa@prksq.com,260,0.33000001,2023-01-30,2023-01-30,Angel,male,1,United States,North America,high,low,0,NA,0,NA,NA
54c0a2f98b3b68b49e85849d083ba2a4@prksq.com,166,0.82999998,2023-01-30,2023-02-01,Venture Capital,male,5,United States,North America,low,low,0,NA,0,NA,NA
54c2d72f7abc937860ff4441ad5765bf@prksq.com,79,0.67000002,2023-01-30,2023-01-31,Angel,male,1,United States,North America,low,low,0,NA,0,NA,NA
54c755106d9fb120200de3ad3330724c@prksq.com,359,0.079999998,2023-01-30,2023-02-02,Angel,male,1,United States,North America,high,low,0,NA,0,NA,NA
54e7b55c7b9f2af5617e66f3c1fb5abf@prksq.com,106,0.41999999,2023-01-30,2023-02-02,Venture Capital,male,5,United States,North America,high,low,0,NA,0,NA,NA
54f638ac0a4b6ec1d07fea52b63055a5@prksq.com,255,1,2023-01-29,2023-01-31,Angel,male,1,United States,North America,high,low,0,NA,0,NA,NA
550872df154f97ac2e9d7a603b0783eb@prksq.com,470,0.67000002,2023-01-30,2023-02-01,Angel,male,1,United Kingdom,Europe and Central Asia,high,high,0,NA,0,NA,NA
55131085675a7dc1c79fb188f3a15c17@prksq.com,191,0.57999998,2023-01-30,2023-01-31,Angel,male,1,India,South Asia,low,high,0,NA,0,NA,NA
551812312b79c55558f3d485bd846137@prksq.com,101,0.41999999,2023-01-29,2023-01-30,Angel,male,1,United States,North America,low,low,0,NA,0,NA,NA
552626d3d66f0564448f18701ee06c27@prksq.com,48,0.75,2023-01-30,2023-02-02,Angel,male,1,United States,North America,low,low,0,no specific reason,1,2023-02-02,0
5531c23b0203eeb1d0b82ccf5e584678@prksq.com,231,0.75,2023-01-29,2023-01-29,Angel,male,1,United States,North America,low,low,0,NA,0,NA,NA
5534c70180ca4a586d6bed3d9174edbd@prksq.com,66,1,2023-01-29,2023-01-30,Venture Capital,male,2,United States,North America,high,high,1,more info/clarification,1,2023-01-31,1
5538dd85749cf79013bf61288aaec0da@prksq.com,17,0.5,2023-01-29,2023-01-29,Angel,male,1,United States,North America,low,high,0,NA,0,NA,NA
554fb3e63eecd3cecc87d086f064c28c@prksq.com,350,0.25,2023-01-30,2023-01-31,Angel,male,2,United States,North America,high,high,0,NA,0,NA,NA
55705f0616572acd6426d89147bda6a3@prksq.com,233,1,2023-01-30,2023-01-30,Venture Capital,male,2,United Kingdom,Europe and Central Asia,high,low,0,NA,0,NA,NA
557326161cb77db1fde43870635612d5@prksq.com,84,0.5,2023-01-30,2023-02-02,Venture Capital,male,3,United States,North America,low,low,0,NA,0,NA,NA
557e4d1108b6108de8dc4e43e77e08b4@prksq.com,66,1,2023-01-29,2023-02-01,Angel,male,1,United States,North America,low,low,0,NA,0,NA,NA
558cef89e789b66de772ee9c93fa8da7@prksq.com,176,0.67000002,2023-01-30,2023-01-31,Angel,male,1,United States,North America,high,low,0,NA,0,NA,NA
559e9cda7a0a8fd30fae377370a74338@prksq.com,126,0.92000002,2023-01-30,2023-02-01,Angel,male,1,United States,North America,low,low,0,NA,0,NA,NA
55d93a0bff8633609e0bc4de7718e1c4@prksq.com,813,1,2023-01-30,2023-01-31,Angel,male,2,United States,North America,low,high,0,NA,0,NA,NA
55deba114649acb14dca4bf00b330766@prksq.com,97,0.92000002,2023-01-30,2023-01-31,Angel,male,4,Israel,Middle East and North Africa,high,high,0,NA,0,NA,NA
55e373a709c40d406cab0d689b880f37@prksq.com,107,0.5,2023-01-30,2023-02-03,Angel,male,1,United States,North America,low,high,0,NA,0,NA,NA
55e756197ea6b8cc6383b93debe44573@prksq.com,456,0.82999998,2023-01-29,2023-01-30,Angel,male,1,United States,North America,low,high,0,NA,0,NA,NA
55f4f327d339d0adf24c6a92006fce13@prksq.com,41,0.17,2023-01-30,2023-02-02,Angel,male,2,United States,North America,low,low,0,no specific reason,1,2023-02-02,0
56140b37691c57bc94e683032fb67e63@prksq.com,130,0.33000001,2023-01-29,2023-02-01,Angel,male,1,United States,North America,low,low,0,NA,0,NA,NA
562a917c6b99b7d63ecefcd28514a788@prksq.com,18,0.67000002,2023-01-30,2023-01-31,Angel,male,2,United States,North America,low,high,0,NA,0,NA,NA
5636cbacf0f0a26cc3876ba2b76883d1@prksq.com,73,0.92000002,2023-01-29,2023-01-30,Venture Capital,male,1,United States,North America,low,high,0,no specific reason,1,2023-01-30,0
563f7ebd9f13e2552dd1e78a176a14d0@prksq.com,82,1,2023-01-30,2023-02-04,Angel,male,1,United States,North America,low,low,0,NA,0,NA,NA
5648f745696f524223608a76748dac05@prksq.com,27,0.5,2023-01-30,2023-01-31,Angel,female,1,United States,North America,low,high,1,meeting,1,2023-01-31,1
564a0d90bcf144357b6e8375699b9f26@prksq.com,30,0.079999998,2023-01-30,2023-02-01,Angel,male,1,United States,North America,low,low,0,NA,0,NA,NA
5662c6bdf95c7c0cf4eb7a3457068b28@prksq.com,5,0.079999998,2023-01-29,2023-01-29,Angel,female,1,United States,North America,high,low,0,NA,0,NA,NA
566cee9b3992c2e03901bc5b1bebe138@prksq.com,222,1,2023-01-30,2023-01-31,Angel,male,1,United States,North America,high,high,0,NA,0,NA,NA
5676bd3252f73f749cb4bc6fdcd64b9e@prksq.com,12,0.67000002,2023-01-30,2023-02-01,Angel,male,2,United States,North America,high,low,0,NA,0,NA,NA
5680765c622adea6c94e7cd5b8f62641@prksq.com,81,0.41999999,2023-01-29,2023-01-31,Venture Capital,male,3,Israel,Middle East and North Africa,high,low,0,NA,0,NA,NA
56a545ee8795d2afad6dec98a29a63bd@prksq.com,95,1,2023-01-30,2023-01-30,Venture Capital,male,5,United Kingdom,Europe and Central Asia,high,high,0,NA,0,NA,NA
56a67dde3a51e36ab5b58c4f097e2793@prksq.com,45,1,2023-01-30,2023-01-31,Angel,male,1,India,South Asia,high,low,0,NA,0,NA,NA
56a6bd5cad7d9b20a39827137e027065@prksq.com,396,0.57999998,2023-01-30,2023-02-01,Venture Capital,male,2,United Kingdom,Europe and Central Asia,high,high,0,NA,0,NA,NA
56b7831fb6adaff787bb98be3971827f@prksq.com,320,0.82999998,2023-01-29,2023-02-01,Angel,male,1,United States,North America,high,low,0,NA,0,NA,NA
56cf8df3cb2411b7b0c67e053af1377e@prksq.com,95,0.57999998,2023-01-30,2023-01-30,Angel,male,2,United States,North America,low,low,0,NA,0,NA,NA
56e6bc72df8b41b96232d45ff55e37a0@prksq.com,230,0.5,2023-01-30,2023-02-03,Angel,male,1,United States,North America,high,high,0,NA,0,NA,NA
56eafa6905530fa276af4de40ce2abd3@prksq.com,340,0.25,2023-01-30,2023-02-01,Angel,male,1,United Kingdom,Europe and Central Asia,high,high,0,NA,0,NA,NA
56ed6edf36398621ae673334338f0f46@prksq.com,351,0.5,2023-01-30,2023-01-30,Angel,male,1,United States,North America,low,low,0,NA,0,NA,NA
56f0763a11cb6135a236dee9a7d6562f@prksq.com,324,1,2023-01-29,2023-01-30,Angel,female,1,United States,North America,low,low,0,NA,0,NA,NA
57040993d5a6a9ae8ac43f486ed3d5b0@prksq.com,186,0.33000001,2023-01-30,2023-02-02,Angel,female,2,United States,North America,high,high,0,NA,0,NA,NA
570cd66492923f195af88db61a0ad6d1@prksq.com,23,0.67000002,2023-01-30,2023-01-30,Angel,male,1,United States,North America,high,high,0,NA,0,NA,NA
571cfc41413d11954bd2ff076362765f@prksq.com,27,0.75,2023-01-30,2023-01-30,Angel,male,1,United States,North America,high,low,0,NA,0,NA,NA
572005d838ff5be34737dcae05566acc@prksq.com,171,0.57999998,2023-01-30,2023-02-02,Angel,male,1,United States,North America,high,low,0,NA,0,NA,NA
5729782337ae8536277485b94737c669@prksq.com,208,0.75,2023-01-30,2023-02-01,Angel,male,1,United States,North America,low,high,0,NA,0,NA,NA
572a18b23838fa36914ecf9cf18cdb00@prksq.com,114,0.67000002,2023-01-30,2023-01-31,Angel,male,2,United States,North America,low,low,0,NA,0,NA,NA
5730e3ffce247e4cf62b55f176177464@prksq.com,3,0.75,2023-01-30,2023-01-30,Angel,male,1,United States,North America,low,low,0,NA,0,NA,NA
5737e7ecd85ffabbf7927e46e56b08a3@prksq.com,69,0.33000001,2023-01-30,2023-01-31,Angel,male,1,United States,North America,high,low,0,NA,0,NA,NA
574a66617d9d89b72b68d47c1d72e4d3@prksq.com,179,1,2023-01-30,2023-02-03,Angel,male,1,Canada,North America,low,low,0,NA,0,NA,NA
574c075c4ebe507a64ea711851dea7c7@prksq.com,20,1,2023-01-29,2023-01-29,Venture Capital,male,1,United States,North America,high,high,1,more info/clarification,1,2023-01-29,1
574d2deb9502aeee9388056b78a6598d@prksq.com,29,0.079999998,2023-01-29,2023-01-29,Angel,male,2,United States,North America,low,low,0,NA,0,NA,NA
575f29baa43843ed755964a243282f55@prksq.com,9,0.75,2023-01-29,2023-02-02,Angel,male,1,United States,North America,low,high,0,NA,0,NA,NA
5782c06f10a1dbaa8953ec374cfd941b@prksq.com,145,0.92000002,2023-01-30,2023-02-02,Angel,male,2,United States,North America,low,high,0,NA,0,NA,NA
57a387ca8d8b519776bee3f81a970525@prksq.com,28,0.82999998,2023-01-30,2023-01-30,Angel,male,1,United States,North America,low,high,0,NA,0,NA,NA
57d3bb398ef9c4d564bd5c76258028c2@prksq.com,27,0.5,2023-01-30,2023-01-30,Angel,male,1,United States,North America,low,low,0,NA,0,NA,NA
57d52b9602371105b58a09cc8d1a96bf@prksq.com,388,1,2023-01-30,2023-02-02,Angel,male,1,United States,North America,high,high,0,NA,0,NA,NA
57db3e916e44015f7e2fa97ebce5954d@prksq.com,254,1,2023-01-30,2023-01-30,Venture Capital,male,2,United States,North America,high,high,0,NA,0,NA,NA
57e2add01635e2ddb09e9c7d1984b705@prksq.com,40,1,2023-01-30,2023-01-31,Angel,male,1,United States,North America,low,low,0,NA,0,NA,NA
57e6417ab315576e6f14fbdcf69cb5d1@prksq.com,58,0.33000001,2023-01-30,2023-01-31,Angel,male,1,United States,North America,low,low,0,NA,0,NA,NA
57f722a8d197e94eadfeca5445e93a25@prksq.com,76,1,2023-01-30,2023-02-02,Angel,male,1,United Kingdom,Europe and Central Asia,low,low,0,NA,0,NA,NA
580d0128293750b506435f263b920867@prksq.com,135,1,2023-01-30,2023-02-04,Angel,male,1,United States,North America,low,low,0,NA,0,NA,NA
5816d269d944b3f0b71a3c448e75911b@prksq.com,8,1,2023-01-30,2023-01-30,Venture Capital,male,5,United States,North America,low,high,0,NA,0,NA,NA
5828dc393f0e38165e82bfe13bf70153@prksq.com,488,0.67000002,2023-01-30,2023-02-01,Angel,male,2,United States,North America,high,high,0,NA,0,NA,NA
583220dd4218e18559577eaf83ec9e22@prksq.com,74,1,2023-01-30,2023-01-31,Angel,female,1,United States,North America,low,low,0,NA,0,NA,NA
5833904ab4ed4c8d9f54b2af596f44da@prksq.com,221,0.17,2023-01-30,2023-01-31,Angel,male,1,United States,North America,high,low,0,NA,0,NA,NA
585bcaf073ac81b640ec38a11f8d1234@prksq.com,239,0.75,2023-01-30,2023-02-01,Angel,male,2,United States,North America,low,high,0,no investments,1,2023-02-01,0
5863aea31a37854b4ddca7ee2c6fe19c@prksq.com,126,0.92000002,2023-01-30,2023-02-01,Angel,female,2,United States,North America,low,low,0,NA,0,NA,NA
5869bcc4bdf01cbccf84e5aa9625c59f@prksq.com,65,0.33000001,2023-01-30,2023-01-31,Angel,male,1,United States,North America,high,high,0,NA,0,NA,NA
586fff1d0fcf53a13bba1812b657cad4@prksq.com,190,0.75,2023-01-30,2023-01-31,Angel,male,1,United States,North America,low,low,0,NA,0,NA,NA
587971ef07b3aecf989e9e1afec0039c@prksq.com,63,0.33000001,2023-01-31,2023-02-02,Angel,male,1,United States,North America,low,high,0,NA,0,NA,NA
587adae8223b6acadd8a52969d3cd7ec@prksq.com,131,0.67000002,2023-01-30,2023-02-01,Angel,male,1,United States,North America,high,low,0,NA,0,NA,NA
58849073b11f89bf262e01a467f8baf9@prksq.com,1090,1,2023-01-30,2023-02-01,Angel,male,3,United States,North America,high,high,0,NA,0,NA,NA
58891f59d630c75342e16217d2096fb3@prksq.com,40,0.5,2023-01-30,2023-02-01,Angel,male,4,United States,North America,high,high,0,NA,0,NA,NA
58969015797f7e83f9e7d8f1a4b37e36@prksq.com,35,0.5,2023-01-30,2023-01-30,Angel,male,1,United States,North America,high,high,0,NA,0,NA,NA
58b26269450c9d241db24f45aec92818@prksq.com,72,0.92000002,2023-01-30,2023-01-31,Angel,male,1,United States,North America,low,low,0,NA,0,NA,NA
58c0412590d20a8de700cc7ac33f9ab5@prksq.com,4,0.41999999,2023-01-30,2023-02-01,Angel,male,1,United States,North America,low,low,0,no specific reason,1,2023-02-01,0
58c0f2df513cda6e35105e39cbe6bced@prksq.com,83,0.82999998,2023-01-31,2023-02-02,Angel,male,1,Canada,North America,low,high,0,NA,0,NA,NA
58c47095eb4d0b4d498fa9234a80f6da@prksq.com,336,0.75,2023-01-30,2023-01-31,Angel,female,1,United Kingdom,Europe and Central Asia,high,high,0,NA,0,NA,NA
58c4e94af2f038fdcc4ef7bef9d68c29@prksq.com,11,0.33000001,2023-01-31,2023-02-01,Angel,male,2,United States,North America,high,low,0,NA,0,NA,NA
58d959fbbcf82fa0c62c2f55f1c50109@prksq.com,47,0.82999998,2023-01-30,2023-02-01,Angel,male,1,United States,North America,high,low,0,NA,0,NA,NA
58e4bbd5ffb266963b250ee7487e133f@prksq.com,126,0.92000002,2023-01-30,2023-01-30,Angel,male,1,United States,North America,low,low,0,NA,0,NA,NA
58e70379276dd3f68fe6d5db3880b63f@prksq.com,58,0.33000001,2023-01-30,2023-01-31,Angel,male,1,United States,North America,low,low,0,NA,0,NA,NA
58ebd85b8bc0bf36ade458f99291e417@prksq.com,169,0.25,2023-01-30,2023-02-02,Angel,male,1,Canada,North America,low,low,0,NA,0,NA,NA
58f71fe3f0effa91a867099be5a380d2@prksq.com,173,0.67000002,2023-01-30,2023-02-01,Angel,male,1,United States,North America,low,high,0,NA,0,NA,NA
590023cfcbf95aebeb720037b47e9a34@prksq.com,124,0.67000002,2023-01-30,2023-02-01,Angel,male,1,India,South Asia,low,low,0,NA,0,NA,NA
590d1df018f4ef83bd78f42b0bef2e24@prksq.com,145,0.92000002,2023-01-30,2023-01-30,Angel,male,1,Germany,Europe and Central Asia,high,low,0,NA,0,NA,NA
591458240693a519e1c600bceda9ba7c@prksq.com,17,0.82999998,2023-01-30,2023-02-01,Venture Capital,male,2,United Kingdom,Europe and Central Asia,low,low,0,NA,0,NA,NA
59159583141dfbba2ab47def49dfb0e8@prksq.com,209,0.079999998,2023-01-30,2023-02-01,Venture Capital,male,3,United States,North America,high,high,0,NA,0,NA,NA
592da0ec99093941f175fc847374e53c@prksq.com,87,0.67000002,2023-01-30,2023-02-02,Angel,male,2,United States,North America,low,low,0,NA,0,NA,NA
5944d4fa54dd049fd0a4d55056c89ac2@prksq.com,5,0.57999998,2023-01-30,2023-02-01,Angel,male,1,United States,North America,low,low,0,NA,0,NA,NA
594b9c7ecc5da3d64762110166e1a8ef@prksq.com,114,0.75,2023-01-30,2023-02-01,Angel,male,1,Singapore,East Asia and Pacific,low,high,0,NA,0,NA,NA
5955e3a136535f99c5c10deb8577d26c@prksq.com,23,0.41999999,2023-01-30,2023-01-31,Angel,male,1,United States,North America,low,high,0,NA,0,NA,NA
5956b45c6d58640f8e7b51d606f7ff70@prksq.com,196,0.5,2023-01-30,2023-01-31,Angel,male,1,United States,North America,high,low,0,NA,0,NA,NA
59658307ba9f3567c135135af2d6ded9@prksq.com,71,0.82999998,2023-01-30,2023-02-04,Angel,male,1,United States,North America,high,low,0,NA,0,NA,NA
596671bda06cfc9ab06922632d4b67c3@prksq.com,30,0.41999999,2023-01-30,2023-02-01,Angel,male,1,United States,North America,high,low,0,no specific reason,1,2023-02-04,0
597308d46745f8a01f7427784ccc14cd@prksq.com,73,0.75,2023-01-30,2023-02-02,Angel,male,1,United States,North America,low,low,0,NA,0,NA,NA
5977c83b4aa452a0edabacb1089bcee6@prksq.com,20,0.75,2023-01-30,2023-01-30,Angel,male,1,United States,North America,low,low,0,NA,0,NA,NA
597aa32b5df9e241977644488b7a194a@prksq.com,162,1,2023-01-30,2023-01-30,Angel,male,1,United States,North America,low,low,0,industry,1,2023-02-01,0
597ea73d1ca8c49fbadb427b5d893e27@prksq.com,281,1,2023-01-30,2023-01-30,Angel,male,1,Germany,Europe and Central Asia,low,high,0,NA,0,NA,NA
59810d9c842cada20d341ac3824ab2fd@prksq.com,263,0.75,2023-01-30,2023-01-31,Angel,male,1,United States,North America,high,low,0,NA,0,NA,NA
599471b62ec0f1dee12e73debd63a114@prksq.com,107,0.41999999,2023-01-30,2023-02-01,Angel,male,1,United States,North America,low,high,0,no specific reason,1,2023-02-02,0
59999ade8f8dc9bc6c04a1abfd7be698@prksq.com,36,0.079999998,2023-01-30,2023-01-30,Venture Capital,male,1,India,South Asia,low,low,0,NA,0,NA,NA
59b1dbca98a5a8e684420461d5b46cb6@prksq.com,511,1,2023-01-30,2023-01-30,Angel,male,1,Germany,Europe and Central Asia,low,high,0,NA,0,NA,NA
59c5d856f3710e248e21582fd211369f@prksq.com,29,0.75,2023-01-30,2023-02-02,Angel,male,1,United States,North America,low,low,0,geography,1,2023-02-02,0
59c6871ca02586b1de51dc40fc3c56a0@prksq.com,223,0.41999999,2023-01-30,2023-01-31,Venture Capital,male,5,United States,North America,low,low,0,NA,0,NA,NA
59d5f002309cfe73c8efcddbf9a3cbf5@prksq.com,224,0.5,2023-01-30,2023-01-30,Angel,female,1,United States,North America,low,high,0,NA,0,NA,NA
59e266497abac5f5839ccd1295f9681a@prksq.com,181,0.82999998,2023-01-30,2023-01-31,Venture Capital,male,2,United States,North America,high,high,0,NA,0,NA,NA
5a02eb7831d6686f134e4dcf92f38e76@prksq.com,271,0.67000002,2023-01-30,2023-02-01,Venture Capital,male,5,France,Europe and Central Asia,low,high,0,NA,0,NA,NA
5a1039e9a4c8b14327b4b29f2a3daca9@prksq.com,22,0.41999999,2023-01-30,2023-02-02,Angel,male,1,United States,North America,high,high,0,NA,0,NA,NA
5a12c755eb1adb1d4560e5036f636b43@prksq.com,6,0.57999998,2023-01-29,2023-02-01,Angel,male,2,United States,North America,low,high,0,NA,0,NA,NA
5a13c24e6987efe206414bc3e3f31203@prksq.com,21,0.75,2023-01-30,2023-02-08,Angel,male,2,India,South Asia,low,high,0,NA,0,NA,NA
5a452f27abbabb93099f0009f59a3ad7@prksq.com,207,0.92000002,2023-01-30,2023-02-01,Venture Capital,female,1,United States,North America,high,low,0,NA,0,NA,NA
5a4e25eb907df23c6d3a875a8e6592f7@prksq.com,74,0.92000002,2023-01-30,2023-02-01,Venture Capital,male,4,United States,North America,high,high,0,NA,0,NA,NA
5a4f4add87b3b785263ebe41ea35f64d@prksq.com,335,1,2023-01-30,2023-02-04,Angel,male,2,United Kingdom,Europe and Central Asia,low,high,0,NA,0,NA,NA
5a5fa2175ebc3f12ca89ad40a546c660@prksq.com,11,1,2023-01-30,2023-02-01,Angel,male,2,United States,North America,low,high,0,NA,0,NA,NA
5a6085736c0fbd0056109a2c5dc03659@prksq.com,537,1,2023-01-30,2023-01-30,Angel,male,1,Canada,North America,high,high,0,NA,0,NA,NA
5a67ff38a9d4d269364bc1e8920af06b@prksq.com,216,0.75,2023-01-30,2023-01-30,Angel,male,1,United States,North America,low,high,0,NA,0,NA,NA
5a6c2acf42433bd9276b0cb18a197513@prksq.com,4,0.33000001,2023-01-30,2023-02-01,Angel,male,1,United States,North America,high,high,0,NA,0,NA,NA
5a74a54e8b9317138dc5fd596620110d@prksq.com,100,1,2023-01-30,2023-01-31,Angel,male,1,United States,North America,high,low,0,NA,0,NA,NA
5a8ed94c9a533cfc7cb99f5ba92e681c@prksq.com,181,0.67000002,2023-01-30,2023-02-02,Angel,male,1,United States,North America,high,high,0,NA,0,NA,NA
5a9dcf42fd8b129e116e9f70799ae322@prksq.com,164,0.75,2023-01-30,2023-02-02,Angel,female,1,United States,North America,high,low,0,NA,0,NA,NA
5aa40e771ff3d824ae5bdc890a20e5c9@prksq.com,21,0.079999998,2023-01-30,2023-01-30,Angel,male,1,United States,North America,low,high,0,industry,1,2023-01-30,0
5ab514fc00a46743580051459abb6314@prksq.com,50,0.57999998,2023-01-30,2023-01-30,Angel,male,1,United States,North America,high,high,0,NA,0,NA,NA
5ab6a6e883f8c0a0d1ec2ab5a065aef6@prksq.com,208,1,2023-01-30,2023-01-31,Angel,male,1,United States,North America,high,low,0,NA,0,NA,NA
5ab76871f13279cd1ef9b5009082c5d9@prksq.com,150,0.82999998,2023-01-30,2023-01-30,Angel,male,1,Brazil,Latin America and Caribbean,high,low,0,NA,0,NA,NA
5aba57aebd79c1fe99df1d96d457d6fe@prksq.com,31,0.079999998,2023-01-30,2023-01-30,Angel,male,1,India,South Asia,low,high,0,NA,0,NA,NA
5acf21efda7991f72028b775fb5d2d58@prksq.com,28,1,2023-01-30,2023-01-30,Angel,male,1,United States,North America,low,low,0,NA,0,NA,NA
5ad0fcc9d800eaa1a04ad6655b8edad5@prksq.com,41,1,2023-01-30,2023-01-30,Angel,female,1,United States,North America,low,high,0,no specific reason,1,2023-01-30,0
5ad7559c72e2c41da4264e7d3ecf5fe5@prksq.com,25,0.75,2023-01-30,2023-01-31,Angel,male,1,Brazil,Latin America and Caribbean,low,high,0,stage,1,2023-02-01,0
5aeff4356c1903d368f207348be7b68a@prksq.com,215,1,2023-01-30,2023-01-30,Angel,male,1,United States,North America,low,high,0,NA,0,NA,NA
5af8945a3a8154d0b837aea481bdf4c5@prksq.com,345,1,2023-01-30,2023-02-02,Angel,male,1,United States,North America,high,high,1,more info/clarification,1,2023-02-02,1
5b0b23387d096e71a675922e7a2ae9e3@prksq.com,21,1,2023-01-30,2023-01-30,Angel,female,1,United States,North America,high,low,0,NA,0,NA,NA
5b0be7b9d81370ecf71c5b883779e7c3@prksq.com,8,0.67000002,2023-01-30,2023-02-01,Angel,male,1,India,South Asia,high,high,0,NA,0,NA,NA
5b10ccac145917a7a007eda5f096ecc3@prksq.com,6,0.75,2023-01-30,2023-02-04,Angel,male,3,United States,North America,low,high,0,NA,0,NA,NA
5b21156ac7632bedd93c9600e36050eb@prksq.com,54,0.57999998,2023-01-30,2023-01-31,Angel,male,1,India,South Asia,low,high,0,industry,1,2023-01-31,0
5b24cfad02d6daa6b4059f7232a69fa7@prksq.com,427,1,2023-01-30,2023-01-31,Angel,male,2,United States,North America,low,low,0,NA,0,NA,NA
5b2500d8798cc914e901d0f2e7c231c6@prksq.com,27,0.75,2023-01-30,2023-02-03,Angel,male,2,United States,North America,low,high,0,NA,0,NA,NA
5b2df5b7cae4b3b2ac0000b6fb0fb09e@prksq.com,22,0.67000002,2023-01-30,2023-02-01,Angel,male,1,United States,North America,high,low,0,NA,0,NA,NA
5b3117b9adc73e0ce5b10ee5a8670d53@prksq.com,197,0.75,2023-01-30,2023-01-30,Angel,male,1,United States,North America,high,low,0,NA,0,NA,NA
5b350432ee38e5fc8b32d2bc64f44858@prksq.com,70,0.41999999,2023-01-30,2023-02-03,Angel,male,2,United States,North America,high,low,0,NA,0,NA,NA
5b350f3c34b00905054072ef0b414976@prksq.com,30,1,2023-01-30,2023-02-02,Angel,male,1,United States,North America,high,high,1,more info/clarification,1,2023-02-02,1
5b39f6705be4821d18c325ac6c13ea7b@prksq.com,101,0.33000001,2023-01-30,2023-02-01,Angel,male,3,United States,North America,high,low,0,NA,0,NA,NA
5b518800ee5aa8283b5743c1b6955dc2@prksq.com,75,1,2023-01-30,2023-02-02,Angel,male,1,United States,North America,low,high,0,NA,0,NA,NA
5b52cc00c9097d3ae8005b335200d5cf@prksq.com,93,0.41999999,2023-01-30,2023-01-31,Angel,male,1,United States,North America,low,low,0,NA,0,NA,NA
5b540bac181ee9e3340e917cffb3d668@prksq.com,6,1,2023-01-30,2023-02-01,Angel,male,1,United States,North America,high,low,0,NA,0,NA,NA
5b6c09ab87e5d7676b18aa1e887f271b@prksq.com,152,1,2023-01-30,2023-01-30,Angel,male,1,United States,North America,low,high,0,industry,1,2023-02-01,0
5b723cdee65d15214ccf31b802fae18b@prksq.com,120,1,2023-01-30,2023-02-02,Angel,male,1,United States,North America,low,low,0,NA,0,NA,NA
5b795b31e7a0680d6a6aa337713c6191@prksq.com,147,1,2023-01-30,2023-01-31,Angel,male,1,United States,North America,high,high,0,NA,0,NA,NA
5b7c8c3684a6ece12ceae5ca8a4b2658@prksq.com,113,0.25,2023-01-30,2023-02-01,Angel,male,1,United States,North America,low,low,0,NA,0,NA,NA
5b7eb94d4b244d3d811d75993fdab157@prksq.com,7,1,2023-01-30,2023-02-01,Venture Capital,male,2,United States,North America,high,high,0,NA,0,NA,NA
5bb3cabb5521cf803f116a5ed5cf1075@prksq.com,108,0.41999999,2023-01-30,2023-02-02,Angel,male,1,United States,North America,low,low,0,NA,0,NA,NA
5bc18dbed0ceefd2abb5ba6d042ba5f4@prksq.com,432,0.57999998,2023-01-30,2023-01-31,Venture Capital,male,6,United States,North America,high,high,0,NA,0,NA,NA
5be4bfcec7d91a1c9126099be45859a8@prksq.com,199,0.57999998,2023-01-30,2023-02-02,Angel,male,1,United States,North America,high,low,0,no specific reason,1,2023-02-02,0
5be5dd125a972c2112cdf419c3df70b9@prksq.com,64,1,2023-01-30,2023-01-31,Angel,male,1,United States,North America,high,low,0,NA,0,NA,NA
5bebe1821fb04b93bd93ef29c94af51f@prksq.com,31,0.079999998,2023-01-30,2023-01-30,Angel,female,1,United States,North America,high,low,0,no specific reason,1,2023-01-30,0
5bffdd02cb96bb0fa2bdee26381e984b@prksq.com,238,0.92000002,2023-01-30,2023-02-02,Venture Capital,male,1,United States,North America,high,low,0,NA,0,NA,NA
5c29f1a028fe6c6a377ea6f60d1c402e@prksq.com,59,0.5,2023-01-30,2023-02-01,Angel,male,1,United States,North America,high,low,0,NA,0,NA,NA
5c35f7681ff30d9ef97a47cb9f14bf7a@prksq.com,36,0.92000002,2023-01-30,2023-02-02,Venture Capital,male,4,United States,North America,high,high,1,more info/clarification,1,2023-02-02,1
5c53f638e077136ca19b4585b41774c9@prksq.com,49,0.67000002,2023-01-30,2023-01-31,Angel,male,1,India,South Asia,low,low,0,NA,0,NA,NA
5c58492ee8941e1750c633d58c234712@prksq.com,17,0.41999999,2023-01-30,2023-01-30,Angel,female,1,United States,North America,high,low,0,NA,0,NA,NA
5c5f5f58fc81ce0b04a15359b6985618@prksq.com,71,0.41999999,2023-01-30,2023-02-02,Angel,male,2,United States,North America,high,high,0,NA,0,NA,NA
5c70bf764d45a8aff3a802f194c93a7a@prksq.com,55,0.5,2023-01-30,2023-01-30,Angel,male,2,United States,North America,high,high,0,NA,0,NA,NA
5c71f8ea7793e162279e208e13d17258@prksq.com,250,0.57999998,2023-01-31,2023-02-02,Venture Capital,male,1,United States,North America,low,high,0,NA,0,NA,NA
5c7241667dac1bc51a3bf354c451a82b@prksq.com,6,0.079999998,2023-01-30,2023-01-31,Angel,male,2,United States,North America,low,low,0,NA,0,NA,NA
5c79e44dcaa5fbadd58db59153532a62@prksq.com,13,0.75,2023-01-29,2023-01-29,Venture Capital,male,5,United States,North America,high,low,0,NA,0,NA,NA
5c8a004ed37b31f44930129c4299a9fc@prksq.com,22,0.82999998,2023-01-31,2023-01-31,Venture Capital,male,2,United States,North America,low,low,0,no specific reason,1,2023-01-31,0
5c8aaabbd69e0ea5d96005a5f502e747@prksq.com,231,0.67000002,2023-01-31,2023-02-01,Angel,male,1,United States,North America,low,high,0,NA,0,NA,NA
5c935d3eb375d155af2e17bb7c7fc424@prksq.com,72,0.75,2023-01-31,2023-01-31,Venture Capital,male,3,United States,North America,high,high,0,NA,0,NA,NA
5cac386af1661165fc8bebb44540ec08@prksq.com,121,0.33000001,2023-01-31,2023-02-01,Angel,female,1,United States,North America,low,high,0,NA,0,NA,NA
5caef61288f980a0711e5ed46a70dddc@prksq.com,369,0.82999998,2023-01-31,2023-01-31,Angel,male,1,United Kingdom,Europe and Central Asia,high,low,0,stage,1,2023-01-31,0
5cf0fdc940418e0908b0f21fc75d9134@prksq.com,85,0.25,2023-01-31,2023-02-03,Venture Capital,male,2,United States,North America,high,low,0,NA,0,NA,NA
5d045c31752a1d4d25befb1d1d1b8bef@prksq.com,47,0.079999998,2023-01-31,2023-02-01,Angel,male,1,United States,North America,low,low,0,NA,0,NA,NA
5d0b08b446c34dac123e3202ccc310a4@prksq.com,75,1,2023-01-31,2023-02-01,Angel,male,1,United States,North America,low,high,0,NA,0,NA,NA
5d291af7fcdf6e68eab631aac46d7a2f@prksq.com,133,0.92000002,2023-01-31,2023-01-31,Angel,male,1,United States,North America,low,low,0,NA,0,NA,NA
5d3455bb79ad83f2159a31160d9d8af3@prksq.com,202,0.92000002,2023-01-31,2023-02-02,Venture Capital,male,2,Germany,Europe and Central Asia,low,high,0,NA,0,NA,NA
5d44780538da322ce928e183506e43d4@prksq.com,92,0.82999998,2023-01-31,2023-02-02,Angel,male,1,United Kingdom,Europe and Central Asia,low,low,0,NA,0,NA,NA
5d4badee107c3a532fa380db9501ec34@prksq.com,57,0.82999998,2023-01-31,2023-02-03,Angel,male,1,United States,North America,low,low,0,NA,0,NA,NA
5d6cb99fb130243983a14fdc5aa5f481@prksq.com,158,0.92000002,2023-01-31,2023-02-01,Angel,male,2,United States,North America,low,low,0,NA,0,NA,NA
5d7499090a965c7a226a02c6c1bfd419@prksq.com,341,0.57999998,2023-01-31,2023-02-01,Angel,male,2,United States,North America,low,high,0,NA,0,NA,NA
5d77eae435253412e2d33693363b1401@prksq.com,18,0.75,2023-01-31,2023-02-02,Angel,male,1,United States,North America,low,low,0,NA,0,NA,NA
5d7a1727b2beb9c1f32bb0ce0b4f9ad0@prksq.com,9,0.25,2023-01-31,2023-02-03,Angel,male,1,Germany,Europe and Central Asia,high,high,0,NA,0,NA,NA
5d91669bdbc4c8ed6cb1a7d9e24d0fb4@prksq.com,252,0.82999998,2023-01-31,2023-02-02,Angel,male,1,United States,North America,high,high,0,NA,0,NA,NA
5dad131ef225e14ed7a1a7de2aee04e8@prksq.com,89,0.75,2023-01-31,2023-02-10,Angel,male,5,United States,North America,low,low,0,NA,0,NA,NA
5db1d8a3dd55168b32681be63646d8a8@prksq.com,7,0.75,2023-01-31,2023-02-05,Angel,male,1,India,South Asia,high,low,0,NA,0,NA,NA
5db86f6b65dfe0b6677fbcd01fa686da@prksq.com,137,1,2023-01-31,2023-02-03,Angel,male,1,United States,North America,low,low,0,no specific reason,1,2023-02-04,0
5ddc0753b4445935818e660dfd61b6be@prksq.com,64,0.41999999,2023-01-31,2023-02-03,Venture Capital,male,1,United States,North America,low,low,0,NA,0,NA,NA
5de10974b2011d43df5a591727493418@prksq.com,214,1,2023-01-31,2023-01-31,Angel,male,1,Israel,Middle East and North Africa,low,high,0,NA,0,NA,NA
5df083a6ad766f37b9c528ea5f442d8d@prksq.com,28,0.41999999,2023-01-31,2023-02-01,Angel,male,1,United Kingdom,Europe and Central Asia,low,high,0,NA,0,NA,NA
5e24a7abee6dae218082e2f534269329@prksq.com,152,0.5,2023-01-31,2023-01-31,Venture Capital,male,4,United States,North America,high,high,0,NA,0,NA,NA
5e3e6b331a0e9c5b84061f1341bbfd4e@prksq.com,168,1,2023-01-31,2023-01-31,Angel,male,1,United States,North America,high,low,0,NA,0,NA,NA
5e4304da98ea94c084768efbe230444e@prksq.com,101,0.75,2023-01-31,2023-02-02,Angel,male,1,India,South Asia,high,high,0,NA,0,NA,NA
5e4abbd553e9053123cf300108b13c3d@prksq.com,152,0.41999999,2023-01-31,2023-01-31,Angel,male,1,United States,North America,high,high,0,NA,0,NA,NA
5e5905215a55b38e7a9fa78471206592@prksq.com,199,0.75,2023-01-31,2023-02-01,Venture Capital,male,5,United States,North America,high,low,0,NA,0,NA,NA
5e5b2d59b5d72f0c789cac0dfcfa7b15@prksq.com,248,1,2023-01-29,2023-01-29,Angel,male,1,United States,North America,high,low,0,NA,0,NA,NA
5e5f8b56c8c62348f61fce5683bbc662@prksq.com,13,0.5,2023-01-31,2023-02-04,Angel,male,1,United States,North America,low,high,0,NA,0,NA,NA
5e6da9aafd9ac6df4efa55f27836ff76@prksq.com,186,0.92000002,2023-01-31,2023-02-01,Angel,male,1,United States,North America,low,high,0,NA,0,NA,NA
5e6f5759f7af21c66a034b436818d6b0@prksq.com,364,1,2023-01-31,2023-02-02,Venture Capital,female,1,United States,North America,high,high,1,more info/clarification,1,2023-02-05,1
5e79c8c9c08d2c6711e4e612d4191df6@prksq.com,429,0.75,2023-01-31,2023-02-03,Angel,male,2,United States,North America,low,high,0,industry,1,2023-02-03,0
5e7d8c12e8cae2abe65a052489095238@prksq.com,4,0.25,2023-01-31,2023-02-03,Angel,male,1,United States,North America,low,high,0,no specific reason,1,2023-02-03,0
5e84737f0304ced0f8ea13c1cf55a637@prksq.com,202,1,2023-01-31,2023-02-02,Venture Capital,male,2,United States,North America,high,high,0,NA,0,NA,NA
5e94534ec0f504b51929e087cb55b51c@prksq.com,414,0.82999998,2023-01-31,2023-02-01,Angel,male,1,United States,North America,low,high,0,NA,0,NA,NA
5ea0e228fd08f3d903363e602372fcc2@prksq.com,33,1,2023-01-31,2023-02-02,Angel,male,1,United States,North America,low,low,0,NA,0,NA,NA
5ecff207dcbb9b98d44687ddb3b81a6a@prksq.com,647,1,2023-01-31,2023-01-31,Angel,male,1,United States,North America,high,high,0,NA,0,NA,NA
5ed9f0dc536d3976753d0ecf0378d1d0@prksq.com,149,1,2023-01-31,2023-02-01,Angel,male,1,United States,North America,low,low,0,NA,0,NA,NA
5ee05329d4c9ccecf2a2f1d58cb324e6@prksq.com,4,1,2023-01-31,2023-02-03,Angel,male,1,United States,North America,low,high,0,NA,0,NA,NA
5ee0d73562fdf16f94c2907ee1f26d4e@prksq.com,43,1,2023-01-31,2023-02-03,Angel,male,2,United States,North America,high,high,0,NA,0,NA,NA
5eecac118856e1a307b9c241fd25426d@prksq.com,6,0.079999998,2023-01-31,2023-02-02,Angel,male,1,United States,North America,low,high,0,NA,0,NA,NA
5ef51edb72f23276380101e9ddbcf86d@prksq.com,107,0.82999998,2023-01-31,2023-02-01,Angel,male,1,United States,North America,low,low,0,NA,0,NA,NA
5efa62605b90a6d3a2bdd1d9edf2e30f@prksq.com,185,1,2023-01-31,2023-01-31,Angel,male,1,United States,North America,high,high,1,more info/clarification,1,2023-02-01,1
5f2187716cf527e8e9900ba0463ba776@prksq.com,107,1,2023-01-31,2023-02-04,Angel,male,1,United States,North America,low,high,0,NA,0,NA,NA
5f2251f233c398236afbd69929fb4fb8@prksq.com,21,0.82999998,2023-01-31,2023-02-02,Angel,male,1,United States,North America,high,high,1,more info/clarification,1,2023-02-02,1
5f398ee2d3dd200cde260953374b354d@prksq.com,299,0.57999998,2023-01-31,2023-02-01,Angel,male,1,United States,North America,low,low,0,NA,0,NA,NA
5f3ab8db2bba53bc2c815508bfdf2b13@prksq.com,132,0.41999999,2023-01-31,2023-01-31,Angel,male,1,China,East Asia and Pacific,low,high,0,NA,0,NA,NA
5f4530438534df26e7f189098ce13d94@prksq.com,265,0.41999999,2023-01-31,2023-01-31,Angel,male,2,United States,North America,high,high,0,NA,0,NA,NA
5f4577a440412565b4cdccfd52ff54ff@prksq.com,69,0.5,2023-01-31,2023-01-31,Angel,male,1,United States,North America,low,high,0,no specific reason,1,2023-01-31,0
5f462b29052d6722062ef3ec4170315d@prksq.com,139,1,2023-01-31,2023-02-03,Angel,male,1,United Kingdom,Europe and Central Asia,high,high,0,NA,0,NA,NA
5f4c278197955441e21683fbf54d3110@prksq.com,46,1,2023-01-31,2023-02-03,Angel,male,1,Israel,Middle East and North Africa,high,high,0,NA,0,NA,NA
5f8918f26d065e98413f74cd145bc732@prksq.com,9,0.75,2023-01-31,2023-01-31,Angel,male,1,United States,North America,low,high,0,NA,0,NA,NA
5f8d5e880c4e6ee18208e8c6dd8adcfa@prksq.com,31,0.079999998,2023-01-31,2023-01-31,Angel,female,1,United States,North America,low,high,0,NA,0,NA,NA
5f90b1eb59db55f0e764f49886d2b5d3@prksq.com,253,0.75,2023-01-31,2023-02-03,Venture Capital,male,3,United States,North America,high,low,0,NA,0,NA,NA
5f924379b50a367ff1b0f5f9575a1484@prksq.com,7,0.75,2023-01-31,2023-02-03,Angel,male,1,United States,North America,high,low,0,NA,0,NA,NA
5f9a4cd1853d1aa600f112cc4276fdcd@prksq.com,276,0.57999998,2023-01-31,2023-02-01,Angel,male,1,United States,North America,high,high,0,NA,0,NA,NA
5fb3f7921b550765e954e1aa03636d42@prksq.com,22,0.25,2023-01-31,2023-02-03,Angel,male,1,United States,North America,high,high,0,NA,0,NA,NA
5fbfcc0119215c36b3d629a4ef812ebe@prksq.com,34,1,2023-01-31,2023-02-01,Angel,male,1,United States,North America,high,high,0,NA,0,NA,NA
5fc6cf943ded49e87126eaf571cdeb2c@prksq.com,364,0.57999998,2023-01-31,2023-02-04,Angel,male,1,United States,North America,high,low,0,no specific reason,1,2023-02-04,0
5feae175be1b383090fd98d1f93d897e@prksq.com,211,0.25,2023-01-31,2023-01-31,Angel,male,1,United States,North America,low,high,0,NA,0,NA,NA
5ff41644537b5c8ef2345f9bb42eeb68@prksq.com,257,1,2023-01-31,2023-01-31,Venture Capital,male,1,United States,North America,high,low,0,NA,0,NA,NA
5ffac14a9d6535d91cb946f01a8956db@prksq.com,94,0.33000001,2023-01-31,2023-02-02,Angel,male,1,United States,North America,high,low,0,NA,0,NA,NA
6009f13b5572517d77186b06933f8ce2@prksq.com,46,0.41999999,2023-01-31,2023-02-04,Angel,male,2,United Kingdom,Europe and Central Asia,high,low,0,NA,0,NA,NA
601a25d3146cadbc69254334d48899de@prksq.com,6,0.82999998,2023-01-31,2023-02-05,Angel,male,1,United States,North America,high,low,0,NA,0,NA,NA
601a76143f5bb7de26780b84711029cd@prksq.com,137,1,2023-01-31,2023-01-31,Angel,male,1,United States,North America,high,low,0,NA,0,NA,NA
602056e56d13970fadeb468dbb961422@prksq.com,100,0.75,2023-01-31,2023-02-01,Angel,male,1,United States,North America,low,high,0,NA,0,NA,NA
6026051c3d1f4a3852d5ecc5376899d6@prksq.com,99,0.67000002,2023-01-31,2023-02-02,Angel,male,1,United States,North America,high,low,0,NA,0,NA,NA
604ae038694104455d6b45e2f4fda716@prksq.com,207,0.17,2023-01-31,2023-01-31,Venture Capital,male,3,United States,North America,low,high,0,NA,0,NA,NA
604da197e341210656719eeb0874df2d@prksq.com,32,0.82999998,2023-01-31,2023-01-31,Angel,male,1,United States,North America,high,high,0,NA,0,NA,NA
605510f0b2850d2037834d5a8195c97c@prksq.com,222,0.82999998,2023-01-30,2023-01-30,Venture Capital,male,4,United States,North America,high,low,0,NA,0,NA,NA
605795af20f2cbc0f09fbeb44052909f@prksq.com,158,0.079999998,2023-01-31,2023-02-02,Angel,male,1,United States,North America,high,low,0,no specific reason,1,2023-02-02,0
605e605a934fb1bb02090712d1851da9@prksq.com,55,0.33000001,2023-01-31,2023-01-31,Venture Capital,male,17,United States,North America,low,high,0,NA,0,NA,NA
6072ca626f96b279f10c73529b1460c2@prksq.com,77,1,2023-01-31,2023-01-31,Angel,female,1,United States,North America,high,high,0,NA,0,NA,NA
60b15a277f5154317c6ac402bbdd2a47@prksq.com,36,0.5,2023-01-31,2023-01-31,Venture Capital,male,2,United States,North America,high,low,0,NA,0,NA,NA
60c6c7f69b81cb400225f569b63b8985@prksq.com,25,0.5,2023-01-31,2023-02-02,Angel,male,1,United States,North America,low,low,0,NA,0,NA,NA
60dcbe500ffb7a030372d5ec889c0a40@prksq.com,95,0.92000002,2023-01-31,2023-02-02,Venture Capital,male,2,United States,North America,low,low,0,NA,0,NA,NA
60eed29a6701831e9bf2c45b0f44d86f@prksq.com,62,0.079999998,2023-01-31,2023-01-31,Angel,male,1,United States,North America,high,low,0,NA,0,NA,NA
60f8a2e37d9e58fe804a71a98cfe3cbc@prksq.com,230,0.75,2023-01-31,2023-02-02,Angel,male,1,United States,North America,high,low,0,NA,0,NA,NA
60fdffd071a42fa15a2cc5877d0d4bc4@prksq.com,31,0.67000002,2023-01-31,2023-02-03,Venture Capital,male,2,United States,North America,high,low,0,NA,0,NA,NA
611b930b9b50acd77d0949e42cd501b0@prksq.com,197,1,2023-01-31,2023-02-05,Venture Capital,male,1,India,South Asia,high,low,0,NA,0,NA,NA
6148a8cf530852ea9ba6d57c1b1b643b@prksq.com,6,0.5,2023-01-29,2023-01-29,Angel,male,1,United States,North America,low,high,0,NA,0,NA,NA
614a7de899766f3874adaf3116ac5975@prksq.com,559,1,2023-01-31,2023-01-31,Angel,male,1,United States,North America,high,low,0,NA,0,NA,NA
614a8047f94a3e60f36f79f3995d40ee@prksq.com,84,0.41999999,2023-01-31,2023-01-31,Angel,female,1,United States,North America,low,low,0,industry,1,2023-01-31,0
617187c8ea3d12e604501034284be640@prksq.com,47,0.82999998,2023-01-31,2023-02-05,Angel,male,2,United States,North America,high,high,0,NA,0,NA,NA
6183bf99a6e2288009a736fe5be5675d@prksq.com,11,0.57999998,2023-01-31,2023-01-31,Venture Capital,male,5,France,Europe and Central Asia,low,high,0,NA,0,NA,NA
618a129783b4679da4a406c56effbe0b@prksq.com,29,0.079999998,2023-02-01,2023-02-01,Angel,male,1,United States,North America,low,low,0,NA,0,NA,NA
61bb524d47f01f3267ab2e41625b0510@prksq.com,415,0.57999998,2023-02-01,2023-02-02,Angel,male,1,United States,North America,high,low,0,stage,1,2023-02-04,0
61eca5e6cbdb459809dbd81fa09a16dc@prksq.com,22,1,2023-01-31,2023-02-02,Angel,male,1,United States,North America,low,low,0,NA,0,NA,NA
61ffe34aa70be69c3b99dba5b09a40c9@prksq.com,125,0.92000002,2023-01-31,2023-01-31,Angel,male,1,United States,North America,low,high,0,NA,0,NA,NA
621449a68738f123100c54f35b5cc665@prksq.com,54,0.75,2023-01-31,2023-01-31,Angel,male,1,United States,North America,low,low,0,NA,0,NA,NA
6237e7bad38e2311083dba5d3c9f66d3@prksq.com,290,0.5,2023-01-31,2023-01-31,Angel,male,1,United States,North America,high,low,0,NA,0,NA,NA
624da62cbeaddc9e788a1ccc1abba2a6@prksq.com,56,0.25,2023-02-01,2023-02-06,Venture Capital,male,4,United States,North America,high,high,0,NA,0,NA,NA
625b2c9c0ea45cf3538e6ee58fecda2b@prksq.com,36,0.57999998,2023-01-31,2023-02-02,Angel,male,1,United States,North America,low,high,0,NA,0,NA,NA
625f12e641b23ec76228f329cfe97187@prksq.com,319,1,2023-02-01,2023-02-04,Angel,male,1,United States,North America,low,low,0,NA,0,NA,NA
6275a9b3d1461ed33437c7c7626cdc5e@prksq.com,203,0.41999999,2023-02-01,2023-02-02,Venture Capital,female,3,United States,North America,low,high,0,NA,0,NA,NA
627bc003d312e882fe2b05f6b3785370@prksq.com,433,0.67000002,2023-01-30,2023-01-30,Angel,male,2,United States,North America,high,high,0,NA,0,NA,NA
628474cbcd2536abc533efc38fa83507@prksq.com,118,0.75,2023-01-31,2023-02-03,Venture Capital,male,1,United Kingdom,Europe and Central Asia,low,low,0,NA,0,NA,NA
62b0638f63e575b5dd7f008d310a399c@prksq.com,78,0.92000002,2023-01-31,2023-02-02,Venture Capital,male,2,India,South Asia,low,low,0,NA,0,NA,NA
62d75124dc7a553d63f1fc5b92e6d1b9@prksq.com,171,0.41999999,2023-02-01,2023-02-05,Venture Capital,male,3,United States,North America,high,low,0,NA,0,NA,NA
62d8955a18e5398065ee58061197c721@prksq.com,52,0.75,2023-02-01,2023-02-01,Angel,male,1,Germany,Europe and Central Asia,low,low,0,NA,0,NA,NA
6304f69f2e6fbe619f0d321cd0366c8c@prksq.com,46,1,2023-02-01,2023-02-01,Angel,male,2,United States,North America,low,high,0,NA,0,NA,NA
6309268cf96bf53583667a545d881e63@prksq.com,22,0.75,2023-02-01,2023-02-05,Angel,male,1,Canada,North America,high,high,0,NA,0,NA,NA
6310880a711b78218ef3197419889e22@prksq.com,64,0.82999998,2023-01-31,2023-01-31,Angel,female,1,United States,North America,high,low,0,NA,0,NA,NA
631984da87d068060f7c4b2fe8cf71c6@prksq.com,45,1,2023-02-01,2023-02-02,Angel,male,1,United States,North America,low,low,0,NA,0,NA,NA
6324863632d851bb64c935c9dcd89506@prksq.com,259,0.75,2023-01-31,2023-02-04,Angel,male,1,United States,North America,high,low,0,NA,0,NA,NA
6328a763ce094716ebbaa2dc9fd066bc@prksq.com,66,0.5,2023-01-31,2023-02-04,Angel,male,2,United States,North America,high,high,0,NA,0,NA,NA
633001a22408e8939c1b4a3d2e773b4e@prksq.com,22,0.25,2023-01-31,2023-02-03,Venture Capital,male,1,Singapore,East Asia and Pacific,high,low,0,NA,0,NA,NA
636849b7f90c65b30bcd5b1db888dbc5@prksq.com,102,0.17,2023-02-01,2023-02-01,Venture Capital,male,3,United States,North America,low,low,0,NA,0,NA,NA
638ba4ad675712b02dbce9612b901d11@prksq.com,204,0.33000001,2023-01-31,2023-02-05,Angel,male,2,Israel,Middle East and North Africa,high,low,0,NA,0,NA,NA
63a6d53fcb8fbe9eb4372c415eb32ef2@prksq.com,126,1,2023-02-01,2023-02-03,Angel,male,1,United States,North America,low,high,0,NA,0,NA,NA
63b51b4d26987207e2a447cf2de8f52d@prksq.com,265,0.5,2023-02-01,2023-02-03,Angel,male,1,United States,North America,high,low,0,NA,0,NA,NA
63bb6c118c286820187769a7ee8f34b7@prksq.com,107,0.92000002,2023-01-31,2023-02-01,Angel,male,1,United States,North America,low,high,0,no specific reason,1,2023-02-01,0
64017dae09740c77d0c65e9f0305e2f5@prksq.com,56,0.92000002,2023-01-31,2023-01-31,Angel,male,1,United States,North America,low,high,0,NA,0,NA,NA
640d29799dc1a4da11b929f68ce1792f@prksq.com,11,0.25,2023-01-31,2023-02-03,Angel,male,1,United States,North America,low,low,0,NA,0,NA,NA
64131d929ecf579c75cd1539b4df6937@prksq.com,71,0.82999998,2023-01-31,2023-02-02,Angel,male,1,United States,North America,high,low,0,NA,0,NA,NA
64179de11324b759dc7fedd90c4fe16e@prksq.com,29,0.079999998,2023-01-31,2023-01-31,Angel,male,1,United States,North America,low,low,0,NA,0,NA,NA
642d31be4c75196348f6b2d3f74edc58@prksq.com,92,1,2023-02-01,2023-02-07,Venture Capital,female,5,United States,North America,low,high,0,stage,1,2023-02-09,0
642f58360b2bb9f7a31b6f799156bf4f@prksq.com,200,0.17,2023-01-31,2023-02-01,Angel,male,3,United States,North America,high,high,0,NA,0,NA,NA
646bcb28389836ebe717186f4882c66a@prksq.com,122,1,2023-01-31,2023-02-02,Angel,male,1,United States,North America,high,high,0,NA,0,NA,NA
647a10c9dba357d8f2bacfe06d061862@prksq.com,20,0.5,2023-02-01,2023-02-02,Angel,male,1,United States,North America,high,high,0,NA,0,NA,NA
647e9ac786bcfb60c74564f8d13e2959@prksq.com,57,0.82999998,2023-01-31,2023-02-02,Angel,male,1,United States,North America,high,high,0,NA,0,NA,NA
648e47da0691703d378323e2700c74f6@prksq.com,165,1,2023-01-31,2023-02-01,Venture Capital,male,3,United States,North America,high,low,0,industry,1,2023-02-01,0
64922146111da7c15109871d23528415@prksq.com,41,0.41999999,2023-01-31,2023-02-03,Venture Capital,male,4,Canada,North America,low,low,0,NA,0,NA,NA
649ae65036d0d67f6adee0b484119c4c@prksq.com,370,1,2023-02-01,2023-02-04,Angel,male,1,United States,North America,high,high,1,more info/clarification,1,2023-02-05,1
64a49460e4312e12223a2806c13f2abd@prksq.com,117,0.57999998,2023-01-31,2023-02-01,Angel,male,1,France,Europe and Central Asia,high,high,1,more info/clarification,1,2023-02-02,1
64be82927c7529e3b2dd645bdb6653ae@prksq.com,122,0.67000002,2023-02-01,2023-02-09,Angel,female,2,United States,North America,low,low,0,NA,0,NA,NA
650f456c02f2d4c6e3c9340afe7d7bbd@prksq.com,482,1,2023-02-01,2023-02-01,Angel,male,1,Singapore,East Asia and Pacific,high,low,0,NA,0,NA,NA
650fbd2fd1b8f242b146e225f446312c@prksq.com,148,0.75,2023-02-01,2023-02-04,Venture Capital,male,3,China,East Asia and Pacific,high,low,0,NA,0,NA,NA
6513e043dec9197a5387ce0589b6f892@prksq.com,430,1,2023-02-01,2023-02-01,Angel,male,1,United States,North America,high,low,0,NA,0,NA,NA
65233df3ae925864578b0025b34577df@prksq.com,295,1,2023-02-01,2023-02-02,Venture Capital,female,4,United States,North America,high,high,0,NA,0,NA,NA
65285e5d372ca097010e7ad723336f97@prksq.com,29,0.57999998,2023-02-01,2023-02-03,Angel,male,1,United States,North America,high,low,0,investment strategy,1,2023-02-03,0
6531b86d4d64460979970a33c5e38475@prksq.com,55,0.92000002,2023-01-31,2023-02-01,Angel,male,1,United States,North America,low,low,0,NA,0,NA,NA
653b73c34c80839d0c4cf39187170ca3@prksq.com,352,1,2023-01-31,2023-02-03,Angel,male,1,United States,North America,high,high,0,NA,0,NA,NA
6545585e053e587e70800bcc89cc18be@prksq.com,342,1,2023-01-31,2023-02-01,Venture Capital,male,4,United States,North America,high,high,0,NA,0,NA,NA
654dde12f024ee7c0ac0df9e3affa218@prksq.com,14,1,2023-01-31,2023-02-02,Angel,male,1,United Kingdom,Europe and Central Asia,high,high,1,meeting,1,2023-02-02,1
65583543bf07a86ec8d94564ae0e5da9@prksq.com,170,0.92000002,2023-01-31,2023-02-02,Angel,male,1,Canada,North America,high,high,0,NA,0,NA,NA
655b70d653543cb70321637bf48f3c1d@prksq.com,152,0.75,2023-01-31,2023-02-01,Angel,male,1,Israel,Middle East and North Africa,high,low,0,NA,0,NA,NA
6578f4205c4a4ea6258247d4d27f9fc5@prksq.com,146,1,2023-01-31,2023-02-02,Angel,male,1,United States,North America,high,low,0,NA,0,NA,NA
6586c3c2b153ffb0ecefd5bdc7c714a6@prksq.com,75,1,2023-01-31,2023-02-02,Angel,female,1,United States,North America,high,low,0,NA,0,NA,NA
65a35b966467e263d8d0de9f55548b9b@prksq.com,947,1,2023-01-31,2023-02-02,Angel,male,2,United States,North America,low,low,0,geography,1,2023-02-03,0
65a69c770bd1b6d264365a83b564c02d@prksq.com,29,0.079999998,2023-02-01,2023-02-01,Angel,male,1,United States,North America,low,low,0,NA,0,NA,NA
65a7e4b4cee15afb5688018c56747541@prksq.com,19,0.41999999,2023-01-31,2023-02-01,Angel,male,2,United States,North America,high,low,0,NA,0,NA,NA
65bbdcd30afc8e097f33828c1e9b0ff2@prksq.com,27,0.92000002,2023-01-31,2023-02-03,Angel,male,1,United States,North America,high,low,0,NA,0,NA,NA
65ebd7a71349f27692a8cdc5a59a7f4b@prksq.com,29,0.079999998,2023-02-01,2023-02-01,Angel,male,1,United States,North America,low,low,0,NA,0,NA,NA
65f890dd563361fa4f0aca6c027140e1@prksq.com,120,0.41999999,2023-01-31,2023-02-04,Angel,male,1,United States,North America,low,high,0,geography,1,2023-02-04,0
6601685b35cd63ce4366626e3974e3c1@prksq.com,130,0.57999998,2023-01-31,2023-01-31,Venture Capital,female,3,United States,North America,low,low,0,NA,0,NA,NA
660adb7d6ce0f61cfd6f322ed54d1116@prksq.com,209,1,2023-02-01,2023-02-02,Angel,male,1,United States,North America,high,high,0,NA,0,NA,NA
6624c9699601d09f68f52258b65fbc8c@prksq.com,127,1,2023-02-01,2023-02-04,Angel,male,1,United States,North America,low,low,0,investment strategy,1,2023-02-04,0
66468f88611727354f47c70510b6382f@prksq.com,16,0.82999998,2023-02-01,2023-02-01,Angel,male,2,United States,North America,low,low,0,NA,0,NA,NA
6652074733ae4799d3a6b0689b32a67a@prksq.com,37,1,2023-01-29,2023-02-03,Angel,male,2,United States,North America,high,high,0,NA,0,NA,NA
66631d76a30db3c05e011f683b0b7fb7@prksq.com,54,0.75,2023-02-01,2023-02-02,Angel,male,1,United States,North America,low,high,0,NA,0,NA,NA
666369b1744b185b887fa8a12197bf6f@prksq.com,227,0.82999998,2023-01-31,2023-02-02,Angel,male,1,United States,North America,high,high,0,NA,0,NA,NA
66739ef8664fff50c79610c24311b629@prksq.com,64,0.92000002,2023-01-31,2023-02-03,Angel,male,2,United States,North America,low,high,0,industry,1,2023-02-03,0
667ea3632dafb828e2eecd6ed7208ecb@prksq.com,111,0.75,2023-01-31,2023-02-03,Angel,male,1,United States,North America,high,low,0,NA,0,NA,NA
667fb01d3ccb5eab62559ca55251384a@prksq.com,594,0.92000002,2023-01-31,2023-01-31,Venture Capital,male,2,United States,North America,high,low,0,NA,0,NA,NA
6686ac913a4a2431046790a9ba4f8d96@prksq.com,46,0.67000002,2023-02-01,2023-02-01,Angel,male,1,United States,North America,high,high,0,NA,0,NA,NA
66a3a81b4385c3cd6fd0654ed1b14288@prksq.com,55,1,2023-01-31,2023-02-03,Venture Capital,female,1,Israel,Middle East and North Africa,high,high,0,NA,0,NA,NA
66a9f76f81dfb9401f3f18d136d4cf5c@prksq.com,221,1,2023-01-31,2023-02-04,Angel,male,1,United States,North America,low,high,0,NA,0,NA,NA
66b02756f89a0328c28957b31b0196ef@prksq.com,379,1,2023-01-31,2023-02-02,Venture Capital,male,1,United States,North America,high,low,0,NA,0,NA,NA
66cb2623dcb45872f42e4fb5d8cdae82@prksq.com,184,0.57999998,2023-02-01,2023-02-02,Angel,male,1,United States,North America,low,low,0,NA,0,NA,NA
6705d44d9c239de75ba1331effed20a9@prksq.com,107,1,2023-01-31,2023-02-05,Venture Capital,male,1,United States,North America,low,low,0,NA,0,NA,NA
671d47256ab74bdf3e7ced8b11d7ba21@prksq.com,36,0.079999998,2023-02-01,2023-02-03,Angel,male,1,United States,North America,high,low,0,NA,0,NA,NA
673c962de4bb6c59d04eee0949878ae4@prksq.com,169,0.75,2023-02-01,2023-02-02,Venture Capital,male,4,United States,North America,low,low,0,NA,0,NA,NA
6752fc1749525e3c12d2cd8f2e2ee2b3@prksq.com,143,0.67000002,2023-02-01,2023-02-01,Angel,male,1,United States,North America,low,high,0,stage,1,2023-02-01,0
675dc91d44490e4e20be2ca18fefa7d4@prksq.com,85,0.41999999,2023-02-01,2023-02-04,Angel,male,1,United States,North America,low,low,0,stage,1,2023-02-04,0
67689d6ae0eb8607fd53e9dc6a77f3d0@prksq.com,126,0.67000002,2023-02-01,2023-02-02,Angel,male,1,United States,North America,high,high,0,NA,0,NA,NA
677e9999f07a0dbb03f383af950a66c7@prksq.com,9,0.079999998,2023-02-01,2023-02-02,Angel,male,2,United States,North America,high,low,0,NA,0,NA,NA
6786d4ecc66475cba4612a023be4bbef@prksq.com,29,0.079999998,2023-02-01,2023-02-01,Angel,male,1,United States,North America,low,low,0,no specific reason,1,2023-02-02,0
6789ab73292309e7b53198695e8e9e3f@prksq.com,64,0.82999998,2023-02-01,2023-02-02,Angel,male,1,Canada,North America,low,low,0,other,1,2023-02-02,0
679062db7c076818b041a25b24551b20@prksq.com,71,1,2023-02-01,2023-02-02,Angel,male,1,United States,North America,high,high,0,NA,0,NA,NA
67912582d84be572f5919f6551a44766@prksq.com,11,0.25,2023-02-01,2023-02-01,Angel,male,1,United States,North America,low,low,0,NA,0,NA,NA
679746b2a5c627c7e567b64ac9e9e405@prksq.com,596,0.92000002,2023-02-01,2023-02-01,Venture Capital,male,1,United States,North America,high,low,0,NA,0,NA,NA
679e1a281ddb402efa5282cec887fc37@prksq.com,22,0.82999998,2023-02-01,2023-02-04,Angel,male,1,United States,North America,high,low,0,NA,0,NA,NA
67a58a41719029365b390be4acd73a5b@prksq.com,120,0.25,2023-02-01,2023-02-04,Angel,male,1,United States,North America,low,high,0,NA,0,NA,NA
67aa6dc9bd9fac67e2122ccb2a3a95ef@prksq.com,75,0.67000002,2023-02-01,2023-02-01,Angel,male,2,United States,North America,low,high,0,NA,0,NA,NA
67b38881653be7a44ef00034039d5776@prksq.com,24,0.079999998,2023-02-01,2023-02-01,Angel,male,1,United States,North America,high,low,0,NA,0,NA,NA
67b4ea5ab9b293d8899728063dbb8e93@prksq.com,98,1,2023-02-01,2023-02-02,Angel,male,1,United States,North America,low,high,0,NA,0,NA,NA
67b657c94dfc53cd3df123ad9149629a@prksq.com,258,0.92000002,2023-02-01,2023-02-03,Angel,male,1,United Kingdom,Europe and Central Asia,low,high,0,no specific reason,1,2023-02-05,0
67b6cdae5f3db74ea951b9adb8dd4fad@prksq.com,324,0.5,2023-02-01,2023-02-03,Angel,male,1,United States,North America,high,low,0,NA,0,NA,NA
67ce35b3a010041cd2de55edd26f774c@prksq.com,386,1,2023-02-01,2023-02-05,Angel,male,1,United States,North America,high,high,0,NA,0,NA,NA
67dfdf3091f9973465eac1f1d80628d3@prksq.com,148,0.75,2023-02-01,2023-02-02,Venture Capital,female,5,United States,North America,low,low,0,NA,0,NA,NA
67f26f60f16e2a04e2a2fe5e88c4f7e1@prksq.com,166,0.92000002,2023-02-01,2023-02-04,Venture Capital,female,2,United States,North America,high,low,0,geography,1,2023-02-05,0
680470e1cc92a20cfc883c871b540385@prksq.com,282,0.75,2023-02-01,2023-02-03,Angel,female,1,Canada,North America,low,high,0,investment strategy,1,2023-02-03,0
680e642c3409648b196fad577da444c8@prksq.com,68,0.079999998,2023-02-01,2023-02-04,Angel,male,1,United States,North America,low,low,0,NA,0,NA,NA
680ef8e80973f34399fb113605a2be18@prksq.com,16,1,2023-02-01,2023-02-02,Angel,male,1,Canada,North America,low,high,0,NA,0,NA,NA
6813ead7fb946705e4ec08a9971fea68@prksq.com,132,0.25,2023-02-01,2023-02-02,Angel,female,1,United States,North America,low,high,0,NA,0,NA,NA
6813fabd382d2b3f868dfd282912f225@prksq.com,184,0.92000002,2023-02-01,2023-02-01,Venture Capital,female,3,United States,North America,high,low,0,no specific reason,1,2023-02-02,0
68345861a5a36701916d034fcb84f415@prksq.com,248,0.57999998,2023-02-01,2023-02-05,Angel,male,2,United States,North America,low,high,0,NA,0,NA,NA
6836dd8ed150e77a3b6a4192568b1809@prksq.com,150,0.82999998,2023-02-01,2023-02-04,Angel,male,1,United States,North America,high,low,1,meeting,1,2023-02-05,1
683c257e9118bb059d98d2b4bf3bbd24@prksq.com,18,0.25,2023-02-01,2023-02-05,Angel,male,1,United States,North America,low,low,0,NA,0,NA,NA
683f1b67cdfb15c84bf9ec0d8fa02382@prksq.com,4,0.33000001,2023-02-01,2023-02-04,Angel,male,1,United States,North America,low,low,0,NA,0,NA,NA
6854adddd2cdeea7612074f9e6ffb659@prksq.com,147,0.33000001,2023-02-01,2023-02-02,Angel,male,5,United States,North America,low,low,0,investment strategy,1,2023-02-06,0
6872f397fa1276edc2293ff0546a8c51@prksq.com,239,0.67000002,2023-02-01,2023-02-05,Angel,male,3,United States,North America,high,high,0,NA,0,NA,NA
6888e0b3e0c7a79d3a55f540c73b1f7e@prksq.com,120,1,2023-02-01,2023-02-03,Angel,male,1,United States,North America,low,low,0,NA,0,NA,NA
68b53c084694c1383bf654fa5f10ac3d@prksq.com,35,0.41999999,2023-02-01,2023-02-03,Angel,male,1,United States,North America,high,high,1,meeting,1,2023-02-03,1
68c19290312285f704b79fe69985de68@prksq.com,198,0.079999998,2023-02-01,2023-02-03,Angel,male,1,United States,North America,high,low,0,NA,0,NA,NA
68c5d2cb51acc301b874396b28293da3@prksq.com,570,0.82999998,2023-01-29,2023-01-29,Angel,male,1,United States,North America,high,low,0,no specific reason,1,2023-02-01,0
68ce08a99edbf7456093eba3567fba46@prksq.com,129,0.5,2023-01-31,2023-01-31,Angel,male,1,United States,North America,high,low,0,NA,0,NA,NA
68d7a0a0bdb12aac72647d24e9238dbd@prksq.com,115,0.67000002,2023-02-01,2023-02-01,Angel,male,1,United States,North America,low,high,1,meeting,1,2023-02-02,1
68d840d3adea4ea2473b920c78b10163@prksq.com,183,0.41999999,2023-02-01,2023-02-02,Angel,male,2,United States,North America,high,high,0,NA,0,NA,NA
68da7025697667b240c80f979a171c14@prksq.com,180,1,2023-02-01,2023-02-06,Angel,male,1,United States,North America,low,high,0,NA,0,NA,NA
68defa474926e18031358d01bc37d723@prksq.com,87,0.41999999,2023-02-01,2023-02-06,Angel,male,2,United States,North America,low,high,0,NA,0,NA,NA
69189cd90f973a9bc85b073f2c08adea@prksq.com,58,1,2023-02-01,2023-02-02,Angel,female,1,United States,North America,high,low,0,NA,0,NA,NA
69289ecf53259c566e001d7233e166ba@prksq.com,168,1,2023-02-01,2023-02-03,Angel,male,1,United States,North America,high,low,0,NA,0,NA,NA
692cd2d82c10bcea439182d8d4ffe3f3@prksq.com,28,0.079999998,2023-02-01,2023-02-04,Angel,male,1,United States,North America,low,low,0,NA,0,NA,NA
6941901825b445be7b8025710d029a19@prksq.com,435,1,2023-02-01,2023-02-03,Angel,male,1,United States,North America,low,high,0,NA,0,NA,NA
6959e58948128f6128491bb25f009036@prksq.com,207,0.67000002,2023-01-29,2023-01-29,Angel,male,1,United States,North America,low,high,0,NA,0,NA,NA
697a7d44235dc4f87677ff6b7a45473f@prksq.com,122,0.25,2023-02-01,2023-02-03,Angel,male,1,United States,North America,low,low,0,NA,0,NA,NA
697e5f373ceeae806fc501e88abdd31e@prksq.com,102,0.75,2023-02-01,2023-02-02,Angel,male,2,United States,North America,low,low,0,NA,0,NA,NA
6989bd0ac54e1fe629e95069ce3931d3@prksq.com,194,0.079999998,2023-02-01,2023-02-03,Angel,male,1,United States,North America,low,high,0,NA,0,NA,NA
69ad0f917e03417611a1ef9c6f3f69d2@prksq.com,123,1,2023-02-01,2023-02-04,Angel,male,1,United States,North America,low,low,0,NA,0,NA,NA
69bd204428fc65b8ed93b6cb049fc3a0@prksq.com,48,1,2023-02-01,2023-02-02,Venture Capital,male,5,United States,North America,high,low,0,NA,0,NA,NA
69c0a580e7d4e191f81912f75d01b0f1@prksq.com,162,0.25,2023-02-01,2023-02-04,Angel,male,1,Germany,Europe and Central Asia,low,low,0,NA,0,NA,NA
69cabac24e4a95274692b462cc40c313@prksq.com,82,0.92000002,2023-02-01,2023-02-02,Angel,male,2,United States,North America,high,high,0,NA,0,NA,NA
69cc577cf663173c924a3e66b33e9ebc@prksq.com,90,0.5,2023-02-01,2023-02-01,Angel,male,1,United States,North America,low,high,0,NA,0,NA,NA
69d5c927521b11edba643e15dc712797@prksq.com,211,0.75,2023-02-01,2023-02-03,Angel,male,1,United States,North America,low,low,0,stage,1,2023-02-05,0
69f614950fa673df2dc98c8535a34f5d@prksq.com,77,0.75,2023-02-01,2023-02-04,Angel,male,1,United States,North America,low,low,0,NA,0,NA,NA
6a06f899b52381fd14ea91e78471687f@prksq.com,37,1,2023-02-01,2023-02-01,Angel,male,1,United States,North America,low,high,0,NA,0,NA,NA
6a1de54ad2dd7a8cba82a6f8b4003bf0@prksq.com,403,1,2023-02-01,2023-02-02,Angel,male,1,United States,North America,high,low,0,NA,0,NA,NA
6a2bd8f94ee4575ef73ee95761145dd1@prksq.com,98,0.82999998,2023-02-01,2023-02-04,Angel,male,1,United States,North America,high,high,1,meeting,1,2023-02-04,1
6a3d34a84ef9f5133ef97387e46198cf@prksq.com,185,0.57999998,2023-02-01,2023-02-02,Angel,male,1,United States,North America,low,high,0,stage,1,2023-02-02,0
6a3fbeb10a63d4a6e42b5b577ffc4e31@prksq.com,9,0.079999998,2023-02-01,2023-02-04,Venture Capital,male,4,United States,North America,low,low,0,NA,0,NA,NA
6a46286ae43707ffcc74cc216230c3dc@prksq.com,29,0.079999998,2023-02-01,2023-02-01,Angel,male,1,United States,North America,low,low,0,investment strategy,1,2023-02-01,0
6a4abbb58459eea255f9be3b3b6c73de@prksq.com,14,1,2023-02-01,2023-02-09,Venture Capital,male,1,India,South Asia,high,low,0,NA,0,NA,NA
6a63594127ed4127f38d006f7559b7c0@prksq.com,285,1,2023-01-31,2023-01-31,Venture Capital,male,4,United States,North America,low,low,0,NA,0,NA,NA
6abf47d7a05429fc4dcc6eac218a98f5@prksq.com,101,1,2023-02-01,2023-02-02,Venture Capital,male,1,United States,North America,low,high,0,NA,0,NA,NA
6ac681c32be8b964fd226d051784411b@prksq.com,478,0.75,2023-02-01,2023-02-01,Venture Capital,male,4,India,South Asia,high,low,0,NA,0,NA,NA
6ad9f80f697d345c25d239a231706f14@prksq.com,21,1,2023-02-01,2023-02-01,Venture Capital,female,1,United States,North America,high,low,0,NA,0,NA,NA
6adfabe3bf92f0aa68f382483bb4f208@prksq.com,127,0.82999998,2023-02-01,2023-02-02,Angel,male,2,United States,North America,low,low,0,NA,0,NA,NA
6af6de7f77efe16dbbe4b148f38fba31@prksq.com,48,0.5,2023-02-01,2023-02-04,Angel,male,1,United States,North America,low,low,0,no specific reason,1,2023-02-04,0
6b12e1004844577f03dde6aef139d311@prksq.com,71,0.41999999,2023-02-01,2023-02-03,Angel,male,1,United States,North America,high,high,0,NA,0,NA,NA
6b22ff4fab5c395d52f789dd2d4f66c0@prksq.com,56,1,2023-02-01,2023-02-03,Angel,male,1,United States,North America,high,high,0,NA,0,NA,NA
6b38f252b92c1acb42df11207a06d054@prksq.com,377,0.82999998,2023-02-01,2023-02-03,Angel,male,1,United States,North America,low,low,0,NA,0,NA,NA
6b3c4a683913b672e1bb4623afd65894@prksq.com,128,1,2023-02-01,2023-02-03,Angel,male,5,United States,North America,low,high,0,stage,1,2023-02-10,0
6b511bd3a4c575c2608beb2387c3f742@prksq.com,79,0.75,2023-02-01,2023-02-03,Angel,male,2,United States,North America,high,low,0,NA,0,NA,NA
6b53565759d5234838e0e90e691a73de@prksq.com,21,0.079999998,2023-02-01,2023-02-05,Venture Capital,male,2,United States,North America,high,low,0,NA,0,NA,NA
6b66cb4bee0f7c3b49cdeb20eac2d22b@prksq.com,29,0.079999998,2023-02-01,2023-02-01,Angel,male,1,United Kingdom,Europe and Central Asia,high,high,0,NA,0,NA,NA
6b94c6a5084e566d4f207fabb5c9dacc@prksq.com,4,0.41999999,2023-01-31,2023-02-06,Angel,male,1,United States,North America,high,low,0,NA,0,NA,NA
6bc986718e37a8c6da0d67b602e8caee@prksq.com,307,0.67000002,2023-02-01,2023-02-03,Angel,female,1,United States,North America,high,low,0,NA,0,NA,NA
6be2ab8b78402678ca0220631bc33086@prksq.com,29,1,2023-02-01,2023-02-03,Angel,male,1,United States,North America,high,high,0,NA,0,NA,NA
6c528cff5da8e4850c906b8528a7ae3b@prksq.com,29,0.079999998,2023-02-02,2023-02-02,Angel,male,1,United States,North America,low,low,0,no specific reason,1,2023-02-03,0
6c6835c8fe692ac9b4aabef2ede2854f@prksq.com,152,0.57999998,2023-02-02,2023-02-05,Angel,female,1,United States,North America,high,low,0,NA,0,NA,NA
6c734e1332c8ffea178483be4eba0611@prksq.com,16,0.92000002,2023-02-02,2023-02-03,Angel,male,1,United States,North America,high,low,0,NA,0,NA,NA
6c7bed72ced38b7def00d1b4fb05cd34@prksq.com,17,0.92000002,2023-02-02,2023-02-06,Angel,male,1,United States,North America,high,high,0,NA,0,NA,NA
6c8a9b135f54d1f2e3f3428c25a7ac2f@prksq.com,92,1,2023-02-02,2023-02-02,Angel,male,1,United States,North America,high,high,0,NA,0,NA,NA
6c988031dec75abca6ea6046b2bab245@prksq.com,322,1,2023-02-02,2023-02-04,Venture Capital,male,4,United States,North America,high,high,0,NA,0,NA,NA
6c9fe0f6aefe384924e7e6a6c0902573@prksq.com,46,0.82999998,2023-02-02,2023-02-02,Angel,male,1,United States,North America,high,low,0,NA,0,NA,NA
6ca5d970c9e115026a0fae1e7bce4e2f@prksq.com,161,1,2023-02-01,2023-02-02,Angel,male,1,United States,North America,high,low,0,NA,0,NA,NA
6ca7547a9abd55559d1ab77097c28875@prksq.com,312,1,2023-02-02,2023-02-02,Angel,male,1,United Kingdom,Europe and Central Asia,low,low,0,NA,0,NA,NA
6cb6b06ede2ce08b51599a0ccb0e5b42@prksq.com,30,1,2023-02-02,2023-02-02,Angel,male,1,United Kingdom,Europe and Central Asia,low,high,0,NA,0,NA,NA
6cd05e42eea5e4b6824c56d63c751956@prksq.com,185,0.75,2023-02-02,2023-02-07,Angel,female,2,United States,North America,low,high,0,NA,0,NA,NA
6ceb26b38cad900fe49bfb8dbb971e2b@prksq.com,29,0.079999998,2023-02-01,2023-02-01,Angel,male,2,United States,North America,low,low,0,NA,0,NA,NA
6d1d912a663bc49b7ee29ba5359e911a@prksq.com,5,0.92000002,2023-02-01,2023-02-02,Angel,male,1,United States,North America,low,high,0,NA,0,NA,NA
6d328187d1d209f8b347c71763ca307c@prksq.com,55,0.25,2023-02-02,2023-02-05,Angel,male,1,United States,North America,low,low,0,no specific reason,1,2023-02-05,0
6d34c4bbcfb3637a9cab7baaab5b046d@prksq.com,12,0.079999998,2023-02-01,2023-02-03,Venture Capital,female,3,United States,North America,high,low,0,NA,0,NA,NA
6d3e74a0f633620f982e99a192ddb9f9@prksq.com,164,1,2023-02-02,2023-02-06,Venture Capital,male,2,Germany,Europe and Central Asia,low,high,0,NA,0,NA,NA
6d4fafbe6dacf69ed552103b9cdf1396@prksq.com,213,0.75,2023-02-02,2023-02-04,Venture Capital,male,5,Israel,Middle East and North Africa,high,low,0,no specific reason,1,2023-02-05,0
6d66e3edd170a61363381856288783c0@prksq.com,387,0.079999998,2023-02-01,2023-02-02,Angel,female,1,United States,North America,low,high,0,NA,0,NA,NA
6d777f6e826d435e34ee580930499ddc@prksq.com,29,0.079999998,2023-02-02,2023-02-02,Angel,male,1,United States,North America,low,low,0,NA,0,NA,NA
6daf8dbaf450443a6774b05583804894@prksq.com,462,1,2023-02-02,2023-02-03,Angel,male,1,United States,North America,low,high,0,NA,0,NA,NA
6db58fe2fa52ca155513ff2c7662026b@prksq.com,162,0.57999998,2023-02-02,2023-02-03,Angel,male,1,United States,North America,low,low,0,NA,0,NA,NA
6dbd46729b63f12e5245af0f9a3f2fad@prksq.com,40,0.5,2023-02-02,2023-02-02,Venture Capital,male,5,United Kingdom,Europe and Central Asia,high,high,0,NA,0,NA,NA
6dccd93cf0c70146f6becf129e3fdfae@prksq.com,9,0.57999998,2023-02-02,2023-02-05,Angel,female,2,United States,North America,high,low,0,NA,0,NA,NA
6ddbc251cbf31cbd3f239624de9e3f7b@prksq.com,180,1,2023-02-02,2023-02-03,Venture Capital,male,4,United States,North America,low,high,0,NA,0,NA,NA
6dde48ba941f204ac99e6dad6fa85cc5@prksq.com,128,0.33000001,2023-02-02,2023-02-07,Angel,male,1,United States,North America,low,low,0,NA,0,NA,NA
6ded135f867e812b20c7f362c11a815e@prksq.com,225,0.92000002,2023-02-02,2023-02-02,Venture Capital,male,5,United States,North America,low,high,0,no specific reason,1,2023-02-03,0
6df885153ab6cb46602ae045bb9b87f4@prksq.com,87,0.33000001,2023-02-01,2023-02-02,Angel,male,1,United States,North America,high,low,0,NA,0,NA,NA
6dfce3eabb0de3f4ebfb487dfb0ec62d@prksq.com,191,0.33000001,2023-02-02,2023-02-05,Angel,female,1,United States,North America,low,high,0,NA,0,NA,NA
6e0f1b91691242dff29c2e62fb47d7d6@prksq.com,239,0.92000002,2023-02-02,2023-02-02,Venture Capital,male,1,United States,North America,low,high,0,NA,0,NA,NA
6e115550f7edbaf692eb411a9b4e3929@prksq.com,250,0.75,2023-02-01,2023-02-01,Angel,male,1,United States,North America,high,high,0,NA,0,NA,NA
6e1738ac380c992381b305910a570cb4@prksq.com,46,0.67000002,2023-02-02,2023-02-03,Angel,male,1,United States,North America,high,low,0,NA,0,NA,NA
6e4bab54dfef7304fc80daf3bafb5c68@prksq.com,155,0.75,2023-02-02,2023-02-03,Angel,male,1,United States,North America,low,low,0,NA,0,NA,NA
6e4fb0473680edfc37b052f017ee267a@prksq.com,3,0.57999998,2023-02-02,2023-02-04,Venture Capital,male,4,United Kingdom,Europe and Central Asia,high,high,0,NA,0,NA,NA
6e911888fb682c51c3972e2b785c1a9f@prksq.com,308,0.75,2023-02-02,2023-02-02,Angel,male,1,United States,North America,high,high,1,meeting,1,2023-02-05,1
6e9a365d66238ec2108b66d264a9d772@prksq.com,28,0.75,2023-02-02,2023-02-04,Angel,male,1,United States,North America,high,low,0,NA,0,NA,NA
6eaa36bbac8f7447764b294dd2211a15@prksq.com,150,0.25,2023-02-02,2023-02-04,Angel,male,5,United States,North America,high,low,0,NA,0,NA,NA
6eb9d28ef777f6a2d49267c0a1b42e4f@prksq.com,116,0.92000002,2023-02-01,2023-02-02,Angel,male,1,United States,North America,low,low,0,NA,0,NA,NA
6ec7991edacaf7544b5ac789d1032c35@prksq.com,294,0.57999998,2023-02-01,2023-02-01,Venture Capital,male,5,United States,North America,low,high,0,NA,0,NA,NA
6ecf3f34150d3abcd98fff9f7cd728e8@prksq.com,35,0.5,2023-02-02,2023-02-04,Angel,male,1,United States,North America,low,low,0,NA,0,NA,NA
6f083de999172faaf15ed6d634be81d0@prksq.com,583,0.67000002,2023-02-02,2023-02-02,Angel,male,1,United States,North America,high,high,0,NA,0,NA,NA
6f08acd68724d25bddf09b8b056c6022@prksq.com,150,0.57999998,2023-02-02,2023-02-02,Angel,male,2,United States,North America,low,low,0,NA,0,NA,NA
6f2a43580583dc9c5d6d454b3fd3db02@prksq.com,248,0.92000002,2023-01-29,2023-01-29,Venture Capital,male,3,United States,North America,high,low,0,no specific reason,1,2023-01-29,0
6f31c0abe107f94954684a1c4fd94a25@prksq.com,132,0.92000002,2023-02-01,2023-02-01,Angel,male,1,United States,North America,high,low,0,no investments,1,2023-02-01,0
6f4fe7cf5b50443888a36dbb88676337@prksq.com,56,1,2023-02-02,2023-02-04,Venture Capital,male,1,India,South Asia,high,low,0,NA,0,NA,NA
6f5d169674392faf49014d2775264c8f@prksq.com,57,1,2023-02-02,2023-02-02,Angel,male,1,United States,North America,low,low,0,NA,0,NA,NA
6f69980ef258738ae094273225ff3dcd@prksq.com,170,0.82999998,2023-02-01,2023-02-02,Angel,male,2,United States,North America,low,low,0,industry,1,2023-02-03,0
6f98b24d253152799a22bd3cfbfa9dfd@prksq.com,29,0.079999998,2023-02-02,2023-02-02,Angel,male,1,United States,North America,high,high,0,NA,0,NA,NA
6fa11979474faeacf0353630ebd61169@prksq.com,106,0.67000002,2023-02-01,2023-02-03,Venture Capital,male,3,United States,North America,low,low,0,NA,0,NA,NA
6fa5f666a445946446e12cd191c046c1@prksq.com,124,1,2023-02-01,2023-02-04,Angel,male,1,United States,North America,high,high,0,NA,0,NA,NA
6faf70a5d5bc40ce7644346b3d60b72f@prksq.com,99,0.41999999,2023-02-01,2023-02-04,Venture Capital,male,5,United States,North America,high,high,0,NA,0,NA,NA
6fbf268835de3d8834a240bb465e85c9@prksq.com,24,0.079999998,2023-02-02,2023-02-02,Angel,female,1,India,South Asia,high,high,0,NA,0,NA,NA
6fd1f5ae7fd7e13ad65daf2eea3682ce@prksq.com,74,0.67000002,2023-02-02,2023-02-03,Venture Capital,male,5,Israel,Middle East and North Africa,high,high,1,meeting,1,2023-02-03,1
6fd418de721a098b3cd380a4992f204d@prksq.com,3,0.079999998,2023-02-01,2023-02-04,Angel,male,1,United States,North America,low,low,0,no specific reason,1,2023-02-04,0
6fde6d4c2bea7b9ec9bb29e297ea09bf@prksq.com,146,0.82999998,2023-02-01,2023-02-02,Angel,male,1,United States,North America,low,high,0,NA,0,NA,NA
6feff5a61c0211aaec9a96d1b688984d@prksq.com,427,1,2023-02-01,2023-02-02,Angel,male,1,United States,North America,high,low,0,NA,0,NA,NA
6ff0244a022b72a0b9c7badc01fa0f6f@prksq.com,29,0.079999998,2023-02-02,2023-02-02,Angel,male,2,United States,North America,low,low,0,NA,0,NA,NA
6ff38b1bd0c689bf0ddb2c3288982815@prksq.com,173,0.67000002,2023-02-02,2023-02-04,Angel,male,2,United States,North America,low,low,0,NA,0,NA,NA
70198d8e94eba4cb34f31ff33bbd453c@prksq.com,180,0.67000002,2023-02-02,2023-02-04,Angel,male,1,United States,North America,high,high,0,NA,0,NA,NA
7019da2b21f3a09c948254447dc332f4@prksq.com,135,0.25,2023-02-01,2023-02-02,Angel,male,1,United States,North America,high,low,0,NA,0,NA,NA
7029b940af4adfbc3aca0a479f27fc91@prksq.com,106,0.57999998,2023-02-02,2023-02-05,Angel,male,1,Germany,Europe and Central Asia,low,high,0,NA,0,NA,NA
70580e3d8f81986058a273bb81e7f5fa@prksq.com,117,0.57999998,2023-02-01,2023-02-02,Angel,male,1,United States,North America,low,low,0,NA,0,NA,NA
70877d763fb316056329595b317d88e5@prksq.com,54,0.92000002,2023-02-02,2023-02-05,Angel,male,1,United States,North America,high,high,0,NA,0,NA,NA
708c64e809fcb24ca72c8089141ff37b@prksq.com,107,0.92000002,2023-02-02,2023-02-04,Angel,male,2,United States,North America,low,low,0,NA,0,NA,NA
70a1636a08c77a4654f3b7e1d6e096d1@prksq.com,86,0.5,2023-02-01,2023-02-03,Venture Capital,male,1,Germany,Europe and Central Asia,high,low,0,NA,0,NA,NA
70a27ab586e9c931c8a5d875fbf23db5@prksq.com,45,0.75,2023-02-01,2023-02-03,Angel,male,1,United Kingdom,Europe and Central Asia,high,high,0,NA,0,NA,NA
70aea1c5dfd2bb66c9611143d3f6be28@prksq.com,125,0.33000001,2023-02-02,2023-02-04,Angel,male,1,United States,North America,low,low,0,NA,0,NA,NA
70bae65616b00fbb8216f3a0f3fa5c8e@prksq.com,37,0.25,2023-02-02,2023-02-03,Angel,male,1,United Kingdom,Europe and Central Asia,high,low,0,no specific reason,1,2023-02-03,0
70bb647c86c0b2fd7ca92ad67d650f0c@prksq.com,140,1,2023-02-02,2023-02-03,Angel,male,1,United States,North America,high,high,0,NA,0,NA,NA
70c6bd45944ec8ba59f6505af9d768ef@prksq.com,185,0.67000002,2023-02-02,2023-02-04,Angel,male,1,United States,North America,low,high,0,no investments,1,2023-02-07,0
70d4737b002fc14884e87b5022fd285a@prksq.com,66,0.67000002,2023-02-02,2023-02-02,Angel,male,1,United States,North America,low,high,0,NA,0,NA,NA
70dda3c4d7abbd0d6d829bc573854924@prksq.com,234,1,2023-02-02,2023-02-05,Angel,male,1,United States,North America,high,high,0,NA,0,NA,NA
70e2aa994a6b238558a8c03bb039bbc4@prksq.com,218,0.82999998,2023-02-02,2023-02-02,Angel,male,1,United States,North America,low,high,0,NA,0,NA,NA
70e4c8d18f04a7185f8ddde9314ecf28@prksq.com,90,0.17,2023-02-01,2023-02-05,Venture Capital,male,3,United States,North America,low,low,0,NA,0,NA,NA
70ecdf88b1b4ffd9889297d96df7911b@prksq.com,440,0.41999999,2023-02-01,2023-02-06,Angel,male,1,India,South Asia,high,high,0,NA,0,NA,NA
70f3a3c72dcf9c902b19f696c46cc5d6@prksq.com,264,0.75,2023-02-02,2023-02-05,Angel,male,2,United States,North America,high,high,0,NA,0,NA,NA
70f7bce16a35e4cec31103f41788c246@prksq.com,107,0.92000002,2023-02-01,2023-02-06,Angel,male,2,United States,North America,low,low,0,NA,0,NA,NA
7101d87e9811948bba420e813e7b81f9@prksq.com,226,0.25,2023-02-02,2023-02-04,Angel,male,1,India,South Asia,high,high,0,NA,0,NA,NA
711d8f3d81d7ff7e8320146d91aa19f3@prksq.com,41,1,2023-01-30,2023-02-04,Angel,male,1,United States,North America,high,high,0,NA,0,NA,NA
7134cb393c0fbfe3362b29c8c7f68f4e@prksq.com,142,1,2023-02-02,2023-02-04,Venture Capital,male,2,Canada,North America,low,low,0,NA,0,NA,NA
713e556ab152b687a3980f2ee273aca0@prksq.com,119,0.67000002,2023-02-02,2023-02-03,Angel,male,1,United States,North America,low,high,0,NA,0,NA,NA
713fc684afa2c0f2a951c0ce1fcdbfb7@prksq.com,376,1,2023-02-02,2023-02-03,Angel,male,1,United States,North America,high,low,0,NA,0,NA,NA
71415704a2b9e8ce4f546a93864b7d99@prksq.com,163,0.92000002,2023-02-02,2023-02-04,Venture Capital,female,3,United States,North America,low,low,0,NA,0,NA,NA
7141c3e95aa383c65e04220195a8d5cc@prksq.com,251,1,2023-02-02,2023-02-02,Angel,male,1,United States,North America,low,high,0,NA,0,NA,NA
717d5fa7b3aa8c54f539839af6d8cd6e@prksq.com,172,1,2023-02-02,2023-02-02,Angel,male,1,United States,North America,low,low,0,NA,0,NA,NA
717eb4be0b5c71f14f0080f8a7c9c411@prksq.com,13,0.25,2023-02-02,2023-02-02,Venture Capital,male,1,United Kingdom,Europe and Central Asia,high,high,0,NA,0,NA,NA
71a1c1a1d78c29aef3eba09482be238e@prksq.com,192,0.75,2023-02-02,2023-02-05,Venture Capital,male,5,United States,North America,low,high,0,NA,0,NA,NA
71bd8e61368ba4ed48a7d8f462c0bae7@prksq.com,8,0.079999998,2023-02-02,2023-02-02,Angel,male,1,United States,North America,low,low,0,NA,0,NA,NA
71cfbea7eb4f84fe2210743487a2ae9b@prksq.com,212,0.25,2023-02-02,2023-02-05,Angel,male,1,United States,North America,low,low,0,NA,0,NA,NA
71da78046a9a74539004ed9b1b10d997@prksq.com,108,0.75,2023-02-02,2023-02-03,Angel,female,1,United States,North America,low,low,0,NA,0,NA,NA
71e01a44d58bb83210b59c4f506bdb95@prksq.com,55,0.079999998,2023-02-02,2023-02-02,Venture Capital,male,3,United Kingdom,Europe and Central Asia,low,high,0,NA,0,NA,NA
71e96ef0443eb439dcf5fbd18b8f19ae@prksq.com,192,1,2023-02-01,2023-02-01,Angel,male,1,United States,North America,low,high,0,NA,0,NA,NA
722302da5c02a0c183a2390f717c5091@prksq.com,111,0.33000001,2023-02-02,2023-02-03,Angel,male,1,United States,North America,high,high,0,NA,0,NA,NA
72244c8c303009a2ba8df3826ed89dac@prksq.com,394,0.82999998,2023-02-02,2023-02-02,Angel,male,2,United States,North America,high,low,0,NA,0,NA,NA
72338d09760ea3b966a6266d6930efbe@prksq.com,245,1,2023-02-02,2023-02-04,Angel,male,2,United States,North America,high,high,0,NA,0,NA,NA
7236bf108282f76a75bb57d8c9f839fb@prksq.com,35,1,2023-02-02,2023-02-03,Angel,male,2,United Kingdom,Europe and Central Asia,high,high,0,NA,0,NA,NA
7246f751a71b8368bfa9428cce0bf632@prksq.com,122,0.92000002,2023-02-02,2023-02-04,Venture Capital,male,4,United States,North America,low,high,0,industry,1,2023-02-04,0
724d4fd6069cf622c98894a9fda27245@prksq.com,319,0.41999999,2023-02-02,2023-02-06,Angel,female,1,United States,North America,low,high,0,NA,0,NA,NA
724fec2456591a49496628c03319259a@prksq.com,47,0.92000002,2023-02-02,2023-02-05,Angel,male,1,United States,North America,low,high,1,meeting,1,2023-02-05,1
7257bdeb7e120aec56c0e79327ef6235@prksq.com,64,0.82999998,2023-02-02,2023-02-06,Angel,female,1,United Kingdom,Europe and Central Asia,low,high,0,NA,0,NA,NA
725f1117b19ccaaf163a9ad998f2524b@prksq.com,149,0.67000002,2023-02-02,2023-02-02,Angel,male,2,United States,North America,low,high,0,NA,0,NA,NA
727c62ada61202a4d761f0960c087646@prksq.com,170,0.92000002,2023-02-02,2023-02-07,Venture Capital,male,5,United States,North America,low,high,0,NA,0,NA,NA
7280f89f21f875604d439eba6d0438bc@prksq.com,213,0.67000002,2023-02-02,2023-02-03,Angel,female,1,United States,North America,low,low,0,NA,0,NA,NA
7290da6d08eb1e627ec42eb8d6fae159@prksq.com,344,1,2023-02-02,2023-02-02,Venture Capital,male,5,United States,North America,high,high,0,NA,0,NA,NA
7292e0405fda5660888e3553f306c77f@prksq.com,56,0.25,2023-02-02,2023-02-03,Angel,male,1,United States,North America,low,high,0,NA,0,NA,NA
7296a9cc73d18685fa031f8510dd9fa4@prksq.com,253,0.33000001,2023-02-02,2023-02-06,Venture Capital,male,2,India,South Asia,low,high,0,investment strategy,1,2023-02-06,0
72c7a68b3de9991a2d761914ebcd234a@prksq.com,18,0.75,2023-02-02,2023-02-03,Angel,male,2,United States,North America,low,high,0,NA,0,NA,NA
72debc7ac7deeacfd03509568e344ee1@prksq.com,174,1,2023-02-02,2023-02-04,Angel,male,2,United States,North America,low,high,0,NA,0,NA,NA
72ef0ca71a94b3a995ca263f4c244b90@prksq.com,174,0.33000001,2023-02-02,2023-02-03,Angel,male,1,United States,North America,low,high,0,no specific reason,1,2023-02-03,0
72f8436a1aa45c58878b9d64e3118be0@prksq.com,69,0.5,2023-02-02,2023-02-02,Angel,male,2,United States,North America,low,high,1,meeting,1,2023-02-02,1
72fab5940490b4dccd89c3e3e93875d2@prksq.com,58,0.82999998,2023-02-02,2023-02-06,Venture Capital,male,1,United Kingdom,Europe and Central Asia,high,low,0,investment strategy,1,2023-02-07,0
72fe3a485506c662936c8797dca8c2f7@prksq.com,279,0.82999998,2023-02-02,2023-02-04,Angel,female,1,United States,North America,high,high,1,meeting,1,2023-02-05,1
7310fc80ff6a631a989d153a40057f1b@prksq.com,63,0.75,2023-02-01,2023-02-01,Angel,male,2,United States,North America,high,high,0,NA,0,NA,NA
73227dbc25feb727f6dfda23942ffbfb@prksq.com,29,0.079999998,2023-02-02,2023-02-02,Angel,male,1,United States,North America,high,high,0,NA,0,NA,NA
7325c82768c619d3e473618da1cdd567@prksq.com,158,0.17,2023-02-02,2023-02-06,Angel,male,1,United States,North America,high,low,0,NA,0,NA,NA
733675da5133249a4dd248f0dd879111@prksq.com,340,1,2023-02-02,2023-02-03,Venture Capital,male,4,United States,North America,high,low,0,industry,1,2023-02-03,0
733819e03ba7ef683ae9041df413f83c@prksq.com,142,1,2023-02-02,2023-02-05,Angel,male,1,India,South Asia,low,low,0,NA,0,NA,NA
7354f4408b5fd4bd8f594c25caa348ab@prksq.com,63,1,2023-02-02,2023-02-04,Angel,male,1,United States,North America,low,high,0,NA,0,NA,NA
736ed45b40b0d31965a3c6ac79a43d51@prksq.com,220,0.82999998,2023-02-02,2023-02-02,Angel,male,1,United States,North America,low,high,0,NA,0,NA,NA
73712559e094f53cc5d7f5f1fb80440b@prksq.com,81,0.41999999,2023-02-02,2023-02-05,Venture Capital,male,1,United States,North America,low,low,0,NA,0,NA,NA
737a6a2c6086abc5f042bcbb35ebe3ab@prksq.com,108,0.41999999,2023-02-02,2023-02-05,Angel,male,1,United States,North America,low,low,0,NA,0,NA,NA
7380eab74e56b520de345179be3e7f84@prksq.com,3,1,2023-02-02,2023-02-03,Angel,male,1,United States,North America,low,low,0,NA,0,NA,NA
738232083dd38aff41dbe0f76a84e590@prksq.com,47,0.82999998,2023-02-02,2023-02-07,Venture Capital,male,4,United States,North America,high,high,0,NA,0,NA,NA
73824ccf037eec1708abca285e6f0cb4@prksq.com,5,0.75,2023-02-02,2023-02-02,Venture Capital,female,1,United Kingdom,Europe and Central Asia,low,high,0,NA,0,NA,NA
73bdcf6dcf76501e81756eaa38ee872b@prksq.com,208,0.82999998,2023-02-02,2023-02-04,Angel,male,1,United Kingdom,Europe and Central Asia,low,high,0,NA,0,NA,NA
73c832f21e86e76565d9aef26533805e@prksq.com,233,0.82999998,2023-02-02,2023-02-04,Angel,male,1,United States,North America,high,low,0,NA,0,NA,NA
73d534ca5da2cc56c3a29b6ad32a9ff0@prksq.com,153,0.92000002,2023-01-30,2023-01-30,Venture Capital,male,1,France,Europe and Central Asia,low,high,0,NA,0,NA,NA
73dcbda1ca285784483909c04d92cdaf@prksq.com,227,0.41999999,2023-02-02,2023-02-03,Angel,female,1,United States,North America,low,low,0,industry,1,2023-02-03,0
73e4f5adba2bd58a3830d4863aa73bbe@prksq.com,547,0.82999998,2023-02-02,2023-02-04,Venture Capital,female,4,France,Europe and Central Asia,high,high,1,meeting,1,2023-02-04,1
742fad303f8464fe3f7cf1b5670e9a15@prksq.com,130,0.75,2023-02-02,2023-02-03,Venture Capital,female,1,United States,North America,low,low,0,NA,0,NA,NA
74380f61b5a1a3cb13b3c5aa882d85b7@prksq.com,146,0.92000002,2023-02-02,2023-02-02,Angel,male,1,United States,North America,high,low,0,NA,0,NA,NA
743e46bb353e5ea083e9918f1312c292@prksq.com,165,1,2023-02-02,2023-02-08,Angel,male,1,Singapore,East Asia and Pacific,low,high,0,investment strategy,1,2023-02-08,0
743fc7ed1b6654ec9d06d7d31ed195e9@prksq.com,11,0.67000002,2023-02-02,2023-02-04,Venture Capital,male,4,Canada,North America,high,high,0,NA,0,NA,NA
745a38fc7747f07bf259d42f94a95498@prksq.com,122,0.33000001,2023-02-02,2023-02-03,Angel,male,1,United States,North America,high,low,0,industry,1,2023-02-04,0
74726d29684693be12641df7bfa7e51b@prksq.com,278,1,2023-02-02,2023-02-04,Angel,male,1,India,South Asia,high,high,0,NA,0,NA,NA
747b303aba90373eb15d2c1ebdf8cf5d@prksq.com,29,1,2023-02-02,2023-02-02,Angel,male,1,United States,North America,low,high,0,NA,0,NA,NA
749fafe755e0128b3cdfddcd2f140dec@prksq.com,548,1,2023-02-01,2023-02-03,Angel,male,1,United States,North America,high,high,0,NA,0,NA,NA
74a018b9432e4aac1718d7160486617c@prksq.com,50,1,2023-02-02,2023-02-05,Venture Capital,male,1,United States,North America,high,high,1,meeting,1,2023-02-07,1
74baa4de5f2073986f4983e1e9d05312@prksq.com,188,0.57999998,2023-02-02,2023-02-05,Angel,male,1,United States,North America,low,low,0,NA,0,NA,NA
74da9112cf4fea83514106fed134d224@prksq.com,116,1,2023-02-02,2023-02-05,Angel,male,1,United States,North America,high,high,0,NA,0,NA,NA
74eaa676a0925f6bc5f122e24606ec7f@prksq.com,275,0.92000002,2023-02-02,2023-02-02,Angel,male,1,United States,North America,low,high,0,NA,0,NA,NA
74fd26cd9699f4250d6b69dfbd312d1e@prksq.com,51,0.67000002,2023-02-02,2023-02-03,Angel,male,1,United States,North America,high,low,0,NA,0,NA,NA
750c30d4fa523b3a758dda38d132d0dc@prksq.com,68,0.75,2023-02-02,2023-02-03,Angel,male,1,United States,North America,low,high,0,NA,0,NA,NA
750ef16279d2ec81c447cd8b6100c631@prksq.com,156,1,2023-02-02,2023-02-03,Venture Capital,female,1,United Kingdom,Europe and Central Asia,low,low,0,NA,0,NA,NA
751344726bd6a04598d86ae9b6d0f201@prksq.com,29,1,2023-02-02,2023-02-05,Venture Capital,male,49,United States,North America,high,high,0,NA,0,NA,NA
75158a33697f7b03c7255b6972041954@prksq.com,159,0.41999999,2023-02-02,2023-02-04,Angel,male,1,United States,North America,low,high,0,stage,1,2023-02-04,0
751f60bd36d04f3a9aff50df718a1693@prksq.com,219,1,2023-02-02,2023-02-02,Angel,male,1,United States,North America,high,low,0,NA,0,NA,NA
752014cc267604e0fada9c0592fd95e5@prksq.com,236,0.82999998,2023-02-02,2023-02-03,Angel,male,1,United States,North America,high,low,0,NA,0,NA,NA
752d51cdaa4ff1cab466dad653fdb45a@prksq.com,202,0.57999998,2023-02-02,2023-02-05,Angel,male,2,United States,North America,high,low,0,stage,1,2023-02-05,0
7531ca23d651257d35f35899861393c2@prksq.com,152,0.67000002,2023-02-02,2023-02-06,Angel,male,1,United States,North America,high,high,0,NA,0,NA,NA
7541fcccd861fa66415b920f42955246@prksq.com,39,0.57999998,2023-02-02,2023-02-03,Angel,male,1,United States,North America,low,high,0,NA,0,NA,NA
755ed4c84fa07b605d61f63da9b4320c@prksq.com,122,0.57999998,2023-02-02,2023-02-05,Angel,female,1,United States,North America,low,low,0,NA,0,NA,NA
756bbd22c4e89c7f8f3bfce58a45feae@prksq.com,271,1,2023-02-02,2023-02-06,Angel,male,1,United States,North America,low,low,0,no specific reason,1,2023-02-06,0
75827233c1349f96cf16c5f85ea40d4b@prksq.com,239,1,2023-02-02,2023-02-08,Angel,male,1,United States,North America,high,high,0,NA,0,NA,NA
758d921dcd74001c6b3d28ffe44da214@prksq.com,180,0.67000002,2023-02-02,2023-02-02,Venture Capital,male,3,United Kingdom,Europe and Central Asia,high,low,0,NA,0,NA,NA
759d94240acb72de56c203199c189e99@prksq.com,34,0.25,2023-02-02,2023-02-02,Angel,male,1,United States,North America,low,low,0,no specific reason,1,2023-02-02,0
75ccaa233e9c052f90cad512262e9d15@prksq.com,145,0.25,2023-02-02,2023-02-02,Angel,male,2,United States,North America,low,low,0,NA,0,NA,NA
75ccc964fbb02e8f9d73a985e99383cf@prksq.com,11,0.82999998,2023-02-02,2023-02-02,Angel,male,1,United Kingdom,Europe and Central Asia,low,high,0,NA,0,NA,NA
75dc44f444d3e58724a2b9833007ddf2@prksq.com,62,0.5,2023-02-02,2023-02-06,Angel,female,3,United States,North America,high,high,0,NA,0,NA,NA
76040a28f6a6b862a8ff3887b350efc5@prksq.com,82,0.75,2023-02-02,2023-02-03,Angel,male,1,United States,North America,low,low,0,NA,0,NA,NA
761b50fa4b91b67bf372e3137d6b6174@prksq.com,109,0.92000002,2023-02-02,2023-02-04,Angel,male,1,United States,North America,high,low,0,NA,0,NA,NA
76276033a4acf4c59e5a9acd97eb16fc@prksq.com,104,1,2023-02-02,2023-02-02,Angel,male,1,United States,North America,high,low,0,NA,0,NA,NA
762dd3b2be60d3c64f4db2f10be154ca@prksq.com,99,0.17,2023-02-02,2023-02-03,Angel,male,2,United States,North America,high,low,0,NA,0,NA,NA
763ce3f11c2c5470887ec71ab6e90dfb@prksq.com,145,0.75,2023-02-02,2023-02-05,Venture Capital,male,4,United States,North America,low,high,0,no specific reason,1,2023-02-05,0
763e2c551b6bb7d47cf35c2833417c9f@prksq.com,123,0.67000002,2023-02-02,2023-02-03,Angel,male,1,United States,North America,low,high,0,NA,0,NA,NA
764b1dbc02e4107b2fcccef330be0695@prksq.com,61,1,2023-02-03,2023-02-04,Angel,male,1,United States,North America,low,low,0,stage,1,2023-02-04,0
76586855487fcffe7811923b8cc28c70@prksq.com,294,0.75,2023-02-03,2023-02-03,Angel,male,2,United States,North America,low,high,0,NA,0,NA,NA
7688b2b2f4f850cd9c2e2496b007c842@prksq.com,111,1,2023-02-03,2023-02-04,Angel,male,1,Singapore,East Asia and Pacific,high,low,0,NA,0,NA,NA
76895b800956f7da0cb996c4514b9a23@prksq.com,29,0.079999998,2023-02-03,2023-02-03,Angel,male,1,United States,North America,low,low,0,NA,0,NA,NA
768b329c652d928481f2b9f3f135fd67@prksq.com,418,1,2023-02-03,2023-02-04,Angel,male,1,United States,North America,high,high,0,NA,0,NA,NA
7696ba604a6494561f440cd2c4738289@prksq.com,144,0.92000002,2023-02-03,2023-02-06,Angel,male,4,United States,North America,high,high,1,meeting,1,2023-02-08,1
7698cbb27eb66780b25c62d01b071609@prksq.com,118,0.82999998,2023-02-03,2023-02-03,Angel,male,1,United States,North America,high,high,0,NA,0,NA,NA
76b9664b2ad02c5a4d83bb3683c61a1a@prksq.com,259,0.82999998,2023-02-03,2023-02-07,Angel,male,1,United States,North America,low,high,0,NA,0,NA,NA
76c5f7ad45fd288a5527b7e5b8f60f55@prksq.com,113,0.82999998,2023-02-03,2023-02-03,Angel,male,1,United States,North America,low,high,0,stage,1,2023-02-03,0
76c6fbaaf4349f0816f95d79896e255d@prksq.com,399,0.75,2023-02-03,2023-02-05,Angel,male,1,United States,North America,high,high,0,NA,0,NA,NA
76ddb49e51519cb4a7cdf9ee85c18eb0@prksq.com,435,1,2023-02-03,2023-02-05,Angel,male,1,United States,North America,high,high,0,NA,0,NA,NA
76ee1c22dfb8fdfb7efe6675e7b2bffa@prksq.com,135,0.57999998,2023-02-03,2023-02-06,Angel,male,1,United States,North America,high,high,0,NA,0,NA,NA
7703f6c21b1202402a7470dbd5fd4988@prksq.com,430,0.92000002,2023-02-03,2023-02-05,Angel,male,2,United States,North America,low,high,0,NA,0,NA,NA
77113a12c3a184d77f975ce639821c81@prksq.com,136,0.57999998,2023-02-03,2023-02-05,Venture Capital,male,2,United States,North America,low,low,0,NA,0,NA,NA
7715211b0787f1e0c801db90544d7ec5@prksq.com,83,1,2023-02-03,2023-02-08,Angel,female,1,United States,North America,low,high,0,NA,0,NA,NA
7718ef558fc13cb3b64164572654e138@prksq.com,173,0.25,2023-02-01,2023-02-05,Angel,male,1,United States,North America,high,low,0,stage,1,2023-02-05,0
77195286d8e1c21a1fc541ebfa804dc4@prksq.com,153,0.82999998,2023-02-03,2023-02-04,Venture Capital,male,2,Germany,Europe and Central Asia,low,high,0,NA,0,NA,NA
7728e5769d829337939c8ec5c90436f7@prksq.com,424,0.82999998,2023-02-03,2023-02-05,Angel,male,1,India,South Asia,low,high,0,NA,0,NA,NA
77342395d1163b7958411c68fd099b29@prksq.com,29,0.079999998,2023-02-03,2023-02-03,Angel,male,3,United States,North America,high,high,0,NA,0,NA,NA
7737bf15198f12cf01cea02ab1dad15f@prksq.com,273,0.41999999,2023-02-03,2023-02-03,Venture Capital,male,2,United States,North America,low,high,0,NA,0,NA,NA
773d79fd96192da6a39de966a94453d4@prksq.com,32,0.82999998,2023-02-03,2023-02-04,Angel,female,1,United States,North America,high,low,0,NA,0,NA,NA
77871d9996f284a98a105b830fa669f7@prksq.com,38,0.25,2023-02-03,2023-02-06,Venture Capital,female,2,United States,North America,low,low,0,NA,0,NA,NA
778882a2e9470e3e40ba97948b9d91cf@prksq.com,29,0.079999998,2023-02-03,2023-02-03,Angel,female,1,United States,North America,low,low,0,NA,0,NA,NA
77906e3680d7ae97af60f3ca157e0cbb@prksq.com,29,0.079999998,2023-02-03,2023-02-03,Angel,male,1,United States,North America,low,low,0,NA,0,NA,NA
77a253034a8c71fcd789594e9a49d671@prksq.com,32,0.92000002,2023-02-03,2023-02-06,Angel,male,1,United States,North America,low,low,0,NA,0,NA,NA
77b5a24ad81035159a3d866c63ba058c@prksq.com,279,0.82999998,2023-02-03,2023-02-06,Angel,female,1,United States,North America,high,high,0,NA,0,NA,NA
77b5d36d6f71f3ba42a11bd858079526@prksq.com,236,0.75,2023-02-03,2023-02-04,Angel,male,1,United States,North America,low,high,0,NA,0,NA,NA
77ca89c116c093eb8e37ba62cd0ff3c5@prksq.com,7,0.41999999,2023-02-03,2023-02-05,Venture Capital,male,1,United States,North America,high,high,1,meeting,1,2023-02-05,1
77d28c76c734ea7a0bc32c7978f3ebc2@prksq.com,128,0.33000001,2023-02-03,2023-02-03,Angel,male,1,United States,North America,low,low,0,NA,0,NA,NA
77e162d523de9bb6f320eb3eb998c8b2@prksq.com,43,0.75,2023-02-03,2023-02-07,Angel,female,1,United States,North America,low,high,0,NA,0,NA,NA
77e9130755bb4054208f49e5c76dcedf@prksq.com,177,1,2023-02-03,2023-02-06,Angel,male,1,United States,North America,low,low,0,NA,0,NA,NA
77eb856af9279f5dac5a8d6411f478a2@prksq.com,131,0.67000002,2023-02-03,2023-02-05,Venture Capital,male,3,United States,North America,low,high,0,NA,0,NA,NA
77f740d466583a0811a8c9f61887fb83@prksq.com,110,0.75,2023-02-03,2023-02-06,Angel,male,1,United States,North America,low,low,0,NA,0,NA,NA
780d2868546b91d61d899960ad5676bd@prksq.com,181,0.67000002,2023-02-03,2023-02-05,Venture Capital,male,5,United States,North America,high,high,1,meeting,1,2023-02-05,1
780da4d1e8f97208715ef883ec81afe2@prksq.com,356,1,2023-02-03,2023-02-05,Angel,male,1,United States,North America,high,high,0,NA,0,NA,NA
781411ea1a8c69efd6f3645a3a07c33f@prksq.com,15,0.57999998,2023-02-03,2023-02-03,Angel,male,3,United States,North America,low,low,0,NA,0,NA,NA
78388f4da732a515066170986f3878cf@prksq.com,136,0.57999998,2023-02-03,2023-02-05,Angel,male,1,United States,North America,low,high,0,NA,0,NA,NA
783c419433297ab5e95da6a4ee7c2339@prksq.com,9,1,2023-02-03,2023-02-05,Angel,male,2,United States,North America,high,high,0,NA,0,NA,NA
785918219baa4160b6ae6f8b370cb71e@prksq.com,82,0.67000002,2023-02-03,2023-02-05,Angel,male,2,United States,North America,low,high,0,NA,0,NA,NA
789ecf05061862d8be6c5f86dd74cda4@prksq.com,74,0.57999998,2023-02-03,2023-02-04,Angel,male,2,United States,North America,high,high,0,NA,0,NA,NA
78a7bcd2a9bd461bc295ff344d2920eb@prksq.com,40,0.92000002,2023-02-03,2023-02-05,Angel,male,1,United States,North America,low,low,0,NA,0,NA,NA
78c2cd1c9c548981969dff80883a34c1@prksq.com,53,0.5,2023-02-03,2023-02-03,Angel,male,1,United States,North America,high,low,0,NA,0,NA,NA
78c3800b16a8442650108442e8a1a4aa@prksq.com,348,0.5,2023-02-03,2023-02-04,Angel,female,1,United States,North America,high,high,0,NA,0,NA,NA
78d1f0a3e424ec9e08b97b9b8e249ed2@prksq.com,403,0.92000002,2023-02-03,2023-02-04,Venture Capital,female,5,United States,North America,high,high,0,NA,0,NA,NA
78d6f76939085ca4da6466422b75c404@prksq.com,114,0.82999998,2023-02-03,2023-02-05,Angel,male,1,United States,North America,high,high,0,NA,0,NA,NA
78d7a9a00cc4ffb205098748b059471c@prksq.com,251,1,2023-02-03,2023-02-05,Venture Capital,male,3,Singapore,East Asia and Pacific,high,high,0,NA,0,NA,NA
78e91e0e9afc9f251c077755cd08cbb9@prksq.com,112,1,2023-02-03,2023-02-06,Angel,male,1,United States,North America,high,high,0,NA,0,NA,NA
78f91113b366f4f08c89ff8d24a89fa6@prksq.com,210,0.82999998,2023-02-03,2023-02-03,Angel,male,1,United States,North America,high,low,0,NA,0,NA,NA
79009b5e22e4ec88632a076318151649@prksq.com,79,0.33000001,2023-02-03,2023-02-04,Angel,male,5,United States,North America,high,low,0,NA,0,NA,NA
7906eeec961413115f2097809bbb5cb9@prksq.com,48,0.82999998,2023-02-03,2023-02-03,Angel,male,1,France,Europe and Central Asia,low,high,0,NA,0,NA,NA
791fad2c31dce2f01b771bf783593f91@prksq.com,308,0.75,2023-02-03,2023-02-04,Angel,female,3,United Kingdom,Europe and Central Asia,low,high,0,NA,0,NA,NA
793a25713f6b38565efa7bd38bb33a01@prksq.com,303,0.25,2023-02-03,2023-02-03,Angel,male,1,United States,North America,high,low,0,geography,1,2023-02-03,0
79440fb43f9fc1c3df022400fa123d44@prksq.com,47,0.67000002,2023-02-03,2023-02-05,Angel,male,1,United States,North America,high,high,0,NA,0,NA,NA
796fd79d1db8c83eaace80f83db51372@prksq.com,438,1,2023-02-03,2023-02-04,Angel,male,1,Germany,Europe and Central Asia,high,high,0,NA,0,NA,NA
79761cd9502f741723977bfb5a61660e@prksq.com,287,0.75,2023-02-03,2023-02-03,Angel,male,1,United States,North America,high,low,0,NA,0,NA,NA
7983c4120b730bfc48f1015f142ed62b@prksq.com,278,0.41999999,2023-02-03,2023-02-05,Angel,male,1,United States,North America,high,low,0,NA,0,NA,NA
79857fd3489e85b078c9cdec97b3bdc9@prksq.com,101,1,2023-02-03,2023-02-04,Venture Capital,male,4,United States,North America,low,high,0,investment strategy,1,2023-02-04,0
7985fa3c06576ee5b1320a9c35fa95be@prksq.com,28,0.33000001,2023-02-03,2023-02-03,Angel,male,1,United Kingdom,Europe and Central Asia,low,high,0,NA,0,NA,NA
799c51add20dd571ed1caf62ab5a55af@prksq.com,119,0.41999999,2023-02-03,2023-02-05,Angel,male,1,United Kingdom,Europe and Central Asia,low,low,0,NA,0,NA,NA
79a0bdd932b8f3d0a0c8893faffbceeb@prksq.com,29,0.079999998,2023-02-03,2023-02-03,Venture Capital,male,12,United Kingdom,Europe and Central Asia,low,low,0,no specific reason,1,2023-02-03,0
79a15145db3febef1da33164a3053a83@prksq.com,40,0.5,2023-02-03,2023-02-04,Angel,male,1,United States,North America,high,high,0,NA,0,NA,NA
79a1a88bd39f676a5577ca3ad463e149@prksq.com,138,1,2023-02-03,2023-02-03,Venture Capital,male,3,United States,North America,low,low,0,stage,1,2023-02-03,0
79a8514ed2adaad5e3757a12fc6fb4ff@prksq.com,392,0.75,2023-02-03,2023-02-03,Angel,male,1,India,South Asia,high,low,0,NA,0,NA,NA
79be92379d81640985aa4c3e89d9ef35@prksq.com,526,0.92000002,2023-02-03,2023-02-05,Venture Capital,male,3,United Kingdom,Europe and Central Asia,high,high,0,NA,0,NA,NA
79be9861667c6374809f2d453c2d4966@prksq.com,149,0.82999998,2023-02-03,2023-02-07,Angel,male,1,United States,North America,high,high,0,NA,0,NA,NA
79c4488f66c6d0d4683384a27330fd4e@prksq.com,144,0.75,2023-02-03,2023-02-04,Angel,male,1,United States,North America,low,low,0,NA,0,NA,NA
79da8dd513986ac67c1d7a41ef14ddfa@prksq.com,201,0.57999998,2023-02-03,2023-02-06,Angel,male,2,United States,North America,high,high,1,meeting,1,2023-02-06,1
79e611b37ee0caa48e4c16108f83d183@prksq.com,13,0.41999999,2023-02-03,2023-02-06,Angel,female,1,United States,North America,low,low,0,NA,0,NA,NA
79ebc36825ce516729468fd1a83017c7@prksq.com,74,1,2023-02-03,2023-02-04,Angel,female,1,United States,North America,high,low,0,no specific reason,1,2023-02-05,0
7a13805fdf3d5c8f2b794e83143e9671@prksq.com,212,1,2023-02-03,2023-02-03,Angel,male,1,United States,North America,low,low,0,stage,1,2023-02-04,0
7a2ede8291897438e7c5898e7c2c4064@prksq.com,264,1,2023-02-03,2023-02-03,Venture Capital,female,5,Singapore,East Asia and Pacific,high,low,0,NA,0,NA,NA
7a4330f5ac844f763448b1bc9ee43567@prksq.com,133,0.82999998,2023-02-03,2023-02-03,Angel,male,1,United States,North America,low,low,0,NA,0,NA,NA
7a76178d566265a6aeaea4ea37ec0c8a@prksq.com,552,1,2023-02-03,2023-02-05,Angel,male,1,United States,North America,high,high,0,NA,0,NA,NA
7a88bc33b5b9c5f0a7939fd11bbf786f@prksq.com,71,0.67000002,2023-02-03,2023-02-07,Venture Capital,male,5,United States,North America,low,high,0,no specific reason,1,2023-02-07,0
7a962477ef618850e7ab374051b27ad7@prksq.com,7,0.82999998,2023-02-03,2023-02-03,Angel,male,2,United States,North America,high,low,0,industry,1,2023-02-03,0
7a9f88d59fc82eccb3e52add45dd52e0@prksq.com,17,0.57999998,2023-02-03,2023-02-05,Venture Capital,male,5,United States,North America,low,high,0,NA,0,NA,NA
7ab51298b84ade2d1086f78c1e468029@prksq.com,194,1,2023-02-03,2023-02-04,Angel,male,1,United States,North America,high,high,1,formal application,1,2023-02-05,1
7acd2772588c656b3fcb997431574c0d@prksq.com,56,0.67000002,2023-02-03,2023-02-05,Angel,male,2,United States,North America,low,low,0,NA,0,NA,NA
7b09166d888b8a38ef8aae57029af480@prksq.com,143,0.5,2023-01-31,2023-01-31,Venture Capital,male,3,United States,North America,low,high,0,NA,0,NA,NA
7b09c457b3c5ed80e1f7fa5775bbcb9b@prksq.com,9,0.92000002,2023-02-03,2023-02-03,Venture Capital,male,44,United States,North America,low,low,0,investment strategy,1,2023-02-03,0
7b0af7903dcd0f38af6167f9ea50c5f3@prksq.com,125,0.82999998,2023-01-30,2023-02-05,Venture Capital,male,2,United Kingdom,Europe and Central Asia,high,high,0,NA,0,NA,NA
7b10e82a6a0a4d8b876c2d345847a667@prksq.com,137,0.82999998,2023-02-03,2023-02-03,Angel,male,1,United States,North America,high,low,0,NA,0,NA,NA
7b167e552f6ded3036dfdf4c62bef570@prksq.com,147,0.41999999,2023-02-03,2023-02-04,Angel,male,1,United Kingdom,Europe and Central Asia,low,high,0,NA,0,NA,NA
7b1747d323609cc2d94c55e1c3e9284c@prksq.com,99,0.25,2023-02-03,2023-02-04,Venture Capital,female,3,United States,North America,low,low,0,NA,0,NA,NA
7b2c94cf295fede7acb5549c8592ae84@prksq.com,75,0.67000002,2023-02-03,2023-02-04,Angel,male,1,United States,North America,high,low,0,NA,0,NA,NA
7b2d94a7addfe37e19e2b17b19cb9612@prksq.com,61,0.5,2023-02-03,2023-02-04,Angel,male,1,United States,North America,low,high,0,NA,0,NA,NA
7b33c0c3d86a3993d3bbc244c3845299@prksq.com,74,0.82999998,2023-02-03,2023-02-05,Angel,male,1,United Kingdom,Europe and Central Asia,low,low,0,NA,0,NA,NA
7b51388b0645ced01929d96932c0133e@prksq.com,16,0.75,2023-02-03,2023-02-06,Angel,female,2,United States,North America,high,high,1,formal application,1,2023-02-06,1
7b5f69a8c3320a7eba2c0425e6c143e6@prksq.com,94,0.67000002,2023-02-03,2023-02-05,Angel,male,1,United States,North America,high,high,0,NA,0,NA,NA
7b60f061807044bc1a391afdbae7a56c@prksq.com,196,0.5,2023-02-03,2023-02-04,Venture Capital,male,1,United States,North America,low,low,0,NA,0,NA,NA
7b8b1a3bd5f7b83c0cf71077d94092f7@prksq.com,328,1,2023-02-03,2023-02-05,Angel,male,1,United States,North America,high,low,0,NA,0,NA,NA
7bb0c034859a41d5d8a275bd9cd31c54@prksq.com,197,1,2023-02-03,2023-02-03,Angel,male,1,United States,North America,low,high,0,NA,0,NA,NA
7bc9a61e70c373064c7ce18029c82de3@prksq.com,436,1,2023-02-03,2023-02-03,Angel,male,1,United States,North America,high,high,1,formal application,1,2023-02-04,1
7bd8afee19c197c2166340459fa5c872@prksq.com,3,0.33000001,2023-02-04,2023-02-09,Angel,male,2,United States,North America,low,high,0,NA,0,NA,NA
7beadd5f088548c6c1de21de26f47c73@prksq.com,3,0.57999998,2023-02-03,2023-02-03,Angel,male,1,United Kingdom,Europe and Central Asia,high,low,0,NA,0,NA,NA
7bf5170d3ab67bc1da779dfa0d01dcf8@prksq.com,131,0.92000002,2023-02-03,2023-02-06,Angel,male,1,United States,North America,low,low,0,NA,0,NA,NA
7bf5bb24b6836ccfadb453ba0cfa2805@prksq.com,23,0.25,2023-02-03,2023-02-04,Venture Capital,male,1,United States,North America,high,low,0,investment strategy,1,2023-02-04,0
7bfaeafa7140f3447d67160d01de87a5@prksq.com,10,1,2023-02-04,2023-02-04,Angel,male,1,United States,North America,low,low,0,NA,0,NA,NA
7c149dbf30ede39d2c231a5d94fc4f75@prksq.com,157,0.67000002,2023-02-03,2023-02-04,Angel,male,6,United States,North America,low,high,0,investment strategy,1,2023-02-07,0
7c1b8546724c86d4708b95bd8233aeca@prksq.com,83,0.25,2023-02-04,2023-02-04,Angel,male,1,United States,North America,low,low,0,NA,0,NA,NA
7c203ce0228ccf6d7ffd38e2325353d5@prksq.com,114,0.75,2023-02-04,2023-02-04,Venture Capital,male,2,United States,North America,low,low,0,NA,0,NA,NA
7c22d967ae2842214f0d317d367fc21b@prksq.com,29,0.079999998,2023-02-03,2023-02-03,Venture Capital,female,4,United Kingdom,Europe and Central Asia,low,low,0,NA,0,NA,NA
7c6f8ccbe8bd174950aec2569b79ce8b@prksq.com,176,0.41999999,2023-02-04,2023-02-07,Angel,male,1,United Kingdom,Europe and Central Asia,low,low,0,NA,0,NA,NA
7c78e8c8e80f5faa303c61ee61819165@prksq.com,52,0.92000002,2023-02-03,2023-02-03,Angel,male,1,United States,North America,high,low,0,NA,0,NA,NA
7c8275842c38340ba01598df1cf51e93@prksq.com,60,1,2023-02-03,2023-02-04,Angel,male,1,United Kingdom,Europe and Central Asia,low,low,0,investment strategy,1,2023-02-06,0
7c87870eaa13d0f778a14d12db4999cd@prksq.com,29,0.079999998,2023-02-04,2023-02-04,Angel,male,1,United States,North America,low,low,0,no specific reason,1,2023-02-04,0
7c8c35e32633b8b3c0a8821b7a3bd463@prksq.com,394,1,2023-02-04,2023-02-04,Venture Capital,male,2,United States,North America,high,high,0,NA,0,NA,NA
7c8e14d04ba4d22df96859e8b7eb2c18@prksq.com,353,0.75,2023-02-03,2023-02-04,Angel,male,5,United States,North America,high,low,0,industry,1,2023-02-04,0
7c95a72f09c05537e2fbd3943676f75d@prksq.com,127,0.67000002,2023-02-03,2023-02-03,Angel,male,1,France,Europe and Central Asia,low,low,0,NA,0,NA,NA
7c95c20529c37fb71d49fa5a614dae9c@prksq.com,588,1,2023-02-03,2023-02-04,Angel,male,1,United States,North America,high,high,0,NA,0,NA,NA
7c9617249ddf786dcc051a06c01a896b@prksq.com,167,1,2023-02-04,2023-02-04,Angel,male,1,United States,North America,low,high,0,NA,0,NA,NA
7c9e1bc65d70477a5e7cf48048aeb158@prksq.com,92,0.41999999,2023-02-04,2023-02-07,Angel,male,1,United States,North America,low,low,0,NA,0,NA,NA
7ca2bb52afd773d9fa4f935c40ac5207@prksq.com,195,0.33000001,2023-02-03,2023-02-04,Angel,male,1,India,South Asia,low,low,0,no specific reason,1,2023-02-04,0
7ca7bf923b2259a6039b83150498517c@prksq.com,12,0.75,2023-02-03,2023-02-04,Angel,male,1,United States,North America,low,low,0,NA,0,NA,NA
7caf4a87835727d083a4d9f31472ff89@prksq.com,15,1,2023-02-03,2023-02-03,Angel,male,1,United States,North America,low,high,0,no specific reason,1,2023-02-04,0
7cb78269096ac506dfe692acdb663a61@prksq.com,97,0.5,2023-02-03,2023-02-03,Angel,male,1,India,South Asia,high,high,0,NA,0,NA,NA
7cdf7e326c8cced070395abaea4de3a9@prksq.com,257,1,2023-02-04,2023-02-06,Angel,male,2,United States,North America,low,low,0,NA,0,NA,NA
7ceee6a6bfb75f095202d38e1969da9b@prksq.com,98,0.41999999,2023-02-03,2023-02-03,Angel,male,1,United States,North America,low,high,0,NA,0,NA,NA
7d0621c2628788c66fb55b37b6b3a826@prksq.com,172,0.82999998,2023-02-03,2023-02-06,Angel,male,1,United States,North America,high,high,0,NA,0,NA,NA
7d0ed0fc04e546da25b4399f35ec6deb@prksq.com,108,0.82999998,2023-02-03,2023-02-06,Angel,male,2,United States,North America,low,high,0,NA,0,NA,NA
7d127445a35f527f10c24c720b29db00@prksq.com,58,1,2023-02-03,2023-02-06,Angel,male,2,United States,North America,low,high,0,NA,0,NA,NA
7d29d5739d500e525b8f234f63029186@prksq.com,15,0.92000002,2023-02-03,2023-02-06,Angel,male,1,United States,North America,low,low,0,no specific reason,1,2023-02-06,0
7d304d7bc08d74c8b167c6dcdaab9dcc@prksq.com,21,0.25,2023-02-03,2023-02-03,Angel,male,1,United Kingdom,Europe and Central Asia,low,low,0,NA,0,NA,NA
7d3300141ee7b99fb362261a158efffe@prksq.com,50,0.5,2023-02-04,2023-02-05,Angel,male,1,United States,North America,low,low,0,NA,0,NA,NA
7d39fa5df3c5df747b6d79dd2e75343d@prksq.com,82,0.82999998,2023-02-04,2023-02-04,Venture Capital,female,2,United States,North America,high,high,0,NA,0,NA,NA
7d5d2e594b58bfac25bd345461bd4719@prksq.com,8,0.67000002,2023-02-04,2023-02-04,Angel,male,1,United States,North America,high,low,0,NA,0,NA,NA
7d5f939aa786e3c49c76f73155f4a420@prksq.com,12,0.41999999,2023-02-03,2023-02-04,Angel,male,1,United States,North America,low,low,0,NA,0,NA,NA
7d63d29c4525473592e8fb590129873b@prksq.com,24,0.079999998,2023-02-04,2023-02-04,Angel,male,1,India,South Asia,low,low,0,NA,0,NA,NA
7d673d6d5ecf80afbef03d60ecf17cd0@prksq.com,38,1,2023-02-03,2023-02-05,Angel,female,1,United States,North America,high,high,0,NA,0,NA,NA
7d74dc925dfedb76c76d2a90f6153b0c@prksq.com,82,0.92000002,2023-02-03,2023-02-04,Angel,male,1,United States,North America,high,high,0,NA,0,NA,NA
7d8ec47953a3144957c9a497e44ea7d4@prksq.com,458,1,2023-02-04,2023-02-05,Venture Capital,male,3,United States,North America,high,high,0,NA,0,NA,NA
7d8ee4acb638c3a1cfe220a6d51dadea@prksq.com,128,0.41999999,2023-02-03,2023-02-04,Angel,male,1,United States,North America,high,low,0,NA,0,NA,NA
7daa22fa4797fbd1fb3b297a87321bab@prksq.com,27,0.25,2023-02-04,2023-02-04,Angel,male,1,United States,North America,low,low,0,NA,0,NA,NA
7dd02711d622f7485506fe1146d0cbe0@prksq.com,38,0.33000001,2023-02-03,2023-02-03,Angel,female,3,France,Europe and Central Asia,high,low,0,NA,0,NA,NA
7de24dd0e582b3e2367b745ecf55462b@prksq.com,36,0.82999998,2023-02-03,2023-02-04,Angel,male,1,United States,North America,high,low,0,NA,0,NA,NA
7dee9a7e55b529d3b38427612a58278b@prksq.com,117,0.82999998,2023-02-03,2023-02-03,Angel,male,1,United States,North America,high,high,0,NA,0,NA,NA
7e05c883a2f3d51dc5aef365589d9d97@prksq.com,98,0.82999998,2023-02-03,2023-02-03,Angel,male,1,United States,North America,low,low,0,no specific reason,1,2023-02-04,0
7e09c6ca147268d829e7c10fab37f24c@prksq.com,123,0.57999998,2023-02-03,2023-02-06,Angel,male,1,United States,North America,low,high,0,NA,0,NA,NA
7e0fc8d38ef90218100a2e9d728676d3@prksq.com,304,1,2023-02-01,2023-02-06,Angel,male,1,United States,North America,high,low,0,NA,0,NA,NA
7e190ffb8c12b27eaa15c92752abe679@prksq.com,143,0.33000001,2023-02-04,2023-02-05,Angel,male,1,United States,North America,low,low,0,NA,0,NA,NA
7e217a6f11c02890afeb8eb4f4bc8154@prksq.com,14,0.33000001,2023-02-03,2023-02-06,Angel,male,1,United States,North America,high,high,0,NA,0,NA,NA
7e2a7bb01a590af76bb41cec1a13af1a@prksq.com,164,1,2023-02-03,2023-02-05,Venture Capital,male,2,United States,North America,low,high,0,NA,0,NA,NA
7e33efa7fdc80b3af8df07e1a2b66654@prksq.com,380,0.67000002,2023-02-04,2023-02-09,Angel,male,1,United States,North America,low,high,0,NA,0,NA,NA
7e3b7f47d859411709f428bd953f6fd0@prksq.com,119,0.25,2023-02-04,2023-02-05,Angel,male,2,United States,North America,low,low,0,NA,0,NA,NA
7e5f99ea8255b9e4b992bd4b7ecb8098@prksq.com,157,0.5,2023-02-03,2023-02-03,Angel,male,1,United States,North America,low,high,0,NA,0,NA,NA
7e6c81e111200cc2aa7b256e553cf999@prksq.com,47,0.33000001,2023-02-03,2023-02-06,Angel,male,1,United States,North America,high,high,1,meeting,1,2023-02-06,1
7e6dc02939782083c5fe7c5690b9d02a@prksq.com,379,0.67000002,2023-02-03,2023-02-05,Angel,male,1,United States,North America,low,high,0,NA,0,NA,NA
7e6e1235b3c20a6e9094e1fb0fc15ced@prksq.com,96,0.92000002,2023-02-03,2023-02-03,Angel,male,1,United States,North America,low,high,0,NA,0,NA,NA
7e75153501781e7c655d7954c385c9f2@prksq.com,314,1,2023-02-04,2023-02-05,Venture Capital,male,3,United Kingdom,Europe and Central Asia,high,low,0,no specific reason,1,2023-02-06,0
7e8be5e2945efd76d4cbe2bc89c90ab4@prksq.com,108,0.57999998,2023-02-03,2023-02-06,Angel,male,1,United States,North America,high,low,0,NA,0,NA,NA
7eaa2433ae2a0b52d85bb5eeebe26f8c@prksq.com,11,0.92000002,2023-02-04,2023-02-04,Angel,male,2,United States,North America,high,high,1,meeting,1,2023-02-07,1
7eaef5f78b034af39019f3ba35ccc408@prksq.com,39,1,2023-02-04,2023-02-04,Angel,male,1,United Kingdom,Europe and Central Asia,high,low,0,NA,0,NA,NA
7eb89ae09f431b407dd472f64203560a@prksq.com,81,1,2023-02-03,2023-02-03,Angel,male,1,United States,North America,high,high,0,NA,0,NA,NA
7ec418a939d47cb5e9550e7712bb8638@prksq.com,239,0.82999998,2023-02-03,2023-02-03,Angel,female,2,United States,North America,low,low,0,NA,0,NA,NA
7ef04c000740532617449f766b878e71@prksq.com,121,1,2023-02-04,2023-02-04,Angel,male,2,United States,North America,low,low,0,NA,0,NA,NA
7efd0773d3fe82c0a5fa69e6ff42f247@prksq.com,15,1,2023-02-04,2023-02-07,Angel,male,1,United States,North America,high,low,0,industry,1,2023-02-07,0
7f08adcd7b22f7849a6421f82501a1b9@prksq.com,84,0.41999999,2023-02-03,2023-02-03,Angel,male,1,France,Europe and Central Asia,low,low,0,NA,0,NA,NA
7f194e1d41bee3032368df019076274f@prksq.com,194,0.33000001,2023-02-03,2023-02-03,Angel,male,2,United States,North America,high,low,0,NA,0,NA,NA
7f3d30fa55e0d37d795862a2ac6a2aa9@prksq.com,28,0.41999999,2023-02-04,2023-02-05,Angel,male,1,United States,North America,low,low,0,NA,0,NA,NA
7f407bef5438bb2f84fd3a52eaa0211f@prksq.com,194,0.67000002,2023-02-03,2023-02-04,Angel,male,1,United States,North America,high,low,0,NA,0,NA,NA
7f43f619db288736e769d5ba762c3a90@prksq.com,214,0.75,2023-02-03,2023-02-03,Angel,male,1,United Kingdom,Europe and Central Asia,high,low,0,no specific reason,1,2023-02-03,0
7f4a144b3f19a10c0796a1854c35c11f@prksq.com,347,1,2023-02-03,2023-02-04,Venture Capital,male,4,Canada,North America,high,high,0,NA,0,NA,NA
7f5afacc6653d7983d89abfe6b56c6d9@prksq.com,49,0.92000002,2023-02-03,2023-02-04,Angel,male,1,United States,North America,low,low,0,NA,0,NA,NA
7f6693012b62da1f7d54095edbdfe625@prksq.com,22,0.33000001,2023-02-03,2023-02-03,Venture Capital,male,1,United States,North America,low,low,0,NA,0,NA,NA
7f732a8fb2355c7064bc20a38f471848@prksq.com,52,0.75,2023-02-03,2023-02-08,Venture Capital,male,5,France,Europe and Central Asia,low,low,0,no specific reason,1,2023-02-08,0
7f770607c7e83cdcee69fc372e5d4371@prksq.com,475,0.57999998,2023-02-03,2023-02-07,Angel,male,1,United States,North America,high,high,0,NA,0,NA,NA
7f98bc60008c655865f96ab93711334e@prksq.com,149,0.92000002,2023-02-03,2023-02-06,Angel,male,1,United States,North America,low,low,0,NA,0,NA,NA
7fbc5ccf67ea3b3f08d4fde46a72b919@prksq.com,121,0.82999998,2023-02-04,2023-02-04,Venture Capital,male,1,Germany,Europe and Central Asia,low,low,0,geography,1,2023-02-08,0
7fc2c7b9eea859c67e41b06e9c40f305@prksq.com,80,0.75,2023-02-03,2023-02-04,Angel,male,1,United States,North America,high,high,0,NA,0,NA,NA
7fdca03ff12d48fce868509db2ee9dff@prksq.com,146,0.82999998,2023-02-04,2023-02-06,Angel,male,1,United States,North America,high,high,1,meeting,1,2023-02-07,1
7ffa750da5f9ddec3b300c3fd72c4d7c@prksq.com,263,0.33000001,2023-02-04,2023-02-04,Venture Capital,male,2,United States,North America,high,low,0,NA,0,NA,NA
800f26e5ca95428d83f45c903705ea43@prksq.com,28,0.75,2023-02-01,2023-02-01,Angel,male,1,United States,North America,low,high,0,NA,0,NA,NA
800fdf5786b834144ca493408e4b9aef@prksq.com,507,1,2023-02-02,2023-02-02,Angel,male,1,United States,North America,high,high,1,meeting,1,2023-02-05,1
8027ce68fcd2c01840e99b7dac3d11bd@prksq.com,35,1,2023-02-04,2023-02-04,Angel,male,1,United States,North America,low,high,0,NA,0,NA,NA
802c1c6b14684a31cd5cd930609c2f9b@prksq.com,141,0.57999998,2023-02-03,2023-02-06,Angel,female,1,United Kingdom,Europe and Central Asia,low,high,0,NA,0,NA,NA
803611ea490c3656f645c112bef93b30@prksq.com,10,0.41999999,2023-02-03,2023-02-04,Angel,male,2,United States,North America,high,high,0,NA,0,NA,NA
8037867053f23c287af3ce351f431cae@prksq.com,56,1,2023-02-03,2023-02-06,Venture Capital,male,2,United Kingdom,Europe and Central Asia,high,low,0,NA,0,NA,NA
80769302b27781a3f968347917f144e4@prksq.com,18,0.25,2023-02-04,2023-02-08,Angel,male,1,United States,North America,low,high,0,NA,0,NA,NA
8089e6d16a3bd4566c02ebfde42cc7a0@prksq.com,27,0.41999999,2023-02-04,2023-02-06,Angel,male,1,United States,North America,high,low,0,NA,0,NA,NA
808ef372a9657110538994a276d715c0@prksq.com,32,1,2023-02-04,2023-02-05,Angel,male,1,United States,North America,low,low,0,NA,0,NA,NA
8091744f17e215d6d8b7d8371b7c5cde@prksq.com,164,0.57999998,2023-02-04,2023-02-08,Angel,male,1,United States,North America,low,high,0,NA,0,NA,NA
809f1d49b54faec25a1ed942f2b6a5bc@prksq.com,206,0.57999998,2023-02-04,2023-02-04,Angel,female,1,United States,North America,high,low,0,investment strategy,1,2023-02-04,0
809fd9ca21bda15306f992d2af17c24f@prksq.com,19,0.25,2023-02-04,2023-02-09,Angel,female,1,United States,North America,low,high,0,NA,0,NA,NA
80a9dcd859a3f29198c1aaf4f4ca442d@prksq.com,24,1,2023-02-04,2023-02-06,Angel,male,1,United Kingdom,Europe and Central Asia,low,low,0,NA,0,NA,NA
80b0e5f22d07ddc4f89dda3941f7d9e0@prksq.com,56,0.41999999,2023-02-04,2023-02-07,Venture Capital,male,4,United States,North America,high,high,0,NA,0,NA,NA
80cb2d03734f0bd9935f8dfc20cdb430@prksq.com,31,0.67000002,2023-02-04,2023-02-06,Angel,male,1,United States,North America,low,high,0,NA,0,NA,NA
80e4a4ab3713e5d2ca570bd16996a6bd@prksq.com,52,0.82999998,2023-02-04,2023-02-06,Venture Capital,male,1,United States,North America,low,low,0,NA,0,NA,NA
80e71b6c9569e495cba1ab9ef3ff3ef9@prksq.com,371,1,2023-02-04,2023-02-06,Venture Capital,female,3,Israel,Middle East and North Africa,high,low,0,no specific reason,1,2023-02-06,0
80e9b1406b98723f72a80c489b8472b3@prksq.com,632,1,2023-02-04,2023-02-04,Venture Capital,male,2,United Kingdom,Europe and Central Asia,high,high,0,NA,0,NA,NA
80ff5aca6c7861bac2a6d8888785bc4d@prksq.com,31,0.079999998,2023-02-04,2023-02-04,Angel,male,1,United States,North America,low,high,0,NA,0,NA,NA
8104e1a05364026b168ffdeba83f2bcf@prksq.com,157,0.41999999,2023-02-04,2023-02-06,Angel,male,1,United States,North America,high,low,0,NA,0,NA,NA
81182cb274a76258f970b105bf0a19a5@prksq.com,407,1,2023-02-04,2023-02-08,Angel,male,2,United States,North America,high,high,0,NA,0,NA,NA
811d8889f1699acefd5a45b11b122f3f@prksq.com,74,0.92000002,2023-02-04,2023-02-06,Venture Capital,female,1,United States,North America,low,low,0,NA,0,NA,NA
8126ade1609a6ee6ee69b7ad9b18fe1e@prksq.com,180,0.57999998,2023-02-04,2023-02-05,Venture Capital,male,1,United States,North America,high,low,0,NA,0,NA,NA
81424ca9f11cf1d46050efa0f487650f@prksq.com,58,0.079999998,2023-02-04,2023-02-08,Angel,male,2,United States,North America,low,low,0,NA,0,NA,NA
8143ff3439fc9e215edbd6746e9145f0@prksq.com,122,0.75,2023-02-04,2023-02-06,Angel,female,1,United States,North America,low,high,0,NA,0,NA,NA
814a26b8febe87d626f93cd1ace925b6@prksq.com,16,0.5,2023-02-04,2023-02-06,Venture Capital,male,5,United States,North America,high,high,0,NA,0,NA,NA
814cb6590b6fbb26823d0e363a16a97b@prksq.com,196,1,2023-02-04,2023-02-04,Angel,male,1,Canada,North America,high,low,0,NA,0,NA,NA
8154f17f1cfe784e9ce621a1dfd3b3a6@prksq.com,28,0.41999999,2023-02-04,2023-02-06,Angel,male,1,United States,North America,high,low,0,NA,0,NA,NA
815b559b9a7bf05c170b3b642c634937@prksq.com,6,0.75,2023-02-04,2023-02-04,Angel,male,1,United States,North America,low,high,0,NA,0,NA,NA
815d53f32813e95cde1cfc85ed5b196a@prksq.com,46,0.5,2023-02-04,2023-02-07,Venture Capital,male,2,United States,North America,high,high,0,NA,0,NA,NA
81634627ee41b2e854166f8270300019@prksq.com,207,0.75,2023-02-04,2023-02-09,Angel,male,1,United States,North America,high,low,0,industry,1,2023-02-10,0
81683b5199fe942358d6a7e06367c36b@prksq.com,167,0.82999998,2023-02-04,2023-02-09,Angel,male,1,United States,North America,low,high,0,NA,0,NA,NA
81776fc3c1930ebfc76caf9c004cd77d@prksq.com,220,0.82999998,2023-02-04,2023-02-05,Angel,male,1,United States,North America,low,high,0,NA,0,NA,NA
81830decb4081475881eb49b4a1ae054@prksq.com,23,0.57999998,2023-02-04,2023-02-07,Angel,male,1,United States,North America,low,low,0,NA,0,NA,NA
818c6fcf44b0b26b91dfe5eb2fa42323@prksq.com,318,0.25,2023-02-04,2023-02-08,Angel,male,1,United States,North America,high,low,0,NA,0,NA,NA
818ff074039e8c6b1c6f66dc35e2da83@prksq.com,70,1,2023-02-04,2023-02-06,Venture Capital,male,2,Germany,Europe and Central Asia,high,low,0,NA,0,NA,NA
81a0b3742b329a3116c5878476ebe01b@prksq.com,212,0.92000002,2023-02-04,2023-02-06,Angel,female,1,United States,North America,high,high,0,NA,0,NA,NA
81ba4e9dc6e9e500821b75620a163972@prksq.com,29,0.079999998,2023-02-04,2023-02-04,Angel,male,1,United Kingdom,Europe and Central Asia,high,high,0,NA,0,NA,NA
81c240d344a5b41ef38e64d1ad8b2dcb@prksq.com,81,0.57999998,2023-02-04,2023-02-05,Angel,male,1,United States,North America,high,high,1,meeting,1,2023-02-06,1
81d7199e5506c2501808f23aad48e4f2@prksq.com,65,1,2023-02-04,2023-02-05,Angel,male,1,France,Europe and Central Asia,high,high,0,NA,0,NA,NA
81dd6f0fde0de4f55b4b3e7484a4aed3@prksq.com,284,0.75,2023-02-04,2023-02-07,Venture Capital,male,1,United States,North America,high,low,0,NA,0,NA,NA
81e2dc80f65a3ccad053f8491cd2a8b9@prksq.com,92,0.57999998,2023-02-04,2023-02-04,Angel,male,1,United States,North America,low,high,0,NA,0,NA,NA
81ef869fbf8e9ff577f5c68411bce619@prksq.com,6,0.92000002,2023-02-04,2023-02-05,Angel,male,1,United States,North America,low,low,0,NA,0,NA,NA
81f1c83bab880a447a504f5a961d5ef9@prksq.com,39,0.33000001,2023-02-04,2023-02-05,Venture Capital,male,2,United States,North America,low,low,0,NA,0,NA,NA
81f5a7991f7e5ee6119bf76aec8056f3@prksq.com,251,1,2023-02-04,2023-02-06,Venture Capital,male,2,United States,North America,high,low,0,NA,0,NA,NA
821750d0245cb80279358a94d881319b@prksq.com,56,0.92000002,2023-02-04,2023-02-05,Angel,male,1,United States,North America,low,low,0,stage,1,2023-02-05,0
821f29cf0fafb1d697c2564c23fa9f36@prksq.com,180,0.57999998,2023-02-04,2023-02-07,Angel,female,1,United States,North America,low,high,0,NA,0,NA,NA
822e20234da924aa3b241fb4a6e2b681@prksq.com,296,1,2023-02-04,2023-02-07,Angel,female,1,Canada,North America,low,low,0,NA,0,NA,NA
823c3f97aaf1daf6a37db1e206cfa966@prksq.com,27,0.92000002,2023-02-04,2023-02-07,Angel,male,1,United States,North America,low,low,0,NA,0,NA,NA
82466c1c53aa123a72c39dc538e5e4ad@prksq.com,137,0.75,2023-02-04,2023-02-05,Angel,male,1,United States,North America,low,low,0,NA,0,NA,NA
824dda095ae3112131b22478abbaaf46@prksq.com,103,1,2023-02-04,2023-02-05,Angel,male,1,United States,North America,low,low,0,NA,0,NA,NA
82561b7ca075dd8f18affa25ee70446f@prksq.com,29,0.079999998,2023-02-04,2023-02-04,Angel,male,2,United States,North America,low,low,0,NA,0,NA,NA
8274a53acdcd8af48c9b7a2e35f4865a@prksq.com,101,0.57999998,2023-02-04,2023-02-06,Angel,male,1,United States,North America,high,high,0,NA,0,NA,NA
8292fbcc2819b8f5af3b717916dd90f0@prksq.com,45,0.75,2023-02-04,2023-02-05,Angel,male,1,United Kingdom,Europe and Central Asia,low,low,0,NA,0,NA,NA
82939017bfb9458fcd39e951f13e01b4@prksq.com,526,0.57999998,2023-02-04,2023-02-05,Venture Capital,male,1,United States,North America,high,high,0,NA,0,NA,NA
82a294bf73bcf023e54c9a1d8f46d1c9@prksq.com,147,1,2023-02-04,2023-02-06,Angel,male,1,United States,North America,high,high,1,more info/clarification,1,2023-02-06,1
82ab8e8ddd61deba8e73f2c5aeffb1ca@prksq.com,175,0.92000002,2023-02-04,2023-02-05,Venture Capital,female,43,United States,North America,low,low,0,no specific reason,1,2023-02-07,0
82ad4eb50da434d0fba61db878e29a1e@prksq.com,24,0.079999998,2023-02-04,2023-02-04,Angel,male,1,United States,North America,low,high,0,NA,0,NA,NA
82c679ec835f5a7e9828bd08c7e04035@prksq.com,176,0.92000002,2023-02-04,2023-02-05,Angel,male,1,United States,North America,low,low,0,NA,0,NA,NA
82d031ba656e74fe49010cd1095d3ef8@prksq.com,119,1,2023-02-04,2023-02-07,Angel,male,3,United States,North America,high,low,0,NA,0,NA,NA
82d3b776a7cdf61d998da63cfc986b7d@prksq.com,112,1,2023-02-04,2023-02-06,Venture Capital,female,3,United Kingdom,Europe and Central Asia,low,high,0,industry,1,2023-02-06,0
82dea66ff5008f3e2f09a9c0976d272e@prksq.com,157,1,2023-02-04,2023-02-05,Angel,male,1,United States,North America,high,low,0,NA,0,NA,NA
82e5b389d323e83df8fbe3bef6d6ca54@prksq.com,193,1,2023-02-04,2023-02-06,Angel,female,1,United States,North America,high,high,1,more info/clarification,1,2023-02-09,1
82e8a292087d6ffba21bbd1c709dad7c@prksq.com,88,0.82999998,2023-02-04,2023-02-04,Angel,male,1,United Kingdom,Europe and Central Asia,low,high,0,NA,0,NA,NA
82ed341064369b635eb9781aabd3859e@prksq.com,29,0.079999998,2023-02-04,2023-02-04,Angel,male,1,United States,North America,low,low,0,NA,0,NA,NA
82f150194f4bcf1fb8988c07c85a47b4@prksq.com,81,0.17,2023-02-04,2023-02-04,Angel,male,1,United States,North America,high,high,0,NA,0,NA,NA
83188e79dcb565b52858e57d495a4de4@prksq.com,52,0.82999998,2023-02-04,2023-02-07,Venture Capital,male,3,United States,North America,high,low,0,NA,0,NA,NA
831b085bb96ff3e75e8fca5c692dea7f@prksq.com,11,0.41999999,2023-02-04,2023-02-06,Angel,female,1,United States,North America,high,low,0,no specific reason,1,2023-02-06,0
83236fd0b7c2d7fb60a197aadd282807@prksq.com,151,0.41999999,2023-02-04,2023-02-07,Angel,male,1,United States,North America,high,low,0,NA,0,NA,NA
8329a81b43a7c8394057e30ba369f1a1@prksq.com,71,0.079999998,2023-02-04,2023-02-08,Angel,male,1,India,South Asia,low,low,0,NA,0,NA,NA
834c2dc1a40f94cea4399829eb0aaadf@prksq.com,23,0.079999998,2023-02-04,2023-02-04,Angel,male,1,United States,North America,high,high,0,NA,0,NA,NA
834f1a3f139c229022622da0767d7206@prksq.com,48,0.82999998,2023-02-04,2023-02-07,Angel,female,1,United States,North America,low,low,0,NA,0,NA,NA
8366cb0ffba2b81b17abf493ef0f37f6@prksq.com,23,0.17,2023-02-04,2023-02-07,Angel,male,1,United States,North America,high,high,0,NA,0,NA,NA
8374f74b216b6b5ebcd0e16d3588d1bd@prksq.com,63,0.33000001,2023-02-04,2023-02-05,Angel,male,1,United States,North America,low,high,0,NA,0,NA,NA
837d5b8fb213fb183a499886c9e5cef2@prksq.com,264,1,2023-02-04,2023-02-04,Angel,male,1,United States,North America,high,low,0,NA,0,NA,NA
8384ce2eeba53372fea82865c3524334@prksq.com,27,0.75,2023-02-04,2023-02-05,Venture Capital,female,2,France,Europe and Central Asia,low,low,0,NA,0,NA,NA
839e239281554e1ccd081332141c679f@prksq.com,10,0.33000001,2023-02-04,2023-02-04,Venture Capital,male,4,United States,North America,high,low,0,NA,0,NA,NA
83a55614737af8dc6b2a812b20a3a4e6@prksq.com,42,0.92000002,2023-02-04,2023-02-09,Angel,male,1,United States,North America,high,high,0,NA,0,NA,NA
83a9ddd340851d1328c1ffca969a8142@prksq.com,82,1,2023-02-04,2023-02-05,Angel,male,1,United States,North America,low,low,0,NA,0,NA,NA
83bd191da8a3fd8029cab8797d5622ed@prksq.com,87,1,2023-02-01,2023-02-01,Angel,male,1,United States,North America,high,low,0,NA,0,NA,NA
83e9051fea0863786ee391727251a24c@prksq.com,173,0.92000002,2023-02-04,2023-02-07,Angel,male,1,United States,North America,low,high,0,NA,0,NA,NA
83ed86fd8f817405fe50deefa604e117@prksq.com,235,0.33000001,2023-02-04,2023-02-06,Venture Capital,male,1,Israel,Middle East and North Africa,high,high,0,NA,0,NA,NA
84162d2c451cc14fe978c6f7d79aff52@prksq.com,32,1,2023-02-04,2023-02-04,Angel,male,1,United States,North America,high,low,0,NA,0,NA,NA
841d5607c17587417da03e8aa2d64b5f@prksq.com,58,0.41999999,2023-02-04,2023-02-06,Angel,male,1,United States,North America,high,high,0,NA,0,NA,NA
842dc844501d6dbb91a99e9222f3e922@prksq.com,326,0.33000001,2023-02-04,2023-02-07,Angel,male,1,United States,North America,low,low,0,NA,0,NA,NA
842df6b8fb35312c800930fb2f3c4fcf@prksq.com,208,1,2023-02-04,2023-02-07,Angel,male,1,United States,North America,high,high,1,more info/clarification,1,2023-02-07,1
842fcd0a63989f6b53fc7e7c851bbb91@prksq.com,394,0.33000001,2023-02-04,2023-02-07,Angel,male,1,United States,North America,high,low,0,NA,0,NA,NA
8433a4a8aca567734845d92a58a1f198@prksq.com,150,0.67000002,2023-02-04,2023-02-07,Angel,male,1,United States,North America,high,low,0,NA,0,NA,NA
84340410aae1f693b71acca5f60d2a00@prksq.com,9,1,2023-02-04,2023-02-05,Angel,male,1,United States,North America,low,low,0,NA,0,NA,NA
843d0b65dd080eef4d1947c658a910b2@prksq.com,128,1,2023-02-04,2023-02-04,Angel,male,1,United States,North America,high,low,0,NA,0,NA,NA
84499f8cd0fae598237c3db3d0584b4e@prksq.com,112,1,2023-02-04,2023-02-05,Angel,male,1,United States,North America,high,low,0,NA,0,NA,NA
845ad3964a09541fd7b5df219b506eef@prksq.com,55,1,2023-02-01,2023-02-01,Angel,male,1,United States,North America,low,low,0,NA,0,NA,NA
845eed4bb360db17292bc0f3191eecfd@prksq.com,400,0.82999998,2023-02-04,2023-02-06,Angel,female,1,United Kingdom,Europe and Central Asia,high,high,0,NA,0,NA,NA
8472f61b9900ce5b6953069a5593b9cf@prksq.com,36,1,2023-02-04,2023-02-06,Angel,female,2,United States,North America,high,high,0,NA,0,NA,NA
848039bb5d24d42c11a23e565d93ca39@prksq.com,29,0.079999998,2023-02-04,2023-02-04,Angel,male,1,Israel,Middle East and North Africa,high,high,1,more info/clarification,1,2023-02-05,1
84888642fb3b1c38417ecbc255ef5830@prksq.com,30,0.82999998,2023-02-04,2023-02-06,Angel,male,1,United States,North America,low,low,0,NA,0,NA,NA
84abec3bfd7f6c05d6ab931fa9a3bd9d@prksq.com,492,0.82999998,2023-02-04,2023-02-05,Angel,male,1,United States,North America,low,high,0,NA,0,NA,NA
84caf0afb73641ffb071c48cae60c106@prksq.com,517,0.75,2023-02-04,2023-02-04,Angel,male,1,United Kingdom,Europe and Central Asia,low,high,0,NA,0,NA,NA
84d3652c440fe9c74f522871a201781a@prksq.com,44,0.41999999,2023-02-04,2023-02-07,Angel,male,1,United States,North America,low,low,0,NA,0,NA,NA
84ee90d5d7ca20669252fe4f0c41b639@prksq.com,69,0.5,2023-02-04,2023-02-05,Angel,female,1,United States,North America,high,low,0,NA,0,NA,NA
84eed0bc00ab64563579152fb7622846@prksq.com,121,0.57999998,2023-02-04,2023-02-06,Angel,male,1,United States,North America,low,low,0,NA,0,NA,NA
8518f40049a42c82fdcf55a5c5c5ce3f@prksq.com,21,0.41999999,2023-02-04,2023-02-07,Angel,male,1,United States,North America,high,high,0,NA,0,NA,NA
8524a38cdb0056c4307a69364995fe63@prksq.com,18,0.92000002,2023-02-04,2023-02-09,Venture Capital,female,3,United States,North America,high,high,1,more info/clarification,1,2023-02-09,1
8542269025cb8e4ba6df0e162be7c5c1@prksq.com,252,0.57999998,2023-02-04,2023-02-05,Angel,male,1,United States,North America,low,high,0,no specific reason,1,2023-02-05,0
85589d4e47b96af3a4ce0b804e2eb879@prksq.com,36,1,2023-02-04,2023-02-06,Angel,female,1,United States,North America,low,high,0,NA,0,NA,NA
8567a67ce92a4e24be421492f81eeeda@prksq.com,29,0.079999998,2023-02-04,2023-02-04,Angel,male,1,United States,North America,high,high,0,NA,0,NA,NA
857493fd40033b717870453a092aaa05@prksq.com,256,1,2023-02-03,2023-02-05,Angel,male,1,United States,North America,high,low,0,NA,0,NA,NA
85796d96562936c1eab8ab79d6f8af3b@prksq.com,52,1,2023-02-04,2023-02-07,Angel,male,2,United States,North America,low,low,0,stage,1,2023-02-07,0
859faf2a8cecf10064200be103a5cbac@prksq.com,108,0.67000002,2023-02-04,2023-02-06,Angel,male,1,United States,North America,low,low,0,NA,0,NA,NA
85a0f8ef7fc1634102d851161c30a491@prksq.com,123,0.33000001,2023-02-04,2023-02-07,Angel,male,1,United States,North America,low,low,0,NA,0,NA,NA
85b638d62b4a9d775eb09d5ddbcd38cf@prksq.com,52,0.41999999,2023-02-04,2023-02-06,Angel,male,2,United States,North America,low,high,0,industry,1,2023-02-06,0
85ec62800fd9bb54079b2836c9bfa027@prksq.com,7,0.82999998,2023-02-05,2023-02-05,Angel,male,2,Singapore,East Asia and Pacific,high,high,0,NA,0,NA,NA
860693adc31572284c82b540d15932ca@prksq.com,11,0.67000002,2023-02-04,2023-02-07,Angel,male,1,United States,North America,low,low,0,NA,0,NA,NA
8615664365e932e94535a80647863292@prksq.com,77,0.82999998,2023-02-05,2023-02-05,Angel,male,1,United States,North America,low,high,0,NA,0,NA,NA
86304772da170c519dd55226423c12b6@prksq.com,155,0.92000002,2023-02-04,2023-02-04,Angel,male,2,United States,North America,high,low,0,NA,0,NA,NA
8630d03c26f35adea799f23dde94eff3@prksq.com,131,1,2023-02-05,2023-02-05,Angel,male,1,Germany,Europe and Central Asia,low,high,0,NA,0,NA,NA
863dcfb6af9cb612d0abb39e9faf55d9@prksq.com,222,0.92000002,2023-01-29,2023-01-29,Angel,male,1,United States,North America,high,low,0,NA,0,NA,NA
864a83a82dbc0aa0dddb12d93148956f@prksq.com,214,0.33000001,2023-02-05,2023-02-07,Angel,male,1,United Kingdom,Europe and Central Asia,high,high,0,NA,0,NA,NA
865ab33f50b74aa94006b3192dfd4c52@prksq.com,29,0.079999998,2023-02-05,2023-02-06,Venture Capital,male,2,United States,North America,high,high,1,more info/clarification,1,2023-02-06,1
867179fac491257685229a5769812c36@prksq.com,186,1,2023-02-04,2023-02-06,Angel,female,1,United States,North America,low,high,1,meeting,1,2023-02-06,1
86717da44874dbadc81258f1f19ffae8@prksq.com,317,0.92000002,2023-02-04,2023-02-07,Angel,male,1,India,South Asia,high,low,0,no investments,1,2023-02-08,0
86742d7d6e268bd4c220ec12d2cbfa56@prksq.com,163,0.92000002,2023-02-05,2023-02-06,Angel,male,1,United States,North America,high,high,0,NA,0,NA,NA
867914ec1035adb61835ca6fff66935f@prksq.com,3,0.079999998,2023-02-05,2023-02-05,Venture Capital,male,2,United States,North America,low,low,0,NA,0,NA,NA
8694fcbdd18a9cc82c40671bc1dd3d6b@prksq.com,135,0.67000002,2023-02-04,2023-02-04,Angel,male,2,United States,North America,high,low,0,NA,0,NA,NA
86a8a632718b735fe33274afa50d0b8d@prksq.com,283,1,2023-02-03,2023-02-03,Angel,male,1,United States,North America,low,high,0,NA,0,NA,NA
86aaf7f46d316ad3857bb5e24f89e17a@prksq.com,165,0.75,2023-02-04,2023-02-05,Angel,male,1,United States,North America,high,high,0,NA,0,NA,NA
86bd7c40f17f1ded21388bd2582fe2c5@prksq.com,270,1,2023-02-04,2023-02-07,Angel,male,1,United States,North America,high,high,1,more info/clarification,1,2023-02-07,1
86ccbea3dcac4c45f42386380a588abd@prksq.com,63,0.92000002,2023-02-05,2023-02-07,Angel,male,1,United States,North America,low,low,0,NA,0,NA,NA
86ce95256f46fee42805db0f8ba4d7ea@prksq.com,15,0.82999998,2023-02-05,2023-02-07,Angel,male,1,United Kingdom,Europe and Central Asia,high,high,0,NA,0,NA,NA
86d1c09a0794d4e7d3c7c616585d9a45@prksq.com,124,0.33000001,2023-02-05,2023-02-07,Angel,male,1,United States,North America,high,low,0,NA,0,NA,NA
86d911291c45ce60f634853fce567686@prksq.com,221,0.67000002,2023-02-05,2023-02-08,Venture Capital,male,5,United States,North America,high,high,0,NA,0,NA,NA
87002ce051cf296776d041ac97a42838@prksq.com,115,1,2023-02-04,2023-02-05,Venture Capital,male,1,United States,North America,high,high,1,more info/clarification,1,2023-02-05,1
87039120d21838b101b703237ba446da@prksq.com,3,0.079999998,2023-02-05,2023-02-05,Angel,male,1,United States,North America,low,high,0,NA,0,NA,NA
8707582623200fd18d5d6e2d5cfe7b4d@prksq.com,48,0.079999998,2023-02-04,2023-02-05,Angel,male,1,United States,North America,low,low,0,NA,0,NA,NA
870c5cdf0f34eaed1748de26b5bd33c6@prksq.com,148,0.57999998,2023-02-05,2023-02-08,Angel,male,2,United States,North America,low,low,0,NA,0,NA,NA
8715f4dd533f9e0206eb08bc05690d2e@prksq.com,38,0.41999999,2023-02-05,2023-02-05,Angel,male,1,United States,North America,high,low,0,investment strategy,1,2023-02-05,0
87192e5cf14009531b6405cabbe246ed@prksq.com,62,0.079999998,2023-02-05,2023-02-05,Angel,male,1,United States,North America,high,low,0,NA,0,NA,NA
871b162da62e53060f8bd01f6e78cc03@prksq.com,247,0.41999999,2023-02-05,2023-02-06,Angel,female,1,United States,North America,high,low,0,no specific reason,1,2023-02-08,0
8722c48b4f77797b4cdd22fd816dd8a5@prksq.com,151,0.82999998,2023-02-04,2023-02-06,Angel,female,1,United States,North America,low,low,0,NA,0,NA,NA
8730e5215ddcb2ae39d4eb08406a4600@prksq.com,265,1,2023-02-05,2023-02-05,Angel,male,2,United States,North America,low,high,0,no investments,1,2023-02-07,0
8732732e915611196de8ffebe2f5be5b@prksq.com,29,0.5,2023-02-05,2023-02-05,Angel,male,1,United States,North America,high,high,0,NA,0,NA,NA
873bcd4cfc25057c968f68eceef681f9@prksq.com,69,0.5,2023-02-05,2023-02-07,Venture Capital,male,5,United States,North America,high,high,0,NA,0,NA,NA
875a061f38554788a1c2b1aeb352c297@prksq.com,24,0.079999998,2023-02-05,2023-02-05,Angel,male,1,United States,North America,high,high,0,NA,0,NA,NA
8769a43fe18863cd37651e10660b914d@prksq.com,266,0.82999998,2023-02-04,2023-02-04,Angel,male,2,United States,North America,high,high,0,NA,0,NA,NA
876cdbf6332dc022f9294229031be9cd@prksq.com,68,0.75,2023-02-04,2023-02-04,Angel,male,1,United States,North America,high,high,0,NA,0,NA,NA
87770c805d896a8b9bad9bfb95212087@prksq.com,110,0.82999998,2023-02-04,2023-02-04,Venture Capital,male,2,United Kingdom,Europe and Central Asia,high,low,0,NA,0,NA,NA
87a232acc6351dda48436fa1ba4d310a@prksq.com,21,0.079999998,2023-02-04,2023-02-04,Angel,male,1,China,East Asia and Pacific,low,high,0,NA,0,NA,NA
87eca0da06d75b4066a3ce9f67e5d223@prksq.com,102,0.82999998,2023-02-04,2023-02-05,Venture Capital,male,1,India,South Asia,low,high,0,NA,0,NA,NA
87eceb72e3d18bf1542a1bec761b235c@prksq.com,31,0.079999998,2023-02-05,2023-02-05,Venture Capital,male,1,United States,North America,low,high,0,NA,0,NA,NA
87f038f5305cf37f36ce1d4b73ace2ff@prksq.com,46,0.5,2023-02-05,2023-02-06,Angel,male,1,Canada,North America,high,low,0,NA,0,NA,NA
87f974d44029ee47b10733d90f28993b@prksq.com,239,0.67000002,2023-02-05,2023-02-06,Angel,female,1,United States,North America,low,high,0,NA,0,NA,NA
880f50ce2435924f1b1acecbd71d36a9@prksq.com,246,0.92000002,2023-02-04,2023-02-07,Venture Capital,male,33,United States,North America,high,low,0,NA,0,NA,NA
8810fc6a5db3b3bdff66ae34538d209a@prksq.com,427,0.82999998,2023-02-05,2023-02-07,Angel,male,1,United States,North America,high,high,1,more info/clarification,1,2023-02-10,1
882bfa28cfb89f3488b379bd2d3b52d1@prksq.com,108,0.67000002,2023-02-05,2023-02-08,Angel,male,1,United States,North America,low,low,0,NA,0,NA,NA
8834e31d3cb71116ddf4541947163992@prksq.com,298,0.33000001,2023-02-04,2023-02-04,Angel,male,1,United States,North America,low,high,1,meeting,1,2023-02-04,1
884efb5a02c3a2b474b93a6c5f50877e@prksq.com,62,1,2023-02-05,2023-02-06,Angel,male,2,France,Europe and Central Asia,high,low,0,NA,0,NA,NA
88628287208b59d075f5ce8c14529a7f@prksq.com,58,0.079999998,2023-02-04,2023-02-04,Angel,male,2,United States,North America,high,high,1,more info/clarification,1,2023-02-06,1
887b089400d0ad301af70d7eade7d0c2@prksq.com,38,1,2023-02-05,2023-02-08,Angel,male,2,United States,North America,low,high,0,NA,0,NA,NA
887b27e56e624b3cface62ce66b38cfa@prksq.com,235,0.57999998,2023-02-05,2023-02-05,Angel,male,2,United States,North America,high,low,0,NA,0,NA,NA
887e320b27e6a82f2d2e8a62d5b7b59b@prksq.com,230,0.82999998,2023-02-04,2023-02-06,Angel,male,1,United States,North America,high,high,0,NA,0,NA,NA
88880845572761934ab4dd72c9c65362@prksq.com,119,1,2023-02-05,2023-02-07,Angel,male,1,India,South Asia,high,high,0,NA,0,NA,NA
88ab1231e8bc7b9277a51c7dad8a873f@prksq.com,69,0.41999999,2023-02-05,2023-02-05,Angel,male,1,United Kingdom,Europe and Central Asia,low,low,0,NA,0,NA,NA
88bc4ea208b45555e0f2fbbcf7db0fed@prksq.com,24,0.079999998,2023-02-05,2023-02-05,Angel,male,1,United States,North America,low,low,0,no specific reason,1,2023-02-05,0
88c46ddf730b66b1340934d21cd5e508@prksq.com,40,0.92000002,2023-02-05,2023-02-07,Angel,male,1,United States,North America,high,high,0,NA,0,NA,NA
88d1494c2a629dfbd1f8f6c183995a51@prksq.com,265,0.5,2023-02-04,2023-02-04,Angel,male,1,United States,North America,low,high,0,NA,0,NA,NA
88df27960e9729ac0a30d4fe53de5814@prksq.com,288,0.75,2023-02-05,2023-02-06,Angel,male,1,United States,North America,low,high,0,NA,0,NA,NA
88dfa3302babaea74f955abdff60b284@prksq.com,22,0.67000002,2023-02-05,2023-02-05,Angel,male,1,United States,North America,low,high,0,NA,0,NA,NA
88ec1b5dacd293ae80e8b8262e6a88b8@prksq.com,50,1,2023-02-04,2023-02-06,Angel,male,1,United States,North America,low,low,0,NA,0,NA,NA
88fb7d69cdbc61cb90a52247f37e4495@prksq.com,14,0.079999998,2023-02-05,2023-02-07,Angel,male,1,United Kingdom,Europe and Central Asia,low,low,0,no specific reason,1,2023-02-07,0
8909621954837a192ae3b1d8b1f96bf5@prksq.com,149,1,2023-02-05,2023-02-06,Venture Capital,male,1,United States,North America,low,low,0,NA,0,NA,NA
890a16823f16947bb358787dce9f5667@prksq.com,58,0.079999998,2023-02-05,2023-02-05,Angel,male,1,United States,North America,low,low,0,NA,0,NA,NA
89226741ca37eeda1c0531014bc33bca@prksq.com,60,0.92000002,2023-02-02,2023-02-02,Angel,male,1,United States,North America,high,low,0,NA,0,NA,NA
89574fdf6a5724446937079d9837f1eb@prksq.com,67,0.67000002,2023-02-05,2023-02-06,Angel,male,1,India,South Asia,low,low,0,NA,0,NA,NA
8967bf38c89370a43f2797777ea98afc@prksq.com,29,0.079999998,2023-02-05,2023-02-05,Angel,female,2,United States,North America,low,low,0,no investments,1,2023-02-05,0
896dd9de8a6188aae05d5764b563a76c@prksq.com,51,1,2023-02-05,2023-02-07,Angel,male,1,United States,North America,high,low,0,NA,0,NA,NA
897285875725df3401f076baa4db7abb@prksq.com,51,0.5,2023-02-04,2023-02-05,Angel,male,1,Brazil,Latin America and Caribbean,high,low,0,NA,0,NA,NA
897ccd1983210896ad2365124d21334f@prksq.com,154,0.67000002,2023-02-05,2023-02-06,Angel,female,2,United States,North America,low,low,0,NA,0,NA,NA
897eddc0eba3c772c9242c3da6802b8a@prksq.com,238,0.82999998,2023-02-01,2023-02-07,Angel,male,1,United States,North America,high,low,0,geography,1,2023-02-07,0
8984c7112e41de0ce5a99f431dd25b66@prksq.com,245,0.67000002,2023-02-05,2023-02-06,Angel,male,1,United States,North America,high,low,0,industry,1,2023-02-07,0
898ff8f1cd6dd018de47658733370530@prksq.com,184,1,2023-02-04,2023-02-08,Angel,male,1,Singapore,East Asia and Pacific,high,high,1,more info/clarification,1,2023-02-08,1
89b2ee47e01ff97ff7be5378f88cbec5@prksq.com,153,0.92000002,2023-02-05,2023-02-06,Angel,male,2,United States,North America,high,low,0,NA,0,NA,NA
89b81a5813d4a5d216ce018bdf6e9df0@prksq.com,79,0.82999998,2023-02-04,2023-02-05,Angel,male,1,United States,North America,high,low,0,NA,0,NA,NA
89d7321f0d1d62f261adc7adceef73b4@prksq.com,44,0.57999998,2023-02-04,2023-02-05,Venture Capital,male,5,United States,North America,low,low,0,NA,0,NA,NA
89e7110bb0fb29efb95b4baa5b183f8b@prksq.com,3,0.079999998,2023-02-05,2023-02-05,Angel,male,1,Canada,North America,high,high,0,NA,0,NA,NA
89eb368f3ed511df6eea52bf8a9078c1@prksq.com,401,0.92000002,2023-02-05,2023-02-05,Angel,male,2,India,South Asia,low,high,0,NA,0,NA,NA
89edf3873e677418517a48c15b15f14f@prksq.com,138,0.41999999,2023-02-04,2023-02-04,Venture Capital,male,2,Israel,Middle East and North Africa,high,low,0,NA,0,NA,NA
89fc1aa3dc3fbf143be47417683ad784@prksq.com,110,0.41999999,2023-02-04,2023-02-06,Angel,male,2,United States,North America,low,low,0,NA,0,NA,NA
8a1d4c6f963bd9987ee741918255af07@prksq.com,16,0.33000001,2023-02-05,2023-02-05,Venture Capital,male,1,United States,North America,high,high,0,NA,0,NA,NA
8a222449176a3c6b51d54ce03205a004@prksq.com,104,1,2023-02-05,2023-02-05,Angel,male,1,United States,North America,high,low,0,NA,0,NA,NA
8a32281bb145d97da96ca44a41b1c913@prksq.com,74,0.25,2023-02-04,2023-02-05,Angel,male,1,India,South Asia,high,low,0,no investments,1,2023-02-06,0
8a32b5861bcabc18c7fd8c1fbd7652e9@prksq.com,10,0.079999998,2023-02-05,2023-02-05,Angel,male,1,United States,North America,low,low,0,NA,0,NA,NA
8a36f1745a86d6ef153ea9e6389f9bd4@prksq.com,331,0.57999998,2023-02-05,2023-02-07,Angel,male,1,United States,North America,low,low,0,industry,1,2023-02-09,0
8a409b9e2f4570b67386d7d9e282f356@prksq.com,112,0.92000002,2023-02-04,2023-02-08,Venture Capital,male,1,India,South Asia,low,low,0,NA,0,NA,NA
8a618ddc577a3df2a66935a2895764d2@prksq.com,313,1,2023-02-03,2023-02-03,Angel,male,1,United States,North America,high,high,0,NA,0,NA,NA
8a65ff8b48aaa0d2d99ea1238b9a98ae@prksq.com,268,0.67000002,2023-02-05,2023-02-06,Angel,male,1,United States,North America,low,high,0,NA,0,NA,NA
8a6844802b11811bbe220b1fd07bba9e@prksq.com,41,0.41999999,2023-02-05,2023-02-06,Angel,male,1,United States,North America,low,high,0,no specific reason,1,2023-02-09,0
8a6cda9ebc71563c18476a2c88fd95aa@prksq.com,221,1,2023-02-05,2023-02-05,Venture Capital,male,1,United States,North America,high,low,0,NA,0,NA,NA
8a70ddf1cb391698f31324c6ec81f8bc@prksq.com,108,0.57999998,2023-02-05,2023-02-07,Angel,male,1,United States,North America,high,high,0,NA,0,NA,NA
8a849c0363d6f191d6057ef060192523@prksq.com,29,0.079999998,2023-02-05,2023-02-05,Angel,male,1,United States,North America,high,high,1,more info/clarification,1,2023-02-05,1
8a95f5609c12792017a99d0080ca2b1a@prksq.com,189,0.33000001,2023-02-04,2023-02-07,Angel,male,1,United States,North America,low,high,0,NA,0,NA,NA
8ab4aa6deffe71762428c909c27530b5@prksq.com,428,1,2023-02-04,2023-02-04,Angel,male,1,United Kingdom,Europe and Central Asia,low,high,0,NA,0,NA,NA
8ab951f79666a817afb08e320115aefc@prksq.com,69,0.57999998,2023-02-05,2023-02-10,Angel,male,1,United Kingdom,Europe and Central Asia,high,low,0,NA,0,NA,NA
8ad8bb08c60201b511d0ea81ac17015c@prksq.com,95,1,2023-02-04,2023-02-04,Angel,male,2,United States,North America,high,low,0,NA,0,NA,NA
8ae21acfbdf4817b83e7685f3cabab68@prksq.com,198,0.33000001,2023-02-05,2023-02-06,Angel,male,1,United States,North America,high,low,0,NA,0,NA,NA
8b1188160111d1873f263c11abe2e806@prksq.com,21,0.75,2023-02-05,2023-02-06,Angel,male,1,United States,North America,low,low,0,NA,0,NA,NA
8b17120ced1778074a3fb02642fa10c6@prksq.com,23,0.25,2023-02-05,2023-02-05,Angel,male,1,United States,North America,low,low,0,NA,0,NA,NA
8b19c90ce1f92ace9c5087b85e8a5f6a@prksq.com,31,0.079999998,2023-02-05,2023-02-05,Venture Capital,male,5,United States,North America,low,high,0,NA,0,NA,NA
8b30a2e4249b286e7862eb42d647ad96@prksq.com,348,0.57999998,2023-02-05,2023-02-06,Angel,male,1,United States,North America,low,high,0,NA,0,NA,NA
8b4dc3a0fc52900a993536b0797d40cc@prksq.com,74,0.25,2023-02-05,2023-02-08,Angel,male,2,Singapore,East Asia and Pacific,high,low,0,NA,0,NA,NA
8b5b7f8822d765484dcb860c93767f26@prksq.com,242,0.75,2023-02-05,2023-02-08,Angel,male,1,United States,North America,high,low,0,no investments,1,2023-02-12,0
8b5e782a89054730215789087ee7a0cd@prksq.com,94,1,2023-02-05,2023-02-16,Angel,male,1,France,Europe and Central Asia,high,low,0,no specific reason,1,2023-02-16,0
8b6585b1eaaada801cc1c9bb7963f1fb@prksq.com,356,0.41999999,2023-02-05,2023-02-06,Angel,male,2,United States,North America,high,high,0,NA,0,NA,NA
8b7422d66e16a717a7cba3c8139c1bb9@prksq.com,109,1,2023-02-05,2023-02-07,Angel,male,1,United States,North America,high,low,0,industry,1,2023-02-07,0
8b74cd9506777f6083f53a207210efd4@prksq.com,8,1,2023-02-05,2023-02-08,Angel,male,1,United Kingdom,Europe and Central Asia,high,low,0,NA,0,NA,NA
8b9089fe9fc983f7f17e8a543ae55d27@prksq.com,179,0.5,2023-02-05,2023-02-07,Venture Capital,male,2,India,South Asia,high,low,0,NA,0,NA,NA
8b97c67ec38ef2e1d2bad73b6f96a067@prksq.com,117,0.75,2023-02-05,2023-02-05,Venture Capital,female,5,United States,North America,low,low,0,NA,0,NA,NA
8bc1dd08832584833077885427c47d19@prksq.com,49,0.75,2023-02-05,2023-02-06,Angel,male,1,Germany,Europe and Central Asia,low,low,0,NA,0,NA,NA
8bca20ef877741ae4037fa5b256b9a40@prksq.com,342,0.67000002,2023-02-05,2023-02-06,Angel,male,1,United States,North America,high,high,1,more info/clarification,1,2023-02-06,1
8bced7cf26ee9f2acdfe9893a65395e7@prksq.com,204,1,2023-02-05,2023-02-05,Venture Capital,male,4,United States,North America,low,high,0,industry,1,2023-02-05,0
8bd0d05e0cb3892c1cbbed16a7452446@prksq.com,120,0.33000001,2023-02-05,2023-02-05,Venture Capital,male,1,United States,North America,low,high,0,NA,0,NA,NA
8bd2ab1db84221b596383c005db84e80@prksq.com,451,1,2023-02-05,2023-02-06,Angel,female,2,United States,North America,high,low,0,no specific reason,1,2023-02-09,0
8bd3e07c1bac1ce03ceda37a13bf350f@prksq.com,37,0.41999999,2023-02-05,2023-02-08,Angel,male,1,United States,North America,low,low,0,no investments,1,2023-02-10,0
8bead28b3805ad84f5246b978d64cc8a@prksq.com,29,0.079999998,2023-02-05,2023-02-05,Angel,male,2,United States,North America,low,low,0,stage,1,2023-02-05,0
8befacd4f5857560985aaba06912c9cb@prksq.com,31,0.079999998,2023-02-05,2023-02-05,Angel,male,1,United States,North America,low,high,0,NA,0,NA,NA
8bfb2cf3042e795f92f3f03ea072ee88@prksq.com,201,0.92000002,2023-02-03,2023-02-03,Angel,male,1,United States,North America,high,high,0,NA,0,NA,NA
8bff742990eca5c6b1dbc74f2de1f986@prksq.com,279,1,2023-02-05,2023-02-06,Angel,male,1,United States,North America,high,high,1,more info/clarification,1,2023-02-07,1
8c02d5a90a1cdffcc954cdefa7795ba4@prksq.com,55,0.67000002,2023-02-05,2023-02-05,Venture Capital,male,2,United States,North America,low,low,0,NA,0,NA,NA
8c1247f14835cdc79b88f3278a37fb0a@prksq.com,128,0.82999998,2023-02-05,2023-02-06,Venture Capital,male,7,Canada,North America,low,low,0,NA,0,NA,NA
8c1da1700ad3195444fc3e682936e82d@prksq.com,21,0.5,2023-02-05,2023-02-07,Angel,male,1,United States,North America,low,low,0,NA,0,NA,NA
8c204323ae4c3171fdfa1709737cc23b@prksq.com,242,1,2023-02-05,2023-02-07,Angel,male,1,United States,North America,high,high,0,NA,0,NA,NA
8c34d59a40ff629eb48131638b00259d@prksq.com,29,0.079999998,2023-02-05,2023-02-05,Venture Capital,male,1,United States,North America,low,low,0,NA,0,NA,NA
8c5738783de719b6aa2973edd78971f9@prksq.com,48,0.75,2023-02-05,2023-02-10,Angel,male,1,United States,North America,low,high,0,NA,0,NA,NA
8c6dc8e86e3b87833db95f7762e5d7b8@prksq.com,80,1,2023-02-05,2023-02-08,Angel,male,1,United States,North America,low,high,0,NA,0,NA,NA
8c6e8bfee7e7353aa6495413148b4cf6@prksq.com,8,0.67000002,2023-02-05,2023-02-05,Angel,male,1,United States,North America,high,low,0,NA,0,NA,NA
8c799e48ba2de7606e8839bf998dbeb3@prksq.com,28,0.92000002,2023-02-05,2023-02-09,Angel,male,1,United Kingdom,Europe and Central Asia,low,high,0,NA,0,NA,NA
8c7ade2524bb90cc2a19a6fbfcda81cb@prksq.com,192,1,2023-02-05,2023-02-05,Angel,male,1,France,Europe and Central Asia,low,high,0,NA,0,NA,NA
8c7f7c62a130950823d111ec8fdba4b4@prksq.com,77,0.079999998,2023-02-05,2023-02-05,Angel,male,1,United States,North America,high,low,0,NA,0,NA,NA
8c873633d8f9350dfc3642d7e46b4f9c@prksq.com,15,1,2023-02-05,2023-02-06,Angel,male,1,Canada,North America,low,low,0,NA,0,NA,NA
8c87c84070191ed6f80d9cb5b784e5d0@prksq.com,50,0.75,2023-02-05,2023-02-05,Venture Capital,male,4,United States,North America,high,low,0,NA,0,NA,NA
8cb8f802fac475451b13cd93adb463f4@prksq.com,129,0.75,2023-02-05,2023-02-06,Angel,male,1,United States,North America,high,low,0,NA,0,NA,NA
8ccea1992929fad32e3b109784d87a24@prksq.com,47,0.5,2023-02-05,2023-02-05,Angel,male,1,United States,North America,low,low,0,NA,0,NA,NA
8cde241293fe96601428d866ebe38c8a@prksq.com,36,0.82999998,2023-02-05,2023-02-07,Venture Capital,male,5,United Kingdom,Europe and Central Asia,low,high,0,stage,1,2023-02-08,0
8ce28d48c90ad53f7cc2af11d0dfa350@prksq.com,140,1,2023-02-05,2023-02-08,Angel,male,1,United States,North America,high,high,1,more info/clarification,1,2023-02-08,1
8ce8ab2bd461fbc6cb29c7a6a78d47a6@prksq.com,113,0.92000002,2023-02-04,2023-02-04,Angel,male,1,United Kingdom,Europe and Central Asia,high,high,1,more info/clarification,1,2023-02-04,1
8cebffb08b97acdefd0fe9476064c80d@prksq.com,31,0.079999998,2023-02-05,2023-02-05,Angel,male,1,United States,North America,low,high,0,NA,0,NA,NA
8ced592000e8bd098e6d406604b2e8dc@prksq.com,31,0.079999998,2023-02-05,2023-02-05,Venture Capital,male,1,United States,North America,low,high,0,NA,0,NA,NA
8cf350ad64e93dabfddf089cab22626a@prksq.com,99,0.75,2023-02-05,2023-02-06,Angel,female,1,United States,North America,low,high,0,NA,0,NA,NA
8cf5b71c861d0840ba3fab45d2f3a65c@prksq.com,17,0.92000002,2023-02-05,2023-02-08,Angel,male,1,India,South Asia,high,low,0,NA,0,NA,NA
8d077bbe602e19e7c6c706c2aad5da8c@prksq.com,34,0.5,2023-02-05,2023-02-08,Venture Capital,male,4,United States,North America,low,high,0,NA,0,NA,NA
8d0ff242c6aaa2897ac65737b9e6fb23@prksq.com,198,0.92000002,2023-02-05,2023-02-08,Angel,male,1,Canada,North America,low,high,0,NA,0,NA,NA
8d1508d01cfdeb299db387fbd5c92a0d@prksq.com,24,0.079999998,2023-02-05,2023-02-05,Angel,male,1,United States,North America,high,high,0,NA,0,NA,NA
8d157197011f79c4f7fa1d7e939c6b05@prksq.com,285,1,2023-02-05,2023-02-05,Angel,male,1,United States,North America,low,high,0,investment strategy,1,2023-02-06,0
8d1b2799fadcf800cf1f7d852ea2452f@prksq.com,112,1,2023-02-05,2023-02-05,Angel,male,1,Brazil,Latin America and Caribbean,low,low,0,NA,0,NA,NA
8d2caa172e13e0cc49553f493b1ec4aa@prksq.com,195,0.33000001,2023-02-05,2023-02-08,Angel,female,1,United States,North America,high,high,0,NA,0,NA,NA
8d4830b33fb4f06e5f586ffcfe0e0c61@prksq.com,209,0.75,2023-02-05,2023-02-05,Angel,male,1,United States,North America,high,low,0,NA,0,NA,NA
8d5960f6947366a2bbb8c23b6fc0cb7c@prksq.com,141,1,2023-02-05,2023-02-06,Angel,male,2,India,South Asia,high,high,0,NA,0,NA,NA
8d5f4aca6391105ba2bc4b7223a993af@prksq.com,62,0.079999998,2023-02-05,2023-02-05,Angel,male,1,United States,North America,high,low,0,NA,0,NA,NA
8d63f4f49cb9e310bb9558c34fc4636f@prksq.com,14,0.92000002,2023-02-05,2023-02-10,Angel,female,2,United States,North America,low,low,0,NA,0,NA,NA
8d7c7c1d74461154e38303785ad598ae@prksq.com,133,0.5,2023-02-05,2023-02-08,Venture Capital,male,4,United States,North America,low,high,0,NA,0,NA,NA
8d831e2cc6a5d6c27a001d5c57173baf@prksq.com,205,0.67000002,2023-02-02,2023-02-02,Angel,male,2,United States,North America,high,high,0,NA,0,NA,NA
8d8af2ad9c0c2e2a561bfadbb164b6fe@prksq.com,30,0.25,2023-02-05,2023-02-07,Angel,male,1,United States,North America,high,low,0,NA,0,NA,NA
8d8d06f49084a3dc1278f1a0cce80255@prksq.com,197,0.41999999,2023-02-05,2023-02-07,Angel,male,2,United States,North America,low,low,0,NA,0,NA,NA
8da06daa4ce279459863933488c2c202@prksq.com,217,0.92000002,2023-02-05,2023-02-05,Venture Capital,male,4,Israel,Middle East and North Africa,low,high,0,NA,0,NA,NA
8da9a0690c9e3bba28fd35da3a8a8157@prksq.com,239,0.82999998,2023-02-05,2023-02-08,Angel,male,1,France,Europe and Central Asia,high,low,0,NA,0,NA,NA
8dc85a27443064597095cc8fd91b5f5e@prksq.com,130,1,2023-02-05,2023-02-06,Angel,male,1,United States,North America,high,high,0,NA,0,NA,NA
8dcb0bddfcbaa5ae3c76e516ab2e64f7@prksq.com,74,0.75,2023-02-05,2023-02-05,Angel,male,1,United States,North America,high,high,0,NA,0,NA,NA
8de2f3a395b99cb2a074e4e77a031c7e@prksq.com,301,1,2023-02-05,2023-02-05,Angel,male,1,United States,North America,high,high,0,NA,0,NA,NA
8de3984aae4ea93605b37f72eaca858a@prksq.com,38,0.67000002,2023-02-01,2023-02-01,Venture Capital,female,3,United States,North America,low,low,0,NA,0,NA,NA
8de956186348925052ea2f81c7e6ca24@prksq.com,72,1,2023-02-05,2023-02-08,Angel,male,2,United States,North America,high,high,0,NA,0,NA,NA
8df61aa77e41531f26870f6ecfc0b1f7@prksq.com,4,0.92000002,2023-02-05,2023-02-05,Angel,male,1,United States,North America,low,low,0,NA,0,NA,NA
8e059fb32bce8b5d5af5f1bcf7e892fa@prksq.com,64,0.82999998,2023-02-05,2023-02-06,Angel,male,1,United States,North America,low,low,0,NA,0,NA,NA
8e0d8a024fc88bab254e25204d7efbca@prksq.com,29,0.079999998,2023-02-05,2023-02-05,Angel,male,2,United States,North America,high,high,0,NA,0,NA,NA
8e10c06c0a7aeb1e6ed70e06b8d65085@prksq.com,41,0.25,2023-02-05,2023-02-07,Angel,male,1,United States,North America,low,high,0,NA,0,NA,NA
8e16dc9bd6d654bbcfec86350e96e441@prksq.com,152,1,2023-02-05,2023-02-05,Angel,male,2,Germany,Europe and Central Asia,low,low,0,NA,0,NA,NA
8e282836983ca61c0b5ad67270dbd640@prksq.com,350,1,2023-02-05,2023-02-08,Angel,male,1,Canada,North America,high,high,1,more info/clarification,1,2023-02-08,1
8e2cfce3f55fc7b45bfc8f64a1b21d8c@prksq.com,29,0.079999998,2023-02-05,2023-02-05,Venture Capital,male,3,United Kingdom,Europe and Central Asia,low,low,0,NA,0,NA,NA
8e3c7578ed2343a422e55cdb4742dfcd@prksq.com,378,1,2023-02-05,2023-02-08,Angel,male,2,India,South Asia,high,high,0,NA,0,NA,NA
8e3e6174f342a83d84373668d3eedd20@prksq.com,490,0.75,2023-02-05,2023-02-05,Angel,male,2,United Kingdom,Europe and Central Asia,high,high,0,NA,0,NA,NA
8e46736086e79a288174e3a1f6eb7509@prksq.com,261,0.82999998,2023-02-05,2023-02-06,Angel,female,1,United States,North America,high,low,0,NA,0,NA,NA
8e5d0a1da20c838fd22d0d49de539181@prksq.com,59,0.5,2023-02-05,2023-02-07,Angel,male,1,United States,North America,low,low,0,NA,0,NA,NA
8e64eb97534e367f1617fca6449b01ba@prksq.com,47,0.33000001,2023-02-05,2023-02-05,Angel,male,2,United States,North America,high,low,0,NA,0,NA,NA
8e68d2389a74c0ded94f0c9591636afa@prksq.com,91,1,2023-02-05,2023-02-08,Venture Capital,male,5,United States,North America,low,high,0,NA,0,NA,NA
8e76cfb46227b153a2aee5608831bc41@prksq.com,144,0.82999998,2023-01-29,2023-02-08,Angel,male,1,United States,North America,high,low,0,NA,0,NA,NA
8e771d64954f8d6adb3f4a9eb2573872@prksq.com,39,0.25,2023-02-05,2023-02-05,Venture Capital,female,2,United States,North America,high,low,0,NA,0,NA,NA
8ed6a6f8d0a8ed14ff0f35f177815bd6@prksq.com,88,0.5,2023-02-05,2023-02-07,Angel,male,1,United States,North America,low,high,0,NA,0,NA,NA
8efe16dce96505aef0160e66d791bda6@prksq.com,59,0.57999998,2023-02-05,2023-02-05,Angel,female,1,Singapore,East Asia and Pacific,low,high,0,NA,0,NA,NA
8f00fb5f08f6ce5e3c28a4643aa0d117@prksq.com,107,1,2023-02-05,2023-02-08,Angel,male,1,United States,North America,high,high,1,more info/clarification,1,2023-02-08,1
8f08a4ca604a4ece3bfd177bbc8115bf@prksq.com,58,0.079999998,2023-02-05,2023-02-05,Angel,male,2,United States,North America,high,high,0,NA,0,NA,NA
8f15c139c559a5efdd34460a241575a0@prksq.com,66,0.82999998,2023-01-29,2023-01-29,Angel,male,1,United States,North America,low,low,0,NA,0,NA,NA
8f1ceda0a5f42a569aac1f91a31c9500@prksq.com,119,1,2023-02-05,2023-02-05,Venture Capital,male,3,United States,North America,low,high,0,NA,0,NA,NA
8f274dcbf29b4b1d8cfb286f306c1c6e@prksq.com,12,0.41999999,2023-02-05,2023-02-06,Venture Capital,male,5,United Kingdom,Europe and Central Asia,low,high,0,NA,0,NA,NA
8f2be69d34ba45c80d8e96c5da3cf654@prksq.com,8,0.67000002,2023-02-05,2023-02-07,Venture Capital,male,2,United States,North America,high,low,0,NA,0,NA,NA
8f37ff6b28d65842959f1ab2ae8d11d7@prksq.com,137,0.67000002,2023-02-05,2023-02-05,Angel,male,1,United States,North America,low,low,0,NA,0,NA,NA
8f3d1a2a9f61c0d82e8e4d0c8148d2c8@prksq.com,297,0.92000002,2023-01-29,2023-01-29,Venture Capital,male,2,United States,North America,high,low,0,industry,1,2023-02-06,0
8f4e9e3c8599a9e03f305428cac3ccc6@prksq.com,39,1,2023-02-05,2023-02-07,Angel,female,1,United States,North America,low,high,0,NA,0,NA,NA
8f51301565f89ce679323232805254c2@prksq.com,107,0.92000002,2023-02-05,2023-02-05,Angel,male,2,United States,North America,high,low,0,NA,0,NA,NA
8f85eb362be4a0592feebe821bfa3ea4@prksq.com,103,0.57999998,2023-02-05,2023-02-07,Angel,male,1,United States,North America,high,low,0,NA,0,NA,NA
8fb07e3e0a50513ea3d8128fdab1dd07@prksq.com,97,0.41999999,2023-02-05,2023-02-07,Angel,female,2,United States,North America,low,high,0,NA,0,NA,NA
8fe59b014aa8d5df521933f4e3729579@prksq.com,27,0.41999999,2023-02-05,2023-02-08,Angel,female,1,United States,North America,high,low,0,NA,0,NA,NA
8fe5feaf9c49d6403e8a24c4cc0b6fa0@prksq.com,45,0.33000001,2023-02-05,2023-02-05,Venture Capital,male,5,Singapore,East Asia and Pacific,low,low,0,NA,0,NA,NA
8fee9606e299ea051bcd6fb3d900bf08@prksq.com,47,1,2023-02-05,2023-02-07,Angel,male,1,Israel,Middle East and North Africa,low,high,0,NA,0,NA,NA
9010d5e54dd7d830ff3baeb86759886e@prksq.com,29,0.079999998,2023-02-05,2023-02-05,Angel,male,1,United States,North America,low,low,0,NA,0,NA,NA
9010e4458f7772ad9c8474173c974798@prksq.com,4,0.75,2023-02-05,2023-02-05,Angel,male,1,United States,North America,low,high,0,NA,0,NA,NA
90300f2e07afd68fbf1f796ab288afe2@prksq.com,5,0.75,2023-02-06,2023-02-08,Angel,male,1,United States,North America,low,high,0,NA,0,NA,NA
90378e2df32b429d79030da98209b8c6@prksq.com,66,0.75,2023-02-06,2023-02-07,Angel,male,1,United States,North America,high,low,0,no specific reason,1,2023-02-10,0
9053e1125aa178e49165e173bddf7ab9@prksq.com,89,0.57999998,2023-02-01,2023-02-01,Angel,male,1,United States,North America,high,low,0,NA,0,NA,NA
906ab2be819cc65418794c191df9ab04@prksq.com,198,1,2023-02-06,2023-02-07,Angel,male,2,United Kingdom,Europe and Central Asia,low,low,0,NA,0,NA,NA
907b304153fc53842efa583e2612cd9e@prksq.com,44,1,2023-02-06,2023-02-06,Angel,male,1,United States,North America,high,high,0,NA,0,NA,NA
90815abd8a3a59a15ab8f401832f454b@prksq.com,282,0.75,2023-02-06,2023-02-06,Angel,male,1,India,South Asia,low,high,0,NA,0,NA,NA
9081afd033af89ebea8643b54f9fa9c8@prksq.com,29,0.079999998,2023-02-06,2023-02-06,Angel,male,2,United States,North America,high,low,0,NA,0,NA,NA
9083fa743ad88145998bfdc9c7cca54a@prksq.com,71,0.5,2023-02-06,2023-02-08,Venture Capital,male,3,United States,North America,low,low,0,NA,0,NA,NA
9084110731324cb291c0c1f55526d86a@prksq.com,151,0.75,2023-02-06,2023-02-07,Angel,male,1,United States,North America,low,low,0,NA,0,NA,NA
90906e40ba82883e34a64836e8fd544b@prksq.com,32,0.75,2023-02-06,2023-02-09,Angel,male,1,United States,North America,high,low,0,NA,0,NA,NA
909d581edfa284fc82bcddc0ebd815b7@prksq.com,73,0.25,2023-02-06,2023-02-08,Angel,male,2,India,South Asia,low,high,0,NA,0,NA,NA
90acb2b15b195fe35c396bb85c00c6d7@prksq.com,69,0.33000001,2023-02-06,2023-02-06,Angel,male,1,India,South Asia,high,low,0,no specific reason,1,2023-02-06,0
90b90f62bb03d85be59bbaa70f6201a0@prksq.com,311,0.33000001,2023-02-06,2023-02-08,Angel,male,1,United States,North America,high,high,0,NA,0,NA,NA
90bb904208845862bdcc4667edbe54eb@prksq.com,3,0.82999998,2023-02-06,2023-02-08,Venture Capital,male,2,India,South Asia,low,high,0,NA,0,NA,NA
90e84bbcbda5e26d242aa799178c95bf@prksq.com,37,0.75,2023-02-06,2023-02-08,Angel,male,1,United Kingdom,Europe and Central Asia,low,high,0,NA,0,NA,NA
90e933050db84af34cca6bcd64208e28@prksq.com,41,0.75,2023-02-06,2023-02-09,Angel,female,1,Canada,North America,high,high,0,NA,0,NA,NA
90ed69a2f977d200cefdba2bfe47fef4@prksq.com,133,0.92000002,2023-02-02,2023-02-02,Angel,female,1,Germany,Europe and Central Asia,high,high,0,NA,0,NA,NA
911414428213964f7d62bdf0cfdbd84e@prksq.com,94,0.41999999,2023-02-06,2023-02-07,Venture Capital,male,3,United States,North America,low,low,0,NA,0,NA,NA
9114ef77bbf28ccce8570ccf5f71fcb7@prksq.com,39,0.92000002,2023-02-05,2023-02-05,Venture Capital,male,1,United States,North America,high,low,0,NA,0,NA,NA
912a353c2cbeba65725a95005eeccec2@prksq.com,357,1,2023-02-06,2023-02-08,Angel,male,1,United States,North America,high,high,0,NA,0,NA,NA
9130ac26c6287602f40aaf77a5f2997a@prksq.com,43,0.33000001,2023-02-06,2023-02-07,Angel,male,1,United Kingdom,Europe and Central Asia,high,high,0,NA,0,NA,NA
9133695a8b85f2758edde96afae0e12f@prksq.com,222,0.75,2023-02-06,2023-02-09,Venture Capital,male,3,United States,North America,high,high,0,NA,0,NA,NA
91516a49b8b819192eb594ec80c45556@prksq.com,24,0.079999998,2023-02-05,2023-02-05,Angel,male,1,Canada,North America,high,high,0,NA,0,NA,NA
91665ee87e13787fd67e0291df90efbb@prksq.com,341,0.25,2023-02-06,2023-02-07,Angel,male,1,United States,North America,high,low,0,NA,0,NA,NA
9166ace2f138c6ba3f413cac0532ea2e@prksq.com,233,0.92000002,2023-02-06,2023-02-06,Venture Capital,male,4,United States,North America,high,low,0,other,1,2023-02-07,0
916eca69743f0e208fb0d8ca1ae4d931@prksq.com,32,1,2023-02-06,2023-02-08,Angel,male,1,United States,North America,high,high,0,NA,0,NA,NA
916f60fd9cfc2a2466c92d05caa69adf@prksq.com,40,0.82999998,2023-02-06,2023-02-06,Angel,male,1,United States,North America,low,high,0,investment strategy,1,2023-02-06,0
9173bc7ea3b057c0b84c0dd20620b340@prksq.com,265,0.82999998,2023-02-06,2023-02-09,Angel,male,1,United States,North America,low,high,1,more info/clarification,1,2023-02-09,1
9188c43e53f7d73c3c0885af355448ae@prksq.com,250,1,2023-02-06,2023-02-07,Angel,male,1,United Kingdom,Europe and Central Asia,high,high,0,NA,0,NA,NA
918cf8665d37a100b153637e099a1229@prksq.com,207,0.82999998,2023-02-06,2023-02-09,Venture Capital,male,50,United States,North America,high,low,0,NA,0,NA,NA
91967043a7c9a7a63ea1bb79cbdd05a6@prksq.com,319,0.41999999,2023-02-05,2023-02-06,Angel,male,1,United States,North America,high,high,1,more info/clarification,1,2023-02-06,1
91ac293c8eecec28a8f88680813c92e8@prksq.com,376,0.82999998,2023-02-02,2023-02-02,Angel,male,1,United States,North America,low,high,0,NA,0,NA,NA
91d24c1c6e38b53de26a5cf7b65b7a3b@prksq.com,69,0.5,2023-02-06,2023-02-07,Venture Capital,male,1,United States,North America,high,low,0,NA,0,NA,NA
91e44c7a674db71756e88e0c8a3622f4@prksq.com,294,0.41999999,2023-02-06,2023-02-08,Angel,male,1,United States,North America,high,high,0,NA,0,NA,NA
91ec83b206419423a334b5f1fcd09344@prksq.com,26,0.33000001,2023-02-06,2023-02-09,Angel,male,2,United States,North America,high,high,0,NA,0,NA,NA
92041fc4d861ab363251591edeabc5b8@prksq.com,3,1,2023-02-06,2023-02-06,Angel,male,1,United States,North America,high,high,0,NA,0,NA,NA
920915290bd81a6155ca621e54c811ed@prksq.com,219,0.5,2023-02-06,2023-02-08,Angel,male,1,United States,North America,low,low,0,NA,0,NA,NA
921a83b60abf93a70967fec06fc3b368@prksq.com,193,0.33000001,2023-01-29,2023-02-08,Angel,male,1,United States,North America,low,high,0,NA,0,NA,NA
92526dc8d30077fb43843aadb161c126@prksq.com,7,0.67000002,2023-02-06,2023-02-09,Angel,male,1,United States,North America,high,high,0,NA,0,NA,NA
926364b573830bdf084115383e86600c@prksq.com,109,0.33000001,2023-02-06,2023-02-10,Angel,male,2,United Kingdom,Europe and Central Asia,low,low,0,NA,0,NA,NA
92714c0f919148aa727169abe857d5af@prksq.com,10,0.82999998,2023-02-06,2023-02-08,Angel,male,1,United States,North America,high,low,0,NA,0,NA,NA
92724653f1cd753d8afb2dc0bf5b934b@prksq.com,74,0.82999998,2023-02-06,2023-02-07,Venture Capital,male,5,United States,North America,low,high,0,NA,0,NA,NA
9291d6b65371df4d4af895b4eb1e3ee9@prksq.com,81,0.75,2023-02-04,2023-02-04,Angel,male,1,United States,North America,high,high,0,NA,0,NA,NA
9296ccddfead7a918364b3fc4fa588cd@prksq.com,208,0.17,2023-01-30,2023-02-09,Angel,male,1,United States,North America,low,high,0,NA,0,NA,NA
929e1f523d2a3ea3a2ce0f93e3574535@prksq.com,68,1,2023-02-06,2023-02-06,Angel,male,1,United States,North America,low,high,0,NA,0,NA,NA
92b026b3ede4d6ee2c158729423923f0@prksq.com,67,0.25,2023-02-06,2023-02-06,Angel,female,1,United States,North America,low,low,0,NA,0,NA,NA
92cb9edb5b862acf7e8caef3ccfc238e@prksq.com,24,0.079999998,2023-02-06,2023-02-06,Angel,male,1,United States,North America,high,low,0,NA,0,NA,NA
92d224cbff4d50c463e257bb47714add@prksq.com,653,1,2023-02-06,2023-02-08,Venture Capital,male,2,United States,North America,high,high,0,NA,0,NA,NA
92f733345f28c51200b600ea938891d2@prksq.com,99,0.25,2023-02-06,2023-02-08,Venture Capital,male,4,Israel,Middle East and North Africa,low,high,0,NA,0,NA,NA
931162be129f1d93d321ee024f8ac53b@prksq.com,54,0.33000001,2023-02-06,2023-02-09,Angel,male,1,United States,North America,low,high,0,NA,0,NA,NA
931f1c4f083bb1fb7c58ed1eb0a235fd@prksq.com,34,0.57999998,2023-02-05,2023-02-05,Venture Capital,male,3,Singapore,East Asia and Pacific,high,low,0,NA,0,NA,NA
93252a4b1b808c7a3ddf0aa89fef21cd@prksq.com,167,0.079999998,2023-02-06,2023-02-06,Angel,male,1,United States,North America,low,high,0,NA,0,NA,NA
9345ed18f0d735d315644f2ed838aa36@prksq.com,267,0.92000002,2023-02-06,2023-02-06,Angel,male,1,United States,North America,low,high,0,NA,0,NA,NA
9352b064954a5aaad38a28538155b0e9@prksq.com,191,1,2023-02-06,2023-02-08,Venture Capital,male,3,India,South Asia,high,low,0,NA,0,NA,NA
93661d2c5b79b581b0edd85c5caf6341@prksq.com,212,0.57999998,2023-02-06,2023-02-09,Venture Capital,male,6,United States,North America,high,low,0,NA,0,NA,NA
936fdd97be4a45685db77c6b2f3440b3@prksq.com,333,0.25,2023-02-05,2023-02-05,Angel,male,1,India,South Asia,low,high,0,NA,0,NA,NA
93861bb8bfe5bc5b567c50168ab93a72@prksq.com,142,0.82999998,2023-02-06,2023-02-09,Angel,male,2,United States,North America,low,high,0,NA,0,NA,NA
9386514a3036d3507701f39e88299573@prksq.com,14,0.33000001,2023-02-06,2023-02-09,Venture Capital,male,2,United States,North America,low,high,0,stage,1,2023-02-09,0
939866c612946464d68a7ed07ab361f2@prksq.com,318,0.92000002,2023-02-06,2023-02-08,Angel,male,1,United States,North America,high,high,0,NA,0,NA,NA
93a6f3fb1a8008c1818d7bbbf0021695@prksq.com,176,0.75,2023-02-06,2023-02-06,Angel,male,1,United States,North America,high,low,0,NA,0,NA,NA
93c98fa03e98f41ec059b7c151bed10a@prksq.com,100,0.75,2023-02-06,2023-02-10,Angel,male,2,United States,North America,low,low,0,NA,0,NA,NA
93cc46d2a9df2376c1fc490720d508bc@prksq.com,29,0.079999998,2023-02-06,2023-02-06,Angel,male,1,United States,North America,low,low,0,NA,0,NA,NA
9406919b1c6188e47afe44c74ab3f0e9@prksq.com,66,0.82999998,2023-02-06,2023-02-08,Angel,male,1,India,South Asia,high,high,0,NA,0,NA,NA
94104106736d5c8b1649607356f13f61@prksq.com,31,0.079999998,2023-02-06,2023-02-06,Angel,male,1,United States,North America,high,low,0,stage,1,2023-02-06,0
941de1d1850f1f95581a72779648f9b2@prksq.com,6,1,2023-02-06,2023-02-10,Venture Capital,male,3,United States,North America,high,low,0,NA,0,NA,NA
942bfc5ec8772f0296099d88e072cd9d@prksq.com,29,0.079999998,2023-02-06,2023-02-06,Angel,male,1,United States,North America,low,low,0,NA,0,NA,NA
943f596ab5e4fa70b4e7bb745ddd5478@prksq.com,356,0.92000002,2023-02-06,2023-02-09,Angel,male,2,United Kingdom,Europe and Central Asia,high,low,0,NA,0,NA,NA
9451509f96b933d5fb0a5f310efa625d@prksq.com,193,0.33000001,2023-02-06,2023-02-09,Angel,male,1,United States,North America,high,low,0,stage,1,2023-02-09,0
94686f9d70d77c69b78eab1c96dd7740@prksq.com,222,1,2023-02-06,2023-02-08,Angel,male,1,United States,North America,low,high,0,NA,0,NA,NA
946ae65eafdb5cdcc639be1d0566131b@prksq.com,18,0.41999999,2023-02-06,2023-02-06,Angel,male,1,United States,North America,high,high,1,more info/clarification,1,2023-02-07,1
946fef57747dc5c903c6d6e60c55cdba@prksq.com,29,0.079999998,2023-02-06,2023-02-06,Venture Capital,male,2,United States,North America,low,low,0,no specific reason,1,2023-02-09,0
947809bf7c805292d7817ee90c0b71a7@prksq.com,101,0.17,2023-02-06,2023-02-09,Venture Capital,male,1,United States,North America,high,low,0,NA,0,NA,NA
947ed4f68e339986acc0c8596111ef28@prksq.com,56,0.75,2023-02-06,2023-02-10,Venture Capital,male,4,United States,North America,low,high,0,NA,0,NA,NA
94951f792c0e1ab6288b4f42c4f4104d@prksq.com,5,0.25,2023-02-06,2023-02-06,Venture Capital,male,1,United States,North America,low,low,0,NA,0,NA,NA
94a645d7aa55a0d9e29fe8dd6038bf11@prksq.com,4,0.67000002,2023-02-06,2023-02-08,Venture Capital,female,2,United States,North America,high,low,0,NA,0,NA,NA
94b2170e255e31c9cb23b067713433b6@prksq.com,117,1,2023-02-06,2023-02-08,Angel,male,1,United States,North America,low,low,0,NA,0,NA,NA
94b85f86cbcd137d4ffa88d88056006f@prksq.com,546,1,2023-02-06,2023-02-09,Venture Capital,female,3,United States,North America,high,high,0,NA,0,NA,NA
94bbf220c314dfac154c6407a5d349db@prksq.com,113,0.92000002,2023-02-06,2023-02-09,Venture Capital,male,2,United Kingdom,Europe and Central Asia,high,high,0,NA,0,NA,NA
94d9884ef06f9fd4cf8a88e8ac4ce634@prksq.com,73,0.67000002,2023-02-06,2023-02-07,Angel,male,1,United States,North America,high,high,1,more info/clarification,1,2023-02-07,1
94de269d390da2fc0f99fba14c5d674f@prksq.com,67,0.92000002,2023-02-06,2023-02-07,Venture Capital,male,5,United States,North America,low,high,0,NA,0,NA,NA
94e420b0de4078cd7011e68c706eee12@prksq.com,60,1,2023-02-04,2023-02-04,Angel,male,1,United States,North America,low,low,0,NA,0,NA,NA
9502ba37a0864689ddf558b8ef5b5136@prksq.com,181,0.82999998,2023-02-06,2023-02-09,Angel,male,2,United States,North America,low,high,0,NA,0,NA,NA
951cc77e6ba8c354e1f540b6771854b7@prksq.com,30,0.33000001,2023-02-06,2023-02-07,Angel,male,1,United States,North America,high,high,0,NA,0,NA,NA
95269d12e74cbb6fc5a4b96b1d2e4432@prksq.com,177,1,2023-01-30,2023-01-30,Angel,male,1,United States,North America,high,low,0,NA,0,NA,NA
955cf5e47223dc3e1fd37be1781ba44f@prksq.com,5,1,2023-02-06,2023-02-06,Angel,male,2,India,South Asia,high,low,0,NA,0,NA,NA
956f6504e9a6fcd3c3f662e6ad951170@prksq.com,306,0.92000002,2023-02-02,2023-02-02,Angel,male,1,United States,North America,low,high,0,no specific reason,1,2023-02-09,0
95783f6695e78af0d0e9d26c54dae1cb@prksq.com,339,0.57999998,2023-02-06,2023-02-07,Angel,male,1,United States,North America,high,low,0,NA,0,NA,NA
957ca8876a265e548bdd44030db6e5c8@prksq.com,185,0.5,2023-02-07,2023-02-07,Angel,male,1,United States,North America,high,low,0,NA,0,NA,NA
959d6b13e338405752158ae7c25ae639@prksq.com,38,0.079999998,2023-02-06,2023-02-07,Angel,male,1,United Kingdom,Europe and Central Asia,low,low,0,NA,0,NA,NA
95ad967c9802581518e1a2a732e581d3@prksq.com,170,0.57999998,2023-02-07,2023-02-07,Angel,male,1,Germany,Europe and Central Asia,low,high,0,NA,0,NA,NA
95b2c82242811d55a9c1e3f61bb55540@prksq.com,24,0.75,2023-02-06,2023-02-06,Angel,male,1,United States,North America,low,low,0,NA,0,NA,NA
95b39838a3cbb9bb7c0a3d6f454a5c81@prksq.com,406,0.41999999,2023-02-06,2023-02-06,Angel,male,1,United States,North America,low,high,0,stage,1,2023-02-07,0
95b9d77263e3fb637e5c996a886d2e87@prksq.com,22,1,2023-02-07,2023-02-09,Angel,male,1,United States,North America,low,low,0,stage,1,2023-02-12,0
95efa0b08b6151d888913f9b776221f8@prksq.com,60,1,2023-02-06,2023-02-08,Angel,male,1,United States,North America,high,high,1,more info/clarification,1,2023-02-08,1
95f762e4b6a469649a6d8781083da22f@prksq.com,34,0.67000002,2023-02-04,2023-02-04,Venture Capital,male,2,United States,North America,high,low,0,NA,0,NA,NA
95fb2707bd3abcb3dddb5d77ed66be11@prksq.com,87,0.5,2023-01-31,2023-01-31,Angel,male,1,Singapore,East Asia and Pacific,high,high,1,more info/clarification,1,2023-02-07,1
96019864891a40bddb44acf12ee352fe@prksq.com,324,0.92000002,2023-02-05,2023-02-05,Angel,male,1,United States,North America,high,high,0,NA,0,NA,NA
9640adcd5471abff104cd15cfbad9e81@prksq.com,84,0.67000002,2023-02-06,2023-02-08,Angel,male,1,United States,North America,high,low,0,NA,0,NA,NA
9649336a48d42e4e2cbbcd6c3afce9de@prksq.com,102,0.5,2023-02-07,2023-02-08,Angel,male,1,United States,North America,low,low,0,NA,0,NA,NA
965afe4549b75acb74045cb913dad222@prksq.com,154,0.41999999,2023-02-06,2023-02-08,Angel,male,1,United States,North America,low,low,0,NA,0,NA,NA
96662c0d8071b072a4adc19bccbd188d@prksq.com,17,0.33000001,2023-02-06,2023-02-06,Angel,male,1,United States,North America,high,low,0,NA,0,NA,NA
966b53a7215f18e1c678b2c727c7c730@prksq.com,93,0.67000002,2023-01-31,2023-02-09,Angel,male,1,United States,North America,low,low,0,NA,0,NA,NA
96751b793c39dea347c7590336c2f656@prksq.com,73,0.41999999,2023-02-07,2023-02-07,Angel,female,1,United States,North America,low,low,0,no specific reason,1,2023-02-12,0
968cac7964a985df30ae379c0089c85b@prksq.com,321,1,2023-02-06,2023-02-07,Angel,male,1,United States,North America,high,low,0,NA,0,NA,NA
9693e5bd234b222b86550975e6893c02@prksq.com,14,0.67000002,2023-02-06,2023-02-06,Angel,male,1,United States,North America,high,low,0,NA,0,NA,NA
96941f1b07c198ae62791f8857da5a38@prksq.com,99,0.33000001,2023-02-06,2023-02-06,Angel,male,1,United States,North America,high,low,0,NA,0,NA,NA
9698749fc16aba4c65238dd722d7b70a@prksq.com,9,0.33000001,2023-02-06,2023-02-06,Angel,male,1,United States,North America,high,low,0,NA,0,NA,NA
96a15ca39b2d391253777a288b04a559@prksq.com,66,0.67000002,2023-02-02,2023-02-02,Angel,male,1,United States,North America,low,high,1,meeting,1,2023-02-11,1
96a3ed54ecbbf16930629dcd3e8a87a4@prksq.com,97,0.75,2023-02-06,2023-02-06,Venture Capital,male,4,United States,North America,high,low,0,NA,0,NA,NA
96b81bc2c6428a6db9cfc45bb9d5b789@prksq.com,246,0.33000001,2023-02-06,2023-02-10,Angel,male,1,United States,North America,high,low,0,stage,1,2023-02-10,0
96c3d0f44f862381e17d271e58a53eb1@prksq.com,349,0.57999998,2023-02-06,2023-02-09,Angel,male,1,United States,North America,low,high,0,NA,0,NA,NA
96e5ba5991692e20c8bc95927ef51740@prksq.com,247,1,2023-02-06,2023-02-09,Angel,male,2,United States,North America,low,high,0,NA,0,NA,NA
96efba33f5ca523f3545556bf0da1d85@prksq.com,8,1,2023-01-31,2023-01-31,Venture Capital,male,3,United States,North America,high,low,0,NA,0,NA,NA
96f0a00faf864207c4248895af90881c@prksq.com,7,1,2023-02-06,2023-02-08,Venture Capital,male,2,United States,North America,low,high,0,NA,0,NA,NA
96f2ab55eacc389359ec45deace1e62c@prksq.com,31,0.079999998,2023-02-06,2023-02-06,Angel,male,1,United States,North America,low,high,0,no specific reason,1,2023-02-06,0
96f5d427e6bcc11d8cd7d475bcaf6310@prksq.com,55,0.82999998,2023-02-07,2023-02-07,Angel,male,1,United States,North America,high,low,0,NA,0,NA,NA
96fa34bdef6882513528731af7c4f643@prksq.com,47,0.75,2023-02-07,2023-02-09,Angel,male,1,United States,North America,high,low,0,NA,0,NA,NA
97028f478bbfa0c680fc8136cce57685@prksq.com,75,0.41999999,2023-02-06,2023-02-06,Angel,male,1,United States,North America,low,low,0,NA,0,NA,NA
971d13ed987b253df29099c74200a7a5@prksq.com,154,0.5,2023-02-06,2023-02-07,Venture Capital,male,8,United Kingdom,Europe and Central Asia,high,low,0,NA,0,NA,NA
9720196eaa99243d0f998f234a43441e@prksq.com,89,1,2023-02-06,2023-02-09,Angel,male,1,United States,North America,low,low,0,NA,0,NA,NA
972124d65007686da2efc8f012ebe6e0@prksq.com,140,0.75,2023-02-07,2023-02-09,Venture Capital,male,2,United States,North America,low,high,1,meeting,1,2023-02-09,1
9727076f2b6eb91cb69b4b47efa558b5@prksq.com,36,0.57999998,2023-02-07,2023-02-10,Angel,male,2,United States,North America,low,low,0,NA,0,NA,NA
97327bd2b7d37cbb1260c314a8fd9968@prksq.com,222,0.67000002,2023-02-06,2023-02-10,Angel,male,1,United States,North America,high,high,0,NA,0,NA,NA
97344a33bbb31f3d3eebe863d748e309@prksq.com,77,0.82999998,2023-02-06,2023-02-08,Angel,male,1,United States,North America,low,low,0,no specific reason,1,2023-02-10,0
974df82c4088b962f303510cb442842e@prksq.com,177,0.75,2023-02-07,2023-02-09,Angel,male,1,United States,North America,high,high,0,NA,0,NA,NA
9762e2aec981dd3697ae0bd16118f69b@prksq.com,185,0.82999998,2023-02-07,2023-02-07,Angel,male,5,United States,North America,low,low,0,NA,0,NA,NA
97690c944f8761769e42fff30925fee1@prksq.com,65,0.82999998,2023-02-06,2023-02-07,Venture Capital,male,4,France,Europe and Central Asia,low,low,0,NA,0,NA,NA
976eb4f2dd6e12da371db6664e473e13@prksq.com,27,0.92000002,2023-02-06,2023-02-11,Angel,male,1,United Kingdom,Europe and Central Asia,high,high,0,NA,0,NA,NA
97969d66905465607b816a0e0d14f283@prksq.com,15,0.57999998,2023-02-07,2023-02-10,Angel,male,2,United States,North America,high,high,0,NA,0,NA,NA
979e2a932e5fccaa926e8634c4ba5215@prksq.com,228,0.5,2023-02-01,2023-02-06,Angel,male,1,United States,North America,high,low,0,NA,0,NA,NA
97a6d65a3a15eeb76e7031caa389ca5d@prksq.com,213,0.82999998,2023-02-06,2023-02-08,Angel,male,2,United States,North America,low,high,0,NA,0,NA,NA
97b54e5323e2bd442a36d4a2cb9eb475@prksq.com,121,1,2023-02-06,2023-02-09,Venture Capital,male,64,United States,North America,low,high,0,investment strategy,1,2023-02-10,0
97bc3e92d98d3d1c81458ee4c0bce5fe@prksq.com,246,0.75,2023-02-07,2023-02-07,Angel,male,1,United States,North America,high,low,0,NA,0,NA,NA
97c62eca8c63e702f908f06203c1e8df@prksq.com,100,0.67000002,2023-02-06,2023-02-09,Angel,male,1,United States,North America,high,low,0,NA,0,NA,NA
97d69827e9e19d3a31dfe7d9a411a7ea@prksq.com,175,0.92000002,2023-02-06,2023-02-07,Angel,male,1,United Kingdom,Europe and Central Asia,high,low,0,geography,1,2023-02-09,0
97d7bcabf25e8393ef2ed62f2925b07d@prksq.com,24,0.079999998,2023-02-07,2023-02-07,Angel,female,1,United States,North America,low,low,0,NA,0,NA,NA
97d9ca08e6e31276ede028ac101a92ff@prksq.com,107,0.75,2023-02-06,2023-02-07,Angel,male,1,France,Europe and Central Asia,high,low,0,NA,0,NA,NA
97e5d43887abb66360722ec989a52432@prksq.com,6,0.25,2023-02-07,2023-02-08,Venture Capital,male,2,United States,North America,low,high,0,NA,0,NA,NA
97f1c2cac75a23409ffefe2665d83710@prksq.com,67,0.67000002,2023-02-06,2023-02-08,Angel,male,3,United States,North America,high,high,0,NA,0,NA,NA
97fbfe13404d3c8f929e8ff47d7de5fd@prksq.com,18,0.82999998,2023-02-06,2023-02-08,Angel,male,1,United States,North America,low,low,0,NA,0,NA,NA
97fccd2c42b93bc2e21cf100a8125a2a@prksq.com,144,0.57999998,2023-02-06,2023-02-09,Angel,male,1,United States,North America,high,high,0,NA,0,NA,NA
981002db57a46077a9504f3f485458c8@prksq.com,55,0.82999998,2023-02-07,2023-02-12,Angel,male,1,United States,North America,low,low,0,NA,0,NA,NA
981661cafccde3210f06c0aff2369b2f@prksq.com,223,0.41999999,2023-02-06,2023-02-06,Angel,female,1,India,South Asia,low,high,0,NA,0,NA,NA
9823780e00cca9fa751659c2a626e323@prksq.com,155,0.92000002,2023-02-07,2023-02-08,Venture Capital,male,4,United States,North America,high,high,0,NA,0,NA,NA
98493d558397f7f78f2fd7e2539c4855@prksq.com,17,0.92000002,2023-02-07,2023-02-08,Angel,male,1,United States,North America,high,low,0,NA,0,NA,NA
984974801e86f608347affa879835a89@prksq.com,38,1,2023-02-06,2023-02-09,Angel,male,1,United Kingdom,Europe and Central Asia,high,high,0,NA,0,NA,NA
98534ce8ea41499e2cebee2a0d51eda9@prksq.com,27,0.25,2023-02-06,2023-02-06,Angel,male,1,United States,North America,high,high,0,NA,0,NA,NA
9858364a155effe0fb390187afdcc329@prksq.com,376,0.5,2023-02-06,2023-02-09,Angel,male,2,United States,North America,high,low,0,investment strategy,1,2023-02-10,0
985f0cad5dd3a2e1d8434efc80cf9cef@prksq.com,18,0.5,2023-02-06,2023-02-07,Angel,male,1,United States,North America,low,low,0,NA,0,NA,NA
986a34d02c7f005c3234b642242fafe4@prksq.com,281,1,2023-02-06,2023-02-07,Angel,male,1,United States,North America,high,low,0,investment strategy,1,2023-02-09,0
987cf1f263254d632045c18686fb7696@prksq.com,309,0.92000002,2023-02-07,2023-02-10,Angel,male,1,Israel,Middle East and North Africa,high,low,0,NA,0,NA,NA
987d4409dea32bb43635cabf885f9738@prksq.com,13,0.17,2023-02-06,2023-02-07,Angel,male,2,Canada,North America,high,low,0,NA,0,NA,NA
9884497c51bd138e16380c164444f171@prksq.com,125,0.92000002,2023-02-06,2023-02-08,Venture Capital,male,5,United States,North America,low,high,0,NA,0,NA,NA
988c43a69e88362d2b1bf39642cf55b6@prksq.com,229,1,2023-02-06,2023-02-09,Venture Capital,male,4,United States,North America,high,high,0,NA,0,NA,NA
989a3acb4a6be7c0bf769e8b2ea541eb@prksq.com,5,0.75,2023-02-06,2023-02-10,Angel,male,1,United States,North America,low,high,0,NA,0,NA,NA
98b4f2ef9a0699eef1df4dd71285024e@prksq.com,233,0.41999999,2023-02-06,2023-02-09,Angel,male,1,United States,North America,high,high,0,NA,0,NA,NA
98b6f9639765baf2549e779cd2c4f5b1@prksq.com,365,0.75,2023-02-06,2023-02-07,Venture Capital,male,1,United States,North America,high,high,0,NA,0,NA,NA
98ba593d7b215005caf49c230feec22a@prksq.com,47,0.92000002,2023-02-06,2023-02-09,Angel,male,1,India,South Asia,low,low,0,NA,0,NA,NA
98ccb9eab28b0dc6ed6ec11c1db0eb5a@prksq.com,124,0.67000002,2023-02-06,2023-02-06,Angel,male,1,United States,North America,low,high,0,NA,0,NA,NA
98ee400ac211c5d7d0c5f28e623c7900@prksq.com,87,1,2023-02-07,2023-02-07,Angel,male,1,United States,North America,low,low,0,no specific reason,1,2023-02-10,0
98f1981d16df95f8777fa988bbd6771d@prksq.com,182,1,2023-02-06,2023-02-09,Angel,male,1,United States,North America,low,high,0,NA,0,NA,NA
98f601f5887005633979c94ee614fd61@prksq.com,261,1,2023-02-06,2023-02-09,Angel,male,2,United States,North America,low,high,0,NA,0,NA,NA
98fa14dc0524536c5981d3c0eed66653@prksq.com,425,1,2023-02-07,2023-02-07,Angel,male,1,United States,North America,high,high,0,NA,0,NA,NA
993503fe04185fe053abf1168e2fc2fe@prksq.com,37,0.67000002,2023-02-06,2023-02-07,Angel,male,2,United States,North America,low,high,0,NA,0,NA,NA
993817517452306fb0958bcea2233e8b@prksq.com,18,0.33000001,2023-02-07,2023-02-07,Angel,female,1,United States,North America,low,low,0,NA,0,NA,NA
993a2b3893d478543bce669c18319903@prksq.com,74,0.67000002,2023-02-07,2023-02-09,Angel,male,2,United States,North America,low,low,0,NA,0,NA,NA
993a34cda50c92c991ebdd8434a8585a@prksq.com,26,1,2023-02-06,2023-02-08,Angel,male,1,France,Europe and Central Asia,high,high,0,NA,0,NA,NA
9957ebd8c39a20f990587ac9498f2724@prksq.com,75,0.41999999,2023-02-06,2023-02-08,Venture Capital,male,1,Singapore,East Asia and Pacific,low,low,0,NA,0,NA,NA
996d7caa01be26264fb67bb446acbc4a@prksq.com,378,0.5,2023-02-06,2023-02-07,Venture Capital,male,5,United States,North America,high,high,0,NA,0,NA,NA
9973ab733aaeb9c6b3007ef80df53561@prksq.com,333,0.33000001,2023-02-06,2023-02-06,Angel,male,1,United States,North America,high,high,1,more info/clarification,1,2023-02-08,1
997e0a100a53261270b21417a4c86600@prksq.com,13,0.75,2023-02-06,2023-02-07,Angel,male,1,United States,North America,high,high,1,more info/clarification,1,2023-02-07,1
997f35226df99f2e85a7c26f7ddd9cca@prksq.com,5,0.25,2023-02-06,2023-02-06,Angel,male,1,United States,North America,low,low,0,industry,1,2023-02-06,0
9983d3c8f02ba4e394cfc86a7940b4a8@prksq.com,312,0.67000002,2023-02-07,2023-02-08,Angel,male,1,France,Europe and Central Asia,high,high,0,NA,0,NA,NA
99945f7f04715e4796bec44860bf61c7@prksq.com,53,0.33000001,2023-02-06,2023-02-09,Angel,male,1,United States,North America,high,low,0,industry,1,2023-02-09,0
99a15f8f10834a47c38367557a55fb18@prksq.com,271,0.5,2023-02-07,2023-02-09,Angel,male,1,India,South Asia,high,high,0,NA,0,NA,NA
99b036253b685ee6f4d3b0248c6aba98@prksq.com,23,1,2023-02-06,2023-02-06,Angel,male,1,United States,North America,high,low,0,NA,0,NA,NA
99c6001b7524022898fb85b8f7a74c53@prksq.com,114,0.41999999,2023-02-02,2023-02-09,Angel,male,1,United States,North America,low,low,0,NA,0,NA,NA
99d2e3c1463dcd53564420bdce95ef7e@prksq.com,7,0.75,2023-02-06,2023-02-07,Venture Capital,male,3,United States,North America,low,high,0,NA,0,NA,NA
99d3d300228312bb3e594ac5c725b331@prksq.com,108,0.57999998,2023-02-06,2023-02-10,Venture Capital,male,2,United States,North America,low,high,0,NA,0,NA,NA
99e76548cecbd9655a5f04a7af73a000@prksq.com,70,0.75,2023-02-06,2023-02-07,Angel,male,1,United States,North America,low,low,0,NA,0,NA,NA
99e9f0d2908cf4bb291807faa211cf8b@prksq.com,68,0.25,2023-02-06,2023-02-09,Angel,male,2,United States,North America,low,low,0,NA,0,NA,NA
99efcb09ea35731a36ee417125335a0f@prksq.com,208,1,2023-02-04,2023-02-04,Angel,male,1,India,South Asia,high,low,0,NA,0,NA,NA
9a0b9b7ae1e5e0e67718b1b856df5e1a@prksq.com,65,0.25,2023-02-06,2023-02-11,Angel,male,1,United States,North America,low,low,0,NA,0,NA,NA
9a0f2d6cc59b51e935f10da4baf10558@prksq.com,5,0.33000001,2023-02-07,2023-02-10,Angel,male,1,United States,North America,low,low,0,industry,1,2023-02-10,0
9a24f4b108d7e6f9e4b6d41ab0a80ed9@prksq.com,183,1,2023-01-29,2023-02-08,Angel,female,1,United States,North America,low,low,0,NA,0,NA,NA
9a2722e2b93610e5341f5bdd7b485acc@prksq.com,29,0.079999998,2023-02-07,2023-02-07,Venture Capital,male,4,United States,North America,low,low,0,NA,0,NA,NA
9a2b181d66778a888d26d76b8296d226@prksq.com,150,0.67000002,2023-02-07,2023-02-07,Venture Capital,male,3,United States,North America,low,low,0,stage,1,2023-02-09,0
9a32e4c3cf1a61ea8f02005398431319@prksq.com,40,0.41999999,2023-02-07,2023-02-08,Angel,male,2,United States,North America,high,high,0,NA,0,NA,NA
9a4d36562ebfb13a5f0d8f0afe6729ec@prksq.com,97,0.5,2023-02-07,2023-02-10,Angel,male,1,United States,North America,high,low,0,industry,1,2023-02-10,0
9a5d23154adf58c5739d51fe4b96ee23@prksq.com,8,1,2023-02-07,2023-02-07,Angel,male,2,United States,North America,high,low,0,NA,0,NA,NA
9a61d291a3120e6ee1c81d9d17eb3fa2@prksq.com,131,1,2023-02-07,2023-02-10,Angel,male,2,United States,North America,high,low,0,NA,0,NA,NA
9a69d9d69f567786d4435cb7fd142db4@prksq.com,162,1,2023-02-07,2023-02-07,Venture Capital,male,1,United States,North America,high,low,0,NA,0,NA,NA
9a7b67588423060202cdc75d0bf7f32e@prksq.com,133,1,2023-02-07,2023-02-09,Venture Capital,male,4,Germany,Europe and Central Asia,low,low,0,NA,0,NA,NA
9a81d9c008327a0e67bc1e7c58fe71dc@prksq.com,280,0.25,2023-02-07,2023-02-09,Angel,male,1,France,Europe and Central Asia,low,low,0,NA,0,NA,NA
9a9f0c637ab5f7c21385c208ffc688a6@prksq.com,20,0.75,2023-02-07,2023-02-09,Angel,male,1,United States,North America,high,low,0,NA,0,NA,NA
9ab1f33fc09a6d500cf14518ab80209e@prksq.com,205,1,2023-02-07,2023-02-08,Venture Capital,male,5,United States,North America,low,low,0,NA,0,NA,NA
9ab736ac1ff386ddde7c29403ea19528@prksq.com,119,0.67000002,2023-02-07,2023-02-09,Angel,female,1,Israel,Middle East and North Africa,high,low,0,industry,1,2023-02-09,0
9ad02182696fcf98f9dd648a74975600@prksq.com,269,1,2023-02-07,2023-02-08,Angel,male,1,United States,North America,low,high,0,NA,0,NA,NA
9ad866ad3508b1a4db88d4f37bbcde47@prksq.com,42,1,2023-02-07,2023-02-09,Angel,male,2,United States,North America,high,high,0,NA,0,NA,NA
9aeb5e5114920f4d0600d54c6d235db6@prksq.com,73,1,2023-02-07,2023-02-07,Angel,male,1,United States,North America,low,low,0,NA,0,NA,NA
9b0226ad7c87bcba78a3d24b140d4c3d@prksq.com,367,1,2023-02-07,2023-02-07,Angel,male,1,United States,North America,high,high,0,NA,0,NA,NA
9b07927e0fd1f42c33746a3b92ac7957@prksq.com,223,0.57999998,2023-02-07,2023-02-10,Angel,male,2,India,South Asia,low,low,0,NA,0,NA,NA
9b087b6f685afc4ce6da03b4c2598c55@prksq.com,5,1,2023-02-07,2023-02-10,Angel,male,1,United States,North America,high,high,0,NA,0,NA,NA
9b124c9aed4fb02a8034efee13b6e185@prksq.com,332,1,2023-01-29,2023-01-29,Angel,male,2,United Kingdom,Europe and Central Asia,low,high,0,NA,0,NA,NA
9b28a1540d19e292d9bdae896328bc04@prksq.com,159,0.75,2023-02-07,2023-02-08,Angel,male,1,United States,North America,low,high,0,NA,0,NA,NA
9b30057a6a95245513895717ccfa6785@prksq.com,367,0.82999998,2023-02-07,2023-02-07,Venture Capital,male,2,United States,North America,low,high,1,meeting,1,2023-02-07,1
9b4590af16674bad1a681d8bc0277194@prksq.com,55,0.079999998,2023-02-07,2023-02-07,Angel,male,1,United States,North America,low,high,0,NA,0,NA,NA
9b4981730ec652425b988151bbfa7fdc@prksq.com,231,1,2023-01-30,2023-01-30,Venture Capital,male,4,United States,North America,low,high,0,NA,0,NA,NA
9b63c33de709c77d9806e5ccbf804952@prksq.com,259,0.92000002,2023-02-07,2023-02-10,Angel,male,1,United States,North America,high,high,0,NA,0,NA,NA
9b6b5d86b2c7707c3972342a9b0932d0@prksq.com,222,1,2023-02-07,2023-02-11,Angel,male,1,United States,North America,low,high,0,NA,0,NA,NA
9b71aa782c8a2b6dc40bf24d2fd5b343@prksq.com,228,0.82999998,2023-02-07,2023-02-08,Angel,male,1,United States,North America,high,low,0,NA,0,NA,NA
9b7448d406b4aa04156b470554ef8516@prksq.com,356,0.92000002,2023-02-07,2023-02-08,Angel,male,1,United States,North America,high,low,0,no specific reason,1,2023-02-08,0
9b8454651c4fc16e6617907e864cc602@prksq.com,446,0.75,2023-02-02,2023-02-02,Venture Capital,male,5,United States,North America,high,high,1,more info/clarification,1,2023-02-02,1
9b8a1b82aa261c1869eccaf2ff3b1533@prksq.com,216,0.5,2023-02-07,2023-02-08,Angel,male,1,United States,North America,low,high,0,no specific reason,1,2023-02-08,0
9b8e17979ddb8b3c6485d453b9b250db@prksq.com,65,0.82999998,2023-02-07,2023-02-08,Angel,male,2,United States,North America,high,high,0,NA,0,NA,NA
9bbad6b192681e9fd32664940ac96912@prksq.com,14,0.33000001,2023-02-07,2023-02-09,Venture Capital,male,1,United States,North America,low,high,1,more info/clarification,1,2023-02-09,1
9bc264e0f26c863623050e8bbb6fae6a@prksq.com,495,0.75,2023-02-07,2023-02-07,Venture Capital,male,5,United States,North America,high,high,0,NA,0,NA,NA
9bc59a8225128558c8a2cd92a3d00e74@prksq.com,37,0.25,2023-02-07,2023-02-10,Venture Capital,male,5,United States,North America,low,high,0,NA,0,NA,NA
9bd73a8dffb4994f67bc016192137a7f@prksq.com,95,0.92000002,2023-02-07,2023-02-08,Angel,male,1,United States,North America,low,high,0,NA,0,NA,NA
9be12b0917e3703a79143880ea829afb@prksq.com,110,1,2023-02-07,2023-02-09,Angel,female,1,Germany,Europe and Central Asia,high,low,0,NA,0,NA,NA
9be2f537d01f9c40a016da034c6dc81a@prksq.com,29,0.079999998,2023-02-07,2023-02-07,Angel,male,1,United States,North America,low,low,0,NA,0,NA,NA
9c1208d4f3b3354e200be50c3f2c66c1@prksq.com,154,0.82999998,2023-02-03,2023-02-03,Angel,male,1,United States,North America,low,low,0,NA,0,NA,NA
9c29414777daf6ade022b09c2a56bad0@prksq.com,88,0.33000001,2023-02-07,2023-02-10,Angel,male,1,United States,North America,low,low,0,NA,0,NA,NA
9c489b20bdc89415c8b7041aeaa2a25b@prksq.com,31,0.079999998,2023-02-07,2023-02-07,Angel,male,1,United States,North America,low,high,0,NA,0,NA,NA
9c5d2fa98402060cec300fe9e539f600@prksq.com,131,0.92000002,2023-02-07,2023-02-08,Angel,male,3,United States,North America,high,low,0,NA,0,NA,NA
9c6d0d60c8aef3b7c401a21bfe9b2c93@prksq.com,352,0.67000002,2023-02-07,2023-02-09,Venture Capital,male,2,United States,North America,high,low,0,NA,0,NA,NA
9c717bdc1ebc939a5a1c06bd4687040b@prksq.com,36,1,2023-02-07,2023-02-09,Angel,male,1,United Kingdom,Europe and Central Asia,low,low,0,NA,0,NA,NA
9c8d4d0af05aa7ef0c26f528cf30c8f9@prksq.com,52,1,2023-02-07,2023-02-08,Venture Capital,male,1,United Kingdom,Europe and Central Asia,low,high,0,NA,0,NA,NA
9c9ce5c3a02b295dee075e49bf6ac980@prksq.com,256,0.57999998,2023-02-07,2023-02-10,Venture Capital,female,2,United States,North America,low,low,0,NA,0,NA,NA
9cc05615946988be9bf7e55bc757d6f8@prksq.com,5,0.67000002,2023-02-06,2023-02-07,Angel,male,1,Israel,Middle East and North Africa,high,low,0,no specific reason,1,2023-02-07,0
9cd1c2f97fdc1918b103cb1872067e16@prksq.com,84,0.33000001,2023-02-07,2023-02-08,Angel,male,1,United States,North America,high,high,1,more info/clarification,1,2023-02-08,1
9cfe2273efc2065d2f27e253d35ca2be@prksq.com,12,0.079999998,2023-02-07,2023-02-07,Angel,male,1,United States,North America,low,high,0,NA,0,NA,NA
9d00d0363204adbedc45ffd0549ef837@prksq.com,142,0.25,2023-01-29,2023-02-07,Angel,male,1,United Kingdom,Europe and Central Asia,low,high,0,NA,0,NA,NA
9d3dfabf80d56e71e55ab7f6b7ae127d@prksq.com,307,0.5,2023-02-07,2023-02-12,Angel,male,1,United States,North America,high,low,0,NA,0,NA,NA
9d42a09bfda9449a1e18c3af2fcd1f32@prksq.com,146,1,2023-02-01,2023-02-01,Venture Capital,male,7,United States,North America,high,low,0,no specific reason,1,2023-02-08,0
9d46293e8366842fec98c984756d1071@prksq.com,78,0.5,2023-02-07,2023-02-08,Angel,male,1,United States,North America,low,low,0,NA,0,NA,NA
9d4d9c248e659cbac46e9a7b40e1c916@prksq.com,203,1,2023-02-07,2023-02-07,Angel,male,1,United States,North America,high,high,1,more info/clarification,1,2023-02-07,1
9d4e6a04a34141c9b74cc0240d6e4ca0@prksq.com,20,0.25,2023-02-07,2023-02-08,Angel,male,1,United States,North America,low,low,0,stage,1,2023-02-08,0
9d56f70688258dee57e04d0b30aa38a7@prksq.com,62,0.079999998,2023-02-07,2023-02-07,Angel,male,1,United States,North America,high,low,0,stage,1,2023-02-10,0
9d771a50ccd238e4e6acde4c75d72ba6@prksq.com,86,0.25,2023-02-07,2023-02-08,Angel,female,1,United States,North America,low,high,0,NA,0,NA,NA
9d7f3f0816896085732b9e1b6cd93086@prksq.com,40,0.92000002,2023-02-07,2023-02-09,Angel,male,1,United States,North America,low,low,0,NA,0,NA,NA
9da7d2a9507d2e464a3165f05ec6c04f@prksq.com,130,0.67000002,2023-02-04,2023-02-07,Angel,male,1,United States,North America,high,high,1,more info/clarification,1,2023-02-09,1
9db1644db74162801335086ea50e4013@prksq.com,94,1,2023-02-07,2023-02-07,Angel,female,2,United Kingdom,Europe and Central Asia,low,high,0,NA,0,NA,NA
9db2c0d33eff628409adca267cc3c221@prksq.com,32,0.92000002,2023-02-07,2023-02-07,Angel,male,1,United States,North America,low,low,0,NA,0,NA,NA
9db842d11c7e72360778204918a70d1a@prksq.com,458,0.75,2023-02-07,2023-02-07,Angel,male,1,United States,North America,low,high,0,NA,0,NA,NA
9db9b17c6a4c48ca9a1099094775ed8b@prksq.com,163,1,2023-02-07,2023-02-07,Angel,male,2,United States,North America,low,high,0,NA,0,NA,NA
9dbd7fc1d56b8a71139bb8e459ff06c4@prksq.com,309,0.75,2023-02-07,2023-02-07,Angel,female,1,United States,North America,high,high,0,NA,0,NA,NA
9dd2fe362a65307da56d50f8bef6f67a@prksq.com,153,0.5,2023-02-07,2023-02-08,Venture Capital,male,2,United States,North America,high,high,0,NA,0,NA,NA
9ddd8ba87c75e4cf7b4321b76d97127c@prksq.com,39,0.33000001,2023-02-07,2023-02-11,Angel,male,1,United States,North America,low,low,0,NA,0,NA,NA
9de7a586c4b0675159248bf3ba317dbd@prksq.com,88,1,2023-02-07,2023-02-12,Venture Capital,female,1,United States,North America,high,low,0,NA,0,NA,NA
9df96681861137e80f5c22db0adaa994@prksq.com,73,0.92000002,2023-02-07,2023-02-09,Venture Capital,male,4,United States,North America,low,high,0,NA,0,NA,NA
9e0179f00fd103c865c14edb5f8e67b3@prksq.com,35,0.82999998,2023-02-07,2023-02-09,Angel,male,1,United States,North America,low,high,0,NA,0,NA,NA
9e0a821fa147aedce8aada2a6c80fca2@prksq.com,65,0.82999998,2023-02-07,2023-02-10,Angel,male,1,United States,North America,high,low,0,NA,0,NA,NA
9e263a75e86a97713ad0a479f06231e2@prksq.com,75,1,2023-02-07,2023-02-12,Angel,male,1,United States,North America,high,low,0,NA,0,NA,NA
9e26aed2ac2e81002c9f720e39662cf0@prksq.com,75,0.92000002,2023-02-07,2023-02-10,Angel,male,1,United States,North America,low,high,0,NA,0,NA,NA
9e4265a86b79f88aacf901d0c325dd5c@prksq.com,143,0.92000002,2023-02-07,2023-02-07,Angel,male,1,United States,North America,low,low,0,NA,0,NA,NA
9e44e914bae6e1f15d86da4028581329@prksq.com,442,1,2023-02-07,2023-02-07,Angel,male,1,United States,North America,high,low,0,NA,0,NA,NA
9e603e40a874a0ba0f819f898cc98568@prksq.com,145,0.92000002,2023-02-07,2023-02-09,Angel,male,1,United States,North America,high,low,0,geography,1,2023-02-09,0
9e67a544b2efbf2f78ee0d9e2233e062@prksq.com,374,1,2023-02-07,2023-02-07,Angel,male,1,United States,North America,high,high,1,more info/clarification,1,2023-02-08,1
9e7655f00ffac82a18e8b2b844e29605@prksq.com,13,0.079999998,2023-02-07,2023-02-07,Angel,male,2,United States,North America,low,low,0,NA,0,NA,NA
9e8ad131111e8a34bd2ffd427894c552@prksq.com,100,0.33000001,2023-02-07,2023-02-07,Angel,male,6,France,Europe and Central Asia,low,high,0,NA,0,NA,NA
9e9005af2096f6075852faa3c26810b8@prksq.com,129,0.82999998,2023-02-07,2023-02-08,Angel,male,1,United States,North America,high,high,0,NA,0,NA,NA
9e92a90429ecfb92ea336515a6669010@prksq.com,127,1,2023-02-07,2023-02-08,Venture Capital,female,5,United States,North America,high,low,0,NA,0,NA,NA
9e9643d53cdd37a610c68069ee2fd564@prksq.com,3,0.25,2023-02-07,2023-02-08,Angel,male,1,United States,North America,low,low,0,NA,0,NA,NA
9e96c60242cda4d88f1ced8caf0cc350@prksq.com,104,0.75,2023-02-07,2023-02-09,Angel,male,1,United States,North America,low,low,0,NA,0,NA,NA
9e9ed60ffd81f978da4e0dbb486e38be@prksq.com,30,0.5,2023-02-07,2023-02-10,Angel,male,1,United Kingdom,Europe and Central Asia,low,low,0,NA,0,NA,NA
9eb8e62f2ba019f56c13308adf4f214c@prksq.com,391,0.41999999,2023-02-07,2023-02-10,Angel,male,1,United States,North America,high,high,0,NA,0,NA,NA
9eb95c4b78f3f029cf9953f80c9d8021@prksq.com,70,1,2023-02-07,2023-02-08,Venture Capital,male,4,France,Europe and Central Asia,low,low,0,NA,0,NA,NA
9ec023228af104ceaffb09fbe45ecf92@prksq.com,15,0.92000002,2023-01-31,2023-01-31,Angel,male,8,China,East Asia and Pacific,low,high,0,NA,0,NA,NA
9edb7b0519787473a49cc2f232482a8c@prksq.com,95,1,2023-02-07,2023-02-08,Angel,male,2,United States,North America,high,high,0,NA,0,NA,NA
9ee9adc90ab1474fa995462a2af7328d@prksq.com,29,0.079999998,2023-02-07,2023-02-07,Angel,male,1,United Kingdom,Europe and Central Asia,low,low,0,NA,0,NA,NA
9effd1703217be47f9494294d54ae264@prksq.com,141,0.33000001,2023-02-07,2023-02-09,Angel,male,1,India,South Asia,high,low,0,no specific reason,1,2023-02-09,0
9f126dd77054405759fc97a0e1f2abc7@prksq.com,76,0.33000001,2023-02-07,2023-02-08,Angel,male,1,United States,North America,low,low,0,NA,0,NA,NA
9f1bf37928a34aab74292875069c9450@prksq.com,358,1,2023-02-07,2023-02-09,Angel,male,1,United States,North America,high,high,0,NA,0,NA,NA
9f2654183776685b571cbe4edbe22262@prksq.com,58,1,2023-02-07,2023-02-07,Angel,male,1,India,South Asia,low,low,0,NA,0,NA,NA
9f4bbd69f7809e176f8e29c5487c3733@prksq.com,3,0.079999998,2023-02-07,2023-02-09,Angel,male,1,United States,North America,low,low,0,NA,0,NA,NA
9f5583932affdd173f218dcb182a8054@prksq.com,60,0.57999998,2023-02-08,2023-02-09,Angel,male,1,United States,North America,low,low,0,NA,0,NA,NA
9f58c39b224cccd9c111371ae306badf@prksq.com,239,0.75,2023-02-08,2023-02-09,Angel,male,3,United Kingdom,Europe and Central Asia,low,high,0,NA,0,NA,NA
9f5a517119dcb9ac8d7813b34247ed59@prksq.com,164,0.67000002,2023-02-07,2023-02-07,Venture Capital,male,2,United States,North America,low,high,0,NA,0,NA,NA
9f5d1b6458802d9d0de0199e094f0464@prksq.com,6,0.75,2023-02-01,2023-02-01,Angel,male,2,United States,North America,high,low,0,NA,0,NA,NA
9f67437c4d6270f08a1293834b0e5ecc@prksq.com,276,1,2023-02-08,2023-02-10,Angel,male,1,United States,North America,low,high,0,no specific reason,1,2023-02-13,0
9f67accbeefa999dded90d99636ff39f@prksq.com,145,0.41999999,2023-02-07,2023-02-11,Angel,male,1,United States,North America,high,low,0,NA,0,NA,NA
9f6d30b985116eebcf48c2b81b035037@prksq.com,197,1,2023-02-07,2023-02-07,Angel,male,1,United States,North America,high,high,0,NA,0,NA,NA
9f998b9bbd75915f4a3082fddeb493bc@prksq.com,114,0.5,2023-02-08,2023-02-08,Angel,male,1,United States,North America,low,high,0,NA,0,NA,NA
9fba6a3923f857a7491fa919a47a7048@prksq.com,18,0.57999998,2023-02-08,2023-02-11,Angel,male,1,United States,North America,high,high,0,NA,0,NA,NA
9fbecc7d16273433c0af34d1b3de5eeb@prksq.com,137,0.57999998,2023-02-08,2023-02-09,Angel,male,1,United States,North America,low,low,0,NA,0,NA,NA
9fe38e92f628601845b380f808423652@prksq.com,70,0.57999998,2023-02-08,2023-02-10,Angel,male,1,United States,North America,high,high,0,NA,0,NA,NA
9ffd82590882ca566c40ee87a00a99ee@prksq.com,49,1,2023-02-08,2023-02-08,Angel,male,1,United States,North America,low,low,0,NA,0,NA,NA
a001e23191ca656358ee368b531962ad@prksq.com,113,0.17,2023-02-08,2023-02-09,Angel,male,1,United States,North America,high,low,0,NA,0,NA,NA
a009859069d453e81d150a94d9e42dfa@prksq.com,62,0.92000002,2023-02-08,2023-02-11,Angel,male,3,United States,North America,high,low,0,NA,0,NA,NA
a026bce97b17d10a36f82a54e25cccab@prksq.com,143,0.92000002,2023-02-08,2023-02-12,Angel,male,1,United States,North America,high,low,0,NA,0,NA,NA
a0305998c1e1629c934512f0179097f7@prksq.com,29,0.079999998,2023-02-08,2023-02-08,Venture Capital,male,3,United States,North America,high,high,0,no specific reason,1,2023-02-08,0
a03ace1073a5aa2875560d03d0cd2e1c@prksq.com,217,0.75,2023-02-08,2023-02-10,Angel,male,1,United States,North America,low,high,0,NA,0,NA,NA
a04638398d2cf012b26f2433a2b83872@prksq.com,356,0.41999999,2023-02-07,2023-02-09,Angel,male,1,United States,North America,high,high,0,NA,0,NA,NA
a05d7e4e0600ae599880f004849747e3@prksq.com,121,1,2023-02-07,2023-02-07,Angel,male,1,United States,North America,low,high,0,stage,1,2023-02-10,0
a07e2139d37aeda3c2ad999b9c6dbe07@prksq.com,7,0.92000002,2023-02-07,2023-02-07,Angel,male,1,United States,North America,low,high,0,NA,0,NA,NA
a0882a490501217f7c8d79c7b1af7f9a@prksq.com,105,1,2023-02-07,2023-02-07,Angel,male,1,United States,North America,low,low,0,investment strategy,1,2023-02-07,0
a09ae4d1842bf83a6cfc5a0c2eb063e3@prksq.com,52,1,2023-02-08,2023-02-12,Angel,male,1,United States,North America,high,high,0,NA,0,NA,NA
a0c44f3a0282b689b98a5d2c47664e76@prksq.com,3,0.079999998,2023-02-07,2023-02-07,Angel,male,1,United States,North America,high,high,0,NA,0,NA,NA
a0cfa9c462a1c6bccc0103261b2da9ba@prksq.com,198,1,2023-02-08,2023-02-11,Angel,male,1,United States,North America,high,low,0,NA,0,NA,NA
a0db2e6f518ed06963b19557c1c3b7be@prksq.com,49,1,2023-02-08,2023-02-08,Angel,male,1,United States,North America,low,high,0,NA,0,NA,NA
a1022470a539d18a01e1070ff6df6609@prksq.com,57,0.5,2023-02-07,2023-02-07,Angel,male,1,United States,North America,high,high,0,NA,0,NA,NA
a12ca78bbb8379394629eecd59b86c70@prksq.com,144,1,2023-02-08,2023-02-12,Angel,male,1,United States,North America,high,high,0,NA,0,NA,NA
a13fd9d04a1cee58a3efb67710af6214@prksq.com,113,1,2023-02-07,2023-02-10,Angel,female,1,United States,North America,low,high,0,NA,0,NA,NA
a150bd852609bd45e28aa27b9f4970a9@prksq.com,264,1,2023-02-08,2023-02-08,Angel,male,1,United States,North America,low,low,0,NA,0,NA,NA
a1579a50d78d3b848224a18ce13b1910@prksq.com,14,0.25,2023-02-08,2023-02-08,Angel,male,1,United States,North America,low,low,0,NA,0,NA,NA
a157c428ece1d96bc15221f8da1248f7@prksq.com,220,0.25,2023-02-08,2023-02-09,Angel,female,1,Israel,Middle East and North Africa,low,high,0,NA,0,NA,NA
a17a0811760d78d6604757e1ec398e9e@prksq.com,36,0.079999998,2023-02-06,2023-02-08,Venture Capital,male,4,United States,North America,low,low,0,NA,0,NA,NA
a1858489110b7102b2266d32174d090c@prksq.com,445,1,2023-02-08,2023-02-11,Angel,male,1,United States,North America,high,high,0,NA,0,NA,NA
a1889c37e8488f5d781ad0cbbbf8b7be@prksq.com,8,0.82999998,2023-02-08,2023-02-08,Angel,male,1,United States,North America,high,high,0,NA,0,NA,NA
a18c86224bf56434482a760677310887@prksq.com,112,1,2023-02-01,2023-02-01,Angel,male,1,United States,North America,low,low,0,no specific reason,1,2023-02-12,0
a1c48429c426df345f9dc8b5f885312d@prksq.com,293,0.75,2023-02-08,2023-02-08,Angel,male,1,United Kingdom,Europe and Central Asia,high,low,0,NA,0,NA,NA
a1c6742cb3c5c1da663db3f7d01d1882@prksq.com,126,0.079999998,2023-02-08,2023-02-09,Angel,male,2,United States,North America,low,low,0,NA,0,NA,NA
a1c998ea9e5ddd1ddab5a7b4d6dc9431@prksq.com,105,0.41999999,2023-02-07,2023-02-09,Angel,male,1,United States,North America,low,high,0,NA,0,NA,NA
a1fc208f2b76adb2df99d1070504e427@prksq.com,39,0.75,2023-02-07,2023-02-09,Angel,male,1,United States,North America,low,high,0,NA,0,NA,NA
a2149958682304c21e56cc81a5bdd0de@prksq.com,29,0.079999998,2023-02-07,2023-02-07,Angel,male,1,United States,North America,low,low,0,NA,0,NA,NA
a219bad13a79477fbd15de5a419b0e2c@prksq.com,41,1,2023-02-08,2023-02-11,Angel,male,2,United States,North America,high,high,0,NA,0,NA,NA
a2228536cef611c0757aa7de2e095339@prksq.com,17,0.25,2023-02-08,2023-02-11,Angel,male,2,United States,North America,low,low,0,NA,0,NA,NA
a233b6f042f5a6924ef6ab08ae251fb8@prksq.com,227,0.5,2023-02-07,2023-02-08,Angel,male,1,United States,North America,high,high,0,NA,0,NA,NA
a24d79fbd8e2d6ac7669cf5e4b52bc94@prksq.com,147,0.75,2023-02-08,2023-02-10,Venture Capital,male,4,United Kingdom,Europe and Central Asia,high,high,0,NA,0,NA,NA
a24f18476141389cf7437b17954e4c9e@prksq.com,12,0.33000001,2023-02-07,2023-02-09,Angel,male,1,United States,North America,low,low,0,NA,0,NA,NA
a25598c39f1bfed46feda1faad35d9a1@prksq.com,194,0.67000002,2023-02-08,2023-02-12,Angel,male,1,United States,North America,low,high,0,NA,0,NA,NA
a263fec5b4750506ce55512979c42163@prksq.com,207,0.5,2023-02-07,2023-02-10,Angel,male,1,United States,North America,low,low,0,no specific reason,1,2023-02-10,0
a269d405a3c2fb2692f123d300bdf832@prksq.com,18,0.67000002,2023-02-07,2023-02-09,Venture Capital,male,1,United States,North America,low,low,0,NA,0,NA,NA
a273c341bc0564548ddb88b89a8ab90e@prksq.com,327,0.75,2023-02-08,2023-02-09,Angel,male,1,United States,North America,high,low,0,no specific reason,1,2023-02-22,0
a283cbc62526c00e7ce83d0c3912d583@prksq.com,42,1,2023-02-08,2023-02-10,Angel,male,1,United States,North America,low,high,0,NA,0,NA,NA
a28bcc7498d27402628405f23eb44a49@prksq.com,193,1,2023-02-08,2023-02-09,Angel,male,1,India,South Asia,high,low,0,industry,1,2023-02-10,0
a2a6101eaaa98301efd618f37355c3bd@prksq.com,7,0.5,2023-02-08,2023-02-12,Angel,male,1,United States,North America,high,high,0,no specific reason,1,2023-02-13,0
a2b402950ec7e23f429ab3b7fe645354@prksq.com,32,0.41999999,2023-02-08,2023-02-09,Angel,male,1,India,South Asia,high,low,0,NA,0,NA,NA
a2bcbff47733e2f39724bf2f0dcc6d62@prksq.com,78,0.75,2023-01-29,2023-01-29,Venture Capital,male,5,United States,North America,low,low,0,NA,0,NA,NA
a2daf9f54a8dccce2b3408980f1c6f03@prksq.com,206,0.25,2023-02-07,2023-02-07,Angel,male,1,United States,North America,high,high,0,no specific reason,1,2023-02-07,0
a2fd2b7fe5856559cf8ede4054283029@prksq.com,25,0.41999999,2023-02-08,2023-02-11,Angel,male,1,United States,North America,high,high,0,no specific reason,1,2023-02-14,0
a318878671c8f7607a825f02ba1b801b@prksq.com,56,0.25,2023-02-08,2023-02-12,Angel,male,1,United States,North America,low,low,0,NA,0,NA,NA
a329898c09c81a8c68f4e563cd8549e9@prksq.com,23,0.57999998,2023-02-08,2023-02-09,Angel,male,1,United States,North America,low,high,0,NA,0,NA,NA
a3433fdb357105fdf80b63b85ec912cd@prksq.com,149,0.33000001,2023-02-08,2023-02-10,Angel,male,1,United States,North America,low,low,0,NA,0,NA,NA
a34a19d0ba2ff17a1e66263d0d6bb890@prksq.com,142,0.5,2023-02-07,2023-02-07,Venture Capital,female,1,United States,North America,high,low,0,NA,0,NA,NA
a351d09932ce2508210ad23eccb2a60d@prksq.com,45,0.67000002,2023-02-08,2023-02-11,Venture Capital,male,3,United States,North America,high,high,0,NA,0,NA,NA
a3581de3c9dcb7f438daeb6dba7c9bde@prksq.com,269,0.92000002,2023-02-08,2023-02-10,Angel,male,1,United States,North America,low,high,0,NA,0,NA,NA
a359607836a53297c8a86013bf3b6f43@prksq.com,12,0.82999998,2023-02-08,2023-02-08,Angel,male,1,United States,North America,high,high,0,NA,0,NA,NA
a369215ffe60f3027923afbabbb9aff7@prksq.com,80,1,2023-02-07,2023-02-07,Angel,male,1,United States,North America,low,high,0,NA,0,NA,NA
a37d35ce935e3694d404b7e504cb0a6a@prksq.com,490,0.57999998,2023-02-07,2023-02-10,Angel,male,1,United States,North America,high,high,0,NA,0,NA,NA
a37d6394410131829ecc176c11beb62b@prksq.com,29,0.079999998,2023-02-08,2023-02-08,Venture Capital,male,4,United States,North America,low,low,0,NA,0,NA,NA
a3865f25a2fbdbee5755a07d15e4ab39@prksq.com,200,0.33000001,2023-02-07,2023-02-07,Venture Capital,male,1,United States,North America,high,high,0,NA,0,NA,NA
a38d621838ae9280ba1036037e43d0c1@prksq.com,332,0.67000002,2023-02-07,2023-02-08,Angel,male,1,United States,North America,high,low,0,NA,0,NA,NA
a3999dc77e5d531e4f3427518fc0408f@prksq.com,95,1,2023-02-07,2023-02-08,Venture Capital,male,2,France,Europe and Central Asia,low,high,0,NA,0,NA,NA
a3ac51b22bfeefb4bde1b9742adaf129@prksq.com,7,0.75,2023-02-08,2023-02-09,Angel,male,1,United States,North America,low,high,0,geography,1,2023-02-09,0
a3c96fbd9b63acd0daab0978debfadb0@prksq.com,245,0.67000002,2023-02-07,2023-02-07,Angel,male,2,United States,North America,high,low,0,NA,0,NA,NA
a3cb5980cf3d8d357420a08ce7ff7a4f@prksq.com,80,0.079999998,2023-02-07,2023-02-10,Angel,male,1,United States,North America,high,low,0,NA,0,NA,NA
a3dd9296343c2a75bb838c79ff2b3f49@prksq.com,8,0.41999999,2023-02-08,2023-02-11,Angel,male,1,United States,North America,low,low,0,stage,1,2023-02-11,0
a4078b4e749ca5c2735fe98895f80528@prksq.com,378,0.75,2023-02-07,2023-02-07,Angel,male,1,United States,North America,high,high,0,NA,0,NA,NA
a4319f4b61e772c865b27400fd4f3ea6@prksq.com,231,0.5,2023-02-08,2023-02-09,Angel,male,2,United States,North America,low,high,0,NA,0,NA,NA
a44a0063b1f2352bc976c5c537dd8581@prksq.com,304,0.41999999,2023-02-08,2023-02-10,Angel,male,1,United States,North America,high,low,0,NA,0,NA,NA
a44a7ebe4a81fad96649b8b3fbd77ce6@prksq.com,163,0.5,2023-02-07,2023-02-11,Angel,male,1,Brazil,Latin America and Caribbean,low,low,0,NA,0,NA,NA
a44e59fdd2583fd76712854f94e66a9a@prksq.com,9,0.82999998,2023-02-07,2023-02-10,Angel,male,1,United States,North America,low,low,0,stage,1,2023-02-12,0
a44f8409e93180cf026cdce5d918f7ca@prksq.com,11,0.25,2023-02-08,2023-02-10,Angel,male,1,India,South Asia,low,low,0,NA,0,NA,NA
a488573280ea026435970b79d7a736f5@prksq.com,208,1,2023-02-08,2023-02-08,Angel,male,1,Brazil,Latin America and Caribbean,low,high,0,NA,0,NA,NA
a48f8496b4f6503d9852c820cd826b5b@prksq.com,67,0.57999998,2023-02-08,2023-02-08,Angel,male,1,United States,North America,low,high,0,NA,0,NA,NA
a4a59fb6ceb43da37bb14d28db015b7f@prksq.com,310,0.67000002,2023-02-08,2023-02-08,Venture Capital,female,1,France,Europe and Central Asia,high,high,0,NA,0,NA,NA
a4a9d5220591ccde7923a1e021b15424@prksq.com,74,1,2023-02-08,2023-02-10,Angel,male,1,United States,North America,low,high,0,NA,0,NA,NA
a4b172d17e08775ab81c091caee68c3f@prksq.com,320,1,2023-02-05,2023-02-05,Venture Capital,male,3,United States,North America,high,high,0,NA,0,NA,NA
a4b3313ed240c73920e53bc19f765059@prksq.com,7,0.75,2023-02-08,2023-02-13,Angel,male,2,United Kingdom,Europe and Central Asia,low,high,0,NA,0,NA,NA
a4d4d1dbbc9412fb12ba59d90d52d80d@prksq.com,131,0.57999998,2023-02-08,2023-02-08,Angel,male,1,United States,North America,low,high,0,NA,0,NA,NA
a4de00dcc1a1fa357e77a833a58246d0@prksq.com,32,0.17,2023-02-08,2023-02-09,Angel,male,2,United States,North America,low,low,0,NA,0,NA,NA
a4f18204ebd8ee3b0d95abc0ef488ee4@prksq.com,199,1,2023-02-08,2023-02-10,Angel,male,1,United Kingdom,Europe and Central Asia,low,low,0,NA,0,NA,NA
a4f816e4e5d9b01f7168b87b14cd7215@prksq.com,4,1,2023-02-08,2023-02-11,Angel,male,3,United States,North America,low,high,0,NA,0,NA,NA
a510079f832d58225d180645be3c644f@prksq.com,145,0.75,2023-02-08,2023-02-09,Angel,male,1,United States,North America,low,low,0,NA,0,NA,NA
a5281c97bec62a45ddef2848f0c93be3@prksq.com,59,0.33000001,2023-02-08,2023-02-12,Venture Capital,male,3,United States,North America,high,high,0,NA,0,NA,NA
a529d254ca32ee521ce825b8a7024aa6@prksq.com,135,0.82999998,2023-02-08,2023-02-08,Angel,male,1,United States,North America,low,low,0,NA,0,NA,NA
a53034ea9d5c8965c5fa21d5bf806919@prksq.com,17,0.25,2023-02-08,2023-02-10,Angel,female,1,Israel,Middle East and North Africa,low,low,0,NA,0,NA,NA
a579320ebf06eb8f7fab9b82cffa114a@prksq.com,207,0.82999998,2023-02-08,2023-02-10,Angel,male,1,United Kingdom,Europe and Central Asia,low,high,0,no specific reason,1,2023-02-10,0
a5824eb064ad8d9a28a212fa00bbc8b4@prksq.com,132,1,2023-01-29,2023-02-12,Angel,male,1,United States,North America,low,low,0,NA,0,NA,NA
a58b19236d9d919c2dccc1ffd19f73f5@prksq.com,162,1,2023-02-08,2023-02-11,Angel,male,1,France,Europe and Central Asia,high,high,0,NA,0,NA,NA
a5a59c1bb9a89d0df1ea642a18313fc0@prksq.com,14,0.5,2023-02-08,2023-02-08,Venture Capital,male,2,United Kingdom,Europe and Central Asia,low,low,0,no specific reason,1,2023-02-08,0
a5b79f60ac3c1246d194a2e6c2e331d7@prksq.com,40,0.92000002,2023-02-08,2023-02-11,Angel,male,1,United States,North America,high,low,0,NA,0,NA,NA
a5babd808d0202d4294e364d40ac6f05@prksq.com,54,0.82999998,2023-02-08,2023-02-08,Venture Capital,male,1,United States,North America,high,low,0,NA,0,NA,NA
a5dbc5cbed83ef375ade09318c53f772@prksq.com,32,0.67000002,2023-02-08,2023-02-11,Angel,male,1,United States,North America,high,low,0,NA,0,NA,NA
a5e9cd32816ca91d8af9f7579a427388@prksq.com,108,1,2023-02-08,2023-02-08,Angel,male,1,United States,North America,low,low,0,NA,0,NA,NA
a5efae8ac2b542342bd812081f5a9904@prksq.com,46,0.67000002,2023-02-08,2023-02-09,Angel,male,1,United States,North America,high,low,0,NA,0,NA,NA
a5f639cf8ab6b8b43ea41ecdfbc1ed69@prksq.com,235,0.57999998,2023-02-08,2023-02-08,Angel,male,1,United States,North America,high,low,0,NA,0,NA,NA
a5f961658960f29adfb0941e35a5dfb2@prksq.com,119,1,2023-02-08,2023-02-10,Angel,male,1,United States,North America,high,low,0,industry,1,2023-02-12,0
a63d9a0f62786e04455ba4b89e9e3590@prksq.com,109,0.079999998,2023-02-08,2023-02-11,Angel,male,1,United States,North America,low,high,0,NA,0,NA,NA
a6426083fa0a4ef47261c1e07ea9ae18@prksq.com,78,0.41999999,2023-02-08,2023-02-08,Angel,male,1,United States,North America,high,high,0,industry,1,2023-02-08,0
a64a9d597fe0fcf63c7bdcee8cc7249d@prksq.com,121,0.92000002,2023-02-08,2023-02-10,Venture Capital,female,2,United States,North America,low,high,0,NA,0,NA,NA
a64d21c1daf270d27541ff935d2ade8d@prksq.com,475,0.5,2023-02-08,2023-02-12,Angel,male,1,United Kingdom,Europe and Central Asia,high,low,0,NA,0,NA,NA
a657312f25d25773440a9f3b55498cd0@prksq.com,200,0.75,2023-02-08,2023-02-09,Angel,male,1,United States,North America,high,low,0,NA,0,NA,NA
a657f490a356b73851bb8f92dea8c586@prksq.com,44,0.82999998,2023-02-08,2023-02-10,Angel,male,2,United States,North America,low,high,0,NA,0,NA,NA
a6599292aa873d29c59514fc4d550e5c@prksq.com,193,0.82999998,2023-02-08,2023-02-09,Angel,male,1,United States,North America,high,low,0,NA,0,NA,NA
a65e4dd6a781c8d802d9d97a6567d0de@prksq.com,73,0.5,2023-02-08,2023-02-08,Angel,male,2,United States,North America,low,low,0,NA,0,NA,NA
a664c95ab3cc93fb664957d4162b2b5a@prksq.com,29,0.079999998,2023-02-08,2023-02-08,Angel,female,1,Israel,Middle East and North Africa,low,low,0,NA,0,NA,NA
a666f1c92de08aa4e812b08ed27c10a8@prksq.com,3,0.33000001,2023-02-08,2023-02-09,Angel,male,2,Germany,Europe and Central Asia,low,high,0,NA,0,NA,NA
a66f434ef5f692434647afd05f448c53@prksq.com,51,1,2023-02-08,2023-02-09,Angel,male,1,United States,North America,high,low,0,NA,0,NA,NA
a68024fe74fb0517642efb24b02b3ab5@prksq.com,79,1,2023-02-08,2023-02-10,Angel,male,1,United States,North America,high,high,0,NA,0,NA,NA
a68d32d993656d37d55de8bdb33340d5@prksq.com,120,0.57999998,2023-02-08,2023-02-08,Angel,male,1,United States,North America,high,high,0,stage,1,2023-02-10,0
a6ad22c9950b6a115e41187b1a8c19e3@prksq.com,182,0.75,2023-02-07,2023-02-07,Angel,male,1,United States,North America,high,high,0,NA,0,NA,NA
a6ae65140779f81006e3dfc949ca47ab@prksq.com,98,0.57999998,2023-02-08,2023-02-09,Venture Capital,female,2,United Kingdom,Europe and Central Asia,high,low,0,no specific reason,1,2023-02-09,0
a6c55e8fce06ebb5a27158f3c18d828d@prksq.com,100,0.57999998,2023-02-08,2023-02-10,Angel,female,2,United States,North America,high,low,0,NA,0,NA,NA
a6cb2baf5ca178a6f0db88f7db076887@prksq.com,254,0.5,2023-02-08,2023-02-10,Angel,male,2,United States,North America,high,high,0,NA,0,NA,NA
a6cd8f1482b051a56d0ba57ece624adc@prksq.com,173,1,2023-02-08,2023-02-12,Angel,male,1,United Kingdom,Europe and Central Asia,low,low,0,NA,0,NA,NA
a6d6baf5f8368abd87c96867cafa3db3@prksq.com,41,0.67000002,2023-02-08,2023-02-10,Angel,male,1,United States,North America,low,low,0,NA,0,NA,NA
a7001bff36feeb15f23abf0c9baf951f@prksq.com,11,0.5,2023-02-08,2023-02-11,Angel,male,1,United States,North America,low,high,0,NA,0,NA,NA
a7124ecaaaec09f6df67e6df2829d4aa@prksq.com,8,1,2023-02-08,2023-02-09,Angel,male,1,United Kingdom,Europe and Central Asia,low,low,0,industry,1,2023-02-09,0
a72ce3e9dd878b9dd686ecc9c9559b50@prksq.com,153,0.33000001,2023-02-08,2023-02-11,Angel,male,1,United States,North America,low,high,0,NA,0,NA,NA
a74a44d6561b6fbf6debc40a08f60a39@prksq.com,53,1,2023-02-08,2023-02-11,Angel,male,1,United States,North America,high,high,0,NA,0,NA,NA
a752739f4535d0a296bdb7b4d0cfcf92@prksq.com,159,0.82999998,2023-02-08,2023-02-08,Angel,male,2,United States,North America,low,low,0,investment strategy,1,2023-02-10,0
a75c65ef2961e6834c3eb9668245c493@prksq.com,46,0.82999998,2023-02-08,2023-02-10,Angel,male,2,Israel,Middle East and North Africa,low,low,0,NA,0,NA,NA
a7601494fbe093d5bcd72eec36cdd739@prksq.com,140,1,2023-02-08,2023-02-09,Angel,male,1,United States,North America,high,low,0,NA,0,NA,NA
a76129da7a12813721b8768da303daf8@prksq.com,72,0.82999998,2023-02-08,2023-02-09,Angel,male,2,United States,North America,high,high,0,NA,0,NA,NA
a76516ae477e2ea2ca91f23f4e30b2c0@prksq.com,112,0.67000002,2023-02-08,2023-02-08,Venture Capital,male,4,United States,North America,low,high,0,NA,0,NA,NA
a76c1ac0f259253b17a9e0e46688a3b2@prksq.com,90,0.57999998,2023-02-08,2023-02-08,Angel,male,1,United Kingdom,Europe and Central Asia,low,low,0,no specific reason,1,2023-02-08,0
a79148679ee77b632bbb9e1aa30eb188@prksq.com,18,0.75,2023-02-08,2023-02-10,Angel,male,1,China,East Asia and Pacific,high,high,0,NA,0,NA,NA
a7a088ff3d1ccd0acc3776bfa44cc428@prksq.com,107,0.33000001,2023-02-08,2023-02-10,Angel,male,1,United States,North America,low,low,0,NA,0,NA,NA
a7bec8ad8f4d98e742dadc5ceb2d3e41@prksq.com,6,0.67000002,2023-02-08,2023-02-11,Angel,male,1,United States,North America,high,high,0,stage,1,2023-02-11,0
a7d20d23cc610b6b1f36df503e7c58f5@prksq.com,33,0.57999998,2023-02-08,2023-02-09,Angel,male,2,United States,North America,high,low,0,NA,0,NA,NA
a7d2d25dbdd209841d1f0f114ccc0ba9@prksq.com,228,0.33000001,2023-02-08,2023-02-08,Venture Capital,female,6,United States,North America,high,low,0,stage,1,2023-02-08,0
a7d3f9f882430ab3c5cdcf80a3606747@prksq.com,312,0.079999998,2023-02-08,2023-02-10,Angel,male,1,United States,North America,low,high,0,NA,0,NA,NA
a7eb3cce96f221a5988d27da2807ab25@prksq.com,449,0.57999998,2023-02-08,2023-02-11,Angel,female,2,United States,North America,high,high,0,NA,0,NA,NA
a7ef1bd83b466292bf26ea2a945dd1e1@prksq.com,60,1,2023-02-08,2023-02-08,Angel,female,1,United States,North America,low,high,0,NA,0,NA,NA
a7f3536340e2b9f9fc1831ab180bb4b0@prksq.com,72,0.75,2023-01-30,2023-01-30,Angel,male,1,United States,North America,high,high,0,NA,0,NA,NA
a8190690cc8f009cbdd2ad8ecdb31741@prksq.com,147,0.41999999,2023-02-08,2023-02-10,Venture Capital,male,1,United States,North America,high,high,0,NA,0,NA,NA
a81b47fa3d3320161e5e472b2d78cdfb@prksq.com,263,0.33000001,2023-02-08,2023-02-08,Angel,male,1,United Kingdom,Europe and Central Asia,low,high,0,NA,0,NA,NA
a84281d3fdfaa216652fcbd65594359c@prksq.com,28,0.17,2023-02-08,2023-02-11,Angel,male,2,United States,North America,low,low,0,no specific reason,1,2023-02-14,0
a844f2ad33bd8b61858326f43050c904@prksq.com,5,0.25,2023-02-08,2023-02-09,Angel,male,1,United States,North America,low,low,0,NA,0,NA,NA
a848c485a82d9dd15299a85c30918aba@prksq.com,31,0.079999998,2023-02-08,2023-02-08,Venture Capital,female,2,United States,North America,high,low,0,NA,0,NA,NA
a869fc3238701ebc4befe415fd1434ae@prksq.com,405,0.33000001,2023-02-08,2023-02-12,Angel,male,1,United States,North America,high,high,0,NA,0,NA,NA
a86c0ea688fc3acf4081ed998fc51a49@prksq.com,53,0.33000001,2023-02-08,2023-02-11,Angel,male,1,United States,North America,low,high,0,NA,0,NA,NA
a8b9092367fdfee13deac55de8a567f9@prksq.com,34,0.33000001,2023-02-08,2023-02-12,Angel,male,1,United States,North America,low,low,0,NA,0,NA,NA
a8c953661552c5bd76de58f45d47b38b@prksq.com,304,0.41999999,2023-02-08,2023-02-11,Angel,male,1,France,Europe and Central Asia,high,high,0,NA,0,NA,NA
a8de7d872cf9a4a1c8fd14d442f0146a@prksq.com,266,0.75,2023-02-08,2023-02-08,Venture Capital,female,1,United States,North America,high,low,0,NA,0,NA,NA
a8f72d125d23efd1dcdfc328c21cdb96@prksq.com,70,1,2023-02-08,2023-02-08,Venture Capital,male,4,United States,North America,low,high,0,NA,0,NA,NA
a8f7414774f4ed002e790180704efb9b@prksq.com,23,0.67000002,2023-02-08,2023-02-09,Angel,female,1,Germany,Europe and Central Asia,high,high,0,NA,0,NA,NA
a901a8d913fa01142e6d027c88b7f52f@prksq.com,349,0.67000002,2023-02-08,2023-02-08,Angel,male,2,United Kingdom,Europe and Central Asia,high,high,0,NA,0,NA,NA
a912273b54a00ec82cf70a65fd23514e@prksq.com,199,1,2023-02-08,2023-02-08,Angel,male,1,United States,North America,high,high,0,NA,0,NA,NA
a92572e671632580cdd6a13617ef1475@prksq.com,88,0.92000002,2023-02-03,2023-02-03,Angel,male,1,United States,North America,high,low,0,NA,0,NA,NA
a92fcc149ae264f9019cae780e801144@prksq.com,45,0.33000001,2023-02-08,2023-02-10,Venture Capital,male,2,United States,North America,low,high,0,NA,0,NA,NA
a9592217ba54dab00b00fadf24db21c4@prksq.com,340,1,2023-02-08,2023-02-10,Angel,male,1,Germany,Europe and Central Asia,high,low,0,NA,0,NA,NA
a962846cff4886d0f64876651d216bdb@prksq.com,11,0.41999999,2023-02-08,2023-02-08,Angel,male,1,United States,North America,high,low,0,NA,0,NA,NA
a9684450d3c26ebac8e5b40d4e38ab00@prksq.com,68,1,2023-02-08,2023-02-09,Angel,male,2,United States,North America,low,low,1,more info/clarification,1,2023-02-09,1
a9808dd0a9804cf21a0c2ee182dfbe24@prksq.com,140,0.75,2023-02-08,2023-02-12,Angel,male,1,United States,North America,high,low,0,NA,0,NA,NA
a99579519cca9eacd5a5baa6142b087f@prksq.com,51,0.33000001,2023-02-08,2023-02-11,Venture Capital,male,4,United Kingdom,Europe and Central Asia,low,high,0,no specific reason,1,2023-02-11,0
a9980c3d202afaef60e49869988bc013@prksq.com,318,0.57999998,2023-02-08,2023-02-09,Venture Capital,male,4,United States,North America,high,low,0,NA,0,NA,NA
a9b84861b59df6205ef7828794d643e4@prksq.com,288,1,2023-02-09,2023-02-10,Angel,female,2,United States,North America,high,low,0,NA,0,NA,NA
a9d7ae4ca774a6d22a13190e32e66d92@prksq.com,171,0.67000002,2023-02-09,2023-02-11,Angel,male,1,United States,North America,high,high,0,NA,0,NA,NA
a9eeefbaa004e9571984280728c8333f@prksq.com,79,1,2023-02-09,2023-02-11,Venture Capital,male,5,United States,North America,low,low,0,NA,0,NA,NA
a9fccb364f270ae9f5adda4968eb2852@prksq.com,52,0.92000002,2023-02-09,2023-02-10,Angel,male,1,United States,North America,low,low,0,industry,1,2023-02-11,0
aa07c2ec25737ca4212650bb59484b4a@prksq.com,25,0.82999998,2023-02-08,2023-02-10,Angel,male,1,United States,North America,high,high,0,NA,0,NA,NA
aa190c787f4e31364fb009acaaff5d29@prksq.com,145,0.92000002,2023-02-03,2023-02-03,Venture Capital,male,3,United States,North America,high,high,0,NA,0,NA,NA
aa1a868ce2787040ff6929ea513ea471@prksq.com,19,0.5,2023-02-09,2023-02-13,Angel,male,1,United States,North America,low,low,0,NA,0,NA,NA
aa3f3ed8504e9f6b558dd276ed5fd414@prksq.com,132,0.92000002,2023-02-09,2023-02-10,Angel,male,1,United States,North America,high,high,0,NA,0,NA,NA
aa458db2f04edcbafbb1470d680d8fc4@prksq.com,138,0.75,2023-02-09,2023-02-09,Venture Capital,male,5,United States,North America,low,low,0,NA,0,NA,NA
aa464d4cea285d729a4c1fde586472b0@prksq.com,355,1,2023-01-29,2023-01-29,Angel,male,1,United States,North America,low,high,0,no investments,1,2023-01-31,0
aa48eb17fe2c5649fe65bce7526b243f@prksq.com,292,0.92000002,2023-02-09,2023-02-12,Angel,male,1,United States,North America,high,high,0,NA,0,NA,NA
aa4e653fd1609539187c00386fac1985@prksq.com,69,0.67000002,2023-02-09,2023-02-11,Angel,male,1,United States,North America,high,low,0,NA,0,NA,NA
aa6e4c87ec5a064c6b0e97e0a930f8a0@prksq.com,40,1,2023-02-08,2023-02-11,Angel,male,1,United States,North America,low,low,0,NA,0,NA,NA
aa897730fbc534fe883168a323e1cf06@prksq.com,92,1,2023-02-08,2023-02-08,Angel,male,2,United States,North America,high,low,0,NA,0,NA,NA
aa929aacedf2733d0ea8fa731130d69e@prksq.com,220,0.67000002,2023-02-09,2023-02-11,Angel,male,1,United States,North America,high,low,0,NA,0,NA,NA
aab00522757e0c7268fad9a0210f5383@prksq.com,18,0.17,2023-02-09,2023-02-12,Angel,male,1,United States,North America,high,high,0,NA,0,NA,NA
aab2bc141a83e7143a844293db4b93aa@prksq.com,141,1,2023-01-29,2023-01-29,Angel,female,1,United Kingdom,Europe and Central Asia,low,low,0,NA,0,NA,NA
aab9f157b16ad29e00319248c634ab8c@prksq.com,131,1,2023-02-09,2023-02-12,Angel,male,1,United States,North America,low,high,0,NA,0,NA,NA
aac5bda069258c4b3c81a8819f5c0b7a@prksq.com,9,0.079999998,2023-02-09,2023-02-10,Venture Capital,male,2,United States,North America,low,low,0,NA,0,NA,NA
aad7fcdcc04c45c81c118d4c02cb5a7f@prksq.com,559,1,2023-02-09,2023-02-10,Angel,male,1,United States,North America,high,high,0,NA,0,NA,NA
aadac32775366624ef58c60a2c25976b@prksq.com,489,0.82999998,2023-02-05,2023-02-05,Angel,male,1,United States,North America,high,low,0,NA,0,NA,NA
aae9d1694984a533ea0ddbc401d2ab95@prksq.com,358,1,2023-02-02,2023-02-02,Angel,male,1,United States,North America,high,low,0,NA,0,NA,NA
ab06772c359604a09ce633e7d2cc206b@prksq.com,29,0.079999998,2023-02-09,2023-02-09,Angel,female,1,United States,North America,low,low,0,NA,0,NA,NA
ab072cdfe56465cc55ed79563c541a03@prksq.com,209,0.57999998,2023-02-09,2023-02-09,Angel,male,1,United States,North America,high,low,0,NA,0,NA,NA
ab0839fb0e93af9654904b30885b4b5f@prksq.com,69,0.92000002,2023-02-09,2023-02-13,Angel,male,1,United States,North America,low,high,0,NA,0,NA,NA
ab113b4a33dd933889c2a94042a8be63@prksq.com,14,0.75,2023-02-09,2023-02-09,Angel,male,1,United States,North America,high,high,0,NA,0,NA,NA
ab14cb2b385266f0b4f886956ad6d6aa@prksq.com,453,0.75,2023-02-09,2023-02-09,Angel,male,1,United States,North America,high,high,0,industry,1,2023-02-09,0
ab1737de6926ac6e7174ecb9a4ae6652@prksq.com,7,0.33000001,2023-02-08,2023-02-08,Venture Capital,male,2,United States,North America,low,high,0,NA,0,NA,NA
ab1e6484c84a55edc971f863f3658486@prksq.com,9,0.67000002,2023-02-09,2023-02-11,Angel,male,1,United States,North America,low,low,0,NA,0,NA,NA
ab3eb7b624110996da999af21a7bcdd0@prksq.com,108,1,2023-02-09,2023-02-09,Venture Capital,male,3,United States,North America,high,high,0,NA,0,NA,NA
ab5b60db88e9659e508236a0df743124@prksq.com,299,0.82999998,2023-02-04,2023-02-04,Venture Capital,male,3,United States,North America,low,low,0,NA,0,NA,NA
ab65309d6f5676316664177c5f0bb36b@prksq.com,370,0.5,2023-01-31,2023-02-11,Angel,male,2,United States,North America,high,high,0,NA,0,NA,NA
ab72c4725c642fccd8fefa99a7e10ab5@prksq.com,314,1,2023-02-09,2023-02-09,Angel,male,1,United States,North America,low,high,0,NA,0,NA,NA
ab92c109e44798ab0b0c806ea0301714@prksq.com,9,0.41999999,2023-02-09,2023-02-12,Angel,male,1,United States,North America,low,low,0,NA,0,NA,NA
ab9f1a4dbf4d1707f7bc18d6199ee43e@prksq.com,235,0.82999998,2023-02-09,2023-02-09,Angel,male,1,Singapore,East Asia and Pacific,low,high,0,NA,0,NA,NA
abbbbd2b9b884f3623f7612a8258c96c@prksq.com,155,0.67000002,2023-02-09,2023-02-09,Angel,female,1,United States,North America,low,low,0,NA,0,NA,NA
abbcdbe9d9db54eaa48c8c7eb086d9de@prksq.com,108,1,2023-02-09,2023-02-09,Venture Capital,male,1,United States,North America,high,high,0,no specific reason,1,2023-02-12,0
abbcdf41e9ef6c1e401fc2d2e5462d64@prksq.com,97,1,2023-02-09,2023-02-12,Angel,male,1,Germany,Europe and Central Asia,low,low,0,NA,0,NA,NA
abc601d68c64128d0020ef0f5c19640a@prksq.com,3,1,2023-02-09,2023-02-11,Venture Capital,male,1,United States,North America,high,low,0,NA,0,NA,NA
abd83fd862a13a57c2a663ec9fa7382c@prksq.com,133,0.41999999,2023-02-09,2023-02-12,Angel,male,1,United States,North America,high,low,0,NA,0,NA,NA
abe34ebf7d4734c88ab0ce24ff5d7479@prksq.com,10,0.92000002,2023-02-09,2023-02-11,Angel,male,1,United States,North America,high,high,0,industry,1,2023-02-11,0
abe4fb9a8629ac2a7be83842616682ee@prksq.com,31,0.079999998,2023-02-09,2023-02-09,Angel,male,1,United States,North America,low,high,0,NA,0,NA,NA
ac153cfe5ae33be37a3abc32ffffdf5f@prksq.com,3,0.33000001,2023-02-09,2023-02-14,Angel,male,1,United States,North America,high,low,0,NA,0,NA,NA
ac1b1980c7b577798035e0cb222b8860@prksq.com,64,0.75,2023-02-09,2023-02-11,Angel,male,1,United States,North America,low,high,0,NA,0,NA,NA
ac280e7cce153937796519eddc27872e@prksq.com,29,0.079999998,2023-02-09,2023-02-09,Venture Capital,male,3,United States,North America,high,high,0,NA,0,NA,NA
ac3244ad8292720b6871bf2357121e6f@prksq.com,635,0.67000002,2023-02-09,2023-02-10,Venture Capital,male,1,United States,North America,high,low,0,NA,0,NA,NA
ac387f4798615cc7eb6cf413a46120bc@prksq.com,133,1,2023-02-09,2023-02-11,Venture Capital,female,2,United States,North America,low,low,0,NA,0,NA,NA
ac3a9e89ae3609670d12f65bd87f470b@prksq.com,89,0.82999998,2023-02-09,2023-02-09,Angel,male,1,United States,North America,low,low,0,NA,0,NA,NA
ac3e5881ad0cce9e4183ff0777e7211c@prksq.com,34,0.82999998,2023-02-09,2023-02-09,Venture Capital,male,1,United Kingdom,Europe and Central Asia,high,high,0,NA,0,NA,NA
ac4a56c17726ccdd1f9dd72083b97d5b@prksq.com,73,0.92000002,2023-02-09,2023-02-10,Venture Capital,male,5,United States,North America,high,high,0,NA,0,NA,NA
ac533e3ab19fb524161ebd7cf21dac2c@prksq.com,118,0.67000002,2023-02-09,2023-02-10,Venture Capital,male,5,United States,North America,low,low,0,industry,1,2023-02-10,0
ac6bbe85a80ad897183aca539557fb0f@prksq.com,31,0.079999998,2023-02-09,2023-02-09,Angel,male,1,United States,North America,low,high,0,NA,0,NA,NA
ac812efe779019020ccc0233b5d247b2@prksq.com,27,0.82999998,2023-02-09,2023-02-11,Angel,male,1,United States,North America,high,low,0,NA,0,NA,NA
ac9eada8763ce9e93e10fad428206cbb@prksq.com,24,0.079999998,2023-02-09,2023-02-10,Angel,male,1,United States,North America,low,low,0,NA,0,NA,NA
aca70e47ad6d44912ec530b81e9a3614@prksq.com,516,0.41999999,2023-02-09,2023-02-11,Angel,male,1,India,South Asia,high,high,0,NA,0,NA,NA
acb0d2a03d2e5e50c2ed7c28a9bf88d9@prksq.com,151,0.92000002,2023-02-09,2023-02-12,Angel,male,1,United States,North America,low,low,0,NA,0,NA,NA
acc009c4fa0484fed4cdd58c2dc5514c@prksq.com,44,1,2023-02-09,2023-02-10,Angel,male,2,United States,North America,low,high,0,NA,0,NA,NA
aced165099618edb9c312f4cb85e8af8@prksq.com,29,0.079999998,2023-02-09,2023-02-09,Angel,female,2,United States,North America,low,low,0,NA,0,NA,NA
acedbae14e7af953886898df861c12e6@prksq.com,66,0.92000002,2023-02-09,2023-02-10,Angel,male,1,Canada,North America,high,high,0,NA,0,NA,NA
ad034b07c5638e9300b5c3bc7fa5c1a7@prksq.com,236,0.67000002,2023-02-09,2023-02-11,Angel,male,1,United States,North America,low,low,0,investment strategy,1,2023-02-14,0
ad0358f892bfb1060aee38f5b161fccf@prksq.com,29,0.079999998,2023-02-09,2023-02-09,Angel,male,1,United States,North America,low,low,0,NA,0,NA,NA
ad0af4ba27cc93eec860ca6ad787070b@prksq.com,27,1,2023-02-09,2023-02-16,Venture Capital,male,5,United States,North America,high,low,0,NA,0,NA,NA
ad0d946c730304ad0d46b74abc124d56@prksq.com,45,0.33000001,2023-02-09,2023-02-12,Angel,male,1,France,Europe and Central Asia,high,low,0,NA,0,NA,NA
ad23c5fc3386caf20f853d1f525fb2ec@prksq.com,24,0.079999998,2023-02-09,2023-02-09,Angel,male,1,United States,North America,low,high,0,NA,0,NA,NA
ad36c57524c2c9c441809dd9c5cfe2a8@prksq.com,52,0.92000002,2023-02-08,2023-02-08,Venture Capital,male,5,United States,North America,low,high,0,NA,0,NA,NA
ad3eae0af7cd99a61b4977d7b9c38513@prksq.com,282,0.92000002,2023-01-29,2023-01-29,Angel,male,1,United States,North America,high,low,0,NA,0,NA,NA
ad6be4cccc3a0294abd4966dbe312678@prksq.com,304,0.92000002,2023-02-04,2023-02-11,Angel,male,1,United States,North America,low,high,0,NA,0,NA,NA
ad7393882d964ce13af2e950854ea769@prksq.com,119,0.57999998,2023-02-09,2023-02-11,Angel,male,2,United States,North America,low,low,0,NA,0,NA,NA
ad86b68ebb86df09d00993e83a1aefd7@prksq.com,443,0.92000002,2023-02-09,2023-02-09,Angel,male,1,India,South Asia,low,high,0,NA,0,NA,NA
ad8817656db61ee1f75ce87c4af349b6@prksq.com,43,1,2023-02-09,2023-02-10,Angel,male,1,United States,North America,high,low,0,NA,0,NA,NA
ad8ce038d5a1bda39d33a4802f4e7754@prksq.com,16,0.33000001,2023-02-09,2023-02-10,Angel,male,1,United States,North America,low,high,0,industry,1,2023-02-10,0
ad96027c692875fddc86fe03e58e6638@prksq.com,491,0.57999998,2023-02-09,2023-02-11,Venture Capital,male,6,United Kingdom,Europe and Central Asia,high,high,0,NA,0,NA,NA
ad9b4565a914f25d2d7a6988c6771031@prksq.com,147,0.57999998,2023-02-09,2023-02-13,Angel,male,1,United States,North America,low,high,0,no specific reason,1,2023-02-13,0
ad9d59273db16a46f5281cac07327c81@prksq.com,38,0.92000002,2023-02-09,2023-02-09,Angel,male,1,United States,North America,high,low,0,NA,0,NA,NA
adb30769b95052cecc84854b96e8a614@prksq.com,152,1,2023-02-09,2023-02-09,Angel,male,1,United States,North America,low,high,0,NA,0,NA,NA
adb778ff2eb8de10b1a122df3197b233@prksq.com,342,0.92000002,2023-02-09,2023-02-09,Angel,male,1,United States,North America,high,high,0,NA,0,NA,NA
add330192b5325b213c0bed01bb8ce95@prksq.com,44,0.82999998,2023-02-09,2023-02-15,Angel,male,1,United States,North America,low,low,0,NA,0,NA,NA
addd86ff08baee7a2d081a0413a4881d@prksq.com,94,1,2023-02-09,2023-02-10,Angel,male,1,United States,North America,low,high,0,stage,1,2023-02-10,0
adf8ad440cb0535e8c8b5b0e2c4d9ff1@prksq.com,29,0.079999998,2023-02-09,2023-02-09,Angel,male,1,United States,North America,low,low,0,NA,0,NA,NA
adf965b0fee264859dd58a57b1c752a3@prksq.com,135,1,2023-01-31,2023-01-31,Venture Capital,male,2,China,East Asia and Pacific,low,low,0,NA,0,NA,NA
adfd7030e8535769c48dc26818f71257@prksq.com,16,0.92000002,2023-02-09,2023-02-12,Venture Capital,female,1,United States,North America,high,high,0,NA,0,NA,NA
ae06607b78fcf277fd340eb067941a52@prksq.com,127,0.82999998,2023-02-07,2023-02-10,Venture Capital,male,5,United States,North America,low,low,0,NA,0,NA,NA
ae144889f370c3dee56aa9b916e88abb@prksq.com,8,0.17,2023-02-05,2023-02-12,Venture Capital,male,2,Brazil,Latin America and Caribbean,low,low,0,NA,0,NA,NA
ae22dd9cb1f88c942c47833c84d6247f@prksq.com,298,0.41999999,2023-02-09,2023-02-10,Angel,male,2,United Kingdom,Europe and Central Asia,high,low,0,NA,0,NA,NA
ae39c07c5049ce42614270d3c9a25949@prksq.com,13,0.92000002,2023-02-09,2023-02-09,Angel,male,1,United States,North America,high,low,0,NA,0,NA,NA
ae4890aa9e17535c176a61d996ca5fab@prksq.com,29,0.079999998,2023-02-09,2023-02-09,Angel,male,3,United States,North America,high,high,0,NA,0,NA,NA
ae512493fae53f61ee02ad5bbce69df2@prksq.com,52,0.92000002,2023-02-09,2023-02-11,Angel,male,1,United States,North America,low,low,0,NA,0,NA,NA
ae586667677f2a2a63b277938d178101@prksq.com,28,1,2023-02-09,2023-02-11,Angel,male,2,United States,North America,low,high,0,NA,0,NA,NA
ae62264c716b0851c2d7267ec4b7b30e@prksq.com,96,0.67000002,2023-02-10,2023-02-12,Angel,male,1,United States,North America,high,low,0,NA,0,NA,NA
ae68f4d150d7fdb91d1f4ae893ee2463@prksq.com,80,0.33000001,2023-02-10,2023-02-10,Angel,male,1,United States,North America,low,high,0,NA,0,NA,NA
ae7d09d88b90ea9685f87256b42c990c@prksq.com,21,0.41999999,2023-02-08,2023-02-12,Angel,male,1,United States,North America,high,high,0,NA,0,NA,NA
ae7e74a86afc7e6e121560ca9038333d@prksq.com,114,0.41999999,2023-02-09,2023-02-10,Angel,male,1,United States,North America,low,high,0,NA,0,NA,NA
ae80476d283decf2a4c71be58c9e7e60@prksq.com,29,0.75,2023-02-10,2023-02-10,Angel,male,1,United States,North America,high,low,0,NA,0,NA,NA
ae96b9257bcc2ee71c7c644089cfe344@prksq.com,145,0.82999998,2023-02-09,2023-02-09,Angel,male,1,United States,North America,high,high,0,NA,0,NA,NA
ae97f7bac566d07a6be0b60974794429@prksq.com,62,0.75,2023-02-09,2023-02-12,Angel,male,1,United States,North America,low,high,0,NA,0,NA,NA
aea056365606fa3df5a05d683a2da647@prksq.com,6,0.67000002,2023-02-04,2023-02-04,Angel,male,1,United States,North America,high,low,0,NA,0,NA,NA
aea2d7b01a5c7ed77faed939018a0081@prksq.com,117,0.82999998,2023-02-09,2023-02-11,Angel,male,2,United States,North America,low,low,0,NA,0,NA,NA
aea6525d12c55f04348ce6a6c9518a2a@prksq.com,50,0.079999998,2023-02-09,2023-02-11,Angel,male,1,United States,North America,low,low,0,NA,0,NA,NA
aeb2e6a74779188fc5915251993ae31c@prksq.com,77,1,2023-02-09,2023-02-10,Angel,male,1,United States,North America,low,low,0,NA,0,NA,NA
aec67b9eebe01da45dda94ee17d08a1e@prksq.com,118,1,2023-02-09,2023-02-09,Angel,male,2,United States,North America,high,low,0,no investments,1,2023-02-11,0
aecda524725c308996265239f7a95532@prksq.com,341,1,2023-02-09,2023-02-11,Angel,male,1,United States,North America,low,high,0,NA,0,NA,NA
aece01baaba684d0513ee1c9efd44ce7@prksq.com,24,0.079999998,2023-02-10,2023-02-10,Angel,male,1,United States,North America,high,low,0,investment strategy,1,2023-02-10,0
af02c5d28b0aaa76363793fabab66b83@prksq.com,107,0.57999998,2023-02-09,2023-02-12,Angel,male,2,United States,North America,low,high,0,NA,0,NA,NA
af0317ab570898500473ddda1bce1d65@prksq.com,109,0.82999998,2023-02-10,2023-02-12,Angel,male,2,United States,North America,low,low,0,NA,0,NA,NA
af1cdc32fd3485849c4b901d6fbc6169@prksq.com,169,0.41999999,2023-02-09,2023-02-09,Angel,male,2,United States,North America,low,high,0,NA,0,NA,NA
af1e029debb3977b92e4165ccc3a5359@prksq.com,46,0.41999999,2023-01-29,2023-02-10,Venture Capital,male,3,United States,North America,low,low,0,NA,0,NA,NA
af1f0b4656ae96230446c936e2d8db92@prksq.com,850,1,2023-02-09,2023-02-12,Angel,male,1,United States,North America,high,high,0,NA,0,NA,NA
af35f0e3beef32ad6d224d59e8312166@prksq.com,51,1,2023-02-04,2023-02-04,Angel,male,11,United States,North America,low,low,0,NA,0,NA,NA
af37f794184ce3022b541b77d05e39e9@prksq.com,270,0.5,2023-02-09,2023-02-12,Angel,male,2,United States,North America,low,low,0,NA,0,NA,NA
af3a50b1e569cdf35ee15ca4f148c102@prksq.com,84,0.57999998,2023-02-10,2023-02-11,Angel,male,2,India,South Asia,low,low,0,no specific reason,1,2023-02-11,0
af3db85265fa8ec23338962be5cd0955@prksq.com,190,1,2023-02-09,2023-02-10,Angel,male,2,United States,North America,low,high,0,NA,0,NA,NA
af440c374b81e48e060995dd42ec3cb8@prksq.com,133,0.57999998,2023-02-09,2023-02-10,Angel,male,1,United States,North America,low,low,0,NA,0,NA,NA
af44b89c180f16348996ef109243a03e@prksq.com,249,0.75,2023-02-09,2023-02-12,Angel,male,1,United States,North America,high,low,0,NA,0,NA,NA
af48ede86dece1cbbecb8cb574cbe3d6@prksq.com,618,1,2023-02-09,2023-02-11,Venture Capital,male,1,United States,North America,high,high,0,NA,0,NA,NA
af4c52dbcf1ff43eafc3f81b024deace@prksq.com,125,1,2023-02-09,2023-02-10,Angel,male,1,United States,North America,high,high,0,NA,0,NA,NA
af584611d75cb4d0ca0a65e1ce1eb81f@prksq.com,189,1,2023-02-09,2023-02-10,Angel,male,1,United States,North America,high,low,0,NA,0,NA,NA
af6aa852b5a27e1159633b360e723303@prksq.com,276,0.41999999,2023-02-09,2023-02-13,Angel,female,1,United States,North America,high,low,0,NA,0,NA,NA
af6d9f2bd5c6dcbd9603282341a585ee@prksq.com,134,1,2023-01-29,2023-01-29,Venture Capital,male,5,India,South Asia,low,high,0,NA,0,NA,NA
af6fde49daabee0da51978d3c3f3ddc3@prksq.com,3,1,2023-02-09,2023-02-12,Angel,male,1,United States,North America,high,high,0,NA,0,NA,NA
af8c44850f237513f23c069794aff789@prksq.com,192,0.57999998,2023-02-09,2023-02-09,Angel,male,1,United States,North America,low,low,0,NA,0,NA,NA
afa587ccd4f5c7cd543644cb2ef059d2@prksq.com,235,0.67000002,2023-02-09,2023-02-13,Angel,male,1,United States,North America,high,low,0,NA,0,NA,NA
afa717f0940912b4aa1b7bac1e248a39@prksq.com,18,0.41999999,2023-02-09,2023-02-11,Angel,male,1,United States,North America,low,high,0,NA,0,NA,NA
afaf3d16865f1f71dc375a2d36499810@prksq.com,181,0.75,2023-02-09,2023-02-09,Angel,male,1,United States,North America,high,high,0,no specific reason,1,2023-02-09,0
afba9ed6eff71e01496ae639aa73c006@prksq.com,274,0.5,2023-02-09,2023-02-10,Angel,male,2,United States,North America,high,low,0,NA,0,NA,NA
afc010fa9a103a8056dfeb5e275f5ae2@prksq.com,84,0.82999998,2023-02-09,2023-02-10,Venture Capital,male,5,Canada,North America,low,high,0,NA,0,NA,NA
afc4acb58577f05c6def9aa8d82b8cf4@prksq.com,39,0.5,2023-02-09,2023-02-14,Angel,male,1,France,Europe and Central Asia,low,low,0,NA,0,NA,NA
afcc261c45cadc6ab5a36de473052314@prksq.com,65,0.75,2023-02-09,2023-02-10,Angel,male,2,United States,North America,high,low,0,NA,0,NA,NA
afd842d965ceb2a1f2da65e43b545d38@prksq.com,276,0.57999998,2023-02-04,2023-02-04,Venture Capital,male,4,United Kingdom,Europe and Central Asia,low,high,0,no investments,1,2023-02-10,0
afe72660f50d036e98a593c4d74b3554@prksq.com,39,0.5,2023-02-09,2023-02-12,Venture Capital,male,2,Canada,North America,low,high,0,NA,0,NA,NA
affafd82a4a138499df2a69e01e06bd8@prksq.com,144,1,2023-02-10,2023-02-10,Angel,male,1,United States,North America,low,low,0,NA,0,NA,NA
afff9d10deb0207f06a05362b0834087@prksq.com,454,0.41999999,2023-02-10,2023-02-10,Angel,male,1,United States,North America,high,high,0,NA,0,NA,NA
b0096de82f865850278666095f8cd38a@prksq.com,354,1,2023-02-10,2023-02-10,Angel,male,1,United Kingdom,Europe and Central Asia,high,low,0,NA,0,NA,NA
b01c497f87cdea56e70f51a1c766dd82@prksq.com,4,1,2023-02-09,2023-02-12,Venture Capital,male,1,Singapore,East Asia and Pacific,high,high,0,NA,0,NA,NA
b01f16b9be41945be1ac9348ec08eac9@prksq.com,27,0.57999998,2023-02-09,2023-02-10,Venture Capital,male,5,United States,North America,high,high,0,NA,0,NA,NA
b0442067f57a1045a1992c646e8ee683@prksq.com,7,0.079999998,2023-02-09,2023-02-09,Angel,female,1,United States,North America,low,low,0,industry,1,2023-02-09,0
b05c0a52dd89e98ffa5654ff87797f4a@prksq.com,29,0.079999998,2023-02-09,2023-02-09,Venture Capital,male,2,United States,North America,low,low,0,NA,0,NA,NA
b062aae0f348ce449d2f9529fe1791cc@prksq.com,61,1,2023-02-09,2023-02-09,Venture Capital,male,2,China,East Asia and Pacific,high,high,0,NA,0,NA,NA
b070cb7161f5e7c61a7abd1b1d85943c@prksq.com,85,0.82999998,2023-02-10,2023-02-13,Angel,male,1,United States,North America,high,high,0,no specific reason,1,2023-02-13,0
b0751f4c216d66f9138b173bee3091f8@prksq.com,50,0.92000002,2023-02-10,2023-02-14,Angel,male,1,Germany,Europe and Central Asia,high,high,0,NA,0,NA,NA
b08a4fa9fcf42e974b7b265a6b79ca14@prksq.com,66,0.5,2023-02-09,2023-02-11,Angel,male,1,United States,North America,high,low,0,NA,0,NA,NA
b08e985bc047523a9eb1b6011a125cf6@prksq.com,85,0.67000002,2023-02-10,2023-02-10,Angel,male,1,United States,North America,low,high,0,NA,0,NA,NA
b0ab4307e560b4ae4dd270eaf1131ada@prksq.com,337,1,2023-02-10,2023-02-15,Angel,male,2,United States,North America,high,high,0,NA,0,NA,NA
b0b7b2863c95c1c0fea1bbf290c414ff@prksq.com,76,0.92000002,2023-02-08,2023-02-13,Angel,male,1,Germany,Europe and Central Asia,high,high,0,NA,0,NA,NA
b0b7e70f49396d61a9aa34dbca73c9ad@prksq.com,22,0.079999998,2023-02-10,2023-02-10,Angel,male,1,Singapore,East Asia and Pacific,high,high,0,NA,0,NA,NA
b0bb5ec1d6a0e9afbf4b1447a73dd6af@prksq.com,207,0.079999998,2023-02-09,2023-02-11,Angel,male,1,United Kingdom,Europe and Central Asia,high,low,0,NA,0,NA,NA
b0bc80cefc3037c4cb44baf34447d83c@prksq.com,153,0.82999998,2023-02-09,2023-02-11,Angel,male,2,United States,North America,high,high,0,NA,0,NA,NA
b0dc5f51797439fe4dee995b1768aa7e@prksq.com,102,0.67000002,2023-02-10,2023-02-12,Angel,male,1,United States,North America,low,low,0,NA,0,NA,NA
b0f17984af5a67030dabfb2f067c6dc0@prksq.com,116,0.75,2023-02-09,2023-02-12,Angel,male,1,United Kingdom,Europe and Central Asia,low,low,0,NA,0,NA,NA
b0fcf147065367c503c290817ccd45ec@prksq.com,182,0.82999998,2023-02-10,2023-02-13,Angel,male,1,United States,North America,high,high,0,no specific reason,1,2023-02-13,0
b122b0d319dea7419f8258b86fe35843@prksq.com,70,0.75,2023-02-09,2023-02-10,Angel,male,1,Israel,Middle East and North Africa,high,low,0,NA,0,NA,NA
b12c60b30620ee0c42ad153616aa1ecd@prksq.com,297,0.67000002,2023-02-09,2023-02-11,Angel,male,1,United States,North America,low,high,0,NA,0,NA,NA
b1314d4eb70bec2a16275bcbe1de32b1@prksq.com,243,0.92000002,2023-02-09,2023-02-10,Angel,male,1,Canada,North America,high,high,0,NA,0,NA,NA
b141ba5ec0e20e39b11ea456192de766@prksq.com,3,1,2023-02-10,2023-02-13,Angel,male,2,United States,North America,high,high,0,NA,0,NA,NA
b144fa51289546a2ccea3ce6502f8066@prksq.com,50,1,2023-02-09,2023-02-13,Angel,female,2,Canada,North America,low,low,0,NA,0,NA,NA
b1470e7042b9dde734086b25693127d5@prksq.com,456,0.75,2023-02-10,2023-02-11,Venture Capital,male,4,United States,North America,high,low,0,NA,0,NA,NA
b151428c85ed2b0e390d9bff71af97ea@prksq.com,4,0.41999999,2023-02-09,2023-02-10,Angel,male,1,United States,North America,low,high,0,NA,0,NA,NA
b1526eaa15ac8af67552f1aa69bcb565@prksq.com,3,0.079999998,2023-02-09,2023-02-11,Angel,male,1,United States,North America,low,low,0,stage,1,2023-02-13,0
b167d18d914883ede7e3ef232ea59d8e@prksq.com,74,1,2023-02-10,2023-02-10,Angel,male,1,United States,North America,low,low,0,NA,0,NA,NA
b168b79bf87765894f8d9acb74e66338@prksq.com,271,1,2023-02-09,2023-02-10,Angel,male,1,United States,North America,high,low,0,NA,0,NA,NA
b180af1b769915b401179212cb0ba4a0@prksq.com,235,0.82999998,2023-02-09,2023-02-11,Angel,male,1,United Kingdom,Europe and Central Asia,high,high,0,NA,0,NA,NA
b18a12e2bb644a7dcb264df60d4ed9b7@prksq.com,202,0.57999998,2023-02-09,2023-02-12,Venture Capital,male,2,United States,North America,high,low,0,NA,0,NA,NA
b191439739c434c168b01ae0e184a3e7@prksq.com,77,0.75,2023-01-29,2023-01-29,Venture Capital,male,3,United States,North America,low,high,0,NA,0,NA,NA
b19c2c976d9678239bc4a5bd3179811b@prksq.com,190,0.57999998,2023-02-07,2023-02-10,Angel,male,1,United States,North America,high,low,0,NA,0,NA,NA
b1b0f47d7a96084fe899be7144f87dd1@prksq.com,559,0.41999999,2023-02-09,2023-02-10,Angel,male,1,United States,North America,high,high,0,stage,1,2023-02-10,0
b1d2e4895fc0505e5f15b18991cd9908@prksq.com,451,0.57999998,2023-02-09,2023-02-14,Venture Capital,male,5,United States,North America,high,low,0,NA,0,NA,NA
b1d94a7b5c36d83179b5881677d6cf2b@prksq.com,79,0.82999998,2023-02-09,2023-02-13,Angel,male,1,United States,North America,low,high,0,NA,0,NA,NA
b1d957fd3394bef7a6b170c757f9cb97@prksq.com,81,0.41999999,2023-02-09,2023-02-11,Angel,male,1,United States,North America,low,high,0,no specific reason,1,2023-02-11,0
b1dd8edf1fe9f823c0c3d2836a708832@prksq.com,82,0.67000002,2023-02-10,2023-02-13,Venture Capital,male,1,Germany,Europe and Central Asia,low,high,0,investment strategy,1,2023-02-13,0
b1f05dc91a6e050f2522c7d22f38183c@prksq.com,68,0.25,2023-02-10,2023-02-10,Venture Capital,male,1,United States,North America,high,high,0,NA,0,NA,NA
b228a76c42dac1482537bbec4557d022@prksq.com,3,0.92000002,2023-02-09,2023-02-11,Angel,female,1,United States,North America,high,high,0,NA,0,NA,NA
b27006c2b383279efb4d892c93ab1449@prksq.com,260,1,2023-02-09,2023-02-12,Angel,male,1,United States,North America,low,high,0,NA,0,NA,NA
b278d5e36709d58925f1a309fc4b08c5@prksq.com,105,0.82999998,2023-02-09,2023-02-09,Angel,male,2,United States,North America,high,high,0,no specific reason,1,2023-02-09,0
b27918c02a65fb217b3c280600d9363b@prksq.com,46,1,2023-02-05,2023-02-05,Angel,female,1,United States,North America,high,low,0,NA,0,NA,NA
b27eb9e46e37da3854e43d9ef98c9c30@prksq.com,13,0.92000002,2023-02-10,2023-02-10,Angel,male,2,United States,North America,high,high,0,investment strategy,1,2023-02-10,0
b2830fb6829552f12a81f48286da12b0@prksq.com,144,0.33000001,2023-02-09,2023-02-10,Angel,male,1,United States,North America,low,low,0,no investments,1,2023-02-10,0
b2843171fc9739e51646aa3acfe03e1f@prksq.com,199,1,2023-01-30,2023-01-30,Angel,male,1,United States,North America,low,low,0,NA,0,NA,NA
b28d1df05281cfa5f6f05239dcd72ed9@prksq.com,276,1,2023-02-09,2023-02-12,Angel,male,2,United States,North America,high,high,0,NA,0,NA,NA
b28fab444b0eaab89e21f26929b08da8@prksq.com,109,0.5,2023-02-09,2023-02-12,Angel,male,1,France,Europe and Central Asia,low,high,0,no specific reason,1,2023-02-12,0
b29772d8bc07d199b3a564ac3785562f@prksq.com,35,0.75,2023-02-10,2023-02-11,Angel,male,1,United States,North America,high,high,0,NA,0,NA,NA
b29bcb2012addfbc857a01960bd0ea4c@prksq.com,122,0.75,2023-02-09,2023-02-09,Venture Capital,male,3,Germany,Europe and Central Asia,high,high,0,NA,0,NA,NA
b2aa83ddf862ba254d8e82718818b630@prksq.com,129,1,2023-02-09,2023-02-13,Venture Capital,male,3,United States,North America,low,high,0,NA,0,NA,NA
b2bf6fee001bed87976220e772c827d1@prksq.com,680,0.75,2023-02-09,2023-02-12,Venture Capital,male,1,France,Europe and Central Asia,high,high,0,NA,0,NA,NA
b2c74a8ff896fe9a935baedc40506437@prksq.com,70,1,2023-02-09,2023-02-10,Venture Capital,male,5,United States,North America,low,low,0,no specific reason,1,2023-02-10,0
b2c9ef36c9c135715065a66a735f148b@prksq.com,9,0.82999998,2023-02-10,2023-02-13,Angel,female,2,United States,North America,low,low,0,NA,0,NA,NA
b2e98371cc5878eaaa2ba0c9817b7515@prksq.com,548,1,2023-02-09,2023-02-09,Angel,male,1,Brazil,Latin America and Caribbean,high,high,0,NA,0,NA,NA
b2ebc02d04a6cf2d50d09a1aefb70ed8@prksq.com,8,0.75,2023-02-09,2023-02-13,Angel,female,1,United Kingdom,Europe and Central Asia,low,low,0,NA,0,NA,NA
b2efb5e4d2b65e1019a25f378256d59b@prksq.com,66,0.25,2023-02-09,2023-02-09,Venture Capital,male,5,United States,North America,high,low,0,NA,0,NA,NA
b313f75b9daff1b3ea7bca01a1092fac@prksq.com,81,0.5,2023-02-09,2023-02-12,Angel,male,1,United States,North America,low,low,0,NA,0,NA,NA
b314271166a7e363d80039a01822d3c7@prksq.com,59,1,2023-02-06,2023-02-06,Venture Capital,female,1,United States,North America,low,low,0,NA,0,NA,NA
b317db8319643e34114e42d3bf08b07f@prksq.com,29,0.079999998,2023-02-10,2023-02-10,Angel,female,1,United States,North America,low,low,0,NA,0,NA,NA
b3237b4f9477b48c7953eb7b099f6cbc@prksq.com,26,0.17,2023-02-10,2023-02-10,Angel,female,1,United Kingdom,Europe and Central Asia,low,low,0,no investments,1,2023-02-11,0
b324cfab6dadeff7d381de6f7c47b768@prksq.com,193,0.67000002,2023-02-05,2023-02-05,Angel,male,1,United Kingdom,Europe and Central Asia,high,low,0,NA,0,NA,NA
b3340d036f744294367567afa10232d4@prksq.com,98,0.33000001,2023-02-10,2023-02-10,Angel,male,1,Canada,North America,low,high,0,NA,0,NA,NA
b336b3a88804d1bc572187ac3282a4e6@prksq.com,68,0.079999998,2023-02-10,2023-02-11,Angel,male,1,United States,North America,low,high,0,NA,0,NA,NA
b35157eee681c9a46756bec1c15d6bd3@prksq.com,137,0.67000002,2023-02-10,2023-02-13,Angel,male,2,United States,North America,high,high,0,NA,0,NA,NA
b3528b6bb3f9772e3b314a6f91e6ecca@prksq.com,31,0.079999998,2023-02-10,2023-02-10,Angel,male,1,United States,North America,low,high,0,NA,0,NA,NA
b3694ef3e689a45e3d23514125e49c23@prksq.com,69,1,2023-02-09,2023-02-09,Venture Capital,male,2,United States,North America,high,high,0,NA,0,NA,NA
b3858f2cb9816e18bd7ddad7a77cf51e@prksq.com,263,0.67000002,2023-02-10,2023-02-13,Angel,male,1,United States,North America,high,high,0,NA,0,NA,NA
b3859233b9dfc9636a7f7eff8bd39884@prksq.com,238,1,2023-02-10,2023-02-10,Angel,male,1,France,Europe and Central Asia,low,high,0,NA,0,NA,NA
b388242dc2a4d479011e81a5059a06ea@prksq.com,90,1,2023-02-10,2023-02-10,Angel,male,2,United States,North America,low,high,0,NA,0,NA,NA
b3938455bcc0fa89571480093a019a07@prksq.com,22,0.25,2023-02-10,2023-02-11,Angel,male,1,United States,North America,low,low,0,NA,0,NA,NA
b3ac0669f955916fb041f8db79ad2cf9@prksq.com,36,0.82999998,2023-02-10,2023-02-11,Venture Capital,male,3,United States,North America,low,low,0,no specific reason,1,2023-02-13,0
b3ba62643ac69dc73bd874ee7562b16a@prksq.com,158,0.5,2023-02-10,2023-02-10,Angel,male,1,United States,North America,low,high,0,NA,0,NA,NA
b3c1f4d38095118e7730024ef5e4d819@prksq.com,204,0.75,2023-02-10,2023-02-11,Venture Capital,male,5,United States,North America,low,high,0,NA,0,NA,NA
b3cfb1b24926a2dbbf91b6f0f037f341@prksq.com,44,0.41999999,2023-02-10,2023-02-10,Angel,male,1,United States,North America,high,low,0,geography,1,2023-02-10,0
b3d1d11d5ead015d0cc36b89271d77f9@prksq.com,155,1,2023-02-10,2023-02-10,Angel,male,1,United States,North America,low,high,0,NA,0,NA,NA
b3d21ba35c92939bb060f377b42225ab@prksq.com,383,0.82999998,2023-02-10,2023-02-13,Angel,male,1,United States,North America,high,low,0,NA,0,NA,NA
b3e2ce949f798f2415896afb6008cd18@prksq.com,176,0.75,2023-02-10,2023-02-12,Venture Capital,male,2,United States,North America,high,low,0,NA,0,NA,NA
b3f650c3b8cebd5d50a6e193ea0e72d1@prksq.com,405,1,2023-02-10,2023-02-11,Venture Capital,male,5,United States,North America,low,high,0,NA,0,NA,NA
b3fd06d72aa4bd66625b30b63856ba80@prksq.com,141,1,2023-01-31,2023-01-31,Angel,male,1,United States,North America,low,low,0,geography,1,2023-02-13,0
b40ba10a7f2b1c4c1a1e4d7e940b20a8@prksq.com,87,0.5,2023-02-10,2023-02-11,Angel,male,3,United States,North America,low,high,0,NA,0,NA,NA
b413352a2487f15e23c088d507d5aa95@prksq.com,50,1,2023-02-10,2023-02-13,Venture Capital,male,1,United States,North America,low,low,0,NA,0,NA,NA
b431da33eb8d2652679f74a6c346e1a8@prksq.com,42,0.67000002,2023-02-10,2023-02-14,Venture Capital,male,5,China,East Asia and Pacific,high,high,0,NA,0,NA,NA
b433f1c9b6c613d5fd0abffb38cbaec8@prksq.com,88,0.75,2023-02-09,2023-02-09,Venture Capital,female,5,China,East Asia and Pacific,high,low,0,NA,0,NA,NA
b443399996ee1d576a377017e17e5986@prksq.com,74,1,2023-02-10,2023-02-13,Angel,female,1,France,Europe and Central Asia,high,low,0,NA,0,NA,NA
b44345b617a347a9973a3180731a3e0b@prksq.com,241,0.92000002,2023-02-10,2023-02-12,Venture Capital,female,3,Canada,North America,high,low,0,NA,0,NA,NA
b44887dc60042e03a68a85e7d9faaf90@prksq.com,187,0.57999998,2023-02-10,2023-02-11,Angel,female,1,Singapore,East Asia and Pacific,low,high,0,stage,1,2023-02-11,0
b452f8e4fae3806c41238d347f7bc8a8@prksq.com,550,0.5,2023-02-10,2023-02-13,Angel,male,2,United States,North America,high,low,1,meeting,1,2023-02-13,1
b47126a513ca8973c30e87026bd51fa3@prksq.com,276,0.17,2023-02-10,2023-02-11,Angel,male,1,United States,North America,high,low,0,NA,0,NA,NA
b4793f4e3eb29d26d026884e91665919@prksq.com,127,1,2023-02-10,2023-02-13,Angel,female,2,United States,North America,high,high,0,NA,0,NA,NA
b4926e2cfe946aaaa0aa3b1377df800c@prksq.com,90,0.92000002,2023-02-10,2023-02-10,Angel,male,1,United States,North America,high,low,0,NA,0,NA,NA
b4b789a678faff46ee81c67d915779d9@prksq.com,11,0.92000002,2023-02-10,2023-02-11,Angel,male,2,United States,North America,low,low,0,industry,1,2023-02-11,0
b4bccdaddbd61b29e1e11faef0c7218a@prksq.com,22,0.57999998,2023-02-10,2023-02-11,Angel,female,1,United States,North America,high,low,0,no specific reason,1,2023-02-11,0
b4c0bc53d0b4b6ef27b6961a13fe23ab@prksq.com,315,0.57999998,2023-02-10,2023-02-11,Angel,male,1,United States,North America,low,high,0,NA,0,NA,NA
b4c1eed4c51f11d7613b87f22a306501@prksq.com,210,1,2023-02-10,2023-02-10,Angel,female,1,United States,North America,high,low,0,NA,0,NA,NA
b4c861ccc1aeaaeb35117177c673778f@prksq.com,393,0.17,2023-02-10,2023-02-13,Angel,female,1,United States,North America,high,high,0,NA,0,NA,NA
b4cdde68b68ab22081eb973876dfadba@prksq.com,134,0.92000002,2023-02-04,2023-02-04,Angel,male,1,United States,North America,high,low,0,stage,1,2023-02-04,0
b503159bda13424cc6b0261f2359bf06@prksq.com,31,0.92000002,2023-02-10,2023-02-15,Angel,male,1,United States,North America,low,high,0,NA,0,NA,NA
b508e690a105e6dbbdc1f10f971f447e@prksq.com,249,0.17,2023-02-10,2023-02-13,Angel,male,1,United States,North America,low,high,0,NA,0,NA,NA
b5122b8ce974bfef99307dfbc705aed1@prksq.com,318,0.82999998,2023-01-31,2023-01-31,Angel,male,1,United States,North America,low,high,0,NA,0,NA,NA
b52025a2b8bf8ac4d5d5cc3e30f02ab9@prksq.com,116,0.75,2023-02-10,2023-02-12,Angel,male,1,United States,North America,low,low,0,NA,0,NA,NA
b527328880a511d0b99c92bea39df4f3@prksq.com,151,1,2023-02-10,2023-02-10,Angel,male,2,United States,North America,low,high,0,NA,0,NA,NA
b550837e9146936ab0d13aabb235c22b@prksq.com,222,0.67000002,2023-02-10,2023-02-12,Angel,male,2,United States,North America,low,high,0,NA,0,NA,NA
b55a81ef0c46628d6acb85c1bb3a501c@prksq.com,200,0.41999999,2023-02-10,2023-02-12,Angel,male,1,United States,North America,high,low,0,NA,0,NA,NA
b568c0d4885028af298d7cbe5c0b69b3@prksq.com,99,0.57999998,2023-02-10,2023-02-11,Angel,male,1,United States,North America,low,high,0,NA,0,NA,NA
b56ff6e37a2497c95e7cf12ceec768cb@prksq.com,321,0.33000001,2023-02-10,2023-02-13,Angel,male,1,United States,North America,low,high,0,NA,0,NA,NA
b581511438dc0a02c902e7be62cdd4e9@prksq.com,9,0.67000002,2023-02-10,2023-02-11,Angel,male,2,United States,North America,high,high,0,NA,0,NA,NA
b58f83f97fc9928c34f73f12535b6c49@prksq.com,142,0.82999998,2023-01-30,2023-01-30,Angel,male,1,United States,North America,high,high,0,NA,0,NA,NA
b597fd8fa00c0e302f6876d68c28ab66@prksq.com,43,0.25,2023-02-10,2023-02-13,Venture Capital,male,1,United States,North America,low,low,0,NA,0,NA,NA
b599aa6eacc6448046fe59f96919ae87@prksq.com,13,1,2023-02-10,2023-02-14,Angel,male,1,United States,North America,high,low,0,NA,0,NA,NA
b5a72282704b4ceb398ee60580567c75@prksq.com,33,1,2023-02-10,2023-02-13,Angel,male,1,United States,North America,high,low,0,NA,0,NA,NA
b5b6f868702e924f80520209f808447f@prksq.com,28,0.33000001,2023-02-10,2023-02-14,Angel,male,1,United States,North America,high,high,0,NA,0,NA,NA
b5bf7119b08b79a74b9396b3f6a2d874@prksq.com,185,1,2023-02-10,2023-02-11,Angel,male,1,United States,North America,low,low,0,no specific reason,1,2023-02-12,0
b5ce2f5be13a1ca86cf93ae4427dbf75@prksq.com,143,1,2023-02-10,2023-02-10,Angel,male,2,United States,North America,high,high,0,NA,0,NA,NA
b5f932c4941789f9cc4ed50683915ffa@prksq.com,513,0.75,2023-02-10,2023-02-11,Angel,male,1,United Kingdom,Europe and Central Asia,low,high,0,NA,0,NA,NA
b6034bce982e7645adddc0d081f86442@prksq.com,102,0.33000001,2023-02-10,2023-02-13,Angel,female,1,United States,North America,low,high,0,NA,0,NA,NA
b6036898ec8a96bbc4e2cc4f28f5f7cd@prksq.com,29,0.079999998,2023-02-10,2023-02-10,Angel,male,1,Germany,Europe and Central Asia,high,high,0,NA,0,NA,NA
b6218900b84488e987f6704a5838e6a3@prksq.com,622,0.079999998,2023-02-10,2023-02-10,Angel,male,1,United States,North America,high,low,0,NA,0,NA,NA
b63a01a4383bbbf03f2de8c07477abed@prksq.com,93,0.92000002,2023-02-10,2023-02-11,Angel,male,1,United States,North America,low,high,0,geography,1,2023-02-13,0
b63ae48b9b25de1f7c0d192faa8d910c@prksq.com,354,1,2023-02-10,2023-02-12,Angel,male,1,United States,North America,high,high,0,investment strategy,1,2023-02-15,0
b63bf9113559c9f86e6c54565cf3a894@prksq.com,337,0.75,2023-02-10,2023-02-10,Angel,male,1,India,South Asia,low,high,0,NA,0,NA,NA
b63d88325dd3160eb40e357f69e8c8c1@prksq.com,543,0.17,2023-02-10,2023-02-11,Angel,male,1,United States,North America,high,high,0,NA,0,NA,NA
b64f98abe1e5cc18c5109d9cf4cf9aaa@prksq.com,62,1,2023-02-10,2023-02-12,Angel,male,1,United States,North America,low,high,0,NA,0,NA,NA
b65a9eb1be9f1f1c5dc7635f871827eb@prksq.com,167,1,2023-02-10,2023-02-11,Angel,male,1,United States,North America,low,high,0,NA,0,NA,NA
b66011d907bb6670521cd027c41c01e5@prksq.com,18,1,2023-02-10,2023-02-11,Angel,male,1,United States,North America,high,low,0,NA,0,NA,NA
b6abb9b5034e53b136f77d2077146405@prksq.com,39,0.92000002,2023-02-10,2023-02-10,Angel,male,1,United States,North America,high,low,0,NA,0,NA,NA
b6ba33dc521e91fae4119eb1aaab892c@prksq.com,148,0.82999998,2023-02-10,2023-02-11,Angel,female,1,United States,North America,low,high,0,NA,0,NA,NA
b6d003214ecd732d040cfcc35d21bac4@prksq.com,426,0.75,2023-02-10,2023-02-13,Angel,male,1,United States,North America,high,low,0,NA,0,NA,NA
b6f7eebd3646bd544326223d1add4dc6@prksq.com,308,1,2023-02-09,2023-02-11,Angel,male,1,United States,North America,low,high,0,NA,0,NA,NA
b707bd8225b92165f0953928c8494b79@prksq.com,155,0.5,2023-02-10,2023-02-11,Angel,male,1,United States,North America,high,high,0,NA,0,NA,NA
b71fe63d024365911ea89811b271f81b@prksq.com,322,1,2023-02-10,2023-02-13,Angel,male,1,United States,North America,high,high,0,NA,0,NA,NA
b7251c176796317348d0f3788aa6b112@prksq.com,10,0.17,2023-02-10,2023-02-10,Venture Capital,male,3,United States,North America,high,high,0,geography,1,2023-02-10,0
b73aaa038997b333b47b3f1a7a7fc4bb@prksq.com,234,0.25,2023-02-10,2023-02-12,Venture Capital,male,1,United States,North America,high,high,0,no specific reason,1,2023-02-12,0
b73ec2dee6c4173c3f1d8043e65088e1@prksq.com,32,1,2023-02-10,2023-02-12,Angel,female,1,United States,North America,high,high,0,NA,0,NA,NA
b754c68c7ce5a8089d9e3388df61cb72@prksq.com,90,0.57999998,2023-02-05,2023-02-05,Venture Capital,male,1,France,Europe and Central Asia,high,low,0,NA,0,NA,NA
b76db7f98c5ad19e2a41bc185282b024@prksq.com,327,0.75,2023-02-10,2023-02-10,Angel,male,1,United States,North America,low,low,0,NA,0,NA,NA
b78e6fe5f851c522e35fe4828051c09b@prksq.com,133,1,2023-02-10,2023-02-12,Angel,male,1,United States,North America,high,high,0,stage,1,2023-02-13,0
b79ee945aad7c0f5e4f3690c510dacc0@prksq.com,71,0.67000002,2023-02-10,2023-02-10,Angel,male,2,United Kingdom,Europe and Central Asia,low,high,0,NA,0,NA,NA
b7b47afbffe618a3b033e21c7dbcc777@prksq.com,205,0.82999998,2023-02-10,2023-02-11,Angel,male,1,India,South Asia,high,low,0,NA,0,NA,NA
b7b64a2b9ccdd6be9e0668fb67a4887f@prksq.com,295,0.92000002,2023-02-10,2023-02-13,Venture Capital,male,2,United States,North America,low,high,0,NA,0,NA,NA
b7cd7c4c42e8b4c4c42a4da247e9ef74@prksq.com,106,1,2023-02-10,2023-02-12,Angel,male,1,United States,North America,low,low,0,NA,0,NA,NA
b7d467e956afe0c74e5bdcb809df4604@prksq.com,56,0.57999998,2023-02-10,2023-02-13,Venture Capital,male,5,United States,North America,low,high,0,NA,0,NA,NA
b7defac22736d43a94322d39630018ea@prksq.com,184,1,2023-02-10,2023-02-10,Angel,male,1,United States,North America,low,high,0,NA,0,NA,NA
b7f83576d4efae04ee240296805ab3ca@prksq.com,22,0.75,2023-02-10,2023-02-11,Angel,male,1,France,Europe and Central Asia,low,high,0,NA,0,NA,NA
b7fcfa18a1bb8ddda2f9c90a4798a9d0@prksq.com,34,0.25,2023-02-10,2023-02-13,Angel,male,3,United States,North America,low,high,0,industry,1,2023-02-13,0
b813584935910d04ea3aebf4bf9c183a@prksq.com,18,0.75,2023-02-10,2023-02-10,Venture Capital,male,4,United Kingdom,Europe and Central Asia,low,low,0,industry,1,2023-02-10,0
b82014e04adadf7a582ad3ab6df2ddc0@prksq.com,151,0.5,2023-02-10,2023-02-12,Angel,male,1,United States,North America,low,low,0,no investments,1,2023-02-12,0
b827f0b985bc6e0f77e8fc87ace5e429@prksq.com,82,1,2023-02-10,2023-02-11,Angel,male,2,United States,North America,high,low,0,NA,0,NA,NA
b82e962360ab7e20ad5ea78dbc5c1193@prksq.com,31,0.17,2023-02-10,2023-02-10,Venture Capital,male,1,United States,North America,low,high,0,NA,0,NA,NA
b835c4b895727ac20e1408d4319b35b5@prksq.com,18,0.82999998,2023-02-10,2023-02-11,Angel,male,1,United Kingdom,Europe and Central Asia,high,low,0,NA,0,NA,NA
b836e89225aa6fef34cba44f9e7ca78d@prksq.com,167,0.75,2023-02-10,2023-02-12,Angel,male,1,United States,North America,high,low,0,no investments,1,2023-02-13,0
b83d67b2e6a6d6c62121fdd29d160a23@prksq.com,153,0.75,2023-02-10,2023-02-14,Venture Capital,male,1,United States,North America,high,high,0,NA,0,NA,NA
b8400f6e5d35ef320ff1ca752860987a@prksq.com,94,0.67000002,2023-02-11,2023-02-11,Venture Capital,female,5,United States,North America,low,low,0,NA,0,NA,NA
b846eefb39ed2fd4bcf2d45ed08b7ac5@prksq.com,53,0.57999998,2023-02-11,2023-02-13,Venture Capital,male,3,United States,North America,high,high,0,stage,1,2023-02-15,0
b8abb0a3cdbf99cb6f6a05712801caa6@prksq.com,90,0.25,2023-02-10,2023-02-12,Angel,male,1,United States,North America,high,high,0,no specific reason,1,2023-02-13,0
b8ba422c0df7062e3fcd88d9f1e9911c@prksq.com,330,1,2023-02-10,2023-02-10,Angel,male,1,United States,North America,high,high,0,NA,0,NA,NA
b8d24e9ce7d0525fc5ed4a0db7a55ab9@prksq.com,601,1,2023-02-11,2023-02-14,Angel,male,1,United States,North America,high,low,0,no specific reason,1,2023-02-14,0
b8d6b00660a63585be6fe9147ea87780@prksq.com,28,0.57999998,2023-02-11,2023-02-14,Angel,female,1,India,South Asia,low,low,0,NA,0,NA,NA
b8da202d75fd508133a919359df71681@prksq.com,52,1,2023-02-10,2023-02-13,Angel,male,1,United States,North America,low,high,0,NA,0,NA,NA
b8dc99ba628b784ccd6a8ab0346b29ba@prksq.com,92,1,2023-02-10,2023-02-12,Venture Capital,male,1,United States,North America,low,high,0,NA,0,NA,NA
b8ef84ed8e0a36bcc93434beddbfc901@prksq.com,123,0.67000002,2023-02-11,2023-02-13,Angel,male,1,United States,North America,low,low,0,NA,0,NA,NA
b90001dc677459938cb082533189ed72@prksq.com,283,0.33000001,2023-02-11,2023-02-12,Venture Capital,male,4,Brazil,Latin America and Caribbean,high,low,0,NA,0,NA,NA
b90f49a00aa86b53eec0f79393d513cd@prksq.com,48,0.33000001,2023-02-11,2023-02-13,Angel,female,1,United States,North America,low,low,0,NA,0,NA,NA
b911f2f832944407fbd7f8ba58def429@prksq.com,250,1,2023-02-11,2023-02-11,Angel,male,1,United States,North America,high,high,0,NA,0,NA,NA
b927aa006c0cbf95c4817aaae4141726@prksq.com,276,0.41999999,2023-02-11,2023-02-14,Angel,male,1,United States,North America,high,high,0,NA,0,NA,NA
b92e2b4a8a3ed35290d47aa22fe64c19@prksq.com,48,0.33000001,2023-02-10,2023-02-11,Venture Capital,female,3,United States,North America,low,low,0,stage,1,2023-02-11,0
b9321c633688be0d273ad94bbaef642e@prksq.com,261,1,2023-02-11,2023-02-12,Angel,male,1,United States,North America,low,high,0,NA,0,NA,NA
b932b9ab3ede4fcda9bb949436d37e0e@prksq.com,472,1,2023-02-11,2023-02-12,Angel,male,2,United States,North America,high,low,0,NA,0,NA,NA
b9368af6dde8bec5990eb9db443988b0@prksq.com,3,1,2023-02-11,2023-02-12,Angel,male,1,Germany,Europe and Central Asia,low,low,0,no specific reason,1,2023-02-14,0
b938baec42d68d2d674ff0f1fe901055@prksq.com,305,0.75,2023-02-10,2023-02-11,Angel,male,1,United States,North America,high,low,0,no specific reason,1,2023-02-11,0
b942f006700d48be4e395bfe8ae130e5@prksq.com,17,0.82999998,2023-02-10,2023-02-11,Angel,male,1,United States,North America,high,low,0,NA,0,NA,NA
b94b3becfbdbc3eb6e1d6d6b39fdd2b9@prksq.com,74,1,2023-02-10,2023-02-10,Angel,male,1,United States,North America,low,high,0,NA,0,NA,NA
b963246b79c87c9aa0ce83c7a9cf8856@prksq.com,42,0.41999999,2023-02-10,2023-02-11,Angel,male,1,United States,North America,low,low,0,stage,1,2023-02-11,0
b974d00bb5e84845b5cbc0f17cd65b8c@prksq.com,80,1,2023-02-11,2023-02-13,Angel,male,1,United States,North America,low,high,0,NA,0,NA,NA
b9979785ae4132841e07d4d23a1831d2@prksq.com,201,0.75,2023-02-10,2023-02-13,Angel,male,1,United States,North America,low,low,0,NA,0,NA,NA
b999c187a76f692e2ffc0b5a5be46f37@prksq.com,53,0.82999998,2023-02-11,2023-02-13,Angel,male,1,United States,North America,high,low,0,no specific reason,1,2023-02-13,0
b9a23ea84b9ed927a74ba7694dcbb09a@prksq.com,270,0.82999998,2023-02-11,2023-02-11,Angel,male,1,United Kingdom,Europe and Central Asia,high,low,0,NA,0,NA,NA
b9b111c105c4648f173ddb248d2edd2e@prksq.com,29,0.079999998,2023-02-11,2023-02-11,Angel,male,2,United States,North America,high,high,0,NA,0,NA,NA
b9be11b86d9848122bf57a92e5923a7c@prksq.com,171,0.92000002,2023-02-11,2023-02-13,Angel,female,3,United States,North America,low,low,0,investment strategy,1,2023-02-14,0
b9d50eb222ef4ffac45400f622bf2494@prksq.com,95,0.5,2023-02-10,2023-02-14,Angel,male,1,United States,North America,high,low,0,NA,0,NA,NA
b9d6e3dc5ebce4dd869dfde4a8af27a0@prksq.com,134,0.57999998,2023-02-11,2023-02-12,Angel,male,1,United States,North America,low,high,0,NA,0,NA,NA
b9e1f97c6d38504a52f486f63101166d@prksq.com,46,0.75,2023-02-11,2023-02-14,Angel,male,1,United States,North America,low,high,0,no investments,1,2023-02-14,0
b9e8c6abeaa23b3e0a4ed9bbaab4949c@prksq.com,208,0.33000001,2023-02-11,2023-02-12,Angel,male,1,United States,North America,low,low,0,NA,0,NA,NA
b9fe41e858650ec8fbd32847e0ea179d@prksq.com,30,0.92000002,2023-02-11,2023-02-11,Angel,male,1,United States,North America,low,low,0,NA,0,NA,NA
b9fe97f503b7b5ddac7237375f5ec8d5@prksq.com,81,1,2023-02-11,2023-02-13,Angel,male,2,United States,North America,low,high,0,NA,0,NA,NA
ba105a7a91fe5854b217e201abd03082@prksq.com,200,0.75,2023-02-10,2023-02-10,Venture Capital,male,1,United States,North America,low,low,0,NA,0,NA,NA
ba17c7749f0463b4f1bd30a33a89eb33@prksq.com,283,1,2023-02-11,2023-02-13,Angel,male,2,United Kingdom,Europe and Central Asia,low,high,0,no specific reason,1,2023-02-13,0
ba1b969e6e369ba72f25123b06af40b4@prksq.com,262,1,2023-02-11,2023-02-12,Venture Capital,male,2,Germany,Europe and Central Asia,high,high,0,NA,0,NA,NA
ba2b68318d629f051f3be5d093c6e7df@prksq.com,8,0.57999998,2023-02-11,2023-02-14,Angel,male,1,United States,North America,low,high,0,NA,0,NA,NA
ba2fb97e4a7880bd6a49456d800ec10c@prksq.com,47,0.67000002,2023-02-11,2023-02-11,Angel,male,1,United States,North America,high,high,0,NA,0,NA,NA
ba3da6cc58291b5b36a8f6e85b5b93b9@prksq.com,321,0.75,2023-02-11,2023-02-12,Angel,male,2,United States,North America,high,low,0,geography,1,2023-02-13,0
ba4602afa6e076b13c9a8e51cea1c0c1@prksq.com,379,0.82999998,2023-02-11,2023-02-11,Angel,male,2,United States,North America,low,high,0,NA,0,NA,NA
ba5ceabfd3b5b2c89c1987323c7d89f3@prksq.com,366,0.82999998,2023-02-11,2023-02-12,Angel,male,1,United States,North America,low,low,0,NA,0,NA,NA
ba5f466cb402bdea033891e807548522@prksq.com,113,0.67000002,2023-02-11,2023-02-13,Angel,male,1,United Kingdom,Europe and Central Asia,low,high,0,NA,0,NA,NA
ba7e2a60dcd4b00d0f421d5a7cf476ed@prksq.com,25,0.57999998,2023-02-10,2023-02-14,Angel,male,1,United States,North America,low,low,0,NA,0,NA,NA
ba80b359a3b28ee140e9497393d4f662@prksq.com,36,0.5,2023-02-10,2023-02-11,Angel,male,1,United States,North America,high,low,0,NA,0,NA,NA
ba87c07f34cd6e3d9852bde8cdf7a362@prksq.com,383,0.33000001,2023-02-11,2023-02-13,Angel,female,1,United States,North America,low,high,0,NA,0,NA,NA
ba8f8def79ba1c8b6991a06c9b300d41@prksq.com,67,0.82999998,2023-02-10,2023-02-11,Angel,male,3,Israel,Middle East and North Africa,high,high,0,industry,1,2023-02-15,0
ba975d7527d2d5aca1b2c3ad201e02e5@prksq.com,122,0.92000002,2023-02-11,2023-02-14,Angel,female,3,United States,North America,low,low,0,NA,0,NA,NA
ba9c74ec6beafb55ae5705b67ea302c8@prksq.com,89,0.67000002,2023-02-11,2023-02-11,Venture Capital,male,3,India,South Asia,low,high,0,NA,0,NA,NA
baa593e8b46224879ebf3b2eeafe24cc@prksq.com,106,0.67000002,2023-02-11,2023-02-11,Angel,male,1,United States,North America,low,high,0,NA,0,NA,NA
baabebd3b7600e79a171ace051586d5f@prksq.com,18,0.5,2023-02-11,2023-02-13,Angel,male,1,United States,North America,high,high,0,NA,0,NA,NA
baabf3d5ea41a3e8dc63f078c91f0562@prksq.com,40,0.5,2023-02-11,2023-02-14,Venture Capital,male,4,Germany,Europe and Central Asia,low,low,0,stage,1,2023-02-14,0
bab6db82bb65e27657cefe56fbb23d44@prksq.com,101,0.33000001,2023-02-11,2023-02-13,Venture Capital,male,4,United States,North America,low,low,0,NA,0,NA,NA
bad2d867c9065403bca2f5052d0859f1@prksq.com,161,1,2023-02-11,2023-02-11,Angel,male,1,United Kingdom,Europe and Central Asia,high,low,0,NA,0,NA,NA
bad631df1dd523dd5e5e8f33695d814a@prksq.com,420,0.57999998,2023-01-29,2023-02-12,Angel,female,1,United States,North America,low,high,0,NA,0,NA,NA
bad737bd68be55cc2f057f0b0493e148@prksq.com,162,1,2023-02-11,2023-02-13,Venture Capital,male,6,United States,North America,high,low,0,NA,0,NA,NA
bad817105e33f062176ed72b64e33929@prksq.com,478,0.75,2023-02-11,2023-02-13,Angel,male,1,United Kingdom,Europe and Central Asia,high,high,0,NA,0,NA,NA
bae32b0a18d65ec2c3a85674cc023508@prksq.com,86,1,2023-02-10,2023-02-13,Venture Capital,male,3,United States,North America,low,high,0,stage,1,2023-02-14,0
baedb979af3b119a9a29f35ef1eb4133@prksq.com,12,0.92000002,2023-02-10,2023-02-11,Venture Capital,male,5,United States,North America,low,high,0,NA,0,NA,NA
baf2d077d0d3df02f34bac859e7a9b4e@prksq.com,167,0.67000002,2023-02-10,2023-02-11,Angel,male,2,United States,North America,high,low,0,NA,0,NA,NA
baf3f1423c3d53c83d7340701603abb6@prksq.com,304,0.67000002,2023-02-10,2023-02-13,Angel,male,1,United States,North America,high,low,0,NA,0,NA,NA
baf4c94468e79f8dcc9f5bcc05558196@prksq.com,186,0.57999998,2023-02-11,2023-02-11,Angel,male,1,United States,North America,high,low,0,other,1,2023-02-11,0
bb0f8874a81bd2ed740d627f256c94ee@prksq.com,43,0.079999998,2023-02-11,2023-02-12,Angel,male,1,United States,North America,low,high,0,NA,0,NA,NA
bb2e5f99e1424aa2c4dbe402af47f07e@prksq.com,168,0.57999998,2023-02-11,2023-02-11,Angel,male,3,United Kingdom,Europe and Central Asia,high,low,0,NA,0,NA,NA
bb367ab66d9894ccd3f604446c11a7ad@prksq.com,134,0.82999998,2023-02-11,2023-02-14,Angel,male,1,India,South Asia,low,low,0,NA,0,NA,NA
bb4023cb046a8f292942be3252491370@prksq.com,56,0.75,2023-01-31,2023-01-31,Venture Capital,male,2,United States,North America,high,high,0,NA,0,NA,NA
bb454e841ed6a62908125c0b05d9d338@prksq.com,29,0.41999999,2023-02-11,2023-02-14,Angel,male,1,Germany,Europe and Central Asia,high,low,0,NA,0,NA,NA
bb60f20c79415ce03d787936797ad21c@prksq.com,169,0.41999999,2023-02-10,2023-02-13,Angel,male,1,United States,North America,high,high,0,NA,0,NA,NA
bb6416fb7592f302b88ba39523e64bcb@prksq.com,749,1,2023-02-11,2023-02-11,Angel,male,1,United States,North America,high,high,0,NA,0,NA,NA
bb645ade8bda17ad4cac9408c6c8a0d5@prksq.com,165,1,2023-02-10,2023-02-11,Angel,male,2,United States,North America,high,low,0,NA,0,NA,NA
bb6847588df0d6e573da339b81b7b89b@prksq.com,267,0.92000002,2023-02-10,2023-02-11,Angel,male,1,United States,North America,high,high,0,industry,1,2023-02-12,0
bb699ff1a58385f5b9a3b3388182857d@prksq.com,69,0.25,2023-02-10,2023-02-12,Angel,male,1,United States,North America,low,low,0,NA,0,NA,NA
bb95e293090e806f83ba61f71444f3e9@prksq.com,133,0.75,2023-02-11,2023-02-12,Angel,male,1,United States,North America,low,high,0,NA,0,NA,NA
bba2f8a4c285119b61c888d7592660ff@prksq.com,29,0.079999998,2023-02-11,2023-02-11,Venture Capital,female,3,United States,North America,low,low,0,NA,0,NA,NA
bbc316acf642bf0692f06ed4cd7e9044@prksq.com,272,0.75,2023-02-10,2023-02-10,Angel,male,1,United States,North America,high,high,0,NA,0,NA,NA
bbd3e54806b4b0e99dfbce68691bfaf3@prksq.com,73,0.57999998,2023-02-10,2023-02-13,Venture Capital,male,3,United States,North America,low,high,0,NA,0,NA,NA
bbd4716f5a75411382ebcda86bb1aa61@prksq.com,125,0.92000002,2023-02-11,2023-02-12,Angel,male,1,United States,North America,high,low,0,NA,0,NA,NA
bbd86fe61872a3562ab21681cbaa2c24@prksq.com,20,0.67000002,2023-02-11,2023-02-11,Venture Capital,female,3,United Kingdom,Europe and Central Asia,high,low,0,no investments,1,2023-02-11,0
bbe4a8aafe8586abc5201a27990ca290@prksq.com,32,0.41999999,2023-02-10,2023-02-10,Venture Capital,male,1,United States,North America,high,low,0,NA,0,NA,NA
bc0143e23f6d6334b11f5765b45734a6@prksq.com,90,1,2023-02-11,2023-02-12,Angel,male,1,United States,North America,high,high,0,NA,0,NA,NA
bc0a8840b543cb344d379c1749c3a760@prksq.com,326,0.67000002,2023-02-10,2023-02-10,Angel,male,2,France,Europe and Central Asia,low,high,0,investment strategy,1,2023-02-10,0
bc16e06a93c3e1eb682fcfc2b7e44af3@prksq.com,81,0.41999999,2023-02-10,2023-02-11,Angel,male,1,United States,North America,low,high,0,no specific reason,1,2023-02-11,0
bc1970f99612462f8207f208250a9445@prksq.com,13,0.75,2023-02-11,2023-02-12,Angel,male,1,United States,North America,high,high,0,NA,0,NA,NA
bc23173f7a4f55a38b6a26be54b4eec8@prksq.com,128,0.67000002,2023-02-11,2023-02-14,Angel,male,1,Canada,North America,low,high,0,NA,0,NA,NA
bc2cf04e750b045150e353d0ede28761@prksq.com,46,0.33000001,2023-02-10,2023-02-10,Angel,male,1,United States,North America,low,low,0,NA,0,NA,NA
bc3d9c67ef5c90f03987d5fc0888930e@prksq.com,65,0.82999998,2023-02-09,2023-02-12,Angel,male,1,United States,North America,low,low,0,investment strategy,1,2023-02-13,0
bc4fd84cb23d4465f9ac29c49d885e31@prksq.com,6,0.57999998,2023-02-10,2023-02-12,Angel,male,2,United States,North America,high,low,0,NA,0,NA,NA
bc61ebfe0b9485aee5aad17396934517@prksq.com,63,0.57999998,2023-02-11,2023-02-14,Angel,male,1,United States,North America,low,high,0,NA,0,NA,NA
bc6d1d621b146ef06069f72f2c11ebed@prksq.com,135,0.92000002,2023-02-10,2023-02-13,Venture Capital,male,1,United Kingdom,Europe and Central Asia,low,low,0,NA,0,NA,NA
bc7cc48d793c5f8b7430aa18f8ca1050@prksq.com,140,0.75,2023-02-11,2023-02-14,Venture Capital,male,4,United States,North America,low,high,0,investment strategy,1,2023-02-15,0
bc978424765c72169114c7e65aba42bc@prksq.com,31,0.079999998,2023-02-11,2023-02-11,Angel,female,1,Singapore,East Asia and Pacific,low,high,0,NA,0,NA,NA
bc9eb9b6211311b4b90955d68e34e741@prksq.com,178,1,2023-02-10,2023-02-16,Venture Capital,female,1,United States,North America,low,low,0,NA,0,NA,NA
bca081a23bf89d3668bcd7664db36d9d@prksq.com,121,0.33000001,2023-02-11,2023-02-11,Angel,male,1,Canada,North America,low,low,0,NA,0,NA,NA
bca132885af014488ea1e71630866b0f@prksq.com,6,0.17,2023-02-11,2023-02-14,Angel,male,1,United States,North America,low,low,0,NA,0,NA,NA
bcb79201e560b25fb435f5187415c8d5@prksq.com,330,0.079999998,2023-02-11,2023-02-15,Angel,male,1,United States,North America,high,high,0,NA,0,NA,NA
bcbc27a6e741a91c5049b06423765eca@prksq.com,119,0.75,2023-02-11,2023-02-13,Angel,male,1,United States,North America,high,low,0,no specific reason,1,2023-02-13,0
bcd693eccf76503c90161575df5066f4@prksq.com,423,0.82999998,2023-02-10,2023-02-10,Venture Capital,male,4,United States,North America,low,high,0,stage,1,2023-02-14,0
bcd72bb581853866850ec9fd404ae9aa@prksq.com,184,0.5,2023-02-11,2023-02-12,Angel,male,2,United States,North America,high,high,0,no investments,1,2023-02-12,0
bce03a5e89b6eb350e334080d177c4d8@prksq.com,330,1,2023-02-11,2023-02-12,Angel,male,2,Canada,North America,low,high,0,NA,0,NA,NA
bce3049b4797dac72eaebcc40b3cdb11@prksq.com,140,0.75,2023-02-11,2023-02-13,Angel,male,1,United States,North America,low,low,0,NA,0,NA,NA
bceefe0609990777d1dd8f8d8c451fb5@prksq.com,295,0.92000002,2023-02-11,2023-02-15,Angel,male,1,United States,North America,high,high,0,NA,0,NA,NA
bcef5d43b71bd6ac8ae81c4b891c850f@prksq.com,24,0.079999998,2023-02-10,2023-02-10,Angel,male,1,India,South Asia,low,low,0,NA,0,NA,NA
bcef744a835ae913d7e148753fe56928@prksq.com,22,0.92000002,2023-02-11,2023-02-14,Angel,male,1,United States,North America,high,high,0,NA,0,NA,NA
bcf5fc29dede36b610aa34f67b7482ff@prksq.com,296,0.57999998,2023-02-11,2023-02-11,Angel,male,1,United States,North America,low,high,0,NA,0,NA,NA
bcf9c20d0cd4676d8654ea0ec9bb0089@prksq.com,80,0.67000002,2023-02-10,2023-02-14,Angel,male,1,United States,North America,low,high,0,NA,0,NA,NA
bd0139617fb2db18d867310290e2c2b6@prksq.com,256,0.33000001,2023-02-10,2023-02-11,Angel,male,1,United States,North America,low,high,0,NA,0,NA,NA
bd01ea504be8bcf2f3a2e5edc4f7b995@prksq.com,226,0.33000001,2023-02-10,2023-02-13,Angel,male,2,United States,North America,low,high,0,NA,0,NA,NA
bd13444e845bea6419762bf9814c70ea@prksq.com,129,1,2023-02-05,2023-02-05,Angel,male,1,United States,North America,high,low,0,NA,0,NA,NA
bd14301cec860dd31df676ba1b49f732@prksq.com,303,0.92000002,2023-02-11,2023-02-11,Angel,male,1,United States,North America,high,high,0,NA,0,NA,NA
bd154e08c081463c8622f0cc28784a8e@prksq.com,370,0.5,2023-02-11,2023-02-11,Angel,male,2,United States,North America,high,low,0,NA,0,NA,NA
bd1858661cb6feb22376e14099166172@prksq.com,48,1,2023-02-04,2023-02-04,Angel,male,2,United Kingdom,Europe and Central Asia,low,high,0,NA,0,NA,NA
bd18a5b0877fc1c7696c16d727823758@prksq.com,181,0.41999999,2023-02-11,2023-02-15,Venture Capital,female,3,United States,North America,high,high,0,NA,0,NA,NA
bd21d774f5fae0f70bc0787732fe6509@prksq.com,137,0.33000001,2023-02-11,2023-02-11,Angel,male,1,United States,North America,high,high,0,stage,1,2023-02-11,0
bd2d60a659c03b5b8b319d2f25ab0e00@prksq.com,6,0.92000002,2023-02-11,2023-02-13,Angel,male,1,United Kingdom,Europe and Central Asia,high,low,0,NA,0,NA,NA
bd3626cb1b65945fdd68a65372482b2a@prksq.com,141,1,2023-02-11,2023-02-15,Angel,male,5,United States,North America,high,high,0,NA,0,NA,NA
bd405b957340286398eb250ac26ccd75@prksq.com,16,0.92000002,2023-02-11,2023-02-11,Venture Capital,male,3,United States,North America,low,high,0,no specific reason,1,2023-02-11,0
bd465c4b9792fa29d6568031a6595fcf@prksq.com,97,0.5,2023-02-10,2023-02-12,Angel,male,1,United States,North America,high,high,0,NA,0,NA,NA
bd48c9d4acaad5914f989519cd624426@prksq.com,521,0.75,2023-02-11,2023-02-13,Angel,male,1,United States,North America,low,high,0,NA,0,NA,NA
bd59da22140a0eade595259b6da2b0bd@prksq.com,10,0.079999998,2023-02-11,2023-02-11,Angel,male,1,United States,North America,low,low,0,NA,0,NA,NA
bd65d5e013e5b703b3823eddbfc7be69@prksq.com,420,0.5,2023-02-11,2023-02-12,Angel,male,1,United States,North America,low,high,0,NA,0,NA,NA
bd65df82ddcb52e372f37c717695d6e3@prksq.com,92,0.67000002,2023-02-11,2023-02-12,Venture Capital,male,5,United States,North America,low,low,0,NA,0,NA,NA
bd6cec1c78a3130129cdaec3fa388f45@prksq.com,15,0.75,2023-02-11,2023-02-12,Angel,female,1,United States,North America,low,high,0,no specific reason,1,2023-02-12,0
bd782a81057170b9ea923a78a18cd5be@prksq.com,173,0.67000002,2023-02-11,2023-02-14,Venture Capital,male,1,United States,North America,low,high,0,NA,0,NA,NA
bd7924f906a83154ac057728caf5b801@prksq.com,303,1,2023-02-09,2023-02-09,Angel,male,1,United States,North America,high,low,0,NA,0,NA,NA
bd7f2fa7d1d38c72277eab9e4ac0a705@prksq.com,128,0.67000002,2023-02-11,2023-02-14,Angel,male,1,United States,North America,low,low,0,NA,0,NA,NA
bd8ab11a8ef0ead9fc26ec68e08a8b94@prksq.com,49,0.75,2023-02-11,2023-02-14,Angel,female,1,United States,North America,low,high,0,NA,0,NA,NA
bd91a8c2025376ba881ee27882deed43@prksq.com,38,0.67000002,2023-02-11,2023-02-13,Venture Capital,male,4,India,South Asia,high,high,0,NA,0,NA,NA
bd97b36fb90f5efdc04cd0220056e846@prksq.com,61,0.41999999,2023-02-11,2023-02-11,Angel,male,1,United Kingdom,Europe and Central Asia,high,low,0,NA,0,NA,NA
bdc61d7869b1ba8bff830da65a318185@prksq.com,187,0.92000002,2023-02-11,2023-02-11,Angel,female,1,United States,North America,high,high,0,industry,1,2023-02-11,0
bdc72e19772d3eecc6585cd9dbcf763e@prksq.com,29,0.079999998,2023-02-11,2023-02-11,Angel,male,1,United States,North America,low,low,0,NA,0,NA,NA
bddabf47cc8cd8425ef126c068617314@prksq.com,446,0.25,2023-02-11,2023-02-15,Angel,male,1,United Kingdom,Europe and Central Asia,low,high,0,NA,0,NA,NA
bde85eb38cecfeaa702ddf424007ca2a@prksq.com,8,0.5,2023-02-11,2023-02-12,Angel,male,1,Israel,Middle East and North Africa,high,high,0,NA,0,NA,NA
be031720007f69dfb2267ad116f301ad@prksq.com,310,0.25,2023-02-11,2023-02-14,Angel,male,1,United Kingdom,Europe and Central Asia,low,high,0,NA,0,NA,NA
be0cd1b71124dcfad14b2e0292a8caf4@prksq.com,126,1,2023-02-11,2023-02-12,Angel,male,1,United States,North America,high,low,0,NA,0,NA,NA
be20bece85a7fb360bbe045446514767@prksq.com,53,0.41999999,2023-02-11,2023-02-13,Angel,male,1,India,South Asia,low,high,0,NA,0,NA,NA
be2a0f1419dfb433a304d00db129d6e7@prksq.com,138,0.92000002,2023-01-29,2023-01-29,Angel,male,1,United States,North America,high,high,0,NA,0,NA,NA
be367453b589d708d25e8c52a8607923@prksq.com,42,0.5,2023-02-02,2023-02-13,Angel,female,1,United States,North America,low,low,0,NA,0,NA,NA
be373247dff9349b88a2f340d4304255@prksq.com,254,0.92000002,2023-02-11,2023-02-14,Angel,female,2,United States,North America,high,high,0,NA,0,NA,NA
be40ef9401e3040ba5ccefc8dbcdd894@prksq.com,175,0.41999999,2023-02-11,2023-02-14,Angel,male,1,United States,North America,low,low,0,stage,1,2023-02-14,0
be5f78b90a1330bfe8bbb81587c43e0b@prksq.com,430,1,2023-02-11,2023-02-11,Angel,male,5,United States,North America,high,high,0,NA,0,NA,NA
be6c5f711af260a7d0f3108fc74297ab@prksq.com,183,0.92000002,2023-02-11,2023-02-14,Angel,male,2,United States,North America,high,high,0,NA,0,NA,NA
be8d1f5a4d965f2db95afab1688d7ba2@prksq.com,24,0.079999998,2023-02-11,2023-02-11,Angel,male,2,United States,North America,high,high,0,NA,0,NA,NA
be9684e0b708942f424afbfff4d82861@prksq.com,139,1,2023-02-11,2023-02-12,Angel,male,1,United States,North America,high,high,0,NA,0,NA,NA
bebaeabf6db135b7cc854847ec960603@prksq.com,114,0.92000002,2023-02-11,2023-02-11,Venture Capital,male,5,Singapore,East Asia and Pacific,low,low,0,NA,0,NA,NA
bed795dd0dcb0079d146f6539cd474d3@prksq.com,87,0.82999998,2023-02-11,2023-02-14,Angel,male,2,United States,North America,high,low,0,NA,0,NA,NA
bedd2e8bc79c907a9b927142fce08805@prksq.com,151,0.82999998,2023-02-11,2023-02-12,Angel,male,1,United States,North America,low,high,0,NA,0,NA,NA
bee5184e6a48d3432bb37d992f03ef46@prksq.com,460,0.67000002,2023-02-11,2023-02-11,Angel,male,1,United States,North America,high,high,0,NA,0,NA,NA
bf0ebadc8b798bf024fefb542be855c7@prksq.com,189,1,2023-02-11,2023-02-13,Angel,male,1,Germany,Europe and Central Asia,high,high,0,NA,0,NA,NA
bf0ee305ecc42dc5716917f9fbf7e9cd@prksq.com,144,1,2023-02-11,2023-02-14,Angel,male,1,United States,North America,high,low,0,NA,0,NA,NA
bf11363c90fe93d07f37078f7a583af0@prksq.com,482,1,2023-01-31,2023-02-13,Angel,male,1,United States,North America,low,high,0,NA,0,NA,NA
bf12d11a3ed08c9bffe90a8ca62dbe78@prksq.com,461,0.92000002,2023-02-11,2023-02-11,Angel,male,1,United States,North America,high,low,0,NA,0,NA,NA
bf247b45e9c1957152e934026b7b7410@prksq.com,132,0.92000002,2023-02-11,2023-02-12,Angel,male,1,United Kingdom,Europe and Central Asia,low,high,0,NA,0,NA,NA
bf2be8e1580989f8a551ab813ca6ed6e@prksq.com,71,0.41999999,2023-02-11,2023-02-11,Angel,female,2,United States,North America,low,low,0,NA,0,NA,NA
bf2ea1c8097c9611e991def1fb4efc7a@prksq.com,111,0.67000002,2023-02-11,2023-02-15,Angel,male,1,United States,North America,low,high,0,stage,1,2023-02-15,0
bf3392644f4fe93dbd0ab790d6c3ef17@prksq.com,82,0.82999998,2023-02-11,2023-02-16,Angel,male,1,United States,North America,high,low,0,NA,0,NA,NA
bf57f0e3998bc1812854fd9be46be1cb@prksq.com,87,0.82999998,2023-02-11,2023-02-11,Angel,male,1,United States,North America,low,high,0,NA,0,NA,NA
bf6e704564dd72ae2e9a6257bece228d@prksq.com,37,1,2023-02-09,2023-02-09,Angel,male,1,United States,North America,high,low,0,stage,1,2023-02-14,0
bf7126eac6ff5a4346a7d15999d9e48f@prksq.com,18,0.41999999,2023-02-11,2023-02-11,Angel,male,1,United States,North America,high,low,0,geography,1,2023-02-11,0
bf8ed74cc0034260afeef9fdf54d45b0@prksq.com,10,0.079999998,2023-02-11,2023-02-12,Angel,male,1,United States,North America,high,low,0,stage,1,2023-02-14,0
bff4551e30ab22f94a2ba3294462acb0@prksq.com,48,0.75,2023-02-11,2023-02-11,Angel,male,1,United States,North America,low,low,0,NA,0,NA,NA
c01231575535273633303ee01ff05662@prksq.com,14,1,2023-02-11,2023-02-12,Angel,male,2,United States,North America,high,low,0,NA,0,NA,NA
c014c7a099bd37fbe7767c089f5b1886@prksq.com,200,0.75,2023-02-11,2023-02-13,Angel,male,1,United States,North America,low,high,0,NA,0,NA,NA
c01ec277565d327f7bdd7074b7e6c1ae@prksq.com,4,0.57999998,2023-02-08,2023-02-12,Angel,male,1,United States,North America,low,low,0,investment strategy,1,2023-02-12,0
c02198597b96207f5426426b625ffc35@prksq.com,181,0.57999998,2023-02-11,2023-02-13,Angel,male,2,United States,North America,low,high,0,stage,1,2023-02-15,0
c02a8302c70656bcf9579b1087c53cdc@prksq.com,69,1,2023-02-09,2023-02-09,Angel,male,2,United States,North America,low,low,0,NA,0,NA,NA
c038261cad1f559adfaf37bdcfdbced7@prksq.com,328,0.92000002,2023-02-11,2023-02-11,Angel,male,1,United States,North America,low,high,0,NA,0,NA,NA
c04105d5b5034b3b299dd32387b26284@prksq.com,273,0.92000002,2023-02-11,2023-02-13,Angel,male,1,United States,North America,high,low,0,NA,0,NA,NA
c0488cc63e008d5e741babd4a2590da6@prksq.com,104,1,2023-01-29,2023-01-29,Angel,male,1,France,Europe and Central Asia,high,high,0,NA,0,NA,NA
c049cd8ac5c50800a28c9fd4df5b5e97@prksq.com,285,0.92000002,2023-02-11,2023-02-11,Angel,male,1,United States,North America,low,low,0,NA,0,NA,NA
c0611e9c75cf31afd6dccd34e2247e2b@prksq.com,319,0.82999998,2023-02-11,2023-02-13,Angel,male,1,United States,North America,low,high,0,NA,0,NA,NA
c080bf62c10d7f7ad7852feccd39e118@prksq.com,126,0.92000002,2023-02-11,2023-02-11,Angel,male,1,United States,North America,high,high,0,investment strategy,1,2023-02-11,0
c08296302b09e44b430479968c8c6810@prksq.com,80,0.57999998,2023-02-11,2023-02-12,Angel,male,2,United States,North America,low,high,0,stage,1,2023-02-12,0
c08e8e723fbaeb2604e2a4971c10df2d@prksq.com,29,0.079999998,2023-02-11,2023-02-11,Venture Capital,male,4,United States,North America,low,low,0,NA,0,NA,NA
c09d3b3cd5bd0d48b5d374a026c8e7c4@prksq.com,597,0.92000002,2023-02-02,2023-02-02,Angel,male,1,United States,North America,high,high,0,NA,0,NA,NA
c0bf1e380aad51237f8ddb27203b095d@prksq.com,29,0.079999998,2023-02-11,2023-02-11,Angel,male,1,United States,North America,high,high,0,NA,0,NA,NA
c0c79cbe0cbb6136d63dd5b8d99a086b@prksq.com,285,1,2023-02-11,2023-02-13,Venture Capital,male,2,United States,North America,high,high,0,geography,1,2023-02-13,0
c0d7886372ccb118e0e6516adbc5ccc3@prksq.com,128,0.92000002,2023-02-11,2023-02-13,Venture Capital,male,1,China,East Asia and Pacific,low,high,0,NA,0,NA,NA
c0de924da3a94d1c41d03b356eb7e854@prksq.com,47,1,2023-02-11,2023-02-13,Angel,male,1,United States,North America,high,high,0,NA,0,NA,NA
c0e7e039219ab83b3148da22ba698ed3@prksq.com,610,0.67000002,2023-02-11,2023-02-13,Angel,male,1,United States,North America,high,high,0,NA,0,NA,NA
c0e92ce363cfa18db9e1c126f4707ffe@prksq.com,299,1,2023-02-04,2023-02-04,Angel,female,1,United States,North America,low,low,0,NA,0,NA,NA
c0eb8688ec1267c37a307fb5619b5f9f@prksq.com,217,1,2023-02-11,2023-02-14,Venture Capital,male,1,United States,North America,high,low,0,NA,0,NA,NA
c0f0078bf4727fc581793c92a2386758@prksq.com,82,1,2023-02-04,2023-02-04,Angel,male,1,United States,North America,low,low,0,stage,1,2023-02-04,0
c0f6eb2aeb74c0786b44f32144502f68@prksq.com,250,1,2023-02-11,2023-02-15,Venture Capital,female,1,United States,North America,high,low,0,NA,0,NA,NA
c10026944b17b76baab790ef71074b17@prksq.com,58,0.75,2023-02-11,2023-02-11,Angel,female,1,United States,North America,low,low,0,NA,0,NA,NA
c1091aa6facf2436d36779be4d91177c@prksq.com,129,0.33000001,2023-02-11,2023-02-11,Angel,male,1,United States,North America,low,low,0,no specific reason,1,2023-02-13,0
c10cab2fc769b04c7d0a70aea5215a3b@prksq.com,3,0.079999998,2023-02-11,2023-02-11,Angel,male,2,United States,North America,low,low,0,NA,0,NA,NA
c12df42ea52e9295a46d16ef231dafd6@prksq.com,259,0.57999998,2023-02-11,2023-02-14,Angel,male,1,United Kingdom,Europe and Central Asia,high,high,0,NA,0,NA,NA
c1520e75c15e3ac648c621735718f9be@prksq.com,292,0.82999998,2023-02-11,2023-02-13,Angel,male,1,United States,North America,high,high,0,stage,1,2023-02-13,0
c16cc612dadcf5eb8f52db3cdea5d7b0@prksq.com,284,0.57999998,2023-02-08,2023-02-12,Angel,male,4,United States,North America,high,low,0,stage,1,2023-02-14,0
c183ce0f76f6680e1be2f9a70e8a6be1@prksq.com,188,1,2023-02-07,2023-02-07,Angel,male,1,United States,North America,low,low,0,NA,0,NA,NA
c19281fbd0b1a852d6e290ae3637b321@prksq.com,28,1,2023-02-11,2023-02-13,Angel,male,1,United States,North America,high,high,0,no investments,1,2023-02-13,0
c1a63cf41684f7c36882da0b2da3cf2e@prksq.com,84,0.92000002,2023-02-11,2023-02-14,Angel,male,1,United States,North America,low,high,0,NA,0,NA,NA
c1b1fc791f9e597cbd9af08090ac9cf9@prksq.com,23,0.67000002,2023-02-11,2023-02-16,Angel,male,1,United States,North America,high,low,0,industry,1,2023-02-19,0
c1c75c10a766301013d29917f63f929f@prksq.com,6,0.82999998,2023-02-03,2023-02-03,Venture Capital,male,5,United States,North America,low,high,0,NA,0,NA,NA
c1ca8ced6522fb457c9a7f691499b29f@prksq.com,29,0.079999998,2023-02-11,2023-02-11,Venture Capital,male,1,United States,North America,low,low,0,stage,1,2023-02-11,0
c1cf2ef0fe6248c7fb515841000c4714@prksq.com,8,0.82999998,2023-02-11,2023-02-12,Angel,male,1,United States,North America,low,low,0,NA,0,NA,NA
c1d38a1fec71f497735935a1f6ec60b0@prksq.com,237,0.92000002,2023-02-10,2023-02-13,Angel,male,1,United States,North America,low,low,0,NA,0,NA,NA
c1fb0ec3ec356516219e158d18536f00@prksq.com,121,0.5,2023-02-11,2023-02-15,Angel,male,1,United States,North America,low,low,0,investment strategy,1,2023-02-15,0
c1fc93b9e938b1c60868b208486e7e52@prksq.com,20,0.079999998,2023-02-11,2023-02-14,Angel,male,3,United States,North America,low,low,0,NA,0,NA,NA
c200cdc36510abb258ffb7979a8a4d53@prksq.com,49,0.92000002,2023-02-11,2023-02-12,Angel,male,1,United States,North America,high,high,0,NA,0,NA,NA
c2025425b1f5be843ecfaab99f70d478@prksq.com,18,0.41999999,2023-02-11,2023-02-13,Venture Capital,male,2,United States,North America,high,low,0,NA,0,NA,NA
c209c9b0dbf03f12b0bcf84018d465f0@prksq.com,188,0.33000001,2023-02-11,2023-02-14,Angel,female,1,United States,North America,high,low,0,NA,0,NA,NA
c21b009c53f50cb40ad693523deeaf55@prksq.com,60,1,2023-02-11,2023-02-11,Venture Capital,male,3,United States,North America,low,high,0,NA,0,NA,NA
c22dbea720e8c17a3237158616f05222@prksq.com,19,0.17,2023-02-11,2023-02-13,Angel,male,1,United Kingdom,Europe and Central Asia,low,low,0,no specific reason,1,2023-02-13,0
c23145e6e17031439d95737455fdc3e3@prksq.com,16,0.079999998,2023-02-11,2023-02-11,Angel,male,2,United States,North America,high,high,0,NA,0,NA,NA
c2333d22c6596483b3a133020300822d@prksq.com,30,1,2023-02-11,2023-02-14,Angel,male,1,United States,North America,low,low,0,geography,1,2023-02-14,0
c2430ed9c0aca98c167dd11a36827173@prksq.com,167,0.67000002,2023-02-11,2023-02-11,Angel,male,1,United Kingdom,Europe and Central Asia,low,low,0,no specific reason,1,2023-02-13,0
c2574f22f130c36c13411bf9fcb2d359@prksq.com,52,1,2023-02-11,2023-02-12,Angel,male,2,United States,North America,high,low,0,stage,1,2023-02-12,0
c25c08f606684310210a62e68bb40dcd@prksq.com,182,0.57999998,2023-02-12,2023-02-14,Angel,male,1,United States,North America,high,high,0,NA,0,NA,NA
c268e9e975db4aeb173be3710bb8608b@prksq.com,119,0.67000002,2023-02-12,2023-02-16,Angel,male,1,United States,North America,low,high,0,NA,0,NA,NA
c26955f31e1c8737bf2cb64c68606a76@prksq.com,146,0.82999998,2023-02-12,2023-02-14,Angel,male,1,United States,North America,high,low,0,NA,0,NA,NA
c272c240e35036d8b4da8fb1f10a518b@prksq.com,31,0.079999998,2023-02-12,2023-02-12,Angel,male,1,United States,North America,low,high,0,NA,0,NA,NA
c292f63e57e49f7eff6da6e5587faaca@prksq.com,194,0.57999998,2023-02-12,2023-02-15,Venture Capital,male,3,Canada,North America,low,high,0,NA,0,NA,NA
c29c5fbcab76fd2417fa190ce8865f82@prksq.com,150,1,2023-02-12,2023-02-12,Angel,male,1,India,South Asia,low,low,0,NA,0,NA,NA
c2a40b481d314417d7eed56c6db21909@prksq.com,289,0.57999998,2023-02-12,2023-02-12,Angel,male,1,United States,North America,low,low,0,NA,0,NA,NA
c2c6505237cbe57e4fc0daf2ebc9e2aa@prksq.com,47,0.75,2023-02-12,2023-02-14,Angel,female,1,United States,North America,low,low,0,no specific reason,1,2023-02-14,0
c2ce4bdeca49160833f87e35bcb519ef@prksq.com,51,0.92000002,2023-02-12,2023-02-15,Angel,male,1,United States,North America,low,low,0,NA,0,NA,NA
c2d95e074d2718a685f11b7492157615@prksq.com,131,1,2023-02-10,2023-02-10,Angel,male,1,United States,North America,high,low,0,NA,0,NA,NA
c2e76e689323cb301f5b223c369c6770@prksq.com,32,0.25,2023-02-12,2023-02-14,Angel,male,1,United States,North America,low,low,0,NA,0,NA,NA
c2f09b3add6c4c253c26c4d23bf5878f@prksq.com,244,1,2023-02-12,2023-02-16,Angel,male,1,United States,North America,high,low,0,NA,0,NA,NA
c2f3f0422a6346fc1f922cc2169b94f0@prksq.com,166,1,2023-02-11,2023-02-11,Angel,male,1,France,Europe and Central Asia,low,low,0,NA,0,NA,NA
c2f48423bb914e724b5811db0babdeec@prksq.com,314,0.17,2023-02-12,2023-02-12,Angel,male,1,United States,North America,high,low,0,NA,0,NA,NA
c2fe2b0c83d18c781a6fcd2de0e22bb5@prksq.com,103,1,2023-02-12,2023-02-14,Angel,male,1,United States,North America,low,low,0,NA,0,NA,NA
c304727e7ab245c4acb52fcc16f296fa@prksq.com,55,0.92000002,2023-01-30,2023-01-30,Angel,male,1,United States,North America,low,high,0,NA,0,NA,NA
c326694fdcd2cb54310e600bdc5c83e1@prksq.com,195,0.82999998,2023-02-12,2023-02-12,Angel,male,1,United States,North America,high,high,0,NA,0,NA,NA
c32a876d0add2c1b2dfff1fa5a32ac01@prksq.com,40,0.17,2023-02-12,2023-02-14,Venture Capital,male,1,United States,North America,low,high,0,NA,0,NA,NA
c32afd13e321f5d160de6d42ae3d00e4@prksq.com,138,0.17,2023-02-12,2023-02-14,Angel,male,2,United States,North America,high,high,0,NA,0,NA,NA
c33cf9d2c385c1fd9d6e4e1dbb0de6b9@prksq.com,148,0.57999998,2023-02-12,2023-02-14,Angel,female,4,United States,North America,low,low,0,NA,0,NA,NA
c35ee9df3351c5d5886edacf3ee87676@prksq.com,185,1,2023-02-12,2023-02-14,Angel,male,1,United States,North America,low,low,0,NA,0,NA,NA
c3603a84f1494036bcc01d3829c8c876@prksq.com,122,0.92000002,2023-02-12,2023-02-14,Venture Capital,male,2,India,South Asia,high,low,0,NA,0,NA,NA
c361789112ebd5a539afa697c7f64fc9@prksq.com,31,0.079999998,2023-02-12,2023-02-12,Angel,male,1,United States,North America,low,high,0,NA,0,NA,NA
c37457a255ac1a3631bf7e61bc1c3aaa@prksq.com,56,0.5,2023-02-10,2023-02-14,Angel,male,1,United States,North America,high,low,0,no specific reason,1,2023-02-14,0
c3750ced52522e5c4c740a9ed68f1d97@prksq.com,277,1,2023-02-12,2023-02-13,Angel,male,1,Canada,North America,low,high,0,NA,0,NA,NA
c37a5922975a87cd80301de246e31bf7@prksq.com,70,0.67000002,2023-02-12,2023-02-13,Angel,male,2,United States,North America,high,high,0,no specific reason,1,2023-02-14,0
c3879e88aa9ae2bb26ff015bb2691b90@prksq.com,395,0.5,2023-02-12,2023-02-15,Angel,male,1,United Kingdom,Europe and Central Asia,high,high,0,NA,0,NA,NA
c393ab61a51a8a330a4214514e1e27e1@prksq.com,183,1,2023-02-12,2023-02-15,Angel,male,1,United States,North America,low,high,0,no specific reason,1,2023-02-15,0
c39d2d0ebf10def93fca3406b985e6c9@prksq.com,193,0.67000002,2023-02-12,2023-02-14,Venture Capital,male,3,Israel,Middle East and North Africa,low,high,0,NA,0,NA,NA
c3a72a45f3589eddaa9e44401151becf@prksq.com,186,0.92000002,2023-02-12,2023-02-15,Angel,male,2,United States,North America,high,low,0,NA,0,NA,NA
c3afb4071d777c0a008478e2b7851910@prksq.com,32,0.67000002,2023-02-12,2023-02-12,Angel,male,2,United States,North America,high,low,0,no specific reason,1,2023-02-12,0
c3b73f342923f23f57c59c838179b1f1@prksq.com,103,0.67000002,2023-02-11,2023-02-13,Venture Capital,female,3,United States,North America,low,low,0,no specific reason,1,2023-02-13,0
c3d0976a1911ba16a2801dec317c81ba@prksq.com,36,0.25,2023-02-12,2023-02-13,Venture Capital,male,3,United States,North America,low,low,0,NA,0,NA,NA
c3e2428deec7d51d6d63a390baad10d4@prksq.com,125,1,2023-02-09,2023-02-12,Angel,male,1,United States,North America,low,low,0,NA,0,NA,NA
c3e36fb708bd59addb75776229d7344d@prksq.com,194,1,2023-02-12,2023-02-14,Venture Capital,male,1,United States,North America,high,high,0,no specific reason,1,2023-02-14,0
c3f282020a08d8b3662732b7dd756a55@prksq.com,141,0.67000002,2023-01-29,2023-01-29,Venture Capital,male,5,India,South Asia,low,low,0,NA,0,NA,NA
c3f8624ed95c7bfb9b97ffb1c91306d9@prksq.com,425,0.079999998,2023-02-10,2023-02-15,Venture Capital,male,5,Israel,Middle East and North Africa,low,high,0,NA,0,NA,NA
c4031026a8244edf7877f3d405863955@prksq.com,204,0.57999998,2023-02-12,2023-02-14,Angel,male,1,United States,North America,high,high,0,investment strategy,1,2023-02-14,0
c41a28589610ee8f016eca47ad166a58@prksq.com,85,1,2023-02-12,2023-02-15,Venture Capital,male,2,United States,North America,low,high,0,NA,0,NA,NA
c41e3c81d4821d2e6cfb82ee421f363f@prksq.com,71,0.57999998,2023-02-12,2023-02-12,Venture Capital,male,3,United Kingdom,Europe and Central Asia,low,low,0,NA,0,NA,NA
c429eb8ee9bc75c8baf157a226619791@prksq.com,206,0.92000002,2023-02-12,2023-02-13,Venture Capital,male,1,United States,North America,low,low,0,NA,0,NA,NA
c429ff4407205d881384087ec5ffaa00@prksq.com,72,1,2023-02-12,2023-02-13,Angel,male,2,United States,North America,low,high,0,NA,0,NA,NA
c438d53cc530b859e5a7071abc01c617@prksq.com,161,0.57999998,2023-02-12,2023-02-12,Angel,male,1,Canada,North America,low,low,0,NA,0,NA,NA
c456368fb925ac7825f5399e5021923f@prksq.com,42,0.41999999,2023-02-12,2023-02-15,Angel,male,2,United States,North America,high,low,0,NA,0,NA,NA
c465d6bc44ff0b97cfaa25b43e85ebd5@prksq.com,47,0.57999998,2023-02-12,2023-02-16,Venture Capital,female,25,United States,North America,low,low,0,NA,0,NA,NA
c477bc9002830311f57de40e196b4684@prksq.com,90,0.57999998,2023-01-29,2023-02-12,Angel,male,1,Germany,Europe and Central Asia,high,low,0,NA,0,NA,NA
c4865141c00cb9655d4079e1fdaf94e9@prksq.com,123,1,2023-02-12,2023-02-13,Angel,male,1,United States,North America,high,low,0,NA,0,NA,NA
c486a66192b22be476466b6bda8cccf1@prksq.com,342,0.75,2023-02-12,2023-02-13,Angel,male,2,United Kingdom,Europe and Central Asia,high,low,0,NA,0,NA,NA
c4a17f30e3298263e8a367d3f9886e63@prksq.com,70,1,2023-02-12,2023-02-14,Angel,male,1,United States,North America,low,high,0,NA,0,NA,NA
c4a4eae1cfa85c40c7e0fb232dab638b@prksq.com,145,0.82999998,2023-02-12,2023-02-13,Angel,male,1,United States,North America,low,low,0,geography,1,2023-02-15,0
c4a88400a9023f28fd25c3d23ba23644@prksq.com,20,0.82999998,2023-02-12,2023-02-12,Angel,male,1,United States,North America,high,high,0,NA,0,NA,NA
c4af7e385d66bcbec583e6b6e4e81fec@prksq.com,3,0.57999998,2023-02-12,2023-02-12,Angel,male,1,United States,North America,low,low,0,no specific reason,1,2023-02-12,0
c4b8329fb1a36d125baa5c6ccaba1406@prksq.com,224,0.92000002,2023-02-12,2023-02-15,Angel,male,1,United States,North America,high,high,0,no specific reason,1,2023-02-15,0
c4c7d487bf61536c06d3133610b3b318@prksq.com,107,0.75,2023-02-12,2023-02-12,Venture Capital,male,1,United States,North America,low,high,0,NA,0,NA,NA
c4d7bbd8c4bf592bdb577e65a78fd289@prksq.com,10,0.25,2023-02-12,2023-02-15,Angel,male,1,United States,North America,low,high,0,NA,0,NA,NA
c4dba03fd6d85d2cfa4fa844a9a598e5@prksq.com,5,0.17,2023-02-12,2023-02-15,Angel,male,1,United States,North America,low,low,0,industry,1,2023-02-15,0
c4dc803149ee28eb45d1f456241c4464@prksq.com,244,0.33000001,2023-02-12,2023-02-12,Angel,male,1,Canada,North America,high,low,0,NA,0,NA,NA
c4e8fc99b697b01409d2835905e3e82a@prksq.com,144,0.5,2023-01-29,2023-02-12,Venture Capital,male,4,France,Europe and Central Asia,low,low,0,NA,0,NA,NA
c4f5871567fdfe3cde21c423d649c0e9@prksq.com,3,0.25,2023-02-12,2023-02-13,Angel,male,1,United States,North America,high,low,0,NA,0,NA,NA
c4fb850791b91c5d4a0142d4fb0a50d6@prksq.com,353,1,2023-01-31,2023-02-12,Venture Capital,male,5,United States,North America,high,high,0,NA,0,NA,NA
c52a3cb326c6d571d1bf57f4f4e18b15@prksq.com,15,1,2023-02-12,2023-02-12,Venture Capital,male,2,Brazil,Latin America and Caribbean,high,high,0,NA,0,NA,NA
c5481080d4aee632fe64d15c84ddbc5c@prksq.com,24,0.079999998,2023-02-12,2023-02-12,Angel,female,1,United Kingdom,Europe and Central Asia,low,high,0,NA,0,NA,NA
c5489dd0a50c120a6160e1a495628945@prksq.com,40,0.57999998,2023-02-12,2023-02-15,Angel,male,1,United States,North America,low,high,0,NA,0,NA,NA
c5539fb7983ba8312281f38e6e5b8167@prksq.com,70,0.079999998,2023-02-12,2023-02-15,Angel,male,1,United Kingdom,Europe and Central Asia,low,high,0,NA,0,NA,NA
c5634e4aa10af8ba2a2ee6111e396f08@prksq.com,62,0.75,2023-02-11,2023-02-11,Angel,male,1,United States,North America,high,low,0,NA,0,NA,NA
c56e36ed780567085cd0f105ca13bf14@prksq.com,6,0.079999998,2023-02-12,2023-02-13,Venture Capital,female,5,Canada,North America,high,high,0,no specific reason,1,2023-02-16,0
c5786a34f714caa9610f41ed9f4c96c0@prksq.com,50,0.079999998,2023-02-12,2023-02-13,Venture Capital,male,2,United States,North America,low,low,0,NA,0,NA,NA
c57d19a3854d21748b57462b493ee014@prksq.com,192,1,2023-02-12,2023-02-12,Angel,male,1,United States,North America,high,high,0,NA,0,NA,NA
c58442bd11f38014e4a27cf1dba64fd8@prksq.com,18,0.5,2023-02-12,2023-02-15,Venture Capital,male,2,United States,North America,low,low,0,NA,0,NA,NA
c58bea27ef4de69d99e75981ac9bcd51@prksq.com,170,0.41999999,2023-02-12,2023-02-14,Angel,male,1,United States,North America,high,high,0,NA,0,NA,NA
c58c00f74075bc3718334ed61f181ac7@prksq.com,324,0.33000001,2023-02-12,2023-02-12,Angel,male,1,United States,North America,low,low,0,NA,0,NA,NA
c5958343997642c0a3978cdf17070159@prksq.com,59,1,2023-02-12,2023-02-13,Venture Capital,male,2,United States,North America,low,low,0,NA,0,NA,NA
c5ae5a8f5cd3f3b20dd673c718ff738e@prksq.com,249,0.75,2023-02-12,2023-02-15,Angel,male,3,Canada,North America,high,high,0,investment strategy,1,2023-02-17,0
c5b17006eb47179892e6d46f4bd971de@prksq.com,303,0.33000001,2023-02-12,2023-02-15,Venture Capital,male,1,United States,North America,high,high,0,no specific reason,1,2023-02-18,0
c5d1f08d2eba70f426f4a5f47d90003d@prksq.com,49,0.67000002,2023-02-12,2023-02-13,Angel,male,2,United States,North America,high,high,0,NA,0,NA,NA
c5fc879cb20d4832788a6af12523ff19@prksq.com,249,0.67000002,2023-02-12,2023-02-14,Venture Capital,male,3,United States,North America,low,high,0,stage,1,2023-02-14,0
c61ad91c5017de85e07fa4884961e272@prksq.com,277,0.57999998,2023-02-12,2023-02-12,Angel,male,2,United States,North America,high,high,0,stage,1,2023-02-15,0
c6278c91f96f4157f32eb0cd9c813673@prksq.com,5,0.92000002,2023-02-12,2023-02-14,Angel,male,1,United States,North America,low,low,0,NA,0,NA,NA
c62fab16c51864a8ddee84e74734196d@prksq.com,190,1,2023-02-12,2023-02-15,Angel,male,1,United States,North America,high,low,0,no specific reason,1,2023-02-15,0
c6343a45db734c019b5de44249dadbf1@prksq.com,142,0.57999998,2023-02-12,2023-02-13,Venture Capital,male,2,United Kingdom,Europe and Central Asia,low,low,0,NA,0,NA,NA
c63486d102820ddf230113457eea9751@prksq.com,7,0.33000001,2023-02-12,2023-02-12,Venture Capital,male,4,United States,North America,low,high,0,geography,1,2023-02-12,0
c67796c1a6be062102ab8b38754c4767@prksq.com,280,0.82999998,2023-02-12,2023-02-13,Venture Capital,male,2,Israel,Middle East and North Africa,low,high,0,NA,0,NA,NA
c694677aa3e0c423371242171f90fcd3@prksq.com,125,0.75,2023-02-12,2023-02-15,Angel,male,1,United States,North America,low,low,0,stage,1,2023-02-15,0
c6a00105585d876c01247fe6e5d92c98@prksq.com,128,0.82999998,2023-02-11,2023-02-13,Angel,male,1,United States,North America,low,low,0,stage,1,2023-02-13,0
c6c67a50d80135dd7067c65b6cb6f2af@prksq.com,3,0.67000002,2023-02-12,2023-02-14,Angel,male,1,United States,North America,low,high,0,no specific reason,1,2023-02-14,0
c6cf1541bd8b80c08c23a0c91be1058e@prksq.com,126,1,2023-02-12,2023-02-14,Angel,male,1,United States,North America,low,low,0,NA,0,NA,NA
c6d47d9e5159b96eb08157a418e3376b@prksq.com,102,1,2023-02-12,2023-02-17,Angel,male,1,India,South Asia,high,low,0,NA,0,NA,NA
c726f5c24153aad8b6242be768b1fa5b@prksq.com,236,0.92000002,2023-02-12,2023-02-12,Angel,male,1,United States,North America,high,high,0,NA,0,NA,NA
c727251d6d31b1dd9c6227a7f92f5efe@prksq.com,181,0.82999998,2023-02-12,2023-02-14,Venture Capital,male,4,Canada,North America,high,high,0,industry,1,2023-02-17,0
c745497177d4e2db8c784e7070ae02c3@prksq.com,35,0.92000002,2023-02-12,2023-02-12,Angel,male,1,United States,North America,low,high,0,no specific reason,1,2023-02-12,0
c74aabd1de8bd5aa0d6834dc580f8f1e@prksq.com,75,1,2023-02-11,2023-02-12,Angel,male,1,United States,North America,high,low,0,NA,0,NA,NA
c74d4764548475e88fc80f0c001c6097@prksq.com,477,0.75,2023-02-12,2023-02-13,Angel,male,1,United States,North America,high,high,0,NA,0,NA,NA
c75719183feff107d233ecd36992ae77@prksq.com,282,1,2023-02-12,2023-02-12,Angel,male,1,India,South Asia,high,high,0,NA,0,NA,NA
c76f0ad283eabbe94db3026bc45f4cbf@prksq.com,101,0.57999998,2023-02-13,2023-02-14,Venture Capital,male,2,United States,North America,high,low,0,NA,0,NA,NA
c7894ffe3b42686404f8a4e279192c5d@prksq.com,55,0.5,2023-02-12,2023-02-14,Angel,male,1,United States,North America,high,low,0,NA,0,NA,NA
c7906cb0f94003c43f09ba4b5011a160@prksq.com,118,1,2023-02-12,2023-02-16,Angel,male,1,Brazil,Latin America and Caribbean,low,low,0,industry,1,2023-02-16,0
c7a3374efc3feec40c4cc42f45011406@prksq.com,140,0.92000002,2023-02-13,2023-02-14,Angel,male,1,United States,North America,high,low,0,NA,0,NA,NA
c7a926d1adb030547a2d45adef66cba8@prksq.com,37,0.33000001,2023-02-12,2023-02-13,Angel,male,1,Germany,Europe and Central Asia,low,low,0,NA,0,NA,NA
c7aa2e2e42ee466ee7c0b7f8f3a5b8d8@prksq.com,36,1,2023-02-13,2023-02-14,Angel,male,1,United States,North America,low,low,0,NA,0,NA,NA
c7b71ec891f0cd866839879d2095bae4@prksq.com,180,0.75,2023-02-12,2023-02-15,Angel,male,1,United States,North America,low,low,0,NA,0,NA,NA
c7c4978ad486ba70b58c5d46412e7a77@prksq.com,33,0.82999998,2023-02-13,2023-02-15,Venture Capital,male,1,United States,North America,low,high,0,NA,0,NA,NA
c7ddd400aa3c9f14008958333b2129ed@prksq.com,269,1,2023-02-12,2023-02-13,Angel,male,1,United States,North America,low,high,0,NA,0,NA,NA
c7e3eab17ac8f62cdc6bc19b1690959c@prksq.com,143,1,2023-02-12,2023-02-12,Angel,male,1,United Kingdom,Europe and Central Asia,low,high,0,NA,0,NA,NA
c7ec3e30de84eabaef7eb4142f4f1791@prksq.com,90,0.75,2023-02-12,2023-02-12,Angel,male,1,United States,North America,low,low,0,no specific reason,1,2023-02-12,0
c80112edf0b084c60ebd66190c89f4b5@prksq.com,143,1,2023-02-12,2023-02-14,Venture Capital,male,2,United States,North America,high,low,0,no specific reason,1,2023-02-15,0
c80d3ca9f348eb348f89108a84af6001@prksq.com,374,0.92000002,2023-02-12,2023-02-13,Angel,male,1,United States,North America,low,high,0,NA,0,NA,NA
c8269cadd0398906e2c211a178e463cc@prksq.com,28,0.41999999,2023-02-12,2023-02-13,Angel,male,1,United Kingdom,Europe and Central Asia,low,low,0,NA,0,NA,NA
c8445d223e4d5f076a256e3ec0660e7a@prksq.com,98,0.67000002,2023-02-12,2023-02-13,Angel,male,1,United States,North America,high,low,0,NA,0,NA,NA
c84f225e99e49bae76c0ec41d462641d@prksq.com,179,0.57999998,2023-02-12,2023-02-15,Venture Capital,female,1,United States,North America,high,low,0,no specific reason,1,2023-02-15,0
c85e2d6f0204ff977f26da577b48642a@prksq.com,4,0.079999998,2023-02-12,2023-02-12,Angel,male,2,United States,North America,low,high,0,NA,0,NA,NA
c8752a09e55dfe2bdc8cf78234ff24e5@prksq.com,48,0.67000002,2023-02-12,2023-02-14,Angel,male,1,United States,North America,low,low,0,NA,0,NA,NA
c8758a6ff3219944738db8d78bd58333@prksq.com,241,0.17,2023-02-07,2023-02-14,Angel,male,1,United States,North America,high,low,0,NA,0,NA,NA
c8778be0bb2625847040b5613452cf58@prksq.com,97,0.67000002,2023-02-12,2023-02-14,Angel,male,1,United States,North America,high,high,0,NA,0,NA,NA
c886177a68bf0a153336c65827edb83e@prksq.com,138,1,2023-02-12,2023-02-14,Angel,male,1,United States,North America,high,high,0,NA,0,NA,NA
c892ceab013441d2c0477a9e8a690909@prksq.com,19,0.67000002,2023-02-12,2023-02-13,Angel,male,1,United Kingdom,Europe and Central Asia,high,high,0,industry,1,2023-02-13,0
c8986798a1db0c10ffb73a034bd1c763@prksq.com,214,0.25,2023-02-12,2023-02-12,Angel,female,1,United States,North America,low,high,0,no specific reason,1,2023-02-12,0
c8a50f5286f821bb3bbc713589c8a12f@prksq.com,85,0.57999998,2023-02-12,2023-02-14,Angel,male,1,United Kingdom,Europe and Central Asia,low,high,0,NA,0,NA,NA
c8a5449c207035633dd16c87e8e41ff8@prksq.com,120,1,2023-02-12,2023-02-14,Venture Capital,male,3,United States,North America,low,low,0,NA,0,NA,NA
c8aa4e4ced733c57bcdf34f3431e1717@prksq.com,138,0.57999998,2023-02-13,2023-02-14,Angel,male,1,India,South Asia,low,low,0,NA,0,NA,NA
c8bd57175ee99c6420fe616067d8a6ad@prksq.com,32,1,2023-02-12,2023-02-14,Angel,male,1,United States,North America,high,high,0,investment strategy,1,2023-02-14,0
c8cc9489ac25b219a60ca932b6432f0f@prksq.com,111,1,2023-02-12,2023-02-15,Venture Capital,male,1,United States,North America,low,low,0,NA,0,NA,NA
c8cd28eae4a5e3c35a1e33756da929e5@prksq.com,61,0.75,2023-02-12,2023-02-12,Angel,male,1,United States,North America,high,low,0,NA,0,NA,NA
c8cecef8bd51de864fd08d1e689cf84b@prksq.com,112,0.41999999,2023-02-12,2023-02-14,Angel,male,1,United States,North America,low,high,0,stage,1,2023-02-14,0
c8d1648dc80006c45e90f8f7711570bd@prksq.com,372,0.57999998,2023-02-12,2023-02-14,Angel,male,1,United States,North America,high,low,1,meeting,1,2023-02-15,1
c8e8c5a7c062adfa6df18f9a628abf12@prksq.com,175,1,2023-02-12,2023-02-14,Angel,male,1,India,South Asia,high,low,0,investment strategy,1,2023-02-14,0
c8ec9b71dff1a844877164a7e1637199@prksq.com,29,0.079999998,2023-02-12,2023-02-12,Angel,male,1,Canada,North America,high,high,0,NA,0,NA,NA
c8f1c438bb154d591de6ce69d81b74af@prksq.com,303,1,2023-02-12,2023-02-12,Angel,female,1,United States,North America,low,high,0,NA,0,NA,NA
c8f789c6cb5572855b50e6f0ee161665@prksq.com,121,1,2023-01-29,2023-01-29,Venture Capital,male,4,Germany,Europe and Central Asia,low,high,0,NA,0,NA,NA
c91bb6175ffc4da422a91b7a2c7a6346@prksq.com,42,1,2023-02-12,2023-02-13,Angel,male,1,United States,North America,low,high,0,NA,0,NA,NA
c91c21ef847a75416cd69e6a2055e3bc@prksq.com,447,0.5,2023-02-12,2023-02-13,Angel,male,3,United States,North America,high,high,0,no specific reason,1,2023-02-13,0
c923bffbd9cacb6bb9f577b9fdc2510b@prksq.com,247,1,2023-02-12,2023-02-13,Angel,male,2,United States,North America,low,high,0,NA,0,NA,NA
c92f0acf4fa2945d772d5818e84108eb@prksq.com,284,0.5,2023-02-13,2023-02-16,Angel,male,1,United States,North America,high,high,0,NA,0,NA,NA
c93db653a169d8bdb21b7361788ddc0f@prksq.com,232,0.92000002,2023-02-12,2023-02-14,Angel,male,3,United States,North America,high,high,0,NA,0,NA,NA
c94e1e19d0dc71dfadb97ba2bdab661a@prksq.com,295,1,2023-02-12,2023-02-15,Angel,male,1,United States,North America,low,high,0,NA,0,NA,NA
c957a6ff5665e213a91f7afcc45f8385@prksq.com,155,0.41999999,2023-02-12,2023-02-12,Angel,male,1,United States,North America,low,low,0,NA,0,NA,NA
c96ee363402180752c2c7c0ed30285ee@prksq.com,245,0.25,2023-02-12,2023-02-15,Venture Capital,male,40,United States,North America,low,high,0,NA,0,NA,NA
c97461a52b075143fd2410f46bb6c68d@prksq.com,47,0.17,2023-02-13,2023-02-13,Angel,male,1,United States,North America,high,low,0,NA,0,NA,NA
c97ba07e6391ee4bf9ba110051e7d06c@prksq.com,31,0.079999998,2023-02-12,2023-02-12,Angel,male,1,United States,North America,low,high,0,NA,0,NA,NA
c98751d39998eeea2113b676d83ea2dc@prksq.com,7,0.75,2023-02-13,2023-02-14,Angel,male,1,United States,North America,high,low,0,stage,1,2023-02-14,0
c98dfc295f48852c0cbf68d07971a880@prksq.com,317,0.41999999,2023-02-13,2023-02-17,Angel,female,1,United States,North America,high,low,0,investment strategy,1,2023-02-17,0
c998c02445cc69343cd3f67d22372336@prksq.com,131,1,2023-02-05,2023-02-05,Angel,male,1,United States,North America,high,high,0,NA,0,NA,NA
c9a23e60b4d41cf731b0ee720920221c@prksq.com,358,1,2023-02-08,2023-02-08,Angel,male,1,Brazil,Latin America and Caribbean,high,high,0,NA,0,NA,NA
c9b2a9aeaceaa775e2bc768c40e3207d@prksq.com,77,0.67000002,2023-01-31,2023-01-31,Angel,male,1,United States,North America,high,high,0,NA,0,NA,NA
c9b64a802f03e0bb0ddc6da121fe7657@prksq.com,5,1,2023-02-13,2023-02-16,Angel,male,1,United States,North America,high,high,0,NA,0,NA,NA
c9b8177007dd95ec2f2ce318939c7533@prksq.com,20,1,2023-02-13,2023-02-14,Angel,male,2,India,South Asia,low,high,0,NA,0,NA,NA
c9c2e293d7607a64527e18e9e8ad1917@prksq.com,77,0.67000002,2023-02-12,2023-02-12,Angel,male,2,United States,North America,low,high,0,NA,0,NA,NA
c9c2f5efb7d10bf77ac32877075f47d5@prksq.com,64,0.25,2023-02-13,2023-02-15,Venture Capital,male,5,Singapore,East Asia and Pacific,low,high,0,NA,0,NA,NA
c9ce84b5deef54e6bddcec052f87261d@prksq.com,240,0.17,2023-02-12,2023-02-13,Angel,male,1,United States,North America,high,high,0,no investments,1,2023-02-13,0
c9ed4cd1f50d5b193880693f5fca548d@prksq.com,50,0.82999998,2023-02-12,2023-02-15,Angel,male,1,United States,North America,high,low,0,NA,0,NA,NA
ca0998e0f256e78eae5e412897dc4e99@prksq.com,174,1,2023-02-05,2023-02-05,Angel,male,2,United States,North America,low,low,0,NA,0,NA,NA
ca103a356422d9ddf8436a74696d6d51@prksq.com,74,1,2023-02-13,2023-02-13,Angel,male,1,United Kingdom,Europe and Central Asia,low,low,0,NA,0,NA,NA
ca19a87d4eea992b4159e20f62e13f07@prksq.com,11,0.41999999,2023-02-12,2023-02-15,Angel,male,2,United States,North America,low,low,0,industry,1,2023-02-15,0
ca21af9a6f9022c70533269efbb0c2a2@prksq.com,156,0.75,2023-02-12,2023-02-14,Angel,male,1,United Kingdom,Europe and Central Asia,low,high,0,NA,0,NA,NA
ca49bc6aec7229dc1f91dbd8ee96db4e@prksq.com,9,1,2023-02-12,2023-02-13,Angel,male,1,United States,North America,high,low,0,no specific reason,1,2023-02-13,0
ca5319f2ed7d570d9cd2ecdac25f8c7f@prksq.com,100,0.41999999,2023-02-12,2023-02-13,Angel,male,1,United States,North America,low,high,0,geography,1,2023-02-14,0
ca8df208a15e76b68f9d1ea1fd8b0a5b@prksq.com,10,0.41999999,2023-02-12,2023-02-15,Angel,male,1,Singapore,East Asia and Pacific,high,low,0,NA,0,NA,NA
ca914d458bb6c82f997c99cde936b027@prksq.com,310,1,2023-02-12,2023-02-12,Angel,male,1,United States,North America,high,high,0,NA,0,NA,NA
ca9672b11309fa752ff70bdd86e998ae@prksq.com,433,0.5,2023-02-12,2023-02-13,Angel,female,1,United States,North America,high,high,0,NA,0,NA,NA
ca9bba2521f442e7b750429f3fea1f55@prksq.com,139,1,2023-02-12,2023-02-13,Venture Capital,male,55,United States,North America,low,low,0,NA,0,NA,NA
cab69f3edfd1824bc5c8e2b94187f762@prksq.com,194,0.5,2023-02-12,2023-02-12,Angel,male,1,Canada,North America,low,low,0,NA,0,NA,NA
cabb3666aed4682217ac88c5eb0085c5@prksq.com,39,0.82999998,2023-02-03,2023-02-03,Angel,male,1,United States,North America,low,high,0,NA,0,NA,NA
cad1c58e04a056dde00d2d748443992c@prksq.com,9,0.57999998,2023-02-12,2023-02-17,Angel,male,1,United States,North America,low,high,0,NA,0,NA,NA
caddd058f7350eff514dc1218c3b0f7d@prksq.com,168,1,2023-02-13,2023-02-13,Angel,male,1,United States,North America,low,high,0,NA,0,NA,NA
cae7b67c1d226aeeadde35efb1d1009d@prksq.com,290,0.82999998,2023-02-06,2023-02-06,Angel,male,1,United States,North America,low,high,0,NA,0,NA,NA
caf8542fd801e4a40907c06d64d76995@prksq.com,219,1,2023-02-12,2023-02-14,Angel,male,1,France,Europe and Central Asia,high,high,0,no specific reason,1,2023-02-14,0
cb195cf7df5c00fb56e51dfd8892bc80@prksq.com,27,0.92000002,2023-02-12,2023-02-12,Angel,male,3,United States,North America,low,high,0,NA,0,NA,NA
cb40438af7181f31934b785740ead8a8@prksq.com,24,0.75,2023-02-12,2023-02-13,Angel,male,1,United Kingdom,Europe and Central Asia,low,low,0,NA,0,NA,NA
cb44181e5e2c0c08371201d34b0bf07f@prksq.com,55,0.82999998,2023-02-12,2023-02-13,Venture Capital,male,3,United States,North America,low,high,0,NA,0,NA,NA
cb490783720d45b648ef44f3dadc0b4e@prksq.com,189,0.5,2023-02-13,2023-02-16,Venture Capital,male,1,United States,North America,high,high,0,no specific reason,1,2023-02-17,0
cb7846a561a3895885f1d162c1bd8ca5@prksq.com,191,1,2023-02-12,2023-02-13,Angel,male,1,United States,North America,high,high,0,stage,1,2023-02-13,0
cb78a6e5661eab51ebd6d346fae56700@prksq.com,123,0.25,2023-02-12,2023-02-15,Angel,female,1,Canada,North America,low,low,0,NA,0,NA,NA
cb87929071633bcbbdd393f5a94ba70a@prksq.com,27,1,2023-02-12,2023-02-13,Venture Capital,male,3,United States,North America,high,high,0,no specific reason,1,2023-02-13,0
cb9c15853103cbc92df34635db9c8740@prksq.com,380,0.75,2023-02-13,2023-02-13,Angel,male,1,United States,North America,low,low,0,NA,0,NA,NA
cb9ff5e36a86cde68134f69b77a7d59d@prksq.com,13,0.33000001,2023-02-12,2023-02-14,Angel,male,2,United States,North America,low,high,0,NA,0,NA,NA
cbac822a1812ecceef11e00df6962cb3@prksq.com,75,0.17,2023-02-12,2023-02-12,Angel,male,2,China,East Asia and Pacific,high,high,0,NA,0,NA,NA
cbb7093873e61de7efa2ecd5db05e756@prksq.com,43,0.41999999,2023-02-13,2023-02-16,Angel,male,1,United States,North America,high,low,0,NA,0,NA,NA
cbe53ec5788daa4f807ea070bddcbf20@prksq.com,241,0.57999998,2023-02-12,2023-02-12,Angel,male,1,United States,North America,low,high,0,NA,0,NA,NA
cbe91f34d751d61ef50793e9976a4d8e@prksq.com,131,0.75,2023-02-12,2023-02-12,Angel,male,1,United States,North America,low,low,0,NA,0,NA,NA
cbfa1ae4d935891b3f064b8b807f7459@prksq.com,111,0.67000002,2023-02-12,2023-02-15,Angel,male,2,United States,North America,low,high,0,NA,0,NA,NA
cc111436c14a3dd3c91fce7b680916c7@prksq.com,117,0.75,2023-02-12,2023-02-14,Angel,male,1,United States,North America,high,high,0,NA,0,NA,NA
cc20c8bd1f291138b2d9e840ec78e6df@prksq.com,446,1,2023-02-12,2023-02-14,Angel,male,1,United States,North America,high,high,0,NA,0,NA,NA
cc2b8bca8afd42d5e0fd51c18d81b898@prksq.com,131,0.92000002,2023-02-12,2023-02-12,Angel,male,1,United States,North America,low,low,0,NA,0,NA,NA
cc47e5133730c3527d50c066b47b0f20@prksq.com,354,0.92000002,2023-02-12,2023-02-12,Angel,female,1,United States,North America,high,low,0,NA,0,NA,NA
cc5b04d272eed1fdb7f6d8f68238a368@prksq.com,24,0.5,2023-02-12,2023-02-15,Venture Capital,male,1,United States,North America,low,low,0,NA,0,NA,NA
cca1e2638c0c35af6c016e0168a7924d@prksq.com,29,0.079999998,2023-02-13,2023-02-13,Angel,male,1,United Kingdom,Europe and Central Asia,low,low,0,NA,0,NA,NA
ccad64bdea0df3e356c13d0b322b10c7@prksq.com,4,0.079999998,2023-02-07,2023-02-07,Venture Capital,female,2,Israel,Middle East and North Africa,low,low,0,NA,0,NA,NA
ccb38f573023c411e5cfa91c7401011c@prksq.com,187,1,2023-02-13,2023-02-15,Angel,male,1,United States,North America,high,low,0,NA,0,NA,NA
ccb643aea969837796c89c6e1f6c3a33@prksq.com,414,0.67000002,2023-02-09,2023-02-09,Angel,male,1,United Kingdom,Europe and Central Asia,high,low,0,NA,0,NA,NA
cccbfa80b739aff0f7bc59054241da3d@prksq.com,349,1,2023-02-10,2023-02-10,Venture Capital,male,5,United States,North America,high,low,0,no specific reason,1,2023-02-11,0
ccd77cc70be1198a44cb7cf71f900474@prksq.com,67,1,2023-02-13,2023-02-14,Angel,male,1,United States,North America,low,low,0,NA,0,NA,NA
ccdb1311b67df8646f701582c27711b3@prksq.com,357,1,2023-02-13,2023-02-14,Angel,male,1,United States,North America,high,low,0,NA,0,NA,NA
ccdf786848ebed33046cb852d3c35512@prksq.com,118,0.41999999,2023-02-09,2023-02-15,Angel,male,1,United Kingdom,Europe and Central Asia,high,low,0,NA,0,NA,NA
ccf22052f062a985c5e21817cab8409d@prksq.com,136,0.92000002,2023-02-13,2023-02-14,Angel,male,1,United States,North America,low,high,0,NA,0,NA,NA
cd03405f4d3e48badb366dfa9bcd6b6a@prksq.com,257,0.75,2023-02-13,2023-02-15,Venture Capital,male,12,United States,North America,high,high,0,NA,0,NA,NA
cd2f2ed7267bf748ffd7ef7c4c7c2d0c@prksq.com,29,0.079999998,2023-02-13,2023-02-13,Angel,male,1,Germany,Europe and Central Asia,low,low,0,NA,0,NA,NA
cd355906758f9111949112d2a5e1d45a@prksq.com,96,1,2023-01-29,2023-02-17,Angel,male,1,United States,North America,high,high,0,NA,0,NA,NA
cd3e9707e117c4c6ae957287ac7da2f2@prksq.com,57,0.75,2023-02-13,2023-02-14,Angel,male,1,United Kingdom,Europe and Central Asia,high,high,0,NA,0,NA,NA
cd42da756baf74b20f361d984593be70@prksq.com,96,1,2023-02-10,2023-02-10,Venture Capital,female,2,United States,North America,low,high,0,NA,0,NA,NA
cd485cb895c3ecbd1f40f850df98cb14@prksq.com,273,1,2023-02-13,2023-02-16,Venture Capital,male,1,United States,North America,high,high,0,NA,0,NA,NA
cd62da9015505c21a69697d06fc615f6@prksq.com,95,1,2023-01-31,2023-01-31,Angel,male,1,United States,North America,high,high,1,updates,1,2023-02-16,1
cd7d365f5b626c80687c6fe201c8397b@prksq.com,40,0.079999998,2023-02-13,2023-02-13,Angel,male,1,United States,North America,low,high,0,NA,0,NA,NA
cd9d83eff949e674867a02e68146144c@prksq.com,29,0.079999998,2023-02-13,2023-02-13,Venture Capital,male,2,United States,North America,low,low,0,no specific reason,1,2023-02-18,0
cdae68b0d8e1382c7a380fd61e3cf3b7@prksq.com,54,0.92000002,2023-02-13,2023-02-16,Angel,male,2,United States,North America,low,low,0,NA,0,NA,NA
cdb82a04be5d2a335e592ad588a0279c@prksq.com,50,0.92000002,2023-02-13,2023-02-16,Venture Capital,male,4,Singapore,East Asia and Pacific,low,low,0,NA,0,NA,NA
cdc01597af6ba389c1370801d8781a18@prksq.com,356,0.57999998,2023-02-13,2023-02-14,Venture Capital,male,5,United States,North America,high,high,0,NA,0,NA,NA
cdef618c5cd287f4bca92e51ad6e78c5@prksq.com,152,1,2023-02-03,2023-02-03,Angel,male,1,United States,North America,low,low,0,NA,0,NA,NA
ce213e11e799732189bbacd1b6b28df6@prksq.com,87,0.57999998,2023-02-13,2023-02-15,Angel,male,1,United States,North America,low,low,0,NA,0,NA,NA
ce254d4af63c8dea3b54d986a16c22a6@prksq.com,65,0.25,2023-02-13,2023-02-13,Venture Capital,male,2,United States,North America,high,high,0,NA,0,NA,NA
ce433a5bd0e290e469b52c4e76004b17@prksq.com,120,0.33000001,2023-02-03,2023-02-15,Venture Capital,female,1,Brazil,Latin America and Caribbean,high,low,0,NA,0,NA,NA
ce486ef0a37bd695d0ccc1d396b84586@prksq.com,362,0.75,2023-02-13,2023-02-14,Venture Capital,male,2,France,Europe and Central Asia,high,high,0,NA,0,NA,NA
ce5941eb29960483e73d444478b3f1a3@prksq.com,99,0.57999998,2023-02-13,2023-02-13,Angel,male,1,United States,North America,high,high,0,NA,0,NA,NA
ce5cee8e6cdfa9e015e250f7160db6f8@prksq.com,34,1,2023-02-13,2023-02-13,Angel,male,2,United States,North America,high,low,0,NA,0,NA,NA
ce631dfddb7058b7d4657a909dce78a5@prksq.com,293,0.57999998,2023-02-13,2023-02-15,Angel,male,1,United States,North America,high,high,0,NA,0,NA,NA
ce69d70adc684e4ef4bfa2833212a9ab@prksq.com,12,0.57999998,2023-02-13,2023-02-15,Angel,male,1,United States,North America,low,high,1,meeting,1,2023-02-15,1
ce72457398696a0580b844fd3cb55c25@prksq.com,90,0.33000001,2023-02-13,2023-02-15,Venture Capital,male,5,United States,North America,high,high,0,no specific reason,1,2023-02-15,0
ce7ddd8e3850cb45e4b7911faaeada68@prksq.com,45,0.82999998,2023-02-13,2023-02-14,Angel,male,1,United States,North America,low,low,0,NA,0,NA,NA
ce81e9b7bcad4998af3b6667cb3a2232@prksq.com,10,0.079999998,2023-02-13,2023-02-14,Venture Capital,male,3,United States,North America,low,low,0,NA,0,NA,NA
ce8c2b0e1966c301799f19d793ec7bce@prksq.com,77,0.82999998,2023-02-13,2023-02-16,Angel,male,1,United States,North America,low,low,0,NA,0,NA,NA
cea2146b0868d3c0ea5b773c0fe7f4f4@prksq.com,24,0.079999998,2023-02-13,2023-02-13,Angel,male,1,United Kingdom,Europe and Central Asia,low,high,0,no specific reason,1,2023-02-16,0
ceaf94b2df5887cd7797bf3e11fcf91f@prksq.com,29,0.079999998,2023-02-13,2023-02-13,Venture Capital,male,5,United States,North America,low,low,0,no specific reason,1,2023-02-14,0
ceddde8ba2e6b7c3504f208f835036f8@prksq.com,37,0.82999998,2023-02-13,2023-02-16,Venture Capital,male,3,United States,North America,high,high,0,industry,1,2023-02-16,0
cee2c7a522c369608654e0e0d7950274@prksq.com,10,0.67000002,2023-02-13,2023-02-13,Angel,male,2,Canada,North America,high,low,0,NA,0,NA,NA
cee8e45ad9fe3f4ba41c9b2cbdc9b4f1@prksq.com,55,0.25,2023-02-13,2023-02-17,Angel,male,1,United States,North America,high,low,0,stage,1,2023-02-20,0
cef221b54630adc3b6566f2827c71be9@prksq.com,19,1,2023-02-13,2023-02-16,Angel,male,2,United States,North America,low,high,0,NA,0,NA,NA
cf2398183d32fafbd203852013220174@prksq.com,243,1,2023-02-13,2023-02-13,Venture Capital,male,2,United States,North America,low,high,0,NA,0,NA,NA
cf480c51d2d4e20de55b15cf886204eb@prksq.com,103,0.33000001,2023-02-13,2023-02-16,Angel,male,5,United States,North America,high,low,0,NA,0,NA,NA
cf548ede4f2040a5ac80bd61d909ed67@prksq.com,4,0.079999998,2023-02-13,2023-02-14,Venture Capital,male,5,United States,North America,low,low,0,NA,0,NA,NA
cf61e97357b20f389fafc81c19ecbd0c@prksq.com,74,0.82999998,2023-02-13,2023-02-13,Venture Capital,male,2,United States,North America,low,low,0,investment strategy,1,2023-02-17,0
cf6a34b1383de3f45fa09f28d2e135e5@prksq.com,187,0.41999999,2023-02-13,2023-02-18,Angel,male,1,United States,North America,low,high,0,NA,0,NA,NA
cf6c18ff23cb3881890c3d75ef4da04d@prksq.com,55,0.82999998,2023-02-13,2023-02-13,Angel,male,1,United States,North America,low,low,0,NA,0,NA,NA
cf86a24c0a750d8d53a81f5e50998369@prksq.com,26,0.41999999,2023-02-13,2023-02-14,Angel,male,1,United States,North America,low,low,0,NA,0,NA,NA
cf89907e9cd8a7be277643093ece2650@prksq.com,100,1,2023-02-13,2023-02-13,Angel,male,1,United States,North America,high,low,0,NA,0,NA,NA
cf92a781ab51674d29a85322cf983616@prksq.com,87,0.57999998,2023-02-13,2023-02-17,Angel,male,1,United States,North America,low,high,0,NA,0,NA,NA
cfbfcaf69ab6f298af8ec5614cc96aef@prksq.com,75,0.57999998,2023-02-13,2023-02-14,Venture Capital,male,2,United States,North America,low,low,0,no specific reason,1,2023-02-14,0
cfd1d6e9c663fa1459ccf9c067bcab84@prksq.com,242,0.75,2023-02-13,2023-02-15,Angel,male,1,Germany,Europe and Central Asia,high,high,0,no specific reason,1,2023-02-15,0
cfdcff4417e0efa1ea2411317b786045@prksq.com,52,0.92000002,2023-02-13,2023-02-14,Angel,male,1,United States,North America,low,high,0,NA,0,NA,NA
d00e64f6a6655a8e261a2728cc9e1a9d@prksq.com,186,0.5,2023-02-13,2023-02-13,Angel,male,1,United States,North America,low,high,0,NA,0,NA,NA
d0134156207d87f92b64371010b2621c@prksq.com,319,0.75,2023-02-13,2023-02-13,Venture Capital,male,4,United States,North America,low,high,0,industry,1,2023-02-17,0
d015d774a3503fc7c4d952b55ef7bd69@prksq.com,4,0.079999998,2023-02-13,2023-02-15,Angel,male,1,United States,North America,low,low,0,NA,0,NA,NA
d02dac4479fc4c7ed3e75fdabdc1367f@prksq.com,27,0.25,2023-02-13,2023-02-17,Angel,male,1,United States,North America,low,low,0,no specific reason,1,2023-02-18,0
d02e7fe158395815f55eb7ab8a519bfe@prksq.com,27,1,2023-02-08,2023-02-16,Angel,male,1,United States,North America,low,high,0,NA,0,NA,NA
d031c63fe93d9d8782141a46898d6323@prksq.com,167,0.57999998,2023-02-13,2023-02-14,Venture Capital,male,5,United States,North America,high,high,0,NA,0,NA,NA
d031ca2504029474cc9daf74fa972b64@prksq.com,80,0.75,2023-02-13,2023-02-15,Angel,female,1,United States,North America,low,high,0,NA,0,NA,NA
d044fed5a05dca67ca0eed181c07ef81@prksq.com,366,0.75,2023-02-13,2023-02-15,Angel,male,1,United States,North America,high,low,0,NA,0,NA,NA
d051f49e3e16d036557359ff9d621714@prksq.com,14,1,2023-02-13,2023-02-14,Angel,male,1,United States,North America,high,low,0,NA,0,NA,NA
d0600d189defe2011496ac8583146103@prksq.com,191,0.57999998,2023-02-13,2023-02-14,Angel,male,1,France,Europe and Central Asia,low,low,0,NA,0,NA,NA
d076d9a6663cfcef4825e4479cad19f2@prksq.com,314,0.92000002,2023-02-13,2023-02-16,Venture Capital,female,2,United States,North America,low,high,0,NA,0,NA,NA
d0835c1b3602786fe38ccd77d971f865@prksq.com,304,1,2023-02-13,2023-02-14,Angel,female,1,India,South Asia,high,low,0,NA,0,NA,NA
d08af408a6c522a1d9e5499c8d167e35@prksq.com,267,0.82999998,2023-02-13,2023-02-14,Angel,male,3,United States,North America,high,high,0,NA,0,NA,NA
d09872d5cd6d3c056ce897443fe3e3f6@prksq.com,308,1,2023-02-13,2023-02-16,Angel,male,1,United States,North America,low,high,0,NA,0,NA,NA
d09ef687bac6da88984b8dd096e2d263@prksq.com,231,0.33000001,2023-02-13,2023-02-13,Angel,male,1,United States,North America,low,high,0,NA,0,NA,NA
d0a46fa70658e0256d562d057c72a7aa@prksq.com,4,0.57999998,2023-02-13,2023-02-14,Angel,male,1,United States,North America,high,high,0,NA,0,NA,NA
d0a63de7258546fbbcf09ed841d1f0c4@prksq.com,58,0.25,2023-02-13,2023-02-18,Angel,male,1,United States,North America,low,high,0,NA,0,NA,NA
d0b045cb42388d81b474447a4e1839a3@prksq.com,484,0.67000002,2023-02-13,2023-02-13,Angel,female,1,United States,North America,low,high,0,NA,0,NA,NA
d0d0017064bf6d7912482cda75570fe5@prksq.com,215,1,2023-02-08,2023-02-16,Venture Capital,male,3,Germany,Europe and Central Asia,low,high,0,no specific reason,1,2023-02-16,0
d0d4daa0b1098a6f278c60e1b9888b12@prksq.com,102,0.75,2023-02-13,2023-02-13,Angel,male,1,United States,North America,high,low,0,no specific reason,1,2023-02-13,0
d0d94f3b9a65347d952b00638282f10e@prksq.com,143,0.82999998,2023-02-04,2023-02-04,Angel,male,1,United States,North America,high,high,0,NA,0,NA,NA
d1111dd19207eb99968ed932e7f28b30@prksq.com,81,0.67000002,2023-02-13,2023-02-16,Venture Capital,male,5,United States,North America,low,low,0,NA,0,NA,NA
d115d4bccdce2584ddecb8442f0be0f8@prksq.com,59,0.33000001,2023-02-13,2023-02-17,Venture Capital,male,5,United States,North America,low,low,0,NA,0,NA,NA
d133a85d86ac047601056caa5629fab3@prksq.com,256,0.82999998,2023-02-13,2023-02-16,Angel,male,1,United States,North America,low,low,0,NA,0,NA,NA
d13f5b56ea26cfc207d548d8a538c7af@prksq.com,141,0.92000002,2023-02-13,2023-02-14,Venture Capital,male,2,United States,North America,high,high,0,NA,0,NA,NA
d14fcc7bd42b14bf37ce194f53dbe92b@prksq.com,29,0.079999998,2023-02-13,2023-02-13,Venture Capital,male,7,United States,North America,low,low,0,no specific reason,1,2023-02-13,0
d17ac019e9e94b0b066a3806769fc146@prksq.com,210,0.57999998,2023-02-13,2023-02-13,Angel,male,1,India,South Asia,low,low,0,NA,0,NA,NA
d1813d6c93973e47bed3601f4cee4a9f@prksq.com,148,1,2023-02-13,2023-02-15,Angel,male,1,United States,North America,high,high,0,NA,0,NA,NA
d18b8ac1c58236234ec8ec18e3bc27b9@prksq.com,210,0.25,2023-02-13,2023-02-16,Angel,male,1,United States,North America,low,low,0,no specific reason,1,2023-02-17,0
d1903ddc9b60a41afef44ba1206a8e38@prksq.com,231,0.67000002,2023-01-31,2023-01-31,Venture Capital,male,2,United States,North America,low,low,0,NA,0,NA,NA
d192abf71e6e2eaca9156956d5680740@prksq.com,37,1,2023-02-13,2023-02-13,Venture Capital,male,5,United Kingdom,Europe and Central Asia,low,high,0,stage,1,2023-02-13,0
d1ae03b2122b946d47d7979f62ef9a09@prksq.com,139,0.25,2023-02-13,2023-02-15,Venture Capital,male,3,India,South Asia,high,high,0,NA,0,NA,NA
d1b3d1926ab29d43f90a2a5a748a272f@prksq.com,230,0.33000001,2023-02-13,2023-02-16,Angel,male,1,United States,North America,low,high,0,NA,0,NA,NA
d1baf0796a95cc3aa56c2aff54b5843e@prksq.com,6,0.82999998,2023-02-13,2023-02-15,Angel,male,1,United States,North America,low,low,0,NA,0,NA,NA
d1dab226f92e4853bd303d720f95a9d7@prksq.com,148,1,2023-02-13,2023-02-14,Angel,male,1,United States,North America,high,high,0,NA,0,NA,NA
d20fb3fbaa3305d470bafbb228bad7ff@prksq.com,51,0.33000001,2023-02-14,2023-02-14,Angel,male,1,United States,North America,low,low,0,NA,0,NA,NA
d226d4ef13b0bea97d28dcbb38b21494@prksq.com,203,1,2023-02-14,2023-02-18,Angel,male,1,United States,North America,high,high,0,NA,0,NA,NA
d26d4571cbca87ba00fbd5c0a99288e3@prksq.com,167,0.67000002,2023-02-14,2023-02-16,Angel,female,2,United States,North America,low,high,0,geography,1,2023-02-16,0
d2a82c7c506f7b5d434cadd942398313@prksq.com,190,0.82999998,2023-02-09,2023-02-14,Angel,male,2,United States,North America,low,high,0,NA,0,NA,NA
d2a9b51ea49974ada6477fe4e6ed8453@prksq.com,174,1,2023-02-13,2023-02-15,Angel,female,1,Brazil,Latin America and Caribbean,high,high,0,NA,0,NA,NA
d2b639b3042b24a6c7044e844d399167@prksq.com,172,0.92000002,2023-02-13,2023-02-13,Angel,male,1,United States,North America,low,high,0,NA,0,NA,NA
d2b664b226e6ed5067a70b06efc49b8e@prksq.com,160,0.25,2023-02-14,2023-02-16,Angel,male,2,United States,North America,low,low,0,NA,0,NA,NA
d2c33b0b79189a96302d1245e10b3473@prksq.com,50,0.41999999,2023-02-14,2023-02-15,Angel,female,1,United States,North America,low,low,0,NA,0,NA,NA
d2ca6a8e499e8b6022fb04d466d98321@prksq.com,18,0.67000002,2023-02-01,2023-02-01,Venture Capital,female,1,United States,North America,high,low,0,NA,0,NA,NA
d2d659f6583b18f7a353f27bab57aa02@prksq.com,69,0.25,2023-02-14,2023-02-17,Angel,male,2,United States,North America,low,low,0,NA,0,NA,NA
d2e572dd45d23555ae8277acd936e7dc@prksq.com,36,0.57999998,2023-02-13,2023-02-14,Angel,male,1,United States,North America,low,low,0,no specific reason,1,2023-02-14,0
d2eff7d861d16a92bdbe1a451d49e5fa@prksq.com,55,0.079999998,2023-02-13,2023-02-14,Angel,male,1,United States,North America,low,low,0,NA,0,NA,NA
d2f1f673ff668acab371fbf236816469@prksq.com,424,0.92000002,2023-02-13,2023-02-14,Angel,male,1,United States,North America,high,low,0,industry,1,2023-02-14,0
d2f3911b71276e1ded13a5994a740384@prksq.com,158,1,2023-02-14,2023-02-15,Angel,male,1,United States,North America,high,high,0,NA,0,NA,NA
d2f80c682355f0875859173351c33c88@prksq.com,9,0.41999999,2023-02-14,2023-02-16,Angel,male,1,United Kingdom,Europe and Central Asia,low,low,0,NA,0,NA,NA
d304729819d5f198db9551adcb90fd53@prksq.com,135,1,2023-02-14,2023-02-14,Venture Capital,male,1,United Kingdom,Europe and Central Asia,high,high,0,investment strategy,1,2023-02-15,0
d317f9547c0a4695b89f48e69a7f12c5@prksq.com,71,0.57999998,2023-02-13,2023-02-15,Angel,male,2,United States,North America,high,high,0,NA,0,NA,NA
d31b782be5954a6f6efbc76d7b3f7a7f@prksq.com,359,0.67000002,2023-02-14,2023-02-15,Angel,female,1,United States,North America,low,high,0,NA,0,NA,NA
d33b3d3fa946307809a2112097f6465e@prksq.com,126,0.82999998,2023-02-14,2023-02-15,Angel,male,1,United States,North America,high,low,0,NA,0,NA,NA
d33db4eff36c5fee031b4a77dbc11a63@prksq.com,301,0.82999998,2023-02-13,2023-02-14,Venture Capital,male,3,United States,North America,high,high,0,stage,1,2023-02-14,0
d345d6a06b3e02887f8c6b0a7d4c2637@prksq.com,407,0.25,2023-02-13,2023-02-13,Venture Capital,male,3,United States,North America,high,high,0,no investments,1,2023-02-13,0
d3517be1c6d2eb8254c3ddf14ad0d2eb@prksq.com,108,0.5,2023-02-13,2023-02-18,Venture Capital,male,1,United States,North America,low,high,0,NA,0,NA,NA
d35333644efa148ed9aa017cf0a3b296@prksq.com,32,0.92000002,2023-01-30,2023-01-30,Venture Capital,male,2,United States,North America,high,high,0,NA,0,NA,NA
d35acb2813d3613da9fa9b31f7e5f4f0@prksq.com,28,0.41999999,2023-02-14,2023-02-16,Angel,male,1,United States,North America,low,low,0,NA,0,NA,NA
d37c0cf61afe96b9299f01779e65b804@prksq.com,34,0.5,2023-02-14,2023-02-14,Angel,male,1,United States,North America,low,high,0,NA,0,NA,NA
d37e4ab982e0e9d63ea17458db12ddd5@prksq.com,141,1,2023-02-13,2023-02-13,Angel,male,1,United States,North America,high,high,0,investment strategy,1,2023-02-13,0
d39635275ebdf2654df51b4b817f12dd@prksq.com,215,1,2023-02-14,2023-02-19,Angel,male,1,United States,North America,low,high,0,NA,0,NA,NA
d3a49064cf31bfd532ed58e4cfedbd5f@prksq.com,25,0.57999998,2023-02-14,2023-02-17,Angel,male,1,United States,North America,high,high,0,NA,0,NA,NA
d3a71a14620df79b0b678b8f075b56b3@prksq.com,337,0.67000002,2023-02-14,2023-02-17,Angel,male,1,United States,North America,high,high,0,NA,0,NA,NA
d3cfe84255b3debb3d061969b0cc1647@prksq.com,6,0.25,2023-02-14,2023-02-19,Angel,female,2,United Kingdom,Europe and Central Asia,low,low,0,NA,0,NA,NA
d3e5390ee2eeec7671ea20ebcc7b9af5@prksq.com,15,0.82999998,2023-02-07,2023-02-18,Angel,male,1,United States,North America,low,low,0,NA,0,NA,NA
d3f2ed3adec0bd9ae0b1991f855e469e@prksq.com,49,0.92000002,2023-02-13,2023-02-14,Venture Capital,male,4,United States,North America,low,high,0,investment strategy,1,2023-02-15,0
d40f9a78fe7c72f41c3d00ebf5e5cf15@prksq.com,13,1,2023-02-13,2023-02-14,Angel,male,1,United Kingdom,Europe and Central Asia,low,low,0,stage,1,2023-02-16,0
d41970b803c94ca4e8cf2da95061892a@prksq.com,438,1,2023-02-13,2023-02-14,Angel,female,1,United States,North America,high,high,0,NA,0,NA,NA
d41b26998958fe9a7a801ec6514000d0@prksq.com,558,1,2023-02-14,2023-02-17,Angel,male,1,United States,North America,high,high,0,investment strategy,1,2023-02-17,0
d4308b6a9744ec1f826000cc9caa414b@prksq.com,77,0.92000002,2023-02-13,2023-02-14,Angel,male,1,United States,North America,high,high,0,NA,0,NA,NA
d43658d84af16cb629146a88b271423d@prksq.com,96,0.57999998,2023-02-14,2023-02-17,Angel,male,1,United States,North America,low,low,0,NA,0,NA,NA
d44e61da8beee03b1160a426c8878600@prksq.com,175,0.079999998,2023-02-13,2023-02-18,Venture Capital,male,3,Israel,Middle East and North Africa,low,high,0,NA,0,NA,NA
d452177290d976713d7e7194d8313a05@prksq.com,168,0.92000002,2023-02-14,2023-02-16,Venture Capital,male,7,United States,North America,low,low,0,NA,0,NA,NA
d4540642c84e6853ca269ef964f77117@prksq.com,600,1,2023-02-14,2023-02-14,Angel,male,1,United States,North America,high,low,0,no specific reason,1,2023-02-16,0
d4652a90c9343a579b314a12b643a892@prksq.com,11,0.079999998,2023-02-13,2023-02-14,Angel,male,1,United Kingdom,Europe and Central Asia,high,low,0,NA,0,NA,NA
d4672fa0bb5f46b7fdff90d8a7ef3d8f@prksq.com,22,0.079999998,2023-02-13,2023-02-13,Angel,male,1,United States,North America,low,low,0,NA,0,NA,NA
d470e878f129214bbf320ed612a19c26@prksq.com,110,0.25,2023-02-14,2023-02-16,Angel,male,1,United States,North America,low,low,0,stage,1,2023-02-16,0
d47e5dc65d77754a40dba66923078198@prksq.com,184,0.92000002,2023-02-09,2023-02-09,Angel,female,1,United States,North America,low,high,0,stage,1,2023-02-09,0
d48d6572b1fe1c9b2edd6380495a30bf@prksq.com,214,0.75,2023-02-10,2023-02-10,Angel,male,1,United States,North America,low,high,0,NA,0,NA,NA
d4b383d700852f8ff28857e8fb56b473@prksq.com,19,0.92000002,2023-02-13,2023-02-15,Angel,male,1,United States,North America,low,high,0,no specific reason,1,2023-02-15,0
d4b9fcea51f700ac0d167a0d602f761c@prksq.com,546,0.82999998,2023-01-29,2023-01-29,Venture Capital,female,2,United States,North America,high,high,0,no specific reason,1,2023-02-13,0
d4c0d76af97242b743ced394d300e84b@prksq.com,59,0.67000002,2023-02-14,2023-02-16,Angel,male,1,United States,North America,low,high,0,NA,0,NA,NA
d4c386c64999b59dbe0eb611dc1530c9@prksq.com,93,0.82999998,2023-02-14,2023-02-16,Angel,female,1,United States,North America,low,high,0,investment strategy,1,2023-02-17,0
d4d87139855ecac30f21550e19ef595a@prksq.com,209,0.82999998,2023-01-31,2023-01-31,Angel,male,2,United States,North America,low,high,0,NA,0,NA,NA
d4ecbabe9a96ac1da8308382f2f66879@prksq.com,296,0.33000001,2023-02-13,2023-02-14,Angel,male,2,United States,North America,high,high,0,NA,0,NA,NA
d4f400c10f9cd59703065450a625a1b1@prksq.com,75,1,2023-02-14,2023-02-15,Angel,male,1,United States,North America,high,low,0,NA,0,NA,NA
d516151b00ad162cce150d11fd74da2c@prksq.com,233,1,2023-02-08,2023-02-08,Angel,female,1,United States,North America,high,high,0,NA,0,NA,NA
d5226f0ec463e4ce382cb16b6d1ffbb5@prksq.com,34,0.33000001,2023-02-13,2023-02-17,Angel,male,2,United States,North America,high,low,0,stage,1,2023-02-17,0
d5363059f752eea1aad1dc7141cc9b55@prksq.com,4,1,2023-02-13,2023-02-17,Angel,male,1,Brazil,Latin America and Caribbean,high,low,0,no specific reason,1,2023-02-17,0
d55f1ccb3e224a8ba9c22e3abe88f9bc@prksq.com,10,1,2023-02-10,2023-02-16,Venture Capital,female,2,United States,North America,high,high,0,NA,0,NA,NA
d55f2ad92d1c1e68948d6201b1efd232@prksq.com,31,0.079999998,2023-02-14,2023-02-14,Angel,male,1,United States,North America,low,high,0,NA,0,NA,NA
d56a218df583f061b72cd66255919a62@prksq.com,223,1,2023-02-14,2023-02-14,Angel,male,1,United States,North America,high,high,0,NA,0,NA,NA
d576b2ae88a2ea9f7da45f0f91fba824@prksq.com,84,0.82999998,2023-02-13,2023-02-13,Angel,male,1,United States,North America,high,high,0,stage,1,2023-02-13,0
d598040cd971705daa8935cb375110b8@prksq.com,94,1,2023-01-29,2023-01-29,Angel,male,1,United States,North America,low,low,0,NA,0,NA,NA
d5adb3eff66ad86e85d8ccd8dac95591@prksq.com,416,0.82999998,2023-01-30,2023-01-30,Angel,male,1,United States,North America,high,high,0,NA,0,NA,NA
d5b1022f9d947a38cde1e0f625d3715d@prksq.com,345,0.5,2023-02-14,2023-02-17,Angel,female,1,United States,North America,low,low,0,NA,0,NA,NA
d5bf09023bdd3cd87c66283017e9a066@prksq.com,113,1,2023-02-13,2023-02-14,Angel,male,2,United States,North America,high,high,0,NA,0,NA,NA
d5cd2123db585bc565cc2e1f86f6ddbe@prksq.com,170,0.57999998,2023-02-13,2023-02-15,Angel,female,1,United Kingdom,Europe and Central Asia,low,low,0,stage,1,2023-02-16,0
d5d95d8895daa83e3c687258a320330c@prksq.com,83,0.75,2023-02-10,2023-02-10,Angel,male,1,United States,North America,low,high,0,NA,0,NA,NA
d5ded34b2569c06b2e6b49ce3fe82cd0@prksq.com,159.0000347222222,1,2023-02-14,2023-02-14,Angel,male,1,United States,North America,high,high,0,stage,1,2023-02-14,0
d5e7f9af51f96f99c23a22d335f8a96b@prksq.com,118,0.75,2023-02-14,2023-02-17,Angel,male,1,United States,North America,low,high,0,stage,1,2023-02-17,0
d618ce8cb16a106bd5666f38ae602143@prksq.com,159,1,2023-02-13,2023-02-13,Venture Capital,female,4,Canada,North America,low,low,0,stage,1,2023-02-13,0
d6242e53221da3af370d2979fc9c30a0@prksq.com,359,0.5,2023-02-13,2023-02-13,Angel,male,2,United States,North America,low,high,0,NA,0,NA,NA
d63b9580c1cf42842fa7c5ea3095b23a@prksq.com,95,1,2023-02-13,2023-02-13,Angel,male,1,United States,North America,high,low,0,other,1,2023-02-13,0
d64a0d7ddadb64076482f9f7f7d793a2@prksq.com,54,0.41999999,2023-02-13,2023-02-13,Angel,male,1,United States,North America,low,low,0,NA,0,NA,NA
d64da7056b780e9253b412f006bc65ae@prksq.com,203,0.82999998,2023-02-14,2023-02-14,Angel,male,1,United States,North America,low,high,0,NA,0,NA,NA
d64ee67a1c2485737e3d5cad538e8b8c@prksq.com,18,0.92000002,2023-02-13,2023-02-13,Angel,male,1,United States,North America,low,high,0,NA,0,NA,NA
d659772e415d394a4d6e111d39bdb769@prksq.com,464,0.75,2023-02-04,2023-02-04,Angel,male,1,United Kingdom,Europe and Central Asia,high,high,0,NA,0,NA,NA
d673deaba4eb1f08820713187e0735a5@prksq.com,184,1,2023-02-13,2023-02-16,Venture Capital,male,2,United States,North America,low,high,0,industry,1,2023-02-16,0
d67802e8b4f6cafb40c232b48339a6df@prksq.com,124,0.079999998,2023-02-13,2023-02-16,Angel,male,1,United States,North America,high,low,0,NA,0,NA,NA
d681c9b08b755bb04f0ec1aab67bbb74@prksq.com,215,0.92000002,2023-02-13,2023-02-13,Angel,male,1,United States,North America,high,high,0,no investments,1,2023-02-13,0
d6a5b3f0a0c311c98246c089698f4980@prksq.com,149,0.41999999,2023-02-13,2023-02-14,Angel,male,1,United States,North America,high,low,0,NA,0,NA,NA
d6a8c7f9e696c67c052d5f8b6395c4dd@prksq.com,13,1,2023-02-13,2023-02-13,Angel,male,1,United States,North America,high,high,0,NA,0,NA,NA
d6b495e9e3b38c48d37a1a97b95d8d1a@prksq.com,4,0.41999999,2023-02-14,2023-02-17,Angel,male,1,Germany,Europe and Central Asia,low,high,0,NA,0,NA,NA
d6b83051725cab5f5ce60ecc29948302@prksq.com,270,0.82999998,2023-02-14,2023-02-15,Angel,male,1,United States,North America,high,low,0,NA,0,NA,NA
d6e4d6ff90144d418b1a4dd324a420b9@prksq.com,353,1,2023-02-05,2023-02-05,Angel,male,1,United States,North America,high,high,0,stage,1,2023-02-05,0
d6eaaec75babc5d893eaa63bc07ad259@prksq.com,219,0.33000001,2023-02-14,2023-02-16,Venture Capital,male,5,United Kingdom,Europe and Central Asia,high,low,0,NA,0,NA,NA
d6f79ae4b35d54de331beee48202253e@prksq.com,243,0.92000002,2023-02-14,2023-02-17,Angel,male,2,United Kingdom,Europe and Central Asia,high,high,0,NA,0,NA,NA
d71242ab7e986bed644add3812a821ff@prksq.com,194,0.82999998,2023-02-13,2023-02-13,Angel,male,1,United States,North America,high,low,0,NA,0,NA,NA
d71cc693d9c759dc01d9382ed70a9516@prksq.com,40,0.17,2023-02-14,2023-02-14,Angel,male,1,France,Europe and Central Asia,low,low,0,NA,0,NA,NA
d71ec492862d2a980d09ac47b60ef39e@prksq.com,326,1,2023-02-13,2023-02-14,Angel,male,1,United States,North America,high,high,0,no specific reason,1,2023-02-18,0
d757e6e2dbb6d142ad84b97cfd5366f4@prksq.com,311,0.67000002,2023-01-29,2023-01-29,Angel,male,1,France,Europe and Central Asia,low,high,0,NA,0,NA,NA
d7613c62d4bf6a0e5496557264f6f20b@prksq.com,379,0.41999999,2023-02-14,2023-02-16,Venture Capital,male,1,United States,North America,high,high,0,NA,0,NA,NA
d764a609700c2a335cbb94746a03db6f@prksq.com,24,0.079999998,2023-02-14,2023-02-14,Angel,male,2,United States,North America,low,high,0,no specific reason,1,2023-02-15,0
d76869294b48b95d4cf4131cfd8864ff@prksq.com,356,0.75,2023-02-05,2023-02-05,Angel,male,1,United States,North America,high,low,1,more info/clarification,1,2023-02-16,1
d7700ea85db8271c40caebd9afc359dd@prksq.com,112,0.17,2023-02-14,2023-02-16,Angel,male,1,United States,North America,low,low,0,NA,0,NA,NA
d78ddcec969deb785f073b3abf4b35f1@prksq.com,21,0.57999998,2023-02-07,2023-02-07,Angel,male,1,United States,North America,high,low,0,NA,0,NA,NA
d794ff06e2cbd63abd467ca892543e24@prksq.com,194,0.92000002,2023-02-14,2023-02-15,Angel,male,1,India,South Asia,low,high,0,NA,0,NA,NA
d797a95ce9fe52fd7c10d8a73f09a4d9@prksq.com,77,0.67000002,2023-02-14,2023-02-16,Angel,male,1,United States,North America,high,low,0,no specific reason,1,2023-02-16,0
d7989ad2d37f28f4967653fe1bca21db@prksq.com,718,1,2023-02-14,2023-02-15,Venture Capital,male,4,United States,North America,high,high,0,NA,0,NA,NA
d7b873d40d5160955e436e69196fc181@prksq.com,119,0.5,2023-02-14,2023-02-16,Angel,male,1,United States,North America,high,low,0,NA,0,NA,NA
d7dd80ce97990cb6b1863c7aaef576ab@prksq.com,24,0.079999998,2023-02-14,2023-02-15,Angel,male,1,United States,North America,low,low,0,NA,0,NA,NA
d7e879862c72167802c5fc1c7b4490ce@prksq.com,587,1,2023-02-14,2023-02-14,Angel,male,2,United States,North America,low,high,0,NA,0,NA,NA
d7ee6e893991a38d8363518cfd04a04c@prksq.com,31,0.079999998,2023-02-14,2023-02-14,Angel,male,1,United States,North America,low,high,0,NA,0,NA,NA
d7efad2f098cf54162184b93028cf9c7@prksq.com,3,0.67000002,2023-02-14,2023-02-17,Angel,male,1,United States,North America,low,low,0,NA,0,NA,NA
d7f07b8e0e229d9a18d376ca280b62f9@prksq.com,8,0.5,2023-02-14,2023-02-16,Angel,female,1,United States,North America,low,low,0,NA,0,NA,NA
d7f5f90e6919b8d4ee97927f102de350@prksq.com,240,1,2023-02-14,2023-02-16,Angel,male,1,France,Europe and Central Asia,low,high,0,NA,0,NA,NA
d81f2f4f40fe4f44dd3bb96ed8f6dfbb@prksq.com,95,0.67000002,2023-02-14,2023-02-17,Angel,male,2,United States,North America,low,high,0,NA,0,NA,NA
d829d721360f6ee82beb2699b6dda657@prksq.com,158,0.75,2023-02-07,2023-02-17,Angel,female,1,United States,North America,low,high,0,NA,0,NA,NA
d83486462d72045e029b0ff0c29bf486@prksq.com,242,0.92000002,2023-02-14,2023-02-14,Angel,male,1,United States,North America,low,high,0,NA,0,NA,NA
d8397f20749f45ba5a8bac7c3ad45f73@prksq.com,4,0.17,2023-02-14,2023-02-14,Venture Capital,male,4,United States,North America,high,low,0,NA,0,NA,NA
d84242426386710ff899a78ef4303654@prksq.com,350,1,2023-02-14,2023-02-15,Angel,male,1,United States,North America,low,high,0,NA,0,NA,NA
d8651030a6a1479fd7b843dca00bcaf2@prksq.com,92,0.92000002,2023-02-09,2023-02-09,Angel,male,1,Israel,Middle East and North Africa,high,high,0,NA,0,NA,NA
d86d9b1ff03d8b9fb03dd57600edc396@prksq.com,15,0.5,2023-02-14,2023-02-15,Angel,male,1,United States,North America,high,low,0,NA,0,NA,NA
d8759fb987616c18fb60bdf872e916be@prksq.com,153,0.57999998,2023-02-14,2023-02-17,Angel,male,1,United States,North America,low,high,0,NA,0,NA,NA
d882869b051b5e10eaa7eba49bef5ab6@prksq.com,186,0.82999998,2023-02-14,2023-02-15,Angel,male,1,United States,North America,high,high,0,NA,0,NA,NA
d896dab78151b5ac6e33a1806a54c1f2@prksq.com,88,1,2023-02-14,2023-02-15,Angel,male,1,United States,North America,high,low,0,NA,0,NA,NA
d89da2c7ffacedca4b4b19c23f3b6e73@prksq.com,61,0.82999998,2023-02-14,2023-02-15,Venture Capital,male,2,United States,North America,low,high,0,NA,0,NA,NA
d8a25acd442e5d156a0b2bd1110f1932@prksq.com,152,0.67000002,2023-02-14,2023-02-16,Venture Capital,male,4,Singapore,East Asia and Pacific,low,high,0,NA,0,NA,NA
d8a3ea3f1530ac803a0197e4afae85a2@prksq.com,137,0.67000002,2023-02-14,2023-02-15,Angel,male,1,United States,North America,high,high,0,NA,0,NA,NA
d8b92b0a4b5f999a177dd4c5d89f04e9@prksq.com,103,1,2023-02-14,2023-02-17,Angel,male,2,United States,North America,low,low,0,NA,0,NA,NA
d8b99b938b789c96ce58097fdfaad53f@prksq.com,102,0.82999998,2023-02-14,2023-02-16,Angel,male,1,United States,North America,high,low,0,NA,0,NA,NA
d8dd074a68db905670bed2f307c084f1@prksq.com,97,0.33000001,2023-02-14,2023-02-16,Angel,male,1,Singapore,East Asia and Pacific,low,low,0,no specific reason,1,2023-02-16,0
d8dde14afb6d501f3e9f34a8250151e9@prksq.com,53,1,2023-02-14,2023-02-14,Angel,male,1,United States,North America,high,high,0,NA,0,NA,NA
d8eb8e1176544b90d62fba5b881143cb@prksq.com,113,0.75,2023-02-14,2023-02-16,Angel,male,2,United States,North America,low,high,0,no specific reason,1,2023-02-17,0
d8f16039f3b93c017726a4ec79ed4c55@prksq.com,71,0.41999999,2023-02-14,2023-02-19,Venture Capital,male,4,United States,North America,high,high,0,NA,0,NA,NA
d90d22fa1fba9e0d3ed9fa4b34bc51ce@prksq.com,36,0.5,2023-02-14,2023-02-16,Angel,male,1,Canada,North America,low,low,0,no specific reason,1,2023-02-17,0
d9172b9bcfd5ee18042ef5d96c690228@prksq.com,35,1,2023-02-14,2023-02-15,Angel,male,1,United States,North America,high,low,0,NA,0,NA,NA
d922402ce16cdf08860908da04efaf34@prksq.com,138,0.33000001,2023-02-14,2023-02-16,Angel,male,1,United States,North America,high,low,0,NA,0,NA,NA
d9258cca6792cd2fca9fa0c6bdf78f99@prksq.com,187,0.75,2023-02-14,2023-02-15,Angel,male,1,United States,North America,high,low,0,no specific reason,1,2023-02-16,0
d93b8e5b35e1cfa4dfe9f87a38ca5a8d@prksq.com,36,0.25,2023-02-14,2023-02-14,Angel,male,2,United States,North America,low,high,0,NA,0,NA,NA
d945628b1ebf0c7ce5de62944ccc0051@prksq.com,85,0.5,2023-02-14,2023-02-17,Venture Capital,male,1,United States,North America,low,high,0,NA,0,NA,NA
d9534a26612bd382b508bdec0243d2b4@prksq.com,21,0.82999998,2023-02-14,2023-02-17,Angel,male,2,United States,North America,high,low,0,NA,0,NA,NA
d955faa99e1d2f29867c86be9a846a5c@prksq.com,27,0.41999999,2023-02-14,2023-02-16,Angel,male,2,France,Europe and Central Asia,low,high,0,no specific reason,1,2023-02-17,0
d958601e32615178fc7a8b7c5e6b5c77@prksq.com,151,0.67000002,2023-02-14,2023-02-18,Venture Capital,male,4,United States,North America,high,low,0,NA,0,NA,NA
d95f80c1eff704e8e770d9660681a8b0@prksq.com,9,0.82999998,2023-02-14,2023-02-17,Angel,male,1,United States,North America,high,low,0,NA,0,NA,NA
d964d0cf58caa901417139ab419098b8@prksq.com,14,0.67000002,2023-02-14,2023-02-16,Angel,male,1,United States,North America,high,high,0,NA,0,NA,NA
d96cf5a0b9560250e421685b5806286a@prksq.com,181,0.92000002,2023-02-14,2023-02-17,Angel,male,1,United States,North America,high,low,0,NA,0,NA,NA
d973ad7b645366a89b614eb7a06c5d24@prksq.com,193,0.92000002,2023-02-14,2023-02-16,Angel,male,1,United Kingdom,Europe and Central Asia,low,low,0,NA,0,NA,NA
d9795df28564c5662d147ddce7f6dbe9@prksq.com,320,0.75,2023-02-14,2023-02-14,Venture Capital,male,5,United States,North America,high,high,0,NA,0,NA,NA
d97efd45bdb76ffd34ef14872c41d353@prksq.com,196,1,2023-02-14,2023-02-15,Angel,male,1,United States,North America,high,high,0,NA,0,NA,NA
d9874a418251f3282bdb2b32cf46c5cf@prksq.com,58,0.67000002,2023-02-14,2023-02-16,Angel,male,2,United States,North America,low,low,0,geography,1,2023-02-17,0
d98c92624f45291c2a50f10d593f80e0@prksq.com,9,0.75,2023-02-14,2023-02-15,Angel,male,1,United States,North America,low,high,0,stage,1,2023-02-15,0
d99983decb5abb850640dd08c5cd3289@prksq.com,14,1,2023-02-14,2023-02-15,Angel,male,1,Singapore,East Asia and Pacific,low,high,0,NA,0,NA,NA
d999cdf2f624eda368352092d1b7cd49@prksq.com,233,0.82999998,2023-02-14,2023-02-16,Angel,male,2,United States,North America,high,low,0,NA,0,NA,NA
d9a5f33f05a7ccce0adf03124747d0aa@prksq.com,55,0.92000002,2023-02-14,2023-02-14,Angel,male,3,United States,North America,low,high,0,NA,0,NA,NA
d9aa22e2bf686a342b91e6e3e2319c1a@prksq.com,389,1,2023-02-14,2023-02-16,Angel,male,1,United States,North America,low,low,0,NA,0,NA,NA
d9d01036b894742e64621d9d4458b59d@prksq.com,41,0.82999998,2023-02-14,2023-02-16,Venture Capital,female,4,United States,North America,high,high,0,NA,0,NA,NA
d9dc1ec6e6131ad1ae6e59aaab4d45de@prksq.com,159,0.75,2023-02-14,2023-02-14,Angel,male,1,United States,North America,high,low,0,NA,0,NA,NA
d9f4ad043b4f8f531984cf126f859669@prksq.com,193,0.82999998,2023-02-14,2023-02-17,Venture Capital,male,2,United States,North America,high,high,0,NA,0,NA,NA
d9fd092f64594951748049df16facd97@prksq.com,17,0.25,2023-02-14,2023-02-15,Venture Capital,male,4,United States,North America,low,high,0,NA,0,NA,NA
da0d7e4610bc926271e8005226745803@prksq.com,108,0.92000002,2023-02-14,2023-02-14,Angel,male,2,United States,North America,low,high,0,no specific reason,1,2023-02-14,0
da13875b9dcf909cb316aaa810e95831@prksq.com,56,0.25,2023-02-14,2023-02-17,Venture Capital,male,2,United States,North America,low,low,0,NA,0,NA,NA
da1719f1b7006184a8c4f5d3fa0a5571@prksq.com,93,0.5,2023-02-14,2023-02-15,Angel,male,2,United States,North America,high,low,0,NA,0,NA,NA
da1e553f2604a8eb4b1b3f6340782b1b@prksq.com,203,1,2023-02-09,2023-02-09,Venture Capital,male,1,United States,North America,low,low,0,NA,0,NA,NA
da20bcc218ab6257b3780555c8f3931f@prksq.com,83,0.5,2023-02-14,2023-02-17,Angel,male,1,United States,North America,high,low,0,NA,0,NA,NA
da32bd35eeda77b7b342787b9fa79bc2@prksq.com,16,0.25,2023-02-14,2023-02-15,Angel,male,1,United States,North America,high,low,0,NA,0,NA,NA
da38734187c8bbca5c6da7dce8401a62@prksq.com,35,0.33000001,2023-02-14,2023-02-15,Angel,male,2,United States,North America,high,high,0,NA,0,NA,NA
da4a5ba745fb7e384e06bfd5e9d6adba@prksq.com,24,0.079999998,2023-02-14,2023-02-16,Angel,male,2,United States,North America,low,high,0,NA,0,NA,NA
da564d075b4e862da520021bfccf7840@prksq.com,7,0.67000002,2023-02-02,2023-02-02,Angel,male,1,United States,North America,low,low,0,stage,1,2023-02-03,0
da704b915632cab92b7e8acfef417a97@prksq.com,237,1,2023-02-14,2023-02-15,Angel,female,2,United States,North America,low,high,0,NA,0,NA,NA
da7e9229f1875a66d82af7f954058183@prksq.com,25,0.75,2023-02-14,2023-02-17,Venture Capital,male,1,United States,North America,low,low,0,investment strategy,1,2023-02-17,0
daa049d1cbfe8e271d89757d520c41ab@prksq.com,110,0.92000002,2023-02-06,2023-02-15,Angel,male,1,United States,North America,low,low,0,NA,0,NA,NA
dab095d071dd74230e2c35d177039e08@prksq.com,23,0.41999999,2023-02-14,2023-02-16,Angel,male,1,United States,North America,low,high,0,NA,0,NA,NA
dab78849690473cde3d751f5ff240767@prksq.com,20,0.25,2023-02-14,2023-02-15,Venture Capital,male,1,United States,North America,high,high,0,NA,0,NA,NA
dab930ff90d092ee26f6b42aa59dc0c0@prksq.com,99,0.5,2023-02-14,2023-02-15,Angel,male,2,Canada,North America,low,low,0,NA,0,NA,NA
db0d2c7392110a89129cce5b244a6b82@prksq.com,84,0.75,2023-02-14,2023-02-15,Angel,male,1,United Kingdom,Europe and Central Asia,low,low,0,NA,0,NA,NA
db1d8e94ff9afde3c41745cb52a1d00b@prksq.com,188,1,2023-02-14,2023-02-14,Angel,male,1,United States,North America,low,low,0,NA,0,NA,NA
db3bb8bbcbec3da60765b6ed091e20fc@prksq.com,72,0.92000002,2023-01-29,2023-01-29,Angel,female,1,United States,North America,low,low,0,geography,1,2023-02-17,0
db59fbedc2009b311514268a440cd2cb@prksq.com,154,0.57999998,2023-02-14,2023-02-16,Angel,male,2,India,South Asia,low,high,0,NA,0,NA,NA
db5e180ee8b04cad050da4a9b963c2f0@prksq.com,108,0.92000002,2023-02-14,2023-02-17,Angel,male,1,United States,North America,high,low,0,no specific reason,1,2023-02-17,0
db65188084cda114b5f82c38269d5ea1@prksq.com,235,0.92000002,2023-02-10,2023-02-10,Angel,male,2,United States,North America,high,high,0,NA,0,NA,NA
db6fc51ad3b3651d93006117bc765fea@prksq.com,15,0.079999998,2023-02-14,2023-02-14,Venture Capital,male,2,United States,North America,low,high,0,no specific reason,1,2023-02-14,0
db78721087ca394703ddd3c985dacc30@prksq.com,354,1,2023-02-14,2023-02-14,Venture Capital,male,3,United States,North America,low,high,0,NA,0,NA,NA
db9959a9b9509383456e48588f82c6e2@prksq.com,355,1,2023-02-14,2023-02-15,Angel,female,1,India,South Asia,high,low,0,NA,0,NA,NA
db99ee49396f69b12591f89b45c74779@prksq.com,41,0.57999998,2023-02-14,2023-02-17,Angel,male,1,United States,North America,low,low,0,NA,0,NA,NA
dba8be879880df9df87f9dd66f7fd464@prksq.com,12,0.25,2023-02-14,2023-02-17,Venture Capital,male,4,United States,North America,low,low,0,NA,0,NA,NA
dbb4a9c985b78057353c2ccbbab98328@prksq.com,371,0.75,2023-01-30,2023-01-30,Angel,male,2,United States,North America,high,high,0,investment strategy,1,2023-01-30,0
dbd8b1988039da817943b8daed17171e@prksq.com,23,0.57999998,2023-02-14,2023-02-14,Angel,male,1,United States,North America,high,low,0,NA,0,NA,NA
dbe50549ea4bc78a1c45c789b88c501b@prksq.com,99,0.75,2023-02-14,2023-02-14,Angel,male,2,United States,North America,high,high,0,NA,0,NA,NA
dc0a49aa4680bee05507b5fd5c55de0a@prksq.com,22,0.92000002,2023-02-14,2023-02-15,Angel,male,1,United States,North America,high,high,0,NA,0,NA,NA
dc121d777d36a8ed6aad42598b10d4a6@prksq.com,224,0.82999998,2023-02-14,2023-02-14,Angel,male,2,Germany,Europe and Central Asia,high,high,0,no specific reason,1,2023-02-16,0
dc1772c62591b547a0aa1fdc0baf0ec0@prksq.com,134,0.41999999,2023-02-14,2023-02-15,Venture Capital,female,1,United States,North America,low,low,0,no specific reason,1,2023-02-17,0
dc1d35f31b3c00a2e5fc95d4763d7dd5@prksq.com,325,0.92000002,2023-02-14,2023-02-17,Venture Capital,male,4,United Kingdom,Europe and Central Asia,low,high,0,no specific reason,1,2023-02-17,0
dc29e08c8d379f74bceb2e998e5429c4@prksq.com,149,1,2023-02-02,2023-02-14,Angel,male,1,Germany,Europe and Central Asia,low,low,0,investment strategy,1,2023-02-14,0
dc2cd3553d7e56c948ca1933347caedb@prksq.com,664,0.67000002,2023-02-14,2023-02-17,Angel,male,1,United States,North America,low,high,0,NA,0,NA,NA
dc3b4c77230cf09fed1f7c76284c3b9d@prksq.com,292,0.57999998,2023-02-02,2023-02-02,Angel,male,1,United States,North America,low,high,0,NA,0,NA,NA
dc480ae6c832bc9b7e47195984e71c6c@prksq.com,116,0.82999998,2023-02-04,2023-02-17,Angel,male,1,United States,North America,low,low,0,NA,0,NA,NA
dc6610e31bac45732068e54bf8a058b6@prksq.com,29,0.25,2023-02-14,2023-02-15,Angel,female,1,United States,North America,high,low,0,NA,0,NA,NA
dc69f8a66d00814bb9b90f27bfe26dad@prksq.com,37,1,2023-02-14,2023-02-17,Venture Capital,male,5,United States,North America,high,high,0,NA,0,NA,NA
dc983b72560039f7ea95781a3247e7cc@prksq.com,227,0.82999998,2023-02-14,2023-02-14,Angel,male,5,United States,North America,low,low,0,NA,0,NA,NA
dc9a85ae936e2114a6ca60e3aed371a6@prksq.com,7,0.82999998,2023-02-14,2023-02-15,Venture Capital,male,2,United Kingdom,Europe and Central Asia,high,high,0,no specific reason,1,2023-02-15,0
dca81c25fc2b7f04dc4145dfd475158a@prksq.com,291,0.079999998,2023-02-14,2023-02-16,Angel,male,1,United States,North America,low,high,0,NA,0,NA,NA
dcc1d2322cdd1453bd25dddb2ead8176@prksq.com,418,0.67000002,2023-02-14,2023-02-15,Angel,male,1,United States,North America,high,high,0,NA,0,NA,NA
dcc4b4e09c00ef8af6d66c5746410ed4@prksq.com,103,1,2023-02-14,2023-02-14,Angel,male,1,United States,North America,low,low,0,NA,0,NA,NA
dcd163b2183ff6653c18e0a4e1697c6c@prksq.com,328,1,2023-02-14,2023-02-15,Angel,male,1,United States,North America,high,low,0,NA,0,NA,NA
dce3fd492e4f36099a09edae1f097c18@prksq.com,145,0.75,2023-02-14,2023-02-15,Angel,female,1,United Kingdom,Europe and Central Asia,high,high,0,stage,1,2023-02-17,0
dcf1e5686396b25a1cc42b262c840a5b@prksq.com,36,0.57999998,2023-02-15,2023-02-17,Angel,male,1,United States,North America,high,low,0,NA,0,NA,NA
dd07ad7adae6752faf2a5298dd8b2ff1@prksq.com,155,1,2023-02-15,2023-02-16,Angel,male,1,United States,North America,high,high,0,NA,0,NA,NA
dd11495ebc20768201ca70093c009924@prksq.com,211,0.41999999,2023-02-14,2023-02-14,Angel,male,1,United States,North America,low,high,0,NA,0,NA,NA
dd2792d0ba8334bb4b7c3bd78bbc5f79@prksq.com,116,0.57999998,2023-02-15,2023-02-16,Angel,male,2,United States,North America,high,low,0,no specific reason,1,2023-02-20,0
dd364a034a07464e447756a60a533a58@prksq.com,244,1,2023-02-07,2023-02-16,Angel,male,1,United States,North America,high,low,0,NA,0,NA,NA
dd37853b1edd1778c29eeb1c23047849@prksq.com,92,0.25,2023-02-15,2023-02-15,Venture Capital,male,4,United States,North America,low,high,0,industry,1,2023-02-15,0
dd4fd80659612d320803cfecd35beada@prksq.com,107,1,2023-02-02,2023-02-02,Angel,male,1,United States,North America,high,low,0,NA,0,NA,NA
dd71506c88a3075040bad2d75c7e58fa@prksq.com,219,0.41999999,2023-02-15,2023-02-17,Angel,male,1,United States,North America,high,high,0,no specific reason,1,2023-02-17,0
dda2adb08fccb32d136d2dfb376b75bb@prksq.com,37,1,2023-02-15,2023-02-18,Angel,male,1,United Kingdom,Europe and Central Asia,high,high,0,NA,0,NA,NA
ddabda85b813cec48c5ecc4f1ea250f8@prksq.com,233,1,2023-02-15,2023-02-16,Angel,male,1,United States,North America,low,high,0,industry,1,2023-02-16,0
ddc996579e788341e3a767eb06b2705a@prksq.com,381,1,2023-02-15,2023-02-17,Angel,male,2,United States,North America,high,high,0,NA,0,NA,NA
ddd86c1514aae09cdb381cfcfaea9f37@prksq.com,125,1,2023-02-06,2023-02-06,Angel,male,2,United States,North America,low,low,0,NA,0,NA,NA
ddf079d96f1684d183c1ca86c1016537@prksq.com,135,0.92000002,2023-02-15,2023-02-15,Angel,male,1,Israel,Middle East and North Africa,low,high,0,NA,0,NA,NA
de056549881c9bdac72fd665d15facd9@prksq.com,64,0.17,2023-02-15,2023-02-15,Venture Capital,female,4,United States,North America,low,high,0,NA,0,NA,NA
de12650f9f538cb593d9963913615518@prksq.com,32,0.25,2023-02-15,2023-02-16,Angel,male,1,United States,North America,low,low,0,NA,0,NA,NA
de24cbeeab7e5ff9acc407f511baee06@prksq.com,44,0.25,2023-02-15,2023-02-16,Venture Capital,male,3,Israel,Middle East and North Africa,high,high,0,NA,0,NA,NA
de41a2fd303f78ef1c5cbc58511c1df8@prksq.com,111,0.57999998,2023-02-15,2023-02-18,Angel,male,1,United States,North America,high,low,0,NA,0,NA,NA
de50b2168b97291fdb773545953fe21a@prksq.com,135,0.75,2023-02-15,2023-02-18,Venture Capital,male,9,United States,North America,low,high,0,NA,0,NA,NA
de77c6ba6f5b8de16029eadf44104909@prksq.com,75,0.82999998,2023-02-15,2023-02-16,Venture Capital,male,2,United States,North America,low,high,0,no specific reason,1,2023-02-16,0
de8064646dbfe1ea76e2236a09016306@prksq.com,40,0.67000002,2023-01-31,2023-02-19,Angel,male,1,United Kingdom,Europe and Central Asia,high,low,0,NA,0,NA,NA
de898bca06457c9e6ba71e5d0f96e957@prksq.com,136,0.5,2023-02-15,2023-02-16,Angel,male,2,United States,North America,low,low,0,no specific reason,1,2023-02-17,0
de8c16d1e231dcde75118a00d5c94f0d@prksq.com,304,1,2023-02-15,2023-02-15,Angel,male,1,United States,North America,high,low,0,NA,0,NA,NA
de8dbc229920b01b515b44db3f50950d@prksq.com,10,0.92000002,2023-02-14,2023-02-14,Venture Capital,male,5,India,South Asia,high,low,0,NA,0,NA,NA
de910e910b545186087cfa51a1307fa9@prksq.com,23,0.33000001,2023-02-15,2023-02-16,Venture Capital,male,3,Germany,Europe and Central Asia,low,low,0,NA,0,NA,NA
dea0949d5ee9803cecec8000b0372707@prksq.com,202,0.75,2023-02-15,2023-02-16,Angel,male,1,United Kingdom,Europe and Central Asia,high,high,0,investment strategy,1,2023-02-16,0
dea4fe54bd24304a813d9970ef32c473@prksq.com,3,1,2023-02-15,2023-02-16,Venture Capital,male,4,India,South Asia,low,high,0,NA,0,NA,NA
dea7ec18373b8f95f29f922ea5056c24@prksq.com,400,0.92000002,2023-02-15,2023-02-18,Angel,male,1,United States,North America,low,high,0,NA,0,NA,NA
dea8e2c663392f434f7bd47fcda61b87@prksq.com,345,1,2023-02-15,2023-02-16,Angel,male,1,United States,North America,high,high,0,NA,0,NA,NA
debb7c7d1a43a3f05e62ecc09ae01360@prksq.com,85,0.25,2023-02-15,2023-02-17,Venture Capital,male,1,United States,North America,high,low,0,NA,0,NA,NA
dec3cbe67a66feee1966e53b6a1bad13@prksq.com,148,0.82999998,2023-02-15,2023-02-16,Angel,male,1,United States,North America,low,high,0,other,1,2023-02-16,0
ded1ed2b8998fa523e600d94d6a3a850@prksq.com,58,0.75,2023-02-09,2023-02-09,Venture Capital,male,3,United States,North America,low,low,0,investment strategy,1,2023-02-09,0
ded46ac02dd673db6a7d02e6311582cd@prksq.com,69,0.75,2023-02-15,2023-02-17,Venture Capital,male,2,United Kingdom,Europe and Central Asia,low,low,0,NA,0,NA,NA
ded7244c71e7173a8f6f52bdf5213057@prksq.com,24,0.82999998,2023-02-15,2023-02-19,Angel,male,1,United States,North America,low,low,0,NA,0,NA,NA
dee0ddb4871629bc59cc319b244f573b@prksq.com,117,0.67000002,2023-02-15,2023-02-18,Angel,male,1,United States,North America,low,low,0,NA,0,NA,NA
deebec8c41ad4ee19047c21ff7e37168@prksq.com,122,0.67000002,2023-02-15,2023-02-16,Angel,male,1,United States,North America,low,low,0,investment strategy,1,2023-02-16,0
defaa1cf7cc676bc2dac2f48cac6f203@prksq.com,69,1,2023-02-15,2023-02-17,Angel,female,1,United States,North America,high,high,0,NA,0,NA,NA
df01ee941c1ecd733aa1485945e82069@prksq.com,246,1,2023-02-15,2023-02-16,Angel,male,1,United States,North America,high,high,0,NA,0,NA,NA
df1c17cb3f32923d2861f25063102d5a@prksq.com,119,0.25,2023-02-15,2023-02-17,Angel,male,1,United States,North America,low,high,0,NA,0,NA,NA
df1cd1cd890ceb0a47baacf4121635c9@prksq.com,10,0.25,2023-02-15,2023-02-19,Angel,male,1,United States,North America,low,low,0,NA,0,NA,NA
df2610cc15a4c1c0bba6f145aca8eb35@prksq.com,28,0.33000001,2023-02-15,2023-02-16,Angel,female,1,United States,North America,low,low,0,NA,0,NA,NA
df307201544d898ffb687ca06049d926@prksq.com,116,0.41999999,2023-02-15,2023-02-17,Angel,male,1,United States,North America,low,high,0,NA,0,NA,NA
df322172a18d769f3ce808c2ea6bbbd8@prksq.com,121,1,2023-02-15,2023-02-15,Angel,male,1,United States,North America,low,low,0,NA,0,NA,NA
df455fbc90453f4a5edc091354a99421@prksq.com,104,0.75,2023-02-15,2023-02-18,Angel,male,1,United States,North America,high,low,0,no specific reason,1,2023-02-18,0
df5ab3da0504c20631987cf29d228388@prksq.com,40,0.57999998,2023-02-15,2023-02-17,Angel,male,1,China,East Asia and Pacific,high,high,0,NA,0,NA,NA
df5cc7ace3ea9e9b413ea8514cdeccfd@prksq.com,375,1,2023-02-15,2023-02-16,Angel,male,1,United States,North America,high,high,0,NA,0,NA,NA
df6c48f99468a75356c44a0381c4f8ad@prksq.com,143,1,2023-01-29,2023-01-29,Angel,male,1,United States,North America,low,low,0,stage,1,2023-02-17,0
df78fa49270b12b793d61ff24ba82229@prksq.com,49,1,2023-02-15,2023-02-15,Angel,male,1,United States,North America,low,low,0,NA,0,NA,NA
df8e479f718f594470106961bcb32e7a@prksq.com,9,0.57999998,2023-02-15,2023-02-19,Angel,male,1,United States,North America,high,low,0,NA,0,NA,NA
df9fb14d2ee575644961688454ea5dde@prksq.com,37,0.57999998,2023-02-15,2023-02-18,Angel,male,2,United States,North America,high,low,0,NA,0,NA,NA
dfc288221183cbfbbd8fba15a0eb04d4@prksq.com,28,0.57999998,2023-02-15,2023-02-19,Venture Capital,male,5,United States,North America,low,high,0,NA,0,NA,NA
dfc6532a786110cfdd32d3a86114e641@prksq.com,179,0.92000002,2023-02-15,2023-02-17,Angel,male,1,United States,North America,high,low,0,NA,0,NA,NA
dfe65a60f2fcc4a8028a2fd90e0f4fe0@prksq.com,61,0.41999999,2023-02-15,2023-02-16,Angel,male,2,United States,North America,low,high,0,NA,0,NA,NA
dfee0e1f520f3560f6d02661e97e9881@prksq.com,16,1,2023-02-15,2023-02-16,Angel,male,1,India,South Asia,high,low,0,NA,0,NA,NA
e0011d8ccb968be5983f1ee2bc6fd81c@prksq.com,410,0.57999998,2023-02-15,2023-02-17,Angel,male,1,United States,North America,high,high,0,NA,0,NA,NA
e03a1f521f6f0abe07a8a329ee18e1cd@prksq.com,304,0.25,2023-02-15,2023-02-16,Angel,male,1,United States,North America,low,high,0,NA,0,NA,NA
e03dcb05c05d7027fad176a14bf8bfc4@prksq.com,61,1,2023-02-15,2023-02-16,Angel,male,1,United States,North America,high,low,0,NA,0,NA,NA
e067aff12919d881d8e83b3135cb5c34@prksq.com,293,0.5,2023-02-14,2023-02-14,Angel,male,2,United States,North America,high,low,0,NA,0,NA,NA
e0696d773b8b33601244ee0623931f8c@prksq.com,119,0.57999998,2023-02-14,2023-02-16,Angel,male,1,United States,North America,high,high,0,NA,0,NA,NA
e08222ce52a19e7438e76a96a1fa3c70@prksq.com,100,1,2023-02-15,2023-02-17,Angel,male,1,United States,North America,high,high,0,NA,0,NA,NA
e0b1bf0f6d06607b51806fc634214831@prksq.com,18,1,2023-02-15,2023-02-17,Angel,male,1,United States,North America,high,high,0,NA,0,NA,NA
e0b897c4469f9343ba8dcaadac912249@prksq.com,164,1,2023-02-15,2023-02-17,Angel,female,2,United States,North America,high,low,0,NA,0,NA,NA
e0c7fdd5875c3fb83f8bd5d37429d201@prksq.com,61,0.5,2023-02-15,2023-02-18,Angel,male,1,United States,North America,low,high,0,NA,0,NA,NA
e0ce28760530e54ac1861b4eae55139d@prksq.com,222,1,2023-02-10,2023-02-10,Angel,male,1,United States,North America,high,low,0,NA,0,NA,NA
e0e20f5e9c618ec1734cfe1d9886a822@prksq.com,146,0.67000002,2023-02-15,2023-02-18,Angel,male,2,United States,North America,high,low,0,NA,0,NA,NA
e0e2e36321a689e86579c6787151156c@prksq.com,250,0.82999998,2023-02-06,2023-02-18,Angel,male,1,United States,North America,low,high,0,NA,0,NA,NA
e0e927365fab9621fd97dae1a9649207@prksq.com,8,1,2023-02-15,2023-02-16,Angel,male,1,United States,North America,low,low,0,NA,0,NA,NA
e0ead927aa11350fc5852405b8d36cc1@prksq.com,138,0.57999998,2023-02-15,2023-02-16,Venture Capital,male,2,China,East Asia and Pacific,low,high,0,NA,0,NA,NA
e0ecf8f45ab7c67cc3f090b63370fb1e@prksq.com,325,0.57999998,2023-02-15,2023-02-18,Angel,male,1,United States,North America,high,high,0,no specific reason,1,2023-02-18,0
e0fd5f6cb6de7fc46bc3b357db703da0@prksq.com,137,0.82999998,2023-02-15,2023-02-16,Angel,male,1,United States,North America,high,low,0,NA,0,NA,NA
e10aa5cbdd52d4bc186dd643c67229e4@prksq.com,33,0.57999998,2023-02-15,2023-02-18,Venture Capital,male,2,India,South Asia,high,low,1,more info/clarification,1,2023-02-18,1
e118a818f519dd6cc80472111211b773@prksq.com,101,0.92000002,2023-02-15,2023-02-16,Venture Capital,male,4,Israel,Middle East and North Africa,high,low,0,NA,0,NA,NA
e12fe9360b72b429f3f13b5152f9f5e3@prksq.com,227,0.41999999,2023-02-15,2023-02-15,Angel,male,1,Germany,Europe and Central Asia,high,low,0,NA,0,NA,NA
e14dd4f54d959ce33a530adcc23c85a4@prksq.com,198,0.82999998,2023-02-15,2023-02-18,Venture Capital,male,2,Canada,North America,high,high,0,NA,0,NA,NA
e1793495de4e9d9e6965ac4fd35534ed@prksq.com,57,0.41999999,2023-02-15,2023-02-15,Angel,male,1,United States,North America,low,low,0,NA,0,NA,NA
e18e8072964ee84ef56b90f9c6cef417@prksq.com,30,0.17,2023-02-15,2023-02-18,Venture Capital,male,2,United States,North America,high,high,0,stage,1,2023-02-20,0
e1bc9f88d973e13e0f46aaa198c827e1@prksq.com,14,0.57999998,2023-02-15,2023-02-16,Venture Capital,male,1,United States,North America,low,high,0,no specific reason,1,2023-02-18,0
e1c56e323c393dd837fe0c737eee6bf7@prksq.com,4,0.5,2023-02-15,2023-02-15,Angel,male,1,United States,North America,low,low,0,NA,0,NA,NA
e1ce9456459653c2c4fa6160b9bd7bf3@prksq.com,180,1,2023-02-15,2023-02-18,Venture Capital,male,2,United States,North America,high,high,0,NA,0,NA,NA
e1d26f7ba7c2953170c491653801a862@prksq.com,45,0.17,2023-02-15,2023-02-17,Angel,male,1,United States,North America,high,low,0,NA,0,NA,NA
e1dcd56bcc391ef3c616e0ae683b2729@prksq.com,66,0.92000002,2023-02-15,2023-02-17,Venture Capital,male,3,France,Europe and Central Asia,low,high,0,NA,0,NA,NA
e1ed599ea43eed18616f7396ae50ec59@prksq.com,188,0.41999999,2023-02-15,2023-02-15,Angel,male,1,United States,North America,high,low,0,industry,1,2023-02-18,0
e2232d02e50b2bfa974bed95171aa585@prksq.com,90,0.82999998,2023-02-04,2023-02-04,Venture Capital,male,1,France,Europe and Central Asia,low,high,0,NA,0,NA,NA
e2240f62db48f86ae785d232efbd32a4@prksq.com,17,0.57999998,2023-02-16,2023-02-20,Venture Capital,male,2,United Kingdom,Europe and Central Asia,low,low,0,NA,0,NA,NA
e2280bda71f4e52c8a96ab31e1c84955@prksq.com,132,0.82999998,2023-02-16,2023-02-18,Angel,male,1,United States,North America,low,high,0,NA,0,NA,NA
e22d11ff4c1b9e2f414714099f7266dc@prksq.com,141,0.92000002,2023-02-15,2023-02-15,Angel,male,1,United States,North America,low,low,0,NA,0,NA,NA
e23c7d059a80350cbb2392ab2a33a59f@prksq.com,9,0.33000001,2023-02-09,2023-02-21,Angel,male,1,United States,North America,high,low,0,other,1,2023-02-21,0
e2755c5c0d16d3f34dd4e3a131f15024@prksq.com,42,0.67000002,2023-02-16,2023-02-17,Venture Capital,female,2,United States,North America,low,high,0,NA,0,NA,NA
e2795100b1dd3b3f925810d56868faa4@prksq.com,396,1,2023-02-10,2023-02-16,Angel,male,1,United States,North America,high,high,0,NA,0,NA,NA
e27bfd6af56212461a32e9c349360add@prksq.com,140,0.92000002,2023-01-29,2023-02-17,Angel,male,4,United States,North America,low,high,0,NA,0,NA,NA
e281c9a9af976843a9449af420d8b134@prksq.com,85,0.82999998,2023-02-16,2023-02-18,Angel,male,1,United States,North America,low,high,0,NA,0,NA,NA
e2907a3dd0c009a3cdfb74e1936d39af@prksq.com,188,1,2023-02-16,2023-02-16,Angel,male,1,United States,North America,low,high,0,NA,0,NA,NA
e29576ea544237ac63e65104a49771f5@prksq.com,112,0.57999998,2023-02-03,2023-02-19,Angel,male,2,United Kingdom,Europe and Central Asia,high,high,0,no specific reason,1,2023-02-19,0
e2a4fa2a6ee846218c54b9c5b963bcfe@prksq.com,24,0.079999998,2023-02-16,2023-02-16,Angel,female,2,United States,North America,low,low,0,NA,0,NA,NA
e2aab83f6c48c01e83dd078cd3df18a8@prksq.com,72,0.75,2023-02-15,2023-02-15,Angel,male,2,United States,North America,low,low,0,NA,0,NA,NA
e2ae93f26f24321214155698f6f8ded5@prksq.com,59,0.75,2023-02-15,2023-02-18,Angel,male,2,United Kingdom,Europe and Central Asia,low,low,0,NA,0,NA,NA
e2af2f3ffaf1e0cc72f6c078a80d9572@prksq.com,223,0.75,2023-02-15,2023-02-17,Angel,male,1,United States,North America,high,high,0,no investments,1,2023-02-17,0
e2caeef0087421a3d0f9b0dc2847cfbd@prksq.com,6,1,2023-02-15,2023-02-16,Venture Capital,female,2,United Kingdom,Europe and Central Asia,high,high,0,NA,0,NA,NA
e2d4c556618f628ab3050ee8a7806eb6@prksq.com,24,0.079999998,2023-02-16,2023-02-16,Angel,male,1,United States,North America,low,low,0,NA,0,NA,NA
e2e09f9c48cc7b87d70133c905ae84bd@prksq.com,92,0.57999998,2023-02-16,2023-02-19,Angel,male,1,United States,North America,low,high,0,NA,0,NA,NA
e2e72d9c8e8d94b9fae5a2ad23787a26@prksq.com,460,0.75,2023-02-15,2023-02-15,Angel,male,1,United States,North America,high,high,0,NA,0,NA,NA
e2e842f8f49e194917f3c91c510881fb@prksq.com,402,0.67000002,2023-02-15,2023-02-17,Angel,male,1,United States,North America,high,low,0,NA,0,NA,NA
e3064e1f088d184b5f9ecbcc854cab14@prksq.com,405,1,2023-02-15,2023-02-15,Angel,male,1,United States,North America,high,low,0,NA,0,NA,NA
e308e617710d987bb9fdb22a6f430ef2@prksq.com,117,1,2023-02-15,2023-02-15,Angel,male,1,United States,North America,high,low,1,meeting,1,2023-02-21,1
e31ed8b01cf3ae27b962311b2a80c6b2@prksq.com,479,1,2023-02-01,2023-02-01,Angel,male,2,Germany,Europe and Central Asia,high,low,0,NA,0,NA,NA
e331c9c67e2e6fe05ba51b3d3fa5b3ce@prksq.com,161,1,2023-02-04,2023-02-04,Angel,male,1,United States,North America,high,low,0,NA,0,NA,NA
e338d63d1ff977e7a2e8bc43a1e562e9@prksq.com,56,1,2023-02-06,2023-02-06,Angel,male,1,United States,North America,high,low,0,NA,0,NA,NA
e34694d648937534857b2cdc1c927d06@prksq.com,137,0.67000002,2023-02-15,2023-02-17,Angel,female,1,United States,North America,low,low,0,NA,0,NA,NA
e3522de4ebc5ae0444c9153176c44f94@prksq.com,209,0.92000002,2023-02-16,2023-02-19,Angel,male,2,Israel,Middle East and North Africa,low,high,0,NA,0,NA,NA
e357a4b34f4400b0a013b9064432930d@prksq.com,251,0.25,2023-02-15,2023-02-18,Angel,male,1,United States,North America,high,high,0,stage,1,2023-02-18,0
e38c75aec1c06f77bafd9c86dcc79a45@prksq.com,219,1,2023-02-15,2023-02-17,Angel,male,2,United States,North America,high,high,0,no investments,1,2023-02-17,0
e3997e38bf593af5b1003738b3c2ebdf@prksq.com,323,0.92000002,2023-02-15,2023-02-17,Angel,male,2,United States,North America,low,high,0,no investments,1,2023-02-19,0
e3b28dfc704e883fcd4ed49a18e588d9@prksq.com,281,0.67000002,2023-02-15,2023-02-17,Angel,male,1,Germany,Europe and Central Asia,low,high,1,more info/clarification,1,2023-02-17,1
e3b9db5e69a2db5764424b4aae75628e@prksq.com,156,0.92000002,2023-02-15,2023-02-18,Angel,male,3,United States,North America,low,low,0,NA,0,NA,NA
e3d24e8b65e0344e53b7d1a1c40a5ebe@prksq.com,117,1,2023-02-16,2023-02-20,Angel,male,1,United States,North America,high,high,0,NA,0,NA,NA
e3d41492ec8cc958c78ec89afbef1041@prksq.com,145,1,2023-02-15,2023-02-15,Angel,male,1,United States,North America,low,low,0,NA,0,NA,NA
e3dbc4f5217a668cdc070fa8c559e3f8@prksq.com,67,0.5,2023-02-01,2023-02-01,Angel,male,1,United States,North America,low,high,0,NA,0,NA,NA
e3de56bdd10ca0e8a95803337a9bab9b@prksq.com,93,1,2023-02-15,2023-02-17,Angel,male,1,United States,North America,low,low,0,NA,0,NA,NA
e3e4f695f1460fb19321ea8dda911293@prksq.com,146,1,2023-02-15,2023-02-17,Angel,male,1,Canada,North America,low,low,0,investment strategy,1,2023-02-17,0
e3e91f821b36e4df5f796de654531aea@prksq.com,43,0.57999998,2023-02-16,2023-02-18,Angel,male,1,United States,North America,low,low,0,investment strategy,1,2023-02-18,0
e3ee7a4d1d69c7ee46a2a8d445f4ffbf@prksq.com,110,0.33000001,2023-02-16,2023-02-16,Venture Capital,male,4,United States,North America,low,high,0,NA,0,NA,NA
e414897f321124d9707e740c44ada6ba@prksq.com,29,0.079999998,2023-02-16,2023-02-16,Angel,male,2,United States,North America,low,low,0,NA,0,NA,NA
e428e21d7e808199fc3e6685fe708105@prksq.com,122,0.5,2023-02-15,2023-02-17,Angel,male,5,United States,North America,low,low,0,NA,0,NA,NA
e458b6d9490a86317287354f1a1b5392@prksq.com,42,1,2023-02-15,2023-02-17,Angel,male,1,United States,North America,high,high,0,investment strategy,1,2023-02-17,0
e465558c783211dbc34d1bc00f665eb3@prksq.com,126,0.92000002,2023-02-16,2023-02-19,Angel,male,1,United States,North America,high,low,0,NA,0,NA,NA
e48623bcb36810b73670995ece4fd1fa@prksq.com,179,0.57999998,2023-02-15,2023-02-16,Venture Capital,male,7,Germany,Europe and Central Asia,high,low,0,industry,1,2023-02-16,0
e486b7c7e05dd9627b68365ce71b596c@prksq.com,593,0.57999998,2023-02-15,2023-02-16,Angel,male,1,United States,North America,high,high,0,other,1,2023-02-18,0
e48e6abc8972e4486dd50618aac108a6@prksq.com,101,0.92000002,2023-02-15,2023-02-17,Angel,male,1,United States,North America,high,high,0,NA,0,NA,NA
e491193c04387a6cea6099fd2c698c9a@prksq.com,278,1,2023-02-15,2023-02-17,Venture Capital,male,2,United States,North America,high,high,0,stage,1,2023-02-18,0
e4b995bac81b59fdf8ef319d29704128@prksq.com,129,0.41999999,2023-02-16,2023-02-19,Angel,female,1,United States,North America,high,low,0,NA,0,NA,NA
e4bf4b648339b9ab45a4608bfbc86603@prksq.com,29,0.82999998,2023-02-16,2023-02-18,Angel,male,1,United Kingdom,Europe and Central Asia,high,low,0,NA,0,NA,NA
e4bf9f98067cc85924207e2bb63ed652@prksq.com,154,0.75,2023-02-16,2023-02-18,Angel,male,1,United States,North America,low,low,0,NA,0,NA,NA
e4c5fa2fcfab83297005ffc5fbebb0e2@prksq.com,63,0.82999998,2023-02-15,2023-02-15,Angel,male,2,United States,North America,high,low,0,no specific reason,1,2023-02-18,0
e4d9dd0065cf992429c1e186cea6ba8f@prksq.com,47,0.67000002,2023-02-08,2023-02-08,Angel,male,1,United States,North America,low,high,0,NA,0,NA,NA
e4f173414d155f603ca82275966ccf8e@prksq.com,58,0.92000002,2023-02-15,2023-02-16,Angel,male,1,United States,North America,low,low,0,NA,0,NA,NA
e52be2da93d4e274cc60289b03367eef@prksq.com,339,0.82999998,2023-02-15,2023-02-17,Angel,male,2,United States,North America,low,high,0,NA,0,NA,NA
e52cc54ee10b2aeb3c2439c678c5267e@prksq.com,10,1,2023-02-15,2023-02-18,Angel,male,1,United Kingdom,Europe and Central Asia,low,high,0,NA,0,NA,NA
e52d67813ddb946b7171dc89773af953@prksq.com,74,1,2023-02-04,2023-02-15,Angel,male,1,United States,North America,high,high,0,investment strategy,1,2023-02-15,0
e52f6254dd50ae125cc549aaa2e0fe0a@prksq.com,292,0.25,2023-02-15,2023-02-16,Angel,male,1,United States,North America,low,high,0,NA,0,NA,NA
e5400d2b66a5d2f2cd238f6fbdfea04f@prksq.com,374,1,2023-02-15,2023-02-15,Venture Capital,male,4,United States,North America,high,high,0,NA,0,NA,NA
e5655a1abc9578e469402280a5be2d8d@prksq.com,56,0.41999999,2023-02-15,2023-02-16,Angel,male,1,Brazil,Latin America and Caribbean,high,low,0,NA,0,NA,NA
e56d1364ed2da763ca776c774c1b8559@prksq.com,80,1,2023-02-16,2023-02-16,Angel,male,1,United States,North America,high,high,0,NA,0,NA,NA
e587820e8db10e8e2321c1c947070d0a@prksq.com,36,1,2023-02-16,2023-02-16,Venture Capital,male,5,United States,North America,high,high,0,NA,0,NA,NA
e58e8997eb07bc3fe0c680551aa04293@prksq.com,179,1,2023-02-15,2023-02-15,Angel,female,1,United States,North America,high,low,0,NA,0,NA,NA
e59aa084d723ae3c50128c9f3fd6527c@prksq.com,23,0.41999999,2023-02-15,2023-02-15,Angel,male,1,United Kingdom,Europe and Central Asia,low,high,0,no specific reason,1,2023-02-15,0
e5aede46578546300a36f08e73d8aaf0@prksq.com,209,0.75,2023-02-09,2023-02-09,Angel,female,1,United States,North America,high,low,0,NA,0,NA,NA
e5af59431e334f17d66d08a9032e6f56@prksq.com,126,0.33000001,2023-02-15,2023-02-16,Angel,male,1,United States,North America,high,high,0,NA,0,NA,NA
e5c2ba99553078448063310546854e92@prksq.com,90,0.5,2023-02-15,2023-02-18,Angel,male,1,United States,North America,high,high,0,no specific reason,1,2023-02-18,0
e5c6dc1765f4d451037d17004f915f74@prksq.com,62,0.57999998,2023-02-15,2023-02-16,Angel,male,1,United States,North America,low,high,0,NA,0,NA,NA
e5cfc59819f0c57745ef4932a2a25fab@prksq.com,184,0.75,2023-02-15,2023-02-17,Angel,male,1,United States,North America,low,high,0,NA,0,NA,NA
e5ec42835e0d82b3fa0a9238b9ffa876@prksq.com,285,1,2023-02-16,2023-02-16,Angel,male,1,United States,North America,high,high,0,NA,0,NA,NA
e5f7cead692b8556ae00c29285f5c3fc@prksq.com,308,0.33000001,2023-02-16,2023-02-18,Angel,female,2,United Kingdom,Europe and Central Asia,low,high,0,NA,0,NA,NA
e600aeb06c7d6fd2dbd9fbd2869b56e1@prksq.com,142,0.41999999,2023-02-15,2023-02-17,Angel,male,1,United States,North America,low,high,0,no specific reason,1,2023-02-19,0
e610f8ac2cdbf412e1c30cb3c78cdd07@prksq.com,380,0.67000002,2023-02-15,2023-02-15,Venture Capital,male,5,United States,North America,high,high,0,NA,0,NA,NA
e619d905c43b158dff52a0f10757325c@prksq.com,14,0.57999998,2023-02-16,2023-02-16,Angel,male,1,United States,North America,low,high,0,no specific reason,1,2023-02-16,0
e6213a432be7e218ab755ad13dea705e@prksq.com,103,1,2023-02-15,2023-02-16,Angel,male,1,United States,North America,high,high,0,NA,0,NA,NA
e62b02195bae06c322c73a1752053807@prksq.com,82,0.41999999,2023-01-29,2023-02-16,Angel,male,1,United States,North America,high,high,0,NA,0,NA,NA
e62e920a4781f64fd339bb4adf9efbc8@prksq.com,31,0.82999998,2023-02-15,2023-02-17,Angel,male,1,France,Europe and Central Asia,high,high,0,NA,0,NA,NA
e647a630fec245e22c56228641e9d824@prksq.com,12,0.079999998,2023-02-15,2023-02-18,Angel,male,1,United States,North America,low,low,0,no specific reason,1,2023-02-18,0
e6575602e06b2855af81236821149e9f@prksq.com,58,0.67000002,2023-02-15,2023-02-16,Angel,male,1,Canada,North America,high,high,0,no specific reason,1,2023-02-17,0
e67beb3f7bf8f60122fc73a9680a2840@prksq.com,105,0.5,2023-02-16,2023-02-18,Angel,male,1,United Kingdom,Europe and Central Asia,low,low,0,NA,0,NA,NA
e689392abb91bbff58bd5f175b8bfba1@prksq.com,122,1,2023-02-15,2023-02-16,Venture Capital,male,3,United States,North America,low,low,0,stage,1,2023-02-20,0
e68a3b2332458fb7506d84ba795fb7ed@prksq.com,60,1,2023-02-15,2023-02-17,Venture Capital,male,2,United States,North America,high,high,0,no specific reason,1,2023-02-17,0
e68f47d4c98286a3ae26e12e7cd4ed8a@prksq.com,90,1,2023-02-15,2023-02-16,Angel,male,2,Singapore,East Asia and Pacific,high,low,0,NA,0,NA,NA
e6accd20c5af7958aa2c3761185d0b03@prksq.com,196,0.5,2023-02-16,2023-02-17,Angel,female,2,France,Europe and Central Asia,low,high,0,NA,0,NA,NA
e6af465856191b849231b33e2be0a786@prksq.com,7,1,2023-02-15,2023-02-17,Angel,male,1,United States,North America,high,low,0,NA,0,NA,NA
e6bc3d90956283be0c858a427e9a4ea0@prksq.com,63,0.41999999,2023-02-15,2023-02-18,Angel,male,1,United States,North America,low,low,0,NA,0,NA,NA
e6da1d32080885efd1a98aced27ea23e@prksq.com,84,0.67000002,2023-02-15,2023-02-16,Angel,male,1,United States,North America,high,low,0,investment strategy,1,2023-02-16,0
e6e836e396822ddc8c8a6d8eeb142f06@prksq.com,31,0.75,2023-02-04,2023-02-19,Angel,male,1,United Kingdom,Europe and Central Asia,high,high,0,NA,0,NA,NA
e6ecb1d90fc33747a9d100b53e6c8957@prksq.com,277,0.5,2023-02-16,2023-02-19,Angel,male,1,United States,North America,high,low,0,NA,0,NA,NA
e704db980c1a5782f2d2f7359bf085d8@prksq.com,220,1,2023-01-30,2023-01-30,Angel,male,2,United States,North America,low,low,0,NA,0,NA,NA
e73baf86db6e3f82109c6858d20a99ad@prksq.com,15,0.82999998,2023-02-16,2023-02-16,Venture Capital,male,4,United States,North America,high,high,0,NA,0,NA,NA
e744a4ea0b30e517096cf2dd221ed74a@prksq.com,22,0.17,2023-02-16,2023-02-16,Angel,female,3,United States,North America,high,high,0,no investments,1,2023-02-16,0
e748129b0d9bdc5c8322118e953bab48@prksq.com,185,1,2023-02-15,2023-02-17,Angel,male,1,United States,North America,high,high,0,NA,0,NA,NA
e7554769b07046a7827ab9594321035f@prksq.com,330,0.5,2023-02-16,2023-02-20,Venture Capital,male,5,United Kingdom,Europe and Central Asia,low,high,0,NA,0,NA,NA
e757516bbb3ba6019e0f1057e40b3973@prksq.com,155,0.75,2023-02-15,2023-02-16,Angel,male,1,United Kingdom,Europe and Central Asia,low,high,0,NA,0,NA,NA
e75d6b6deff1acb49612b17dcb57865d@prksq.com,679,0.67000002,2023-02-16,2023-02-17,Venture Capital,male,4,United States,North America,high,high,0,NA,0,NA,NA
e75df6274d69d40375d6ea24c2ee3df3@prksq.com,115,0.67000002,2023-02-16,2023-02-17,Angel,male,1,United States,North America,high,low,0,NA,0,NA,NA
e75f55c910c9d0402f374ecc064ec1a4@prksq.com,20,1,2023-02-16,2023-02-16,Angel,male,1,United States,North America,high,low,0,NA,0,NA,NA
e77661a21d875547348b198c36e79f7b@prksq.com,288,1,2023-02-16,2023-02-18,Angel,male,1,India,South Asia,high,high,0,no specific reason,1,2023-02-20,0
e78a567fadcc0ee2ddb2812ab96782d2@prksq.com,4,0.82999998,2023-02-16,2023-02-17,Angel,female,1,United States,North America,low,low,0,NA,0,NA,NA
e7928dbb09f7b199433f875ac5574687@prksq.com,204,0.41999999,2023-02-07,2023-02-18,Venture Capital,male,1,United States,North America,low,low,0,NA,0,NA,NA
e7bf3dc7148ccb0edecce1763db299d6@prksq.com,81,0.5,2023-02-16,2023-02-19,Angel,male,1,United States,North America,low,low,0,NA,0,NA,NA
e7fc666f4cd6b69bc5bd7a7e54e868c0@prksq.com,103,0.92000002,2023-02-16,2023-02-19,Angel,male,1,United Kingdom,Europe and Central Asia,low,high,0,NA,0,NA,NA
e80430f07da6b7f9c5cdb45bbb46453d@prksq.com,100,0.92000002,2023-02-02,2023-02-02,Angel,male,1,United States,North America,high,high,0,investment strategy,1,2023-02-02,0
e8138f9c3cc2ecb1dda59b08b4384719@prksq.com,39,0.079999998,2023-02-16,2023-02-18,Venture Capital,male,4,United States,North America,low,low,0,NA,0,NA,NA
e81cf21616f761c589504baa10a64312@prksq.com,343,1,2023-02-16,2023-02-18,Angel,male,1,United States,North America,low,low,0,NA,0,NA,NA
e83a7b447922ce893d884cce52a24e26@prksq.com,240,0.33000001,2023-02-16,2023-02-20,Venture Capital,male,3,United States,North America,high,high,0,NA,0,NA,NA
e84a2deb4bd90cc42af6a741cb34540c@prksq.com,29,0.33000001,2023-02-16,2023-02-18,Angel,male,1,United States,North America,low,high,0,NA,0,NA,NA
e85cf1edc45c4287e0488ce87a12588f@prksq.com,56,0.079999998,2023-02-16,2023-02-17,Venture Capital,male,4,United States,North America,high,high,0,NA,0,NA,NA
e87c7411b2e357c2914d5e4db6e03537@prksq.com,4,0.82999998,2023-01-31,2023-01-31,Angel,male,1,United States,North America,low,high,0,NA,0,NA,NA
e87f07f6d760781248627a0641ff7a86@prksq.com,138,0.92000002,2023-02-04,2023-02-16,Angel,male,5,United States,North America,high,low,0,NA,0,NA,NA
e887585148233622d52b9cd82911a766@prksq.com,49,0.57999998,2023-02-16,2023-02-19,Angel,male,2,United States,North America,high,high,0,NA,0,NA,NA
e8951e67f8307a72bc11ba42b750660a@prksq.com,114,1,2023-02-16,2023-02-18,Angel,male,1,United States,North America,low,low,0,NA,0,NA,NA
e8a06e79cc74a1c06f9437cf36afe282@prksq.com,19,1,2023-02-01,2023-02-01,Angel,male,1,United States,North America,high,high,0,no specific reason,1,2023-02-01,0
e8a1575f5c57b3f08ba2a83a62110ca3@prksq.com,270,0.5,2023-02-16,2023-02-17,Angel,male,1,India,South Asia,low,low,0,investment strategy,1,2023-02-18,0
e8b0e523a23a8040c9866d820c89e2f5@prksq.com,18,1,2023-02-16,2023-02-16,Angel,male,1,United States,North America,low,high,0,NA,0,NA,NA
e8c65a45a9b71ec901812dca43640ebc@prksq.com,102,0.92000002,2023-02-16,2023-02-16,Angel,male,1,United States,North America,high,low,0,NA,0,NA,NA
e8d171c253fda1752fc43deb6fca60b1@prksq.com,40,0.92000002,2023-02-16,2023-02-16,Angel,male,1,Singapore,East Asia and Pacific,high,high,0,NA,0,NA,NA
e8e0f4c30574e5320374bff87c56baaf@prksq.com,9,0.75,2023-02-16,2023-02-19,Angel,male,3,United States,North America,low,high,0,NA,0,NA,NA
e912e5fd93ac8a45f4444e993d77aed3@prksq.com,32,0.92000002,2023-02-16,2023-02-19,Venture Capital,female,5,United States,North America,high,low,0,NA,0,NA,NA
e917172104f14e7081360b395a96ecb4@prksq.com,34,0.82999998,2023-02-16,2023-02-18,Venture Capital,female,2,United States,North America,high,low,0,NA,0,NA,NA
e91e695fdbd0a8eaba56f5469355a4a6@prksq.com,209,1,2023-02-16,2023-02-16,Angel,male,3,India,South Asia,high,low,0,NA,0,NA,NA
e92d6ed924711e0d7f3de066421c0ff9@prksq.com,7,0.57999998,2023-02-16,2023-02-16,Angel,female,1,United States,North America,low,high,1,more info/clarification,1,2023-02-16,1
e92dde87ef8b51f395b70c3f99375f7a@prksq.com,175,0.67000002,2023-02-16,2023-02-17,Angel,male,1,United States,North America,high,low,0,NA,0,NA,NA
e92df532fd2c2b5c2f42833ccecaee9c@prksq.com,73,0.92000002,2023-02-16,2023-02-16,Angel,male,1,United States,North America,low,low,0,no specific reason,1,2023-02-17,0
e93a059d9f4819d99c70a1b6b378aeb8@prksq.com,244,0.92000002,2023-02-16,2023-02-19,Venture Capital,male,2,United States,North America,low,high,0,NA,0,NA,NA
e94843becdd0f6321ab52c758ba9e215@prksq.com,6,0.92000002,2023-02-16,2023-02-16,Angel,male,1,United States,North America,high,low,0,NA,0,NA,NA
e954043611995a21dae988fbbb93510a@prksq.com,127,1,2023-02-06,2023-02-06,Angel,male,2,United States,North America,low,low,0,NA,0,NA,NA
e979be6793b6f37a48df8634e662612d@prksq.com,401,0.92000002,2023-02-07,2023-02-07,Venture Capital,male,3,United States,North America,high,low,0,NA,0,NA,NA
e97cdf9ff287e66fd6641c5a2bbfcccd@prksq.com,29,0.079999998,2023-02-16,2023-02-16,Angel,male,1,Canada,North America,low,low,0,investment strategy,1,2023-02-20,0
e985f267bfbce3dc9b54bce4739de244@prksq.com,92,0.82999998,2023-02-16,2023-02-17,Angel,male,1,United States,North America,high,low,0,NA,0,NA,NA
e9860fc4a4fb90ca479c919750c91371@prksq.com,69,0.5,2023-02-16,2023-02-17,Angel,female,1,United States,North America,low,low,0,NA,0,NA,NA
e99fdc9e6d1da834c6e907cb506372f3@prksq.com,439,0.25,2023-02-02,2023-02-18,Venture Capital,male,27,United States,North America,high,low,0,NA,0,NA,NA
e9b4294a62353cb12898d4435932570b@prksq.com,64,0.41999999,2023-02-16,2023-02-19,Angel,male,1,United States,North America,high,high,0,no investments,1,2023-02-19,0
e9c1f00d8f137ca39f41402935702035@prksq.com,171,0.82999998,2023-02-16,2023-02-16,Angel,male,1,United States,North America,high,low,0,NA,0,NA,NA
e9c75180d5192e1ff4c703996f483e40@prksq.com,107,0.41999999,2023-02-16,2023-02-16,Angel,male,1,Brazil,Latin America and Caribbean,low,low,0,NA,0,NA,NA
e9d3008453ece55ce4f8c414e3a2f664@prksq.com,323,1,2023-02-16,2023-02-19,Angel,male,1,United States,North America,low,low,0,NA,0,NA,NA
e9e89fbd32b7b67c175c96b535d07b31@prksq.com,266,1,2023-02-16,2023-02-18,Angel,male,1,India,South Asia,high,low,0,NA,0,NA,NA
e9efec4d6470081af51500280cd38b17@prksq.com,155,1,2023-02-16,2023-02-19,Angel,male,2,United States,North America,low,low,0,NA,0,NA,NA
e9f61b068e84c6d2e7869eace5ca1d09@prksq.com,65,1,2023-02-16,2023-02-16,Venture Capital,male,3,United States,North America,low,high,0,NA,0,NA,NA
e9ff8bab55d9ddf248b33c2f802fbcab@prksq.com,53,0.41999999,2023-02-16,2023-02-17,Angel,male,1,United States,North America,low,low,0,NA,0,NA,NA
ea05127bb8b94c85423f4d239fbc289d@prksq.com,74,0.82999998,2023-02-16,2023-02-17,Angel,male,1,Germany,Europe and Central Asia,low,high,0,NA,0,NA,NA
ea0717ffd50e73f838487678205e0bc9@prksq.com,165,1,2023-02-16,2023-02-18,Angel,male,1,United States,North America,low,high,0,NA,0,NA,NA
ea0bcf99f6281c009e657b35ae4585b6@prksq.com,5,0.57999998,2023-02-16,2023-02-17,Angel,male,2,United States,North America,low,high,0,NA,0,NA,NA
ea2d2f552a972199c1a527cc3cbb9b46@prksq.com,62,0.33000001,2023-02-16,2023-02-18,Angel,male,2,United States,North America,low,low,0,NA,0,NA,NA
ea445a0e3b5158413c84b36f734536fa@prksq.com,18,0.92000002,2023-02-16,2023-02-16,Venture Capital,male,3,United States,North America,high,low,0,NA,0,NA,NA
ea5872a8dc9a493af032dbc9777e8090@prksq.com,140,0.75,2023-02-16,2023-02-16,Angel,male,1,United States,North America,low,high,0,NA,0,NA,NA
ea5bc106a0c41b7ffd5bc7317b2f4737@prksq.com,261,0.57999998,2023-02-16,2023-02-19,Angel,male,5,Canada,North America,low,high,0,NA,0,NA,NA
ea74541171744b78a25a39d685151fb2@prksq.com,6,0.33000001,2023-02-16,2023-02-17,Angel,male,1,United States,North America,high,high,0,NA,0,NA,NA
ea747635d502b36a500978859497c167@prksq.com,125,0.57999998,2023-02-02,2023-02-17,Angel,male,1,United States,North America,low,high,0,NA,0,NA,NA
ea8a5669964acc4afa2a582e9f22db57@prksq.com,167,0.82999998,2023-02-09,2023-02-09,Angel,male,2,United States,North America,high,low,0,NA,0,NA,NA
ea8e61cdc084f7856fa4072d741d8b35@prksq.com,42,0.75,2023-02-16,2023-02-16,Angel,male,1,United States,North America,high,low,0,no specific reason,1,2023-02-18,0
ea91a3322c11bbd1486678edda85a4ed@prksq.com,84,0.75,2023-02-16,2023-02-16,Angel,male,1,United States,North America,low,low,0,NA,0,NA,NA
ea9b217c97b2d780646fdee225710f9a@prksq.com,82,0.25,2023-02-16,2023-02-20,Angel,male,1,United States,North America,high,high,0,NA,0,NA,NA
eaa34d3fd3ca42fbee122c77c0082a80@prksq.com,64,0.75,2023-02-16,2023-02-18,Angel,male,1,Canada,North America,low,high,0,NA,0,NA,NA
eaa57b83fe94969abc96cca701fceeff@prksq.com,47,0.33000001,2023-02-16,2023-02-18,Angel,male,1,United States,North America,low,low,0,no investments,1,2023-02-18,0
eaac5ab3c531a388c1cc6eeb8f8c6f9f@prksq.com,168,0.92000002,2023-02-16,2023-02-16,Angel,male,2,United States,North America,high,high,0,no specific reason,1,2023-02-17,0
eab03e6dfa396cb6b84e7a9d5e3a6773@prksq.com,77,1,2023-02-16,2023-02-16,Angel,male,1,United States,North America,low,low,0,NA,0,NA,NA
eab4a02523bc94e074f3b75d7ce650c5@prksq.com,27,0.41999999,2023-02-16,2023-02-20,Angel,male,2,France,Europe and Central Asia,high,low,0,no specific reason,1,2023-02-23,0
eabb01433d9ce9b597bb0ed01a7a864d@prksq.com,4,0.41999999,2023-02-16,2023-02-17,Angel,male,1,United States,North America,low,low,0,NA,0,NA,NA
eabc3b381f6c902ed2420413b446bcbe@prksq.com,42,0.75,2023-02-02,2023-02-02,Angel,male,1,Singapore,East Asia and Pacific,high,low,0,NA,0,NA,NA
eac348d35805937f63cd2654a6ec2824@prksq.com,65,0.079999998,2023-02-16,2023-02-18,Venture Capital,male,3,United States,North America,low,low,0,NA,0,NA,NA
eac41db2a9df5a3bb22e9354fabc5695@prksq.com,219,0.82999998,2023-02-16,2023-02-18,Angel,male,1,United Kingdom,Europe and Central Asia,low,low,0,NA,0,NA,NA
eac4c65306d4843b00e1a8a488794885@prksq.com,445,0.92000002,2023-02-02,2023-02-17,Angel,male,1,Canada,North America,high,high,0,NA,0,NA,NA
ead0a1dfe623f8c8629833f98bb0e78e@prksq.com,17,0.33000001,2023-02-16,2023-02-19,Angel,male,1,India,South Asia,low,high,0,NA,0,NA,NA
eae5f58fe1812f5f261a56dfac1ab408@prksq.com,21,0.41999999,2023-02-16,2023-02-16,Angel,male,1,United States,North America,low,low,0,NA,0,NA,NA
eae66f7ccfc7ef2689375b65e3c74472@prksq.com,90,0.25,2023-02-16,2023-02-16,Angel,male,1,United States,North America,high,low,0,NA,0,NA,NA
eaf28203aa1ae47f96ba8f0e1ad10624@prksq.com,513,1,2023-02-01,2023-02-17,Angel,male,1,United States,North America,low,high,0,NA,0,NA,NA
eafabd96d7bca31d5a3931444d410999@prksq.com,249,0.57999998,2023-02-16,2023-02-17,Angel,male,1,United States,North America,high,low,0,industry,1,2023-02-18,0
eaff48bd8af9de4a3b126d353cd5e67f@prksq.com,101,0.67000002,2023-02-16,2023-02-17,Venture Capital,male,1,United States,North America,low,low,0,NA,0,NA,NA
eb1d2b647ab7a4be5c214b7269e628a7@prksq.com,36,0.75,2023-02-16,2023-02-18,Angel,female,1,United States,North America,high,high,0,NA,0,NA,NA
eb26bd17072901ab5fb0c69af17a969c@prksq.com,3,1,2023-02-16,2023-02-17,Venture Capital,male,1,France,Europe and Central Asia,high,high,0,NA,0,NA,NA
eb2fc3a30823c033424a10c65daab8c9@prksq.com,9,0.5,2023-02-16,2023-02-16,Angel,male,1,United States,North America,high,high,0,NA,0,NA,NA
eb3e345cbc67dd5da0595656d3e07a95@prksq.com,172,0.82999998,2023-02-16,2023-02-17,Angel,male,1,Germany,Europe and Central Asia,low,low,0,NA,0,NA,NA
eb60d5c62ec7222f5b24b146d9ec0b12@prksq.com,18,0.25,2023-02-16,2023-02-19,Angel,female,1,United States,North America,low,high,0,NA,0,NA,NA
eb694315c7b3f1a137221b52566cd35f@prksq.com,24,0.67000002,2023-02-16,2023-02-23,Venture Capital,male,2,Germany,Europe and Central Asia,low,low,0,NA,0,NA,NA
eb697d3a7e3d0bdd487bac48af83f6ae@prksq.com,13,0.33000001,2023-02-16,2023-02-19,Angel,male,1,United States,North America,low,high,0,NA,0,NA,NA
eb8222cf9ec451330d07073b84bbcff1@prksq.com,46,0.67000002,2023-02-16,2023-02-16,Angel,male,1,Brazil,Latin America and Caribbean,low,low,0,stage,1,2023-02-19,0
eb8673b6019ed5cac3cf468efdb555fc@prksq.com,56,0.33000001,2023-02-03,2023-02-17,Angel,male,5,United States,North America,high,low,0,no specific reason,1,2023-02-17,0
eb9f4adaadab45d8aa8d8be3ee14a6fd@prksq.com,96,0.82999998,2023-01-30,2023-02-18,Angel,male,1,United States,North America,high,low,0,NA,0,NA,NA
eba57a60f4e372691917e64a8af8a586@prksq.com,64,1,2023-02-16,2023-02-16,Angel,male,3,United States,North America,high,low,0,NA,0,NA,NA
eba672126d520e4189e9c0f7f85014cb@prksq.com,255,0.75,2023-02-16,2023-02-16,Venture Capital,male,5,United States,North America,high,low,0,NA,0,NA,NA
ebb27946f1d0d3f33038a418dcc1998a@prksq.com,133,0.75,2023-02-02,2023-02-02,Angel,male,1,United States,North America,low,low,0,NA,0,NA,NA
ebbde6ff7f6f7946a0218381732481d3@prksq.com,7,0.82999998,2023-02-16,2023-02-18,Angel,male,1,United States,North America,low,high,0,NA,0,NA,NA
ebe38dcb2ca8e1dc2b2ec19068bd62a1@prksq.com,359,0.82999998,2023-02-07,2023-02-07,Angel,male,1,United States,North America,low,low,0,NA,0,NA,NA
ebf3631e3d654e38f9971a0ea9c5489c@prksq.com,196,0.57999998,2023-02-16,2023-02-16,Venture Capital,male,1,United States,North America,high,high,0,NA,0,NA,NA
ebf96465a225fd8dfe7960f8035d22f7@prksq.com,21,0.57999998,2023-02-16,2023-02-18,Angel,male,1,United States,North America,high,low,0,NA,0,NA,NA
ebf972905f94704dc65d123dbc455afc@prksq.com,27,1,2023-02-06,2023-02-06,Angel,female,1,United States,North America,low,high,1,more info/clarification,1,2023-02-19,1
ec1a2bfc79c1f010209e18fc1d5a6ff4@prksq.com,202,0.41999999,2023-02-16,2023-02-19,Angel,male,2,United States,North America,low,high,0,stage,1,2023-02-19,0
ec3107a2fe9a1a1b24f62b11aef33e60@prksq.com,85,0.75,2023-02-16,2023-02-19,Angel,male,1,United States,North America,high,low,0,NA,0,NA,NA
ec31439f6453b15722b6b4d9f37128da@prksq.com,29,0.079999998,2023-02-16,2023-02-16,Venture Capital,male,3,United States,North America,low,low,0,NA,0,NA,NA
ec449e454315114dd933a2f5ebd7ce84@prksq.com,105,0.92000002,2023-02-08,2023-02-08,Angel,male,1,United States,North America,high,low,0,NA,0,NA,NA
ec4863006e4ea56680f7e3e8491f6d8f@prksq.com,54,0.25,2023-02-16,2023-02-18,Angel,male,1,United States,North America,low,low,0,NA,0,NA,NA
ec51dfb6b7437b02b56f3a508f005ca1@prksq.com,177,0.75,2023-02-09,2023-02-18,Angel,male,1,United States,North America,high,high,0,NA,0,NA,NA
ec56f9ed2ca9ad265623253309423680@prksq.com,99,0.57999998,2023-02-16,2023-02-20,Angel,female,1,United States,North America,low,low,0,NA,0,NA,NA
ec5878572a95e1ad8763f5b15e2e1cd8@prksq.com,401,0.41999999,2023-02-16,2023-02-16,Angel,female,1,United Kingdom,Europe and Central Asia,high,low,0,NA,0,NA,NA
ec5dad78feb45153f62366f4af661acc@prksq.com,292,1,2023-02-16,2023-02-16,Angel,male,1,United States,North America,high,high,0,NA,0,NA,NA
ec8212813d2065f071737452f3e18f6b@prksq.com,49,0.33000001,2023-02-16,2023-02-17,Venture Capital,male,3,United States,North America,high,high,0,NA,0,NA,NA
ec8a677d5c2ffac0e70abdeb7dbf13c0@prksq.com,8,1,2023-02-17,2023-02-18,Angel,male,1,United States,North America,low,high,0,NA,0,NA,NA
ec913a8107d051229468d9a59f6e76f5@prksq.com,16,0.079999998,2023-02-17,2023-02-19,Venture Capital,male,4,United States,North America,low,low,0,NA,0,NA,NA
eca79d7d441ae6407257c7dced6b2493@prksq.com,375,0.92000002,2023-02-17,2023-02-18,Angel,male,1,United States,North America,low,high,0,NA,0,NA,NA
ecabf39aed6a7d5e1cb6f9cd4ec794a8@prksq.com,184,0.41999999,2023-02-06,2023-02-20,Angel,male,2,United States,North America,high,low,0,stage,1,2023-02-20,0
ecbe96461f2824cf078798ef03ab1645@prksq.com,21,0.67000002,2023-02-17,2023-02-17,Venture Capital,female,2,United Kingdom,Europe and Central Asia,high,low,0,NA,0,NA,NA
eccb4b741e1e3fee333b2065a512b5a6@prksq.com,445,0.33000001,2023-02-17,2023-02-21,Venture Capital,male,4,Germany,Europe and Central Asia,low,high,0,NA,0,NA,NA
ecd5494f7d1d69195dad4fc46e55be54@prksq.com,11,0.5,2023-02-16,2023-02-18,Angel,male,1,United States,North America,high,low,0,NA,0,NA,NA
ece512fa9cd0beedb7e558a12b27550a@prksq.com,367,0.41999999,2023-02-16,2023-02-19,Angel,male,1,United States,North America,high,high,0,NA,0,NA,NA
ed0364a3e722a56e3dc2f77210af50f4@prksq.com,86,0.82999998,2023-02-16,2023-02-19,Angel,male,1,United States,North America,low,high,0,NA,0,NA,NA
ed14059af98c02f6a8ba0dfc556d6a2f@prksq.com,476.00053240740743,1,2023-02-17,2023-02-20,Venture Capital,female,7,United States,North America,low,high,1,more info/clarification,1,2023-03-09,1
ed1d971d1df1bcb89f2bfcb90e98e887@prksq.com,42,0.75,2023-02-17,2023-02-20,Angel,male,1,United States,North America,high,high,0,investment strategy,1,2023-02-20,0
ed2d6221047a43922eb931fcb9058194@prksq.com,13,1,2023-02-07,2023-02-07,Venture Capital,male,4,United Kingdom,Europe and Central Asia,high,low,0,industry,1,2023-02-07,0
ed396494a85fde4b00bc64df14c127ed@prksq.com,42,0.41999999,2023-02-17,2023-02-18,Angel,male,1,United States,North America,high,high,0,NA,0,NA,NA
ed5236be7dd73104e444d82a79882d05@prksq.com,30,0.82999998,2023-02-17,2023-02-18,Angel,female,1,United States,North America,low,high,0,NA,0,NA,NA
ed60b381609e51c29d72b0133607d149@prksq.com,47,0.82999998,2023-02-16,2023-02-19,Venture Capital,male,1,United States,North America,high,high,0,NA,0,NA,NA
ed7d5e891ae212a9a45ca6a7d4bb1b43@prksq.com,217,0.75,2023-02-07,2023-02-07,Angel,male,1,United States,North America,high,high,0,NA,0,NA,NA
ed8f238fce5a7f56893d4f5ed6a40535@prksq.com,223,0.82999998,2023-02-16,2023-02-18,Angel,male,2,United States,North America,high,low,0,NA,0,NA,NA
ed90be3cbf0e8d681f6482bd19050755@prksq.com,74,1,2023-02-17,2023-02-17,Angel,male,1,United States,North America,high,low,0,NA,0,NA,NA
eda19aaa1c4b94c750565a260e66b713@prksq.com,537,0.92000002,2023-02-16,2023-02-19,Angel,male,1,United States,North America,high,high,0,NA,0,NA,NA
edae115d8f59d3ccbc34f489f22c4e94@prksq.com,140,0.079999998,2023-02-17,2023-02-17,Angel,male,1,United States,North America,high,low,0,NA,0,NA,NA
edca112c21ebd2c3226e6e17a8b5763e@prksq.com,288,0.92000002,2023-02-17,2023-02-17,Angel,male,1,Germany,Europe and Central Asia,low,high,0,NA,0,NA,NA
ede4b3df41cc56a444a04b51cb4096f0@prksq.com,558,0.92000002,2023-02-16,2023-02-17,Venture Capital,female,2,United States,North America,high,high,0,NA,0,NA,NA
ede8e068074f592639ac69d9ab88e5ab@prksq.com,20,0.079999998,2023-02-17,2023-02-17,Angel,male,1,United Kingdom,Europe and Central Asia,high,low,0,NA,0,NA,NA
edfdbcf570324d9f9833828aeec47e93@prksq.com,339,0.57999998,2023-02-17,2023-02-20,Angel,male,1,India,South Asia,high,low,0,NA,0,NA,NA
ee06a2ada12bcf3e6530531aa7ccd954@prksq.com,43,0.57999998,2023-02-17,2023-02-20,Angel,male,1,Canada,North America,high,high,0,NA,0,NA,NA
ee0f6099aba7837390d7230f90e0aba7@prksq.com,6,0.41999999,2023-02-16,2023-02-18,Angel,male,1,United States,North America,high,low,0,NA,0,NA,NA
ee2bf48b461b4b3e707ffbbd1a747827@prksq.com,63,0.92000002,2023-02-17,2023-02-17,Angel,male,2,Canada,North America,high,low,0,stage,1,2023-02-18,0
ee2d84895dd72670c70374d8a15eebdc@prksq.com,24,0.079999998,2023-02-17,2023-02-17,Venture Capital,female,1,United States,North America,low,high,0,NA,0,NA,NA
ee30d894def8001f16d087d2d4b36912@prksq.com,149,1,2023-02-17,2023-02-18,Angel,male,2,United States,North America,low,low,0,NA,0,NA,NA
ee312e726012989d70b769ba78eee33a@prksq.com,56,0.17,2023-02-17,2023-02-18,Angel,male,2,United States,North America,low,low,0,NA,0,NA,NA
ee3c8bc03c4925f8210023aa06b1e86a@prksq.com,262,0.75,2023-02-16,2023-02-16,Angel,male,2,United Kingdom,Europe and Central Asia,high,high,0,NA,0,NA,NA
ee434322aba86ce03ecfb8c11bbbc9f3@prksq.com,180,0.75,2023-02-17,2023-02-19,Angel,male,1,United States,North America,high,low,0,NA,0,NA,NA
ee4661df1cc5cfdfa5de2821486916e0@prksq.com,23,0.25,2023-02-17,2023-02-19,Angel,male,1,India,South Asia,low,low,0,NA,0,NA,NA
ee4882585c15dbcd234c5e5a6f6626d7@prksq.com,95,1,2023-02-17,2023-02-20,Angel,male,1,United Kingdom,Europe and Central Asia,low,low,0,NA,0,NA,NA
ee858d84ef01bd6dc5a946c5e80064f6@prksq.com,329,0.92000002,2023-02-17,2023-02-17,Angel,female,1,United States,North America,low,low,0,NA,0,NA,NA
eeaa62c398d76a6363473e570d0272ec@prksq.com,134,0.75,2023-02-16,2023-02-17,Angel,male,1,United States,North America,high,low,0,NA,0,NA,NA
eeab8ee360506668c2649653c88a931f@prksq.com,129,1,2023-02-17,2023-02-18,Venture Capital,male,2,United States,North America,low,high,0,NA,0,NA,NA
eeb3855ae8365236dec9b42d86e09bd4@prksq.com,126,0.67000002,2023-02-16,2023-02-17,Angel,male,1,United States,North America,low,low,0,NA,0,NA,NA
eebb19a4ad7aaa4597f6148b6dd22149@prksq.com,57,0.17,2023-02-17,2023-02-17,Angel,male,2,United States,North America,high,high,0,NA,0,NA,NA
eec1181105053d7222d865ea6c1ed596@prksq.com,130,1,2023-02-17,2023-02-18,Venture Capital,male,2,France,Europe and Central Asia,high,high,0,investment strategy,1,2023-02-18,0
eed5028c99ef9eceaacabcfa3ac56678@prksq.com,19,0.33000001,2023-02-17,2023-02-20,Venture Capital,male,3,United States,North America,high,high,0,NA,0,NA,NA
eed815cc0659f4ebfae3dbf9d8b6dd46@prksq.com,214,0.33000001,2023-02-16,2023-02-16,Angel,male,1,United States,North America,high,high,0,industry,1,2023-02-16,0
eee903f6cd3495d50f1b4c2ddd8cb13b@prksq.com,101,1,2023-02-02,2023-02-02,Angel,male,1,United States,North America,low,low,0,NA,0,NA,NA
ef19976f1c7f9517f6ae75a1dab851b6@prksq.com,178,1,2023-02-16,2023-02-18,Venture Capital,male,1,United States,North America,high,high,0,no specific reason,1,2023-02-20,0
ef1cd67b8be078a4346faed26d1c3247@prksq.com,87,0.41999999,2023-02-17,2023-02-19,Angel,male,1,United States,North America,low,high,0,no specific reason,1,2023-02-19,0
ef260a8e6bddaa1753a3f0980e1c795e@prksq.com,6,0.75,2023-02-17,2023-02-20,Angel,male,1,United States,North America,low,high,0,NA,0,NA,NA
ef2e4bf1c272b1faa25a74bdc56db8f5@prksq.com,155,0.41999999,2023-02-16,2023-02-17,Venture Capital,male,1,United States,North America,low,low,0,NA,0,NA,NA
ef2fbd954c662eb83664ef6e6da8c5c8@prksq.com,535,0.67000002,2023-01-31,2023-01-31,Angel,female,1,United States,North America,high,high,0,NA,0,NA,NA
ef53c37d173cad8e318d9e90c939779c@prksq.com,23,0.92000002,2023-02-08,2023-02-08,Venture Capital,male,6,United States,North America,low,low,0,NA,0,NA,NA
ef6571e9be543f5391fc98838a101b91@prksq.com,45,0.5,2023-02-17,2023-02-19,Angel,male,1,United Kingdom,Europe and Central Asia,low,low,0,NA,0,NA,NA
ef6ac3101fcd4be5a2c0b3016edf88f9@prksq.com,281,0.079999998,2023-02-16,2023-02-18,Angel,male,1,United Kingdom,Europe and Central Asia,high,high,0,no specific reason,1,2023-02-19,0
ef6f13287e2e2e3391db04b4a664a34e@prksq.com,60,0.82999998,2023-02-17,2023-02-19,Angel,male,1,United States,North America,low,low,0,NA,0,NA,NA
ef706a220b58c00b35e70b408210c0bb@prksq.com,21,0.17,2023-02-16,2023-02-18,Angel,male,1,United States,North America,high,low,0,other,1,2023-02-19,0
ef7930a4f055d1a22bced25279aae37e@prksq.com,43,0.75,2023-02-17,2023-02-17,Angel,male,1,Canada,North America,high,low,0,NA,0,NA,NA
ef7e64c3b4cb747c9d57ee18ab2765b9@prksq.com,29,0.079999998,2023-02-16,2023-02-17,Angel,male,1,United States,North America,high,high,0,NA,0,NA,NA
ef8063af6a7bd4bf88052dcc9cd7bed4@prksq.com,90,0.67000002,2023-02-16,2023-02-18,Angel,male,1,United States,North America,high,low,0,geography,1,2023-02-18,0
ef976bb3b7213d455a810a9cad81dffa@prksq.com,193,0.82999998,2023-02-17,2023-02-19,Angel,male,1,United States,North America,low,low,0,investment strategy,1,2023-02-20,0
efac987c351e907cfda4539555a2314d@prksq.com,31,0.079999998,2023-02-17,2023-02-17,Angel,male,1,United States,North America,low,high,0,no specific reason,1,2023-02-19,0
efbcd184c00e254900d4f76abc519cbf@prksq.com,460,0.079999998,2023-02-16,2023-02-16,Angel,male,1,United States,North America,high,high,0,NA,0,NA,NA
efc7cd380c9000e0fd54a5f93760bb1f@prksq.com,14,0.41999999,2023-02-02,2023-02-18,Angel,male,1,United States,North America,low,high,0,no specific reason,1,2023-02-23,0
efc83827c69fc5e8a16ebd2f7d318eca@prksq.com,29,0.079999998,2023-02-17,2023-02-17,Venture Capital,female,63,United Kingdom,Europe and Central Asia,low,low,0,NA,0,NA,NA
efd708c91217c6e8dec0615bc2f3be18@prksq.com,76,0.25,2023-02-17,2023-02-17,Angel,male,1,United States,North America,high,high,0,stage,1,2023-02-17,0
efe40cb9752a064ead7c57e92596f912@prksq.com,57,1,2023-02-16,2023-02-16,Angel,male,1,United States,North America,low,low,0,industry,1,2023-02-16,0
eff1c67f341d38dd8d0c48de80ac2997@prksq.com,74,0.92000002,2023-02-17,2023-02-18,Angel,male,1,United States,North America,high,high,0,no specific reason,1,2023-02-18,0
eff23745a19e41aaca5c71a85dd2ee46@prksq.com,27,0.5,2023-02-17,2023-02-19,Venture Capital,male,5,United States,North America,low,low,0,NA,0,NA,NA
eff32da7f544cf90377af3cb11b17e8e@prksq.com,53,0.33000001,2023-02-17,2023-02-18,Angel,male,1,United States,North America,low,low,0,NA,0,NA,NA
f00c6aed12486d0b814016b0416a368c@prksq.com,28,0.82999998,2023-02-17,2023-02-18,Angel,male,1,United States,North America,high,high,0,NA,0,NA,NA
f011655c56092427b8e6df9e0ab5a0c6@prksq.com,596,0.92000002,2023-01-30,2023-01-30,Angel,male,1,United States,North America,high,high,0,NA,0,NA,NA
f015873dbbb478f1cc4c462f782d32d3@prksq.com,104,0.82999998,2023-02-17,2023-02-18,Venture Capital,male,3,Canada,North America,high,low,0,NA,0,NA,NA
f026507bfe3f373fabd9fa2f813138b6@prksq.com,100,0.92000002,2023-02-17,2023-02-19,Angel,male,1,United States,North America,low,high,0,NA,0,NA,NA
f02a6744a79de26523fc084bf6aadedd@prksq.com,29,0.079999998,2023-02-17,2023-02-17,Angel,male,1,United States,North America,low,low,0,NA,0,NA,NA
f02b09043063fd1ad86f5404b0df544b@prksq.com,6,1,2023-02-17,2023-02-20,Angel,male,1,United States,North America,high,low,0,NA,0,NA,NA
f02c4f00c7f4d00146419f1a752269bf@prksq.com,6,0.33000001,2023-02-17,2023-02-20,Angel,male,1,United States,North America,low,high,0,NA,0,NA,NA
f02fda2ae4333a14ff8e3865ab6aa8a4@prksq.com,101,1,2023-02-02,2023-02-02,Angel,male,1,United States,North America,low,low,0,NA,0,NA,NA
f032303e09e3556a4b82e1d33681d3a0@prksq.com,120,0.82999998,2023-02-16,2023-02-16,Venture Capital,male,5,United States,North America,high,low,0,no specific reason,1,2023-02-19,0
f036b950a7ce5cc5d1c1b08ad7809bc3@prksq.com,16,0.82999998,2023-02-16,2023-02-17,Angel,male,1,United States,North America,low,high,0,NA,0,NA,NA
f03f4e4478373d604916e98d11911c1e@prksq.com,41,0.67000002,2023-02-17,2023-02-19,Angel,male,3,United States,North America,high,low,0,NA,0,NA,NA
f049c1cdec49ea0fb750b076a82abdfd@prksq.com,35,0.57999998,2023-02-17,2023-02-18,Angel,male,1,United States,North America,low,low,0,investment strategy,1,2023-02-20,0
f053cc4d018c3b567fa9c342fa32f511@prksq.com,222,0.57999998,2023-02-17,2023-02-19,Venture Capital,female,5,India,South Asia,low,low,0,NA,0,NA,NA
f05716474f1c2e0cf500257f3d557698@prksq.com,217,1,2023-02-17,2023-02-21,Angel,male,1,United States,North America,high,low,0,NA,0,NA,NA
f05c8211f379b1ab2a7d10d96cc7dcc9@prksq.com,9,0.82999998,2023-02-17,2023-02-19,Venture Capital,male,2,United States,North America,low,low,0,investment strategy,1,2023-02-22,0
f05d9c7b23e45f447d7bd3b4fe0c6750@prksq.com,49,0.17,2023-02-17,2023-02-19,Venture Capital,male,3,United States,North America,low,high,0,stage,1,2023-02-19,0
f05d9ca08aec14b70d1498130704f525@prksq.com,258,1,2023-02-17,2023-02-19,Angel,male,1,United States,North America,high,low,0,NA,0,NA,NA
f063638cf9ea1742ceda97730daab2d9@prksq.com,118,0.25,2023-02-16,2023-02-17,Venture Capital,male,1,United States,North America,high,low,0,NA,0,NA,NA
f06beabaa44ef5ca48a73a815636613e@prksq.com,8,0.67000002,2023-01-30,2023-02-18,Angel,male,1,United States,North America,high,low,0,NA,0,NA,NA
f074cae16acc8767f10213abdcdd7e8a@prksq.com,22,1,2023-02-17,2023-02-17,Angel,male,1,United States,North America,high,low,0,no specific reason,1,2023-02-17,0
f0926a2a6d0f064155bfdd18f4619a7f@prksq.com,233,1,2023-02-17,2023-02-19,Angel,male,1,United States,North America,low,high,0,NA,0,NA,NA
f096a54808dd8d28b5b28b734fda49ff@prksq.com,29,0.079999998,2023-02-17,2023-02-17,Angel,male,1,United Kingdom,Europe and Central Asia,low,low,0,NA,0,NA,NA
f0aa0de571492cf11f0c361c55a716eb@prksq.com,83,0.5,2023-02-17,2023-02-20,Venture Capital,male,2,United Kingdom,Europe and Central Asia,low,low,0,no specific reason,1,2023-02-20,0
f0b80074f9097f8857016dd2c3f665d5@prksq.com,242,1,2023-02-02,2023-02-02,Angel,male,1,United States,North America,low,high,0,NA,0,NA,NA
f0da8f1116378582e482b5521fefca67@prksq.com,31,1,2023-02-17,2023-02-20,Angel,male,1,United States,North America,high,low,0,NA,0,NA,NA
f0dddb814d559f6f5d9b97fc37d857cb@prksq.com,397,0.57999998,2023-02-17,2023-02-19,Angel,female,1,United States,North America,low,high,0,NA,0,NA,NA
f0e1373924c79512ec532702177264e8@prksq.com,114,0.33000001,2023-02-17,2023-02-17,Angel,male,2,United States,North America,low,low,0,NA,0,NA,NA
f0e2e6d66f393d9e7b7e4c5c340639f3@prksq.com,374,0.75,2023-02-17,2023-02-18,Angel,male,2,United States,North America,low,high,0,NA,0,NA,NA
f0f3285a091c1b7f3c42f4d027c662db@prksq.com,157,0.82999998,2023-02-17,2023-02-18,Angel,male,1,United States,North America,low,low,0,NA,0,NA,NA
f0f7dbdcf4151d92a661e096a2a9efdd@prksq.com,24,0.079999998,2023-02-17,2023-02-17,Venture Capital,male,5,Singapore,East Asia and Pacific,low,high,0,NA,0,NA,NA
f0f9d086803570ff5f5221c380ed6a6b@prksq.com,301,0.33000001,2023-02-17,2023-02-19,Angel,male,2,United States,North America,low,high,0,NA,0,NA,NA
f0fc35516277502ccb50d7894fc89146@prksq.com,31,0.75,2023-02-17,2023-02-17,Angel,male,1,United States,North America,high,high,0,NA,0,NA,NA
f100ea2b081e97f37805fa2451a6287c@prksq.com,94,0.75,2023-02-17,2023-02-21,Angel,male,1,United States,North America,high,low,0,NA,0,NA,NA
f10a720e4e3b1b01060de7dad0644226@prksq.com,39,0.5,2023-01-29,2023-01-29,Angel,male,1,United States,North America,high,low,0,NA,0,NA,NA
f12a3b9a6a598091364c2a116f9982d9@prksq.com,61,0.67000002,2023-02-17,2023-02-17,Angel,male,2,Germany,Europe and Central Asia,low,high,0,no specific reason,1,2023-02-17,0
f12f4c36b7ad2b6fb6efdac6d3c727be@prksq.com,496,0.5,2023-02-17,2023-02-19,Angel,male,1,United States,North America,high,high,0,NA,0,NA,NA
f1736203d4fd83d075d98ba1e6425244@prksq.com,62,0.75,2023-02-17,2023-02-18,Angel,male,1,India,South Asia,low,high,0,NA,0,NA,NA
f1966036f5c94944552d3bcf8d300ad0@prksq.com,334,0.57999998,2023-02-18,2023-02-18,Venture Capital,male,2,United States,North America,low,high,0,NA,0,NA,NA
f19c61b57cc29cc40ebf68056c6abc7c@prksq.com,32,0.82999998,2023-02-18,2023-02-21,Venture Capital,male,4,United States,North America,low,low,0,stage,1,2023-02-21,0
f1a532b6d9f907def291aeeade6b94cc@prksq.com,151,0.67000002,2023-02-17,2023-02-20,Angel,male,1,United States,North America,low,high,0,NA,0,NA,NA
f1b640b5f7ea76a9fd436c1207253141@prksq.com,240,0.33000001,2023-02-18,2023-02-18,Angel,male,1,United States,North America,low,high,0,NA,0,NA,NA
f1bb78a0ae5f7a287c49a05a6c0d24a8@prksq.com,3,1,2023-02-17,2023-02-18,Angel,male,1,United States,North America,low,low,0,NA,0,NA,NA
f1c498f5e58b87d5857145691dc8bd3b@prksq.com,271,1,2023-02-17,2023-02-18,Venture Capital,male,1,Germany,Europe and Central Asia,low,high,0,geography,1,2023-02-18,0
f1c5d86763bc998cfd2e6f468cd330c6@prksq.com,56,0.82999998,2023-02-18,2023-02-20,Angel,male,1,United States,North America,high,high,0,NA,0,NA,NA
f1da3fd2d48f87f26c733ea8cc3d4b55@prksq.com,110,0.5,2023-02-18,2023-02-21,Angel,male,3,United States,North America,low,low,0,no specific reason,1,2023-02-21,0
f1e131d6eee81d2366d2df50affdaaba@prksq.com,375,0.92000002,2023-02-17,2023-02-22,Angel,male,1,United States,North America,high,low,0,NA,0,NA,NA
f1eb639160e6c962e181b83056c25bf0@prksq.com,104,0.92000002,2023-02-18,2023-02-18,Angel,male,4,Israel,Middle East and North Africa,low,high,0,investment strategy,1,2023-02-18,0
f1ed7f738cd1604bec66ab139669eeb0@prksq.com,11,0.82999998,2023-02-17,2023-02-18,Angel,male,1,United States,North America,high,low,0,NA,0,NA,NA
f1f60d456d1ac64f85b5e94e80f4f35a@prksq.com,221,0.17,2023-02-17,2023-02-19,Angel,male,2,United States,North America,high,high,0,no specific reason,1,2023-02-22,0
f20363aeb7f810be8ba543b4fb7a5584@prksq.com,22,0.17,2023-02-17,2023-02-18,Venture Capital,male,3,United Kingdom,Europe and Central Asia,low,low,0,NA,0,NA,NA
f20811e014c239b0b404bf1e7cccee9f@prksq.com,127,1,2023-02-03,2023-02-03,Angel,male,1,Germany,Europe and Central Asia,low,low,0,NA,0,NA,NA
f2198e76aebd28fc35a50a5e4cb1257e@prksq.com,157,0.67000002,2023-02-17,2023-02-18,Angel,male,1,Canada,North America,low,low,0,NA,0,NA,NA
f23925281dbcaa9c4567e15389871a80@prksq.com,195,1,2023-01-30,2023-01-30,Angel,female,2,United States,North America,low,high,0,NA,0,NA,NA
f2468ae03b109fb7639c51dd223aa2c4@prksq.com,340,1,2023-02-18,2023-02-21,Angel,male,1,Germany,Europe and Central Asia,high,high,0,NA,0,NA,NA
f28be6bbccb93f4186b370671d5dd310@prksq.com,22,1,2023-02-18,2023-02-18,Venture Capital,female,10,Israel,Middle East and North Africa,high,high,0,investment strategy,1,2023-02-18,0
f295f62318e31aab0a57168c095d0255@prksq.com,92,1,2023-02-17,2023-02-18,Angel,female,1,United States,North America,low,low,0,NA,0,NA,NA
f2b1d49d6f7f48f460d799288502643b@prksq.com,33,0.5,2023-02-18,2023-02-20,Venture Capital,male,5,United States,North America,high,low,0,stage,1,2023-02-20,0
f2c6aa1802aae6b44677e442f3a1d57e@prksq.com,233,0.41999999,2023-02-17,2023-02-19,Venture Capital,male,3,Germany,Europe and Central Asia,high,high,0,NA,0,NA,NA
f2c833e7427860c97c182585edac545c@prksq.com,407,0.82999998,2023-02-18,2023-02-19,Angel,male,2,United States,North America,low,high,0,industry,1,2023-02-20,0
f2cfa075c645fffebd56c47dbb334e4e@prksq.com,401,1,2023-02-03,2023-02-03,Angel,male,1,United States,North America,high,low,0,NA,0,NA,NA
f2d06ec146a2b55059606be1247e9a02@prksq.com,97,0.57999998,2023-02-18,2023-02-20,Angel,male,2,United Kingdom,Europe and Central Asia,low,low,0,NA,0,NA,NA
f2d46c249eddf5d339a57dfdc89e6bd6@prksq.com,97,0.75,2023-02-01,2023-02-19,Angel,male,1,United States,North America,high,low,0,NA,0,NA,NA
f2dfbd174f158fece738d2296bb13eea@prksq.com,31,0.079999998,2023-02-17,2023-02-17,Angel,male,1,United States,North America,low,high,0,NA,0,NA,NA
f2f2efab620b138648f5a3fffe7f0c1a@prksq.com,52,0.33000001,2023-02-17,2023-02-20,Angel,male,1,United States,North America,low,low,0,NA,0,NA,NA
f2f676ab577bd9e97a9fef2f4ddce683@prksq.com,50,0.57999998,2023-02-06,2023-02-17,Angel,male,4,United States,North America,low,low,0,NA,0,NA,NA
f2fb86f55887e854d9e1c695e9e3d0e9@prksq.com,95,1,2023-02-18,2023-02-20,Angel,male,2,United States,North America,high,high,0,NA,0,NA,NA
f30a3e8d904f74abb88be2e39c7a1354@prksq.com,91,0.92000002,2023-02-17,2023-02-17,Angel,male,2,United States,North America,high,low,0,NA,0,NA,NA
f30f9adf0f8b15ded9a24d5797820e24@prksq.com,389,1,2023-02-18,2023-02-18,Angel,male,1,United Kingdom,Europe and Central Asia,high,high,0,NA,0,NA,NA
f31f0ef6b3ae9a45d65fbd6339a49ce7@prksq.com,308,0.92000002,2023-02-17,2023-02-20,Angel,male,1,United States,North America,high,low,0,NA,0,NA,NA
f31fd550098676c9c5c0af3af0cf8f59@prksq.com,297,0.82999998,2023-02-17,2023-02-17,Angel,male,1,Germany,Europe and Central Asia,high,low,0,no specific reason,1,2023-02-17,0
f3389407a54933e7667dac3dc227ad48@prksq.com,236,0.41999999,2023-02-17,2023-02-20,Venture Capital,male,2,United States,North America,high,low,0,NA,0,NA,NA
f3394151ebd879e3d5f10ed513744848@prksq.com,40,0.5,2023-02-18,2023-02-18,Angel,male,1,United States,North America,low,high,0,NA,0,NA,NA
f35a1956778b6faf278647d1cccbb0cf@prksq.com,131,1,2023-02-18,2023-02-20,Venture Capital,male,4,India,South Asia,low,low,0,no specific reason,1,2023-02-23,0
f389ed34f659a07b49d4da0bb4ee9f12@prksq.com,225,0.5,2023-02-17,2023-02-17,Angel,male,1,United States,North America,low,high,0,NA,0,NA,NA
f39509d00a42690137486766ea76599b@prksq.com,4,0.25,2023-02-17,2023-02-19,Angel,male,1,United States,North America,high,low,0,no specific reason,1,2023-02-19,0
f3ab6488838594f3ac1e7759ccb15203@prksq.com,27,0.41999999,2023-02-17,2023-02-19,Angel,male,2,United States,North America,low,low,0,NA,0,NA,NA
f3b982bbf2e99298baf08a5dd019e89b@prksq.com,396,1,2023-02-17,2023-02-17,Venture Capital,female,2,United Kingdom,Europe and Central Asia,high,low,0,NA,0,NA,NA
f3d76f4f5ab8fa4fee343d8f79bcbb5d@prksq.com,37,0.75,2023-02-06,2023-02-19,Angel,male,1,United States,North America,low,high,0,NA,0,NA,NA
f3d973ab0f99eebed8ef13f77554d2b0@prksq.com,118,0.25,2023-02-17,2023-02-19,Angel,male,1,United States,North America,high,high,0,stage,1,2023-02-19,0
f3e09803db0b396b767b91b15352b3a4@prksq.com,98,0.57999998,2023-02-17,2023-02-17,Venture Capital,female,4,United States,North America,low,high,0,NA,0,NA,NA
f3e9076e61f68c9215d68285ca2beec9@prksq.com,25,0.92000002,2023-02-05,2023-02-05,Angel,male,1,United States,North America,low,low,0,industry,1,2023-02-05,0
f3ed10858f99e391289333a5024e638d@prksq.com,29,0.079999998,2023-02-18,2023-02-18,Angel,male,1,United States,North America,low,low,0,NA,0,NA,NA
f3f17eb87db8d7869d2792638fd5de20@prksq.com,151,0.82999998,2023-02-17,2023-02-17,Angel,male,1,United States,North America,low,high,0,NA,0,NA,NA
f3f5de9f334288a8539c412ba2be4565@prksq.com,91,1,2023-02-17,2023-02-19,Venture Capital,male,5,United Kingdom,Europe and Central Asia,low,high,0,NA,0,NA,NA
f3f76684a11939d95ab5ff122e7c4970@prksq.com,113,1,2023-02-18,2023-02-20,Angel,male,1,United States,North America,high,high,0,NA,0,NA,NA
f406f116f20a5e67fb84a58722cd214c@prksq.com,132,0.67000002,2023-02-17,2023-02-17,Angel,male,1,United States,North America,high,high,0,NA,0,NA,NA
f40ad8e13244a96aba7f2a56264f1b3f@prksq.com,480,0.33000001,2023-02-18,2023-02-23,Venture Capital,male,2,United States,North America,high,high,0,NA,0,NA,NA
f41d6df0b2e5fc8d90b19befa6bf1d09@prksq.com,173,0.33000001,2023-02-17,2023-02-19,Angel,male,1,United States,North America,high,high,0,NA,0,NA,NA
f4242a94db7f3068e06c53d59f5d8c60@prksq.com,28,0.5,2023-02-17,2023-02-19,Angel,male,1,United States,North America,low,low,0,NA,0,NA,NA
f4410962ba65a59754cb83f9708ee677@prksq.com,172,0.57999998,2023-01-30,2023-01-30,Angel,male,2,India,South Asia,high,high,0,stage,1,2023-02-19,0
f449455f9dab026565faab20b069a594@prksq.com,20,0.41999999,2023-02-17,2023-02-17,Angel,male,2,United States,North America,low,low,0,NA,0,NA,NA
f472e577ff0794be7228c6269b76c871@prksq.com,115,0.75,2023-02-18,2023-02-20,Angel,male,1,India,South Asia,high,low,0,NA,0,NA,NA
f475fd32fe4a4f7f3cd9ae9afb1457c8@prksq.com,302,1,2023-02-18,2023-02-19,Angel,male,2,United States,North America,high,low,0,NA,0,NA,NA
f47b748b165ed7911e705e531d779392@prksq.com,9,1,2023-02-18,2023-02-21,Angel,male,1,United States,North America,low,low,0,NA,0,NA,NA
f47d8a84dcce28f955c7c29040ac4e0d@prksq.com,118,0.75,2023-02-17,2023-02-20,Angel,male,1,United States,North America,high,high,0,NA,0,NA,NA
f4939fb0d497a7f2616b832a12004583@prksq.com,147,0.92000002,2023-02-04,2023-02-04,Venture Capital,male,2,United States,North America,low,high,1,more info/clarification,1,2023-02-04,1
f499fb2ef72fb29ecfc560522947ab28@prksq.com,102,1,2023-02-18,2023-02-18,Angel,male,1,United States,North America,low,low,0,NA,0,NA,NA
f49da78371ea1c2236889a7fcfb335dd@prksq.com,107,1,2023-02-18,2023-02-21,Angel,male,1,France,Europe and Central Asia,low,low,0,NA,0,NA,NA
f49f3da2fa8b2ee926939fd36bc3cd94@prksq.com,254,0.33000001,2023-02-17,2023-02-20,Angel,male,1,Canada,North America,high,high,0,investment strategy,1,2023-02-22,0
f4c3f2c0175e6d0027033d272d6398c7@prksq.com,15,0.25,2023-02-17,2023-02-17,Angel,male,1,United States,North America,high,low,0,NA,0,NA,NA
f4ed257057dfdb6a5720b69781e75885@prksq.com,9,0.82999998,2023-02-17,2023-02-20,Angel,male,1,United States,North America,high,high,0,NA,0,NA,NA
f504e65a7ee588ba0a35e5f9c1842bb1@prksq.com,12,0.75,2023-02-18,2023-02-20,Angel,male,1,United States,North America,high,high,0,NA,0,NA,NA
f52a90deecc98d2e253a973a2cd3a81e@prksq.com,77,0.5,2023-02-17,2023-02-19,Angel,male,2,United States,North America,low,low,0,investment strategy,1,2023-02-19,0
f52b99fc197f6375757b0fce375d1e78@prksq.com,40,1,2023-02-18,2023-02-19,Angel,male,2,India,South Asia,low,low,0,NA,0,NA,NA
f52d26ee3f0a7abf6016664f9f6bbdde@prksq.com,254,0.5,2023-02-18,2023-02-20,Angel,male,1,United States,North America,low,high,0,NA,0,NA,NA
f5319f2b307abbd65b78f99aa8947125@prksq.com,17,0.57999998,2023-02-10,2023-02-10,Angel,male,1,United States,North America,low,high,0,NA,0,NA,NA
f55dd34e75e9782b7b72dae294c73942@prksq.com,3,0.75,2023-02-18,2023-02-18,Angel,male,4,United States,North America,high,low,0,industry,1,2023-02-18,0
f56251098b8b8262be4c633df3d1ee87@prksq.com,953,0.079999998,2023-02-18,2023-02-18,Angel,male,1,United States,North America,low,low,0,NA,0,NA,NA
f56c75a3f95bbf76ed621bb23edd600c@prksq.com,185,0.57999998,2023-02-17,2023-02-17,Angel,male,1,United States,North America,high,high,0,no specific reason,1,2023-02-17,0
f5806909058eeb42643247277a78405c@prksq.com,29,0.079999998,2023-02-18,2023-02-18,Angel,male,9,United States,North America,low,low,0,NA,0,NA,NA
f585cff1fc57cbf32ac2745b3c68937f@prksq.com,29,0.079999998,2023-02-17,2023-02-17,Angel,male,1,United States,North America,low,low,0,NA,0,NA,NA
f59aabd0990a33fcdcae5ff3603e885d@prksq.com,37,0.75,2023-02-17,2023-02-20,Angel,male,1,United States,North America,high,high,0,NA,0,NA,NA
f5b73cbd61380b651023b1c7ea7f29c8@prksq.com,137,1,2023-02-18,2023-02-19,Angel,male,1,Canada,North America,low,high,0,NA,0,NA,NA
f5cabb4c59f02a17d7d4e8475faf5c58@prksq.com,316,0.5,2023-02-17,2023-02-20,Angel,male,2,United States,North America,high,high,0,no specific reason,1,2023-02-20,0
f5cae2408793b31a06c044a3e5e634d9@prksq.com,178,0.92000002,2023-01-31,2023-01-31,Angel,male,1,United States,North America,low,high,0,NA,0,NA,NA
f5cc7030f3f1d2f9d2c48effb64379e8@prksq.com,80,0.75,2023-02-18,2023-02-20,Angel,female,1,United States,North America,low,low,0,NA,0,NA,NA
f5e2648883edd5e08260b5696a5ed8bf@prksq.com,52,1,2023-02-18,2023-02-18,Angel,male,2,United States,North America,low,low,0,NA,0,NA,NA
f5ef2c5049ba3077c06efb9dc229b530@prksq.com,120,0.079999998,2023-02-18,2023-02-21,Angel,female,1,United States,North America,low,low,0,stage,1,2023-02-21,0
f601a06f0cc8df2ca4937a130fde28bb@prksq.com,14,0.75,2023-02-02,2023-02-17,Angel,female,2,United States,North America,high,high,0,NA,0,NA,NA
f647834c57a997d25dd5ab33bdc38e39@prksq.com,42,0.41999999,2023-02-17,2023-02-20,Angel,male,1,United States,North America,low,high,0,NA,0,NA,NA
f662607d7c1404cd61beeff08bf26a7a@prksq.com,128,0.5,2023-02-07,2023-02-22,Venture Capital,male,29,India,South Asia,low,high,0,no specific reason,1,2023-02-22,0
f670b9d6274156fb706c969a03485321@prksq.com,108,0.17,2023-02-18,2023-02-21,Angel,male,1,United Kingdom,Europe and Central Asia,high,high,0,NA,0,NA,NA
f67ffe8b28f98421411eaf125d250299@prksq.com,156,1,2023-02-18,2023-02-19,Venture Capital,male,2,United States,North America,low,low,0,NA,0,NA,NA
f68046b7aef103e78de837495d7233b0@prksq.com,63,0.5,2023-02-17,2023-02-19,Venture Capital,male,3,France,Europe and Central Asia,high,low,0,NA,0,NA,NA
f6874ec84ffbfd53178ba461d0ca13a7@prksq.com,141,0.82999998,2023-02-17,2023-02-19,Angel,male,2,United States,North America,low,low,0,NA,0,NA,NA
f695ccd3c5e2ba6cf33bc64e568747b9@prksq.com,102,0.75,2023-02-18,2023-02-20,Angel,male,1,India,South Asia,low,high,0,no specific reason,1,2023-02-20,0
f6ac4aec98ebf24d645ae612652139cd@prksq.com,129,0.75,2023-01-31,2023-01-31,Angel,male,1,United States,North America,high,high,0,NA,0,NA,NA
f6c22237545d3fc640e50ed3e8a58a66@prksq.com,200,1,2023-02-18,2023-02-19,Venture Capital,male,4,United States,North America,low,high,0,NA,0,NA,NA
f6e209ff719cf89faf7a9a07054cc0a2@prksq.com,308,0.92000002,2023-02-18,2023-02-20,Venture Capital,male,3,China,East Asia and Pacific,low,high,0,NA,0,NA,NA
f6e39cb5403ca66c69bf72968b2c8794@prksq.com,30,0.75,2023-02-18,2023-02-18,Angel,male,1,United States,North America,high,low,0,no specific reason,1,2023-02-18,0
f6e8ac468f994b45eb01c12c066d0c53@prksq.com,106,1,2023-02-18,2023-02-21,Venture Capital,male,3,United Kingdom,Europe and Central Asia,high,high,0,NA,0,NA,NA
f6fa0de0aba48186d36770e02a479fc3@prksq.com,103,0.41999999,2023-02-18,2023-02-20,Angel,male,1,United Kingdom,Europe and Central Asia,low,low,0,NA,0,NA,NA
f708f8a35228adc0ee122b8553770a3e@prksq.com,104,0.5,2023-02-18,2023-02-19,Venture Capital,male,2,Germany,Europe and Central Asia,low,high,0,NA,0,NA,NA
f71628d4a9271bfdf9a78500402f66fa@prksq.com,215,1,2023-02-18,2023-02-20,Angel,male,1,United States,North America,low,high,0,stage,1,2023-02-22,0
f716ee60fa8690a5f786b3cf158e3efd@prksq.com,89,1,2023-02-18,2023-02-18,Angel,male,1,United States,North America,high,high,0,NA,0,NA,NA
f7280fe2e70653d6394c21cc37ea738d@prksq.com,11,0.82999998,2023-02-18,2023-02-22,Angel,male,1,United States,North America,low,high,0,NA,0,NA,NA
f7515a56d5e151646635dd68cf4ee6a0@prksq.com,3,0.33000001,2023-02-18,2023-02-18,Venture Capital,female,3,United States,North America,low,high,0,NA,0,NA,NA
f7625e946cb5cb1fbb5d142cdf72490a@prksq.com,199,0.57999998,2023-02-18,2023-02-21,Angel,male,1,United Kingdom,Europe and Central Asia,high,high,0,NA,0,NA,NA
f767acf2da939d54967d8001240e956e@prksq.com,19,0.67000002,2023-02-18,2023-02-19,Angel,male,1,Singapore,East Asia and Pacific,low,low,0,no specific reason,1,2023-02-19,0
f7774f0691fa5d7d0384432d397918f5@prksq.com,131,0.75,2023-02-18,2023-02-20,Venture Capital,male,4,United States,North America,low,high,0,NA,0,NA,NA
f78d94e5699c052e7ad439fa616ef23c@prksq.com,189,0.57999998,2023-02-18,2023-02-19,Angel,male,1,United States,North America,high,high,0,NA,0,NA,NA
f7b15181664613b71f24673996f02743@prksq.com,13,1,2023-02-18,2023-02-20,Angel,male,1,Israel,Middle East and North Africa,low,low,0,NA,0,NA,NA
f7c2cdf643411399ddf75e7843fe51ec@prksq.com,119,1,2023-02-18,2023-02-19,Angel,male,1,United States,North America,high,high,0,NA,0,NA,NA
f7deba0267a223a90cf6ccb392768c8d@prksq.com,89,1,2023-02-18,2023-02-18,Angel,male,1,United States,North America,high,low,0,NA,0,NA,NA
f81177ee0311c08e3507d2068be9ff61@prksq.com,72,0.75,2023-02-18,2023-02-18,Angel,male,2,Canada,North America,low,high,0,NA,0,NA,NA
f819609b6b8bac233e55e6ddd51496fa@prksq.com,567,1,2023-02-18,2023-02-20,Angel,female,1,United States,North America,high,high,0,NA,0,NA,NA
f819922cb070e4ad99a39cc82e1eb2fb@prksq.com,21,1,2023-02-18,2023-02-21,Angel,male,2,United States,North America,high,high,0,industry,1,2023-02-21,0
f8357fbb9fb1c8a2e1d436efb1449c29@prksq.com,13,1,2023-02-18,2023-02-18,Angel,male,1,United States,North America,low,high,0,NA,0,NA,NA
f83b2aa6e69e1ef8284e3b3d5da4d790@prksq.com,31,0.079999998,2023-02-18,2023-02-18,Angel,female,1,United States,North America,high,low,0,NA,0,NA,NA
f8402f61785161b6d2ca8ef69566409d@prksq.com,432,1,2023-02-18,2023-02-18,Angel,male,2,United States,North America,low,low,0,no specific reason,1,2023-02-19,0
f84db2550701266a9a44856ff061e960@prksq.com,162,0.5,2023-02-18,2023-02-18,Angel,male,1,United States,North America,high,low,0,no specific reason,1,2023-02-21,0
f8540a033e01fc38f5fd21df75ccaf54@prksq.com,26,0.25,2023-02-18,2023-02-21,Angel,male,1,United States,North America,low,low,0,NA,0,NA,NA
f8755043bfd53244e174519b8affe8fa@prksq.com,29,0.079999998,2023-02-18,2023-02-18,Angel,male,1,United States,North America,high,high,0,industry,1,2023-02-18,0
f8b23e03f845efe766663247ce725ead@prksq.com,85,0.57999998,2023-02-18,2023-02-23,Angel,male,1,United States,North America,low,low,0,NA,0,NA,NA
f8cec32bdd08cdbb698f649c0e276abf@prksq.com,115,1,2023-02-03,2023-02-03,Angel,male,1,United States,North America,low,high,0,NA,0,NA,NA
f8f45b180aa8bf6a2ed294f0154b26c4@prksq.com,138,1,2023-01-30,2023-01-30,Angel,male,1,United States,North America,high,high,0,NA,0,NA,NA
f912171abed46fb4de0ec83a42fb2ade@prksq.com,5,0.92000002,2023-02-18,2023-02-18,Angel,female,1,United States,North America,low,high,0,geography,1,2023-02-18,0
f912859569a23de25c85fe976a64d5db@prksq.com,204,1,2023-02-18,2023-02-18,Venture Capital,male,5,United States,North America,high,low,0,NA,0,NA,NA
f91bb9c0c6624b6174ba41c14b77240e@prksq.com,39,0.82999998,2023-02-18,2023-02-21,Angel,male,2,United States,North America,low,low,0,NA,0,NA,NA
f9316f7b7faa4fc9e97f78ef8b0c6199@prksq.com,501,0.75,2023-02-18,2023-02-20,Venture Capital,male,5,United Kingdom,Europe and Central Asia,high,high,0,NA,0,NA,NA
f94282f118d1ef4ecb74c8c5a78dbbc4@prksq.com,45,0.25,2023-02-18,2023-02-18,Angel,male,2,United States,North America,high,low,0,NA,0,NA,NA
f94b29ff3ca342bb140eae4f37cd53b8@prksq.com,30,0.92000002,2023-01-30,2023-02-19,Angel,male,1,United States,North America,low,low,0,stage,1,2023-02-19,0
f954a9ad21f17816964c7966c7436a21@prksq.com,10,0.079999998,2023-02-18,2023-02-18,Angel,male,1,United States,North America,low,low,0,NA,0,NA,NA
f9659e6cbd0b1a80a66673f33f56e5ff@prksq.com,84,0.82999998,2023-02-18,2023-02-18,Angel,male,3,United States,North America,low,high,0,geography,1,2023-02-18,0
f9740c690c7e183fd67acfae0fd27fdb@prksq.com,281,1,2023-02-01,2023-02-01,Angel,male,1,United States,North America,low,low,0,industry,1,2023-02-20,0
f981cb3c0c90c4cb367aadbd632d8ed3@prksq.com,42,1,2023-02-18,2023-02-18,Angel,male,1,United States,North America,low,low,0,NA,0,NA,NA
f982bf3bd6a5ee47107a7a4f5601a116@prksq.com,26,0.5,2023-02-18,2023-02-21,Angel,male,1,United States,North America,low,low,0,industry,1,2023-02-23,0
f995b0e51e0443109c24a4d2e916ca0e@prksq.com,271,0.57999998,2023-02-18,2023-02-19,Angel,male,1,United States,North America,low,high,0,NA,0,NA,NA
f99705902c4409075ae72d85cd4768a3@prksq.com,215,0.17,2023-02-18,2023-02-20,Angel,female,1,United States,North America,low,high,0,NA,0,NA,NA
f9a208ce7d07d7c0e6d0aec7df65d1fb@prksq.com,29,0.079999998,2023-02-18,2023-02-18,Angel,male,1,United States,North America,low,low,0,NA,0,NA,NA
f9bdd8739aca667cff53294365a9a44f@prksq.com,67,1,2023-02-04,2023-02-04,Angel,male,1,United States,North America,high,high,0,no specific reason,1,2023-02-21,0
f9d4c1ed563ca8a26ef93b9e9150d1be@prksq.com,209,0.5,2023-02-18,2023-02-18,Angel,male,1,United States,North America,low,high,0,industry,1,2023-02-18,0
f9dbb174f77f3ea40277bfb09075017e@prksq.com,56,0.41999999,2023-02-18,2023-02-20,Angel,male,1,United States,North America,high,low,0,NA,0,NA,NA
f9f81ff94724b91148f332234cc47a01@prksq.com,40,0.079999998,2023-02-18,2023-02-21,Angel,male,1,United States,North America,high,low,0,industry,1,2023-02-22,0
fa047870f3dec9be55d7d6ee361f1b5a@prksq.com,9,1,2023-02-18,2023-02-21,Angel,male,1,United States,North America,high,low,0,NA,0,NA,NA
fa0606e11d9c9c9567dbfe5e6b73957e@prksq.com,321,0.92000002,2023-02-18,2023-02-19,Venture Capital,female,4,United States,North America,high,high,0,NA,0,NA,NA
fa0cc626861ee1f352b431465fe3e565@prksq.com,129,0.75,2023-02-18,2023-02-21,Angel,male,1,United States,North America,low,low,0,NA,0,NA,NA
fa219de78fbb167565ad1fbf0157afd9@prksq.com,48,0.33000001,2023-02-18,2023-02-18,Angel,male,1,Singapore,East Asia and Pacific,low,low,0,NA,0,NA,NA
fa221ab92ccb94e77c7de6e783715738@prksq.com,297,0.67000002,2023-02-08,2023-02-08,Angel,male,1,United States,North America,high,low,0,no specific reason,1,2023-02-20,0
fa30209a2790f42f5f713601c62fd22a@prksq.com,141,0.82999998,2023-02-18,2023-02-18,Angel,male,1,United States,North America,high,low,0,no specific reason,1,2023-02-19,0
fa4d5fb376ff8462c3237b4b4d765403@prksq.com,113,0.079999998,2023-02-18,2023-02-18,Angel,male,1,United States,North America,low,low,0,stage,1,2023-02-18,0
fa58a1e6ffdf3ea7e8ee49ba063d02bf@prksq.com,63,0.82999998,2023-02-18,2023-02-23,Angel,female,1,United States,North America,high,low,0,NA,0,NA,NA
fa73adcd41247329d8f44d2de8dfcd4b@prksq.com,32,0.92000002,2023-02-18,2023-02-20,Angel,male,2,Singapore,East Asia and Pacific,high,high,0,industry,1,2023-02-20,0
fa77ab3d8234f59877b173e29ad01411@prksq.com,68,0.57999998,2023-02-18,2023-02-18,Angel,male,1,United Kingdom,Europe and Central Asia,high,low,0,NA,0,NA,NA
fa78e6cfed6296f77898c67204b58205@prksq.com,306,0.92000002,2023-02-09,2023-02-09,Angel,male,1,United Kingdom,Europe and Central Asia,low,low,0,NA,0,NA,NA
fa8d17730fa6f5438ff389a4d05c23ca@prksq.com,188,0.75,2023-02-18,2023-02-20,Angel,male,1,United States,North America,high,low,0,NA,0,NA,NA
faa6212da626d834baad07d4720cba92@prksq.com,61,1,2023-02-18,2023-02-19,Angel,male,1,United States,North America,high,low,0,NA,0,NA,NA
fabeec71eb9708f5d1aba57e2447d477@prksq.com,126,0.92000002,2023-02-18,2023-02-20,Angel,female,2,United States,North America,low,low,0,NA,0,NA,NA
fabf14309a0b9e7d6a135ea5fdfbc81d@prksq.com,135,0.75,2023-02-18,2023-02-21,Angel,male,1,United States,North America,high,high,0,NA,0,NA,NA
face7f88d6d4cc7cb3add9d969de08e5@prksq.com,65,0.75,2023-02-18,2023-02-18,Angel,male,1,United States,North America,low,low,0,NA,0,NA,NA
fadd6343f12e9de4f439e3ba97f172a5@prksq.com,380,1,2023-01-29,2023-01-29,Angel,male,1,United Kingdom,Europe and Central Asia,high,high,0,NA,0,NA,NA
fae8387b677c5cc5462ae4134dd6d296@prksq.com,204,0.5,2023-02-18,2023-02-20,Angel,male,11,United States,North America,low,high,0,NA,0,NA,NA
fb19fc7781a46534816f2b003107c528@prksq.com,221,0.41999999,2023-02-18,2023-02-21,Angel,male,2,United States,North America,high,low,0,NA,0,NA,NA
fb1e6526ffb90165d0537e399604db38@prksq.com,57,1,2023-02-18,2023-02-19,Venture Capital,male,1,Canada,North America,high,high,0,NA,0,NA,NA
fb331133d377ddc6f363452612df2ea8@prksq.com,34,0.25,2023-02-18,2023-02-19,Angel,male,1,France,Europe and Central Asia,low,low,0,NA,0,NA,NA
fb415d62f284c32ff3c3655013c40eba@prksq.com,11,0.92000002,2023-02-18,2023-02-19,Angel,male,2,United States,North America,low,high,0,no specific reason,1,2023-02-19,0
fb5f20081c02cc7adfed0b3c6e863bad@prksq.com,113,0.67000002,2023-02-18,2023-02-19,Angel,male,1,United States,North America,low,high,0,stage,1,2023-02-19,0
fb69f7cfc949fdc620a464f7ac87e901@prksq.com,6,0.67000002,2023-01-29,2023-01-29,Angel,male,1,United States,North America,high,low,0,NA,0,NA,NA
fb8017a8f6cd0efcd8597878ad69f368@prksq.com,119,0.75,2023-02-19,2023-02-23,Venture Capital,male,2,United States,North America,low,high,0,NA,0,NA,NA
fb9133bea4d345da7e6008cd948e23f8@prksq.com,81,0.33000001,2023-02-19,2023-02-21,Angel,male,1,United States,North America,high,low,0,stage,1,2023-02-21,0
fb92620579d59c1d2fe186f48ee59167@prksq.com,202,0.82999998,2023-02-01,2023-02-01,Angel,male,21,United States,North America,high,high,0,NA,0,NA,NA
fb9fdc13be56ba25ac991c2e83cb4a9e@prksq.com,65,0.82999998,2023-02-19,2023-02-23,Angel,male,1,United States,North America,high,low,0,NA,0,NA,NA
fbab66f53e6e1f97855e6011c2f84326@prksq.com,91,1,2023-02-19,2023-02-20,Venture Capital,male,3,United States,North America,high,high,0,NA,0,NA,NA
fbb31cd04012d71273d6b4d87e703323@prksq.com,143,0.75,2023-02-19,2023-02-20,Venture Capital,male,5,United States,North America,low,high,0,NA,0,NA,NA
fbdf7f3ef5dd3dd4ceb8c3a850bd82bc@prksq.com,133,0.57999998,2023-02-19,2023-02-22,Venture Capital,female,5,United States,North America,low,low,0,no investments,1,2023-02-22,0
fbef6a37f0e6c564d1bb4d4322ddf72d@prksq.com,163,1,2023-02-19,2023-02-22,Angel,male,1,Israel,Middle East and North Africa,low,low,0,NA,0,NA,NA
fbf3111a9f30f65100c807333ca9aebc@prksq.com,107,0.33000001,2023-02-19,2023-02-20,Venture Capital,male,5,United Kingdom,Europe and Central Asia,high,high,0,NA,0,NA,NA
fbf729270bd8e23b0b22043df4b77483@prksq.com,299,0.33000001,2023-02-19,2023-02-20,Angel,male,1,United States,North America,low,high,0,NA,0,NA,NA
fbfdb7576c27691787b71c3a54aefff4@prksq.com,31,0.25,2023-02-19,2023-02-19,Angel,male,1,United States,North America,low,high,0,NA,0,NA,NA
fc0445d616e2eff328652cd20873f50a@prksq.com,65,0.67000002,2023-02-19,2023-02-19,Angel,male,1,United States,North America,high,high,0,NA,0,NA,NA
fc0a92b0a8e450fb2581be64a2ecc6bd@prksq.com,62,0.079999998,2023-02-19,2023-02-19,Angel,male,2,United States,North America,low,high,0,NA,0,NA,NA
fc1c2ed57de654c6fb5bc650911ea2a5@prksq.com,440,0.92000002,2023-02-01,2023-02-01,Angel,male,1,United States,North America,high,high,0,NA,0,NA,NA
fc247e336ff03e3341250bd7e32aa617@prksq.com,67,1,2023-02-19,2023-02-20,Venture Capital,male,4,United States,North America,high,high,0,other,1,2023-02-21,0
fc3bdcea0b632d19936cbf3f1f187d13@prksq.com,190,0.41999999,2023-02-19,2023-02-22,Angel,male,1,Singapore,East Asia and Pacific,high,low,0,NA,0,NA,NA
fc40ce5f37a4629e629e29769ec57b3f@prksq.com,24,0.079999998,2023-02-19,2023-02-19,Angel,female,1,India,South Asia,low,low,0,NA,0,NA,NA
fc44940b3c38009d7113c7b48af6091d@prksq.com,424,1,2023-02-19,2023-02-19,Angel,male,1,United States,North America,low,high,0,NA,0,NA,NA
fc53a18368bdb70ee047379d5a944dbf@prksq.com,62,0.079999998,2023-02-19,2023-02-19,Angel,male,1,United States,North America,low,high,1,meeting,1,2023-02-19,1
fc55357964bc34629586e2810de660c6@prksq.com,137,0.5,2023-02-19,2023-02-21,Angel,male,1,United States,North America,low,low,0,NA,0,NA,NA
fc6eceac24a619b438de67fb58a55d11@prksq.com,81,0.33000001,2023-02-19,2023-02-21,Angel,male,1,United States,North America,high,low,0,NA,0,NA,NA
fc7d82a8971187764f802482603dfc6e@prksq.com,7,0.33000001,2023-02-19,2023-02-19,Angel,male,2,United States,North America,high,low,0,NA,0,NA,NA
fc98780e66e99921c37fb643b216acd7@prksq.com,59,1,2023-02-19,2023-02-21,Venture Capital,male,4,United States,North America,high,high,0,NA,0,NA,NA
fc9ae11647363f4fc0fcec37141a8f55@prksq.com,111,1,2023-02-19,2023-02-20,Angel,female,1,United States,North America,low,low,0,NA,0,NA,NA
fc9d35708a895e937e0f86122efdab72@prksq.com,246,0.5,2023-02-19,2023-02-22,Angel,male,1,United States,North America,high,high,0,NA,0,NA,NA
fca7c82c55678d8e92e098c3557fc963@prksq.com,26,0.57999998,2023-02-19,2023-02-22,Angel,female,1,Canada,North America,high,high,0,NA,0,NA,NA
fcc222a4d5a80fd54e91a0c43066646a@prksq.com,29,0.079999998,2023-02-19,2023-02-19,Angel,female,1,United States,North America,low,low,0,NA,0,NA,NA
fcd04e4ed6a2bb7e69aa51e2413df9d6@prksq.com,68,0.5,2023-02-19,2023-02-19,Angel,male,1,United States,North America,low,high,0,NA,0,NA,NA
fce42f2384bcccf1fe8846b5ac53806b@prksq.com,29,0.079999998,2023-02-19,2023-02-19,Angel,male,1,United States,North America,low,low,0,geography,1,2023-02-19,0
fcf1df49c89975b88f9e1f490f8a764f@prksq.com,49,0.92000002,2023-02-19,2023-02-24,Angel,male,2,United States,North America,low,low,0,NA,0,NA,NA
fd057de483366a375fc8b91b6889e46c@prksq.com,138,1,2023-02-03,2023-02-03,Angel,male,1,United States,North America,high,high,0,NA,0,NA,NA
fd12ebd4ab8b7362b46a704f5c57e4b2@prksq.com,85,0.5,2023-02-19,2023-02-20,Angel,male,1,United States,North America,low,low,0,NA,0,NA,NA
fd22b5992ea1e3cba28098a1495ee3a9@prksq.com,53,0.25,2023-02-06,2023-02-20,Angel,male,2,United States,North America,low,low,0,NA,0,NA,NA
fd2bd61bcca67f7abd76cc064789f6fc@prksq.com,62,0.25,2023-02-19,2023-02-21,Angel,male,1,United States,North America,low,high,0,investment strategy,1,2023-02-21,0
fd5845632856872ea59b3a4c68f7544c@prksq.com,17,0.82999998,2023-02-19,2023-02-22,Angel,male,1,United States,North America,high,high,0,NA,0,NA,NA
fd5a10db0b02357420060fda195293e3@prksq.com,11,0.75,2023-02-19,2023-02-20,Angel,male,1,United States,North America,high,low,0,NA,0,NA,NA
fd626fbc89f768933f71b46418ee8146@prksq.com,157,1,2023-02-19,2023-02-19,Angel,male,1,United States,North America,low,low,0,NA,0,NA,NA
fd6f5c0d10950aa5b02e6b0e3667d916@prksq.com,140,0.82999998,2023-02-19,2023-02-19,Angel,male,1,Singapore,East Asia and Pacific,high,high,0,no investments,1,2023-02-19,0
fd8acb7156cc06ce017aacf33dc327a2@prksq.com,203,0.82999998,2023-02-19,2023-02-19,Angel,male,1,Brazil,Latin America and Caribbean,low,high,0,NA,0,NA,NA
fdb25ca7580e18bb274160c47ff786d6@prksq.com,29,0.079999998,2023-02-19,2023-02-19,Angel,male,1,United States,North America,high,high,0,NA,0,NA,NA
fdbdd0df8a1509dc89aa9a31f4d7c449@prksq.com,342,1,2023-02-19,2023-02-21,Venture Capital,male,15,United States,North America,high,high,0,NA,0,NA,NA
fdfe19c00fbbda293f36a66ee5db1b25@prksq.com,169,0.33000001,2023-02-19,2023-02-19,Angel,female,1,United States,North America,low,low,0,geography,1,2023-02-19,0
fe22c4c35fdee658bc608ac3e06f6572@prksq.com,168,1,2023-02-19,2023-02-20,Angel,male,2,United States,North America,high,high,0,NA,0,NA,NA
fe394bd7bd911bfb91281293d484934b@prksq.com,236,0.92000002,2023-02-19,2023-02-20,Angel,male,1,United States,North America,high,high,0,NA,0,NA,NA
fe3ba849fd6c80380284869b56a3e249@prksq.com,118,0.82999998,2023-02-19,2023-02-21,Angel,male,1,United States,North America,high,high,0,NA,0,NA,NA
fe5832904f4573e3397e21e946ee1c9c@prksq.com,155,0.079999998,2023-02-19,2023-02-19,Angel,male,1,United States,North America,low,high,0,NA,0,NA,NA
fe5c3a182dca10ca8b64129342b0bf3e@prksq.com,242,0.92000002,2023-02-19,2023-02-19,Angel,male,1,United States,North America,high,high,0,NA,0,NA,NA
fe5fcdc68456dbfe79e67646bfdf2d0e@prksq.com,29,0.079999998,2023-02-19,2023-02-19,Angel,male,1,United States,North America,low,low,0,NA,0,NA,NA
fe6099356a93be7e4f54967634700ac9@prksq.com,6,0.82999998,2023-02-03,2023-02-03,Angel,male,1,United States,North America,high,low,0,no specific reason,1,2023-02-03,0
fe697ff3c50eff73beba3718e6ee89ff@prksq.com,31,0.079999998,2023-02-19,2023-02-19,Angel,female,1,United States,North America,low,high,0,NA,0,NA,NA
fe7d1f6d3342ec68971316fa844605b3@prksq.com,51,1,2023-02-19,2023-02-22,Angel,male,1,United Kingdom,Europe and Central Asia,high,high,0,NA,0,NA,NA
fe8b809fcac803a35e621101dc232657@prksq.com,24,0.67000002,2023-02-19,2023-02-19,Angel,male,1,United States,North America,high,high,0,NA,0,NA,NA
fe935151744682811431bc2a1f7fbed9@prksq.com,29,0.079999998,2023-02-19,2023-02-19,Angel,male,1,India,South Asia,high,high,0,NA,0,NA,NA
fea39a52e93d2b11d7888ae73d17179c@prksq.com,29,0.079999998,2023-02-19,2023-02-21,Angel,male,1,United States,North America,high,low,0,geography,1,2023-02-21,0
feaeafc1179d27d6b60637f7f01b110f@prksq.com,111,0.82999998,2023-02-19,2023-02-20,Angel,male,1,United States,North America,low,high,0,NA,0,NA,NA
feb21831b9a79b7788f1473cb42c4e89@prksq.com,159,0.92000002,2023-01-30,2023-01-30,Angel,male,1,United States,North America,high,high,0,NA,0,NA,NA
feb6445f79891678e84f49684f4ea303@prksq.com,8,0.67000002,2023-02-19,2023-02-21,Angel,male,1,United States,North America,high,low,0,NA,0,NA,NA
fec4adcad851c91ae0a564c5674acae7@prksq.com,35,0.75,2023-02-08,2023-02-08,Venture Capital,male,1,United States,North America,low,high,0,NA,0,NA,NA
fed9805147eee2ac9b52a9923c9d991c@prksq.com,11,0.079999998,2023-02-19,2023-02-19,Angel,male,1,United States,North America,high,low,0,no specific reason,1,2023-02-19,0
fef607b79b5b47fc3fa3670be534c6e3@prksq.com,316,0.25,2023-02-19,2023-02-19,Angel,male,1,United States,North America,low,low,0,NA,0,NA,NA
fef9808dbc5fc14c801b9f307b590ecb@prksq.com,276,0.25,2023-02-19,2023-02-22,Angel,male,1,United States,North America,high,low,0,NA,0,NA,NA
fefa80cf4ca77f4bce8fc3f894bf16f8@prksq.com,62,0.57999998,2023-02-19,2023-02-22,Angel,male,1,United States,North America,low,low,0,NA,0,NA,NA
ff0fc94bf3ce9bea6cab7e5a3aa830d3@prksq.com,777,1,2023-02-19,2023-02-22,Angel,male,1,Canada,North America,high,high,0,NA,0,NA,NA
ff1e7e91b28fb47ed8c1c6e17209ec36@prksq.com,193,0.57999998,2023-02-19,2023-02-21,Angel,male,1,United States,North America,low,low,0,NA,0,NA,NA
ff255c3eeb8f2cf77117878052046db2@prksq.com,101,0.75,2023-02-19,2023-02-20,Angel,male,1,United States,North America,low,low,0,NA,0,NA,NA
ff369cf8c0bc86c5f817ab496b26441c@prksq.com,37,0.57999998,2023-02-19,2023-02-20,Angel,male,1,United States,North America,high,low,0,no specific reason,1,2023-02-20,0
ff4c7371100989f1ce4455e5a1d733fd@prksq.com,480,1,2023-02-19,2023-02-20,Angel,male,1,United States,North America,low,high,0,NA,0,NA,NA
ff73c6ef09651ed570904cbf0bc93e6c@prksq.com,323,0.5,2023-02-19,2023-02-22,Angel,male,1,United States,North America,low,high,0,NA,0,NA,NA
ff777a7501e26dc347051abf4672a29d@prksq.com,204,0.82999998,2023-02-19,2023-02-20,Angel,male,1,United States,North America,high,high,0,NA,0,NA,NA
ff8127ff6b1e8a597d746b4261ce1a6a@prksq.com,169,1,2023-02-19,2023-02-20,Venture Capital,male,2,United States,North America,low,low,0,NA,0,NA,NA
ff86271e0a53ff88fd3f49ac184693f9@prksq.com,71,0.67000002,2023-02-19,2023-02-19,Angel,male,2,United States,North America,high,high,0,no specific reason,1,2023-02-20,0
ff93591d3a687e5ad7e2c517e71f53d8@prksq.com,62,0.079999998,2023-02-19,2023-02-19,Angel,female,3,United States,North America,high,low,0,geography,1,2023-02-19,0
ff9bfa5f95ba16cb6b3c3a4357deb48e@prksq.com,31,0.079999998,2023-02-19,2023-02-19,Venture Capital,male,3,United States,North America,low,high,0,NA,0,NA,NA
ffa6de358ed740f1cdd91b0bfea0c9bd@prksq.com,29,0.079999998,2023-02-19,2023-02-19,Venture Capital,male,5,United States,North America,low,low,0,NA,0,NA,NA
ffa919eff2b77b5dc76f795a3d49edec@prksq.com,20,0.82999998,2023-02-19,2023-02-20,Venture Capital,female,15,United States,North America,low,low,0,NA,0,NA,NA
ffbb0ea9eb35b7801b8977592116ce9e@prksq.com,261,0.75,2023-02-19,2023-02-22,Angel,male,1,United States,North America,high,high,0,NA,0,NA,NA
ffc501c76eed139d0648c0c5c273ad6e@prksq.com,113,1,2023-02-19,2023-02-23,Angel,male,2,United States,North America,high,low,0,NA,0,NA,NA
ffce0d9166844b8b81136dc83c8a16c3@prksq.com,29,0.67000002,2023-02-19,2023-02-20,Angel,male,1,Brazil,Latin America and Caribbean,low,low,0,NA,0,NA,NA
ffd0a36174b68ec2b2051cde04fb63c7@prksq.com,156,0.92000002,2023-02-19,2023-02-21,Angel,male,1,France,Europe and Central Asia,low,low,0,NA,0,NA,NA
