ID,condition,condition_subgroup,pattern,sequence,slot_hq_hf,slot_lq_hf,slot_hq_lf,slot_lq_lf,venture_hq_hf,venture_lq_hf,venture_hq_lf,venture_lq_lf,deck_hq_hf,deck_lq_hf,deck_hq_lf,deck_lq_lf,sector_hq_hf,sector_lq_hf,sector_hq_lf,sector_lq_lf,position_hq_hf,position_lq_hf,position_hq_lf,position_lq_lf,rating_position_hq_hf,rating_position_lq_hf,rating_position_hq_lf,rating_position_lq_lf,allocation_position_hq_hf,allocation_position_lq_hf,allocation_position_hq_lf,allocation_position_lq_lf,rating_hq_hf,rating_lq_hf,rating_hq_lf,rating_lq_lf,allocation_hq_hf,allocation_lq_hf,allocation_hq_lf,allocation_lq_lf,recovery_correct_hq_hf,recovery_correct_lq_hf,recovery_correct_hq_lf,recovery_correct_lq_lf,fluency_contrast_rating,quality_contrast_rating,fluency_contrast_allocation,quality_contrast_allocation,ease_hq_hf,ease_lq_hf,ease_hq_lf,ease_lq_lf,rating_all_hq_hf,rating_all_lq_hf,rating_all_hq_lf,rating_all_lq_lf,belief_quality,belief_founders,recovery_answer_hq_hf,recovery_answer_lq_hf,recovery_answer_hq_lf,recovery_answer_lq_lf,viewtime_hq_hf,viewtime_lq_hf,viewtime_hq_lf,viewtime_lq_lf,pagetime_hq_hf,pagetime_lq_hf,pagetime_hq_lf,pagetime_lq_lf,slides_seen_hq_hf,slides_seen_lq_hf,slides_seen_hq_lf,slides_seen_lq_lf,images_ok_hq_hf,images_ok_lq_hf,images_ok_hq_lf,images_ok_lq_lf,invalid_hq_hf,invalid_lq_hf,invalid_hq_lf,invalid_lq_lf,comprehension_attempts,comprehension_failed_all,incentive_attempts,age,gender,invest_experience,investment_types,ethnicity,country,nationality,employment,suspicion_probe,funnel_about,duration_study,viewport_width,viewport_height
1,disclosure,5,7,hq_first,1,3,2,4,Sentyl,Servora,Axonmesh,Curato,bcd14e91,e55a120c,e6065b1a,14efa601,AI Security,AI Inference Infrastructure,Robotics Orchestration,AI Training Data,1,3,2,4,4,1,2,3,3,1,2,4,2,2,2,2,25,25,25,25,1,1,0,0,0,0,0,0,100,100,97,98,2,2,2,2,1,1,"It has completed a SOC 2 Type II audit, with the report available in its data room.",Its patent filing is a provisional application that is still pending.,Its deployment to date is one pilot fleet running daily at a single design partner's warehouse.,Its founders built data infrastructure together at a leading AI-data company and left senior roles to work on Curato full-time.,43.3,38.8,39.1,15.2,43.116,42.301,39.06,14.818,14,14,14,14,TRUE,TRUE,TRUE,TRUE,FALSE,FALSE,FALSE,FALSE,2,FALSE,1,45,Male,10,"Crowdfunding, Other",White,United Kingdom,United Kingdom,Full-Time,Yes,Effect of some aspect of design over impressions of the companies.,357,1920,1067
2,disclosure_explanation,7,2,hq_first,1,3,2,4,Curato,Foliant,Ironhall,Pulsegrid,6b81ec39,08321160,87b7dfe9,e7f29679,AI Training Data,Enterprise Knowledge Retrieval,Edge-AI Hardware,AI Observability,1,3,2,4,4,2,1,3,4,1,3,2,6,5,3,6,60,20,10,10,1,0,0,1,1,-1,30,20,93,69,56,46,6,5,3,6,5,1,Its founders built data infrastructure together at a leading AI-data company and left senior roles to work on Curato full-time.,A bank customer has rolled Foliant out organization-wide after a successful pilot.,"Its industrial certification is still in testing, and its first module is installing on a pilot line this quarter.","It is pre-revenue, with an open-beta cohort scheduled to start next month.",129,125.5,125.5,111.6,128.92,125.373,125.527,111.718,14,14,14,14,TRUE,TRUE,TRUE,TRUE,FALSE,FALSE,FALSE,FALSE,1,FALSE,1,31,Male,5,"Stock Market, Private Equity fund, Venture Capital fund",Mixed,United Kingdom,United Kingdom,Full-Time,No,Perceptions of companies based on visuals.,826,1920,919
3,disclosure,3,4,hq_first,1,3,2,4,Foliant,Paperloom,Pulsegrid,Sentyl,46c0bf32,84f4d358,f5bfffe5,bfc6f4d0,Enterprise Knowledge Retrieval,Document Automation,AI Observability,AI Security,1,4,2,3,3,4,2,1,1,4,2,3,4,4,5,5,0,0,40,60,0,1,1,0,-1,0,-50,-10,74,85,36,19,4,4,5,5,1,4,Its most advanced customer engagement is a pilot in two practice groups at a law firm.,An independent benchmark of its extraction accuracy is in progress but not yet finished.,"Paying customers run it on production models, and it generates annual recurring revenue.","It has completed a SOC 2 Type II audit, with the report available in its data room.",84.5,82.7,119.6,277.7,105.272,104.357,129.736,284.316,14,14,14,14,TRUE,TRUE,TRUE,TRUE,FALSE,FALSE,FALSE,FALSE,2,FALSE,1,39,Male,3,"Government Bonds, Unit trusts, Options, Stock Market, ETF or ETC, Crowdfunding",White,United States,United States,Full-Time,No,To see if we want to invest in AI companies versus other types of tech-leaning companies. Just a guess though.,914,1517,731
4,disclosure,5,1,hq_first,1,3,2,4,Servora,Ironhall,Curato,Foliant,737deb7d,3e0eedc2,cbc833b1,3eed90b1,AI Inference Infrastructure,Edge-AI Hardware,AI Training Data,Enterprise Knowledge Retrieval,2,3,1,4,3,2,1,4,2,3,4,1,4,4,4,4,10,20,20,50,1,1,1,1,0,0,-20,-20,44,76,23,24,4,4,4,4,1,1,"Its core patent has been granted, with further claims in prosecution.","Its industrial certification is still in testing, and its first module is installing on a pilot line this quarter.",Its founders built data infrastructure together at a leading AI-data company and left senior roles to work on Curato full-time.,Its most advanced customer engagement is a pilot in two practice groups at a law firm.,182.5,203.3,150.7,191.7,182.366,203.424,150.706,191.703,14,14,14,14,TRUE,TRUE,TRUE,TRUE,FALSE,FALSE,FALSE,FALSE,1,FALSE,1,52,Female,0,Crowdfunding,White,United Kingdom,United Kingdom,Full-Time,No,Seeing if people paid attention to 56 slides.,1031,1528,732
6,disclosure,6,4,hq_first,1,3,2,4,Foliant,Paperloom,Pulsegrid,Sentyl,46c0bf32,84f4d358,f5bfffe5,bfc6f4d0,Enterprise Knowledge Retrieval,Document Automation,AI Observability,AI Security,1,3,2,4,2,4,3,1,2,3,1,4,4,5,4,7,20,20,30,30,0,0,1,0,-1,-2,-10,0,45,48,47,54,4,5,4,7,7,7,Its most advanced customer engagement is a pilot in two practice groups at a law firm.,An independent certification firm has completed an audit of its extraction accuracy and verified a benchmark lead.,"Paying customers run it on production models, and it generates annual recurring revenue.","It has completed a SOC 2 Type II audit, with the report available in its data room.",72.5,59.3,83.3,78.7,72.595,59.173,83.311,78.694,14,14,14,14,TRUE,TRUE,TRUE,TRUE,FALSE,FALSE,FALSE,FALSE,1,FALSE,1,34,Male,2,"Stock Market, Government Bonds, ETF or ETC, Unit trusts, Options, Private Equity fund, Crowdfunding, Venture Capital fund",Black,United Kingdom,United Kingdom,Full-Time,No,I think the study was about evaluating and comparing startups.,722,1920,945
7,disclosure,3,11,lq_first,3,1,4,2,Pulsegrid,Ironhall,Paperloom,Foliant,dff2e369,3e0eedc2,081e5fb5,3eed90b1,AI Observability,Edge-AI Hardware,Document Automation,Enterprise Knowledge Retrieval,4,2,3,1,1,2,3,4,1,3,2,4,4,3,3,3,25,0,50,25,1,1,1,1,0.5,0.5,-25,25,100,72,63,69,4,3,3,3,1,1,"Paying customers run it on production models, and it generates annual recurring revenue.","Its industrial certification is still in testing, and its first module is installing on a pilot line this quarter.",An independent certification firm has completed an audit of its extraction accuracy and verified a benchmark lead.,Its most advanced customer engagement is a pilot in two practice groups at a law firm.,178.9,170.1,146.7,179.1,200.423,183.437,160.086,179.087,14,14,14,14,TRUE,TRUE,TRUE,TRUE,FALSE,FALSE,FALSE,FALSE,1,FALSE,1,22,Female,0,"Government Bonds, Stock Market, Crowdfunding",White,United Kingdom,United Kingdom,Part-Time,No,I think it was about wether the style of presentation deck affected the distribution of units,1075,1470,711
8,disclosure_explanation,7,16,lq_first,3,1,4,2,Curato,Axonmesh,Ironhall,Servora,6b81ec39,4fe27fae,87b7dfe9,e06655dc,AI Training Data,Robotics Orchestration,Edge-AI Hardware,AI Inference Infrastructure,4,2,3,1,3,2,4,1,1,3,4,2,5,6,7,5,30,10,60,0,1,1,1,1,-0.5,0.5,-10,40,62,64,80,56,5,6,7,5,5,4,Its founders built data infrastructure together at a leading AI-data company and left senior roles to work on Curato full-time.,Its deployment to date is one pilot fleet running daily at a single design partner's warehouse.,Its module has passed independent industrial certification and already runs on live production lines.,Its patent filing is a provisional application that is still pending.,168.7,427.1,62.3,172.4,168.653,426.969,62.344,172.527,14,14,14,14,TRUE,TRUE,TRUE,TRUE,FALSE,FALSE,FALSE,FALSE,1,FALSE,1,27,Male,2,"Stock Market, Crowdfunding, Other, ETF or ETC, Government Bonds",White,United Kingdom,United Kingdom,Full-Time,No,I think it was about assessing investment opportunities,1161,1920,911
9,control,1,4,hq_first,1,3,2,4,Foliant,Paperloom,Pulsegrid,Sentyl,46c0bf32,84f4d358,f5bfffe5,bfc6f4d0,Enterprise Knowledge Retrieval,Document Automation,AI Observability,AI Security,2,3,1,4,4,3,1,2,1,2,4,3,4,4,3,4,25,25,25,25,0,0,1,1,0.5,-0.5,0,0,63,55,38,33,4,4,3,4,4,5,Its most advanced customer engagement is a pilot in two practice groups at a law firm.,"It does not permit external accuracy audits, citing customer confidentiality.","Paying customers run it on production models, and it generates annual recurring revenue.",Its SOC 2 Type II audit is scheduled but has not yet taken place.,42.7,34.3,23.9,14.3,42.661,34.099,23.809,14.248,14,14,14,14,TRUE,TRUE,TRUE,TRUE,FALSE,FALSE,FALSE,FALSE,1,FALSE,1,58,Female,0,"Government Bonds, Stock Market, Private Equity fund, Crowdfunding",White,United Kingdom,United Kingdom,"Not in paid work (e.g. homemaker', 'retired or disabled)",Maybe a little,I don't know,402,1280,559
10,disclosure,4,15,lq_first,3,1,4,2,Servora,Sentyl,Curato,Axonmesh,737deb7d,90a19744,cbc833b1,c7e2221f,AI Inference Infrastructure,AI Security,AI Training Data,Robotics Orchestration,3,1,4,2,4,3,1,2,4,1,3,2,7,1,5,4,75,0,25,0,1,1,1,1,-0.5,3.5,25,50,92,57,0,0,7,1,5,4,1,1,"Its core patent has been granted, with further claims in prosecution.",Its SOC 2 Type II audit is scheduled but has not yet taken place.,Its founders built data infrastructure together at a leading AI-data company and left senior roles to work on Curato full-time.,Its deployment to date is one pilot fleet running daily at a single design partner's warehouse.,103.4,165.6,74,104.1,103.455,165.612,73.792,115.661,14,14,14,14,TRUE,TRUE,TRUE,TRUE,FALSE,FALSE,FALSE,FALSE,1,FALSE,1,33,Male,4,"Stock Market, Private Equity fund, ETF or ETC",White,United Kingdom,United Kingdom,Full-Time,No,Investigating participants view on AI startups with varying degrees of experience in their founders,745,1646,1031
11,disclosure_explanation,7,14,lq_first,3,1,4,2,Axonmesh,Paperloom,Servora,Sentyl,f36cc003,84f4d358,574d1367,bfc6f4d0,Robotics Orchestration,Document Automation,AI Inference Infrastructure,AI Security,3,1,4,2,2,4,3,1,3,2,4,1,6,6,4,5,35,35,15,15,1,1,1,1,1.5,-0.5,20,0,98,93,37,15,6,6,4,5,6,3,"Live fleets already coordinate robots in production at customer sites, billing recurring revenue.",An independent benchmark of its extraction accuracy is in progress but not yet finished.,"Its core patent has been granted, with further claims in prosecution.",Its SOC 2 Type II audit is scheduled but has not yet taken place.,152.5,90.6,96.8,211.7,152.48,90.571,96.601,221.467,14,14,14,14,TRUE,TRUE,TRUE,TRUE,FALSE,FALSE,FALSE,FALSE,1,FALSE,1,32,Male,4,"ETF or ETC, Crowdfunding, Other",White,Canada,Italy,Full-Time,No,"Understanding investment decisions based on simple but efficient pitch decks while leveraging technology, patents and ""names"" of big players or experience with big players in the industries.",1159,1440,649
12,disclosure,2,7,hq_first,1,3,2,4,Sentyl,Servora,Axonmesh,Curato,bcd14e91,e55a120c,e6065b1a,14efa601,AI Security,AI Inference Infrastructure,Robotics Orchestration,AI Training Data,1,3,2,4,2,3,4,1,2,1,3,4,5,4,5,6,30,25,15,30,1,0,0,0,-1,0,5,-5,66,64,58,55,5,4,5,6,1,1,"It has completed a SOC 2 Type II audit, with the report available in its data room.","Its core patent has been granted, with further claims in prosecution.",Its deployment to date is one pilot fleet running daily at a single design partner's warehouse.,Its founders built data infrastructure together at a leading AI-data company and left senior roles to work on Curato full-time.,385.6,142.7,154.7,103.9,389.574,142.671,158.407,103.872,14,14,14,14,TRUE,TRUE,TRUE,TRUE,FALSE,FALSE,FALSE,FALSE,1,FALSE,1,28,Other,1,"Stock Market, Government Bonds, Private Equity fund",Black,United Kingdom,Kenya,Part-Time,No,"The study was about evaluating early-stage AI and technology ventures based on their pitch decks. We were asked to review the companies, understand their technology, traction, team and intellectual-property claims, answer questions about what each venture had presented, and then **allocate 100 units of investment capital among the ventures according to their perceived investment potential.",1524,800,781
13,disclosure,2,2,hq_first,1,3,2,4,Curato,Foliant,Ironhall,Pulsegrid,6b81ec39,08321160,87b7dfe9,e7f29679,AI Training Data,Enterprise Knowledge Retrieval,Edge-AI Hardware,AI Observability,2,3,1,4,3,4,1,2,4,3,2,1,6,5,1,3,100,0,0,0,1,0,1,1,3.5,-0.5,50,50,94,81,9,26,6,5,1,3,3,2,Its founders built data infrastructure together at a leading AI-data company and left senior roles to work on Curato full-time.,A bank customer has rolled Foliant out organization-wide after a successful pilot.,Its module has passed independent industrial certification and already runs on live production lines.,"It is pre-revenue, with an open-beta cohort scheduled to start next month.",68.2,88.4,301.3,19.3,68.003,88.345,301.223,19.299,14,14,14,14,TRUE,TRUE,TRUE,TRUE,FALSE,FALSE,FALSE,FALSE,1,FALSE,1,38,Male,5,"ETF or ETC, Government Bonds, Stock Market, Angel syndicate",White,United Kingdom,United Kingdom,Full-Time,No,if design impacts decision,738,760,772
14,disclosure_explanation,8,8,hq_first,1,3,2,4,Axonmesh,Curato,Servora,Ironhall,f36cc003,37c0ca72,574d1367,817f1201,Robotics Orchestration,AI Training Data,AI Inference Infrastructure,Edge-AI Hardware,1,3,2,4,2,3,1,4,2,1,3,4,7,1,5,1,80,0,20,0,1,1,1,1,1,5,30,50,76,70,34,15,7,1,5,1,5,5,"Live fleets already coordinate robots in production at customer sites, billing recurring revenue.","Its founders are building Curato part-time alongside their current jobs, with the advisory board still forming.","Its core patent has been granted, with further claims in prosecution.","Its industrial certification is still in testing, and its first module is installing on a pilot line this quarter.",302.8,211.2,271.2,191.7,303.045,211.221,271.136,191.703,14,14,14,14,TRUE,TRUE,TRUE,TRUE,FALSE,FALSE,FALSE,FALSE,2,FALSE,1,53,Male,0,"Crowdfunding, Stock Market, Unit trusts",Asian,United Kingdom,Hong Kong,Other,No,review the start up pitch deck to see which one has the most profit potential,1425,1920,945
16,control,1,3,hq_first,1,3,2,4,Ironhall,Pulsegrid,Foliant,Paperloom,b5fef669,2055e10c,fa1fe22c,e20d4e90,Edge-AI Hardware,AI Observability,Enterprise Knowledge Retrieval,Document Automation,2,3,1,4,3,2,4,1,1,4,3,2,5,3,6,2,35,10,40,15,1,1,1,1,0,3,-5,25,60,74,20,29,5,3,6,2,3,5,Its module has passed independent industrial certification and already runs on live production lines.,"It is pre-revenue, with an open-beta cohort scheduled to start next month.",A bank customer has rolled Foliant out organization-wide after a successful pilot.,An independent benchmark of its extraction accuracy is in progress but not yet finished.,369.4,162.2,190.1,146.4,369.489,162.2,189.986,146.449,14,14,14,14,TRUE,TRUE,TRUE,TRUE,FALSE,FALSE,FALSE,FALSE,1,FALSE,1,32,Male,0,"Stock Market, Private Equity fund",White,United States,United States,Full-Time,No,Reviewing startup pitches and how previous employment of founders effects opinions.,1206,1200,631
17,control,1,13,lq_first,3,1,4,2,Sentyl,Pulsegrid,Axonmesh,Paperloom,bcd14e91,2055e10c,e6065b1a,e20d4e90,AI Security,AI Observability,Robotics Orchestration,Document Automation,4,1,3,2,1,2,3,4,2,3,4,1,7,6,4,3,35,20,30,15,1,1,1,1,3,1,5,15,100,87,40,40,7,6,4,3,6,5,"It has completed a SOC 2 Type II audit, with the report available in its data room.","It is pre-revenue, with an open-beta cohort scheduled to start next month.","Live fleets already coordinate robots in production at customer sites, billing recurring revenue.",An independent benchmark of its extraction accuracy is in progress but not yet finished.,106.3,163,154.8,128.8,106.371,163.092,154.955,128.773,14,14,14,14,TRUE,TRUE,TRUE,TRUE,FALSE,FALSE,FALSE,FALSE,2,FALSE,1,31,Male,2,"Private Equity fund, Stock Market, Government Bonds, ETF or ETC",Asian,India,India,Part-Time,Maybe a little,Usability of different type of AI related companies.,1690,1536,730
19,disclosure,5,6,hq_first,1,3,2,4,Paperloom,Axonmesh,Sentyl,Servora,340b9ba1,4fe27fae,0566fd88,e06655dc,Document Automation,Robotics Orchestration,AI Security,AI Inference Infrastructure,1,4,2,3,3,4,1,2,3,2,4,1,6,6,3,5,70,10,10,10,1,1,1,1,2,-1,30,30,94,79,19,59,6,6,3,5,4,4,An independent certification firm has completed an audit of its extraction accuracy and verified a benchmark lead.,Its deployment to date is one pilot fleet running daily at a single design partner's warehouse.,"It has completed a SOC 2 Type II audit, with the report available in its data room.",Its patent filing is a provisional application that is still pending.,109.3,74.7,68.4,49.9,109.455,74.767,68.446,49.798,10,14,14,14,TRUE,TRUE,TRUE,TRUE,FALSE,FALSE,FALSE,FALSE,1,FALSE,1,36,Male,0,"ETF or ETC, Government Bonds, Stock Market, Private Equity fund, Venture Capital fund",White,United Kingdom,United Kingdom,Full-Time,No,Maybe if people would pile on the AI options?,509,1550,910
20,disclosure,2,14,lq_first,3,1,4,2,Axonmesh,Paperloom,Servora,Sentyl,f36cc003,84f4d358,574d1367,bfc6f4d0,Robotics Orchestration,Document Automation,AI Inference Infrastructure,AI Security,4,2,3,1,1,4,3,2,3,4,1,2,5,4,3,6,20,30,10,40,1,1,1,0,0,-1,0,-20,68,68,26,36,5,4,3,6,1,1,"Live fleets already coordinate robots in production at customer sites, billing recurring revenue.",An independent benchmark of its extraction accuracy is in progress but not yet finished.,"Its core patent has been granted, with further claims in prosecution.",It has decided to defer formal security audits until after this funding round.,189.2,239.3,164.3,143.2,188.97,239.523,164.379,143.175,14,14,14,14,TRUE,TRUE,TRUE,TRUE,FALSE,FALSE,FALSE,FALSE,1,FALSE,1,38,Male,0,"ETF or ETC, Stock Market, Crowdfunding",White,United States,United States,NA,No,Funding startups based on who the founders were or how the presentation looked?,1034,1354,746
21,disclosure,5,9,lq_first,3,1,4,2,Ironhall,Servora,Foliant,Curato,b5fef669,e55a120c,fa1fe22c,14efa601,Edge-AI Hardware,AI Inference Infrastructure,Enterprise Knowledge Retrieval,AI Training Data,4,2,3,1,2,4,3,1,3,4,2,1,6,2,5,2,65,0,35,0,1,1,1,1,0.5,3.5,15,50,77,30,94,16,6,2,5,2,1,1,Its module has passed independent industrial certification and already runs on live production lines.,Its patent filing is a provisional application that is still pending.,A bank customer has rolled Foliant out organization-wide after a successful pilot.,"Its founders are building Curato part-time alongside their current jobs, with the advisory board still forming.",122.3,91.8,106.3,81.6,122.297,91.689,106.239,81.695,14,14,14,14,TRUE,TRUE,TRUE,TRUE,FALSE,FALSE,FALSE,FALSE,1,FALSE,1,40,Male,10,"Stock Market, Crowdfunding, ETF or ETC",White,United Kingdom,United Kingdom,Full-Time,Maybe a little,Capital allocation to startups,666,1920,993
22,control,1,6,hq_first,1,3,2,4,Paperloom,Axonmesh,Sentyl,Servora,340b9ba1,4fe27fae,0566fd88,e06655dc,Document Automation,Robotics Orchestration,AI Security,AI Inference Infrastructure,1,4,2,3,1,4,2,3,3,4,2,1,5,4,6,6,25,10,30,35,1,1,1,1,-1.5,0.5,-15,5,42,59,58,66,5,4,6,6,5,3,An independent certification firm has completed an audit of its extraction accuracy and verified a benchmark lead.,Its deployment to date is one pilot fleet running daily at a single design partner's warehouse.,"It has completed a SOC 2 Type II audit, with the report available in its data room.",Its patent filing is a provisional application that is still pending.,82.9,45.4,105.4,40.3,83.493,48.949,105.411,40.253,14,14,14,14,TRUE,TRUE,TRUE,TRUE,FALSE,FALSE,FALSE,FALSE,1,FALSE,1,25,Male,5,"Stock Market, Private Equity fund",Asian,India,India,Full-Time,No,"The study was about evaluating and comparing four early stage startups across factors like their technology, market opportunity, traction, business model and growth potential and then deciding how to allocate investment capital among them.",1128,1920,911
23,disclosure,5,4,hq_first,1,3,2,4,Foliant,Paperloom,Pulsegrid,Sentyl,46c0bf32,84f4d358,f5bfffe5,bfc6f4d0,Enterprise Knowledge Retrieval,Document Automation,AI Observability,AI Security,2,4,1,3,3,4,2,1,3,4,2,1,6,6,5,5,40,25,15,20,1,1,0,1,1,0,15,5,80,51,75,72,6,6,5,5,5,6,A bank customer has rolled Foliant out organization-wide after a successful pilot.,An independent benchmark of its extraction accuracy is in progress but not yet finished.,"It is pre-revenue, with an open-beta cohort scheduled to start next month.",Its SOC 2 Type II audit is scheduled but has not yet taken place.,55.1,24.6,57.9,40.9,55.083,24.676,57.797,40.837,14,14,14,14,TRUE,TRUE,TRUE,TRUE,FALSE,FALSE,FALSE,FALSE,1,FALSE,1,29,Female,2,"Government Bonds, Stock Market, Options, Crowdfunding, Private Equity fund",Asian,United States,Pakistan,Part-Time,Maybe a little,It was about comparing startups and deciding which ones to invest in.,794,1536,738
24,disclosure,6,3,hq_first,1,3,2,4,Ironhall,Pulsegrid,Foliant,Paperloom,b5fef669,2055e10c,fa1fe22c,e20d4e90,Edge-AI Hardware,AI Observability,Enterprise Knowledge Retrieval,Document Automation,1,3,2,4,1,3,4,2,1,2,4,3,4,5,6,6,10,30,20,40,0,1,1,0,-1.5,-0.5,-10,-20,14,68,75,91,4,5,6,6,3,5,"Its industrial certification is still in testing, and its first module is installing on a pilot line this quarter.","It is pre-revenue, with an open-beta cohort scheduled to start next month.",A bank customer has rolled Foliant out organization-wide after a successful pilot.,An independent certification firm has completed an audit of its extraction accuracy and verified a benchmark lead.,287.7,382.4,191.3,139.6,287.5,385.526,191.265,139.756,14,14,14,14,TRUE,TRUE,TRUE,TRUE,FALSE,FALSE,FALSE,FALSE,2,FALSE,1,37,Female,2,"Stock Market, Private Equity fund, ETF or ETC",Asian,Germany,Philippines,Unemployed (and job seeking),Maybe a little,About making investment decisions based only on data presented by start ups,1706,1280,559
26,control,1,1,hq_first,1,3,2,4,Servora,Ironhall,Curato,Foliant,737deb7d,3e0eedc2,cbc833b1,3eed90b1,AI Inference Infrastructure,Edge-AI Hardware,AI Training Data,Enterprise Knowledge Retrieval,2,4,1,3,3,2,4,1,3,4,1,2,7,3,4,5,50,15,20,15,0,1,1,1,0.5,1.5,15,20,93,100,6,13,7,3,4,5,6,4,Its technology is patented by a university and licensed to the company exclusively.,"Its industrial certification is still in testing, and its first module is installing on a pilot line this quarter.",Its founders built data infrastructure together at a leading AI-data company and left senior roles to work on Curato full-time.,Its most advanced customer engagement is a pilot in two practice groups at a law firm.,111.1,96.9,123.3,69.7,111.189,108.17,123.349,69.836,14,14,14,14,TRUE,TRUE,TRUE,TRUE,FALSE,FALSE,FALSE,FALSE,2,FALSE,1,24,Male,3,"Stock Market, Private Equity fund, Venture Capital fund, Crowdfunding, Other",Asian,India,India,Unemployed (and job seeking),No,it was the study to see how people see and made their investment decision based on the company profile and their presentation . how they react and distribute the funds accros those firms,999,1366,633
27,disclosure,5,4,hq_first,1,3,2,4,Foliant,Paperloom,Pulsegrid,Sentyl,46c0bf32,84f4d358,f5bfffe5,bfc6f4d0,Enterprise Knowledge Retrieval,Document Automation,AI Observability,AI Security,2,3,1,4,2,3,1,4,2,3,4,1,5,3,6,6,0,0,60,40,0,1,1,1,-2,1,-50,10,62,38,89,77,5,3,6,6,1,1,Its most advanced customer engagement is a pilot in two practice groups at a law firm.,An independent benchmark of its extraction accuracy is in progress but not yet finished.,"Paying customers run it on production models, and it generates annual recurring revenue.",Its SOC 2 Type II audit is scheduled but has not yet taken place.,88.9,144.1,162.9,189.5,88.991,144.08,162.812,189.279,14,14,14,14,TRUE,TRUE,TRUE,TRUE,FALSE,FALSE,FALSE,FALSE,2,FALSE,1,34,Female,7,"Stock Market, ETF or ETC, Crowdfunding",White,United Kingdom,France,Full-Time,No,"unclear,  maybe the criteria taken into account in the decision process, and the attention to detail of user reading the deck",1097,1553,956
29,control,1,10,lq_first,3,1,4,2,Foliant,Curato,Pulsegrid,Ironhall,46c0bf32,37c0ca72,f5bfffe5,817f1201,Enterprise Knowledge Retrieval,AI Training Data,AI Observability,Edge-AI Hardware,3,2,4,1,3,2,4,1,4,3,1,2,5,4,5,3,50,15,30,5,1,1,1,1,0.5,1.5,15,30,64,41,44,56,5,4,5,3,2,3,A bank customer has rolled Foliant out organization-wide after a successful pilot.,"Its founders are building Curato part-time alongside their current jobs, with the advisory board still forming.","Paying customers run it on production models, and it generates annual recurring revenue.","Its industrial certification is still in testing, and its first module is installing on a pilot line this quarter.",359.9,357,324.8,269.4,360,356.899,324.635,269.498,14,14,14,14,TRUE,TRUE,TRUE,TRUE,FALSE,FALSE,FALSE,FALSE,1,FALSE,1,61,Female,0,"Stock Market, Crowdfunding",White,United States,United States,"Not in paid work (e.g. homemaker', 'retired or disabled)",No,human decision-making?,1780,1440,812
31,disclosure,2,15,lq_first,3,1,4,2,Servora,Sentyl,Curato,Axonmesh,737deb7d,90a19744,cbc833b1,c7e2221f,AI Inference Infrastructure,AI Security,AI Training Data,Robotics Orchestration,4,2,3,1,3,1,2,4,2,3,1,4,7,5,6,3,50,0,25,25,1,0,1,1,1.5,2.5,0,25,54,24,42,35,7,5,6,3,2,1,"Its core patent has been granted, with further claims in prosecution.",It has decided to defer formal security audits until after this funding round.,Its founders built data infrastructure together at a leading AI-data company and left senior roles to work on Curato full-time.,Its deployment to date is one pilot fleet running daily at a single design partner's warehouse.,184.6,246.7,204.2,268.8,184.591,246.601,204.109,268.78,14,14,14,14,TRUE,TRUE,TRUE,TRUE,FALSE,FALSE,FALSE,FALSE,1,FALSE,1,27,Female,0,"ETF or ETC, Stock Market, Crowdfunding",White,Germany,Germany,Part-Time,No,How ventures are rated based on their funding and on the previous roles and experiences of the founders.,1447,1272,554
33,disclosure,2,7,hq_first,1,3,2,4,Sentyl,Servora,Axonmesh,Curato,bcd14e91,e55a120c,e6065b1a,14efa601,AI Security,AI Inference Infrastructure,Robotics Orchestration,AI Training Data,2,3,1,4,3,1,2,4,1,2,4,3,6,4,5,2,20,20,40,20,1,1,1,0,1.5,2.5,-10,10,82,36,68,25,6,4,5,2,6,3,"It has completed a SOC 2 Type II audit, with the report available in its data room.",Its patent filing is a provisional application that is still pending.,"Live fleets already coordinate robots in production at customer sites, billing recurring revenue.",Its founders are academics who license the labelling technology from their university lab.,19.3,52.9,69.3,17.7,19.247,53.01,69.425,17.715,14,14,14,14,TRUE,TRUE,TRUE,TRUE,FALSE,FALSE,FALSE,FALSE,1,FALSE,1,24,Male,3,"ETF or ETC, Government Bonds, Stock Market, Options, Private Equity fund, Venture Capital fund, Crowdfunding",White,United Kingdom,United Kingdom,Full-Time,No,"Understanding how participants see value in a start-up, whether its the team, goals, funding etc",1040,1280,678
34,control,1,12,lq_first,3,1,4,2,Paperloom,Foliant,Sentyl,Pulsegrid,340b9ba1,08321160,0566fd88,e7f29679,Document Automation,Enterprise Knowledge Retrieval,AI Security,AI Observability,3,1,4,2,4,3,2,1,1,3,2,4,5,7,5,5,45,15,15,25,1,0,1,0,1,-1,10,10,49,93,81,69,5,7,5,5,4,6,An independent certification firm has completed an audit of its extraction accuracy and verified a benchmark lead.,A bank customer has rolled Foliant out organization-wide after a successful pilot.,"It has completed a SOC 2 Type II audit, with the report available in its data room.",It charges model vendors for access to anonymized benchmark data.,108.4,143.7,100.9,82.1,137.6,143.6,118.875,82.121,14,14,14,14,TRUE,TRUE,TRUE,TRUE,FALSE,FALSE,FALSE,FALSE,1,FALSE,1,23,Male,1,"Government Bonds, Stock Market, ETF or ETC, Private Equity fund, Venture Capital fund, Crowdfunding, Options",Asian,United Kingdom,India,Part-Time,No,Comparing 4 AI startups and capital allocation on each startup.,947,1920,945
38,disclosure,5,10,lq_first,3,1,4,2,Foliant,Curato,Pulsegrid,Ironhall,46c0bf32,37c0ca72,f5bfffe5,817f1201,Enterprise Knowledge Retrieval,AI Training Data,AI Observability,Edge-AI Hardware,4,2,3,1,3,1,2,4,2,3,1,4,7,2,6,2,60,0,40,0,1,1,1,1,0.5,4.5,10,50,90,87,30,12,7,2,6,2,5,7,A bank customer has rolled Foliant out organization-wide after a successful pilot.,"Its founders are building Curato part-time alongside their current jobs, with the advisory board still forming.","Paying customers run it on production models, and it generates annual recurring revenue.","Its industrial certification is still in testing, and its first module is installing on a pilot line this quarter.",240.4,208.3,208.4,286.2,240.378,208.337,208.362,286.094,14,14,14,14,TRUE,TRUE,TRUE,TRUE,FALSE,FALSE,FALSE,FALSE,1,FALSE,1,31,Male,1,"ETF or ETC, Stock Market, Options, Crowdfunding",Asian,India,India,Unemployed (and job seeking),Yes,How investment decision is driven,1310,1710,951
39,control,1,2,hq_first,1,3,2,4,Curato,Foliant,Ironhall,Pulsegrid,6b81ec39,08321160,87b7dfe9,e7f29679,AI Training Data,Enterprise Knowledge Retrieval,Edge-AI Hardware,AI Observability,1,3,2,4,1,4,2,3,3,2,1,4,7,2,6,3,50,0,50,0,1,1,0,1,0,4,0,50,100,64,82,24,7,2,6,3,2,4,Its founders built data infrastructure together at a leading AI-data company and left senior roles to work on Curato full-time.,Its most advanced customer engagement is a pilot in two practice groups at a law firm.,It licenses its enclosure design to established equipment makers instead of manufacturing itself.,"It is pre-revenue, with an open-beta cohort scheduled to start next month.",51.7,63.8,72.8,53.5,51.698,63.758,72.735,53.592,14,14,14,14,TRUE,TRUE,TRUE,TRUE,FALSE,FALSE,FALSE,FALSE,1,FALSE,1,30,Male,4,"ETF or ETC, Stock Market, Private Equity fund",White,Canada,Canada,Full-Time,No,Which company presented the best investment deck,564,1718,1270
40,disclosure,5,6,hq_first,1,3,2,4,Paperloom,Axonmesh,Sentyl,Servora,340b9ba1,4fe27fae,0566fd88,e06655dc,Document Automation,Robotics Orchestration,AI Security,AI Inference Infrastructure,2,4,1,3,1,3,2,4,4,2,1,3,5,6,5,6,20,30,20,30,1,1,0,1,0,-1,0,-10,68,78,62,81,5,6,5,6,4,4,An independent certification firm has completed an audit of its extraction accuracy and verified a benchmark lead.,Its deployment to date is one pilot fleet running daily at a single design partner's warehouse.,Its SOC 2 Type II audit is scheduled but has not yet taken place.,Its patent filing is a provisional application that is still pending.,58.5,32.9,120.9,37.8,58.398,32.885,120.836,37.788,14,14,14,14,TRUE,TRUE,TRUE,TRUE,FALSE,FALSE,FALSE,FALSE,2,FALSE,2,54,Female,15,"ETF or ETC, Stock Market, Private Equity fund",Black,Canada,Jamaica,Full-Time,No,AI DEVELOPMENT,1344,1920,919
41,disclosure,5,6,hq_first,1,3,2,4,Paperloom,Axonmesh,Sentyl,Servora,340b9ba1,4fe27fae,0566fd88,e06655dc,Document Automation,Robotics Orchestration,AI Security,AI Inference Infrastructure,2,4,1,3,1,2,3,4,1,3,4,2,5,3,6,5,20,20,40,20,1,1,1,1,-1.5,1.5,-10,10,62,34,86,65,5,3,6,5,2,2,An independent certification firm has completed an audit of its extraction accuracy and verified a benchmark lead.,Its deployment to date is one pilot fleet running daily at a single design partner's warehouse.,"It has completed a SOC 2 Type II audit, with the report available in its data room.",Its patent filing is a provisional application that is still pending.,70.5,47.3,72.5,55.7,70.579,47.046,72.354,55.784,14,14,14,14,TRUE,TRUE,TRUE,TRUE,FALSE,FALSE,FALSE,FALSE,1,FALSE,1,33,Male,8,"ETF or ETC, Government Bonds, Stock Market, Options, Angel syndicate, Crowdfunding",White,United States,United States,Full-Time,Maybe a little,gender bias,469,1920,911
42,disclosure_explanation,8,11,lq_first,3,1,4,2,Pulsegrid,Ironhall,Paperloom,Foliant,dff2e369,3e0eedc2,081e5fb5,3eed90b1,AI Observability,Edge-AI Hardware,Document Automation,Enterprise Knowledge Retrieval,4,1,3,2,3,1,2,4,3,2,4,1,5,5,4,4,25,25,25,25,0,1,1,0,1,0,0,0,89,100,16,0,5,5,4,4,1,4,Its revenue comes chiefly from paid consulting and integration projects.,"Its industrial certification is still in testing, and its first module is installing on a pilot line this quarter.",An independent certification firm has completed an audit of its extraction accuracy and verified a benchmark lead.,A bank customer has rolled Foliant out organization-wide after a successful pilot.,119.2,98.8,173.4,243.7,119.129,98.885,173.483,243.74,14,14,14,14,TRUE,TRUE,TRUE,TRUE,FALSE,FALSE,FALSE,FALSE,1,FALSE,1,27,Male,3,"ETF or ETC, Stock Market, Government Bonds, Crowdfunding",White,United Kingdom,United Kingdom,Full-Time,Maybe a little,The reading comprehension of different companies' statistics,1026,1920,830
43,disclosure,4,11,lq_first,3,1,4,2,Pulsegrid,Ironhall,Paperloom,Foliant,dff2e369,3e0eedc2,081e5fb5,3eed90b1,AI Observability,Edge-AI Hardware,Document Automation,Enterprise Knowledge Retrieval,4,1,3,2,1,4,2,3,2,4,3,1,5,2,7,3,35,2,55,8,1,1,1,1,-1.5,3.5,-13,40,17,14,28,12,5,2,7,3,1,1,"Paying customers run it on production models, and it generates annual recurring revenue.","Its industrial certification is still in testing, and its first module is installing on a pilot line this quarter.",An independent certification firm has completed an audit of its extraction accuracy and verified a benchmark lead.,Its most advanced customer engagement is a pilot in two practice groups at a law firm.,168.6,283.2,162.5,198.1,168.481,283.209,162.235,198.003,14,14,14,14,TRUE,TRUE,TRUE,TRUE,FALSE,FALSE,FALSE,FALSE,1,FALSE,1,46,Female,0,"Crowdfunding, Stock Market",White,United States,United States,Other,No,My guess is that the study is about how people identify and assess risks associated with investments.,1282,1507,714
45,disclosure,3,9,lq_first,3,1,4,2,Ironhall,Servora,Foliant,Curato,b5fef669,e55a120c,fa1fe22c,14efa601,Edge-AI Hardware,AI Inference Infrastructure,Enterprise Knowledge Retrieval,AI Training Data,3,1,4,2,3,1,4,2,3,1,2,4,5,6,4,4,15,60,10,15,1,1,0,1,1.5,-0.5,25,-25,79,88,23,29,5,6,4,4,5,3,Its module has passed independent industrial certification and already runs on live production lines.,Its patent filing is a provisional application that is still pending.,Its deployments run exclusively inside the founders' former employer.,"Its founders are building Curato part-time alongside their current jobs, with the advisory board still forming.",86.3,123.2,65.2,116.2,86.249,123.283,65.118,193.895,14,14,14,14,TRUE,TRUE,TRUE,TRUE,FALSE,FALSE,FALSE,FALSE,3,FALSE,1,51,Male,2,Crowdfunding,White,United Kingdom,United Kingdom,Full-Time,No,To determine if a decision can be swayed by supplying documentation that could be biased in specific terminology,1088,1920,911
46,disclosure_explanation,7,8,hq_first,1,3,2,4,Axonmesh,Curato,Servora,Ironhall,f36cc003,37c0ca72,574d1367,817f1201,Robotics Orchestration,AI Training Data,AI Inference Infrastructure,Edge-AI Hardware,1,3,2,4,4,2,3,1,1,3,4,2,5,4,3,3,40,30,10,20,1,0,1,1,1.5,0.5,20,0,45,35,35,30,5,4,3,3,2,4,"Live fleets already coordinate robots in production at customer sites, billing recurring revenue.",Its founders are academics who license the labelling technology from their university lab.,"Its core patent has been granted, with further claims in prosecution.","Its industrial certification is still in testing, and its first module is installing on a pilot line this quarter.",298.6,221.5,235.5,159.4,298.732,221.304,235.226,159.443,14,14,14,14,TRUE,TRUE,TRUE,TRUE,FALSE,FALSE,FALSE,FALSE,1,FALSE,1,75,Male,5,"Stock Market, Unit trusts, Angel syndicate, Options",White,United Kingdom,United Kingdom,"Not in paid work (e.g. homemaker', 'retired or disabled)",No,Evaluating start up companies,1648,1920,953
47,disclosure_explanation,7,15,lq_first,3,1,4,2,Servora,Sentyl,Curato,Axonmesh,737deb7d,90a19744,cbc833b1,c7e2221f,AI Inference Infrastructure,AI Security,AI Training Data,Robotics Orchestration,4,1,3,2,1,2,3,4,4,2,1,3,6,3,7,3,51,0,0,49,1,1,1,0,-0.5,3.5,1,1,95,65,0,3,6,3,7,3,1,1,"Its core patent has been granted, with further claims in prosecution.",Its SOC 2 Type II audit is scheduled but has not yet taken place.,Its founders built data infrastructure together at a leading AI-data company and left senior roles to work on Curato full-time.,Its coordination software has so far run only in simulation.,220,187.8,234.2,203.8,219.94,187.778,234.422,203.842,14,14,14,14,TRUE,TRUE,TRUE,TRUE,FALSE,FALSE,FALSE,FALSE,1,FALSE,1,30,Other,0,"Crowdfunding, Stock Market",White,France,France,Part-Time,No,About what information would make us want to pay,1246,1536,695
49,disclosure,3,12,lq_first,3,1,4,2,Paperloom,Foliant,Sentyl,Pulsegrid,340b9ba1,08321160,0566fd88,e7f29679,Document Automation,Enterprise Knowledge Retrieval,AI Security,AI Observability,3,1,4,2,1,2,3,4,3,4,2,1,5,7,3,4,30,40,20,10,1,1,1,0,2.5,-1.5,20,0,64,93,5,35,5,7,3,4,1,1,An independent certification firm has completed an audit of its extraction accuracy and verified a benchmark lead.,Its most advanced customer engagement is a pilot in two practice groups at a law firm.,"It has completed a SOC 2 Type II audit, with the report available in its data room.",Its revenue comes chiefly from paid consulting and integration projects.,324.9,353.4,313.5,306.6,324.688,353.561,313.475,306.442,14,14,14,14,TRUE,TRUE,TRUE,TRUE,FALSE,FALSE,FALSE,FALSE,1,FALSE,1,50,Male,5,"ETF or ETC, Stock Market, Crowdfunding, Options",White,United States,United States,Full-Time,No,To see how we would judge companies based on their decks with numbers or just take their word for it,1977,1728,996
51,control,1,9,lq_first,3,1,4,2,Ironhall,Servora,Foliant,Curato,b5fef669,e55a120c,fa1fe22c,14efa601,Edge-AI Hardware,AI Inference Infrastructure,Enterprise Knowledge Retrieval,AI Training Data,3,1,4,2,3,4,2,1,2,4,1,3,5,2,6,3,40,0,60,0,1,1,1,1,-1,3,-10,50,99,69,86,80,5,2,6,3,2,4,Its module has passed independent industrial certification and already runs on live production lines.,Its patent filing is a provisional application that is still pending.,A bank customer has rolled Foliant out organization-wide after a successful pilot.,"Its founders are building Curato part-time alongside their current jobs, with the advisory board still forming.",286.5,146.3,128.9,158.3,286.451,146.216,128.935,158.207,14,14,14,14,TRUE,TRUE,TRUE,TRUE,FALSE,FALSE,FALSE,FALSE,1,FALSE,1,48,Male,6,"ETF or ETC, Stock Market, Crowdfunding, Government Bonds",White,United Kingdom,United Kingdom,Full-Time,No,"I wonder if we were evaluating the founders as much as the proposition itself - I noted the first two companies had highly inexperienced founders with good value propositions, and the second two had more mature founding teams but their proposals were more along the lines of traditional IT \ infrastructure (although Ironhall was a model AND a platform).",1059,1280,551
52,disclosure_explanation,8,7,hq_first,1,3,2,4,Sentyl,Servora,Axonmesh,Curato,bcd14e91,e55a120c,e6065b1a,14efa601,AI Security,AI Inference Infrastructure,Robotics Orchestration,AI Training Data,2,4,1,3,3,2,1,4,1,4,2,3,6,7,1,5,75,20,0,5,0,1,1,0,3.5,-2.5,45,25,74,96,3,64,6,7,1,5,7,7,It has decided to defer formal security audits until after this funding round.,Its patent filing is a provisional application that is still pending.,"Live fleets already coordinate robots in production at customer sites, billing recurring revenue.","An outside CEO was hired to lead the company, with the founders in technical roles.",124.4,49.7,208.1,102.4,124.172,49.806,212.603,104.767,14,14,14,14,TRUE,TRUE,TRUE,TRUE,FALSE,FALSE,FALSE,FALSE,3,FALSE,1,27,Other,3,"ETF or ETC, Government Bonds, Unit trusts, Stock Market, Angel syndicate, Options, Private Equity fund, Venture Capital fund, Crowdfunding",White,United Kingdom,United Kingdom,Full-Time,Maybe a little,"The slides from each company had their differences in start ups or presented the company's values in dramatically different ways, so the study was about how these differences became less or more appealing to investors when deciding their capital",1157,1344,880
53,disclosure,3,1,hq_first,1,3,2,4,Servora,Ironhall,Curato,Foliant,737deb7d,3e0eedc2,cbc833b1,3eed90b1,AI Inference Infrastructure,Edge-AI Hardware,AI Training Data,Enterprise Knowledge Retrieval,2,4,1,3,2,3,1,4,4,2,1,3,5,5,4,5,35,20,30,15,1,0,1,0,0.5,-0.5,5,15,81,68,66,70,5,5,4,5,5,5,"Its core patent has been granted, with further claims in prosecution.",Its module has passed independent industrial certification and already runs on live production lines.,Its founders built data infrastructure together at a leading AI-data company and left senior roles to work on Curato full-time.,A bank customer has rolled Foliant out organization-wide after a successful pilot.,89.8,69.6,110.9,72.7,127.537,73.494,133.783,72.503,14,14,14,14,TRUE,TRUE,TRUE,TRUE,FALSE,FALSE,FALSE,FALSE,1,FALSE,1,43,Male,0,"ETF or ETC, Stock Market, Venture Capital fund",White,Germany,Turkey,Full-Time,Maybe a little,I assume this study was about the startup companies that related to their business model and how they running the business in legal forms.,771,1280,665
55,control,1,7,hq_first,1,3,2,4,Sentyl,Servora,Axonmesh,Curato,bcd14e91,e55a120c,e6065b1a,14efa601,AI Security,AI Inference Infrastructure,Robotics Orchestration,AI Training Data,2,3,1,4,1,3,4,2,2,3,1,4,6,4,6,2,25,25,40,10,1,0,1,0,1,3,0,15,72,87,20,12,6,4,6,2,4,4,"It has completed a SOC 2 Type II audit, with the report available in its data room.","Its core patent has been granted, with further claims in prosecution.","Live fleets already coordinate robots in production at customer sites, billing recurring revenue.",Its founders built data infrastructure together at a leading AI-data company and left senior roles to work on Curato full-time.,64.1,148.6,62.1,97.2,63.95,148.529,166.238,97.205,14,14,14,14,TRUE,TRUE,TRUE,TRUE,FALSE,FALSE,FALSE,FALSE,1,FALSE,1,41,Male,12,"ETF or ETC, Government Bonds, Stock Market, Unit trusts, Options, Private Equity fund, Crowdfunding, Other",White,Canada,Canada,Full-Time,Maybe a little,I think it was about the quality of AI-developed pitch decks and how they presented their information.,822,1579,1248
56,disclosure_explanation,8,8,hq_first,1,3,2,4,Axonmesh,Curato,Servora,Ironhall,f36cc003,37c0ca72,574d1367,817f1201,Robotics Orchestration,AI Training Data,AI Inference Infrastructure,Edge-AI Hardware,2,3,1,4,3,1,2,4,2,3,1,4,1,5,6,7,25,35,20,20,0,0,0,1,-3.5,-2.5,10,-5,2,65,38,62,1,5,6,7,1,5,Its deployment to date is one pilot fleet running daily at a single design partner's warehouse.,"An outside CEO was hired to lead the company, with the founders in technical roles.",Its technology is patented by a university and licensed to the company exclusively.,"Its industrial certification is still in testing, and its first module is installing on a pilot line this quarter.",223.5,448.3,179.9,31.6,223.283,450.376,179.967,42.157,14,14,14,14,TRUE,TRUE,TRUE,TRUE,FALSE,FALSE,FALSE,FALSE,1,FALSE,1,33,Male,2,"ETF or ETC, Stock Market, Crowdfunding",Black,Canada,Canada,Full-Time,No,This study was about the different types of AI infrastructure and the development of four ventures,1597,1512,768
57,disclosure_explanation,8,16,lq_first,3,1,4,2,Curato,Axonmesh,Ironhall,Servora,6b81ec39,4fe27fae,87b7dfe9,e06655dc,AI Training Data,Robotics Orchestration,Edge-AI Hardware,AI Inference Infrastructure,3,1,4,2,4,3,1,2,2,4,1,3,6,3,4,4,50,0,25,25,1,1,1,1,0.5,1.5,0,25,79,68,46,53,6,3,4,4,5,4,Its founders built data infrastructure together at a leading AI-data company and left senior roles to work on Curato full-time.,Its deployment to date is one pilot fleet running daily at a single design partner's warehouse.,Its module has passed independent industrial certification and already runs on live production lines.,Its patent filing is a provisional application that is still pending.,181.7,239.8,153.8,54.6,181.417,239.838,153.861,54.485,14,14,14,4,TRUE,TRUE,TRUE,TRUE,FALSE,FALSE,FALSE,FALSE,1,FALSE,1,51,Male,4,"ETF or ETC, Stock Market, Crowdfunding",White,United States,United States,Full-Time,No,Evaluating startups,1052,1920,919
59,disclosure,6,7,hq_first,1,3,2,4,Sentyl,Servora,Axonmesh,Curato,bcd14e91,e55a120c,e6065b1a,14efa601,AI Security,AI Inference Infrastructure,Robotics Orchestration,AI Training Data,1,4,2,3,4,2,1,3,3,4,1,2,5,6,5,4,5,32,43,20,1,1,1,0,1,0,-13,-2,53,82,62,75,5,6,5,4,5,5,"It has completed a SOC 2 Type II audit, with the report available in its data room.",Its patent filing is a provisional application that is still pending.,"Live fleets already coordinate robots in production at customer sites, billing recurring revenue.",Its founders built data infrastructure together at a leading AI-data company and left senior roles to work on Curato full-time.,187,52.9,165.9,103.2,186.969,52.924,165.886,103.201,14,14,14,14,TRUE,TRUE,TRUE,TRUE,FALSE,FALSE,FALSE,FALSE,1,FALSE,1,30,Male,3,"ETF or ETC, Government Bonds, Stock Market, Options, Private Equity fund, Crowdfunding",Black,United Kingdom,United Kingdom,Part-Time,Maybe a little,i feel this study is about how people decide to invest in startups,1643,1280,585
60,disclosure,6,1,hq_first,1,3,2,4,Servora,Ironhall,Curato,Foliant,737deb7d,3e0eedc2,cbc833b1,3eed90b1,AI Inference Infrastructure,Edge-AI Hardware,AI Training Data,Enterprise Knowledge Retrieval,1,3,2,4,4,2,3,1,4,3,2,1,5,4,3,6,10,10,40,40,1,1,1,1,0,-1,-30,0,15,81,29,74,5,4,3,6,1,1,"Its core patent has been granted, with further claims in prosecution.","Its industrial certification is still in testing, and its first module is installing on a pilot line this quarter.",Its founders built data infrastructure together at a leading AI-data company and left senior roles to work on Curato full-time.,Its most advanced customer engagement is a pilot in two practice groups at a law firm.,165.3,83.9,190.3,71.6,165.306,84.057,190.263,71.569,14,14,14,14,TRUE,TRUE,TRUE,TRUE,FALSE,FALSE,FALSE,FALSE,1,FALSE,1,27,Male,3,"ETF or ETC, Government Bonds, Stock Market, Options, Angel syndicate, Venture Capital fund, Crowdfunding",White,Germany,Germany,Full-Time,No,"This study was about reviewing pitch decks of four different companies and deciding to split up an ""investment budget"" between those four.",1115,1920,991
61,disclosure,2,8,hq_first,1,3,2,4,Axonmesh,Curato,Servora,Ironhall,f36cc003,37c0ca72,574d1367,817f1201,Robotics Orchestration,AI Training Data,AI Inference Infrastructure,Edge-AI Hardware,1,4,2,3,4,2,3,1,4,2,1,3,3,6,7,5,10,25,45,20,1,1,1,1,-1.5,-0.5,-15,5,1,29,70,38,3,6,7,5,7,7,"Live fleets already coordinate robots in production at customer sites, billing recurring revenue.","Its founders are building Curato part-time alongside their current jobs, with the advisory board still forming.","Its core patent has been granted, with further claims in prosecution.","Its industrial certification is still in testing, and its first module is installing on a pilot line this quarter.",99.7,242.3,269.5,234.4,99.7,242.155,269.423,234.375,14,14,14,14,TRUE,TRUE,TRUE,TRUE,FALSE,FALSE,FALSE,FALSE,1,FALSE,1,26,Female,3,"ETF or ETC, Government Bonds, Stock Market, Unit trusts, Private Equity fund, Angel syndicate",Black,United States,Kenya,Part-Time,No,"this study is about whether investers can judge startup quality from pitch deck content alone, ignoring visual design and whetehr their capital allocations reflects substatntive business fundamentals",1657,1614,747
62,disclosure_explanation,8,3,hq_first,1,3,2,4,Ironhall,Pulsegrid,Foliant,Paperloom,b5fef669,2055e10c,fa1fe22c,e20d4e90,Edge-AI Hardware,AI Observability,Enterprise Knowledge Retrieval,Document Automation,1,3,2,4,4,1,2,3,4,2,3,1,6,6,6,5,20,25,25,30,1,1,1,1,0.5,0.5,-5,-5,73,63,76,75,6,6,6,5,1,1,Its module has passed independent industrial certification and already runs on live production lines.,"It is pre-revenue, with an open-beta cohort scheduled to start next month.",A bank customer has rolled Foliant out organization-wide after a successful pilot.,An independent benchmark of its extraction accuracy is in progress but not yet finished.,185.3,275.3,325.8,349.4,185.264,275.201,325.808,349.458,14,14,14,14,TRUE,TRUE,TRUE,TRUE,FALSE,FALSE,FALSE,FALSE,1,FALSE,1,41,Female,0,"ETF or ETC, Stock Market, Crowdfunding",White,United Kingdom,Bulgaria,Part-Time,No,The study was about evalueting different startup ventures,1949,2560,1305
63,disclosure,3,11,lq_first,3,1,4,2,Pulsegrid,Ironhall,Paperloom,Foliant,dff2e369,3e0eedc2,081e5fb5,3eed90b1,AI Observability,Edge-AI Hardware,Document Automation,Enterprise Knowledge Retrieval,3,2,4,1,4,3,1,2,1,2,4,3,5,2,4,2,50,0,50,0,1,1,1,1,0.5,2.5,0,50,75,98,74,84,5,2,4,2,1,1,"Paying customers run it on production models, and it generates annual recurring revenue.","Its industrial certification is still in testing, and its first module is installing on a pilot line this quarter.",An independent certification firm has completed an audit of its extraction accuracy and verified a benchmark lead.,Its most advanced customer engagement is a pilot in two practice groups at a law firm.,187.3,112.3,87.1,138.6,187.213,112.084,86.827,138.545,14,14,14,14,TRUE,TRUE,TRUE,TRUE,FALSE,FALSE,FALSE,FALSE,2,FALSE,1,66,Male,20,"ETF or ETC, Stock Market, Unit trusts, Private Equity fund, Venture Capital fund, Crowdfunding",White,United Kingdom,United Kingdom,Full-Time,No,It tries to assess how potential investors might view pitch decks and the characteristics which might make them put their money up. In. my case I'm looking for businesses that have paid and are using the service and that patents have been issued to protect the IP.,1172,1426,683
65,disclosure_explanation,8,5,hq_first,1,3,2,4,Pulsegrid,Sentyl,Paperloom,Axonmesh,dff2e369,90a19744,081e5fb5,c7e2221f,AI Observability,AI Security,Document Automation,Robotics Orchestration,1,3,2,4,1,3,2,4,1,4,2,3,4,3,6,4,15,35,35,15,0,1,1,1,-1.5,1.5,0,0,25,61,59,46,4,3,6,4,6,5,Its revenue comes chiefly from paid consulting and integration projects.,Its SOC 2 Type II audit is scheduled but has not yet taken place.,An independent certification firm has completed an audit of its extraction accuracy and verified a benchmark lead.,Its deployment to date is one pilot fleet running daily at a single design partner's warehouse.,247.2,48.6,66.7,102.1,247.289,48.669,66.49,101.901,14,14,14,14,TRUE,TRUE,TRUE,TRUE,FALSE,FALSE,FALSE,FALSE,3,FALSE,1,32,Male,3,"Stock Market, Government Bonds, Private Equity fund",White,India,India,Part-Time,No,"To assess how a person feels about the pitch created by these AI companies, how legible and clear they come across, the problems they tackle and how important it may seem by allocating a hypothetical fund",1744,2040,1020
66,disclosure,6,1,hq_first,1,3,2,4,Servora,Ironhall,Curato,Foliant,737deb7d,3e0eedc2,cbc833b1,3eed90b1,AI Inference Infrastructure,Edge-AI Hardware,AI Training Data,Enterprise Knowledge Retrieval,2,4,1,3,1,4,2,3,2,1,3,4,5,5,5,6,10,10,10,70,0,1,1,1,-0.5,-0.5,-30,-30,59,77,27,24,5,5,5,6,1,1,Its patent filing is a provisional application that is still pending.,"Its industrial certification is still in testing, and its first module is installing on a pilot line this quarter.",Its founders built data infrastructure together at a leading AI-data company and left senior roles to work on Curato full-time.,Its most advanced customer engagement is a pilot in two practice groups at a law firm.,133.3,102.6,142.7,148.7,133.284,110.44,172.095,148.621,14,14,14,14,TRUE,TRUE,TRUE,TRUE,FALSE,FALSE,FALSE,FALSE,1,FALSE,1,35,Female,0,"Stock Market, Crowdfunding",White,United Kingdom,United Kingdom,Full-Time,No,To see if design impacts choices?,867,1920,911
67,control,1,12,lq_first,3,1,4,2,Paperloom,Foliant,Sentyl,Pulsegrid,340b9ba1,08321160,0566fd88,e7f29679,Document Automation,Enterprise Knowledge Retrieval,AI Security,AI Observability,4,1,3,2,4,2,3,1,2,3,4,1,7,7,7,7,20,20,30,30,1,1,1,0,0,0,-10,0,100,100,72,71,7,7,7,7,7,7,An independent certification firm has completed an audit of its extraction accuracy and verified a benchmark lead.,Its most advanced customer engagement is a pilot in two practice groups at a law firm.,"It has completed a SOC 2 Type II audit, with the report available in its data room.",It charges model vendors for access to anonymized benchmark data.,112.5,13.4,20.9,50.3,112.441,13.419,20.899,50.463,14,1,14,14,TRUE,TRUE,TRUE,TRUE,FALSE,FALSE,FALSE,FALSE,1,FALSE,1,34,Male,5,"ETF or ETC, Stock Market, Government Bonds, Crowdfunding, Venture Capital fund, Private Equity fund",Black,United Kingdom,Nigeria,Full-Time,No,I believe the study is about observing the decks and providing your view about its performance.,722,1422,701
69,disclosure,5,8,hq_first,1,3,2,4,Axonmesh,Curato,Servora,Ironhall,f36cc003,37c0ca72,574d1367,817f1201,Robotics Orchestration,AI Training Data,AI Inference Infrastructure,Edge-AI Hardware,1,3,2,4,2,1,3,4,4,2,3,1,6,1,3,2,60,5,30,5,1,1,1,1,1,3,15,40,100,28,41,10,6,1,3,2,1,5,"Live fleets already coordinate robots in production at customer sites, billing recurring revenue.","Its founders are building Curato part-time alongside their current jobs, with the advisory board still forming.","Its core patent has been granted, with further claims in prosecution.","Its industrial certification is still in testing, and its first module is installing on a pilot line this quarter.",277.3,212.4,243.8,168.4,277.381,212.4,243.674,168.299,14,14,14,14,TRUE,TRUE,TRUE,TRUE,FALSE,FALSE,FALSE,FALSE,1,FALSE,1,34,Female,0,"ETF or ETC, Crowdfunding, Other",White,France,France,Unemployed (and job seeking),No,No idea,1228,2561,1593
70,disclosure,2,7,hq_first,1,3,2,4,Sentyl,Servora,Axonmesh,Curato,bcd14e91,e55a120c,e6065b1a,14efa601,AI Security,AI Inference Infrastructure,Robotics Orchestration,AI Training Data,1,3,2,4,1,2,4,3,4,3,1,2,4,4,5,2,20,20,60,0,1,1,1,0,0.5,1.5,-10,30,39,40,37,10,4,4,5,2,1,5,"It has completed a SOC 2 Type II audit, with the report available in its data room.",Its patent filing is a provisional application that is still pending.,"Live fleets already coordinate robots in production at customer sites, billing recurring revenue.",Its founders built data infrastructure together at a leading AI-data company and left senior roles to work on Curato full-time.,119.2,82.7,261.8,126.5,152.866,82.66,301.787,126.475,14,14,14,14,TRUE,TRUE,TRUE,TRUE,FALSE,FALSE,FALSE,FALSE,2,FALSE,1,32,Female,5,"Angel syndicate, Stock Market, Venture Capital fund, Crowdfunding",White,United Kingdom,Bulgaria,Full-Time,No,not sure,1632,1470,808
71,disclosure,3,15,lq_first,3,1,4,2,Servora,Sentyl,Curato,Axonmesh,737deb7d,90a19744,cbc833b1,c7e2221f,AI Inference Infrastructure,AI Security,AI Training Data,Robotics Orchestration,3,2,4,1,1,2,3,4,4,1,2,3,4,6,5,4,15,22,35,28,1,1,0,1,0.5,-0.5,-13,0,76,23,95,27,4,6,5,4,1,1,"Its core patent has been granted, with further claims in prosecution.",Its SOC 2 Type II audit is scheduled but has not yet taken place.,Its founders are academics who license the labelling technology from their university lab.,Its deployment to date is one pilot fleet running daily at a single design partner's warehouse.,53.3,59.1,45.7,39.4,53.123,59.089,45.746,39.301,14,13,12,14,TRUE,TRUE,TRUE,TRUE,FALSE,FALSE,FALSE,FALSE,1,FALSE,1,30,Male,0,"Crowdfunding, Stock Market, Options",Black,United States,United States,Unemployed (and job seeking),No,Whether or not seed funding can be better managed at crowd-scale vs. at an individual's point of understanding.,484,1857,1074
72,disclosure_explanation,8,1,hq_first,1,3,2,4,Servora,Ironhall,Curato,Foliant,737deb7d,3e0eedc2,cbc833b1,3eed90b1,AI Inference Infrastructure,Edge-AI Hardware,AI Training Data,Enterprise Knowledge Retrieval,2,4,1,3,4,1,3,2,2,4,1,3,3,3,6,5,30,10,40,20,1,1,1,1,-2.5,0.5,-10,20,11,91,36,96,3,3,6,5,1,1,"Its core patent has been granted, with further claims in prosecution.","Its industrial certification is still in testing, and its first module is installing on a pilot line this quarter.",Its founders built data infrastructure together at a leading AI-data company and left senior roles to work on Curato full-time.,Its most advanced customer engagement is a pilot in two practice groups at a law firm.,446.5,377.2,482.2,454.4,446.617,377.32,482.384,454.419,14,14,14,14,TRUE,TRUE,TRUE,TRUE,FALSE,FALSE,FALSE,FALSE,1,FALSE,1,38,Male,2,"Stock Market, Options, Crowdfunding",Other,United States,Mexico,Full-Time,No,To see how people would rate each startup based on these designs,2246,1536,826
73,disclosure,4,3,hq_first,1,3,2,4,Ironhall,Pulsegrid,Foliant,Paperloom,b5fef669,2055e10c,fa1fe22c,e20d4e90,Edge-AI Hardware,AI Observability,Enterprise Knowledge Retrieval,Document Automation,1,3,2,4,2,1,3,4,2,1,3,4,5,5,5,6,35,10,25,30,1,0,0,0,-0.5,-0.5,-5,10,58,75,54,87,5,5,5,6,6,5,Its module has passed independent industrial certification and already runs on live production lines.,Its revenue comes chiefly from paid consulting and integration projects.,Its most advanced customer engagement is a pilot in two practice groups at a law firm.,An independent certification firm has completed an audit of its extraction accuracy and verified a benchmark lead.,10.3,6.7,6.5,10.5,11.271,8.018,7.162,404.06,14,14,14,14,TRUE,TRUE,TRUE,TRUE,FALSE,FALSE,FALSE,FALSE,1,FALSE,1,38,Female,14,"ETF or ETC, Government Bonds, Stock Market, Private Equity fund, Venture Capital fund, Crowdfunding, Other",White,United Kingdom,United Kingdom,Full-Time,No,if certain factors affect how willing you are to invest in a startup/biz based on pitch decks,2227,1253,566
74,disclosure_explanation,8,4,hq_first,1,3,2,4,Foliant,Paperloom,Pulsegrid,Sentyl,46c0bf32,84f4d358,f5bfffe5,bfc6f4d0,Enterprise Knowledge Retrieval,Document Automation,AI Observability,AI Security,2,3,1,4,2,3,1,4,1,3,2,4,5,2,3,1,15,15,15,55,0,1,1,0,1.5,2.5,-20,-20,75,37,65,4,5,2,3,1,5,3,Its deployments run exclusively inside the founders' former employer.,An independent benchmark of its extraction accuracy is in progress but not yet finished.,"Paying customers run it on production models, and it generates annual recurring revenue.","It has completed a SOC 2 Type II audit, with the report available in its data room.",117.7,27.6,102.7,21.6,120.736,27.76,102.891,21.683,14,14,14,14,TRUE,TRUE,TRUE,TRUE,FALSE,FALSE,FALSE,FALSE,1,FALSE,1,44,Male,5,"Stock Market, Crowdfunding, Private Equity fund, Government Bonds, ETF or ETC",White,United States,United States,Full-Time,No,It was utterly confusing reading about these different sectors but I thought it was about design but then asked about investing in them. I am  a little confused,1224,1461,919
77,disclosure,2,12,lq_first,3,1,4,2,Paperloom,Foliant,Sentyl,Pulsegrid,340b9ba1,08321160,0566fd88,e7f29679,Document Automation,Enterprise Knowledge Retrieval,AI Security,AI Observability,4,2,3,1,2,4,3,1,4,2,3,1,6,5,5,3,65,15,15,5,0,1,0,0,1.5,1.5,30,30,37,73,20,12,6,5,5,3,3,4,An independent benchmark of its extraction accuracy is in progress but not yet finished.,Its most advanced customer engagement is a pilot in two practice groups at a law firm.,Its SOC 2 Type II audit is scheduled but has not yet taken place.,It charges model vendors for access to anonymized benchmark data.,96.5,100.1,92.7,90.3,96.619,352.151,92.924,90.25,14,14,14,14,TRUE,TRUE,TRUE,TRUE,FALSE,FALSE,FALSE,FALSE,1,FALSE,1,29,Male,2,"ETF or ETC, Stock Market, Government Bonds, Crowdfunding",White,Germany,Germany,Due to start a new job within the next month,No,About the coherence between the visual design of some pitches and the way how the reader perceives the company presented.,1273,1536,695
78,control,1,2,hq_first,1,3,2,4,Curato,Foliant,Ironhall,Pulsegrid,6b81ec39,08321160,87b7dfe9,e7f29679,AI Training Data,Enterprise Knowledge Retrieval,Edge-AI Hardware,AI Observability,2,4,1,3,4,2,1,3,4,2,3,1,5,5,6,4,10,5,80,5,1,1,1,1,0,1,-35,40,39,39,36,40,5,5,6,4,4,3,Its founders built data infrastructure together at a leading AI-data company and left senior roles to work on Curato full-time.,Its most advanced customer engagement is a pilot in two practice groups at a law firm.,Its module has passed independent industrial certification and already runs on live production lines.,"It is pre-revenue, with an open-beta cohort scheduled to start next month.",165.6,112.9,257,150.6,165.761,112.904,257.022,150.615,14,14,14,14,TRUE,TRUE,TRUE,TRUE,FALSE,FALSE,FALSE,FALSE,2,FALSE,1,44,Female,0,"Stock Market, Private Equity fund",White,United Kingdom,United Kingdom,Full-Time,No,How people are able to analyse a pitchdeck and make investment decisions.,1055,1920,911
79,disclosure,6,10,lq_first,3,1,4,2,Foliant,Curato,Pulsegrid,Ironhall,46c0bf32,37c0ca72,f5bfffe5,817f1201,Enterprise Knowledge Retrieval,AI Training Data,AI Observability,Edge-AI Hardware,3,1,4,2,2,1,3,4,1,4,3,2,4,5,6,6,10,25,50,15,1,1,0,0,-1.5,-0.5,-15,10,35,77,77,70,4,5,6,6,6,5,A bank customer has rolled Foliant out organization-wide after a successful pilot.,"Its founders are building Curato part-time alongside their current jobs, with the advisory board still forming.","It is pre-revenue, with an open-beta cohort scheduled to start next month.",Its module has passed independent industrial certification and already runs on live production lines.,659.3,83.2,49.5,258.4,659.22,83.064,49.461,258.397,6,2,14,14,TRUE,TRUE,TRUE,TRUE,FALSE,FALSE,FALSE,FALSE,2,FALSE,1,29,Female,5,"Stock Market, ETF or ETC, Crowdfunding, Private Equity fund",Mixed,United Kingdom,United Kingdom,"Not in paid work (e.g. homemaker', 'retired or disabled)",No,I think this study is very innovative,1826,1348,623
80,disclosure_explanation,8,14,lq_first,3,1,4,2,Axonmesh,Paperloom,Servora,Sentyl,f36cc003,84f4d358,574d1367,bfc6f4d0,Robotics Orchestration,Document Automation,AI Inference Infrastructure,AI Security,4,1,3,2,3,1,2,4,2,3,4,1,6,3,2,5,10,20,30,40,0,0,1,1,1,0,-20,-10,74,14,4,70,6,3,2,5,1,4,Its coordination software has so far run only in simulation.,"It does not permit external accuracy audits, citing customer confidentiality.","Its core patent has been granted, with further claims in prosecution.",Its SOC 2 Type II audit is scheduled but has not yet taken place.,89.4,104,94.7,147.8,89.251,103.872,94.748,147.714,14,14,14,14,TRUE,TRUE,TRUE,TRUE,FALSE,FALSE,FALSE,FALSE,1,FALSE,1,38,Female,1,"ETF or ETC, Stock Market, Crowdfunding",White,Germany,Germany,Part-Time,No,How well design can help to pass on important information.,1357,1280,645
81,disclosure_explanation,8,5,hq_first,1,3,2,4,Pulsegrid,Sentyl,Paperloom,Axonmesh,dff2e369,90a19744,081e5fb5,c7e2221f,AI Observability,AI Security,Document Automation,Robotics Orchestration,2,4,1,3,4,3,1,2,3,4,2,1,3,3,4,5,30,15,40,15,1,1,1,1,-1.5,-0.5,-5,20,34,36,79,72,3,3,4,5,1,1,"Paying customers run it on production models, and it generates annual recurring revenue.",Its SOC 2 Type II audit is scheduled but has not yet taken place.,An independent certification firm has completed an audit of its extraction accuracy and verified a benchmark lead.,Its deployment to date is one pilot fleet running daily at a single design partner's warehouse.,254.1,125.3,210.7,183.2,254.05,125.296,210.555,183.074,14,14,14,14,TRUE,TRUE,TRUE,TRUE,FALSE,FALSE,FALSE,FALSE,1,FALSE,1,48,Male,5,"Government Bonds, Stock Market, Unit trusts, Crowdfunding, Other",White,United Kingdom,United Kingdom,Part-Time,Maybe a little,"Whether and how presentational features of pitch decks (colour, design, blurredness) affected my investment decision.",1112,1902,901
82,disclosure,4,3,hq_first,1,3,2,4,Ironhall,Pulsegrid,Foliant,Paperloom,b5fef669,2055e10c,fa1fe22c,e20d4e90,Edge-AI Hardware,AI Observability,Enterprise Knowledge Retrieval,Document Automation,2,4,1,3,3,2,1,4,3,2,1,4,7,5,5,3,20,50,30,0,1,1,1,1,2,2,20,0,86,64,69,27,7,5,5,3,5,6,Its module has passed independent industrial certification and already runs on live production lines.,"It is pre-revenue, with an open-beta cohort scheduled to start next month.",A bank customer has rolled Foliant out organization-wide after a successful pilot.,An independent benchmark of its extraction accuracy is in progress but not yet finished.,98.6,88.9,99.1,89.7,98.637,89.087,99.072,89.833,14,14,14,14,TRUE,TRUE,TRUE,TRUE,FALSE,FALSE,FALSE,FALSE,2,FALSE,1,30,Female,2,"ETF or ETC, Government Bonds, Stock Market, Private Equity fund",Asian,Germany,Hong Kong,Full-Time,No,how we determine whether to invest into a venture,1004,1440,680
83,disclosure,6,5,hq_first,1,3,2,4,Pulsegrid,Sentyl,Paperloom,Axonmesh,dff2e369,90a19744,081e5fb5,c7e2221f,AI Observability,AI Security,Document Automation,Robotics Orchestration,1,3,2,4,3,4,2,1,4,2,3,1,3,5,5,3,15,25,45,15,1,1,1,0,0,0,-10,10,71,27,63,38,3,5,5,3,5,6,"Paying customers run it on production models, and it generates annual recurring revenue.",Its SOC 2 Type II audit is scheduled but has not yet taken place.,An independent certification firm has completed an audit of its extraction accuracy and verified a benchmark lead.,Its deployments are paused while its scheduler undergoes a safety recall.,224.5,145.1,178.5,23.6,543.027,244.028,309.238,146.356,14,14,14,14,TRUE,TRUE,TRUE,TRUE,FALSE,FALSE,FALSE,FALSE,3,TRUE,1,49,Male,12,"Private Equity fund, Stock Market, Venture Capital fund",Asian,India,India,Unemployed (and job seeking),Maybe a little,"I think this study was mainly about how people evaluate and make investment decisions on startups based on the actual business potential, rather than how attractive the pitch deck looks.

We had to look at things like the problem they are solving, their solution, market, technology, customers, traction, revenue, business model, team and future potential, and then decide where we would put our investment.

For me, it felt like the study was trying to understand whether we can look beyond the presentation and judge a startup based on its real substance and potential to generate returns.",2245,1920,911
84,control,1,6,hq_first,1,3,2,4,Paperloom,Axonmesh,Sentyl,Servora,340b9ba1,4fe27fae,0566fd88,e06655dc,Document Automation,Robotics Orchestration,AI Security,AI Inference Infrastructure,2,4,1,3,3,2,4,1,4,3,2,1,7,7,5,6,30,25,25,20,0,1,1,0,1.5,-0.5,5,5,84,37,80,77,7,7,5,6,7,7,"It does not permit external accuracy audits, citing customer confidentiality.",Its deployment to date is one pilot fleet running daily at a single design partner's warehouse.,"It has completed a SOC 2 Type II audit, with the report available in its data room.",Its technology is patented by a university and licensed to the company exclusively.,45.3,60.2,69.9,61.5,45.209,60.148,69.776,61.442,14,14,14,14,TRUE,TRUE,TRUE,TRUE,FALSE,FALSE,FALSE,FALSE,1,FALSE,1,63,Female,15,"Government Bonds, Crowdfunding",White,United States,United States,Part-Time,No,evaluation of four companies,742,1536,730
85,disclosure,3,14,lq_first,3,1,4,2,Axonmesh,Paperloom,Servora,Sentyl,f36cc003,84f4d358,574d1367,bfc6f4d0,Robotics Orchestration,Document Automation,AI Inference Infrastructure,AI Security,3,1,4,2,1,2,4,3,1,4,2,3,4,6,5,3,35,25,40,0,0,1,1,1,1,0,10,25,29,67,37,14,4,6,5,3,3,3,Its deployment to date is one pilot fleet running daily at a single design partner's warehouse.,An independent benchmark of its extraction accuracy is in progress but not yet finished.,"Its core patent has been granted, with further claims in prosecution.",Its SOC 2 Type II audit is scheduled but has not yet taken place.,183.5,162.8,169.1,161.9,183.422,162.875,169.273,161.8,14,14,14,14,TRUE,TRUE,TRUE,TRUE,FALSE,FALSE,FALSE,FALSE,2,FALSE,1,56,Male,0,"ETF or ETC, Government Bonds, Stock Market, Crowdfunding",White,United Kingdom,United Kingdom,"Not in paid work (e.g. homemaker', 'retired or disabled)",No,"No idea, trying to obtain information from badly coloured slides?",917,1920,945
86,disclosure,2,7,hq_first,1,3,2,4,Sentyl,Servora,Axonmesh,Curato,bcd14e91,e55a120c,e6065b1a,14efa601,AI Security,AI Inference Infrastructure,Robotics Orchestration,AI Training Data,1,4,2,3,1,3,2,4,1,2,4,3,6,5,4,4,45,45,5,5,0,1,0,0,1.5,0.5,40,0,64,71,49,51,6,5,4,4,1,1,Its SOC 2 Type II audit is scheduled but has not yet taken place.,Its patent filing is a provisional application that is still pending.,Its deployment to date is one pilot fleet running daily at a single design partner's warehouse.,Its founders built data infrastructure together at a leading AI-data company and left senior roles to work on Curato full-time.,111.8,144.9,179.5,131.8,111.923,144.86,179.228,131.84,14,14,14,14,TRUE,TRUE,TRUE,TRUE,FALSE,FALSE,FALSE,FALSE,1,FALSE,1,44,Male,0,"ETF or ETC, Stock Market, Private Equity fund",White,Canada,Canada,Full-Time,No,It seemed like I was being tested on my attention to detail and how well I could remember small details presented in the slides.,1200,1366,587
88,disclosure,6,16,lq_first,3,1,4,2,Curato,Axonmesh,Ironhall,Servora,6b81ec39,4fe27fae,87b7dfe9,e06655dc,AI Training Data,Robotics Orchestration,Edge-AI Hardware,AI Inference Infrastructure,4,2,3,1,3,4,2,1,4,3,1,2,7,6,2,3,33,32,12,23,0,0,1,1,4,0,15,-5,96,72,32,37,7,6,2,3,3,5,"Its founders are building Curato part-time alongside their current jobs, with the advisory board still forming.","Live fleets already coordinate robots in production at customer sites, billing recurring revenue.",Its module has passed independent industrial certification and already runs on live production lines.,Its patent filing is a provisional application that is still pending.,45.7,49.9,57.2,37.5,45.664,49.746,57.031,37.328,14,14,14,14,TRUE,TRUE,TRUE,TRUE,FALSE,FALSE,FALSE,FALSE,2,FALSE,1,35,Female,5,"Stock Market, Unit trusts, Private Equity fund, Crowdfunding, ETF or ETC",White,United Kingdom,United Kingdom,Full-Time,Maybe a little,Testing design for helping assist memory.,919,1912,948
89,disclosure,3,15,lq_first,3,1,4,2,Servora,Sentyl,Curato,Axonmesh,737deb7d,90a19744,cbc833b1,c7e2221f,AI Inference Infrastructure,AI Security,AI Training Data,Robotics Orchestration,3,2,4,1,2,1,3,4,4,3,2,1,6,3,5,2,50,10,40,0,1,0,1,1,1,3,10,40,69,72,34,42,6,3,5,2,1,1,"Its core patent has been granted, with further claims in prosecution.",It has decided to defer formal security audits until after this funding round.,Its founders built data infrastructure together at a leading AI-data company and left senior roles to work on Curato full-time.,Its deployment to date is one pilot fleet running daily at a single design partner's warehouse.,204.4,256.9,199.6,253.7,204.376,257.137,199.619,253.619,14,14,14,14,TRUE,TRUE,TRUE,TRUE,FALSE,FALSE,FALSE,FALSE,1,FALSE,1,22,Male,0,"Stock Market, ETF or ETC, Options, Private Equity fund",White,Germany,Germany,Full-Time,No,"How different attributes (personal experience, waitlist, revenue, etc.) affect the personal evaluation of a company.",1428,1920,945
92,disclosure_explanation,8,16,lq_first,3,1,4,2,Curato,Axonmesh,Ironhall,Servora,6b81ec39,4fe27fae,87b7dfe9,e06655dc,AI Training Data,Robotics Orchestration,Edge-AI Hardware,AI Inference Infrastructure,4,1,3,2,1,2,4,3,3,1,4,2,3,2,4,4,48,20,26,6,1,0,1,0,-1.5,0.5,18,24,61,31,30,11,3,2,4,4,2,3,Its founders built data infrastructure together at a leading AI-data company and left senior roles to work on Curato full-time.,"Live fleets already coordinate robots in production at customer sites, billing recurring revenue.",Its module has passed independent industrial certification and already runs on live production lines.,It relies on trade secrecy and has not sought patent protection.,37.6,48.2,45.8,40.1,37.367,48.226,45.849,40.106,14,14,14,14,TRUE,TRUE,TRUE,TRUE,FALSE,FALSE,FALSE,FALSE,1,FALSE,1,26,Male,3,"ETF or ETC, Government Bonds, Stock Market, Unit trusts, Angel syndicate, Crowdfunding, Venture Capital fund, Private Equity fund, Options, Other",White,Germany,Germany,Full-Time,No,If the design of the slides influenced the investment choices.,482,1910,928
93,disclosure,6,9,lq_first,3,1,4,2,Ironhall,Servora,Foliant,Curato,b5fef669,e55a120c,fa1fe22c,14efa601,Edge-AI Hardware,AI Inference Infrastructure,Enterprise Knowledge Retrieval,AI Training Data,3,1,4,2,2,1,4,3,1,3,2,4,6,5,5,6,28,22,28,22,1,1,0,0,0,0,0,6,93,100,37,41,6,5,5,6,3,6,Its module has passed independent industrial certification and already runs on live production lines.,Its patent filing is a provisional application that is still pending.,Its deployments run exclusively inside the founders' former employer.,Its founders are academics who license the labelling technology from their university lab.,465.2,273.7,379.4,232.8,465.14,273.838,383.644,232.832,14,14,14,8,TRUE,TRUE,TRUE,TRUE,FALSE,FALSE,FALSE,FALSE,2,FALSE,1,39,Male,19,"ETF or ETC, Government Bonds, Stock Market, Options, Private Equity fund, Venture Capital fund, Other",Asian,India,India,Full-Time,Maybe a little,"Little tricky, though it was about startup venture and how they doing. Providing details for each venture in decks. But alternatively something about cognitive. How people proceed the reading and how much they remember about a company.",2274,1536,738
94,disclosure_explanation,7,16,lq_first,3,1,4,2,Curato,Axonmesh,Ironhall,Servora,6b81ec39,4fe27fae,87b7dfe9,e06655dc,AI Training Data,Robotics Orchestration,Edge-AI Hardware,AI Inference Infrastructure,4,1,3,2,3,4,1,2,4,3,1,2,2,2,6,3,10,15,40,35,1,1,1,1,-2.5,1.5,-25,0,51,50,53,52,2,2,6,3,1,1,Its founders built data infrastructure together at a leading AI-data company and left senior roles to work on Curato full-time.,Its deployment to date is one pilot fleet running daily at a single design partner's warehouse.,Its module has passed independent industrial certification and already runs on live production lines.,Its patent filing is a provisional application that is still pending.,101.8,175.3,122.2,146.1,101.793,186.672,122.184,146.143,14,14,14,14,TRUE,TRUE,TRUE,TRUE,FALSE,FALSE,FALSE,FALSE,1,FALSE,1,24,Female,3,"ETF or ETC, Stock Market, Private Equity fund, Venture Capital fund, Crowdfunding, Government Bonds, Options",Black,United Kingdom,Austria,Full-Time,No,If the design of a pitch deck influences an individuals investment decisions,1212,1470,801
95,disclosure,5,8,hq_first,1,3,2,4,Axonmesh,Curato,Servora,Ironhall,f36cc003,37c0ca72,574d1367,817f1201,Robotics Orchestration,AI Training Data,AI Inference Infrastructure,Edge-AI Hardware,1,4,2,3,4,2,1,3,3,4,2,1,6,6,5,5,0,0,25,75,0,1,0,1,1,0,-50,-25,82,71,27,46,6,6,5,5,6,5,Its deployment to date is one pilot fleet running daily at a single design partner's warehouse.,"Its founders are building Curato part-time alongside their current jobs, with the advisory board still forming.",Its technology is patented by a university and licensed to the company exclusively.,"Its industrial certification is still in testing, and its first module is installing on a pilot line this quarter.",104.1,79.5,130.2,96.9,108.945,86.459,130.339,123.841,14,14,14,14,TRUE,TRUE,TRUE,TRUE,FALSE,FALSE,FALSE,FALSE,2,FALSE,1,41,Male,5,"ETF or ETC, Stock Market, Options, Private Equity fund",White,United Kingdom,United Kingdom,Full-Time,No,Deciding how different companies advertise themselves and who should gain the most investment.,811,1528,698
96,disclosure_explanation,7,10,lq_first,3,1,4,2,Foliant,Curato,Pulsegrid,Ironhall,46c0bf32,37c0ca72,f5bfffe5,817f1201,Enterprise Knowledge Retrieval,AI Training Data,AI Observability,Edge-AI Hardware,4,2,3,1,2,3,1,4,4,3,2,1,6,4,6,3,35,20,35,10,1,1,1,1,0.5,2.5,5,20,100,87,85,88,6,4,6,3,1,1,A bank customer has rolled Foliant out organization-wide after a successful pilot.,"Its founders are building Curato part-time alongside their current jobs, with the advisory board still forming.","Paying customers run it on production models, and it generates annual recurring revenue.","Its industrial certification is still in testing, and its first module is installing on a pilot line this quarter.",66.8,82.1,69.9,92.9,66.677,82.189,69.824,92.877,14,14,14,14,TRUE,TRUE,TRUE,TRUE,FALSE,FALSE,FALSE,FALSE,1,FALSE,1,25,Female,6,"Government Bonds, Stock Market, Crowdfunding",Black,United States,United States,Part-Time,No,no idea,998,1308,753
97,control,1,2,hq_first,1,3,2,4,Curato,Foliant,Ironhall,Pulsegrid,6b81ec39,08321160,87b7dfe9,e7f29679,AI Training Data,Enterprise Knowledge Retrieval,Edge-AI Hardware,AI Observability,1,3,2,4,2,4,1,3,2,1,3,4,NA,NA,NA,NA,NA,NA,NA,NA,NA,NA,NA,NA,NA,NA,NA,NA,65,39,36,58,3,4,5,5,3,4,Its founders built data infrastructure together at a leading AI-data company and left senior roles to work on Curato full-time.,A national government agency is its anchor customer.,"Its industrial certification is still in testing, and its first module is installing on a pilot line this quarter.",It charges model vendors for access to anonymized benchmark data.,74,13.3,10.3,11.8,73.925,13.403,10.334,11.803,14,14,14,14,FALSE,FALSE,FALSE,FALSE,TRUE,TRUE,TRUE,TRUE,1,FALSE,1,41,Female,2,"Stock Market, Crowdfunding, Other",White,Canada,Canada,Part-Time,Maybe a little,visual effectiveness of decks,417,1787,792
98,disclosure,2,16,lq_first,3,1,4,2,Curato,Axonmesh,Ironhall,Servora,6b81ec39,4fe27fae,87b7dfe9,e06655dc,AI Training Data,Robotics Orchestration,Edge-AI Hardware,AI Inference Infrastructure,4,2,3,1,1,4,3,2,3,1,4,2,3,6,6,4,32,17,33,18,1,1,1,1,-0.5,-0.5,-1,15,74,93,88,75,3,6,6,4,4,4,Its founders built data infrastructure together at a leading AI-data company and left senior roles to work on Curato full-time.,Its deployment to date is one pilot fleet running daily at a single design partner's warehouse.,Its module has passed independent industrial certification and already runs on live production lines.,Its patent filing is a provisional application that is still pending.,87.6,124.7,77.3,294.2,201.819,301.999,180.987,368.871,14,14,14,14,TRUE,TRUE,TRUE,TRUE,FALSE,FALSE,FALSE,FALSE,1,FALSE,1,30,Female,3,"Stock Market, Government Bonds, Private Equity fund",Black,United Kingdom,Nigeria,Part-Time,Maybe a little,"The study was about evaluating different start up pitch decks and making investments decisions based on their potential, risks, and performance.",1974,2048,1064
100,disclosure,3,12,lq_first,3,1,4,2,Paperloom,Foliant,Sentyl,Pulsegrid,340b9ba1,08321160,0566fd88,e7f29679,Document Automation,Enterprise Knowledge Retrieval,AI Security,AI Observability,4,1,3,2,1,3,4,2,2,1,3,4,5,3,5,5,50,10,30,10,1,1,1,1,-1,1,10,30,85,33,51,32,5,3,5,5,1,1,An independent certification firm has completed an audit of its extraction accuracy and verified a benchmark lead.,Its most advanced customer engagement is a pilot in two practice groups at a law firm.,"It has completed a SOC 2 Type II audit, with the report available in its data room.","It is pre-revenue, with an open-beta cohort scheduled to start next month.",122.8,143.8,135.8,193.8,122.645,143.799,135.786,193.879,14,14,14,14,TRUE,TRUE,TRUE,TRUE,FALSE,FALSE,FALSE,FALSE,2,FALSE,1,63,Male,5,"ETF or ETC, Government Bonds, Stock Market, Unit trusts, Private Equity fund",White,United Kingdom,United Kingdom,Other,No,I assume is evaluating the pitch on the information given,1169,1280,586
101,disclosure_explanation,7,13,lq_first,3,1,4,2,Sentyl,Pulsegrid,Axonmesh,Paperloom,bcd14e91,2055e10c,e6065b1a,e20d4e90,AI Security,AI Observability,Robotics Orchestration,Document Automation,3,2,4,1,3,2,1,4,1,4,3,2,6,4,5,6,30,30,20,20,1,1,0,0,-0.5,0.5,10,0,85,27,75,88,6,4,5,6,4,2,"It has completed a SOC 2 Type II audit, with the report available in its data room.","It is pre-revenue, with an open-beta cohort scheduled to start next month.",Its deployment to date is one pilot fleet running daily at a single design partner's warehouse.,An independent certification firm has completed an audit of its extraction accuracy and verified a benchmark lead.,193,363.5,157.9,426.9,195.483,363.467,157.825,426.509,14,14,14,14,TRUE,TRUE,TRUE,TRUE,FALSE,FALSE,FALSE,FALSE,1,FALSE,1,47,Male,0,"ETF or ETC, Stock Market, Private Equity fund, Government Bonds",Asian,India,India,Part-Time,No,This study is about understanding  business model through 4 different type of ventures,2743,1242,583
102,disclosure,5,11,lq_first,3,1,4,2,Pulsegrid,Ironhall,Paperloom,Foliant,dff2e369,3e0eedc2,081e5fb5,3eed90b1,AI Observability,Edge-AI Hardware,Document Automation,Enterprise Knowledge Retrieval,3,1,4,2,3,1,2,4,1,4,2,3,7,4,7,5,41,5,44,10,1,1,1,1,-0.5,2.5,-4,35,79,58,63,61,7,4,7,5,2,2,"Paying customers run it on production models, and it generates annual recurring revenue.","Its industrial certification is still in testing, and its first module is installing on a pilot line this quarter.",An independent certification firm has completed an audit of its extraction accuracy and verified a benchmark lead.,Its most advanced customer engagement is a pilot in two practice groups at a law firm.,71.7,106.7,71.9,81.4,71.752,106.773,71.696,81.592,14,14,14,14,TRUE,TRUE,TRUE,TRUE,FALSE,FALSE,FALSE,FALSE,3,FALSE,1,34,Male,4,"ETF or ETC, Government Bonds, Stock Market, Options, Private Equity fund, Crowdfunding",White,Canada,Canada,Full-Time,Maybe a little,"The study was about how people evaluate startup pitch decks and decide how to allocate investment capital based on factors like the team, traction, market potential, business model, and overall risk",1079,1920,957
104,disclosure,6,14,lq_first,3,1,4,2,Axonmesh,Paperloom,Servora,Sentyl,f36cc003,84f4d358,574d1367,bfc6f4d0,Robotics Orchestration,Document Automation,AI Inference Infrastructure,AI Security,3,1,4,2,4,3,1,2,1,3,4,2,7,7,6,7,25,20,35,20,1,1,1,1,0.5,-0.5,-5,10,74,82,67,82,7,7,6,7,4,5,"Live fleets already coordinate robots in production at customer sites, billing recurring revenue.",An independent benchmark of its extraction accuracy is in progress but not yet finished.,"Its core patent has been granted, with further claims in prosecution.",Its SOC 2 Type II audit is scheduled but has not yet taken place.,140.5,470.6,157,180.8,140.377,473.42,158.842,180.977,14,14,14,14,TRUE,TRUE,TRUE,TRUE,FALSE,FALSE,FALSE,FALSE,1,FALSE,1,38,Female,5,"ETF or ETC, Government Bonds, Stock Market, Unit trusts, Angel syndicate, Private Equity fund, Venture Capital fund, Crowdfunding",Mixed,India,India,Full-Time,No,evaluation of pitches by startups and also remembering facts regarding startups such as Axonmesh and Servora.,1956,1536,730
105,disclosure,4,10,lq_first,3,1,4,2,Foliant,Curato,Pulsegrid,Ironhall,46c0bf32,37c0ca72,f5bfffe5,817f1201,Enterprise Knowledge Retrieval,AI Training Data,AI Observability,Edge-AI Hardware,3,1,4,2,4,2,3,1,2,3,1,4,4,6,6,4,20,30,30,20,1,0,0,1,0,0,0,0,87,69,72,63,4,6,6,4,7,6,A bank customer has rolled Foliant out organization-wide after a successful pilot.,Its founders built data infrastructure together at a leading AI-data company and left senior roles to work on Curato full-time.,Its revenue comes chiefly from paid consulting and integration projects.,"Its industrial certification is still in testing, and its first module is installing on a pilot line this quarter.",294,136.7,78.6,109.3,294.083,136.609,83.271,109.345,14,14,14,14,TRUE,TRUE,TRUE,TRUE,FALSE,FALSE,FALSE,FALSE,1,FALSE,1,42,Male,0,"Government Bonds, ETF or ETC, Stock Market, Options, Private Equity fund",Asian,India,India,Part-Time,Maybe a little,I think the objective of this study is to find out how visual design affects decision making. I allotted the maximum funds to decks with clear visibility and images.,1313,1366,641
107,disclosure_explanation,7,15,lq_first,3,1,4,2,Servora,Sentyl,Curato,Axonmesh,737deb7d,90a19744,cbc833b1,c7e2221f,AI Inference Infrastructure,AI Security,AI Training Data,Robotics Orchestration,3,1,4,2,3,1,2,4,4,3,2,1,7,6,4,6,25,25,30,20,1,1,1,1,1.5,-0.5,0,5,85,62,39,63,7,6,4,6,6,5,"Its core patent has been granted, with further claims in prosecution.",Its SOC 2 Type II audit is scheduled but has not yet taken place.,Its founders built data infrastructure together at a leading AI-data company and left senior roles to work on Curato full-time.,Its deployment to date is one pilot fleet running daily at a single design partner's warehouse.,69.5,121.3,103.8,106.2,77.56,121.292,103.789,114.876,14,14,14,14,TRUE,TRUE,TRUE,TRUE,FALSE,FALSE,FALSE,FALSE,1,FALSE,1,25,Male,5,"ETF or ETC, Stock Market, Government Bonds, Private Equity fund",Asian,India,India,Full-Time,Yes,The study was about evaluating different AI startups and deciding which ones seemed most worth investing in.,2248,1366,641
108,disclosure,3,2,hq_first,1,3,2,4,Curato,Foliant,Ironhall,Pulsegrid,6b81ec39,08321160,87b7dfe9,e7f29679,AI Training Data,Enterprise Knowledge Retrieval,Edge-AI Hardware,AI Observability,2,3,1,4,1,4,2,3,1,2,4,3,5,5,4,4,30,20,20,30,1,1,1,1,1,0,0,0,78,91,30,37,5,5,4,4,2,1,Its founders built data infrastructure together at a leading AI-data company and left senior roles to work on Curato full-time.,Its most advanced customer engagement is a pilot in two practice groups at a law firm.,Its module has passed independent industrial certification and already runs on live production lines.,"It is pre-revenue, with an open-beta cohort scheduled to start next month.",72.8,44.8,102.8,46.9,72.851,44.777,102.767,46.807,14,14,14,14,TRUE,TRUE,TRUE,TRUE,FALSE,FALSE,FALSE,FALSE,1,FALSE,1,30,Male,1,"Stock Market, Government Bonds, Private Equity fund, Venture Capital fund",Mixed,United Kingdom,United Kingdom,Full-Time,Yes,reviewing four business startup pitch,1087,1536,730
109,disclosure,2,8,hq_first,1,3,2,4,Axonmesh,Curato,Servora,Ironhall,f36cc003,37c0ca72,574d1367,817f1201,Robotics Orchestration,AI Training Data,AI Inference Infrastructure,Edge-AI Hardware,1,4,2,3,3,2,1,4,4,3,2,1,6,3,4,3,50,0,50,0,1,0,1,0,1,2,0,50,69,22,26,33,6,3,4,3,4,5,"Live fleets already coordinate robots in production at customer sites, billing recurring revenue.","An outside CEO was hired to lead the company, with the founders in technical roles.","Its core patent has been granted, with further claims in prosecution.",Its module has passed independent industrial certification and already runs on live production lines.,253.4,183.4,225.3,164,253.379,183.481,225.32,164.114,14,14,14,14,TRUE,TRUE,TRUE,TRUE,FALSE,FALSE,FALSE,FALSE,1,FALSE,1,38,Female,7,"ETF or ETC, Stock Market, Crowdfunding",White,United Kingdom,Sweden,Full-Time,No,The ability to read and understand heavily tech focused information and remember what you've read afterwards?,1276,1512,828
110,control,1,3,hq_first,1,3,2,4,Ironhall,Pulsegrid,Foliant,Paperloom,b5fef669,2055e10c,fa1fe22c,e20d4e90,Edge-AI Hardware,AI Observability,Enterprise Knowledge Retrieval,Document Automation,1,4,2,3,1,2,4,3,3,2,4,1,5,5,6,4,25,30,15,30,1,1,1,1,0,1,5,-10,44,53,57,44,5,5,6,4,5,5,Its module has passed independent industrial certification and already runs on live production lines.,"It is pre-revenue, with an open-beta cohort scheduled to start next month.",A bank customer has rolled Foliant out organization-wide after a successful pilot.,An independent benchmark of its extraction accuracy is in progress but not yet finished.,25.7,39,48.3,44.4,25.371,38.906,47.85,44.427,14,14,14,14,TRUE,TRUE,TRUE,TRUE,FALSE,FALSE,FALSE,FALSE,1,FALSE,1,34,Male,14,"Stock Market, Government Bonds, Crowdfunding",White,United Kingdom,United Kingdom,Full-Time,No,Finding out if people can take in information from a sales deck and how the judge what is worth investing in based on the information provided?,471,1729,929
111,disclosure,2,7,hq_first,1,3,2,4,Sentyl,Servora,Axonmesh,Curato,bcd14e91,e55a120c,e6065b1a,14efa601,AI Security,AI Inference Infrastructure,Robotics Orchestration,AI Training Data,1,3,2,4,3,1,2,4,3,1,2,4,4,3,6,2,20,20,50,10,1,0,1,0,-0.5,2.5,-10,20,63,92,23,0,4,3,6,2,1,1,"It has completed a SOC 2 Type II audit, with the report available in its data room.","Its core patent has been granted, with further claims in prosecution.","Live fleets already coordinate robots in production at customer sites, billing recurring revenue.",Its founders built data infrastructure together at a leading AI-data company and left senior roles to work on Curato full-time.,179.5,131.6,208.6,38,179.512,135.818,208.588,45.313,14,14,14,14,TRUE,TRUE,TRUE,TRUE,FALSE,FALSE,FALSE,FALSE,1,FALSE,1,30,Female,0,"Crowdfunding, Stock Market",White,United Kingdom,United Kingdom,Full-Time,Maybe a little,"I wonder if it was about how much people pay attention to whether brands have patents, real-life case studies, and what their founder histories are.",1052,1920,953
112,disclosure,4,3,hq_first,1,3,2,4,Ironhall,Pulsegrid,Foliant,Paperloom,b5fef669,2055e10c,fa1fe22c,e20d4e90,Edge-AI Hardware,AI Observability,Enterprise Knowledge Retrieval,Document Automation,1,3,2,4,2,1,3,4,4,2,3,1,7,6,7,7,25,25,25,25,0,0,1,0,-0.5,0.5,0,0,100,74,88,100,7,6,7,7,7,7,"Its industrial certification is still in testing, and its first module is installing on a pilot line this quarter.",It charges model vendors for access to anonymized benchmark data.,A bank customer has rolled Foliant out organization-wide after a successful pilot.,Its accuracy has been validated only in a peer-reviewed academic study.,268.1,102.4,215.5,102.7,267.969,102.299,215.426,102.654,14,14,14,14,TRUE,TRUE,TRUE,TRUE,FALSE,FALSE,FALSE,FALSE,1,FALSE,1,27,Female,3,"Stock Market, Government Bonds, Unit trusts, Private Equity fund",Black,United Kingdom,Kenya,Part-Time,No,The study is about Ai tools used at wotk place to help reduce time in completing a task assigned.,2202,1280,585
114,disclosure,3,10,lq_first,3,1,4,2,Foliant,Curato,Pulsegrid,Ironhall,46c0bf32,37c0ca72,f5bfffe5,817f1201,Enterprise Knowledge Retrieval,AI Training Data,AI Observability,Edge-AI Hardware,4,2,3,1,2,1,4,3,2,4,3,1,7,5,5,3,40,30,20,10,1,0,0,1,2,2,20,10,99,68,59,3,7,5,5,3,1,1,A bank customer has rolled Foliant out organization-wide after a successful pilot.,Its founders are academics who license the labelling technology from their university lab.,"It is pre-revenue, with an open-beta cohort scheduled to start next month.","Its industrial certification is still in testing, and its first module is installing on a pilot line this quarter.",222.7,219.5,257,319.9,239.292,219.54,256.977,319.738,14,14,14,14,TRUE,TRUE,TRUE,TRUE,FALSE,FALSE,FALSE,FALSE,1,FALSE,1,22,Male,2,"Stock Market, Government Bonds, ETF or ETC, Crowdfunding",Black,United States,United States,Full-Time,No,I think it was about how startup decks affect the choice of an investor,2179,1366,645
115,disclosure_explanation,8,3,hq_first,1,3,2,4,Ironhall,Pulsegrid,Foliant,Paperloom,b5fef669,2055e10c,fa1fe22c,e20d4e90,Edge-AI Hardware,AI Observability,Enterprise Knowledge Retrieval,Document Automation,1,3,2,4,1,4,2,3,3,1,2,4,7,2,5,4,40,10,30,20,1,1,1,1,0,3,0,20,100,74,76,51,7,2,5,4,6,6,Its module has passed independent industrial certification and already runs on live production lines.,"It is pre-revenue, with an open-beta cohort scheduled to start next month.",A bank customer has rolled Foliant out organization-wide after a successful pilot.,An independent benchmark of its extraction accuracy is in progress but not yet finished.,182.3,69.5,80.9,54,224.734,99.264,110.412,107.275,14,14,14,14,TRUE,TRUE,TRUE,TRUE,FALSE,FALSE,FALSE,FALSE,1,FALSE,1,41,Female,2,"Government Bonds, Stock Market, Crowdfunding",White,United Kingdom,Romania,Full-Time,No,how to evaluate startups,1323,1920,945
117,disclosure,5,15,lq_first,3,1,4,2,Servora,Sentyl,Curato,Axonmesh,737deb7d,90a19744,cbc833b1,c7e2221f,AI Inference Infrastructure,AI Security,AI Training Data,Robotics Orchestration,3,2,4,1,4,1,2,3,2,4,3,1,5,5,4,5,35,30,20,15,0,0,0,0,0.5,-0.5,15,5,74,44,24,36,5,5,4,5,1,2,Its technology is patented by a university and licensed to the company exclusively.,Its compliance certifications are inherited from its cloud hosting provider.,Its founders are academics who license the labelling technology from their university lab.,"Live fleets already coordinate robots in production at customer sites, billing recurring revenue.",258.4,192.6,207.6,187.8,258.282,192.508,259.947,187.691,14,14,14,14,TRUE,TRUE,TRUE,TRUE,FALSE,FALSE,FALSE,FALSE,1,FALSE,1,61,Male,10,"Stock Market, Crowdfunding",White,United Kingdom,United Kingdom,Full-Time,No,obtaining views on the quality and financial effectiveness of various proposals,1369,1528,732
118,disclosure_explanation,7,11,lq_first,3,1,4,2,Pulsegrid,Ironhall,Paperloom,Foliant,dff2e369,3e0eedc2,081e5fb5,3eed90b1,AI Observability,Edge-AI Hardware,Document Automation,Enterprise Knowledge Retrieval,3,1,4,2,1,3,2,4,4,3,1,2,5,5,6,6,30,25,20,25,0,1,0,0,-1,0,5,0,60,61,78,64,5,5,6,6,6,6,"It is pre-revenue, with an open-beta cohort scheduled to start next month.","Its industrial certification is still in testing, and its first module is installing on a pilot line this quarter.",An independent benchmark of its extraction accuracy is in progress but not yet finished.,A bank customer has rolled Foliant out organization-wide after a successful pilot.,58.2,18.6,114.9,15.8,57.983,18.554,114.766,15.756,14,1,14,1,TRUE,TRUE,TRUE,TRUE,FALSE,FALSE,FALSE,FALSE,2,FALSE,1,39,Female,5,"Stock Market, Venture Capital fund, Crowdfunding, Private Equity fund, Options",White,United States,United States,Part-Time,Maybe a little,study in business examining how investors read and remember pitch deck information,1451,1536,754
119,disclosure,4,14,lq_first,3,1,4,2,Axonmesh,Paperloom,Servora,Sentyl,f36cc003,84f4d358,574d1367,bfc6f4d0,Robotics Orchestration,Document Automation,AI Inference Infrastructure,AI Security,3,2,4,1,3,2,4,1,1,3,4,2,4,4,4,5,65,10,15,10,0,1,0,0,-0.5,-0.5,25,30,29,29,34,59,4,4,4,5,4,5,Its coordination software has so far run only in simulation.,An independent benchmark of its extraction accuracy is in progress but not yet finished.,Its patent filing is a provisional application that is still pending.,"It has completed a SOC 2 Type II audit, with the report available in its data room.",40.9,58.2,34.9,38.4,54.094,62.677,34.82,76.653,14,14,14,14,TRUE,TRUE,TRUE,TRUE,FALSE,FALSE,FALSE,FALSE,1,FALSE,1,48,Male,3,"Stock Market, Government Bonds, Crowdfunding",White,United Kingdom,United Kingdom,Full-Time,Maybe a little,It felt as though it was geared towards the AI industry and the move needed by companies with there data to successfully navigate this move.,564,1280,551
120,disclosure,4,11,lq_first,3,1,4,2,Pulsegrid,Ironhall,Paperloom,Foliant,dff2e369,3e0eedc2,081e5fb5,3eed90b1,AI Observability,Edge-AI Hardware,Document Automation,Enterprise Knowledge Retrieval,3,2,4,1,4,2,1,3,4,1,3,2,5,4,4,5,30,35,20,15,1,0,1,0,0,0,15,0,68,68,30,68,5,4,4,5,4,4,"Paying customers run it on production models, and it generates annual recurring revenue.",It licenses its enclosure design to established equipment makers instead of manufacturing itself.,An independent certification firm has completed an audit of its extraction accuracy and verified a benchmark lead.,A bank customer has rolled Foliant out organization-wide after a successful pilot.,20.9,33.7,17.5,18,21.051,33.753,17.369,17.878,14,14,14,14,TRUE,TRUE,TRUE,TRUE,FALSE,FALSE,FALSE,FALSE,3,TRUE,1,24,Male,5,"Government Bonds, ETF or ETC, Stock Market, Unit trusts, Angel syndicate, Options, Private Equity fund",White,United States,United States,Full-Time,Maybe a little,"this study was about how colors influence decsions, each deck had different colors",736,1440,816
121,disclosure,2,6,hq_first,1,3,2,4,Paperloom,Axonmesh,Sentyl,Servora,340b9ba1,4fe27fae,0566fd88,e06655dc,Document Automation,Robotics Orchestration,AI Security,AI Inference Infrastructure,2,4,1,3,3,2,1,4,4,2,3,1,4,5,6,3,20,30,40,10,1,1,1,1,0,1,0,10,69,72,65,40,4,5,6,3,1,1,An independent certification firm has completed an audit of its extraction accuracy and verified a benchmark lead.,Its deployment to date is one pilot fleet running daily at a single design partner's warehouse.,"It has completed a SOC 2 Type II audit, with the report available in its data room.",Its patent filing is a provisional application that is still pending.,216.1,162.4,163.5,177.8,215.973,162.48,163.554,177.934,14,14,14,14,TRUE,TRUE,TRUE,TRUE,FALSE,FALSE,FALSE,FALSE,1,FALSE,1,46,Female,5,"Government Bonds, Unit trusts, Private Equity fund",White,United Kingdom,United Kingdom,Full-Time,No,"I think this study was seeking to understand the investment potential of startup tech companies, looking at information on past performance, governance, and projected growth.",1308,1164,563
122,disclosure_explanation,8,1,hq_first,1,3,2,4,Servora,Ironhall,Curato,Foliant,737deb7d,3e0eedc2,cbc833b1,3eed90b1,AI Inference Infrastructure,Edge-AI Hardware,AI Training Data,Enterprise Knowledge Retrieval,2,3,1,4,4,3,2,1,1,2,4,3,7,2,5,2,65,5,25,5,1,1,1,1,1,4,20,40,99,76,63,39,7,2,5,2,5,2,"Its core patent has been granted, with further claims in prosecution.","Its industrial certification is still in testing, and its first module is installing on a pilot line this quarter.",Its founders built data infrastructure together at a leading AI-data company and left senior roles to work on Curato full-time.,Its most advanced customer engagement is a pilot in two practice groups at a law firm.,501.6,330,378.4,243.4,514.607,332.237,389.778,244.791,14,14,14,14,TRUE,TRUE,TRUE,TRUE,FALSE,FALSE,FALSE,FALSE,1,FALSE,1,24,Male,0,"Private Equity fund, Stock Market",Asian,India,India,Full-Time,No,"Reviewing four startup ventures, their future plans, familiarising their founders, and whether their innovation is patented or not. How can the information presented influence investment decisions.",2635,1280,632
123,disclosure,5,9,lq_first,3,1,4,2,Ironhall,Servora,Foliant,Curato,b5fef669,e55a120c,fa1fe22c,14efa601,Edge-AI Hardware,AI Inference Infrastructure,Enterprise Knowledge Retrieval,AI Training Data,4,2,3,1,3,4,1,2,4,3,1,2,5,7,4,4,0,40,0,60,1,0,1,1,2,-1,-10,-50,61,90,13,15,5,7,4,4,3,5,Its module has passed independent industrial certification and already runs on live production lines.,"Its core patent has been granted, with further claims in prosecution.",A bank customer has rolled Foliant out organization-wide after a successful pilot.,"Its founders are building Curato part-time alongside their current jobs, with the advisory board still forming.",206.3,196.7,279.7,187.9,206.424,196.815,391.356,187.762,14,14,14,14,TRUE,TRUE,TRUE,TRUE,FALSE,FALSE,FALSE,FALSE,2,FALSE,1,48,Male,0,"Government Bonds, Stock Market, Private Equity fund, Crowdfunding",Asian,United States,United States,Full-Time,No,I think it's about making decisions based on provided information,1657,1636,946
124,disclosure,4,4,hq_first,1,3,2,4,Foliant,Paperloom,Pulsegrid,Sentyl,46c0bf32,84f4d358,f5bfffe5,bfc6f4d0,Enterprise Knowledge Retrieval,Document Automation,AI Observability,AI Security,2,4,1,3,4,2,3,1,2,4,3,1,4,5,7,2,10,10,80,0,1,1,0,1,0,2,-30,40,95,79,23,14,4,5,7,2,1,1,A bank customer has rolled Foliant out organization-wide after a successful pilot.,An independent benchmark of its extraction accuracy is in progress but not yet finished.,"It is pre-revenue, with an open-beta cohort scheduled to start next month.",Its SOC 2 Type II audit is scheduled but has not yet taken place.,154.4,181.6,154.2,146.9,154.37,181.3,163.599,146.9,14,14,14,14,TRUE,TRUE,TRUE,TRUE,FALSE,FALSE,FALSE,FALSE,2,FALSE,1,48,Female,1,Crowdfunding,White,United States,United States,Full-Time,No,I think this study was about advertising and effectiveness .,1017,980,1834
125,disclosure,6,9,lq_first,3,1,4,2,Ironhall,Servora,Foliant,Curato,b5fef669,e55a120c,fa1fe22c,14efa601,Edge-AI Hardware,AI Inference Infrastructure,Enterprise Knowledge Retrieval,AI Training Data,4,1,3,2,3,4,1,2,1,3,4,2,5,4,4,4,25,22,28,25,0,0,0,0,0.5,0.5,-3,3,73,37,31,52,5,4,4,4,5,5,It licenses its enclosure design to established equipment makers instead of manufacturing itself.,It relies on trade secrecy and has not sought patent protection.,Its deployments run exclusively inside the founders' former employer.,"An outside CEO was hired to lead the company, with the founders in technical roles.",88.2,127.4,133.6,129.2,88.283,127.244,133.535,129.081,14,14,14,14,TRUE,TRUE,TRUE,TRUE,FALSE,FALSE,FALSE,FALSE,2,FALSE,1,34,Male,2,"Stock Market, ETF or ETC, Government Bonds, Crowdfunding",White,United Kingdom,United Kingdom,Full-Time,No,Comparing start ups to determine which ones to invest in,807,1912,914
126,control,1,14,lq_first,3,1,4,2,Axonmesh,Paperloom,Servora,Sentyl,f36cc003,84f4d358,574d1367,bfc6f4d0,Robotics Orchestration,Document Automation,AI Inference Infrastructure,AI Security,3,2,4,1,3,4,2,1,3,1,4,2,6,2,5,5,50,0,35,15,1,1,1,0,-1,2,0,35,74,82,23,27,6,2,5,5,1,5,"Live fleets already coordinate robots in production at customer sites, billing recurring revenue.",An independent benchmark of its extraction accuracy is in progress but not yet finished.,"Its core patent has been granted, with further claims in prosecution.","It has completed a SOC 2 Type II audit, with the report available in its data room.",154.7,143.3,117.8,863.5,195.406,143.306,117.748,876.525,14,14,14,14,TRUE,TRUE,TRUE,TRUE,FALSE,FALSE,FALSE,FALSE,1,FALSE,1,39,Male,2,"ETF or ETC, Stock Market, Crowdfunding",White,United Kingdom,United Kingdom,Full-Time,Maybe a little,"At a guess, i would say it has to do with the colour and presentation of the decks and how it may or may not influence attention and subsequent investment decisions.",1610,1280,665
127,control,1,4,hq_first,1,3,2,4,Foliant,Paperloom,Pulsegrid,Sentyl,46c0bf32,84f4d358,f5bfffe5,bfc6f4d0,Enterprise Knowledge Retrieval,Document Automation,AI Observability,AI Security,1,3,2,4,3,1,2,4,4,1,3,2,5,4,5,5,17,18,35,30,1,0,1,0,-0.5,0.5,-15,2,28,35,29,31,5,4,5,5,2,2,A bank customer has rolled Foliant out organization-wide after a successful pilot.,An independent certification firm has completed an audit of its extraction accuracy and verified a benchmark lead.,"Paying customers run it on production models, and it generates annual recurring revenue.","It has completed a SOC 2 Type II audit, with the report available in its data room.",315.7,129.8,478,56.5,315.77,129.682,478.149,56.523,14,14,14,14,TRUE,TRUE,TRUE,TRUE,FALSE,FALSE,FALSE,FALSE,1,FALSE,1,48,Male,2,"Stock Market, Unit trusts, Crowdfunding, Private Equity fund, Venture Capital fund, Options, Government Bonds, ETF or ETC",White,United Kingdom,United Kingdom,Full-Time,No,absorbing information to make decisions?,1305,1912,948
128,disclosure,3,2,hq_first,1,3,2,4,Curato,Foliant,Ironhall,Pulsegrid,6b81ec39,08321160,87b7dfe9,e7f29679,AI Training Data,Enterprise Knowledge Retrieval,Edge-AI Hardware,AI Observability,1,4,2,3,3,1,2,4,3,1,2,4,5,2,4,4,60,5,25,10,1,1,1,0,-0.5,1.5,15,35,63,59,63,43,5,2,4,4,2,2,Its founders built data infrastructure together at a leading AI-data company and left senior roles to work on Curato full-time.,Its most advanced customer engagement is a pilot in two practice groups at a law firm.,Its module has passed independent industrial certification and already runs on live production lines.,Its revenue comes chiefly from paid consulting and integration projects.,185.9,94.6,97.9,11.3,186.007,94.676,97.746,11.202,14,14,14,1,TRUE,TRUE,TRUE,TRUE,FALSE,FALSE,FALSE,FALSE,3,TRUE,1,40,Male,5,"ETF or ETC, Government Bonds, Stock Market, Angel syndicate, Crowdfunding",White,United Kingdom,United Kingdom,Full-Time,No,I think it was to see if people could be blinded by the graphics and design rather than just the pure numbers and mathematics of a company.,796,1920,917
129,disclosure_explanation,7,13,lq_first,3,1,4,2,Sentyl,Pulsegrid,Axonmesh,Paperloom,bcd14e91,2055e10c,e6065b1a,e20d4e90,AI Security,AI Observability,Robotics Orchestration,Document Automation,4,2,3,1,3,4,1,2,4,1,3,2,6,1,5,2,50,0,30,20,0,1,1,1,0,4,0,30,6,13,8,14,6,1,5,2,1,1,Its SOC 2 Type II audit is scheduled but has not yet taken place.,"It is pre-revenue, with an open-beta cohort scheduled to start next month.","Live fleets already coordinate robots in production at customer sites, billing recurring revenue.",An independent benchmark of its extraction accuracy is in progress but not yet finished.,429.2,411.9,436.2,159.1,429.219,415.69,446.345,159.076,14,14,14,14,TRUE,TRUE,TRUE,TRUE,FALSE,FALSE,FALSE,FALSE,1,FALSE,1,21,Male,1,"Government Bonds, Stock Market, ETF or ETC, Options, Private Equity fund, Venture Capital fund",Other,United States,United States,Due to start a new job within the next month,No,"Honestly, it felt like seeing a blank wall and remembering important details about them. The design team, wasn't that great. Nothing really stuck out and it was difficult to remember which company was which and remember their important details after reading all 14 slides. I don't think the investment part actually had that much to do with the study.",1933,1920,946
130,disclosure,4,12,lq_first,3,1,4,2,Paperloom,Foliant,Sentyl,Pulsegrid,340b9ba1,08321160,0566fd88,e7f29679,Document Automation,Enterprise Knowledge Retrieval,AI Security,AI Observability,4,1,3,2,2,3,1,4,3,1,2,4,6,5,6,3,38,18,30,14,1,1,1,1,1,2,6,18,51,53,75,53,6,5,6,3,5,2,An independent certification firm has completed an audit of its extraction accuracy and verified a benchmark lead.,Its most advanced customer engagement is a pilot in two practice groups at a law firm.,"It has completed a SOC 2 Type II audit, with the report available in its data room.","It is pre-revenue, with an open-beta cohort scheduled to start next month.",106.1,239.2,146.5,169.5,105.977,239.309,146.382,169.294,14,14,14,14,TRUE,TRUE,TRUE,TRUE,FALSE,FALSE,FALSE,FALSE,1,FALSE,1,33,Female,5,"ETF or ETC, Government Bonds, Stock Market, Private Equity fund",White,Canada,Canada,Full-Time,No,Evaluation of start up companies and investment decisions based on information provided.,1321,1710,947
132,disclosure,6,1,hq_first,1,3,2,4,Servora,Ironhall,Curato,Foliant,737deb7d,3e0eedc2,cbc833b1,3eed90b1,AI Inference Infrastructure,Edge-AI Hardware,AI Training Data,Enterprise Knowledge Retrieval,1,3,2,4,4,2,1,3,3,4,2,1,5,3,4,4,40,10,35,15,1,1,1,1,0,1,0,25,70,20,40,30,5,3,4,4,1,1,"Its core patent has been granted, with further claims in prosecution.","Its industrial certification is still in testing, and its first module is installing on a pilot line this quarter.",Its founders built data infrastructure together at a leading AI-data company and left senior roles to work on Curato full-time.,Its most advanced customer engagement is a pilot in two practice groups at a law firm.,370.3,379.7,316.3,505.8,373.322,384.292,316.384,509.214,14,14,14,14,TRUE,TRUE,TRUE,TRUE,FALSE,FALSE,FALSE,FALSE,1,FALSE,1,25,Male,2,"Stock Market, Angel syndicate, Private Equity fund, Unit trusts, Government Bonds, ETF or ETC, Options",Asian,India,India,Full-Time,No,"I think this study was about evaluating how business metrics, team quality, and fundamental venture data influence early stage startup investment choices and capital allocation decisions",2630,1366,641
133,disclosure_explanation,7,15,lq_first,3,1,4,2,Servora,Sentyl,Curato,Axonmesh,737deb7d,90a19744,cbc833b1,c7e2221f,AI Inference Infrastructure,AI Security,AI Training Data,Robotics Orchestration,4,1,3,2,3,4,2,1,2,4,3,1,7,4,5,3,80,0,20,0,1,1,1,1,1.5,2.5,30,50,96,83,84,83,7,4,5,3,1,1,"Its core patent has been granted, with further claims in prosecution.",Its SOC 2 Type II audit is scheduled but has not yet taken place.,Its founders built data infrastructure together at a leading AI-data company and left senior roles to work on Curato full-time.,Its deployment to date is one pilot fleet running daily at a single design partner's warehouse.,222.6,258.6,81.1,89.9,222.405,258.648,124.78,89.966,14,14,14,14,TRUE,TRUE,TRUE,TRUE,FALSE,FALSE,FALSE,FALSE,1,FALSE,1,38,Male,5,"Stock Market, Crowdfunding, Government Bonds",White,United Kingdom,United Kingdom,Full-Time,No,"How much information we take in, and whether visuals affect decision making",903,1912,914
134,disclosure,3,7,hq_first,1,3,2,4,Sentyl,Servora,Axonmesh,Curato,bcd14e91,e55a120c,e6065b1a,14efa601,AI Security,AI Inference Infrastructure,Robotics Orchestration,AI Training Data,1,3,2,4,3,4,2,1,3,4,1,2,6,4,4,5,20,20,40,20,1,0,0,1,0.5,0.5,-10,10,82,52,31,62,6,4,4,5,1,1,"It has completed a SOC 2 Type II audit, with the report available in its data room.",Its technology is patented by a university and licensed to the company exclusively.,Its deployment to date is one pilot fleet running daily at a single design partner's warehouse.,"Its founders are building Curato part-time alongside their current jobs, with the advisory board still forming.",167.7,113.4,130.8,85.3,167.729,113.242,130.879,97.477,14,14,14,14,TRUE,TRUE,TRUE,TRUE,FALSE,FALSE,FALSE,FALSE,1,FALSE,1,43,Male,6,"Stock Market, Crowdfunding",Black,United States,Nigeria,Part-Time,No,Analyzing some start up pitch,1103,1280,609
135,disclosure,2,16,lq_first,3,1,4,2,Curato,Axonmesh,Ironhall,Servora,6b81ec39,4fe27fae,87b7dfe9,e06655dc,AI Training Data,Robotics Orchestration,Edge-AI Hardware,AI Inference Infrastructure,3,1,4,2,1,2,4,3,4,1,2,3,6,1,1,1,11,63,17,9,1,1,0,1,2.5,2.5,24,-22,76,4,5,2,6,1,1,1,1,1,Its founders built data infrastructure together at a leading AI-data company and left senior roles to work on Curato full-time.,Its deployment to date is one pilot fleet running daily at a single design partner's warehouse.,It licenses its enclosure design to established equipment makers instead of manufacturing itself.,Its patent filing is a provisional application that is still pending.,209.8,198.8,65.7,78.2,209.735,198.696,65.501,78.195,14,14,14,14,TRUE,TRUE,TRUE,TRUE,FALSE,FALSE,FALSE,FALSE,1,FALSE,1,59,Female,10,"Angel syndicate, Stock Market, Crowdfunding",White,United Kingdom,United Kingdom,Full-Time,No,The impact of bad design visuals on investment decisions.,987,1280,720
136,disclosure,6,5,hq_first,1,3,2,4,Pulsegrid,Sentyl,Paperloom,Axonmesh,dff2e369,90a19744,081e5fb5,c7e2221f,AI Observability,AI Security,Document Automation,Robotics Orchestration,1,4,2,3,2,3,4,1,4,1,3,2,6,2,7,5,80,0,20,0,1,1,1,1,-2,3,30,50,76,18,24,31,6,2,7,5,1,1,"Paying customers run it on production models, and it generates annual recurring revenue.",Its SOC 2 Type II audit is scheduled but has not yet taken place.,An independent certification firm has completed an audit of its extraction accuracy and verified a benchmark lead.,Its deployment to date is one pilot fleet running daily at a single design partner's warehouse.,103.8,153.2,118.4,269.7,103.798,153.142,118.299,269.364,14,14,14,14,TRUE,TRUE,TRUE,TRUE,FALSE,FALSE,FALSE,FALSE,1,FALSE,1,59,Male,20,"Stock Market, Crowdfunding",White,United States,United States,"Not in paid work (e.g. homemaker', 'retired or disabled)",No,what I remember from the decks,973,1920,911
137,disclosure,5,12,lq_first,3,1,4,2,Paperloom,Foliant,Sentyl,Pulsegrid,340b9ba1,08321160,0566fd88,e7f29679,Document Automation,Enterprise Knowledge Retrieval,AI Security,AI Observability,4,2,3,1,4,1,3,2,2,1,3,4,6,4,6,5,27,17,30,26,1,1,1,0,-0.5,1.5,-6,7,88,88,65,65,6,4,6,5,1,1,An independent certification firm has completed an audit of its extraction accuracy and verified a benchmark lead.,Its most advanced customer engagement is a pilot in two practice groups at a law firm.,"It has completed a SOC 2 Type II audit, with the report available in its data room.","Paying customers run it on production models, and it generates annual recurring revenue.",194.2,682,239.3,294.2,194.002,688.623,239.314,294.415,14,14,14,14,TRUE,TRUE,TRUE,TRUE,FALSE,FALSE,FALSE,FALSE,1,FALSE,1,32,Male,2,"Stock Market, Private Equity fund, Crowdfunding, Government Bonds, ETF or ETC",Black,United Kingdom,Nigeria,Full-Time,No,"It was a great study on how one perceives some set of business, quite time consuming but very interesting.",2646,1366,641
138,disclosure_explanation,7,14,lq_first,3,1,4,2,Axonmesh,Paperloom,Servora,Sentyl,f36cc003,84f4d358,574d1367,bfc6f4d0,Robotics Orchestration,Document Automation,AI Inference Infrastructure,AI Security,4,2,3,1,2,3,1,4,4,1,3,2,6,4,5,7,20,20,20,40,1,1,1,0,-1,0,-10,-10,91,28,12,12,6,4,5,7,1,1,"Live fleets already coordinate robots in production at customer sites, billing recurring revenue.",An independent benchmark of its extraction accuracy is in progress but not yet finished.,"Its core patent has been granted, with further claims in prosecution.","It has completed a SOC 2 Type II audit, with the report available in its data room.",267.6,297.3,280.9,293.6,267.337,297.269,280.985,293.513,14,14,14,14,TRUE,TRUE,TRUE,TRUE,FALSE,FALSE,FALSE,FALSE,1,FALSE,1,38,Female,8,"Government Bonds, Stock Market, ETF or ETC, Crowdfunding",Black,United Kingdom,Jamaica,Full-Time,No,Bias,1556,1296,666
140,disclosure,2,9,lq_first,3,1,4,2,Ironhall,Servora,Foliant,Curato,b5fef669,e55a120c,fa1fe22c,14efa601,Edge-AI Hardware,AI Inference Infrastructure,Enterprise Knowledge Retrieval,AI Training Data,4,1,3,2,4,3,2,1,1,4,3,2,7,4,7,3,45,5,45,5,1,1,1,1,0.5,3.5,0,40,79,69,56,65,7,4,7,3,3,5,Its module has passed independent industrial certification and already runs on live production lines.,Its patent filing is a provisional application that is still pending.,A bank customer has rolled Foliant out organization-wide after a successful pilot.,"Its founders are building Curato part-time alongside their current jobs, with the advisory board still forming.",64.8,107.6,75.3,107.3,112.225,223.974,214.682,168.675,14,14,14,14,TRUE,TRUE,TRUE,TRUE,FALSE,FALSE,FALSE,FALSE,1,FALSE,1,23,Male,3,"Government Bonds, Stock Market, Options, Crowdfunding",Other,India,India,Due to start a new job within the next month,No,"I think the study was testing whether people can separate the substantive business quality of a startup from the visual presentation of its pitch deck. Specifically, it seemed designed to see if investors focus on real underlying signals like revenue, full-time experienced founders, granted patents, and customer traction rather than being swayed by superficial design choices or presentation formats created by a third party.",2096,1910,942
141,disclosure,5,3,hq_first,1,3,2,4,Ironhall,Pulsegrid,Foliant,Paperloom,b5fef669,2055e10c,fa1fe22c,e20d4e90,Edge-AI Hardware,AI Observability,Enterprise Knowledge Retrieval,Document Automation,1,3,2,4,3,1,2,4,4,3,2,1,7,7,7,7,10,10,35,45,1,1,1,1,0,0,-30,-5,97,89,94,97,7,7,7,7,7,7,Its module has passed independent industrial certification and already runs on live production lines.,"It is pre-revenue, with an open-beta cohort scheduled to start next month.",A bank customer has rolled Foliant out organization-wide after a successful pilot.,An independent benchmark of its extraction accuracy is in progress but not yet finished.,143.1,42.7,121.9,50.3,158.51,42.721,121.762,50.261,14,14,14,14,TRUE,TRUE,TRUE,TRUE,FALSE,FALSE,FALSE,FALSE,1,FALSE,1,25,Female,3,"Stock Market, Unit trusts, Angel syndicate, Private Equity fund, Venture Capital fund, Crowdfunding",Asian,India,India,Part-Time,No,"This study appears to be about how people evaluate startup pitch decks and assess early-stage venture viability, specifically looking at how details like certifications, technology validation, market size, and traction influence investment decisions or venture perception.",2712,1536,730
142,disclosure,4,12,lq_first,3,1,4,2,Paperloom,Foliant,Sentyl,Pulsegrid,340b9ba1,08321160,0566fd88,e7f29679,Document Automation,Enterprise Knowledge Retrieval,AI Security,AI Observability,3,2,4,1,1,2,4,3,1,3,2,4,6,7,5,4,10,30,40,20,1,1,1,0,2,0,-10,0,30,72,40,19,6,7,5,4,5,6,An independent certification firm has completed an audit of its extraction accuracy and verified a benchmark lead.,Its most advanced customer engagement is a pilot in two practice groups at a law firm.,"It has completed a SOC 2 Type II audit, with the report available in its data room.","Paying customers run it on production models, and it generates annual recurring revenue.",100,126.3,101.8,59.5,99.937,126.35,133.731,59.468,14,14,14,2,TRUE,TRUE,TRUE,TRUE,FALSE,FALSE,FALSE,FALSE,2,FALSE,1,26,Male,1,"Stock Market, Private Equity fund, ETF or ETC, Government Bonds",Asian,India,India,Full-Time,No,"This study was knowing about four different startups, their business model and what they do, and how they operate, and what are they trying to solve. The motive of this study was to understand all these parameters, and then decide in what ratio would I invest in those startups based on my understanding of their business model. That is what I think of this study.",1576,1280,671
143,disclosure_explanation,7,14,lq_first,3,1,4,2,Axonmesh,Paperloom,Servora,Sentyl,f36cc003,84f4d358,574d1367,bfc6f4d0,Robotics Orchestration,Document Automation,AI Inference Infrastructure,AI Security,4,1,3,2,4,3,1,2,2,3,4,1,6,6,5,4,40,15,30,15,1,0,1,1,1.5,0.5,5,20,86,79,17,47,6,6,5,4,1,1,"Live fleets already coordinate robots in production at customer sites, billing recurring revenue.",An independent certification firm has completed an audit of its extraction accuracy and verified a benchmark lead.,"Its core patent has been granted, with further claims in prosecution.",Its SOC 2 Type II audit is scheduled but has not yet taken place.,224.4,346.9,273.2,326.4,224.131,351.651,276.791,326.193,14,14,14,14,TRUE,TRUE,TRUE,TRUE,FALSE,FALSE,FALSE,FALSE,2,FALSE,1,73,Female,5,"Stock Market, Crowdfunding, Other",White,United Kingdom,United Kingdom,Part-Time,No,"It could be thought to be about ... the way important company matters are displayed can affect the interest of investors/customers.  Design is very important.  It could be about the portrayal in words and excitement raised by ""copy"" which is inspiring.  It could be about how possible investors (ie me) can retain important information over a lot of paperwork to answer comprehension questions.  It could be about a combination of all those things in the hope of finding ways to inspire investors to invest ... ?",2367,1920,911
145,disclosure,4,13,lq_first,3,1,4,2,Sentyl,Pulsegrid,Axonmesh,Paperloom,bcd14e91,2055e10c,e6065b1a,e20d4e90,AI Security,AI Observability,Robotics Orchestration,Document Automation,4,2,3,1,2,1,3,4,3,1,2,4,7,6,7,5,30,15,40,15,1,1,1,1,0.5,1.5,-5,20,0,0,100,100,7,6,7,5,1,1,"It has completed a SOC 2 Type II audit, with the report available in its data room.","It is pre-revenue, with an open-beta cohort scheduled to start next month.","Live fleets already coordinate robots in production at customer sites, billing recurring revenue.",An independent benchmark of its extraction accuracy is in progress but not yet finished.,84.1,432.7,180,825.9,84.133,434.48,188.975,826.959,14,14,14,14,TRUE,TRUE,TRUE,TRUE,FALSE,FALSE,FALSE,FALSE,1,FALSE,1,67,Female,4,"Stock Market, Private Equity fund, Government Bonds",White,United States,United States,Full-Time,No,How people make investment decisions.,3101,1920,945
146,disclosure,4,1,hq_first,1,3,2,4,Servora,Ironhall,Curato,Foliant,737deb7d,3e0eedc2,cbc833b1,3eed90b1,AI Inference Infrastructure,Edge-AI Hardware,AI Training Data,Enterprise Knowledge Retrieval,1,3,2,4,2,3,1,4,1,4,3,2,5,4,3,3,40,20,20,20,1,0,1,1,1.5,0.5,10,10,56,47,38,34,5,4,3,3,1,1,"Its core patent has been granted, with further claims in prosecution.",It licenses its enclosure design to established equipment makers instead of manufacturing itself.,Its founders built data infrastructure together at a leading AI-data company and left senior roles to work on Curato full-time.,Its most advanced customer engagement is a pilot in two practice groups at a law firm.,163,109.1,134.5,157.1,162.969,108.926,134.367,157.153,14,14,14,14,TRUE,TRUE,TRUE,TRUE,FALSE,FALSE,FALSE,FALSE,2,FALSE,1,35,Male,7,"ETF or ETC, Stock Market, Private Equity fund",White,Germany,Germany,Unemployed (and job seeking),No,Finding out which investment is a good choice and which are not.,1012,1920,947
147,disclosure_explanation,7,8,hq_first,1,3,2,4,Axonmesh,Curato,Servora,Ironhall,f36cc003,37c0ca72,574d1367,817f1201,Robotics Orchestration,AI Training Data,AI Inference Infrastructure,Edge-AI Hardware,1,4,2,3,4,2,1,3,3,4,2,1,6,4,5,5,40,25,20,15,1,0,1,1,0,1,15,10,19,0,9,9,6,4,5,5,1,1,"Live fleets already coordinate robots in production at customer sites, billing recurring revenue.",Its founders are academics who license the labelling technology from their university lab.,"Its core patent has been granted, with further claims in prosecution.","Its industrial certification is still in testing, and its first module is installing on a pilot line this quarter.",238.9,189.8,175.2,169.2,238.839,189.801,175.235,169.253,14,14,14,14,TRUE,TRUE,TRUE,TRUE,FALSE,FALSE,FALSE,FALSE,1,FALSE,1,33,Male,0,"Stock Market, Options, Private Equity fund",Mixed,United Kingdom,United Kingdom,Full-Time,Maybe a little,About whether technical jargon can influence perception of a company,1093,1680,962
148,disclosure_explanation,8,12,lq_first,3,1,4,2,Paperloom,Foliant,Sentyl,Pulsegrid,340b9ba1,08321160,0566fd88,e7f29679,Document Automation,Enterprise Knowledge Retrieval,AI Security,AI Observability,3,2,4,1,2,3,1,4,1,2,4,3,7,3,6,3,40,25,15,20,1,1,1,1,0.5,3.5,15,5,74,37,66,36,7,3,6,3,1,1,An independent certification firm has completed an audit of its extraction accuracy and verified a benchmark lead.,Its most advanced customer engagement is a pilot in two practice groups at a law firm.,"It has completed a SOC 2 Type II audit, with the report available in its data room.","It is pre-revenue, with an open-beta cohort scheduled to start next month.",146.1,123.1,122.9,131.6,146.167,122.888,122.601,131.577,14,14,14,14,TRUE,TRUE,TRUE,TRUE,FALSE,FALSE,FALSE,FALSE,1,FALSE,1,22,Female,2,"Government Bonds, Stock Market, Private Equity fund",Mixed,United States,United States,Full-Time,No,The study was about testing whether the visual design of pitch decks influences investment decisions,1175,1280,720
150,disclosure,3,3,hq_first,1,3,2,4,Ironhall,Pulsegrid,Foliant,Paperloom,b5fef669,2055e10c,fa1fe22c,e20d4e90,Edge-AI Hardware,AI Observability,Enterprise Knowledge Retrieval,Document Automation,1,4,2,3,1,4,3,2,1,4,2,3,6,5,5,4,40,15,35,10,1,1,1,0,1,1,5,25,83,76,76,64,6,5,5,4,5,4,Its module has passed independent industrial certification and already runs on live production lines.,"It is pre-revenue, with an open-beta cohort scheduled to start next month.",A bank customer has rolled Foliant out organization-wide after a successful pilot.,An independent certification firm has completed an audit of its extraction accuracy and verified a benchmark lead.,137.7,100.3,121,124,137.848,100.272,120.864,123.934,14,14,14,14,TRUE,TRUE,TRUE,TRUE,FALSE,FALSE,FALSE,FALSE,1,FALSE,1,29,Male,2,"Stock Market, Angel syndicate, Government Bonds, Private Equity fund",Black,United Kingdom,United Kingdom,Full-Time,No,This study was about how people evaluate and allocate investment across early stage AI startups.,1462,1280,585
152,disclosure,5,7,hq_first,1,3,2,4,Sentyl,Servora,Axonmesh,Curato,bcd14e91,e55a120c,e6065b1a,14efa601,AI Security,AI Inference Infrastructure,Robotics Orchestration,AI Training Data,2,4,1,3,3,4,2,1,2,4,3,1,6,4,5,4,15,15,30,40,1,1,1,1,0.5,1.5,-20,-5,70,62,72,27,6,4,5,4,1,1,"It has completed a SOC 2 Type II audit, with the report available in its data room.",Its patent filing is a provisional application that is still pending.,"Live fleets already coordinate robots in production at customer sites, billing recurring revenue.","Its founders are building Curato part-time alongside their current jobs, with the advisory board still forming.",99.2,78.3,316,143.3,99.185,78.185,318.328,146.162,14,14,14,14,TRUE,TRUE,TRUE,TRUE,FALSE,FALSE,FALSE,FALSE,1,FALSE,1,42,Male,0,Crowdfunding,White,United Kingdom,United Kingdom,Full-Time,No,"It was to assess the different types of pitches from copmanies, to see if there is a pattern amongst where investment is going to lie. For example choosing in pilot vs in produciton, and the makeup / projection for the companies",1246,1679,880
153,disclosure_explanation,8,10,lq_first,3,1,4,2,Foliant,Curato,Pulsegrid,Ironhall,46c0bf32,37c0ca72,f5bfffe5,817f1201,Enterprise Knowledge Retrieval,AI Training Data,AI Observability,Edge-AI Hardware,3,1,4,2,3,2,4,1,1,2,3,4,4,5,2,4,4,20,67,9,0,0,0,0,1.5,-1.5,-26,21,38,59,9,54,4,5,2,4,7,6,Its deployments run exclusively inside the founders' former employer.,Its founders built data infrastructure together at a leading AI-data company and left senior roles to work on Curato full-time.,"It is pre-revenue, with an open-beta cohort scheduled to start next month.",Its module has passed independent industrial certification and already runs on live production lines.,28.2,37,36,25.6,31.998,36.688,35.9,25.389,14,14,14,14,TRUE,TRUE,TRUE,TRUE,FALSE,FALSE,FALSE,FALSE,3,FALSE,1,36,Male,4,"Private Equity fund, Options, Angel syndicate, Unit trusts, Stock Market, Government Bonds, ETF or ETC",White,United States,United States,Unemployed (and job seeking),Maybe a little,"I am not sure, it's clear that AI technology has already surpassed my  mid 30s intellect and many of the terms used didn't register with me. Corpo speak? Selling to way smarter people than me in CEOs and CFOs?",812,1888,938
154,disclosure,6,10,lq_first,3,1,4,2,Foliant,Curato,Pulsegrid,Ironhall,46c0bf32,37c0ca72,f5bfffe5,817f1201,Enterprise Knowledge Retrieval,AI Training Data,AI Observability,Edge-AI Hardware,4,1,3,2,4,3,1,2,2,1,3,4,6,3,6,4,35,5,45,15,1,1,1,1,-0.5,2.5,-10,30,82,91,22,76,6,3,6,4,1,1,A bank customer has rolled Foliant out organization-wide after a successful pilot.,"Its founders are building Curato part-time alongside their current jobs, with the advisory board still forming.","Paying customers run it on production models, and it generates annual recurring revenue.","Its industrial certification is still in testing, and its first module is installing on a pilot line this quarter.",169.8,272.7,168.5,247.6,169.658,272.625,168.655,247.568,14,14,14,14,TRUE,TRUE,TRUE,TRUE,FALSE,FALSE,FALSE,FALSE,1,FALSE,1,46,Female,10,"Stock Market, Angel syndicate, Venture Capital fund, Crowdfunding",White,United Kingdom,United Kingdom,Full-Time,No,whether we are actually influenced by the look of a presentation even when we are told not to be.,1610,1920,911
156,disclosure,5,13,lq_first,3,1,4,2,Sentyl,Pulsegrid,Axonmesh,Paperloom,bcd14e91,2055e10c,e6065b1a,e20d4e90,AI Security,AI Observability,Robotics Orchestration,Document Automation,4,1,3,2,3,2,1,4,1,4,2,3,6,4,3,4,30,10,50,10,1,1,0,1,1.5,0.5,-10,30,78,82,93,79,6,4,3,4,1,1,"It has completed a SOC 2 Type II audit, with the report available in its data room.","It is pre-revenue, with an open-beta cohort scheduled to start next month.",Its deployment to date is one pilot fleet running daily at a single design partner's warehouse.,An independent benchmark of its extraction accuracy is in progress but not yet finished.,290,296.1,313.6,285.2,290.07,295.807,313.681,285.174,14,14,14,14,TRUE,TRUE,TRUE,TRUE,FALSE,FALSE,FALSE,FALSE,1,FALSE,1,54,Female,0,"Government Bonds, Stock Market, Crowdfunding, ETF or ETC",White,United States,United States,Full-Time,No,I am not sure. Perhaps it's about not being distracted by fancy design on the decks versus digging into the information to make a decision about investing.,2277,1536,791
157,disclosure,4,7,hq_first,1,3,2,4,Sentyl,Servora,Axonmesh,Curato,bcd14e91,e55a120c,e6065b1a,14efa601,AI Security,AI Inference Infrastructure,Robotics Orchestration,AI Training Data,2,3,1,4,3,1,2,4,2,3,1,4,4,4,6,3,10,10,70,10,0,0,0,0,-0.5,1.5,-30,30,59,34,78,31,4,4,6,3,4,4,Its SOC 2 Type II audit is scheduled but has not yet taken place.,It relies on trade secrecy and has not sought patent protection.,Its coordination software has so far run only in simulation.,"An outside CEO was hired to lead the company, with the founders in technical roles.",422.9,243.6,295.1,193.4,422.822,243.572,295.173,193.386,14,14,14,14,TRUE,TRUE,TRUE,TRUE,FALSE,FALSE,FALSE,FALSE,3,FALSE,1,35,Male,5,"Stock Market, Government Bonds, Private Equity fund",Asian,India,India,Full-Time,Maybe a little,How well you can select investment opportunity.,2012,1920,919
159,disclosure,5,13,lq_first,3,1,4,2,Sentyl,Pulsegrid,Axonmesh,Paperloom,bcd14e91,2055e10c,e6065b1a,e20d4e90,AI Security,AI Observability,Robotics Orchestration,Document Automation,4,1,3,2,2,4,3,1,3,4,2,1,7,5,7,2,15,5,80,0,1,1,1,1,1.5,3.5,-30,45,78,37,37,0,7,5,7,2,2,5,"It has completed a SOC 2 Type II audit, with the report available in its data room.","It is pre-revenue, with an open-beta cohort scheduled to start next month.","Live fleets already coordinate robots in production at customer sites, billing recurring revenue.",An independent benchmark of its extraction accuracy is in progress but not yet finished.,301.1,368.4,334,312.2,300.864,370.245,333.899,312.102,14,14,14,14,TRUE,TRUE,TRUE,TRUE,FALSE,FALSE,FALSE,FALSE,1,FALSE,1,27,Male,3,"Stock Market, Government Bonds, Crowdfunding",White,United Kingdom,United Kingdom,Full-Time,Maybe a little,"Financial investment decisions based on presentations of statistics, most likely targeting the difference between businesses that are actually generating revenue vs startups with implied future revenue.",1865,2560,1297
160,disclosure,2,6,hq_first,1,3,2,4,Paperloom,Axonmesh,Sentyl,Servora,340b9ba1,4fe27fae,0566fd88,e06655dc,Document Automation,Robotics Orchestration,AI Security,AI Inference Infrastructure,2,4,1,3,4,1,3,2,2,1,4,3,6,5,4,4,35,35,10,20,1,1,0,1,1.5,0.5,20,-5,87,49,0,0,6,5,4,4,5,5,An independent certification firm has completed an audit of its extraction accuracy and verified a benchmark lead.,Its deployment to date is one pilot fleet running daily at a single design partner's warehouse.,It has decided to defer formal security audits until after this funding round.,Its patent filing is a provisional application that is still pending.,191.9,229.2,181.6,199.3,191.808,229.095,878.879,199.12,14,14,14,14,TRUE,TRUE,TRUE,TRUE,FALSE,FALSE,FALSE,FALSE,1,FALSE,1,66,Male,10,"Government Bonds, Stock Market, Options, Crowdfunding",White,United States,United States,Other,Yes,"Judgement about feasibility and believability of investment solicitation slide decks.  Honestly the first deck was too dark to be readable which suggests poor planning or obsession with ""design"" over function.",2298,1205,713
162,disclosure,5,13,lq_first,3,1,4,2,Sentyl,Pulsegrid,Axonmesh,Paperloom,bcd14e91,2055e10c,e6065b1a,e20d4e90,AI Security,AI Observability,Robotics Orchestration,Document Automation,4,1,3,2,4,3,1,2,1,3,2,4,6,5,5,4,30,20,40,10,1,1,1,0,1,1,0,20,92,86,30,28,6,5,5,4,1,1,"It has completed a SOC 2 Type II audit, with the report available in its data room.","It is pre-revenue, with an open-beta cohort scheduled to start next month.","Live fleets already coordinate robots in production at customer sites, billing recurring revenue.","It does not permit external accuracy audits, citing customer confidentiality.",293,245.4,233.4,220.2,293.861,249.607,234.332,220.302,14,14,14,14,TRUE,TRUE,TRUE,TRUE,FALSE,FALSE,FALSE,FALSE,1,FALSE,1,26,Male,1,"ETF or ETC, Stock Market, Private Equity fund",White,United Kingdom,United Kingdom,Full-Time,Maybe a little,"I think this study might have been about participants views on AI implementation in terms of new start ups, so some of these ai start ups were replacing human jobs and some of the ai start ups were about protecting ai infrastructure which may provide extra jobs. Or it could be about how we rate different styles of AI.",1786,1280,585
164,disclosure_explanation,7,15,lq_first,3,1,4,2,Servora,Sentyl,Curato,Axonmesh,737deb7d,90a19744,cbc833b1,c7e2221f,AI Inference Infrastructure,AI Security,AI Training Data,Robotics Orchestration,4,2,3,1,4,3,1,2,3,1,2,4,7,4,3,2,0,80,20,0,1,0,1,0,3,2,30,-30,100,100,0,0,7,4,3,2,1,1,"Its core patent has been granted, with further claims in prosecution.",Its compliance certifications are inherited from its cloud hosting provider.,Its founders built data infrastructure together at a leading AI-data company and left senior roles to work on Curato full-time.,"Live fleets already coordinate robots in production at customer sites, billing recurring revenue.",92.9,93.9,250.8,105.1,94.132,93.892,250.92,105.175,14,14,14,14,TRUE,TRUE,TRUE,TRUE,FALSE,FALSE,FALSE,FALSE,1,FALSE,1,41,Male,2,"Stock Market, ETF or ETC, Venture Capital fund",White,United States,United States,Full-Time,Maybe a little,How much the design of a presentation changes what people think of it,941,1920,1112
165,control,1,9,lq_first,3,1,4,2,Ironhall,Servora,Foliant,Curato,b5fef669,e55a120c,fa1fe22c,14efa601,Edge-AI Hardware,AI Inference Infrastructure,Enterprise Knowledge Retrieval,AI Training Data,3,1,4,2,2,4,1,3,1,2,4,3,6,5,3,1,50,35,10,5,1,1,1,1,3.5,1.5,35,10,81,67,25,19,6,5,3,1,1,1,Its module has passed independent industrial certification and already runs on live production lines.,Its patent filing is a provisional application that is still pending.,A bank customer has rolled Foliant out organization-wide after a successful pilot.,"Its founders are building Curato part-time alongside their current jobs, with the advisory board still forming.",477.6,306.4,320.5,425,478.983,306.447,320.456,425.054,14,14,14,14,TRUE,TRUE,TRUE,TRUE,FALSE,FALSE,FALSE,FALSE,1,FALSE,1,26,Male,1,Crowdfunding,Black,United Kingdom,Nigeria,Unemployed (and job seeking),No,I am not sure. I suspect it might be testing some area of memory recall as there is no way to revisit old slides and the shuffling of names. But it is quite strange overall.,2154,1920,991
166,disclosure_explanation,8,1,hq_first,1,3,2,4,Servora,Ironhall,Curato,Foliant,737deb7d,3e0eedc2,cbc833b1,3eed90b1,AI Inference Infrastructure,Edge-AI Hardware,AI Training Data,Enterprise Knowledge Retrieval,2,3,1,4,1,4,2,3,4,3,2,1,5,4,4,6,20,20,25,35,1,1,1,1,-0.5,-0.5,-10,-5,62,57,55,75,5,4,4,6,2,2,"Its core patent has been granted, with further claims in prosecution.","Its industrial certification is still in testing, and its first module is installing on a pilot line this quarter.",Its founders built data infrastructure together at a leading AI-data company and left senior roles to work on Curato full-time.,Its most advanced customer engagement is a pilot in two practice groups at a law firm.,139,125.3,392.8,128.4,138.979,125.339,392.833,128.237,14,14,14,14,TRUE,TRUE,TRUE,TRUE,FALSE,FALSE,FALSE,FALSE,1,FALSE,1,33,Male,2,"Government Bonds, ETF or ETC, Stock Market, Crowdfunding",Black,United Kingdom,United Kingdom,Full-Time,No,To see if design will influence decision,1893,1824,1081
168,disclosure_explanation,8,12,lq_first,3,1,4,2,Paperloom,Foliant,Sentyl,Pulsegrid,340b9ba1,08321160,0566fd88,e7f29679,Document Automation,Enterprise Knowledge Retrieval,AI Security,AI Observability,4,1,3,2,4,3,1,2,1,4,2,3,6,3,7,5,35,5,45,15,1,1,1,1,-1.5,2.5,-10,30,67,69,24,44,6,3,7,5,1,1,An independent certification firm has completed an audit of its extraction accuracy and verified a benchmark lead.,Its most advanced customer engagement is a pilot in two practice groups at a law firm.,"It has completed a SOC 2 Type II audit, with the report available in its data room.","It is pre-revenue, with an open-beta cohort scheduled to start next month.",166.4,269,149.7,147.3,274.081,268.962,149.715,147.373,14,14,14,14,TRUE,TRUE,TRUE,TRUE,FALSE,FALSE,FALSE,FALSE,1,FALSE,1,42,Male,0,"ETF or ETC, Stock Market, Options, Crowdfunding",White,United States,United States,Full-Time,No,How different designs affect customer's viewpoint of a company and not the actual company data.,1292,1920,911
169,control,1,6,hq_first,1,3,2,4,Paperloom,Axonmesh,Sentyl,Servora,340b9ba1,4fe27fae,0566fd88,e06655dc,Document Automation,Robotics Orchestration,AI Security,AI Inference Infrastructure,2,3,1,4,1,2,4,3,1,4,2,3,6,3,7,2,30,0,70,0,1,1,1,1,0,4,-20,50,88,91,7,8,6,3,7,2,2,2,An independent certification firm has completed an audit of its extraction accuracy and verified a benchmark lead.,Its deployment to date is one pilot fleet running daily at a single design partner's warehouse.,"It has completed a SOC 2 Type II audit, with the report available in its data room.",Its patent filing is a provisional application that is still pending.,180,157.4,143.4,150.6,179.954,157.45,143.416,150.633,14,14,14,14,TRUE,TRUE,TRUE,TRUE,FALSE,FALSE,FALSE,FALSE,1,FALSE,1,60,Male,29,"Stock Market, Venture Capital fund",White,United States,United States,Full-Time,No,I think that this study is how participants make decisions based on presentation style and start-up maturity.,1361,1536,738
171,disclosure_explanation,7,11,lq_first,3,1,4,2,Pulsegrid,Ironhall,Paperloom,Foliant,dff2e369,3e0eedc2,081e5fb5,3eed90b1,AI Observability,Edge-AI Hardware,Document Automation,Enterprise Knowledge Retrieval,4,2,3,1,3,4,1,2,3,2,1,4,5,5,4,4,70,20,5,5,0,1,0,1,1,0,40,25,61,68,30,28,5,5,4,4,4,5,"It is pre-revenue, with an open-beta cohort scheduled to start next month.","Its industrial certification is still in testing, and its first module is installing on a pilot line this quarter.",An independent benchmark of its extraction accuracy is in progress but not yet finished.,Its most advanced customer engagement is a pilot in two practice groups at a law firm.,219.2,214.9,66.6,264.5,219.121,214.725,66.531,264.62,14,14,4,14,TRUE,TRUE,TRUE,TRUE,FALSE,FALSE,FALSE,FALSE,2,FALSE,1,49,Male,1,Crowdfunding,White,United States,United States,Other,No,either design impact on perception of information present or how presentation of similar under experienced ventures can be impacted by deck design. Also maybe how grey scales decks make it harder to pay attention.,1465,2560,1279
173,control,1,9,lq_first,3,1,4,2,Ironhall,Servora,Foliant,Curato,b5fef669,e55a120c,fa1fe22c,14efa601,Edge-AI Hardware,AI Inference Infrastructure,Enterprise Knowledge Retrieval,AI Training Data,4,2,3,1,3,2,1,4,1,2,3,4,4,3,2,2,100,0,0,0,1,1,1,0,1.5,0.5,50,50,63,53,3,0,4,3,2,2,4,5,Its module has passed independent industrial certification and already runs on live production lines.,Its patent filing is a provisional application that is still pending.,A bank customer has rolled Foliant out organization-wide after a successful pilot.,Its founders built data infrastructure together at a leading AI-data company and left senior roles to work on Curato full-time.,77.6,90.1,46.7,65.8,77.874,90.07,46.47,65.741,14,14,14,14,TRUE,TRUE,TRUE,TRUE,FALSE,FALSE,FALSE,FALSE,1,FALSE,1,29,Male,0,"ETF or ETC, Stock Market, Other, Crowdfunding",White,Germany,Germany,Part-Time,No,evaluating startup ideas,569,1536,735
174,control,1,5,hq_first,1,3,2,4,Pulsegrid,Sentyl,Paperloom,Axonmesh,dff2e369,90a19744,081e5fb5,c7e2221f,AI Observability,AI Security,Document Automation,Robotics Orchestration,1,4,2,3,2,3,4,1,2,4,3,1,5,6,4,6,20,30,10,40,1,1,1,1,0.5,-1.5,0,-20,72,68,54,62,5,6,4,6,4,4,"Paying customers run it on production models, and it generates annual recurring revenue.",Its SOC 2 Type II audit is scheduled but has not yet taken place.,An independent certification firm has completed an audit of its extraction accuracy and verified a benchmark lead.,Its deployment to date is one pilot fleet running daily at a single design partner's warehouse.,186.2,132.1,137,143.4,282.846,219.031,191.21,360.095,14,14,14,14,TRUE,TRUE,TRUE,TRUE,FALSE,FALSE,FALSE,FALSE,1,FALSE,1,27,Female,2,"Stock Market, Government Bonds, ETF or ETC, Venture Capital fund",Asian,United Kingdom,Bangladesh,Part-Time,No,evaluates early-stage startup pitch decks to assess how investors analyse venture fundamentals and makes decisions,1803,1528,828
176,disclosure,5,6,hq_first,1,3,2,4,Paperloom,Axonmesh,Sentyl,Servora,340b9ba1,4fe27fae,0566fd88,e06655dc,Document Automation,Robotics Orchestration,AI Security,AI Inference Infrastructure,1,4,2,3,1,2,4,3,4,3,1,2,5,4,6,5,25,20,25,30,1,1,1,1,-1,1,-5,0,84,80,8,13,5,4,6,5,3,3,An independent certification firm has completed an audit of its extraction accuracy and verified a benchmark lead.,Its deployment to date is one pilot fleet running daily at a single design partner's warehouse.,"It has completed a SOC 2 Type II audit, with the report available in its data room.",Its patent filing is a provisional application that is still pending.,181.4,181,188.4,171.6,181.321,181.044,188.299,171.499,14,14,14,14,TRUE,TRUE,TRUE,TRUE,FALSE,FALSE,FALSE,FALSE,1,FALSE,1,63,Female,35,"Stock Market, Angel syndicate, Private Equity fund, Venture Capital fund",White,United Kingdom,United Kingdom,Full-Time,No,What is actually read in a pitch deck and if there is a correlation to design,1076,1920,979
177,disclosure,6,9,lq_first,3,1,4,2,Ironhall,Servora,Foliant,Curato,b5fef669,e55a120c,fa1fe22c,14efa601,Edge-AI Hardware,AI Inference Infrastructure,Enterprise Knowledge Retrieval,AI Training Data,3,2,4,1,1,4,2,3,2,4,1,3,6,6,6,5,45,15,35,5,1,1,1,1,0.5,0.5,10,30,51,63,66,63,6,6,6,5,5,4,Its module has passed independent industrial certification and already runs on live production lines.,Its patent filing is a provisional application that is still pending.,A bank customer has rolled Foliant out organization-wide after a successful pilot.,"Its founders are building Curato part-time alongside their current jobs, with the advisory board still forming.",98,151.1,115,356,98.084,150.993,119.629,355.864,14,14,14,14,TRUE,TRUE,TRUE,TRUE,FALSE,FALSE,FALSE,FALSE,1,FALSE,1,29,Male,0,"ETF or ETC, Government Bonds, Stock Market, Private Equity fund, Venture Capital fund",White,Canada,Canada,Full-Time,Maybe a little,"I think the study was about how people evaluate different startup ideas, and decide which ones they would invest in based on the information in their pitch decks.",1273,1440,812
179,disclosure,6,3,hq_first,1,3,2,4,Ironhall,Pulsegrid,Foliant,Paperloom,b5fef669,2055e10c,fa1fe22c,e20d4e90,Edge-AI Hardware,AI Observability,Enterprise Knowledge Retrieval,Document Automation,1,3,2,4,2,3,1,4,3,1,4,2,4,3,6,5,5,15,70,10,1,1,1,1,-2,1,-30,25,26,40,86,63,4,3,6,5,1,1,Its module has passed independent industrial certification and already runs on live production lines.,"It is pre-revenue, with an open-beta cohort scheduled to start next month.",A bank customer has rolled Foliant out organization-wide after a successful pilot.,An independent benchmark of its extraction accuracy is in progress but not yet finished.,217.4,107.9,149,106.3,233.281,114.236,149.043,114.04,14,14,14,14,TRUE,TRUE,TRUE,TRUE,FALSE,FALSE,FALSE,FALSE,1,FALSE,1,35,Male,4,"Stock Market, Venture Capital fund, Crowdfunding, Government Bonds",White,United Kingdom,United Kingdom,Full-Time,Maybe a little,Seeing how much various factors in start-ups impact confidence e.g. founder background and experience,873,1679,938
180,disclosure,5,8,hq_first,1,3,2,4,Axonmesh,Curato,Servora,Ironhall,f36cc003,37c0ca72,574d1367,817f1201,Robotics Orchestration,AI Training Data,AI Inference Infrastructure,Edge-AI Hardware,1,4,2,3,2,3,1,4,1,2,4,3,4,2,4,3,35,0,65,0,1,1,1,1,-0.5,1.5,-15,50,79,79,11,13,4,2,4,3,1,1,"Live fleets already coordinate robots in production at customer sites, billing recurring revenue.","Its founders are building Curato part-time alongside their current jobs, with the advisory board still forming.","Its core patent has been granted, with further claims in prosecution.","Its industrial certification is still in testing, and its first module is installing on a pilot line this quarter.",157,137.8,134.3,120,156.997,137.974,134.326,119.933,14,14,14,14,TRUE,TRUE,TRUE,TRUE,FALSE,FALSE,FALSE,FALSE,1,FALSE,1,39,Male,5,"Stock Market, Crowdfunding",White,United Kingdom,United Kingdom,NA,No,Unsure,1021,1536,758
181,disclosure_explanation,8,7,hq_first,1,3,2,4,Sentyl,Servora,Axonmesh,Curato,bcd14e91,e55a120c,e6065b1a,14efa601,AI Security,AI Inference Infrastructure,Robotics Orchestration,AI Training Data,1,3,2,4,3,1,2,4,2,4,1,3,5,5,4,5,25,25,25,25,0,0,1,1,0.5,-0.5,0,0,56,69,47,35,5,5,4,5,6,6,Its SOC 2 Type II audit is scheduled but has not yet taken place.,It relies on trade secrecy and has not sought patent protection.,"Live fleets already coordinate robots in production at customer sites, billing recurring revenue.","Its founders are building Curato part-time alongside their current jobs, with the advisory board still forming.",419.7,65.3,850.6,71.6,419.6,65.494,430.469,71.608,14,14,14,14,TRUE,TRUE,TRUE,TRUE,FALSE,FALSE,FALSE,FALSE,1,FALSE,1,53,Male,13,"Crowdfunding, Private Equity fund, Stock Market, Government Bonds, ETF or ETC, Venture Capital fund, Options, Angel syndicate, Unit trusts",White,United States,United States,Full-Time,No,"I think the study was about how I evaluate different startups and decide which ones have the best potential for investment, while making sure I’m judging them based on the actual business information rather than how attractive the pitch deck looks.
",2042,1029,850
182,disclosure,3,3,hq_first,1,3,2,4,Ironhall,Pulsegrid,Foliant,Paperloom,b5fef669,2055e10c,fa1fe22c,e20d4e90,Edge-AI Hardware,AI Observability,Enterprise Knowledge Retrieval,Document Automation,2,4,1,3,2,1,3,4,3,1,4,2,6,2,6,2,50,0,50,0,1,1,1,1,0,4,0,50,80,77,80,60,6,2,6,2,1,1,Its module has passed independent industrial certification and already runs on live production lines.,"It is pre-revenue, with an open-beta cohort scheduled to start next month.",A bank customer has rolled Foliant out organization-wide after a successful pilot.,An independent benchmark of its extraction accuracy is in progress but not yet finished.,141.7,189.3,211.5,171.5,193.155,343.377,285.316,274.817,14,14,14,14,TRUE,TRUE,TRUE,TRUE,FALSE,FALSE,FALSE,FALSE,1,FALSE,1,32,Male,3,"ETF or ETC, Stock Market, Crowdfunding, Private Equity fund",Black,Canada,Nigeria,Full-Time,Maybe a little,I think the study examined whether pitch deck design influences investment decisions.,2039,1366,641
183,disclosure,5,1,hq_first,1,3,2,4,Servora,Ironhall,Curato,Foliant,737deb7d,3e0eedc2,cbc833b1,3eed90b1,AI Inference Infrastructure,Edge-AI Hardware,AI Training Data,Enterprise Knowledge Retrieval,1,3,2,4,3,2,1,4,3,2,1,4,6,6,5,6,40,20,30,10,1,1,1,1,0.5,-0.5,10,20,74,84,14,31,6,6,5,6,1,1,"Its core patent has been granted, with further claims in prosecution.","Its industrial certification is still in testing, and its first module is installing on a pilot line this quarter.",Its founders built data infrastructure together at a leading AI-data company and left senior roles to work on Curato full-time.,Its most advanced customer engagement is a pilot in two practice groups at a law firm.,252,226.8,312.6,309.4,251.897,226.922,312.499,309.508,14,14,14,14,TRUE,TRUE,TRUE,TRUE,FALSE,FALSE,FALSE,FALSE,2,FALSE,1,58,Female,0,"Private Equity fund, Stock Market, Government Bonds",White,United States,United States,Full-Time,No,Assessing pitch decks.,1608,1280,631
184,disclosure,4,2,hq_first,1,3,2,4,Curato,Foliant,Ironhall,Pulsegrid,6b81ec39,08321160,87b7dfe9,e7f29679,AI Training Data,Enterprise Knowledge Retrieval,Edge-AI Hardware,AI Observability,1,3,2,4,3,2,4,1,1,2,4,3,3,2,3,3,50,50,0,0,1,1,0,1,-0.5,0.5,50,0,34,17,37,16,3,2,3,3,1,2,Its founders built data infrastructure together at a leading AI-data company and left senior roles to work on Curato full-time.,Its most advanced customer engagement is a pilot in two practice groups at a law firm.,It licenses its enclosure design to established equipment makers instead of manufacturing itself.,"It is pre-revenue, with an open-beta cohort scheduled to start next month.",200.5,96.5,132.6,124.1,351.505,96.574,161.654,185.137,14,14,14,14,TRUE,TRUE,TRUE,TRUE,FALSE,FALSE,FALSE,FALSE,1,FALSE,1,50,Male,10,"ETF or ETC, Stock Market, Options, Crowdfunding",White,United States,United States,Part-Time,Maybe a little,Analysis of technojargon fluff that comes out from ventures and getting to the reality of what the business will actually be able to do.,1351,1484,992
185,disclosure_explanation,7,5,hq_first,1,3,2,4,Pulsegrid,Sentyl,Paperloom,Axonmesh,dff2e369,90a19744,081e5fb5,c7e2221f,AI Observability,AI Security,Document Automation,Robotics Orchestration,1,3,2,4,3,2,1,4,2,4,1,3,6,1,2,1,85,0,15,0,1,0,1,0,2,3,35,50,91,72,0,13,6,1,2,1,6,6,"Paying customers run it on production models, and it generates annual recurring revenue.",It has decided to defer formal security audits until after this funding round.,An independent certification firm has completed an audit of its extraction accuracy and verified a benchmark lead.,Its coordination software has so far run only in simulation.,318.2,226.3,76.1,130.7,337.702,226.321,75.998,130.732,14,14,14,14,TRUE,TRUE,TRUE,TRUE,FALSE,FALSE,FALSE,FALSE,3,FALSE,1,39,Male,1,"Stock Market, Options, Private Equity fund, Other",Prefer not to say,Germany,Germany,Full-Time,No,"I believe it was about the perception, financial knowledge of general community about start ups and the effect of visualisation on people's decisions.",1574,1680,970
187,control,1,4,hq_first,1,3,2,4,Foliant,Paperloom,Pulsegrid,Sentyl,46c0bf32,84f4d358,f5bfffe5,bfc6f4d0,Enterprise Knowledge Retrieval,Document Automation,AI Observability,AI Security,2,4,1,3,2,4,3,1,3,2,1,4,5,5,4,5,25,25,25,25,1,0,1,0,0.5,-0.5,0,0,19,29,32,19,5,5,4,5,5,5,A bank customer has rolled Foliant out organization-wide after a successful pilot.,Its accuracy has been validated only in a peer-reviewed academic study.,"Paying customers run it on production models, and it generates annual recurring revenue.",It has decided to defer formal security audits until after this funding round.,66.9,34.3,18.7,91.8,66.795,38.622,29.251,94.413,14,1,14,14,TRUE,TRUE,TRUE,TRUE,FALSE,FALSE,FALSE,FALSE,2,FALSE,1,38,Female,1,"Crowdfunding, Private Equity fund, Government Bonds",White,France,France,Full-Time,Maybe a little,evaluating startups based on their underlying business potential and make an investment allocation accordingly,2305,1536,695
188,disclosure,4,11,lq_first,3,1,4,2,Pulsegrid,Ironhall,Paperloom,Foliant,dff2e369,3e0eedc2,081e5fb5,3eed90b1,AI Observability,Edge-AI Hardware,Document Automation,Enterprise Knowledge Retrieval,3,2,4,1,3,2,4,1,2,3,4,1,2,3,6,4,20,10,45,25,0,1,1,1,-2.5,0.5,-20,15,24,41,84,80,2,3,6,4,1,1,"It is pre-revenue, with an open-beta cohort scheduled to start next month.","Its industrial certification is still in testing, and its first module is installing on a pilot line this quarter.",An independent certification firm has completed an audit of its extraction accuracy and verified a benchmark lead.,Its most advanced customer engagement is a pilot in two practice groups at a law firm.,71.6,174.2,119,153.6,71.549,174.204,118.972,153.644,14,14,14,14,TRUE,TRUE,TRUE,TRUE,FALSE,FALSE,FALSE,FALSE,1,FALSE,1,29,Male,3,"ETF or ETC, Government Bonds, Stock Market, Unit trusts, Angel syndicate, Private Equity fund, Options, Venture Capital fund, Crowdfunding",Mixed,United Kingdom,United States,Full-Time,No,The study examined whether the visual presentation of pitch affects investment choices,1080,1280,585
189,disclosure_explanation,7,2,hq_first,1,3,2,4,Curato,Foliant,Ironhall,Pulsegrid,6b81ec39,08321160,87b7dfe9,e7f29679,AI Training Data,Enterprise Knowledge Retrieval,Edge-AI Hardware,AI Observability,1,4,2,3,2,4,1,3,1,4,2,3,6,5,4,5,35,20,30,15,1,1,0,1,1,0,5,15,93,61,58,63,6,5,4,5,1,1,Its founders built data infrastructure together at a leading AI-data company and left senior roles to work on Curato full-time.,Its most advanced customer engagement is a pilot in two practice groups at a law firm.,"Its industrial certification is still in testing, and its first module is installing on a pilot line this quarter.","It is pre-revenue, with an open-beta cohort scheduled to start next month.",97.8,58.5,88.7,339.8,97.826,58.534,88.643,339.72,14,14,14,14,TRUE,TRUE,TRUE,TRUE,FALSE,FALSE,FALSE,FALSE,1,FALSE,1,28,Male,1,"ETF or ETC, Government Bonds, Stock Market, Private Equity fund",White,Canada,Canada,Full-Time,No,"It was about evaluating 4 pitches from startups, viewing their slidedecks and with 100 ""investment credits"" where would I put those within those 4 companies based on the slide deck content not the design.",889,1265,1199
190,disclosure,5,15,lq_first,3,1,4,2,Servora,Sentyl,Curato,Axonmesh,737deb7d,90a19744,cbc833b1,c7e2221f,AI Inference Infrastructure,AI Security,AI Training Data,Robotics Orchestration,4,1,3,2,3,4,1,2,2,4,3,1,7,3,6,5,50,5,30,15,1,1,1,1,-0.5,2.5,5,30,100,100,17,16,7,3,6,5,1,1,"Its core patent has been granted, with further claims in prosecution.",Its SOC 2 Type II audit is scheduled but has not yet taken place.,Its founders built data infrastructure together at a leading AI-data company and left senior roles to work on Curato full-time.,Its deployment to date is one pilot fleet running daily at a single design partner's warehouse.,195.4,200.9,173.6,198.3,195.496,200.765,173.476,198.095,14,14,14,14,TRUE,TRUE,TRUE,TRUE,FALSE,FALSE,FALSE,FALSE,2,FALSE,1,30,Male,0,"ETF or ETC, Government Bonds, Stock Market, Crowdfunding",White,France,France,Full-Time,Maybe a little,"I think the study was about the perception of startups depending on the pitch deck (opinion, information retention etc;)",1110,2510,1307
191,disclosure,6,9,lq_first,3,1,4,2,Ironhall,Servora,Foliant,Curato,b5fef669,e55a120c,fa1fe22c,14efa601,Edge-AI Hardware,AI Inference Infrastructure,Enterprise Knowledge Retrieval,AI Training Data,3,1,4,2,1,4,3,2,1,4,2,3,2,6,4,6,5,50,15,30,1,1,1,1,-1,-3,5,-30,24,59,95,83,2,6,4,6,2,5,Its module has passed independent industrial certification and already runs on live production lines.,Its patent filing is a provisional application that is still pending.,A bank customer has rolled Foliant out organization-wide after a successful pilot.,"Its founders are building Curato part-time alongside their current jobs, with the advisory board still forming.",274,225.5,288.7,304.2,274.072,225.491,288.743,307.072,14,14,14,14,TRUE,TRUE,TRUE,TRUE,FALSE,FALSE,FALSE,FALSE,1,FALSE,1,39,Male,2,"Government Bonds, Stock Market, Private Equity fund, Crowdfunding",Asian,Canada,Canada,Full-Time,No,"To evaluate how the investors make investing decisions on startups and new business ventures. Since all the ventures mentioned in the study had something to do with technology and AI, the purpose could be more specific to how the investors is perceiving the AI industry in general and in which area/domain they want to invest more.",1885,2560,1319
192,disclosure_explanation,7,5,hq_first,1,3,2,4,Pulsegrid,Sentyl,Paperloom,Axonmesh,dff2e369,90a19744,081e5fb5,c7e2221f,AI Observability,AI Security,Document Automation,Robotics Orchestration,2,4,1,3,2,4,1,3,1,4,2,3,5,4,6,4,25,10,45,20,1,1,1,1,-0.5,1.5,-15,20,13,23,76,21,5,4,6,4,1,4,"Paying customers run it on production models, and it generates annual recurring revenue.",Its SOC 2 Type II audit is scheduled but has not yet taken place.,An independent certification firm has completed an audit of its extraction accuracy and verified a benchmark lead.,Its deployment to date is one pilot fleet running daily at a single design partner's warehouse.,216.7,182.2,312.6,189.4,216.672,182.295,312.617,189.496,14,14,14,14,TRUE,TRUE,TRUE,TRUE,FALSE,FALSE,FALSE,FALSE,1,FALSE,1,45,Male,12,"ETF or ETC, Government Bonds, Stock Market, Unit trusts, Angel syndicate",White,Canada,Canada,Part-Time,No,Assessing whether the backgrounds of startup founders have any effect on how well or poorly their startup decks are received.,1349,1920,952
193,control,1,10,lq_first,3,1,4,2,Foliant,Curato,Pulsegrid,Ironhall,46c0bf32,37c0ca72,f5bfffe5,817f1201,Enterprise Knowledge Retrieval,AI Training Data,AI Observability,Edge-AI Hardware,4,1,3,2,4,1,2,3,3,4,2,1,4,2,2,3,70,20,5,5,0,0,1,1,0.5,0.5,40,25,62,77,29,25,4,2,2,3,1,1,Its deployments run exclusively inside the founders' former employer.,Its founders are academics who license the labelling technology from their university lab.,"Paying customers run it on production models, and it generates annual recurring revenue.","Its industrial certification is still in testing, and its first module is installing on a pilot line this quarter.",59.4,89.7,67.8,81.8,59.291,89.823,67.961,81.725,14,14,14,14,TRUE,TRUE,TRUE,TRUE,FALSE,FALSE,FALSE,FALSE,2,FALSE,1,50,Female,0,Crowdfunding,White,United Kingdom,United Kingdom,Full-Time,No,Attention to detail and uderstanding of pitch decks,577,1920,911
195,disclosure,4,13,lq_first,3,1,4,2,Sentyl,Pulsegrid,Axonmesh,Paperloom,bcd14e91,2055e10c,e6065b1a,e20d4e90,AI Security,AI Observability,Robotics Orchestration,Document Automation,4,1,3,2,1,4,3,2,1,4,2,3,6,5,4,7,25,20,20,35,1,1,1,1,0,-1,-5,-5,87,74,36,25,6,5,4,7,1,5,"It has completed a SOC 2 Type II audit, with the report available in its data room.","It is pre-revenue, with an open-beta cohort scheduled to start next month.","Live fleets already coordinate robots in production at customer sites, billing recurring revenue.",An independent benchmark of its extraction accuracy is in progress but not yet finished.,78.5,95.4,67.2,87,78.3,95.336,66.974,87.204,14,14,14,14,TRUE,TRUE,TRUE,TRUE,FALSE,FALSE,FALSE,FALSE,1,FALSE,1,33,Male,1,"Stock Market, Crowdfunding",Mixed,United Kingdom,United Kingdom,Full-Time,Maybe a little,"Not entirely sure, but perhaps if desk design influences how successful a pitch is.",631,1920,1065
199,disclosure_explanation,8,10,lq_first,3,1,4,2,Foliant,Curato,Pulsegrid,Ironhall,46c0bf32,37c0ca72,f5bfffe5,817f1201,Enterprise Knowledge Retrieval,AI Training Data,AI Observability,Edge-AI Hardware,3,1,4,2,4,2,3,1,1,3,2,4,6,4,5,5,20,15,30,35,0,1,0,0,0,1,-15,0,81,24,79,73,6,4,5,5,5,4,A national government agency is its anchor customer.,"Its founders are building Curato part-time alongside their current jobs, with the advisory board still forming.",It charges model vendors for access to anonymized benchmark data.,Its module has passed independent industrial certification and already runs on live production lines.,141.9,428.3,115.3,73.1,142.065,435.032,115.128,73.114,14,14,14,14,TRUE,TRUE,TRUE,TRUE,FALSE,FALSE,FALSE,FALSE,3,TRUE,1,56,Male,0,"ETF or ETC, Stock Market, Private Equity fund",White,United Kingdom,United Kingdom,Full-Time,No,About the pitch design and recalling the data and information from within the slides,1804,1920,911
200,disclosure_explanation,8,16,lq_first,3,1,4,2,Curato,Axonmesh,Ironhall,Servora,6b81ec39,4fe27fae,87b7dfe9,e06655dc,AI Training Data,Robotics Orchestration,Edge-AI Hardware,AI Inference Infrastructure,4,1,3,2,4,2,1,3,3,4,2,1,4,3,6,5,10,15,50,25,0,1,1,1,-2,1,-25,10,50,49,50,50,4,3,6,5,1,1,"Its founders are building Curato part-time alongside their current jobs, with the advisory board still forming.",Its deployment to date is one pilot fleet running daily at a single design partner's warehouse.,Its module has passed independent industrial certification and already runs on live production lines.,Its patent filing is a provisional application that is still pending.,6.8,75,50.7,84.4,6.83,74.937,56.292,118.119,1,14,14,14,TRUE,TRUE,TRUE,TRUE,FALSE,FALSE,FALSE,FALSE,1,FALSE,1,43,Male,0,"Government Bonds, Stock Market, Private Equity fund, Other",White,United States,United States,Other,No,"I think this study was testing whether the visual design and presentation quality of a pitch deck influences how much money people choose to invest, separate from the actual substance of the venture. They told us upfront that the decks were designed by an agency and that the design doesn't reflect the founders, which felt like a setup to see if people would still get swayed by polish anyway. My guess is they're comparing our investment allocations against some independent quality score to see how much our decisions track real substance versus surface-level presentation.",1303,2100,1160
202,disclosure,6,5,hq_first,1,3,2,4,Pulsegrid,Sentyl,Paperloom,Axonmesh,dff2e369,90a19744,081e5fb5,c7e2221f,AI Observability,AI Security,Document Automation,Robotics Orchestration,1,4,2,3,1,2,4,3,1,3,4,2,7,6,4,5,40,30,10,20,1,1,1,1,2,0,20,0,10,5,33,38,7,6,4,5,1,1,"Paying customers run it on production models, and it generates annual recurring revenue.",Its SOC 2 Type II audit is scheduled but has not yet taken place.,An independent certification firm has completed an audit of its extraction accuracy and verified a benchmark lead.,Its deployment to date is one pilot fleet running daily at a single design partner's warehouse.,212.3,176.3,172.4,173.6,212.245,176.178,172.264,173.517,14,14,14,14,TRUE,TRUE,TRUE,TRUE,FALSE,FALSE,FALSE,FALSE,1,FALSE,1,48,Male,0,"Stock Market, Options, Crowdfunding",White,United Kingdom,United Kingdom,Full-Time,No,Not sure. All had male ceo and female cto though?,1001,2226,1165
203,disclosure_explanation,8,11,lq_first,3,1,4,2,Pulsegrid,Ironhall,Paperloom,Foliant,dff2e369,3e0eedc2,081e5fb5,3eed90b1,AI Observability,Edge-AI Hardware,Document Automation,Enterprise Knowledge Retrieval,4,1,3,2,3,2,4,1,1,2,4,3,5,5,5,5,20,30,25,25,0,0,0,0,0,0,0,-5,24,63,33,20,5,5,5,5,5,6,Its revenue comes chiefly from paid consulting and integration projects.,Its module has passed independent industrial certification and already runs on live production lines.,An independent benchmark of its extraction accuracy is in progress but not yet finished.,Its deployments run exclusively inside the founders' former employer.,184.4,316.7,164.1,224.1,184.369,316.688,164.1,224.149,14,14,14,14,TRUE,TRUE,TRUE,TRUE,FALSE,FALSE,FALSE,FALSE,1,FALSE,1,31,Male,5,"Stock Market, Crowdfunding, Options",Black,United Kingdom,United Kingdom,Full-Time,No,Review of four startup pitch decks and judge the ventures behind them.,2003,2880,1417
204,disclosure,6,5,hq_first,1,3,2,4,Pulsegrid,Sentyl,Paperloom,Axonmesh,dff2e369,90a19744,081e5fb5,c7e2221f,AI Observability,AI Security,Document Automation,Robotics Orchestration,2,3,1,4,1,4,3,2,1,4,2,3,5,3,5,3,40,0,60,0,1,1,1,1,0,2,-10,50,25,14,49,0,5,3,5,3,1,1,"Paying customers run it on production models, and it generates annual recurring revenue.",Its SOC 2 Type II audit is scheduled but has not yet taken place.,An independent certification firm has completed an audit of its extraction accuracy and verified a benchmark lead.,Its deployment to date is one pilot fleet running daily at a single design partner's warehouse.,234,179.9,187.7,242.7,243.048,179.905,292.242,252.682,14,14,14,14,TRUE,TRUE,TRUE,TRUE,FALSE,FALSE,FALSE,FALSE,1,FALSE,1,31,Female,4,"Stock Market, ETF or ETC, Crowdfunding",White,United Kingdom,United Kingdom,Full-Time,No,Making sense of information provided in the pitch decks and retaining information presented,1559,1232,588
205,disclosure_explanation,7,4,hq_first,1,3,2,4,Foliant,Paperloom,Pulsegrid,Sentyl,46c0bf32,84f4d358,f5bfffe5,bfc6f4d0,Enterprise Knowledge Retrieval,Document Automation,AI Observability,AI Security,1,3,2,4,2,1,3,4,3,1,2,4,4,4,4,4,25,25,25,25,0,1,1,1,0,0,0,0,51,51,51,51,4,4,4,4,4,4,Its most advanced customer engagement is a pilot in two practice groups at a law firm.,An independent benchmark of its extraction accuracy is in progress but not yet finished.,"Paying customers run it on production models, and it generates annual recurring revenue.",Its SOC 2 Type II audit is scheduled but has not yet taken place.,155.3,144.1,120.4,55.9,155.272,144.076,120.109,55.93,14,14,14,14,TRUE,TRUE,TRUE,TRUE,FALSE,FALSE,FALSE,FALSE,1,FALSE,1,27,Male,5,"Crowdfunding, Stock Market, ETF or ETC, Government Bonds",Black,United States,United States,Part-Time,No,Evaluating startup pitch decks and making investment decisions,1094,1280,593
207,control,1,2,hq_first,1,3,2,4,Curato,Foliant,Ironhall,Pulsegrid,6b81ec39,08321160,87b7dfe9,e7f29679,AI Training Data,Enterprise Knowledge Retrieval,Edge-AI Hardware,AI Observability,2,4,1,3,4,1,3,2,2,3,4,1,6,2,4,6,50,10,10,30,1,1,1,1,-1,1,10,10,71,18,75,93,6,2,4,6,6,4,Its founders built data infrastructure together at a leading AI-data company and left senior roles to work on Curato full-time.,Its most advanced customer engagement is a pilot in two practice groups at a law firm.,Its module has passed independent industrial certification and already runs on live production lines.,"It is pre-revenue, with an open-beta cohort scheduled to start next month.",181.3,208.9,281.5,209.8,181.541,208.911,281.352,209.957,14,14,14,14,TRUE,TRUE,TRUE,TRUE,FALSE,FALSE,FALSE,FALSE,1,FALSE,1,33,Male,2,"ETF or ETC, Private Equity fund, Crowdfunding",White,Germany,Germany,Full-Time,No,In what kind of situations we would invest in EFT of people presenting an idea of building a company.,2100,2560,1305
208,disclosure,4,6,hq_first,1,3,2,4,Paperloom,Axonmesh,Sentyl,Servora,340b9ba1,4fe27fae,0566fd88,e06655dc,Document Automation,Robotics Orchestration,AI Security,AI Inference Infrastructure,1,3,2,4,2,4,1,3,4,2,1,3,5,2,3,4,25,25,25,25,0,0,1,1,0,1,0,0,85,69,80,67,5,2,3,4,1,1,An independent benchmark of its extraction accuracy is in progress but not yet finished.,Its coordination software has so far run only in simulation.,"It has completed a SOC 2 Type II audit, with the report available in its data room.",Its patent filing is a provisional application that is still pending.,126.9,49,213.4,61.8,127.155,51.612,213.227,63.007,14,14,14,14,TRUE,TRUE,TRUE,TRUE,FALSE,FALSE,FALSE,FALSE,1,FALSE,1,34,Male,2,"Other, Crowdfunding, Government Bonds, Stock Market",White,United States,United States,Unemployed (and job seeking),No,I'm not exactly sure.,1261,891,1271
209,disclosure,6,10,lq_first,3,1,4,2,Foliant,Curato,Pulsegrid,Ironhall,46c0bf32,37c0ca72,f5bfffe5,817f1201,Enterprise Knowledge Retrieval,AI Training Data,AI Observability,Edge-AI Hardware,4,1,3,2,4,2,3,1,1,3,4,2,3,5,4,6,1,8,90,1,0,1,0,0,-1,-2,-41,41,4,60,76,71,3,5,4,6,1,1,Its deployments run exclusively inside the founders' former employer.,"Its founders are building Curato part-time alongside their current jobs, with the advisory board still forming.",It charges model vendors for access to anonymized benchmark data.,Its module has passed independent industrial certification and already runs on live production lines.,300.6,323.4,313.7,306.4,300.782,323.339,313.55,306.541,14,14,14,14,TRUE,TRUE,TRUE,TRUE,FALSE,FALSE,FALSE,FALSE,1,FALSE,1,63,Female,3,Crowdfunding,White,United States,United States,Full-Time,Yes,"The details of 4 groundbreaking implemented business models were provided, and I was supposed to decide which one would be the most stable and profitable.",2098,1440,680
212,disclosure,3,6,hq_first,1,3,2,4,Paperloom,Axonmesh,Sentyl,Servora,340b9ba1,4fe27fae,0566fd88,e06655dc,Document Automation,Robotics Orchestration,AI Security,AI Inference Infrastructure,1,3,2,4,3,1,2,4,2,4,3,1,5,6,5,5,20,50,20,10,0,1,0,0,0.5,-0.5,20,-10,66,85,66,51,5,6,5,5,5,6,An independent benchmark of its extraction accuracy is in progress but not yet finished.,Its deployment to date is one pilot fleet running daily at a single design partner's warehouse.,It has decided to defer formal security audits until after this funding round.,"Its core patent has been granted, with further claims in prosecution.",120.7,122.5,102.8,96.3,169.968,122.545,104.815,96.342,14,14,14,14,TRUE,TRUE,TRUE,TRUE,FALSE,FALSE,FALSE,FALSE,1,FALSE,1,64,Male,30,"Government Bonds, Stock Market, Options, Private Equity fund, Venture Capital fund",White,Canada,Canada,Full-Time,Maybe a little,"I think that it was about funding different companies, for startups.",1275,1920,911
213,disclosure,3,1,hq_first,1,3,2,4,Servora,Ironhall,Curato,Foliant,737deb7d,3e0eedc2,cbc833b1,3eed90b1,AI Inference Infrastructure,Edge-AI Hardware,AI Training Data,Enterprise Knowledge Retrieval,1,3,2,4,1,2,4,3,3,2,4,1,4,5,4,6,20,25,20,35,1,1,1,1,-0.5,-1.5,-5,-10,57,45,46,59,4,5,4,6,5,6,"Its core patent has been granted, with further claims in prosecution.","Its industrial certification is still in testing, and its first module is installing on a pilot line this quarter.",Its founders built data infrastructure together at a leading AI-data company and left senior roles to work on Curato full-time.,Its most advanced customer engagement is a pilot in two practice groups at a law firm.,366.2,62.5,100.8,61.3,500.052,172.711,183.719,133.897,14,14,14,14,TRUE,TRUE,TRUE,TRUE,FALSE,FALSE,FALSE,FALSE,2,FALSE,1,32,Male,2,"Government Bonds, Private Equity fund",White,Brazil,Brazil,Full-Time,Maybe a little,"The study was designed to evaluate early-stage startup pitch decks, assessing key business metrics (such as market size, traction, business model, and team profile) to make realistic investment allocation decisions across tech ventures.",1823,1366,648
214,control,1,13,lq_first,3,1,4,2,Sentyl,Pulsegrid,Axonmesh,Paperloom,bcd14e91,2055e10c,e6065b1a,e20d4e90,AI Security,AI Observability,Robotics Orchestration,Document Automation,3,2,4,1,1,3,4,2,4,3,1,2,5,6,3,4,30,40,10,20,0,0,0,0,2,-1,20,-10,66,80,42,33,5,6,3,4,5,6,Its SOC 2 Type II audit is scheduled but has not yet taken place.,Its revenue comes chiefly from paid consulting and integration projects.,Its deployments are paused while its scheduler undergoes a safety recall.,An independent certification firm has completed an audit of its extraction accuracy and verified a benchmark lead.,303.2,99.7,487,103.4,303.041,99.676,487.03,103.209,14,14,4,14,TRUE,TRUE,TRUE,TRUE,FALSE,FALSE,FALSE,FALSE,1,FALSE,1,34,Male,1,"Crowdfunding, Stock Market",Black,United Kingdom,Kenya,Part-Time,Yes,About the allocation of funds to startups,1671,1710,985
215,disclosure,4,7,hq_first,1,3,2,4,Sentyl,Servora,Axonmesh,Curato,bcd14e91,e55a120c,e6065b1a,14efa601,AI Security,AI Inference Infrastructure,Robotics Orchestration,AI Training Data,1,3,2,4,3,4,2,1,1,2,4,3,7,4,6,3,75,10,0,15,0,1,1,0,1,3,35,25,88,96,32,38,7,4,6,3,5,5,Its compliance certifications are inherited from its cloud hosting provider.,Its patent filing is a provisional application that is still pending.,"Live fleets already coordinate robots in production at customer sites, billing recurring revenue.",Its founders built data infrastructure together at a leading AI-data company and left senior roles to work on Curato full-time.,113.9,104.8,131.6,79.5,113.99,104.798,131.485,79.577,14,14,14,14,TRUE,TRUE,TRUE,TRUE,FALSE,FALSE,FALSE,FALSE,1,FALSE,1,26,Male,1,"ETF or ETC, Stock Market, Private Equity fund",Asian,United Kingdom,United Kingdom,Full-Time,No,The impact that a design for a pitch would have on investment decisions,717,1536,738
217,control,1,11,lq_first,3,1,4,2,Pulsegrid,Ironhall,Paperloom,Foliant,dff2e369,3e0eedc2,081e5fb5,3eed90b1,AI Observability,Edge-AI Hardware,Document Automation,Enterprise Knowledge Retrieval,4,1,3,2,2,3,4,1,3,1,2,4,2,6,3,2,5,35,20,40,1,0,1,1,1.5,-1.5,-10,-25,22,88,20,66,2,6,3,2,2,2,"Paying customers run it on production models, and it generates annual recurring revenue.",Its module has passed independent industrial certification and already runs on live production lines.,An independent certification firm has completed an audit of its extraction accuracy and verified a benchmark lead.,Its most advanced customer engagement is a pilot in two practice groups at a law firm.,112.6,66.6,94.7,80.7,112.729,66.667,94.59,80.836,14,14,14,14,TRUE,TRUE,TRUE,TRUE,FALSE,FALSE,FALSE,FALSE,1,FALSE,1,43,Male,7,"Government Bonds, Stock Market, Crowdfunding",White,United Kingdom,United Kingdom,Full-Time,No,"Not entirely sure, but perhaps the opaqueness of language which is used in order to communicate a pitch idea and the use of technical language/buzzwords as either a persuader or dissuader to investment.",711,3390,1279
219,disclosure,3,13,lq_first,3,1,4,2,Sentyl,Pulsegrid,Axonmesh,Paperloom,bcd14e91,2055e10c,e6065b1a,e20d4e90,AI Security,AI Observability,Robotics Orchestration,Document Automation,4,2,3,1,2,3,4,1,4,2,3,1,5,6,6,6,25,28,22,25,1,0,1,1,-0.5,-0.5,3,-3,36,67,37,76,5,6,6,6,3,3,"It has completed a SOC 2 Type II audit, with the report available in its data room.","Paying customers run it on production models, and it generates annual recurring revenue.","Live fleets already coordinate robots in production at customer sites, billing recurring revenue.",An independent benchmark of its extraction accuracy is in progress but not yet finished.,102,270.5,149.5,301.4,102.268,271.622,149.444,302.482,14,14,14,14,TRUE,TRUE,TRUE,TRUE,FALSE,FALSE,FALSE,FALSE,2,FALSE,1,25,Male,12,"Stock Market, Crowdfunding, Options, ETF or ETC",Black,United States,Kenya,Full-Time,Maybe a little,it was about understanding ventures and determining how much each venture  deserves a certain amount of investment,2534,1366,679
220,control,1,9,lq_first,3,1,4,2,Ironhall,Servora,Foliant,Curato,b5fef669,e55a120c,fa1fe22c,14efa601,Edge-AI Hardware,AI Inference Infrastructure,Enterprise Knowledge Retrieval,AI Training Data,4,1,3,2,3,1,4,2,3,2,4,1,6,5,6,3,35,15,40,10,1,1,1,1,1,2,0,25,82,86,89,85,6,5,6,3,3,2,Its module has passed independent industrial certification and already runs on live production lines.,Its patent filing is a provisional application that is still pending.,A bank customer has rolled Foliant out organization-wide after a successful pilot.,"Its founders are building Curato part-time alongside their current jobs, with the advisory board still forming.",256.5,182.7,196.2,467.5,256.439,182.928,198.264,469.542,14,14,14,14,TRUE,TRUE,TRUE,TRUE,FALSE,FALSE,FALSE,FALSE,1,FALSE,1,32,Male,6,"ETF or ETC, Government Bonds, Stock Market, Unit trusts, Options, Private Equity fund",Black,United Kingdom,United Kingdom,Part-Time,Maybe a little,It was about judging startup pitch decks and deciding how to allocate investment capital based on the real potential of the business.,2135,1155,1095
221,disclosure_explanation,7,14,lq_first,3,1,4,2,Axonmesh,Paperloom,Servora,Sentyl,f36cc003,84f4d358,574d1367,bfc6f4d0,Robotics Orchestration,Document Automation,AI Inference Infrastructure,AI Security,4,2,3,1,3,1,4,2,3,4,2,1,5,3,6,5,30,10,40,20,1,0,0,1,-1.5,1.5,-10,20,62,75,73,35,5,3,6,5,5,6,"Live fleets already coordinate robots in production at customer sites, billing recurring revenue.",An independent certification firm has completed an audit of its extraction accuracy and verified a benchmark lead.,Its patent filing is a provisional application that is still pending.,Its SOC 2 Type II audit is scheduled but has not yet taken place.,73.1,204.3,121.9,164.6,73.211,204.102,121.877,164.606,14,14,14,14,TRUE,TRUE,TRUE,TRUE,FALSE,FALSE,FALSE,FALSE,1,FALSE,1,46,Male,0,"ETF or ETC, Stock Market, Crowdfunding",Asian,Canada,Canada,Full-Time,Maybe a little,if these slide decks present a good investment for venture capital to invest in and if the data presented helps gauge their potential.,1041,1078,814
222,disclosure_explanation,8,16,lq_first,3,1,4,2,Curato,Axonmesh,Ironhall,Servora,6b81ec39,4fe27fae,87b7dfe9,e06655dc,AI Training Data,Robotics Orchestration,Edge-AI Hardware,AI Inference Infrastructure,3,1,4,2,3,2,1,4,4,1,3,2,6,6,6,6,15,40,15,30,1,1,1,1,0,0,5,-20,58,68,65,62,6,6,6,6,6,5,Its founders built data infrastructure together at a leading AI-data company and left senior roles to work on Curato full-time.,Its deployment to date is one pilot fleet running daily at a single design partner's warehouse.,Its module has passed independent industrial certification and already runs on live production lines.,Its patent filing is a provisional application that is still pending.,225,215.4,106.5,462.1,224.983,217.896,106.442,464.813,14,14,14,14,TRUE,TRUE,TRUE,TRUE,FALSE,FALSE,FALSE,FALSE,2,FALSE,1,21,Male,1,"ETF or ETC, Government Bonds, Stock Market, Private Equity fund, Options, Venture Capital fund",Prefer not to say,India,India,Part-Time,No,"This study was designed to evaluate startup pitch decks across different AI and tech sectors, testing memory recall of key business metrics, founder backgrounds, and investment preferences.",2038,1150,768
223,disclosure,2,8,hq_first,1,3,2,4,Axonmesh,Curato,Servora,Ironhall,f36cc003,37c0ca72,574d1367,817f1201,Robotics Orchestration,AI Training Data,AI Inference Infrastructure,Edge-AI Hardware,1,3,2,4,4,3,1,2,3,4,1,2,6,6,4,4,10,70,10,10,1,1,1,1,2,0,30,-30,88,85,39,41,6,6,4,4,6,3,"Live fleets already coordinate robots in production at customer sites, billing recurring revenue.","Its founders are building Curato part-time alongside their current jobs, with the advisory board still forming.","Its core patent has been granted, with further claims in prosecution.","Its industrial certification is still in testing, and its first module is installing on a pilot line this quarter.",229.7,160.1,317.9,86.6,231.605,165.812,317.774,86.633,14,14,14,14,TRUE,TRUE,TRUE,TRUE,FALSE,FALSE,FALSE,FALSE,2,FALSE,1,23,Female,1,"Stock Market, Private Equity fund",Asian,India,India,Full-Time,Maybe a little,It is about the ppt slide design,1848,1280,551
226,disclosure,3,4,hq_first,1,3,2,4,Foliant,Paperloom,Pulsegrid,Sentyl,46c0bf32,84f4d358,f5bfffe5,bfc6f4d0,Enterprise Knowledge Retrieval,Document Automation,AI Observability,AI Security,2,3,1,4,2,1,4,3,2,4,3,1,5,4,6,4,15,20,25,40,1,0,1,0,-0.5,1.5,-15,-10,76,63,80,45,5,4,6,4,5,3,A bank customer has rolled Foliant out organization-wide after a successful pilot.,"It does not permit external accuracy audits, citing customer confidentiality.","Paying customers run it on production models, and it generates annual recurring revenue.","It has completed a SOC 2 Type II audit, with the report available in its data room.",201.1,50.6,106.9,21.6,201.123,50.561,107.086,21.625,14,14,14,14,TRUE,TRUE,TRUE,TRUE,FALSE,FALSE,FALSE,FALSE,1,FALSE,1,44,Male,3,"ETF or ETC, Stock Market, Private Equity fund",Asian,India,India,Full-Time,Maybe a little,"I believe this study was conducted to compare the profiles and performance of different companies, thereby providing investors with relevant insights to evaluate potential investment opportunities and make informed investment decisions.",1093,1358,644
227,disclosure,2,12,lq_first,3,1,4,2,Paperloom,Foliant,Sentyl,Pulsegrid,340b9ba1,08321160,0566fd88,e7f29679,Document Automation,Enterprise Knowledge Retrieval,AI Security,AI Observability,4,2,3,1,1,2,3,4,3,4,1,2,5,4,6,5,65,5,30,0,1,1,1,1,-1,1,20,45,86,89,34,5,5,4,6,5,1,1,An independent certification firm has completed an audit of its extraction accuracy and verified a benchmark lead.,Its most advanced customer engagement is a pilot in two practice groups at a law firm.,"It has completed a SOC 2 Type II audit, with the report available in its data room.","It is pre-revenue, with an open-beta cohort scheduled to start next month.",122.5,163.4,173.8,156.8,122.516,163.3,173.8,156.78,14,14,14,14,TRUE,TRUE,TRUE,TRUE,FALSE,FALSE,FALSE,FALSE,1,FALSE,1,42,Male,0,"Stock Market, Crowdfunding",White,United States,United States,Full-Time,No,I think it was about how much design impacts perception when it doesn't really matter to the content.,891,1536,695
228,disclosure_explanation,7,6,hq_first,1,3,2,4,Paperloom,Axonmesh,Sentyl,Servora,340b9ba1,4fe27fae,0566fd88,e06655dc,Document Automation,Robotics Orchestration,AI Security,AI Inference Infrastructure,2,3,1,4,3,1,4,2,3,2,4,1,4,5,4,5,20,25,20,35,1,1,1,1,0,-1,-5,-10,71,50,57,66,4,5,4,5,5,6,An independent certification firm has completed an audit of its extraction accuracy and verified a benchmark lead.,Its deployment to date is one pilot fleet running daily at a single design partner's warehouse.,"It has completed a SOC 2 Type II audit, with the report available in its data room.",Its patent filing is a provisional application that is still pending.,184,196.1,179.6,74.9,183.98,200.497,179.524,84.341,14,14,14,14,TRUE,TRUE,TRUE,TRUE,FALSE,FALSE,FALSE,FALSE,1,FALSE,1,42,Male,1,"Stock Market, Crowdfunding",Other,United States,United States,Full-Time,Maybe a little,Evaluating startup pitch decks and making investment decisions about early stage tech companies.,2316,1920,911
229,disclosure,2,8,hq_first,1,3,2,4,Axonmesh,Curato,Servora,Ironhall,f36cc003,37c0ca72,574d1367,817f1201,Robotics Orchestration,AI Training Data,AI Inference Infrastructure,Edge-AI Hardware,1,4,2,3,1,4,2,3,4,2,1,3,5,4,5,4,40,15,15,30,1,0,1,1,0,1,5,5,16,15,20,20,5,4,5,4,1,2,"Live fleets already coordinate robots in production at customer sites, billing recurring revenue.",Its founders built data infrastructure together at a leading AI-data company and left senior roles to work on Curato full-time.,"Its core patent has been granted, with further claims in prosecution.","Its industrial certification is still in testing, and its first module is installing on a pilot line this quarter.",174.4,167.2,229.5,191,174.492,167.184,229.6,190.969,14,14,14,14,TRUE,TRUE,TRUE,TRUE,FALSE,FALSE,FALSE,FALSE,1,FALSE,1,61,Male,20,"ETF or ETC, Government Bonds, Stock Market, Crowdfunding",White,United Kingdom,United Kingdom,Full-Time,No,How visual presentation impacts on decision making,1371,1280,678
230,disclosure,6,3,hq_first,1,3,2,4,Ironhall,Pulsegrid,Foliant,Paperloom,b5fef669,2055e10c,fa1fe22c,e20d4e90,Edge-AI Hardware,AI Observability,Enterprise Knowledge Retrieval,Document Automation,1,3,2,4,1,3,4,2,4,3,2,1,5,4,6,6,20,30,40,10,1,1,1,0,-1.5,0.5,0,10,27,62,18,6,5,4,6,6,1,1,Its module has passed independent industrial certification and already runs on live production lines.,"It is pre-revenue, with an open-beta cohort scheduled to start next month.",A bank customer has rolled Foliant out organization-wide after a successful pilot.,"It does not permit external accuracy audits, citing customer confidentiality.",296.6,139.4,427.4,598.3,312.009,155.672,726.407,603.796,14,13,14,14,TRUE,TRUE,TRUE,TRUE,FALSE,FALSE,FALSE,FALSE,2,FALSE,1,42,Male,10,"Government Bonds, Stock Market, ETF or ETC, Other, Crowdfunding, Venture Capital fund",White,United Kingdom,United Kingdom,Full-Time,No,To see if terrible pitch decks affected how we thought about decent companies,2323,1272,588
231,disclosure,5,2,hq_first,1,3,2,4,Curato,Foliant,Ironhall,Pulsegrid,6b81ec39,08321160,87b7dfe9,e7f29679,AI Training Data,Enterprise Knowledge Retrieval,Edge-AI Hardware,AI Observability,1,4,2,3,2,4,3,1,2,1,4,3,6,1,5,2,75,0,25,0,1,1,1,1,0,4,25,50,79,89,32,14,6,1,5,2,1,3,Its founders built data infrastructure together at a leading AI-data company and left senior roles to work on Curato full-time.,Its most advanced customer engagement is a pilot in two practice groups at a law firm.,Its module has passed independent industrial certification and already runs on live production lines.,"It is pre-revenue, with an open-beta cohort scheduled to start next month.",301.1,197.8,424.1,224.5,300.901,197.601,423.852,224.344,14,14,14,14,TRUE,TRUE,TRUE,TRUE,FALSE,FALSE,FALSE,FALSE,1,FALSE,1,45,Female,5,"Government Bonds, Stock Market, Unit trusts, Options, Venture Capital fund, Crowdfunding",White,United Kingdom,United Kingdom,Full-Time,Maybe a little,"Two of the decks were really poor quality and difficult to read, so I think the study was about the impact of presentation on financial investment decisions",1590,1280,720
232,disclosure_explanation,8,6,hq_first,1,3,2,4,Paperloom,Axonmesh,Sentyl,Servora,340b9ba1,4fe27fae,0566fd88,e06655dc,Document Automation,Robotics Orchestration,AI Security,AI Inference Infrastructure,1,3,2,4,2,3,4,1,3,1,2,4,4,3,3,3,15,15,40,30,1,1,1,1,0.5,0.5,-20,5,68,62,34,35,4,3,3,3,2,2,An independent certification firm has completed an audit of its extraction accuracy and verified a benchmark lead.,Its deployment to date is one pilot fleet running daily at a single design partner's warehouse.,"It has completed a SOC 2 Type II audit, with the report available in its data room.",Its patent filing is a provisional application that is still pending.,74.6,55.7,71.9,51.8,78.061,55.472,71.906,51.844,14,14,14,14,TRUE,TRUE,TRUE,TRUE,FALSE,FALSE,FALSE,FALSE,2,FALSE,1,44,Male,2,"Crowdfunding, Stock Market, ETF or ETC",White,United Kingdom,United Kingdom,Full-Time,No,effect of visuals on how decisions are made,942,1920,911
236,control,1,6,hq_first,1,3,2,4,Paperloom,Axonmesh,Sentyl,Servora,340b9ba1,4fe27fae,0566fd88,e06655dc,Document Automation,Robotics Orchestration,AI Security,AI Inference Infrastructure,2,3,1,4,3,2,1,4,4,2,1,3,4,4,3,5,10,15,60,15,1,0,1,1,0,-1,-25,20,61,51,42,56,4,4,3,5,3,3,An independent certification firm has completed an audit of its extraction accuracy and verified a benchmark lead.,"Live fleets already coordinate robots in production at customer sites, billing recurring revenue.","It has completed a SOC 2 Type II audit, with the report available in its data room.",Its patent filing is a provisional application that is still pending.,85.3,73.4,95.6,13.7,85.287,73.523,95.467,13.6,14,14,14,1,TRUE,TRUE,TRUE,TRUE,FALSE,FALSE,FALSE,FALSE,1,FALSE,1,54,Female,0,"Government Bonds, Stock Market, Private Equity fund, Options",White,United States,United States,"Not in paid work (e.g. homemaker', 'retired or disabled)",No,These were very complex companies that did very different things.  Maybe wanted to know what people thought was a higher priority of need??,874,1440,812
237,disclosure_explanation,7,1,hq_first,1,3,2,4,Servora,Ironhall,Curato,Foliant,737deb7d,3e0eedc2,cbc833b1,3eed90b1,AI Inference Infrastructure,Edge-AI Hardware,AI Training Data,Enterprise Knowledge Retrieval,1,3,2,4,1,3,2,4,2,1,4,3,6,6,3,2,70,30,0,0,1,1,1,1,3.5,0.5,50,20,100,100,42,29,6,6,3,2,1,1,"Its core patent has been granted, with further claims in prosecution.","Its industrial certification is still in testing, and its first module is installing on a pilot line this quarter.",Its founders built data infrastructure together at a leading AI-data company and left senior roles to work on Curato full-time.,Its most advanced customer engagement is a pilot in two practice groups at a law firm.,188.9,109,121.8,99.5,193.457,114.429,127.274,104.654,14,14,14,14,TRUE,TRUE,TRUE,TRUE,FALSE,FALSE,FALSE,FALSE,1,FALSE,1,58,Male,10,"ETF or ETC, Government Bonds, Stock Market, Unit trusts, Crowdfunding",White,United Kingdom,United Kingdom,Full-Time,No,if presentation influenced decisions?,1153,1920,919
239,disclosure,2,13,lq_first,3,1,4,2,Sentyl,Pulsegrid,Axonmesh,Paperloom,bcd14e91,2055e10c,e6065b1a,e20d4e90,AI Security,AI Observability,Robotics Orchestration,Document Automation,3,2,4,1,4,2,1,3,1,3,2,4,6,5,3,3,35,15,35,15,0,1,1,0,2.5,0.5,0,20,88,61,25,12,6,5,3,3,5,6,Its compliance certifications are inherited from its cloud hosting provider.,"It is pre-revenue, with an open-beta cohort scheduled to start next month.","Live fleets already coordinate robots in production at customer sites, billing recurring revenue.",An independent certification firm has completed an audit of its extraction accuracy and verified a benchmark lead.,177,248.5,69.2,142.8,177.047,275.12,84.439,142.743,14,14,14,14,TRUE,TRUE,TRUE,TRUE,FALSE,FALSE,FALSE,FALSE,1,FALSE,1,41,Male,3,"ETF or ETC, Government Bonds, Stock Market, Options, Private Equity fund, Crowdfunding",White,Canada,Canada,Full-Time,No,The study was about how you would allocate units of capital to various start-ups.,1050,1600,731
240,disclosure_explanation,8,1,hq_first,1,3,2,4,Servora,Ironhall,Curato,Foliant,737deb7d,3e0eedc2,cbc833b1,3eed90b1,AI Inference Infrastructure,Edge-AI Hardware,AI Training Data,Enterprise Knowledge Retrieval,2,4,1,3,4,2,1,3,3,1,2,4,4,1,6,3,25,5,60,10,1,1,1,1,-2,3,-20,35,72,73,71,71,4,1,6,3,1,1,"Its core patent has been granted, with further claims in prosecution.","Its industrial certification is still in testing, and its first module is installing on a pilot line this quarter.",Its founders built data infrastructure together at a leading AI-data company and left senior roles to work on Curato full-time.,Its most advanced customer engagement is a pilot in two practice groups at a law firm.,306.6,327.8,291.7,265,306.655,327.662,291.852,264.994,14,14,14,14,TRUE,TRUE,TRUE,TRUE,FALSE,FALSE,FALSE,FALSE,1,FALSE,1,72,Male,10,"Government Bonds, Stock Market, Unit trusts, Private Equity fund",Asian,United Kingdom,United Kingdom,Full-Time,No,concentration and retention of knowledge gained and interpretation,1940,1280,712
241,disclosure,2,13,lq_first,3,1,4,2,Sentyl,Pulsegrid,Axonmesh,Paperloom,bcd14e91,2055e10c,e6065b1a,e20d4e90,AI Security,AI Observability,Robotics Orchestration,Document Automation,4,1,3,2,2,3,4,1,1,2,3,4,4,3,5,5,10,10,30,50,0,0,0,1,-1.5,0.5,-30,-10,30,42,19,20,4,3,5,5,3,1,Its SOC 2 Type II audit is scheduled but has not yet taken place.,Its revenue comes chiefly from paid consulting and integration projects.,Its deployment to date is one pilot fleet running daily at a single design partner's warehouse.,An independent benchmark of its extraction accuracy is in progress but not yet finished.,49.1,61,81.8,76.1,48.995,60.932,81.871,76.069,14,14,14,14,TRUE,TRUE,TRUE,TRUE,FALSE,FALSE,FALSE,FALSE,1,FALSE,1,37,Male,5,"Private Equity fund, Stock Market",White,United Kingdom,United Kingdom,Full-Time,No,The slide decks were very complex and filled with jargon that only those in the industry would understand. So I don't think it was about assessing what we thought of each pitch or product. The questions were very hard to understand and very niche so I don't think it was necessarily about remembering information from the pitches either because the questions were so specific based on large amounts of complex information.,700,1528,828
242,control,1,9,lq_first,3,1,4,2,Ironhall,Servora,Foliant,Curato,b5fef669,e55a120c,fa1fe22c,14efa601,Edge-AI Hardware,AI Inference Infrastructure,Enterprise Knowledge Retrieval,AI Training Data,3,2,4,1,3,2,4,1,1,3,2,4,5,2,6,2,40,0,60,0,1,1,1,0,-0.5,3.5,-10,50,81,83,6,15,5,2,6,2,3,3,Its module has passed independent industrial certification and already runs on live production lines.,Its patent filing is a provisional application that is still pending.,A bank customer has rolled Foliant out organization-wide after a successful pilot.,Its founders are academics who license the labelling technology from their university lab.,321.7,321.1,179.7,217.4,321.733,320.863,179.935,217.502,14,14,14,14,TRUE,TRUE,TRUE,TRUE,FALSE,FALSE,FALSE,FALSE,1,FALSE,1,33,Female,3,"ETF or ETC, Stock Market, Private Equity fund",White,France,France,Full-Time,No,maybe about discovering if the quality of the decks influences the decision to invest in a project or not,1462,1366,641
243,disclosure_explanation,8,3,hq_first,1,3,2,4,Ironhall,Pulsegrid,Foliant,Paperloom,b5fef669,2055e10c,fa1fe22c,e20d4e90,Edge-AI Hardware,AI Observability,Enterprise Knowledge Retrieval,Document Automation,1,4,2,3,2,1,3,4,1,3,2,4,5,3,6,2,30,20,40,10,1,1,1,1,0,3,0,20,78,31,2,5,5,3,6,2,6,2,Its module has passed independent industrial certification and already runs on live production lines.,"It is pre-revenue, with an open-beta cohort scheduled to start next month.",A bank customer has rolled Foliant out organization-wide after a successful pilot.,An independent benchmark of its extraction accuracy is in progress but not yet finished.,215.1,162.5,195,159,215.022,162.341,194.906,159.061,14,14,14,14,TRUE,TRUE,TRUE,TRUE,FALSE,FALSE,FALSE,FALSE,1,FALSE,1,70,Male,8,"ETF or ETC, Stock Market, Venture Capital fund, Private Equity fund, Government Bonds",White,Canada,Canada,"Not in paid work (e.g. homemaker', 'retired or disabled)",No,The clarity of the pitch.  Whether the slide slow actually shows the data needed to make a decision,1476,1761,917
246,disclosure,5,5,hq_first,1,3,2,4,Pulsegrid,Sentyl,Paperloom,Axonmesh,dff2e369,90a19744,081e5fb5,c7e2221f,AI Observability,AI Security,Document Automation,Robotics Orchestration,2,3,1,4,3,1,2,4,3,2,1,4,4,2,6,1,0,0,100,0,0,1,1,1,-0.5,3.5,-50,50,35,27,57,20,4,2,6,1,1,1,"It is pre-revenue, with an open-beta cohort scheduled to start next month.",Its SOC 2 Type II audit is scheduled but has not yet taken place.,An independent certification firm has completed an audit of its extraction accuracy and verified a benchmark lead.,Its deployment to date is one pilot fleet running daily at a single design partner's warehouse.,263.7,182.9,336.9,265.7,263.775,182.8,336.822,265.582,14,14,14,14,TRUE,TRUE,TRUE,TRUE,FALSE,FALSE,FALSE,FALSE,1,FALSE,1,41,Male,0,Crowdfunding,White,United Kingdom,United Kingdom,Part-Time,No,Whether or not knowing the origin of the design of a startup pitch affects the amount an investor is willing to invest?,1503,1277,1305
247,disclosure,3,14,lq_first,3,1,4,2,Axonmesh,Paperloom,Servora,Sentyl,f36cc003,84f4d358,574d1367,bfc6f4d0,Robotics Orchestration,Document Automation,AI Inference Infrastructure,AI Security,3,2,4,1,4,3,1,2,2,3,1,4,5,4,5,4,20,30,25,25,1,0,0,0,0,1,0,-5,75,72,20,23,5,4,5,4,2,3,"Live fleets already coordinate robots in production at customer sites, billing recurring revenue.",An independent certification firm has completed an audit of its extraction accuracy and verified a benchmark lead.,Its technology is patented by a university and licensed to the company exclusively.,Its compliance certifications are inherited from its cloud hosting provider.,7.8,17.5,12.3,11.9,7.863,17.502,49.114,11.789,14,14,14,14,TRUE,TRUE,TRUE,TRUE,FALSE,FALSE,FALSE,FALSE,2,FALSE,1,31,Male,4,"Government Bonds, Unit trusts, Stock Market, Angel syndicate, Private Equity fund, Options, Venture Capital fund, Crowdfunding",Asian,United Kingdom,United Kingdom,Full-Time,Maybe a little,The study was about evaluating four startup ventures based on the substance of their pitch decks and deciding how to allocate investment capital across them according to which businesses seemed most likely to succeed and generate returns.,1080,1470,773
248,disclosure_explanation,7,5,hq_first,1,3,2,4,Pulsegrid,Sentyl,Paperloom,Axonmesh,dff2e369,90a19744,081e5fb5,c7e2221f,AI Observability,AI Security,Document Automation,Robotics Orchestration,2,3,1,4,3,2,1,4,2,4,1,3,6,3,6,1,40,0,60,0,1,1,1,1,1,4,-10,50,82,91,85,88,6,3,6,1,2,2,"Paying customers run it on production models, and it generates annual recurring revenue.",Its SOC 2 Type II audit is scheduled but has not yet taken place.,An independent certification firm has completed an audit of its extraction accuracy and verified a benchmark lead.,Its deployment to date is one pilot fleet running daily at a single design partner's warehouse.,206.4,199.4,218.6,199.2,206.399,199.401,218.512,199.034,14,14,14,14,TRUE,TRUE,TRUE,TRUE,FALSE,FALSE,FALSE,FALSE,1,FALSE,1,47,Male,3,"Stock Market, Unit trusts, Crowdfunding",White,United Kingdom,United Kingdom,Unemployed (and job seeking),No,Whether the presentation of the slide deck had any significant impact on an investor's decision whether or not to invest in a given company.,1232,1912,948
249,disclosure,4,12,lq_first,3,1,4,2,Paperloom,Foliant,Sentyl,Pulsegrid,340b9ba1,08321160,0566fd88,e7f29679,Document Automation,Enterprise Knowledge Retrieval,AI Security,AI Observability,3,2,4,1,1,4,2,3,3,1,4,2,3,4,5,4,45,15,30,10,1,1,0,0,-1,0,10,25,21,61,62,63,3,4,5,4,3,3,An independent certification firm has completed an audit of its extraction accuracy and verified a benchmark lead.,Its most advanced customer engagement is a pilot in two practice groups at a law firm.,Its compliance certifications are inherited from its cloud hosting provider.,Its revenue comes chiefly from paid consulting and integration projects.,78,212.2,69.4,274.5,78.062,212.135,74.742,274.521,14,14,14,14,TRUE,TRUE,TRUE,TRUE,FALSE,FALSE,FALSE,FALSE,1,FALSE,1,53,Male,6,"Stock Market, Options, Private Equity fund, Crowdfunding, Venture Capital fund, ETF or ETC, Government Bonds",Black,Brazil,Brazil,Part-Time,Maybe a little,securty services on clouding platform,2098,1366,599
250,disclosure_explanation,7,10,lq_first,3,1,4,2,Foliant,Curato,Pulsegrid,Ironhall,46c0bf32,37c0ca72,f5bfffe5,817f1201,Enterprise Knowledge Retrieval,AI Training Data,AI Observability,Edge-AI Hardware,4,2,3,1,4,1,2,3,3,4,2,1,5,3,4,4,35,18,30,17,0,0,0,0,0,1,3,15,68,38,58,44,5,3,4,4,4,5,Its most advanced customer engagement is a pilot in two practice groups at a law firm.,Its founders built data infrastructure together at a leading AI-data company and left senior roles to work on Curato full-time.,"It is pre-revenue, with an open-beta cohort scheduled to start next month.",Its module has passed independent industrial certification and already runs on live production lines.,45,82.5,51,137.9,45.003,82.605,50.901,137.755,14,14,14,14,TRUE,TRUE,TRUE,TRUE,FALSE,FALSE,FALSE,FALSE,1,FALSE,1,22,Male,2,"Stock Market, Unit trusts, Private Equity fund",White,Canada,Canada,Part-Time,Maybe a little,i think it was pretty cool to not have all the information about the company and being able to decide for yourself what interests you and your decisions,873,1528,732
251,disclosure,6,14,lq_first,3,1,4,2,Axonmesh,Paperloom,Servora,Sentyl,f36cc003,84f4d358,574d1367,bfc6f4d0,Robotics Orchestration,Document Automation,AI Inference Infrastructure,AI Security,3,1,4,2,1,2,3,4,1,4,3,2,6,4,4,4,40,10,10,40,1,1,0,1,1,1,0,0,78,61,25,21,6,4,4,4,1,1,"Live fleets already coordinate robots in production at customer sites, billing recurring revenue.",An independent benchmark of its extraction accuracy is in progress but not yet finished.,Its patent filing is a provisional application that is still pending.,Its SOC 2 Type II audit is scheduled but has not yet taken place.,366.2,355.1,308,576.9,366.217,355.082,315.535,578.617,14,14,14,14,TRUE,TRUE,TRUE,TRUE,FALSE,FALSE,FALSE,FALSE,2,FALSE,1,33,Female,0,"Stock Market, Venture Capital fund",Black,United Kingdom,United Kingdom,Full-Time,Maybe a little,"Based on design, data and limited founder information, which preferred company would be invested in",2274,1920,945
256,disclosure,3,7,hq_first,1,3,2,4,Sentyl,Servora,Axonmesh,Curato,bcd14e91,e55a120c,e6065b1a,14efa601,AI Security,AI Inference Infrastructure,Robotics Orchestration,AI Training Data,2,4,1,3,1,3,4,2,4,3,1,2,5,5,5,5,20,10,60,10,1,1,0,0,0,0,-20,30,73,96,12,20,5,5,5,5,1,1,"It has completed a SOC 2 Type II audit, with the report available in its data room.",Its patent filing is a provisional application that is still pending.,Its deployment to date is one pilot fleet running daily at a single design partner's warehouse.,Its founders built data infrastructure together at a leading AI-data company and left senior roles to work on Curato full-time.,47.4,42.5,87.4,29.3,47.44,42.519,87.54,29.372,14,14,14,14,TRUE,TRUE,TRUE,TRUE,FALSE,FALSE,FALSE,FALSE,1,FALSE,1,53,Male,10,"Stock Market, Crowdfunding",White,United Kingdom,United Kingdom,Full-Time,No,Seeing if you could remember DETAIL from the presentation.,431,1827,1464
257,disclosure,2,8,hq_first,1,3,2,4,Axonmesh,Curato,Servora,Ironhall,f36cc003,37c0ca72,574d1367,817f1201,Robotics Orchestration,AI Training Data,AI Inference Infrastructure,Edge-AI Hardware,2,3,1,4,2,1,3,4,1,4,3,2,6,5,7,4,30,10,60,0,1,0,1,1,0,2,-10,40,100,100,0,0,6,5,7,4,1,1,"Live fleets already coordinate robots in production at customer sites, billing recurring revenue.",Its founders built data infrastructure together at a leading AI-data company and left senior roles to work on Curato full-time.,"Its core patent has been granted, with further claims in prosecution.","Its industrial certification is still in testing, and its first module is installing on a pilot line this quarter.",289.4,233.1,742,119.4,299.525,233.216,1334.245,123.356,14,14,14,14,TRUE,TRUE,TRUE,TRUE,FALSE,FALSE,FALSE,FALSE,1,FALSE,1,36,Male,4,"Crowdfunding, Stock Market, Other",Black,United Kingdom,United Kingdom,Full-Time,No,It was about investment on promising startups,2834,1920,1080
259,disclosure,4,4,hq_first,1,3,2,4,Foliant,Paperloom,Pulsegrid,Sentyl,46c0bf32,84f4d358,f5bfffe5,bfc6f4d0,Enterprise Knowledge Retrieval,Document Automation,AI Observability,AI Security,2,3,1,4,4,3,1,2,3,4,1,2,6,6,6,6,25,25,25,25,1,1,1,1,0,0,0,0,82,76,6,17,6,6,6,6,3,3,A bank customer has rolled Foliant out organization-wide after a successful pilot.,An independent benchmark of its extraction accuracy is in progress but not yet finished.,"Paying customers run it on production models, and it generates annual recurring revenue.",Its SOC 2 Type II audit is scheduled but has not yet taken place.,193,158.7,262.4,148.9,192.999,158.513,262.467,149.023,14,14,14,14,TRUE,TRUE,TRUE,TRUE,FALSE,FALSE,FALSE,FALSE,1,FALSE,1,64,Female,0,"Stock Market, Private Equity fund",White,United States,United States,"Not in paid work (e.g. homemaker', 'retired or disabled)",No,the quality of start up business models,1143,1912,948
260,disclosure,4,2,hq_first,1,3,2,4,Curato,Foliant,Ironhall,Pulsegrid,6b81ec39,08321160,87b7dfe9,e7f29679,AI Training Data,Enterprise Knowledge Retrieval,Edge-AI Hardware,AI Observability,1,3,2,4,1,2,4,3,4,3,1,2,5,6,3,4,35,15,35,15,1,1,1,1,2,-1,0,20,96,97,23,15,5,6,3,4,5,3,Its founders built data infrastructure together at a leading AI-data company and left senior roles to work on Curato full-time.,Its most advanced customer engagement is a pilot in two practice groups at a law firm.,Its module has passed independent industrial certification and already runs on live production lines.,"It is pre-revenue, with an open-beta cohort scheduled to start next month.",375.4,215.7,402.5,243.8,375.451,215.749,402.618,253.756,14,14,14,14,TRUE,TRUE,TRUE,TRUE,FALSE,FALSE,FALSE,FALSE,1,FALSE,1,41,Male,10,"Government Bonds, Stock Market, Crowdfunding, Venture Capital fund",White,United Kingdom,United Kingdom,Full-Time,No,How the presentation affected our investments?,1606,1707,898
261,disclosure,4,13,lq_first,3,1,4,2,Sentyl,Pulsegrid,Axonmesh,Paperloom,bcd14e91,2055e10c,e6065b1a,e20d4e90,AI Security,AI Observability,Robotics Orchestration,Document Automation,3,2,4,1,1,2,3,4,2,3,1,4,6,3,5,3,70,10,20,0,1,1,0,1,0.5,2.5,30,40,76,70,37,23,6,3,5,3,1,5,"It has completed a SOC 2 Type II audit, with the report available in its data room.","It is pre-revenue, with an open-beta cohort scheduled to start next month.",Its coordination software has so far run only in simulation.,An independent benchmark of its extraction accuracy is in progress but not yet finished.,151.7,159.1,106.9,228.3,151.844,164.261,106.862,228.448,14,14,14,14,TRUE,TRUE,TRUE,TRUE,FALSE,FALSE,FALSE,FALSE,1,FALSE,1,41,Male,0,"Stock Market, Venture Capital fund, Crowdfunding",White,United Kingdom,United Kingdom,Full-Time,No,"Data retention on the slides, and how you interpret that data to speculate on the company's ability to deliver.",911,1920,911
264,disclosure,2,4,hq_first,1,3,2,4,Foliant,Paperloom,Pulsegrid,Sentyl,46c0bf32,84f4d358,f5bfffe5,bfc6f4d0,Enterprise Knowledge Retrieval,Document Automation,AI Observability,AI Security,2,3,1,4,1,3,4,2,2,1,3,4,6,3,6,3,50,0,50,0,1,0,1,0,0,3,0,50,71,62,54,18,6,3,6,3,1,1,A bank customer has rolled Foliant out organization-wide after a successful pilot.,"It does not permit external accuracy audits, citing customer confidentiality.","Paying customers run it on production models, and it generates annual recurring revenue.",It has decided to defer formal security audits until after this funding round.,157.3,90.2,249.6,172.5,157.36,90.271,249.638,172.631,14,7,14,14,TRUE,TRUE,TRUE,TRUE,FALSE,FALSE,FALSE,FALSE,2,FALSE,1,67,Male,25,"Stock Market, Options, Private Equity fund",White,United States,United States,Other,No,Evaluating pitch decks for tech proposals,1216,1920,951
265,disclosure_explanation,8,14,lq_first,3,1,4,2,Axonmesh,Paperloom,Servora,Sentyl,f36cc003,84f4d358,574d1367,bfc6f4d0,Robotics Orchestration,Document Automation,AI Inference Infrastructure,AI Security,4,1,3,2,4,1,3,2,3,2,1,4,6,3,6,6,0,0,25,75,1,1,1,1,-1.5,1.5,-50,-25,82,71,25,24,6,3,6,6,2,5,"Live fleets already coordinate robots in production at customer sites, billing recurring revenue.",An independent benchmark of its extraction accuracy is in progress but not yet finished.,"Its core patent has been granted, with further claims in prosecution.",Its SOC 2 Type II audit is scheduled but has not yet taken place.,84.5,282.2,112,185.7,84.292,282.101,111.783,185.747,14,14,14,14,TRUE,TRUE,TRUE,TRUE,FALSE,FALSE,FALSE,FALSE,1,FALSE,1,50,Male,10,"Stock Market, Options, Crowdfunding",White,United Kingdom,Ireland,Full-Time,No,Does good document design make up for bad content,1142,1907,1017
268,disclosure,6,16,lq_first,3,1,4,2,Curato,Axonmesh,Ironhall,Servora,6b81ec39,4fe27fae,87b7dfe9,e06655dc,AI Training Data,Robotics Orchestration,Edge-AI Hardware,AI Inference Infrastructure,4,2,3,1,3,2,1,4,2,1,4,3,7,6,7,7,40,5,40,15,1,1,1,1,-0.5,0.5,-5,30,83,83,88,90,7,6,7,7,7,6,Its founders built data infrastructure together at a leading AI-data company and left senior roles to work on Curato full-time.,Its deployment to date is one pilot fleet running daily at a single design partner's warehouse.,Its module has passed independent industrial certification and already runs on live production lines.,Its patent filing is a provisional application that is still pending.,62.7,52.6,49.5,114,119.756,119.482,105.662,173.928,14,14,14,14,TRUE,TRUE,TRUE,TRUE,FALSE,FALSE,FALSE,FALSE,1,FALSE,1,39,Female,5,"Stock Market, Private Equity fund, Venture Capital fund",Asian,India,India,Full-Time,No,"The study investigates how individuals evaluate early-stage startup pitch decks and make venture capital investment decisions. Specifically, it seems designed to understand how different signals such as founder background and commitment, proprietary technology/patents, regulatory certification, and existing revenue or traction—influence capital allocation across competing ventures.",1755,980,1774
269,disclosure,2,11,lq_first,3,1,4,2,Pulsegrid,Ironhall,Paperloom,Foliant,dff2e369,3e0eedc2,081e5fb5,3eed90b1,AI Observability,Edge-AI Hardware,Document Automation,Enterprise Knowledge Retrieval,3,2,4,1,2,4,1,3,3,2,1,4,3,3,6,4,30,10,40,20,1,1,1,1,-2,1,-10,20,46,37,80,70,3,3,6,4,1,1,"Paying customers run it on production models, and it generates annual recurring revenue.","Its industrial certification is still in testing, and its first module is installing on a pilot line this quarter.",An independent certification firm has completed an audit of its extraction accuracy and verified a benchmark lead.,Its most advanced customer engagement is a pilot in two practice groups at a law firm.,219.2,135.8,122.9,134.1,219.218,135.739,122.956,133.989,14,14,14,14,TRUE,TRUE,TRUE,TRUE,FALSE,FALSE,FALSE,FALSE,1,FALSE,1,31,Male,3,"Government Bonds, Stock Market, Private Equity fund",Black,United Kingdom,United Kingdom,Full-Time,No,"The study is about whether the way a pitch deck looks can influence investment choices, even when people are told the design doesn't matter",1134,1280,720
271,control,1,15,lq_first,3,1,4,2,Servora,Sentyl,Curato,Axonmesh,737deb7d,90a19744,cbc833b1,c7e2221f,AI Inference Infrastructure,AI Security,AI Training Data,Robotics Orchestration,4,1,3,2,1,3,2,4,3,2,1,4,6,5,5,6,35,25,20,20,1,1,1,1,0,0,10,5,79,75,75,78,6,5,5,6,4,3,"Its core patent has been granted, with further claims in prosecution.",Its SOC 2 Type II audit is scheduled but has not yet taken place.,Its founders built data infrastructure together at a leading AI-data company and left senior roles to work on Curato full-time.,Its deployment to date is one pilot fleet running daily at a single design partner's warehouse.,219.7,467.2,207.6,199.1,221.018,469.185,207.564,199.219,14,14,14,14,TRUE,TRUE,TRUE,TRUE,FALSE,FALSE,FALSE,FALSE,1,FALSE,1,25,Female,2,"Private Equity fund, Venture Capital fund, Crowdfunding",Mixed,France,France,Full-Time,Maybe a little,I think that the study is about looking at different startups and deciding which ones seemed the most promising to invest in.,1629,1470,831
272,disclosure,6,10,lq_first,3,1,4,2,Foliant,Curato,Pulsegrid,Ironhall,46c0bf32,37c0ca72,f5bfffe5,817f1201,Enterprise Knowledge Retrieval,AI Training Data,AI Observability,Edge-AI Hardware,3,2,4,1,4,3,2,1,3,2,1,4,4,4,6,6,20,30,10,40,1,0,1,1,-2,0,0,-20,38,58,64,76,4,4,6,6,6,5,A bank customer has rolled Foliant out organization-wide after a successful pilot.,Its founders built data infrastructure together at a leading AI-data company and left senior roles to work on Curato full-time.,"Paying customers run it on production models, and it generates annual recurring revenue.","Its industrial certification is still in testing, and its first module is installing on a pilot line this quarter.",45.4,251.6,12.6,218.3,52.338,251.48,12.566,218.092,14,14,14,14,TRUE,TRUE,TRUE,TRUE,FALSE,FALSE,FALSE,FALSE,3,FALSE,1,33,Female,5,"Stock Market, Government Bonds, Private Equity fund",White,United States,United States,Part-Time,Maybe a little,business funding for various business founders.,2341,1366,599
273,disclosure,5,2,hq_first,1,3,2,4,Curato,Foliant,Ironhall,Pulsegrid,6b81ec39,08321160,87b7dfe9,e7f29679,AI Training Data,Enterprise Knowledge Retrieval,Edge-AI Hardware,AI Observability,1,3,2,4,3,4,2,1,2,1,4,3,4,5,5,4,20,30,20,30,1,0,1,0,0,0,0,-10,32,71,62,41,4,5,5,4,6,5,Its founders built data infrastructure together at a leading AI-data company and left senior roles to work on Curato full-time.,Its deployments run exclusively inside the founders' former employer.,Its module has passed independent industrial certification and already runs on live production lines.,"Paying customers run it on production models, and it generates annual recurring revenue.",198.5,174.5,280.4,76.9,198.389,175.733,281.915,76.709,14,14,14,14,TRUE,TRUE,TRUE,TRUE,FALSE,FALSE,FALSE,FALSE,2,FALSE,1,25,Female,1,"Crowdfunding, Stock Market, Government Bonds, ETF or ETC",Black,United States,United States,Other,Yes,Views on different deck in explanation.,1421,1366,651
275,disclosure,5,8,hq_first,1,3,2,4,Axonmesh,Curato,Servora,Ironhall,f36cc003,37c0ca72,574d1367,817f1201,Robotics Orchestration,AI Training Data,AI Inference Infrastructure,Edge-AI Hardware,1,4,2,3,2,1,4,3,1,2,4,3,6,6,3,3,30,20,30,20,1,1,1,1,3,0,0,10,91,86,29,37,6,6,3,3,6,5,"Live fleets already coordinate robots in production at customer sites, billing recurring revenue.","Its founders are building Curato part-time alongside their current jobs, with the advisory board still forming.","Its core patent has been granted, with further claims in prosecution.","Its industrial certification is still in testing, and its first module is installing on a pilot line this quarter.",871.9,67.7,648.1,236.5,875.625,79.601,651.412,237.081,14,14,14,14,TRUE,TRUE,TRUE,TRUE,FALSE,FALSE,FALSE,FALSE,1,FALSE,1,30,Female,4,"ETF or ETC, Government Bonds, Stock Market, Unit trusts, Private Equity fund, Venture Capital fund",Other,Canada,Canada,Full-Time,No,This study was about evaluating early start-ups from the information in the slides and deciding where i would invest in them.,2553,1312,904
277,disclosure,4,2,hq_first,1,3,2,4,Curato,Foliant,Ironhall,Pulsegrid,6b81ec39,08321160,87b7dfe9,e7f29679,AI Training Data,Enterprise Knowledge Retrieval,Edge-AI Hardware,AI Observability,1,3,2,4,4,3,1,2,2,1,4,3,6,4,5,5,35,15,25,25,1,1,1,1,0,1,0,10,94,84,25,39,6,4,5,5,6,6,Its founders built data infrastructure together at a leading AI-data company and left senior roles to work on Curato full-time.,Its most advanced customer engagement is a pilot in two practice groups at a law firm.,Its module has passed independent industrial certification and already runs on live production lines.,"It is pre-revenue, with an open-beta cohort scheduled to start next month.",135.5,76,473.3,261.3,135.405,75.69,473.343,261.371,14,14,14,14,TRUE,TRUE,TRUE,TRUE,FALSE,FALSE,FALSE,FALSE,1,FALSE,1,23,Male,1,"Stock Market, Government Bonds, Options, Private Equity fund",Asian,India,India,Full-Time,Maybe a little,the main purpose of this study is by looking at the ppts we have to know the business and give opinion about if we have to do investment in these four companies then how much would we invest in each company and we have 100 points to invest.,2673,1280,593
279,disclosure_explanation,7,1,hq_first,1,3,2,4,Servora,Ironhall,Curato,Foliant,737deb7d,3e0eedc2,cbc833b1,3eed90b1,AI Inference Infrastructure,Edge-AI Hardware,AI Training Data,Enterprise Knowledge Retrieval,1,3,2,4,2,1,4,3,4,3,1,2,6,5,4,3,35,30,25,10,1,1,1,1,2,1,15,10,91,86,60,42,6,5,4,3,5,5,"Its core patent has been granted, with further claims in prosecution.","Its industrial certification is still in testing, and its first module is installing on a pilot line this quarter.",Its founders built data infrastructure together at a leading AI-data company and left senior roles to work on Curato full-time.,Its most advanced customer engagement is a pilot in two practice groups at a law firm.,208.5,76.4,98.6,77.1,208.59,76.399,98.457,77.075,14,14,14,14,TRUE,TRUE,TRUE,TRUE,FALSE,FALSE,FALSE,FALSE,1,FALSE,1,26,Female,2,"Government Bonds, Stock Market, Crowdfunding, Other",Mixed,France,France,Full-Time,No,It was about testing how people make investment decisions in relation with visual pitch decks,1676,1920,919
280,disclosure,6,8,hq_first,1,3,2,4,Axonmesh,Curato,Servora,Ironhall,f36cc003,37c0ca72,574d1367,817f1201,Robotics Orchestration,AI Training Data,AI Inference Infrastructure,Edge-AI Hardware,2,4,1,3,3,1,2,4,3,2,4,1,6,3,7,5,10,5,50,35,0,0,1,1,-1.5,2.5,-35,10,94,61,100,82,6,3,7,5,3,4,Its deployment to date is one pilot fleet running daily at a single design partner's warehouse.,"An outside CEO was hired to lead the company, with the founders in technical roles.","Its core patent has been granted, with further claims in prosecution.","Its industrial certification is still in testing, and its first module is installing on a pilot line this quarter.",101.6,68.9,123.2,129.1,101.738,68.908,123.276,132.359,13,13,14,14,TRUE,TRUE,TRUE,TRUE,FALSE,FALSE,FALSE,FALSE,1,FALSE,1,24,Male,1,"ETF or ETC, Government Bonds, Stock Market, Venture Capital fund, Private Equity fund",Black,United Kingdom,United Kingdom,Full-Time,No,Seeing how different variables in a pitch deck affect the decision making of jugdes,785,1910,942
282,control,1,3,hq_first,1,3,2,4,Ironhall,Pulsegrid,Foliant,Paperloom,b5fef669,2055e10c,fa1fe22c,e20d4e90,Edge-AI Hardware,AI Observability,Enterprise Knowledge Retrieval,Document Automation,1,3,2,4,3,1,4,2,2,1,4,3,6,4,5,3,60,10,20,10,1,1,1,1,1,2,20,30,73,32,40,18,6,4,5,3,4,5,Its module has passed independent industrial certification and already runs on live production lines.,"It is pre-revenue, with an open-beta cohort scheduled to start next month.",A bank customer has rolled Foliant out organization-wide after a successful pilot.,An independent benchmark of its extraction accuracy is in progress but not yet finished.,193.4,113.7,150.3,106.7,233.298,113.715,150.316,900.033,14,14,14,14,TRUE,TRUE,TRUE,TRUE,FALSE,FALSE,FALSE,FALSE,1,FALSE,1,30,Female,0,"Stock Market, Crowdfunding",White,United Kingdom,United Kingdom,NA,No,How people judge new AI products,1699,1272,634
285,disclosure,3,12,lq_first,3,1,4,2,Paperloom,Foliant,Sentyl,Pulsegrid,340b9ba1,08321160,0566fd88,e7f29679,Document Automation,Enterprise Knowledge Retrieval,AI Security,AI Observability,4,2,3,1,3,1,4,2,2,4,1,3,5,5,7,4,30,5,60,5,1,1,1,1,-0.5,1.5,-15,40,91,73,0,0,5,5,7,4,1,1,An independent certification firm has completed an audit of its extraction accuracy and verified a benchmark lead.,Its most advanced customer engagement is a pilot in two practice groups at a law firm.,"It has completed a SOC 2 Type II audit, with the report available in its data room.","It is pre-revenue, with an open-beta cohort scheduled to start next month.",81.8,167.5,74.4,179,81.722,169.31,74.363,178.914,14,14,14,14,TRUE,TRUE,TRUE,TRUE,FALSE,FALSE,FALSE,FALSE,1,FALSE,1,32,Female,0,"Crowdfunding, Government Bonds",White,United Kingdom,United Kingdom,Full-Time,No,Maybe the experience of the individuals and how that influenced your decision,851,1366,641
286,control,1,11,lq_first,3,1,4,2,Pulsegrid,Ironhall,Paperloom,Foliant,dff2e369,3e0eedc2,081e5fb5,3eed90b1,AI Observability,Edge-AI Hardware,Document Automation,Enterprise Knowledge Retrieval,3,2,4,1,2,3,4,1,2,1,4,3,5,5,6,5,25,25,25,25,1,0,0,1,-0.5,0.5,0,0,62,77,80,37,5,5,6,5,5,5,"Paying customers run it on production models, and it generates annual recurring revenue.",Its module failed an initial certification audit and is being redesigned.,An independent benchmark of its extraction accuracy is in progress but not yet finished.,Its most advanced customer engagement is a pilot in two practice groups at a law firm.,51.7,42.2,58,10.2,51.694,55.676,58.14,10.227,13,7,14,1,TRUE,TRUE,TRUE,TRUE,FALSE,FALSE,FALSE,FALSE,1,FALSE,1,48,Female,0,"ETF or ETC, Private Equity fund",White,United States,United States,Full-Time,Maybe a little,which to invest in.,472,1744,937
291,control,1,8,hq_first,1,3,2,4,Axonmesh,Curato,Servora,Ironhall,f36cc003,37c0ca72,574d1367,817f1201,Robotics Orchestration,AI Training Data,AI Inference Infrastructure,Edge-AI Hardware,1,3,2,4,3,1,2,4,2,4,3,1,7,6,7,6,25,30,20,25,1,1,1,1,0,1,5,-5,97,93,100,93,7,6,7,6,6,6,"Live fleets already coordinate robots in production at customer sites, billing recurring revenue.","Its founders are building Curato part-time alongside their current jobs, with the advisory board still forming.","Its core patent has been granted, with further claims in prosecution.","Its industrial certification is still in testing, and its first module is installing on a pilot line this quarter.",166,165.8,160.3,162.5,166.013,165.901,160.23,162.361,14,14,14,14,TRUE,TRUE,TRUE,TRUE,FALSE,FALSE,FALSE,FALSE,1,FALSE,1,30,Male,5,"Stock Market, Unit trusts, Crowdfunding, Private Equity fund, Venture Capital fund",Black,Canada,Nigeria,Part-Time,Maybe a little,Attention to details.,1368,1126,671
292,disclosure,6,3,hq_first,1,3,2,4,Ironhall,Pulsegrid,Foliant,Paperloom,b5fef669,2055e10c,fa1fe22c,e20d4e90,Edge-AI Hardware,AI Observability,Enterprise Knowledge Retrieval,Document Automation,1,4,2,3,1,3,4,2,1,2,3,4,5,6,6,5,25,25,25,25,0,0,0,0,0,0,0,0,60,78,77,52,5,6,6,5,5,5,"Its industrial certification is still in testing, and its first module is installing on a pilot line this quarter.",It charges model vendors for access to anonymized benchmark data.,A national government agency is its anchor customer.,"It does not permit external accuracy audits, citing customer confidentiality.",36,18.3,7.8,22.5,36.249,18.197,7.93,22.552,14,14,14,14,TRUE,TRUE,TRUE,TRUE,FALSE,FALSE,FALSE,FALSE,2,FALSE,1,38,Male,1,"ETF or ETC, Stock Market, Government Bonds, Unit trusts, Angel syndicate, Private Equity fund, Crowdfunding",White,United States,United States,Full-Time,Maybe a little,ventures,534,1536,730
293,disclosure_explanation,8,7,hq_first,1,3,2,4,Sentyl,Servora,Axonmesh,Curato,bcd14e91,e55a120c,e6065b1a,14efa601,AI Security,AI Inference Infrastructure,Robotics Orchestration,AI Training Data,2,4,1,3,2,3,1,4,2,4,1,3,6,2,6,2,45,5,45,5,1,1,1,1,0,4,0,40,90,90,22,21,6,2,6,2,1,1,"It has completed a SOC 2 Type II audit, with the report available in its data room.",Its patent filing is a provisional application that is still pending.,"Live fleets already coordinate robots in production at customer sites, billing recurring revenue.","Its founders are building Curato part-time alongside their current jobs, with the advisory board still forming.",470.5,429.7,589.1,449.9,470.413,429.748,589.134,449.918,14,14,14,14,TRUE,TRUE,TRUE,TRUE,FALSE,FALSE,FALSE,FALSE,1,FALSE,1,67,Female,12,"ETF or ETC, Government Bonds, Stock Market, Private Equity fund, Options, Venture Capital fund, Crowdfunding",White,United States,United States,Full-Time,No,"I do not know. The formats were different designs, but we were told to ignore that.",2758,1482,734
294,disclosure_explanation,8,13,lq_first,3,1,4,2,Sentyl,Pulsegrid,Axonmesh,Paperloom,bcd14e91,2055e10c,e6065b1a,e20d4e90,AI Security,AI Observability,Robotics Orchestration,Document Automation,3,1,4,2,1,4,2,3,3,4,2,1,3,5,3,6,10,20,20,50,1,1,1,0,-0.5,-2.5,-20,-20,29,67,37,81,3,5,3,6,1,1,"It has completed a SOC 2 Type II audit, with the report available in its data room.","It is pre-revenue, with an open-beta cohort scheduled to start next month.","Live fleets already coordinate robots in production at customer sites, billing recurring revenue.",An independent certification firm has completed an audit of its extraction accuracy and verified a benchmark lead.,232.9,161.1,45.4,85.3,233.026,161.171,45.397,85.166,14,14,14,14,TRUE,TRUE,TRUE,TRUE,FALSE,FALSE,FALSE,FALSE,1,FALSE,1,32,Male,0,"Stock Market, Crowdfunding",White,United States,United States,Full-Time,No,Reactions to different business models when the hsitory and background are unkown,817,1920,945
295,disclosure,2,16,lq_first,3,1,4,2,Curato,Axonmesh,Ironhall,Servora,6b81ec39,4fe27fae,87b7dfe9,e06655dc,AI Training Data,Robotics Orchestration,Edge-AI Hardware,AI Inference Infrastructure,4,2,3,1,3,1,4,2,4,2,3,1,7,5,6,4,40,10,40,10,1,1,1,1,1,2,0,30,71,90,28,21,7,5,6,4,1,1,Its founders built data infrastructure together at a leading AI-data company and left senior roles to work on Curato full-time.,Its deployment to date is one pilot fleet running daily at a single design partner's warehouse.,Its module has passed independent industrial certification and already runs on live production lines.,Its patent filing is a provisional application that is still pending.,305.3,367.1,353.1,365.3,305.211,367.066,353.05,365.126,14,14,14,14,TRUE,TRUE,TRUE,TRUE,FALSE,FALSE,FALSE,FALSE,1,FALSE,1,34,Female,1,"Stock Market, Crowdfunding",White,United States,United States,"Not in paid work (e.g. homemaker', 'retired or disabled)",No,How people view and judge startups,1954,1424,700
299,disclosure_explanation,7,11,lq_first,3,1,4,2,Pulsegrid,Ironhall,Paperloom,Foliant,dff2e369,3e0eedc2,081e5fb5,3eed90b1,AI Observability,Edge-AI Hardware,Document Automation,Enterprise Knowledge Retrieval,4,1,3,2,1,4,3,2,1,2,3,4,5,6,5,3,40,10,10,40,1,1,1,1,1.5,0.5,0,0,31,78,37,11,5,6,5,3,1,1,"Paying customers run it on production models, and it generates annual recurring revenue.","Its industrial certification is still in testing, and its first module is installing on a pilot line this quarter.",An independent certification firm has completed an audit of its extraction accuracy and verified a benchmark lead.,Its most advanced customer engagement is a pilot in two practice groups at a law firm.,240.8,877.4,172.8,121.4,261.08,993.202,172.751,121.281,14,14,14,14,TRUE,TRUE,TRUE,TRUE,FALSE,FALSE,FALSE,FALSE,1,FALSE,1,34,Female,5,"ETF or ETC, Stock Market, Government Bonds, Unit trusts, Angel syndicate, Private Equity fund",White,United Kingdom,United Kingdom,NA,No,Understanding if decks that were more visually appealling and easy to read performed better for investors,2140,1411,691
301,disclosure_explanation,8,4,hq_first,1,3,2,4,Foliant,Paperloom,Pulsegrid,Sentyl,46c0bf32,84f4d358,f5bfffe5,bfc6f4d0,Enterprise Knowledge Retrieval,Document Automation,AI Observability,AI Security,2,3,1,4,3,1,2,4,1,2,3,4,4,3,7,1,0,0,100,0,0,1,1,1,-0.5,3.5,-50,50,76,88,24,17,4,3,7,1,1,1,A national government agency is its anchor customer.,An independent benchmark of its extraction accuracy is in progress but not yet finished.,"Paying customers run it on production models, and it generates annual recurring revenue.",Its SOC 2 Type II audit is scheduled but has not yet taken place.,300.1,177.9,312.6,185.2,300.302,177.82,312.632,185.153,14,14,14,14,TRUE,TRUE,TRUE,TRUE,FALSE,FALSE,FALSE,FALSE,1,FALSE,1,45,Male,3,"ETF or ETC, Government Bonds, Stock Market, Options, Crowdfunding, Other",White,United States,United States,NA,No,"I don't know, but I gave all the allotments to one company. It will solve a real, unique, future problem, and it can specialize in a way that big company competitors may not be able to.",1589,1920,987
302,disclosure_explanation,7,1,hq_first,1,3,2,4,Servora,Ironhall,Curato,Foliant,737deb7d,3e0eedc2,cbc833b1,3eed90b1,AI Inference Infrastructure,Edge-AI Hardware,AI Training Data,Enterprise Knowledge Retrieval,1,3,2,4,2,1,4,3,4,1,3,2,6,3,4,5,20,15,35,30,1,0,1,0,0,1,-15,5,78,41,59,57,6,3,4,5,1,1,"Its core patent has been granted, with further claims in prosecution.",Its module has passed independent industrial certification and already runs on live production lines.,Its founders built data infrastructure together at a leading AI-data company and left senior roles to work on Curato full-time.,A bank customer has rolled Foliant out organization-wide after a successful pilot.,262.5,69.9,257.2,34,262.301,69.933,257.076,34.149,14,14,14,14,TRUE,TRUE,TRUE,TRUE,FALSE,FALSE,FALSE,FALSE,1,FALSE,1,23,Female,1,"Stock Market, Private Equity fund, Venture Capital fund, Crowdfunding",Asian,Canada,Sri Lanka,Full-Time,No,"I think this study was about seeing which slide deck people would prefer and choose to invest in. The slides revolved around data and growing businesses, but in different ways. Whatever people choose is probably based on how easily they were able to understand the information or how valuable they thought the business model was.",1512,1440,778
303,disclosure,5,15,lq_first,3,1,4,2,Servora,Sentyl,Curato,Axonmesh,737deb7d,90a19744,cbc833b1,c7e2221f,AI Inference Infrastructure,AI Security,AI Training Data,Robotics Orchestration,3,1,4,2,3,4,1,2,3,4,2,1,6,5,3,3,40,10,30,20,1,0,1,1,2.5,0.5,0,20,71,92,27,37,6,5,3,3,1,1,"Its core patent has been granted, with further claims in prosecution.","It has completed a SOC 2 Type II audit, with the report available in its data room.",Its founders built data infrastructure together at a leading AI-data company and left senior roles to work on Curato full-time.,Its deployment to date is one pilot fleet running daily at a single design partner's warehouse.,239.8,262.5,225,290,239.7,262.577,225.031,289.889,14,14,14,14,TRUE,TRUE,TRUE,TRUE,FALSE,FALSE,FALSE,FALSE,1,FALSE,1,38,Female,5,"Crowdfunding, Stock Market",Mixed,United States,United States,Full-Time,No,"Perhaps how different people perceive, recall, and get motivated by business pitches based on the presentation of the pitch itself (graphics, data, etc).",1867,1740,820
306,disclosure,4,14,lq_first,3,1,4,2,Axonmesh,Paperloom,Servora,Sentyl,f36cc003,84f4d358,574d1367,bfc6f4d0,Robotics Orchestration,Document Automation,AI Inference Infrastructure,AI Security,4,2,3,1,3,2,4,1,2,4,1,3,5,3,5,2,15,40,15,30,1,0,0,0,0.5,2.5,5,-20,59,47,44,31,5,3,5,2,1,1,"Live fleets already coordinate robots in production at customer sites, billing recurring revenue.",An independent certification firm has completed an audit of its extraction accuracy and verified a benchmark lead.,Its technology is patented by a university and licensed to the company exclusively.,It has decided to defer formal security audits until after this funding round.,36.7,61.5,40.4,46.1,36.59,61.446,40.442,46.021,14,14,14,14,TRUE,TRUE,TRUE,TRUE,FALSE,FALSE,FALSE,FALSE,2,FALSE,1,35,Female,0,"Stock Market, Private Equity fund",White,United States,Cuba,Unemployed (and job seeking),No,Seeing how start-up pitch decks designs are perceived by provide information and data to new users,750,1235,598
307,disclosure,5,12,lq_first,3,1,4,2,Paperloom,Foliant,Sentyl,Pulsegrid,340b9ba1,08321160,0566fd88,e7f29679,Document Automation,Enterprise Knowledge Retrieval,AI Security,AI Observability,3,1,4,2,2,3,4,1,3,1,2,4,6,6,5,4,35,15,40,10,1,1,1,0,1.5,0.5,0,25,100,89,61,79,6,6,5,4,6,5,An independent certification firm has completed an audit of its extraction accuracy and verified a benchmark lead.,Its most advanced customer engagement is a pilot in two practice groups at a law firm.,"It has completed a SOC 2 Type II audit, with the report available in its data room.","Paying customers run it on production models, and it generates annual recurring revenue.",46.7,86.5,35.6,63.2,231.721,472.801,154.376,108.177,14,14,14,14,TRUE,TRUE,TRUE,TRUE,FALSE,FALSE,FALSE,FALSE,1,FALSE,1,39,Male,0,"ETF or ETC, Stock Market, Crowdfunding",Black,United States,United States,Full-Time,No,It was about evaluating and judging different startup pitch decks and picking which venture was the best investment.,1924,1920,911
308,disclosure,4,10,lq_first,3,1,4,2,Foliant,Curato,Pulsegrid,Ironhall,46c0bf32,37c0ca72,f5bfffe5,817f1201,Enterprise Knowledge Retrieval,AI Training Data,AI Observability,Edge-AI Hardware,3,2,4,1,2,1,3,4,1,2,4,3,6,4,7,5,40,10,40,10,1,1,0,1,-1,2,0,30,50,5,37,30,6,4,7,5,5,5,A bank customer has rolled Foliant out organization-wide after a successful pilot.,"Its founders are building Curato part-time alongside their current jobs, with the advisory board still forming.",It charges model vendors for access to anonymized benchmark data.,"Its industrial certification is still in testing, and its first module is installing on a pilot line this quarter.",171.6,195.6,138.4,342.9,171.684,197.817,139.759,342.502,14,14,14,14,TRUE,TRUE,TRUE,TRUE,FALSE,FALSE,FALSE,FALSE,2,FALSE,1,49,Female,1,"Stock Market, Crowdfunding",White,United States,United States,"Not in paid work (e.g. homemaker', 'retired or disabled)",No,Investing in start ups,1738,1920,911
310,disclosure,6,8,hq_first,1,3,2,4,Axonmesh,Curato,Servora,Ironhall,f36cc003,37c0ca72,574d1367,817f1201,Robotics Orchestration,AI Training Data,AI Inference Infrastructure,Edge-AI Hardware,2,4,1,3,2,4,1,3,1,2,4,3,5,2,7,4,20,10,50,20,1,0,0,0,-2,3,-20,20,75,22,96,38,5,2,7,4,6,1,"Live fleets already coordinate robots in production at customer sites, billing recurring revenue.",Its founders are academics who license the labelling technology from their university lab.,Its technology is patented by a university and licensed to the company exclusively.,Its module has passed independent industrial certification and already runs on live production lines.,84.5,93,83.9,100.3,84.655,93.12,83.764,100.16,14,14,14,14,TRUE,TRUE,TRUE,TRUE,FALSE,FALSE,FALSE,FALSE,1,FALSE,1,55,Female,5,"Stock Market, Crowdfunding",White,United States,United States,Full-Time,No,The designs were similar. There was a lot of information to try to retain. I am not sure.,1150,1221,569
311,disclosure_explanation,7,12,lq_first,3,1,4,2,Paperloom,Foliant,Sentyl,Pulsegrid,340b9ba1,08321160,0566fd88,e7f29679,Document Automation,Enterprise Knowledge Retrieval,AI Security,AI Observability,4,2,3,1,4,1,3,2,3,2,4,1,4,4,3,4,60,20,10,10,1,1,0,0,0.5,-0.5,30,20,25,15,5,9,4,4,3,4,1,4,An independent certification firm has completed an audit of its extraction accuracy and verified a benchmark lead.,Its most advanced customer engagement is a pilot in two practice groups at a law firm.,Its SOC 2 Type II audit is scheduled but has not yet taken place.,Its revenue comes chiefly from paid consulting and integration projects.,42.6,101,54.2,66.3,42.365,101.036,54.236,66.538,14,9,14,14,TRUE,TRUE,TRUE,TRUE,FALSE,FALSE,FALSE,FALSE,2,FALSE,1,30,Female,0,"ETF or ETC, Stock Market, Options, Private Equity fund",White,Canada,Canada,Full-Time,No,It was extremely complicated and hard to understand quite honestly.,717,1280,665
315,disclosure_explanation,7,10,lq_first,3,1,4,2,Foliant,Curato,Pulsegrid,Ironhall,46c0bf32,37c0ca72,f5bfffe5,817f1201,Enterprise Knowledge Retrieval,AI Training Data,AI Observability,Edge-AI Hardware,3,1,4,2,4,3,1,2,4,3,1,2,7,5,3,2,30,40,20,10,0,1,1,0,3.5,1.5,20,0,100,84,16,8,7,5,3,2,1,1,Its most advanced customer engagement is a pilot in two practice groups at a law firm.,"Its founders are building Curato part-time alongside their current jobs, with the advisory board still forming.","Paying customers run it on production models, and it generates annual recurring revenue.",Its module has passed independent industrial certification and already runs on live production lines.,159,148,124.5,124.6,160.182,151.012,124.723,124.449,14,14,14,14,TRUE,TRUE,TRUE,TRUE,FALSE,FALSE,FALSE,FALSE,2,FALSE,1,28,Female,2,Private Equity fund,Black,Canada,Canada,Full-Time,No,The study was about how individuals make investment decisions based on the information they have concerning the investment platforms.,1421,1366,641
316,disclosure,4,1,hq_first,1,3,2,4,Servora,Ironhall,Curato,Foliant,737deb7d,3e0eedc2,cbc833b1,3eed90b1,AI Inference Infrastructure,Edge-AI Hardware,AI Training Data,Enterprise Knowledge Retrieval,2,3,1,4,2,4,3,1,2,3,4,1,4,4,4,4,25,25,25,25,1,0,1,1,0,0,0,0,48,64,43,25,4,4,4,4,5,5,"Its core patent has been granted, with further claims in prosecution.",Its module has passed independent industrial certification and already runs on live production lines.,Its founders built data infrastructure together at a leading AI-data company and left senior roles to work on Curato full-time.,Its most advanced customer engagement is a pilot in two practice groups at a law firm.,99.4,36.1,116.9,54.7,99.416,36.162,117.025,54.603,14,14,14,14,TRUE,TRUE,TRUE,TRUE,FALSE,FALSE,FALSE,FALSE,2,FALSE,1,55,Male,0,"Stock Market, Crowdfunding",White,United Kingdom,United Kingdom,Full-Time,No,"Honestly, no idea.",626,2752,1031
317,disclosure_explanation,7,1,hq_first,1,3,2,4,Servora,Ironhall,Curato,Foliant,737deb7d,3e0eedc2,cbc833b1,3eed90b1,AI Inference Infrastructure,Edge-AI Hardware,AI Training Data,Enterprise Knowledge Retrieval,2,3,1,4,1,2,4,3,4,2,1,3,4,5,5,4,20,35,20,25,1,1,1,1,0,0,5,-10,35,62,54,43,4,5,5,4,3,2,"Its core patent has been granted, with further claims in prosecution.","Its industrial certification is still in testing, and its first module is installing on a pilot line this quarter.",Its founders built data infrastructure together at a leading AI-data company and left senior roles to work on Curato full-time.,Its most advanced customer engagement is a pilot in two practice groups at a law firm.,274,151.5,313.6,233.4,292.09,155.652,341.693,233.339,14,14,14,14,TRUE,TRUE,TRUE,TRUE,FALSE,FALSE,FALSE,FALSE,1,FALSE,1,25,Female,1,"ETF or ETC, Crowdfunding",White,Germany,Germany,"Not in paid work (e.g. homemaker', 'retired or disabled)",Maybe a little,I think the study was about how professionel we see a company regarding to the design of the slides.,1681,1912,914
319,disclosure,5,2,hq_first,1,3,2,4,Curato,Foliant,Ironhall,Pulsegrid,6b81ec39,08321160,87b7dfe9,e7f29679,AI Training Data,Enterprise Knowledge Retrieval,Edge-AI Hardware,AI Observability,2,3,1,4,4,1,2,3,1,3,4,2,5,5,4,4,20,40,20,20,1,1,1,1,1,0,10,-10,57,42,40,30,5,5,4,4,6,4,Its founders built data infrastructure together at a leading AI-data company and left senior roles to work on Curato full-time.,Its most advanced customer engagement is a pilot in two practice groups at a law firm.,Its module has passed independent industrial certification and already runs on live production lines.,"It is pre-revenue, with an open-beta cohort scheduled to start next month.",132,105.4,159.1,121.6,132.016,105.278,158.898,130.398,14,14,14,14,TRUE,TRUE,TRUE,TRUE,FALSE,FALSE,FALSE,FALSE,2,FALSE,1,22,Female,0,"ETF or ETC, Stock Market, Private Equity fund",Asian,India,India,Full-Time,Maybe a little,This study was about understanding the user's perspective about different startup pitch decks and getting their honest opinions on them.,1088,1462,768
320,control,1,15,lq_first,3,1,4,2,Servora,Sentyl,Curato,Axonmesh,737deb7d,90a19744,cbc833b1,c7e2221f,AI Inference Infrastructure,AI Security,AI Training Data,Robotics Orchestration,4,2,3,1,2,1,4,3,4,1,3,2,4,5,4,6,15,35,20,30,1,1,1,1,-0.5,-1.5,0,-15,60,66,44,79,4,5,4,6,5,5,"Its core patent has been granted, with further claims in prosecution.",Its SOC 2 Type II audit is scheduled but has not yet taken place.,Its founders built data infrastructure together at a leading AI-data company and left senior roles to work on Curato full-time.,Its deployment to date is one pilot fleet running daily at a single design partner's warehouse.,120.4,130.7,55.1,285.8,136.915,130.646,55.055,285.74,12,14,14,14,TRUE,TRUE,TRUE,TRUE,FALSE,FALSE,FALSE,FALSE,1,FALSE,1,27,Male,1,"ETF or ETC, Government Bonds, Stock Market, Options, Private Equity fund",Mixed,United States,United States,Full-Time,Maybe a little,decision making involving finacial companies,1390,1440,778
321,disclosure,2,2,hq_first,1,3,2,4,Curato,Foliant,Ironhall,Pulsegrid,6b81ec39,08321160,87b7dfe9,e7f29679,AI Training Data,Enterprise Knowledge Retrieval,Edge-AI Hardware,AI Observability,1,3,2,4,2,4,1,3,1,3,4,2,2,5,5,5,10,40,40,10,1,1,1,1,-1.5,-1.5,0,0,24,60,55,63,2,5,5,5,1,1,Its founders built data infrastructure together at a leading AI-data company and left senior roles to work on Curato full-time.,Its most advanced customer engagement is a pilot in two practice groups at a law firm.,Its module has passed independent industrial certification and already runs on live production lines.,"It is pre-revenue, with an open-beta cohort scheduled to start next month.",135.5,99.8,76,84.9,135.421,99.802,76.095,84.827,14,14,14,14,TRUE,TRUE,TRUE,TRUE,FALSE,FALSE,FALSE,FALSE,1,FALSE,1,62,Male,0,"Stock Market, Angel syndicate",White,United Kingdom,United Kingdom,NA,No,Trying to assess the influence of design on pitch decks.  I think that the same four designs were rotated around the pitches for different participants,691,1578,761
322,disclosure_explanation,8,5,hq_first,1,3,2,4,Pulsegrid,Sentyl,Paperloom,Axonmesh,dff2e369,90a19744,081e5fb5,c7e2221f,AI Observability,AI Security,Document Automation,Robotics Orchestration,1,4,2,3,4,2,1,3,1,3,2,4,6,3,2,4,10,25,35,30,1,0,1,0,1.5,0.5,-15,-5,85,45,38,61,6,3,2,4,4,5,"Paying customers run it on production models, and it generates annual recurring revenue.","It has completed a SOC 2 Type II audit, with the report available in its data room.",An independent certification firm has completed an audit of its extraction accuracy and verified a benchmark lead.,"Live fleets already coordinate robots in production at customer sites, billing recurring revenue.",150.5,107.1,121.3,120,150.305,107.025,121.35,122.176,14,14,14,14,TRUE,TRUE,TRUE,TRUE,FALSE,FALSE,FALSE,FALSE,2,FALSE,1,31,Male,1,"ETF or ETC, Government Bonds, Crowdfunding, Options, Stock Market",White,United States,United States,Full-Time,No,This study was about if pitch slides designed by users independent of the company are valuable enough where investors would be willing to invest money into the companies the slides were designed for.,1201,1536,695
324,disclosure,5,3,hq_first,1,3,2,4,Ironhall,Pulsegrid,Foliant,Paperloom,b5fef669,2055e10c,fa1fe22c,e20d4e90,Edge-AI Hardware,AI Observability,Enterprise Knowledge Retrieval,Document Automation,1,4,2,3,4,1,3,2,3,4,1,2,6,5,3,5,45,25,0,30,1,1,1,1,1.5,-0.5,20,-5,100,83,1,11,6,5,3,5,1,1,Its module has passed independent industrial certification and already runs on live production lines.,"It is pre-revenue, with an open-beta cohort scheduled to start next month.",A bank customer has rolled Foliant out organization-wide after a successful pilot.,An independent benchmark of its extraction accuracy is in progress but not yet finished.,254.6,283.4,150.1,213.5,254.507,283.524,150.342,213.435,14,14,14,14,TRUE,TRUE,TRUE,TRUE,FALSE,FALSE,FALSE,FALSE,1,FALSE,1,35,Male,10,"Stock Market, Crowdfunding",Other,Canada,Canada,Full-Time,No,How the design of an investor pitch deck can impact a startup's fundraise.,1476,1920,951
326,disclosure,5,7,hq_first,1,3,2,4,Sentyl,Servora,Axonmesh,Curato,bcd14e91,e55a120c,e6065b1a,14efa601,AI Security,AI Inference Infrastructure,Robotics Orchestration,AI Training Data,1,4,2,3,1,4,3,2,2,1,4,3,6,4,7,3,35,15,40,10,1,1,1,1,0,3,0,25,61,71,71,66,6,4,7,3,1,1,"It has completed a SOC 2 Type II audit, with the report available in its data room.",Its patent filing is a provisional application that is still pending.,"Live fleets already coordinate robots in production at customer sites, billing recurring revenue.","Its founders are building Curato part-time alongside their current jobs, with the advisory board still forming.",323.2,320,325,301.4,323.268,319.883,324.728,301.241,14,14,14,14,TRUE,TRUE,TRUE,TRUE,FALSE,FALSE,FALSE,FALSE,1,FALSE,1,43,Male,20,"ETF or ETC, Stock Market, Private Equity fund, Venture Capital fund, Crowdfunding, Government Bonds",White,Canada,Canada,Full-Time,No,this study was about evaluating early-stage AI infrastructure startup pitch decks to make comparative investment decisions.,1834,1920,929
329,disclosure,5,5,hq_first,1,3,2,4,Pulsegrid,Sentyl,Paperloom,Axonmesh,dff2e369,90a19744,081e5fb5,c7e2221f,AI Observability,AI Security,Document Automation,Robotics Orchestration,1,3,2,4,3,2,1,4,1,3,2,4,7,6,3,2,50,30,20,0,0,1,1,1,4,1,30,20,58,31,32,14,7,6,3,2,5,3,"It is pre-revenue, with an open-beta cohort scheduled to start next month.",Its SOC 2 Type II audit is scheduled but has not yet taken place.,An independent certification firm has completed an audit of its extraction accuracy and verified a benchmark lead.,Its deployment to date is one pilot fleet running daily at a single design partner's warehouse.,358,508.3,261.9,108,622.277,509.992,266.342,108.047,14,14,14,1,TRUE,TRUE,TRUE,TRUE,FALSE,FALSE,FALSE,FALSE,2,FALSE,1,50,Male,2,"Stock Market, Crowdfunding",White,United States,United States,Full-Time,Maybe a little,"I really have no idea. I was struggling trying to figure out what to retain and not, since the instructions said there would be no information on founders etc, so I'm pretty sure I missed every question after the slides",2488,1920,957
331,disclosure_explanation,7,16,lq_first,3,1,4,2,Curato,Axonmesh,Ironhall,Servora,6b81ec39,4fe27fae,87b7dfe9,e06655dc,AI Training Data,Robotics Orchestration,Edge-AI Hardware,AI Inference Infrastructure,4,2,3,1,2,3,1,4,2,4,1,3,5,6,5,7,40,40,10,10,1,0,0,1,-0.5,-1.5,30,0,31,46,12,74,5,6,5,7,6,4,Its founders built data infrastructure together at a leading AI-data company and left senior roles to work on Curato full-time.,"Live fleets already coordinate robots in production at customer sites, billing recurring revenue.",It licenses its enclosure design to established equipment makers instead of manufacturing itself.,Its patent filing is a provisional application that is still pending.,13.4,60.2,37.3,48.2,13.391,60.177,125.948,48.159,1,14,14,14,TRUE,TRUE,TRUE,TRUE,FALSE,FALSE,FALSE,FALSE,1,FALSE,1,22,Male,0,"Government Bonds, Stock Market, Crowdfunding, Options, ETF or ETC, Other",White,United States,United States,Full-Time,No,ai generated business ideas and content,975,1247,889
332,disclosure,6,14,lq_first,3,1,4,2,Axonmesh,Paperloom,Servora,Sentyl,f36cc003,84f4d358,574d1367,bfc6f4d0,Robotics Orchestration,Document Automation,AI Inference Infrastructure,AI Security,3,1,4,2,1,3,2,4,4,2,1,3,4,5,5,3,5,25,70,0,1,1,1,1,0.5,0.5,-20,25,29,69,71,20,4,5,5,3,5,1,"Live fleets already coordinate robots in production at customer sites, billing recurring revenue.",An independent benchmark of its extraction accuracy is in progress but not yet finished.,"Its core patent has been granted, with further claims in prosecution.",Its SOC 2 Type II audit is scheduled but has not yet taken place.,423.7,348.9,184.1,254.8,429.395,348.964,187.866,254.847,14,14,14,14,TRUE,TRUE,TRUE,TRUE,FALSE,FALSE,FALSE,FALSE,1,FALSE,1,33,Female,5,"ETF or ETC, Stock Market, Crowdfunding",White,United States,United States,Other,No,Whether or not people can track main ideas like if the company is actually functional/how individuals interpret slide decks with all text,2636,1744,1130
333,control,1,10,lq_first,3,1,4,2,Foliant,Curato,Pulsegrid,Ironhall,46c0bf32,37c0ca72,f5bfffe5,817f1201,Enterprise Knowledge Retrieval,AI Training Data,AI Observability,Edge-AI Hardware,3,2,4,1,4,1,2,3,1,4,3,2,5,5,3,4,30,30,10,30,1,0,1,0,1.5,-0.5,10,-10,56,65,10,39,5,5,3,4,2,5,A bank customer has rolled Foliant out organization-wide after a successful pilot.,Its founders are academics who license the labelling technology from their university lab.,"Paying customers run it on production models, and it generates annual recurring revenue.",Its module has passed independent industrial certification and already runs on live production lines.,138,123.8,91.7,149,138.116,123.746,91.594,148.997,14,14,14,14,TRUE,TRUE,TRUE,TRUE,FALSE,FALSE,FALSE,FALSE,1,FALSE,1,64,Male,0,"Stock Market, Private Equity fund",White,United Kingdom,United Kingdom,Part-Time,No,To evaluate data provided on startup companies and decide how best to fund each one.,1019,1536,791
334,disclosure,5,12,lq_first,3,1,4,2,Paperloom,Foliant,Sentyl,Pulsegrid,340b9ba1,08321160,0566fd88,e7f29679,Document Automation,Enterprise Knowledge Retrieval,AI Security,AI Observability,3,2,4,1,3,1,4,2,1,3,4,2,4,5,5,5,20,10,60,10,1,0,0,0,-0.5,-0.5,-20,30,66,44,66,74,4,5,5,5,1,1,An independent certification firm has completed an audit of its extraction accuracy and verified a benchmark lead.,Its deployments run exclusively inside the founders' former employer.,Its compliance certifications are inherited from its cloud hosting provider.,Its revenue comes chiefly from paid consulting and integration projects.,10.9,261,95.1,135,10.898,261.104,95.114,134.91,1,14,14,14,TRUE,TRUE,TRUE,TRUE,FALSE,FALSE,FALSE,FALSE,1,FALSE,1,38,Female,0,Crowdfunding,Mixed,United States,United States,Part-Time,No,"It was about various types of  business ventures and it provides a description of the services they offer in technology and AI. Such as security, or handling documentation and questions. You are to determine which one provides the most value and consider the impact of the aesthetic design of the presentations.",1081,1280,551
336,control,1,7,hq_first,1,3,2,4,Sentyl,Servora,Axonmesh,Curato,bcd14e91,e55a120c,e6065b1a,14efa601,AI Security,AI Inference Infrastructure,Robotics Orchestration,AI Training Data,2,4,1,3,2,3,4,1,2,3,1,4,7,5,1,2,50,10,30,10,0,1,0,0,4.5,0.5,10,30,100,71,0,3,7,5,1,2,7,7,Its SOC 2 Type II audit is scheduled but has not yet taken place.,Its patent filing is a provisional application that is still pending.,Its deployments are paused while its scheduler undergoes a safety recall.,Its founders built data infrastructure together at a leading AI-data company and left senior roles to work on Curato full-time.,372.5,299.1,783.2,263.5,372.548,299.087,839.118,286.871,14,14,14,14,TRUE,TRUE,TRUE,TRUE,FALSE,FALSE,FALSE,FALSE,1,FALSE,1,51,Male,3,"Crowdfunding, Other",Black,France,France,Part-Time,No,this study was about how venture had an impact or can help to reach financial goal in their business,2876,1536,747
338,disclosure,4,3,hq_first,1,3,2,4,Ironhall,Pulsegrid,Foliant,Paperloom,b5fef669,2055e10c,fa1fe22c,e20d4e90,Edge-AI Hardware,AI Observability,Enterprise Knowledge Retrieval,Document Automation,1,4,2,3,4,1,3,2,4,1,3,2,4,7,6,5,30,25,30,15,1,1,1,1,0,-1,5,10,57,42,60,56,4,7,6,5,5,2,Its module has passed independent industrial certification and already runs on live production lines.,"It is pre-revenue, with an open-beta cohort scheduled to start next month.",A bank customer has rolled Foliant out organization-wide after a successful pilot.,An independent benchmark of its extraction accuracy is in progress but not yet finished.,116.9,64,276,99.8,116.701,64.19,276.061,103.441,14,14,14,14,TRUE,TRUE,TRUE,TRUE,FALSE,FALSE,FALSE,FALSE,1,FALSE,1,23,Male,3,"ETF or ETC, Government Bonds, Stock Market, Crowdfunding",Asian,Canada,Canada,Part-Time,Maybe a little,"This study was about how a company's slide deck, especially those of startups, can affect one's decision to invest in it.",1025,1378,749
340,disclosure_explanation,8,4,hq_first,1,3,2,4,Foliant,Paperloom,Pulsegrid,Sentyl,46c0bf32,84f4d358,f5bfffe5,bfc6f4d0,Enterprise Knowledge Retrieval,Document Automation,AI Observability,AI Security,2,4,1,3,1,2,4,3,4,1,2,3,6,4,7,5,35,5,40,20,1,0,1,1,-1,2,-10,25,65,59,78,64,6,4,7,5,6,5,A bank customer has rolled Foliant out organization-wide after a successful pilot.,Its accuracy has been validated only in a peer-reviewed academic study.,"Paying customers run it on production models, and it generates annual recurring revenue.",Its SOC 2 Type II audit is scheduled but has not yet taken place.,177.6,164.6,182.8,116.8,177.539,164.57,182.825,116.888,14,14,14,14,TRUE,TRUE,TRUE,TRUE,FALSE,FALSE,FALSE,FALSE,2,FALSE,1,28,Male,2,"Stock Market, ETF or ETC, Options, Private Equity fund, Government Bonds",Asian,Canada,Philippines,Full-Time,Maybe a little,The study is about how the pitch is presented to gain trust and expansion of capital from the investors.,1425,2560,1271
341,disclosure,2,16,lq_first,3,1,4,2,Curato,Axonmesh,Ironhall,Servora,6b81ec39,4fe27fae,87b7dfe9,e06655dc,AI Training Data,Robotics Orchestration,Edge-AI Hardware,AI Inference Infrastructure,4,1,3,2,2,1,3,4,1,2,4,3,6,5,5,5,30,30,20,20,1,1,1,1,0.5,0.5,10,0,58,42,13,29,6,5,5,5,1,1,Its founders built data infrastructure together at a leading AI-data company and left senior roles to work on Curato full-time.,Its deployment to date is one pilot fleet running daily at a single design partner's warehouse.,Its module has passed independent industrial certification and already runs on live production lines.,Its patent filing is a provisional application that is still pending.,102.7,88.2,85.3,101.5,102.608,88.133,85.272,101.37,14,14,14,14,TRUE,TRUE,TRUE,TRUE,FALSE,FALSE,FALSE,FALSE,2,FALSE,2,39,Male,1,"ETF or ETC, Government Bonds, Stock Market, Crowdfunding",White,United Kingdom,Italy,Part-Time,No,How people evaluate startups perhaps,799,1536,695
342,disclosure_explanation,7,5,hq_first,1,3,2,4,Pulsegrid,Sentyl,Paperloom,Axonmesh,dff2e369,90a19744,081e5fb5,c7e2221f,AI Observability,AI Security,Document Automation,Robotics Orchestration,2,3,1,4,3,1,4,2,1,3,2,4,3,3,6,5,30,10,20,40,1,1,1,0,-2.5,0.5,-10,0,39,69,91,35,3,3,6,5,2,2,"Paying customers run it on production models, and it generates annual recurring revenue.",Its SOC 2 Type II audit is scheduled but has not yet taken place.,An independent certification firm has completed an audit of its extraction accuracy and verified a benchmark lead.,"Live fleets already coordinate robots in production at customer sites, billing recurring revenue.",30.2,19.7,37,13.5,224.895,19.495,222.902,13.502,14,14,14,14,TRUE,TRUE,TRUE,TRUE,FALSE,FALSE,FALSE,FALSE,3,FALSE,1,29,Male,1,"ETF or ETC, Stock Market, Crowdfunding",Black,Canada,Canada,Full-Time,No,Reviewing pitch decks and distributing investments based on most profitable venture,1590,2560,1229
343,disclosure,5,14,lq_first,3,1,4,2,Axonmesh,Paperloom,Servora,Sentyl,f36cc003,84f4d358,574d1367,bfc6f4d0,Robotics Orchestration,Document Automation,AI Inference Infrastructure,AI Security,4,1,3,2,2,3,4,1,2,4,1,3,5,3,4,1,100,0,0,0,1,0,0,0,1.5,2.5,50,50,100,78,14,0,5,3,4,1,1,1,"Live fleets already coordinate robots in production at customer sites, billing recurring revenue.",An independent certification firm has completed an audit of its extraction accuracy and verified a benchmark lead.,It relies on trade secrecy and has not sought patent protection.,"It has completed a SOC 2 Type II audit, with the report available in its data room.",83.1,93.9,60.4,61.6,82.848,93.995,60.608,61.556,14,14,14,14,TRUE,TRUE,TRUE,TRUE,FALSE,FALSE,FALSE,FALSE,1,FALSE,1,46,Male,15,"Government Bonds, Stock Market, Private Equity fund",White,United States,United States,Full-Time,No,I have no idea.,613,1534,903
344,disclosure,3,11,lq_first,3,1,4,2,Pulsegrid,Ironhall,Paperloom,Foliant,dff2e369,3e0eedc2,081e5fb5,3eed90b1,AI Observability,Edge-AI Hardware,Document Automation,Enterprise Knowledge Retrieval,4,1,3,2,4,1,2,3,1,4,2,3,7,2,7,2,45,5,45,5,1,1,1,1,0,5,0,40,18,72,66,40,7,2,7,2,1,1,"Paying customers run it on production models, and it generates annual recurring revenue.","Its industrial certification is still in testing, and its first module is installing on a pilot line this quarter.",An independent certification firm has completed an audit of its extraction accuracy and verified a benchmark lead.,Its most advanced customer engagement is a pilot in two practice groups at a law firm.,133.7,154.5,134.2,150.8,133.603,154.488,134.383,151.01,14,14,14,14,TRUE,TRUE,TRUE,TRUE,FALSE,FALSE,FALSE,FALSE,2,FALSE,1,45,Male,0,"Stock Market, Crowdfunding",White,United States,United States,Part-Time,No,I have no idea.,884,1920,957
345,control,1,8,hq_first,1,3,2,4,Axonmesh,Curato,Servora,Ironhall,f36cc003,37c0ca72,574d1367,817f1201,Robotics Orchestration,AI Training Data,AI Inference Infrastructure,Edge-AI Hardware,2,3,1,4,1,4,2,3,2,3,1,4,5,5,5,6,50,15,15,20,1,1,0,1,-0.5,-0.5,15,15,89,79,51,70,5,5,5,6,7,7,"Live fleets already coordinate robots in production at customer sites, billing recurring revenue.","Its founders are building Curato part-time alongside their current jobs, with the advisory board still forming.",Its technology is patented by a university and licensed to the company exclusively.,"Its industrial certification is still in testing, and its first module is installing on a pilot line this quarter.",48.5,60.4,102.2,72.7,48.301,60.445,102.19,72.601,14,14,14,14,TRUE,TRUE,TRUE,TRUE,FALSE,FALSE,FALSE,FALSE,1,FALSE,1,38,Female,6,"Stock Market, ETF or ETC, Crowdfunding",White,United States,United States,Full-Time,No,How people decide on who and what investments should be made. How the difference in their pitch influences someones decision,1035,979,1925
346,disclosure,3,13,lq_first,3,1,4,2,Sentyl,Pulsegrid,Axonmesh,Paperloom,bcd14e91,2055e10c,e6065b1a,e20d4e90,AI Security,AI Observability,Robotics Orchestration,Document Automation,3,1,4,2,3,1,2,4,4,3,1,2,6,2,5,2,60,5,30,5,1,1,1,1,0.5,3.5,15,40,79,80,29,34,6,2,5,2,2,1,"It has completed a SOC 2 Type II audit, with the report available in its data room.","It is pre-revenue, with an open-beta cohort scheduled to start next month.","Live fleets already coordinate robots in production at customer sites, billing recurring revenue.",An independent benchmark of its extraction accuracy is in progress but not yet finished.,167.5,193.4,143.3,176.7,167.47,193.556,143.288,176.926,14,14,14,14,TRUE,TRUE,TRUE,TRUE,FALSE,FALSE,FALSE,FALSE,1,FALSE,1,38,Male,3,"ETF or ETC, Stock Market, Private Equity fund, Options",White,United Kingdom,United States,Full-Time,No,Evaluating the market potential for products that are early on in their development. Hoping it tests survey takers ability to make sound decisions based on information that was presented to them,965,1920,929
347,control,1,5,hq_first,1,3,2,4,Pulsegrid,Sentyl,Paperloom,Axonmesh,dff2e369,90a19744,081e5fb5,c7e2221f,AI Observability,AI Security,Document Automation,Robotics Orchestration,1,3,2,4,1,4,2,3,2,3,4,1,3,4,5,3,10,20,60,10,1,1,1,0,-0.5,0.5,-20,20,17,60,68,35,3,4,5,3,3,2,"Paying customers run it on production models, and it generates annual recurring revenue.",Its SOC 2 Type II audit is scheduled but has not yet taken place.,An independent certification firm has completed an audit of its extraction accuracy and verified a benchmark lead.,"Live fleets already coordinate robots in production at customer sites, billing recurring revenue.",90.9,84.1,155,84.3,90.697,93.83,159.163,88.252,14,14,14,14,TRUE,TRUE,TRUE,TRUE,FALSE,FALSE,FALSE,FALSE,1,FALSE,1,29,Female,1,"Stock Market, Private Equity fund",White,United Kingdom,Ireland,Full-Time,No,Seeing how different pitches were judged on their quality,728,1920,919
348,disclosure,2,14,lq_first,3,1,4,2,Axonmesh,Paperloom,Servora,Sentyl,f36cc003,84f4d358,574d1367,bfc6f4d0,Robotics Orchestration,Document Automation,AI Inference Infrastructure,AI Security,3,2,4,1,1,3,4,2,3,2,4,1,6,5,5,4,60,15,20,5,1,0,1,1,1,1,25,30,60,92,90,53,6,5,5,4,2,2,"Live fleets already coordinate robots in production at customer sites, billing recurring revenue.",An independent certification firm has completed an audit of its extraction accuracy and verified a benchmark lead.,"Its core patent has been granted, with further claims in prosecution.",Its SOC 2 Type II audit is scheduled but has not yet taken place.,105.9,110.5,47.7,97,106.035,110.363,47.661,97.039,14,14,14,14,TRUE,TRUE,TRUE,TRUE,FALSE,FALSE,FALSE,FALSE,1,FALSE,1,37,Female,9,"ETF or ETC, Government Bonds, Stock Market, Unit trusts, Private Equity fund, Options, Venture Capital fund, Crowdfunding",White,United Kingdom,Belgium,"Not in paid work (e.g. homemaker', 'retired or disabled)",Maybe a little,Viability of new start-ups,614,1470,740
349,disclosure,3,13,lq_first,3,1,4,2,Sentyl,Pulsegrid,Axonmesh,Paperloom,bcd14e91,2055e10c,e6065b1a,e20d4e90,AI Security,AI Observability,Robotics Orchestration,Document Automation,3,1,4,2,3,4,1,2,4,1,2,3,6,3,6,3,40,0,60,0,0,1,1,0,0,3,-10,50,29,36,60,65,6,3,6,3,3,5,Its SOC 2 Type II audit is scheduled but has not yet taken place.,"It is pre-revenue, with an open-beta cohort scheduled to start next month.","Live fleets already coordinate robots in production at customer sites, billing recurring revenue.",Its accuracy has been validated only in a peer-reviewed academic study.,193.5,387.9,107.6,257.3,193.456,388.199,107.202,258.874,14,14,14,14,TRUE,TRUE,TRUE,TRUE,FALSE,FALSE,FALSE,FALSE,1,FALSE,1,53,Male,2,"Crowdfunding, Other",Mixed,Canada,Canada,Other,No,"I believe the study was focused on if given enough information about a start up company, would you be able to estimate if the the company would be profitable or not?",1844,1912,948
351,disclosure,6,3,hq_first,1,3,2,4,Ironhall,Pulsegrid,Foliant,Paperloom,b5fef669,2055e10c,fa1fe22c,e20d4e90,Edge-AI Hardware,AI Observability,Enterprise Knowledge Retrieval,Document Automation,2,4,1,3,2,4,3,1,3,1,4,2,5,1,6,3,35,2,60,3,1,1,1,1,-1.5,3.5,-13,45,32,89,67,49,5,1,6,3,1,1,Its module has passed independent industrial certification and already runs on live production lines.,"It is pre-revenue, with an open-beta cohort scheduled to start next month.",A bank customer has rolled Foliant out organization-wide after a successful pilot.,An independent benchmark of its extraction accuracy is in progress but not yet finished.,443.2,330.9,570.3,341.8,443.396,330.877,570.46,341.799,14,14,14,14,TRUE,TRUE,TRUE,TRUE,FALSE,FALSE,FALSE,FALSE,1,FALSE,1,35,Male,1,"ETF or ETC, Government Bonds, Stock Market, Crowdfunding, Other",White,United States,United States,Full-Time,No,"Surveying public receptions about the viability for potential investment opportunities. The introduction described a seemingly plausible scenario. Given 4 pitch decks, evaluate the ideal investment distribution of 100 currency units.",2655,1920,986
353,disclosure,4,15,lq_first,3,1,4,2,Servora,Sentyl,Curato,Axonmesh,737deb7d,90a19744,cbc833b1,c7e2221f,AI Inference Infrastructure,AI Security,AI Training Data,Robotics Orchestration,4,2,3,1,3,1,2,4,1,3,2,4,7,6,6,3,45,15,30,10,1,1,1,1,2,2,10,25,100,86,89,34,7,6,6,3,1,1,"Its core patent has been granted, with further claims in prosecution.",Its SOC 2 Type II audit is scheduled but has not yet taken place.,Its founders built data infrastructure together at a leading AI-data company and left senior roles to work on Curato full-time.,Its deployment to date is one pilot fleet running daily at a single design partner's warehouse.,49.2,68.6,124.8,114.5,49.177,68.439,125.059,114.64,14,14,14,14,TRUE,TRUE,TRUE,TRUE,FALSE,FALSE,FALSE,FALSE,1,FALSE,1,56,Male,17,"Government Bonds, Stock Market, Crowdfunding",Other,United States,United States,Unemployed (and job seeking),No,evaluating startups on their potential,1235,1308,753
354,disclosure_explanation,8,8,hq_first,1,3,2,4,Axonmesh,Curato,Servora,Ironhall,f36cc003,37c0ca72,574d1367,817f1201,Robotics Orchestration,AI Training Data,AI Inference Infrastructure,Edge-AI Hardware,2,4,1,3,2,1,4,3,3,4,2,1,6,3,2,3,80,20,0,0,1,0,1,1,2,1,50,30,67,34,26,62,6,3,2,3,2,2,"Live fleets already coordinate robots in production at customer sites, billing recurring revenue.",Its founders built data infrastructure together at a leading AI-data company and left senior roles to work on Curato full-time.,"Its core patent has been granted, with further claims in prosecution.","Its industrial certification is still in testing, and its first module is installing on a pilot line this quarter.",79.4,24.1,79,59.8,79.378,24.01,78.992,60.045,14,2,14,14,TRUE,TRUE,TRUE,TRUE,FALSE,FALSE,FALSE,FALSE,1,FALSE,1,62,Male,7,"Stock Market, Angel syndicate, Crowdfunding",White,United Kingdom,United Kingdom,Full-Time,Maybe a little,Analysing proposals of different propositions and seeing how much good marketing contributes to investment decisions without necessarily any working track record.,614,1528,732
356,disclosure,5,5,hq_first,1,3,2,4,Pulsegrid,Sentyl,Paperloom,Axonmesh,dff2e369,90a19744,081e5fb5,c7e2221f,AI Observability,AI Security,Document Automation,Robotics Orchestration,2,3,1,4,3,2,4,1,3,1,4,2,4,4,4,5,25,25,30,20,1,1,1,1,-0.5,-0.5,0,5,100,100,100,100,4,4,4,5,1,1,"Paying customers run it on production models, and it generates annual recurring revenue.",Its SOC 2 Type II audit is scheduled but has not yet taken place.,An independent certification firm has completed an audit of its extraction accuracy and verified a benchmark lead.,Its deployment to date is one pilot fleet running daily at a single design partner's warehouse.,292.2,114.1,615.1,120.1,403.507,215.716,742.12,185.893,14,14,14,14,TRUE,TRUE,TRUE,TRUE,FALSE,FALSE,FALSE,FALSE,1,FALSE,1,40,Male,0,"Stock Market, Crowdfunding",White,United Kingdom,United Kingdom,Full-Time,No,I am not sure to be honest,2170,2560,1307
357,disclosure,4,12,lq_first,3,1,4,2,Paperloom,Foliant,Sentyl,Pulsegrid,340b9ba1,08321160,0566fd88,e7f29679,Document Automation,Enterprise Knowledge Retrieval,AI Security,AI Observability,4,1,3,2,4,1,3,2,1,3,4,2,6,5,5,6,25,25,25,25,1,1,0,1,0,0,0,0,77,73,38,35,6,5,5,6,1,1,An independent certification firm has completed an audit of its extraction accuracy and verified a benchmark lead.,Its most advanced customer engagement is a pilot in two practice groups at a law firm.,Its compliance certifications are inherited from its cloud hosting provider.,"It is pre-revenue, with an open-beta cohort scheduled to start next month.",131.1,184.9,99.5,111.6,131.042,185.006,99.534,111.798,14,14,14,14,TRUE,TRUE,TRUE,TRUE,FALSE,FALSE,FALSE,FALSE,1,FALSE,1,38,Male,4,"Stock Market, ETF or ETC, Government Bonds, Crowdfunding",White,United Kingdom,United Kingdom,Full-Time,No,Data retrieval from complex documents,801,1680,889
359,disclosure,5,4,hq_first,1,3,2,4,Foliant,Paperloom,Pulsegrid,Sentyl,46c0bf32,84f4d358,f5bfffe5,bfc6f4d0,Enterprise Knowledge Retrieval,Document Automation,AI Observability,AI Security,1,3,2,4,3,4,1,2,4,1,2,3,3,3,2,2,3,65,12,20,1,1,0,1,1,0,18,-35,66,100,0,0,3,3,2,2,2,2,A bank customer has rolled Foliant out organization-wide after a successful pilot.,An independent benchmark of its extraction accuracy is in progress but not yet finished.,"It is pre-revenue, with an open-beta cohort scheduled to start next month.",Its SOC 2 Type II audit is scheduled but has not yet taken place.,214.4,197.3,128.5,106.9,214.479,197.188,236.315,108.034,14,14,14,13,TRUE,TRUE,TRUE,TRUE,FALSE,FALSE,FALSE,FALSE,1,FALSE,1,30,Female,0,"Stock Market, Crowdfunding",White,United Kingdom,Spain,Full-Time,No,seeing the variables that make people decide to invest or trust in a venture,1227,1440,782
360,disclosure,4,9,lq_first,3,1,4,2,Ironhall,Servora,Foliant,Curato,b5fef669,e55a120c,fa1fe22c,14efa601,Edge-AI Hardware,AI Inference Infrastructure,Enterprise Knowledge Retrieval,AI Training Data,3,2,4,1,4,2,1,3,1,2,3,4,6,4,5,4,25,20,35,20,1,1,1,1,0.5,1.5,-5,10,42,28,13,34,6,4,5,4,4,4,Its module has passed independent industrial certification and already runs on live production lines.,Its patent filing is a provisional application that is still pending.,A bank customer has rolled Foliant out organization-wide after a successful pilot.,"Its founders are building Curato part-time alongside their current jobs, with the advisory board still forming.",192.7,287.5,180,382.1,192.407,287.547,180.008,423.499,14,14,14,14,TRUE,TRUE,TRUE,TRUE,FALSE,FALSE,FALSE,FALSE,1,FALSE,1,43,Female,1,"Stock Market, Crowdfunding",White,United States,United States,Full-Time,No,I think it was about how people evaluate different startup companies and decide how much they would invest in each one based on their pitch decks.,1939,1366,599
362,disclosure,3,3,hq_first,1,3,2,4,Ironhall,Pulsegrid,Foliant,Paperloom,b5fef669,2055e10c,fa1fe22c,e20d4e90,Edge-AI Hardware,AI Observability,Enterprise Knowledge Retrieval,Document Automation,1,4,2,3,2,3,4,1,4,1,2,3,6,3,4,4,65,8,7,20,1,1,1,0,0.5,1.5,23,22,81,39,62,71,6,3,4,4,2,5,Its module has passed independent industrial certification and already runs on live production lines.,"It is pre-revenue, with an open-beta cohort scheduled to start next month.",A bank customer has rolled Foliant out organization-wide after a successful pilot.,"It does not permit external accuracy audits, citing customer confidentiality.",432.1,57.5,52.3,47.7,431.973,57.165,52.377,47.571,14,14,14,14,TRUE,TRUE,TRUE,TRUE,FALSE,FALSE,FALSE,FALSE,1,FALSE,1,44,Male,14,"ETF or ETC, Government Bonds, Stock Market, Options, Private Equity fund, Venture Capital fund, Crowdfunding, Unit trusts, Angel syndicate",Mixed,United States,United States,Full-Time,Maybe a little,"Perception of venture's deck designs, and coming to conclusions without the knowledge of the actual venture or founders",1293,1440,778
363,control,1,10,lq_first,3,1,4,2,Foliant,Curato,Pulsegrid,Ironhall,46c0bf32,37c0ca72,f5bfffe5,817f1201,Enterprise Knowledge Retrieval,AI Training Data,AI Observability,Edge-AI Hardware,4,1,3,2,1,3,4,2,1,4,3,2,5,6,5,4,20,50,15,15,0,0,1,1,1,0,20,-15,50,45,58,65,5,6,5,4,1,4,Its most advanced customer engagement is a pilot in two practice groups at a law firm.,Its founders built data infrastructure together at a leading AI-data company and left senior roles to work on Curato full-time.,"Paying customers run it on production models, and it generates annual recurring revenue.","Its industrial certification is still in testing, and its first module is installing on a pilot line this quarter.",178.2,187.5,429.3,177.8,178.056,187.391,429.226,177.6,14,14,9,14,TRUE,TRUE,TRUE,TRUE,FALSE,FALSE,FALSE,FALSE,1,FALSE,1,60,Male,5,"Government Bonds, Stock Market, Crowdfunding",White,United States,United States,Full-Time,No,How people perceive the value of tech startups. What makes a tech startup valuable?,1452,1920,945
364,disclosure,3,11,lq_first,3,1,4,2,Pulsegrid,Ironhall,Paperloom,Foliant,dff2e369,3e0eedc2,081e5fb5,3eed90b1,AI Observability,Edge-AI Hardware,Document Automation,Enterprise Knowledge Retrieval,4,1,3,2,2,4,1,3,1,2,4,3,5,4,5,4,40,0,50,10,1,1,1,1,0,1,-10,40,43,55,17,20,5,4,5,4,3,2,"Paying customers run it on production models, and it generates annual recurring revenue.","Its industrial certification is still in testing, and its first module is installing on a pilot line this quarter.",An independent certification firm has completed an audit of its extraction accuracy and verified a benchmark lead.,Its most advanced customer engagement is a pilot in two practice groups at a law firm.,114.8,93.6,109.7,125.6,114.599,93.339,109.682,125.539,14,14,14,14,TRUE,TRUE,TRUE,TRUE,FALSE,FALSE,FALSE,FALSE,1,FALSE,1,48,Male,6,"ETF or ETC, Government Bonds, Stock Market, Private Equity fund, Crowdfunding",White,United States,United States,Full-Time,No,not sure,736,1280,633
367,disclosure,5,7,hq_first,1,3,2,4,Sentyl,Servora,Axonmesh,Curato,bcd14e91,e55a120c,e6065b1a,14efa601,AI Security,AI Inference Infrastructure,Robotics Orchestration,AI Training Data,1,4,2,3,2,1,3,4,3,4,1,2,5,5,4,4,25,25,25,25,1,1,1,0,1,0,0,0,61,61,68,64,5,5,4,4,6,5,"It has completed a SOC 2 Type II audit, with the report available in its data room.",Its patent filing is a provisional application that is still pending.,"Live fleets already coordinate robots in production at customer sites, billing recurring revenue.",Its founders built data infrastructure together at a leading AI-data company and left senior roles to work on Curato full-time.,216.9,160.6,279.6,57.5,216.711,160.353,279.647,57.305,14,14,14,14,TRUE,TRUE,TRUE,TRUE,FALSE,FALSE,FALSE,FALSE,2,FALSE,1,34,Male,6,"ETF or ETC, Government Bonds, Stock Market, Private Equity fund, Crowdfunding, Venture Capital fund",White,United States,United States,Part-Time,Maybe a little,It was about pitch evaluation.,1376,1280,585
368,disclosure_explanation,8,10,lq_first,3,1,4,2,Foliant,Curato,Pulsegrid,Ironhall,46c0bf32,37c0ca72,f5bfffe5,817f1201,Enterprise Knowledge Retrieval,AI Training Data,AI Observability,Edge-AI Hardware,4,1,3,2,4,1,3,2,2,4,1,3,7,4,5,5,60,0,20,20,1,0,1,1,0.5,1.5,10,30,85,23,62,52,7,4,5,5,3,5,A bank customer has rolled Foliant out organization-wide after a successful pilot.,Its founders are academics who license the labelling technology from their university lab.,"Paying customers run it on production models, and it generates annual recurring revenue.","Its industrial certification is still in testing, and its first module is installing on a pilot line this quarter.",224,212.5,268.8,207.9,223.854,212.408,268.732,207.772,14,14,14,14,TRUE,TRUE,TRUE,TRUE,FALSE,FALSE,FALSE,FALSE,1,FALSE,1,25,Male,0,"ETF or ETC, Stock Market, Crowdfunding",White,Germany,Germany,Full-Time,No,effect of visual design of pitches on investors deciscion making,1236,1920,925
369,control,1,1,hq_first,1,3,2,4,Servora,Ironhall,Curato,Foliant,737deb7d,3e0eedc2,cbc833b1,3eed90b1,AI Inference Infrastructure,Edge-AI Hardware,AI Training Data,Enterprise Knowledge Retrieval,2,4,1,3,2,1,3,4,3,2,4,1,7,6,6,6,20,30,10,40,1,1,1,1,0.5,0.5,0,-20,92,73,69,65,7,6,6,6,7,7,"Its core patent has been granted, with further claims in prosecution.","Its industrial certification is still in testing, and its first module is installing on a pilot line this quarter.",Its founders built data infrastructure together at a leading AI-data company and left senior roles to work on Curato full-time.,Its most advanced customer engagement is a pilot in two practice groups at a law firm.,99.9,49.3,105.7,81,99.871,49.252,105.499,80.931,14,14,14,14,TRUE,TRUE,TRUE,TRUE,FALSE,FALSE,FALSE,FALSE,1,FALSE,1,63,Male,5,"Stock Market, Private Equity fund",Black,United States,United States,Full-Time,Maybe a little,I think this study examined how people evaluate startup quality and allocate investment,1525,1582,742
373,disclosure,3,6,hq_first,1,3,2,4,Paperloom,Axonmesh,Sentyl,Servora,340b9ba1,4fe27fae,0566fd88,e06655dc,Document Automation,Robotics Orchestration,AI Security,AI Inference Infrastructure,1,4,2,3,1,3,2,4,2,4,3,1,6,5,4,3,40,20,30,10,0,1,0,0,2,1,10,20,39,68,13,42,6,5,4,3,5,4,An independent benchmark of its extraction accuracy is in progress but not yet finished.,Its deployment to date is one pilot fleet running daily at a single design partner's warehouse.,Its SOC 2 Type II audit is scheduled but has not yet taken place.,"Its core patent has been granted, with further claims in prosecution.",301.6,78.3,73.2,77.8,301.589,78.355,72.907,77.88,14,14,14,14,TRUE,TRUE,TRUE,TRUE,FALSE,FALSE,FALSE,FALSE,3,FALSE,1,46,Male,10,"ETF or ETC, Government Bonds, Stock Market, Crowdfunding",White,United States,United States,Full-Time,No,How we feel about investment opportunities tied to the AI sector? Evaluation of these companies is important.,1247,2133,1058
374,control,1,4,hq_first,1,3,2,4,Foliant,Paperloom,Pulsegrid,Sentyl,46c0bf32,84f4d358,f5bfffe5,bfc6f4d0,Enterprise Knowledge Retrieval,Document Automation,AI Observability,AI Security,2,4,1,3,3,2,1,4,1,3,4,2,6,6,4,3,45,20,25,10,0,1,1,0,2.5,0.5,15,20,70,81,70,41,6,6,4,3,4,5,Its most advanced customer engagement is a pilot in two practice groups at a law firm.,An independent benchmark of its extraction accuracy is in progress but not yet finished.,"Paying customers run it on production models, and it generates annual recurring revenue.","It has completed a SOC 2 Type II audit, with the report available in its data room.",213.5,203.6,174.2,215.4,213.422,203.584,174.055,215.302,14,14,14,14,TRUE,TRUE,TRUE,TRUE,FALSE,FALSE,FALSE,FALSE,1,FALSE,1,32,Male,6,"Government Bonds, Stock Market, Private Equity fund, Venture Capital fund, Crowdfunding, Options",White,United States,United States,NA,No,How people evaluate a business idea with similar business structures.,1266,1440,739
375,disclosure_explanation,7,6,hq_first,1,3,2,4,Paperloom,Axonmesh,Sentyl,Servora,340b9ba1,4fe27fae,0566fd88,e06655dc,Document Automation,Robotics Orchestration,AI Security,AI Inference Infrastructure,1,4,2,3,4,3,2,1,3,1,2,4,6,2,6,3,44,3,48,5,1,1,1,1,-0.5,3.5,-3,42,83,66,70,66,6,2,6,3,1,1,An independent certification firm has completed an audit of its extraction accuracy and verified a benchmark lead.,Its deployment to date is one pilot fleet running daily at a single design partner's warehouse.,"It has completed a SOC 2 Type II audit, with the report available in its data room.",Its patent filing is a provisional application that is still pending.,49.3,31.3,57.6,33.7,132.229,45.453,97.922,105.778,14,14,14,14,TRUE,TRUE,TRUE,TRUE,FALSE,FALSE,FALSE,FALSE,1,FALSE,1,28,Female,5,"Private Equity fund, Venture Capital fund, Crowdfunding, Stock Market, Government Bonds, ETF or ETC",Mixed,Brazil,Brazil,Other,Maybe a little,"I think the study was about how people evaluate startups based on the information in their pitch decks and how that affects investment decisions. It also seemed to examine whether the visual design of a deck can influence how people perceive a venture, even when the design is unrelated to its actual quality.",2326,1536,730
376,disclosure_explanation,8,12,lq_first,3,1,4,2,Paperloom,Foliant,Sentyl,Pulsegrid,340b9ba1,08321160,0566fd88,e7f29679,Document Automation,Enterprise Knowledge Retrieval,AI Security,AI Observability,3,1,4,2,1,2,4,3,4,3,2,1,6,6,6,6,50,20,15,15,0,0,0,1,0,0,20,15,74,84,66,72,6,6,6,6,1,1,"It does not permit external accuracy audits, citing customer confidentiality.",A bank customer has rolled Foliant out organization-wide after a successful pilot.,Its compliance certifications are inherited from its cloud hosting provider.,"It is pre-revenue, with an open-beta cohort scheduled to start next month.",5.4,72,64.2,74.1,5.367,72.073,64.106,74.053,1,14,14,14,TRUE,TRUE,TRUE,TRUE,FALSE,FALSE,FALSE,FALSE,1,FALSE,1,47,Female,0,Crowdfunding,White,United States,United States,Unemployed (and job seeking),No,"How to determine which startups to back, if any",560,1592,734
377,disclosure,6,9,lq_first,3,1,4,2,Ironhall,Servora,Foliant,Curato,b5fef669,e55a120c,fa1fe22c,14efa601,Edge-AI Hardware,AI Inference Infrastructure,Enterprise Knowledge Retrieval,AI Training Data,3,2,4,1,2,1,4,3,4,1,3,2,5,6,6,5,25,25,25,25,1,0,0,1,0,0,0,0,67,69,66,61,5,6,6,5,4,4,Its module has passed independent industrial certification and already runs on live production lines.,It relies on trade secrecy and has not sought patent protection.,Its most advanced customer engagement is a pilot in two practice groups at a law firm.,"Its founders are building Curato part-time alongside their current jobs, with the advisory board still forming.",156.6,265.4,140.4,208.3,156.496,265.556,140.488,208.244,14,14,14,14,TRUE,TRUE,TRUE,TRUE,FALSE,FALSE,FALSE,FALSE,1,FALSE,1,42,Male,6,"ETF or ETC, Stock Market, Private Equity fund, Crowdfunding",White,United States,United States,Full-Time,No,"From what I've been doing, I was evaluating different start pitch decks and deciding how to invest or fund them.",1528,1536,791
380,disclosure,6,7,hq_first,1,3,2,4,Sentyl,Servora,Axonmesh,Curato,bcd14e91,e55a120c,e6065b1a,14efa601,AI Security,AI Inference Infrastructure,Robotics Orchestration,AI Training Data,1,4,2,3,1,3,2,4,4,3,2,1,6,3,6,2,50,0,50,0,1,1,1,1,0.5,3.5,0,50,87,38,60,11,6,3,6,2,4,2,"It has completed a SOC 2 Type II audit, with the report available in its data room.",Its patent filing is a provisional application that is still pending.,"Live fleets already coordinate robots in production at customer sites, billing recurring revenue.","Its founders are building Curato part-time alongside their current jobs, with the advisory board still forming.",136.5,118.1,162.6,110.8,136.388,118.044,162.4,110.698,14,14,14,14,TRUE,TRUE,TRUE,TRUE,FALSE,FALSE,FALSE,FALSE,1,FALSE,1,27,Male,0,"Stock Market, ETF or ETC, Crowdfunding, Other",White,Canada,Canada,Part-Time,No,I think the study was about how design would impact investment choice. I noted that three of the designs looked remarkably similar and one stood out as a lot more colourful and pleasing to read. I thought that perhaps you were studying how that impacted the amount of credits one allocates towards a project.,892,1363,763
381,disclosure_explanation,7,2,hq_first,1,3,2,4,Curato,Foliant,Ironhall,Pulsegrid,6b81ec39,08321160,87b7dfe9,e7f29679,AI Training Data,Enterprise Knowledge Retrieval,Edge-AI Hardware,AI Observability,1,4,2,3,3,4,1,2,1,4,2,3,4,4,4,4,20,30,20,30,1,1,1,1,0,0,0,-10,0,0,0,0,4,4,4,4,1,1,Its founders built data infrastructure together at a leading AI-data company and left senior roles to work on Curato full-time.,Its most advanced customer engagement is a pilot in two practice groups at a law firm.,Its module has passed independent industrial certification and already runs on live production lines.,"It is pre-revenue, with an open-beta cohort scheduled to start next month.",134.7,83.6,186.5,72.8,134.801,83.612,186.577,72.755,14,14,14,14,TRUE,TRUE,TRUE,TRUE,FALSE,FALSE,FALSE,FALSE,1,FALSE,1,31,Female,0,Crowdfunding,White,Canada,Canada,Unemployed (and job seeking),No,AI,1127,1920,919
382,disclosure,4,7,hq_first,1,3,2,4,Sentyl,Servora,Axonmesh,Curato,bcd14e91,e55a120c,e6065b1a,14efa601,AI Security,AI Inference Infrastructure,Robotics Orchestration,AI Training Data,2,3,1,4,1,4,3,2,1,2,3,4,7,5,5,4,75,10,5,10,1,0,1,0,1.5,1.5,35,30,100,74,14,24,7,5,5,4,1,1,"It has completed a SOC 2 Type II audit, with the report available in its data room.","Its core patent has been granted, with further claims in prosecution.","Live fleets already coordinate robots in production at customer sites, billing recurring revenue.",Its founders built data infrastructure together at a leading AI-data company and left senior roles to work on Curato full-time.,154.9,32.2,65.7,14,154.969,32.259,65.89,13.833,14,14,14,14,TRUE,TRUE,TRUE,TRUE,FALSE,FALSE,FALSE,FALSE,1,FALSE,1,33,Female,2,"Stock Market, Angel syndicate, Crowdfunding",White,United Kingdom,United Kingdom,Due to start a new job within the next month,No,I think this study was about how the design of a pitch deck influences your decision making.,556,1280,551
384,disclosure_explanation,7,13,lq_first,3,1,4,2,Sentyl,Pulsegrid,Axonmesh,Paperloom,bcd14e91,2055e10c,e6065b1a,e20d4e90,AI Security,AI Observability,Robotics Orchestration,Document Automation,4,2,3,1,3,2,4,1,3,2,4,1,7,6,7,6,30,20,30,20,1,1,1,1,0,1,0,10,100,100,75,100,7,6,7,6,7,7,"It has completed a SOC 2 Type II audit, with the report available in its data room.","It is pre-revenue, with an open-beta cohort scheduled to start next month.","Live fleets already coordinate robots in production at customer sites, billing recurring revenue.",An independent benchmark of its extraction accuracy is in progress but not yet finished.,80.5,124,117.9,120.6,80.431,124.051,126.345,120.455,14,14,14,14,TRUE,TRUE,TRUE,TRUE,FALSE,FALSE,FALSE,FALSE,1,FALSE,1,40,Male,10,"Government Bonds, ETF or ETC, Stock Market, Private Equity fund",Black,Canada,Nigeria,Full-Time,No,In my opinion I believe the study is about how we view starts ventures and assessing applicable risk factors in business development.,1970,1366,599
385,disclosure,3,14,lq_first,3,1,4,2,Axonmesh,Paperloom,Servora,Sentyl,f36cc003,84f4d358,574d1367,bfc6f4d0,Robotics Orchestration,Document Automation,AI Inference Infrastructure,AI Security,4,1,3,2,3,4,1,2,4,3,2,1,5,6,2,4,25,0,0,75,1,1,0,1,2.5,-1.5,-25,-25,71,82,4,0,5,6,2,4,2,2,"Live fleets already coordinate robots in production at customer sites, billing recurring revenue.",An independent benchmark of its extraction accuracy is in progress but not yet finished.,Its patent filing is a provisional application that is still pending.,Its SOC 2 Type II audit is scheduled but has not yet taken place.,175.6,274.4,203.6,289.3,183.979,274.403,224.032,289.075,14,14,14,14,TRUE,TRUE,TRUE,TRUE,FALSE,FALSE,FALSE,FALSE,2,FALSE,1,54,Male,5,"Private Equity fund, Government Bonds, ETF or ETC, Crowdfunding",White,Canada,Canada,Full-Time,No,"Some of the pitch decks were blurry, the second and third one. I am not sure what this study is about.",1695,1210,769
386,disclosure_explanation,7,4,hq_first,1,3,2,4,Foliant,Paperloom,Pulsegrid,Sentyl,46c0bf32,84f4d358,f5bfffe5,bfc6f4d0,Enterprise Knowledge Retrieval,Document Automation,AI Observability,AI Security,1,3,2,4,3,2,1,4,4,1,2,3,4,4,4,4,33,20,32,15,1,0,0,0,0,0,3,15,92,89,4,14,4,4,4,4,1,1,A bank customer has rolled Foliant out organization-wide after a successful pilot.,"It does not permit external accuracy audits, citing customer confidentiality.","It is pre-revenue, with an open-beta cohort scheduled to start next month.","It has completed a SOC 2 Type II audit, with the report available in its data room.",139.4,89.7,98.2,108.6,139.313,89.621,98.275,108.582,14,14,14,14,TRUE,TRUE,TRUE,TRUE,FALSE,FALSE,FALSE,FALSE,1,FALSE,1,49,Female,3,"Stock Market, Private Equity fund",White,United States,United States,Full-Time,No,"I think the study was testing whether fancy-looking pitch decks trick people into thinking the business is better, even after being told that the design has nothing to do with the venture's quality — and even when there's real money on the line for judging correctly.",994,1920,911
387,control,1,13,lq_first,3,1,4,2,Sentyl,Pulsegrid,Axonmesh,Paperloom,bcd14e91,2055e10c,e6065b1a,e20d4e90,AI Security,AI Observability,Robotics Orchestration,Document Automation,4,1,3,2,2,4,3,1,2,4,3,1,6,4,6,3,50,0,50,0,1,1,1,1,0.5,2.5,0,50,42,25,26,73,6,4,6,3,1,1,"It has completed a SOC 2 Type II audit, with the report available in its data room.","It is pre-revenue, with an open-beta cohort scheduled to start next month.","Live fleets already coordinate robots in production at customer sites, billing recurring revenue.",An independent benchmark of its extraction accuracy is in progress but not yet finished.,55.9,75.9,100.2,117.5,56.027,75.95,100,117.3,14,14,14,14,TRUE,TRUE,TRUE,TRUE,FALSE,FALSE,FALSE,FALSE,1,FALSE,1,53,Female,2,Crowdfunding,White,United Kingdom,United Kingdom,Due to start a new job within the next month,No,Im not really sure to be honest..,556,1920,919
388,disclosure_explanation,8,16,lq_first,3,1,4,2,Curato,Axonmesh,Ironhall,Servora,6b81ec39,4fe27fae,87b7dfe9,e06655dc,AI Training Data,Robotics Orchestration,Edge-AI Hardware,AI Inference Infrastructure,4,2,3,1,3,4,2,1,2,3,4,1,6,3,7,3,0,0,100,0,1,1,1,1,-0.5,3.5,-50,50,92,82,95,84,6,3,7,3,1,1,Its founders built data infrastructure together at a leading AI-data company and left senior roles to work on Curato full-time.,Its deployment to date is one pilot fleet running daily at a single design partner's warehouse.,Its module has passed independent industrial certification and already runs on live production lines.,Its patent filing is a provisional application that is still pending.,67.9,80.6,73.2,104.2,109.998,136.361,127.156,177.08,14,14,14,14,TRUE,TRUE,TRUE,TRUE,FALSE,FALSE,FALSE,FALSE,1,FALSE,1,52,Male,5,"ETF or ETC, Government Bonds, Stock Market, Crowdfunding",Asian,United Kingdom,United Kingdom,Full-Time,No,It was about how people evaluate and compare different startup investment opportunities.,1489,1920,911
389,disclosure,6,3,hq_first,1,3,2,4,Ironhall,Pulsegrid,Foliant,Paperloom,b5fef669,2055e10c,fa1fe22c,e20d4e90,Edge-AI Hardware,AI Observability,Enterprise Knowledge Retrieval,Document Automation,2,4,1,3,3,1,2,4,4,2,3,1,5,3,4,3,10,50,20,20,1,1,0,1,0.5,1.5,10,-20,86,63,6,12,5,3,4,3,1,1,Its module has passed independent industrial certification and already runs on live production lines.,"It is pre-revenue, with an open-beta cohort scheduled to start next month.",A national government agency is its anchor customer.,An independent benchmark of its extraction accuracy is in progress but not yet finished.,321.2,179.7,197.8,90.5,321.075,179.728,197.682,101.128,14,14,14,14,TRUE,TRUE,TRUE,TRUE,FALSE,FALSE,FALSE,FALSE,1,FALSE,1,33,Female,5,"Government Bonds, Crowdfunding",Other,United States,United States,Full-Time,No,I think it was about judging startups.,1331,1440,657
390,disclosure,6,16,lq_first,3,1,4,2,Curato,Axonmesh,Ironhall,Servora,6b81ec39,4fe27fae,87b7dfe9,e06655dc,AI Training Data,Robotics Orchestration,Edge-AI Hardware,AI Inference Infrastructure,3,2,4,1,2,1,4,3,3,4,2,1,6,3,6,7,20,20,20,40,1,1,1,0,-2,1,-10,-10,85,90,97,100,6,3,6,7,5,5,Its founders built data infrastructure together at a leading AI-data company and left senior roles to work on Curato full-time.,Its deployment to date is one pilot fleet running daily at a single design partner's warehouse.,Its module has passed independent industrial certification and already runs on live production lines.,Its technology is patented by a university and licensed to the company exclusively.,22.7,50.6,23.5,43.3,22.667,50.523,23.286,43.235,14,14,14,14,TRUE,TRUE,TRUE,TRUE,FALSE,FALSE,FALSE,FALSE,1,FALSE,1,23,Female,2,"Stock Market, Private Equity fund",Asian,United Kingdom,Pakistan,"Not in paid work (e.g. homemaker', 'retired or disabled)",No,ABOUT INVESTING IN THE BEST DECK.,904,1904,937
392,disclosure,2,13,lq_first,3,1,4,2,Sentyl,Pulsegrid,Axonmesh,Paperloom,bcd14e91,2055e10c,e6065b1a,e20d4e90,AI Security,AI Observability,Robotics Orchestration,Document Automation,4,2,3,1,4,3,1,2,3,2,4,1,4,4,4,4,50,20,30,0,1,0,1,1,0,0,20,30,76,73,28,10,4,4,4,4,5,1,"It has completed a SOC 2 Type II audit, with the report available in its data room.","Paying customers run it on production models, and it generates annual recurring revenue.","Live fleets already coordinate robots in production at customer sites, billing recurring revenue.",An independent benchmark of its extraction accuracy is in progress but not yet finished.,212.1,195.8,203.4,218.7,212.052,195.778,203.368,218.66,14,14,14,14,TRUE,TRUE,TRUE,TRUE,FALSE,FALSE,FALSE,FALSE,2,FALSE,1,57,Female,3,"Government Bonds, Crowdfunding",White,United Kingdom,United Kingdom,Part-Time,No,spotting key words and associating them to be of value,1524,1773,925
393,disclosure_explanation,8,8,hq_first,1,3,2,4,Axonmesh,Curato,Servora,Ironhall,f36cc003,37c0ca72,574d1367,817f1201,Robotics Orchestration,AI Training Data,AI Inference Infrastructure,Edge-AI Hardware,2,3,1,4,2,3,1,4,2,4,1,3,6,3,6,3,50,0,50,0,1,0,1,1,0,3,0,50,59,40,44,35,6,3,6,3,2,7,"Live fleets already coordinate robots in production at customer sites, billing recurring revenue.","An outside CEO was hired to lead the company, with the founders in technical roles.","Its core patent has been granted, with further claims in prosecution.","Its industrial certification is still in testing, and its first module is installing on a pilot line this quarter.",159.5,136.7,205.2,113.7,159.54,136.638,205.188,113.97,14,14,14,14,TRUE,TRUE,TRUE,TRUE,FALSE,FALSE,FALSE,FALSE,1,FALSE,1,40,Male,0,"ETF or ETC, Stock Market, Crowdfunding",White,United Kingdom,United Kingdom,Full-Time,Maybe a little,Judging how you would allocate funds to startups based on their slide decks but with particular reference to the experience of the leadership,933,1920,911
394,disclosure,5,13,lq_first,3,1,4,2,Sentyl,Pulsegrid,Axonmesh,Paperloom,bcd14e91,2055e10c,e6065b1a,e20d4e90,AI Security,AI Observability,Robotics Orchestration,Document Automation,4,1,3,2,4,3,2,1,2,3,4,1,7,5,6,4,35,20,35,10,1,1,1,1,1,2,5,20,89,88,91,87,7,5,6,4,1,1,"It has completed a SOC 2 Type II audit, with the report available in its data room.","It is pre-revenue, with an open-beta cohort scheduled to start next month.","Live fleets already coordinate robots in production at customer sites, billing recurring revenue.",An independent benchmark of its extraction accuracy is in progress but not yet finished.,50.5,66.7,54.6,51,50.453,66.621,54.588,50.831,14,14,14,14,TRUE,TRUE,TRUE,TRUE,FALSE,FALSE,FALSE,FALSE,1,FALSE,1,54,Male,15,"Stock Market, Crowdfunding, Government Bonds",White,United States,United States,Unemployed (and job seeking),No,NO IDEA,976,1308,753
395,disclosure,2,15,lq_first,3,1,4,2,Servora,Sentyl,Curato,Axonmesh,737deb7d,90a19744,cbc833b1,c7e2221f,AI Inference Infrastructure,AI Security,AI Training Data,Robotics Orchestration,4,1,3,2,1,4,3,2,3,2,4,1,5,6,5,3,40,20,30,10,0,1,1,1,1.5,0.5,10,20,66,75,71,68,5,6,5,3,4,2,Its technology is patented by a university and licensed to the company exclusively.,Its SOC 2 Type II audit is scheduled but has not yet taken place.,Its founders built data infrastructure together at a leading AI-data company and left senior roles to work on Curato full-time.,Its deployment to date is one pilot fleet running daily at a single design partner's warehouse.,352.8,489.3,445.6,432.3,352.834,489.462,445.629,432.393,14,14,14,14,TRUE,TRUE,TRUE,TRUE,FALSE,FALSE,FALSE,FALSE,2,FALSE,1,43,Male,2,"ETF or ETC, Stock Market, Government Bonds, Crowdfunding",White,United States,United States,Full-Time,No,Advancements in AI Future of Tech software.,2333,2560,1305
397,control,1,14,lq_first,3,1,4,2,Axonmesh,Paperloom,Servora,Sentyl,f36cc003,84f4d358,574d1367,bfc6f4d0,Robotics Orchestration,Document Automation,AI Inference Infrastructure,AI Security,4,2,3,1,3,1,4,2,1,4,2,3,7,5,6,3,65,15,20,0,1,1,1,1,1.5,2.5,30,35,67,73,53,43,7,5,6,3,2,2,"Live fleets already coordinate robots in production at customer sites, billing recurring revenue.",An independent benchmark of its extraction accuracy is in progress but not yet finished.,"Its core patent has been granted, with further claims in prosecution.",Its SOC 2 Type II audit is scheduled but has not yet taken place.,186.6,179.3,179.9,127.8,186.613,179.23,180.044,127.747,14,14,14,14,TRUE,TRUE,TRUE,TRUE,FALSE,FALSE,FALSE,FALSE,1,FALSE,1,21,Female,0,"Private Equity fund, ETF or ETC",White,Canada,Canada,Part-Time,No,I though the study was testing real(-ish) business pitches to find the best one,1143,1440,749
398,disclosure,3,9,lq_first,3,1,4,2,Ironhall,Servora,Foliant,Curato,b5fef669,e55a120c,fa1fe22c,14efa601,Edge-AI Hardware,AI Inference Infrastructure,Enterprise Knowledge Retrieval,AI Training Data,4,2,3,1,1,2,4,3,2,1,3,4,6,3,4,2,20,30,20,30,1,0,0,0,1.5,2.5,0,-10,90,12,55,1,6,3,4,2,5,1,Its module has passed independent industrial certification and already runs on live production lines.,Its technology is patented by a university and licensed to the company exclusively.,Its most advanced customer engagement is a pilot in two practice groups at a law firm.,Its founders built data infrastructure together at a leading AI-data company and left senior roles to work on Curato full-time.,94.3,91.1,66.8,171.7,94.123,91.112,66.81,171.537,14,14,14,14,TRUE,TRUE,TRUE,TRUE,FALSE,FALSE,FALSE,FALSE,2,FALSE,1,45,Female,10,Private Equity fund,Asian,India,India,Part-Time,No,"This study was about four start up pitch decks and I judged the ventures. After reviewing all the four Pitch decks, I distributed 100 Units of investment capital to all the four Pitch Decks based on my understanding of their performance.",1264,1536,730
400,control,1,10,lq_first,3,1,4,2,Foliant,Curato,Pulsegrid,Ironhall,46c0bf32,37c0ca72,f5bfffe5,817f1201,Enterprise Knowledge Retrieval,AI Training Data,AI Observability,Edge-AI Hardware,3,2,4,1,3,2,4,1,1,4,2,3,7,6,4,5,40,30,10,20,1,0,1,1,2,0,20,0,100,96,17,95,7,6,4,5,6,6,A bank customer has rolled Foliant out organization-wide after a successful pilot.,Its founders are academics who license the labelling technology from their university lab.,"Paying customers run it on production models, and it generates annual recurring revenue.","Its industrial certification is still in testing, and its first module is installing on a pilot line this quarter.",264.5,283.4,263.4,384.3,264.474,283.271,263.442,384.158,14,14,14,14,TRUE,TRUE,TRUE,TRUE,FALSE,FALSE,FALSE,FALSE,1,FALSE,1,33,Male,4,"ETF or ETC, Government Bonds, Stock Market, Crowdfunding, Private Equity fund",Black,United Kingdom,Ghana,Full-Time,No,reviewing four startup pitch decks and judge the ventures behind them.,1697,1138,518
401,disclosure,4,5,hq_first,1,3,2,4,Pulsegrid,Sentyl,Paperloom,Axonmesh,dff2e369,90a19744,081e5fb5,c7e2221f,AI Observability,AI Security,Document Automation,Robotics Orchestration,2,3,1,4,3,4,1,2,4,2,3,1,5,4,5,5,25,30,35,10,0,1,1,1,-0.5,0.5,5,10,96,100,63,69,5,4,5,5,4,6,Its revenue comes chiefly from paid consulting and integration projects.,Its SOC 2 Type II audit is scheduled but has not yet taken place.,An independent certification firm has completed an audit of its extraction accuracy and verified a benchmark lead.,Its deployment to date is one pilot fleet running daily at a single design partner's warehouse.,255.1,257.8,247.6,239.8,255.006,257.836,247.489,239.762,14,14,14,14,TRUE,TRUE,TRUE,TRUE,FALSE,FALSE,FALSE,FALSE,1,FALSE,1,31,Male,3,"ETF or ETC, Crowdfunding, Stock Market",White,Germany,Germany,Part-Time,No,Maybe the study is about on how a startup/company is presented and how an investor would then prefer a startup not only because of the the venture but on how its presentation is perceived,1826,1920,953
402,disclosure,3,8,hq_first,1,3,2,4,Axonmesh,Curato,Servora,Ironhall,f36cc003,37c0ca72,574d1367,817f1201,Robotics Orchestration,AI Training Data,AI Inference Infrastructure,Edge-AI Hardware,2,4,1,3,2,1,4,3,1,4,3,2,3,5,5,5,25,30,35,10,1,0,1,0,-1,-1,5,10,41,32,23,22,3,5,5,5,2,4,"Live fleets already coordinate robots in production at customer sites, billing recurring revenue.",Its founders built data infrastructure together at a leading AI-data company and left senior roles to work on Curato full-time.,"Its core patent has been granted, with further claims in prosecution.",Its module has passed independent industrial certification and already runs on live production lines.,77.7,30.8,41.4,30.9,77.515,30.506,41.544,30.98,14,14,14,14,TRUE,TRUE,TRUE,TRUE,FALSE,FALSE,FALSE,FALSE,1,FALSE,1,43,Male,5,"ETF or ETC, Government Bonds, Stock Market, Venture Capital fund, Crowdfunding, Private Equity fund",White,United Kingdom,Italy,Full-Time,No,how the design might influence the investment  decision,544,1188,549
403,disclosure,5,6,hq_first,1,3,2,4,Paperloom,Axonmesh,Sentyl,Servora,340b9ba1,4fe27fae,0566fd88,e06655dc,Document Automation,Robotics Orchestration,AI Security,AI Inference Infrastructure,1,4,2,3,3,2,1,4,3,1,2,4,5,3,6,6,20,20,40,20,1,0,1,0,-2,1,-10,10,15,0,1,30,5,3,6,6,6,7,An independent certification firm has completed an audit of its extraction accuracy and verified a benchmark lead.,"Live fleets already coordinate robots in production at customer sites, billing recurring revenue.","It has completed a SOC 2 Type II audit, with the report available in its data room.",Its technology is patented by a university and licensed to the company exclusively.,53.9,71.5,69.6,90.8,53.894,71.547,69.648,90.755,12,14,14,14,TRUE,TRUE,TRUE,TRUE,FALSE,FALSE,FALSE,FALSE,1,FALSE,1,62,Female,10,"Stock Market, Crowdfunding, Private Equity fund, Government Bonds, Angel syndicate, Options",Black,United States,United States,Full-Time,No,Investments in start ups,1070,1280,559
404,disclosure,2,6,hq_first,1,3,2,4,Paperloom,Axonmesh,Sentyl,Servora,340b9ba1,4fe27fae,0566fd88,e06655dc,Document Automation,Robotics Orchestration,AI Security,AI Inference Infrastructure,1,4,2,3,4,1,2,3,4,3,2,1,5,6,4,4,75,0,0,25,1,1,1,1,1.5,-0.5,25,25,100,88,29,8,5,6,4,4,5,2,An independent certification firm has completed an audit of its extraction accuracy and verified a benchmark lead.,Its deployment to date is one pilot fleet running daily at a single design partner's warehouse.,"It has completed a SOC 2 Type II audit, with the report available in its data room.",Its patent filing is a provisional application that is still pending.,319.4,136.1,207.7,161.5,319.306,136.033,207.643,161.378,14,14,14,14,TRUE,TRUE,TRUE,TRUE,FALSE,FALSE,FALSE,FALSE,2,FALSE,1,53,Female,5,Crowdfunding,White,United Kingdom,United Kingdom,Full-Time,No,"I'm not 100% certain. I think it may have something to do with the design of the slides (there was a lot of emphasis on the designs at the beginning of the study), as two of them were difficult to read and now I come to think of it, I chose 2 of the 4 companies to invest in, and both of those had the white background slide pack.",1656,1536,826
407,disclosure,5,5,hq_first,1,3,2,4,Pulsegrid,Sentyl,Paperloom,Axonmesh,dff2e369,90a19744,081e5fb5,c7e2221f,AI Observability,AI Security,Document Automation,Robotics Orchestration,1,4,2,3,2,1,3,4,2,1,4,3,5,5,5,7,10,10,10,70,1,1,1,1,-1,-1,-30,-30,43,27,59,77,5,5,5,7,1,2,"Paying customers run it on production models, and it generates annual recurring revenue.",Its SOC 2 Type II audit is scheduled but has not yet taken place.,An independent certification firm has completed an audit of its extraction accuracy and verified a benchmark lead.,Its deployment to date is one pilot fleet running daily at a single design partner's warehouse.,226.4,244.9,279.6,243,226.636,244.82,279.712,244.466,14,14,14,14,TRUE,TRUE,TRUE,TRUE,FALSE,FALSE,FALSE,FALSE,1,FALSE,1,61,Male,5,"Stock Market, Government Bonds, Crowdfunding",White,United States,United States,Other,No,How we go about investing in a company based solely on their pitch deck.,1767,2195,1074
409,control,1,8,hq_first,1,3,2,4,Axonmesh,Curato,Servora,Ironhall,f36cc003,37c0ca72,574d1367,817f1201,Robotics Orchestration,AI Training Data,AI Inference Infrastructure,Edge-AI Hardware,1,3,2,4,4,2,1,3,3,1,2,4,6,5,4,3,100,0,0,0,1,1,1,1,2,1,50,50,96,32,6,4,6,5,4,3,3,3,"Live fleets already coordinate robots in production at customer sites, billing recurring revenue.","Its founders are building Curato part-time alongside their current jobs, with the advisory board still forming.","Its core patent has been granted, with further claims in prosecution.","Its industrial certification is still in testing, and its first module is installing on a pilot line this quarter.",352.5,155.4,156.5,143.8,352.623,155.384,156.399,143.633,14,14,14,14,TRUE,TRUE,TRUE,TRUE,FALSE,FALSE,FALSE,FALSE,1,FALSE,1,31,Female,5,"Stock Market, Other, Crowdfunding",White,United Kingdom,United Kingdom,Full-Time,No,"I think this study has been about seeing how intricately people read information about companies depending on the design of the presentation and also the ease of understanding the concepts. It's looking at how long people take interacting with the information, how much they can remember and how they make the decision on investments.",1223,1440,900
411,disclosure,4,11,lq_first,3,1,4,2,Pulsegrid,Ironhall,Paperloom,Foliant,dff2e369,3e0eedc2,081e5fb5,3eed90b1,AI Observability,Edge-AI Hardware,Document Automation,Enterprise Knowledge Retrieval,4,2,3,1,4,1,2,3,3,2,1,4,6,4,4,5,40,24,18,18,0,0,1,1,0.5,0.5,14,8,100,25,0,17,6,4,4,5,1,4,Its revenue comes chiefly from paid consulting and integration projects.,Its module has passed independent industrial certification and already runs on live production lines.,An independent certification firm has completed an audit of its extraction accuracy and verified a benchmark lead.,Its most advanced customer engagement is a pilot in two practice groups at a law firm.,98.8,169.8,96.3,100.7,98.747,169.901,96.365,104.34,14,14,14,14,TRUE,TRUE,TRUE,TRUE,FALSE,FALSE,FALSE,FALSE,1,FALSE,1,29,Female,3,"Stock Market, Private Equity fund",Asian,India,India,Full-Time,No,This study was to check my attention and my analysis skills.,1099,1528,732
412,disclosure,4,5,hq_first,1,3,2,4,Pulsegrid,Sentyl,Paperloom,Axonmesh,dff2e369,90a19744,081e5fb5,c7e2221f,AI Observability,AI Security,Document Automation,Robotics Orchestration,1,4,2,3,4,1,2,3,1,4,3,2,6,3,5,5,30,10,40,20,0,0,1,0,-0.5,1.5,-10,20,70,22,80,66,6,3,5,5,3,6,Its revenue comes chiefly from paid consulting and integration projects.,It has decided to defer formal security audits until after this funding round.,An independent certification firm has completed an audit of its extraction accuracy and verified a benchmark lead.,Its coordination software has so far run only in simulation.,233.3,18.7,99.5,169.5,233.185,20.491,99.563,169.42,14,1,14,14,TRUE,TRUE,TRUE,TRUE,FALSE,FALSE,FALSE,FALSE,1,FALSE,1,38,Male,10,"Stock Market, Crowdfunding",Black,United States,United States,Full-Time,No,deciding which firm is more productive to invest in,1381,1600,739
414,control,1,4,hq_first,1,3,2,4,Foliant,Paperloom,Pulsegrid,Sentyl,46c0bf32,84f4d358,f5bfffe5,bfc6f4d0,Enterprise Knowledge Retrieval,Document Automation,AI Observability,AI Security,2,4,1,3,1,2,3,4,3,4,1,2,5,6,3,2,10,15,25,50,1,1,1,1,3,0,-25,-15,34,100,4,3,5,6,3,2,6,6,A bank customer has rolled Foliant out organization-wide after a successful pilot.,An independent benchmark of its extraction accuracy is in progress but not yet finished.,"Paying customers run it on production models, and it generates annual recurring revenue.",Its SOC 2 Type II audit is scheduled but has not yet taken place.,131,101.3,89.6,43.2,130.991,111.802,89.493,43.314,14,14,14,14,TRUE,TRUE,TRUE,TRUE,FALSE,FALSE,FALSE,FALSE,1,FALSE,1,36,Male,6,"ETF or ETC, Stock Market, Options, Crowdfunding",Asian,Canada,Canada,Full-Time,No,Seeing what information can be retained when reading pitch decks,1058,1920,911
415,disclosure,2,9,lq_first,3,1,4,2,Ironhall,Servora,Foliant,Curato,b5fef669,e55a120c,fa1fe22c,14efa601,Edge-AI Hardware,AI Inference Infrastructure,Enterprise Knowledge Retrieval,AI Training Data,4,2,3,1,3,4,2,1,4,2,1,3,6,4,5,5,20,20,20,40,1,0,1,0,0,1,-10,-10,87,65,79,85,6,4,5,5,5,4,Its module has passed independent industrial certification and already runs on live production lines.,Its technology is patented by a university and licensed to the company exclusively.,A bank customer has rolled Foliant out organization-wide after a successful pilot.,Its founders built data infrastructure together at a leading AI-data company and left senior roles to work on Curato full-time.,144.1,136.1,164.3,85.1,144.066,136,164.301,85.066,14,14,14,14,TRUE,TRUE,TRUE,TRUE,FALSE,FALSE,FALSE,FALSE,3,FALSE,1,42,Female,1,"Stock Market, Crowdfunding",White,United Kingdom,Ireland,Full-Time,No,To support investors,988,1536,778
416,disclosure_explanation,7,9,lq_first,3,1,4,2,Ironhall,Servora,Foliant,Curato,b5fef669,e55a120c,fa1fe22c,14efa601,Edge-AI Hardware,AI Inference Infrastructure,Enterprise Knowledge Retrieval,AI Training Data,4,1,3,2,1,4,3,2,1,3,2,4,5,5,3,4,60,40,0,0,1,1,0,1,1.5,-0.5,50,10,77,79,0,0,5,5,3,4,3,3,Its module has passed independent industrial certification and already runs on live production lines.,Its patent filing is a provisional application that is still pending.,Its deployments run exclusively inside the founders' former employer.,"Its founders are building Curato part-time alongside their current jobs, with the advisory board still forming.",89.3,79.6,39.5,36.8,89.328,79.735,52.726,36.826,14,14,14,14,TRUE,TRUE,TRUE,TRUE,FALSE,FALSE,FALSE,FALSE,2,FALSE,1,46,Male,0,"Stock Market, Crowdfunding",White,United States,United States,Full-Time,No,"no idea. slides for 2 of the decks were impossible to read. i don't have an MBA and even if i could read them, a lot of info is over my head",540,1440,670
418,disclosure,5,3,hq_first,1,3,2,4,Ironhall,Pulsegrid,Foliant,Paperloom,b5fef669,2055e10c,fa1fe22c,e20d4e90,Edge-AI Hardware,AI Observability,Enterprise Knowledge Retrieval,Document Automation,1,4,2,3,3,2,4,1,3,4,1,2,4,4,4,4,25,25,25,25,0,1,0,0,0,0,0,0,100,100,71,76,4,4,4,4,1,1,Its module failed an initial certification audit and is being redesigned.,"It is pre-revenue, with an open-beta cohort scheduled to start next month.",Its most advanced customer engagement is a pilot in two practice groups at a law firm.,An independent certification firm has completed an audit of its extraction accuracy and verified a benchmark lead.,386,31.1,28.8,31.2,464.49,30.98,28.795,31.349,14,14,14,14,TRUE,TRUE,TRUE,TRUE,FALSE,FALSE,FALSE,FALSE,2,FALSE,1,26,Female,4,"Government Bonds, Crowdfunding, Other",White,United States,United States,Full-Time,No,How people invest?,1063,1366,633
419,control,1,2,hq_first,1,3,2,4,Curato,Foliant,Ironhall,Pulsegrid,6b81ec39,08321160,87b7dfe9,e7f29679,AI Training Data,Enterprise Knowledge Retrieval,Edge-AI Hardware,AI Observability,1,3,2,4,1,4,3,2,2,4,3,1,6,4,3,4,75,10,0,15,0,1,1,1,1.5,0.5,35,25,75,41,19,59,6,4,3,4,3,2,Its founders are academics who license the labelling technology from their university lab.,Its most advanced customer engagement is a pilot in two practice groups at a law firm.,Its module has passed independent industrial certification and already runs on live production lines.,"It is pre-revenue, with an open-beta cohort scheduled to start next month.",99.3,158.9,185.3,69.6,99.328,159.083,185.33,73.506,14,14,14,14,TRUE,TRUE,TRUE,TRUE,FALSE,FALSE,FALSE,FALSE,1,FALSE,1,34,Male,0,"ETF or ETC, Stock Market, Crowdfunding",White,Canada,Canada,Full-Time,No,To see what people think will be lucrative in the future.,1250,1920,953
421,disclosure,4,6,hq_first,1,3,2,4,Paperloom,Axonmesh,Sentyl,Servora,340b9ba1,4fe27fae,0566fd88,e06655dc,Document Automation,Robotics Orchestration,AI Security,AI Inference Infrastructure,1,3,2,4,1,2,4,3,2,4,1,3,6,3,3,2,60,20,10,10,0,0,0,1,2,2,30,20,75,10,0,0,6,3,3,2,3,1,An independent benchmark of its extraction accuracy is in progress but not yet finished.,"Live fleets already coordinate robots in production at customer sites, billing recurring revenue.",Its SOC 2 Type II audit is scheduled but has not yet taken place.,Its patent filing is a provisional application that is still pending.,163.8,137.3,113,307.8,163.795,137.025,113.077,307.784,14,14,14,14,TRUE,TRUE,TRUE,TRUE,FALSE,FALSE,FALSE,FALSE,1,FALSE,1,60,Male,5,"ETF or ETC, Government Bonds, Stock Market, Crowdfunding",White,United States,United States,"Not in paid work (e.g. homemaker', 'retired or disabled)",No,Pitch deck potential,1085,1920,911
424,disclosure_explanation,8,15,lq_first,3,1,4,2,Servora,Sentyl,Curato,Axonmesh,737deb7d,90a19744,cbc833b1,c7e2221f,AI Inference Infrastructure,AI Security,AI Training Data,Robotics Orchestration,3,1,4,2,1,3,2,4,1,3,4,2,6,5,2,4,50,15,5,30,1,1,1,1,2.5,-0.5,15,5,38,53,8,47,6,5,2,4,2,1,"Its core patent has been granted, with further claims in prosecution.",Its SOC 2 Type II audit is scheduled but has not yet taken place.,Its founders built data infrastructure together at a leading AI-data company and left senior roles to work on Curato full-time.,Its deployment to date is one pilot fleet running daily at a single design partner's warehouse.,352.5,356.8,214.8,389.8,352.652,356.944,214.761,413.335,14,14,14,14,TRUE,TRUE,TRUE,TRUE,FALSE,FALSE,FALSE,FALSE,1,FALSE,1,56,Male,30,"ETF or ETC, Government Bonds, Stock Market, Crowdfunding",White,United States,United States,Full-Time,No,If the average user can effectively translate corporate-speak into useful language that either creates or detracts value from a proposed venture.,1907,1904,1038
425,disclosure_explanation,8,10,lq_first,3,1,4,2,Foliant,Curato,Pulsegrid,Ironhall,46c0bf32,37c0ca72,f5bfffe5,817f1201,Enterprise Knowledge Retrieval,AI Training Data,AI Observability,Edge-AI Hardware,3,1,4,2,1,3,2,4,2,4,1,3,5,4,1,2,80,20,0,0,1,0,0,0,3,0,50,30,66,51,5,24,5,4,1,2,1,2,A bank customer has rolled Foliant out organization-wide after a successful pilot.,Its founders built data infrastructure together at a leading AI-data company and left senior roles to work on Curato full-time.,It charges model vendors for access to anonymized benchmark data.,Its module has passed independent industrial certification and already runs on live production lines.,346.4,214.7,216.6,236.9,346.118,214.586,216.422,236.81,14,14,14,14,TRUE,TRUE,TRUE,TRUE,FALSE,FALSE,FALSE,FALSE,1,FALSE,1,77,Female,5,"Stock Market, Private Equity fund",White,United States,United States,Other,Maybe a little,Viewing basic marketing info on new AI start-ups,1762,1198,586
426,disclosure,5,12,lq_first,3,1,4,2,Paperloom,Foliant,Sentyl,Pulsegrid,340b9ba1,08321160,0566fd88,e7f29679,Document Automation,Enterprise Knowledge Retrieval,AI Security,AI Observability,4,1,3,2,4,1,2,3,4,2,1,3,6,4,5,4,40,10,30,20,0,1,1,1,0.5,1.5,0,20,70,55,63,54,6,4,5,4,6,5,An independent benchmark of its extraction accuracy is in progress but not yet finished.,Its most advanced customer engagement is a pilot in two practice groups at a law firm.,"It has completed a SOC 2 Type II audit, with the report available in its data room.","It is pre-revenue, with an open-beta cohort scheduled to start next month.",44.9,190.2,213.6,98.1,44.906,200.196,273.855,105.208,14,14,14,14,TRUE,TRUE,TRUE,TRUE,FALSE,FALSE,FALSE,FALSE,3,TRUE,1,29,Female,1,"Private Equity fund, Options",Asian,Canada,Canada,Part-Time,No,This study was about how human investors evaluate risk and quality in early stage startups using pitch deck.,1653,1920,953
427,disclosure,5,11,lq_first,3,1,4,2,Pulsegrid,Ironhall,Paperloom,Foliant,dff2e369,3e0eedc2,081e5fb5,3eed90b1,AI Observability,Edge-AI Hardware,Document Automation,Enterprise Knowledge Retrieval,3,2,4,1,4,1,2,3,2,3,4,1,7,5,7,5,30,15,35,20,1,1,1,1,0,2,-5,15,100,100,100,100,7,5,7,5,5,5,"Paying customers run it on production models, and it generates annual recurring revenue.","Its industrial certification is still in testing, and its first module is installing on a pilot line this quarter.",An independent certification firm has completed an audit of its extraction accuracy and verified a benchmark lead.,Its most advanced customer engagement is a pilot in two practice groups at a law firm.,638.5,442.2,790.7,379.4,638.43,456.653,1073.076,402.464,14,14,14,14,TRUE,TRUE,TRUE,TRUE,FALSE,FALSE,FALSE,FALSE,1,FALSE,1,46,Male,15,"ETF or ETC, Government Bonds, Stock Market, Venture Capital fund, Crowdfunding",White,United States,United States,Full-Time,No,Learning how people would invest into these advanced companies.,3037,1397,811
428,disclosure,6,4,hq_first,1,3,2,4,Foliant,Paperloom,Pulsegrid,Sentyl,46c0bf32,84f4d358,f5bfffe5,bfc6f4d0,Enterprise Knowledge Retrieval,Document Automation,AI Observability,AI Security,1,3,2,4,4,1,2,3,4,2,3,1,5,4,4,4,40,5,45,10,1,0,1,0,0.5,0.5,-5,35,68,69,0,0,5,4,4,4,1,5,A bank customer has rolled Foliant out organization-wide after a successful pilot.,An independent certification firm has completed an audit of its extraction accuracy and verified a benchmark lead.,"Paying customers run it on production models, and it generates annual recurring revenue.","It has completed a SOC 2 Type II audit, with the report available in its data room.",93.8,56.2,26.3,6.9,93.782,56.178,26.245,6.886,14,14,14,14,TRUE,TRUE,TRUE,TRUE,FALSE,FALSE,FALSE,FALSE,2,FALSE,1,42,Male,2,"ETF or ETC, Stock Market, Crowdfunding",White,United States,United States,Full-Time,Maybe a little,How we viewed designs of slides,796,1710,913
429,disclosure,4,15,lq_first,3,1,4,2,Servora,Sentyl,Curato,Axonmesh,737deb7d,90a19744,cbc833b1,c7e2221f,AI Inference Infrastructure,AI Security,AI Training Data,Robotics Orchestration,3,1,4,2,1,4,3,2,4,1,3,2,6,6,5,4,15,50,20,15,0,0,1,0,1.5,0.5,15,-15,89,88,24,36,6,6,5,4,1,2,Its patent filing is a provisional application that is still pending.,"It has completed a SOC 2 Type II audit, with the report available in its data room.",Its founders built data infrastructure together at a leading AI-data company and left senior roles to work on Curato full-time.,"Live fleets already coordinate robots in production at customer sites, billing recurring revenue.",778,407.8,82.6,423.9,782.615,407.901,82.5,423.7,14,14,14,14,TRUE,TRUE,TRUE,TRUE,FALSE,FALSE,FALSE,FALSE,1,FALSE,1,36,Male,2,"ETF or ETC, Government Bonds, Stock Market, Options, Venture Capital fund, Private Equity fund, Crowdfunding",Black,Canada,Nigeria,Full-Time,No,I think the study was about how the design of a pitch deck affects the ability to draw valuable insights from it.,2537,1366,647
430,disclosure_explanation,8,13,lq_first,3,1,4,2,Sentyl,Pulsegrid,Axonmesh,Paperloom,bcd14e91,2055e10c,e6065b1a,e20d4e90,AI Security,AI Observability,Robotics Orchestration,Document Automation,3,2,4,1,4,3,1,2,3,2,1,4,7,6,5,6,20,20,30,30,1,0,1,0,1,0,-10,0,93,34,86,83,7,6,5,6,6,7,"It has completed a SOC 2 Type II audit, with the report available in its data room.",It charges model vendors for access to anonymized benchmark data.,"Live fleets already coordinate robots in production at customer sites, billing recurring revenue.",An independent certification firm has completed an audit of its extraction accuracy and verified a benchmark lead.,36.4,42.5,29.4,89.4,36.263,42.538,29.154,89.39,14,14,14,14,TRUE,TRUE,TRUE,TRUE,FALSE,FALSE,FALSE,FALSE,1,FALSE,1,49,Female,8,"Stock Market, Government Bonds, Private Equity fund, ETF or ETC, Unit trusts",Black,Germany,Germany,Part-Time,Maybe a little,design for few companies,1020,1280,712
431,control,1,10,lq_first,3,1,4,2,Foliant,Curato,Pulsegrid,Ironhall,46c0bf32,37c0ca72,f5bfffe5,817f1201,Enterprise Knowledge Retrieval,AI Training Data,AI Observability,Edge-AI Hardware,3,1,4,2,4,3,2,1,2,1,4,3,7,2,6,4,60,0,40,0,1,1,0,1,-0.5,3.5,10,50,91,31,85,42,7,2,6,4,3,7,A bank customer has rolled Foliant out organization-wide after a successful pilot.,"Its founders are building Curato part-time alongside their current jobs, with the advisory board still forming.",It charges model vendors for access to anonymized benchmark data.,"Its industrial certification is still in testing, and its first module is installing on a pilot line this quarter.",545.4,488.5,548.8,492.6,545.201,488.563,548.983,492.329,14,14,14,14,TRUE,TRUE,TRUE,TRUE,FALSE,FALSE,FALSE,FALSE,1,FALSE,1,48,Male,6,"Stock Market, Crowdfunding",White,United States,United States,Unemployed (and job seeking),No,Judging potential investment opportunities with start-up companies or ventures?,2867,1371,603
432,control,1,13,lq_first,3,1,4,2,Sentyl,Pulsegrid,Axonmesh,Paperloom,bcd14e91,2055e10c,e6065b1a,e20d4e90,AI Security,AI Observability,Robotics Orchestration,Document Automation,3,1,4,2,3,2,4,1,2,3,4,1,5,5,4,4,100,0,0,0,1,0,1,0,1,0,50,50,70,65,3,0,5,5,4,4,5,5,"It has completed a SOC 2 Type II audit, with the report available in its data room.",Its revenue comes chiefly from paid consulting and integration projects.,"Live fleets already coordinate robots in production at customer sites, billing recurring revenue.",An independent certification firm has completed an audit of its extraction accuracy and verified a benchmark lead.,83.5,133,35.1,33.2,84.193,135.285,36.568,34.75,14,14,14,14,TRUE,TRUE,TRUE,TRUE,FALSE,FALSE,FALSE,FALSE,1,FALSE,1,53,Male,0,"ETF or ETC, Government Bonds, Stock Market, Options, Crowdfunding",White,United States,United States,NA,No,How a lay person evaluates corporate jargon.,547,1920,919
433,control,1,14,lq_first,3,1,4,2,Axonmesh,Paperloom,Servora,Sentyl,f36cc003,84f4d358,574d1367,bfc6f4d0,Robotics Orchestration,Document Automation,AI Inference Infrastructure,AI Security,3,1,4,2,2,3,1,4,1,4,3,2,7,3,7,3,40,10,40,10,1,1,0,1,0,4,0,30,92,70,3,1,7,3,7,3,6,5,"Live fleets already coordinate robots in production at customer sites, billing recurring revenue.",An independent benchmark of its extraction accuracy is in progress but not yet finished.,Its patent filing is a provisional application that is still pending.,Its SOC 2 Type II audit is scheduled but has not yet taken place.,240.1,270.2,198.1,194,240.054,270.269,198.23,193.951,14,14,14,14,TRUE,TRUE,TRUE,TRUE,FALSE,FALSE,FALSE,FALSE,1,FALSE,1,42,Female,0,"ETF or ETC, Stock Market, Private Equity fund, Other",Asian,Canada,Canada,Full-Time,No,How much information can be retained in short period of time,1254,1536,729
434,disclosure_explanation,7,10,lq_first,3,1,4,2,Foliant,Curato,Pulsegrid,Ironhall,46c0bf32,37c0ca72,f5bfffe5,817f1201,Enterprise Knowledge Retrieval,AI Training Data,AI Observability,Edge-AI Hardware,4,1,3,2,2,3,1,4,4,2,1,3,3,3,4,4,20,30,25,25,1,0,0,1,-1,0,0,-5,4,15,6,22,3,3,4,4,3,3,A bank customer has rolled Foliant out organization-wide after a successful pilot.,Its founders built data infrastructure together at a leading AI-data company and left senior roles to work on Curato full-time.,Its revenue comes chiefly from paid consulting and integration projects.,"Its industrial certification is still in testing, and its first module is installing on a pilot line this quarter.",5,37.4,116.4,49.3,4.992,37.432,120.685,49.338,3,14,12,13,TRUE,TRUE,TRUE,TRUE,FALSE,FALSE,FALSE,FALSE,2,FALSE,1,27,Female,1,"Stock Market, Private Equity fund",Black,United Kingdom,United Kingdom,Full-Time,No,evaluating startup companies,1116,1536,742
436,disclosure_explanation,7,11,lq_first,3,1,4,2,Pulsegrid,Ironhall,Paperloom,Foliant,dff2e369,3e0eedc2,081e5fb5,3eed90b1,AI Observability,Edge-AI Hardware,Document Automation,Enterprise Knowledge Retrieval,4,2,3,1,1,4,3,2,3,1,2,4,6,4,7,7,15,15,40,30,1,1,1,1,-2,1,-20,5,0,0,0,0,6,4,7,7,7,7,"Paying customers run it on production models, and it generates annual recurring revenue.","Its industrial certification is still in testing, and its first module is installing on a pilot line this quarter.",An independent certification firm has completed an audit of its extraction accuracy and verified a benchmark lead.,Its most advanced customer engagement is a pilot in two practice groups at a law firm.,400.4,635.3,491.5,556.7,400.426,635.368,491.388,556.722,14,14,14,14,TRUE,TRUE,TRUE,TRUE,FALSE,FALSE,FALSE,FALSE,1,FALSE,1,68,Male,20,"Government Bonds, Stock Market, Crowdfunding, Private Equity fund, ETF or ETC",White,United States,Peru,NA,No,"It was meant to be an evaluation of pitches by start-ups to raise capital but, to be honest, I now think that the study was about perception: in this case, how poorly designed   presentations could actually cost the start-ups a lot of money.",3133,1280,631
437,disclosure,5,16,lq_first,3,1,4,2,Curato,Axonmesh,Ironhall,Servora,6b81ec39,4fe27fae,87b7dfe9,e06655dc,AI Training Data,Robotics Orchestration,Edge-AI Hardware,AI Inference Infrastructure,3,1,4,2,2,4,3,1,3,4,1,2,6,4,6,5,35,35,30,0,1,1,1,1,-0.5,1.5,20,15,75,85,46,26,6,4,6,5,1,5,Its founders built data infrastructure together at a leading AI-data company and left senior roles to work on Curato full-time.,Its deployment to date is one pilot fleet running daily at a single design partner's warehouse.,Its module has passed independent industrial certification and already runs on live production lines.,Its patent filing is a provisional application that is still pending.,244.7,275.5,271.7,274.8,244.401,275.282,271.821,274.875,14,14,14,14,TRUE,TRUE,TRUE,TRUE,FALSE,FALSE,FALSE,FALSE,1,FALSE,1,40,Male,0,"Government Bonds, Stock Market, Private Equity fund",White,United States,United States,Part-Time,No,How people feel about the different pieces of AI used in large industrial settings.,1657,1920,911
438,disclosure,2,4,hq_first,1,3,2,4,Foliant,Paperloom,Pulsegrid,Sentyl,46c0bf32,84f4d358,f5bfffe5,bfc6f4d0,Enterprise Knowledge Retrieval,Document Automation,AI Observability,AI Security,1,4,2,3,2,4,1,3,1,4,3,2,5,6,3,4,10,30,20,40,0,0,1,0,2,-1,-10,-20,60,78,31,37,5,6,3,4,3,2,A national government agency is its anchor customer.,An independent certification firm has completed an audit of its extraction accuracy and verified a benchmark lead.,"Paying customers run it on production models, and it generates annual recurring revenue.","It has completed a SOC 2 Type II audit, with the report available in its data room.",56.2,40.8,79.1,46.5,56.159,40.597,79.067,46.631,14,14,14,14,TRUE,TRUE,TRUE,TRUE,FALSE,FALSE,FALSE,FALSE,2,FALSE,1,28,Male,2,"Stock Market, Options, Venture Capital fund, Other, ETF or ETC",White,United States,United States,Full-Time,No,My ability to determine the opportunity for the pitches to succeed based on different design layouts,1082,2048,1040
439,disclosure_explanation,7,1,hq_first,1,3,2,4,Servora,Ironhall,Curato,Foliant,737deb7d,3e0eedc2,cbc833b1,3eed90b1,AI Inference Infrastructure,Edge-AI Hardware,AI Training Data,Enterprise Knowledge Retrieval,1,4,2,3,2,1,3,4,1,2,4,3,6,5,6,5,30,15,35,20,1,1,1,1,0,1,-5,15,41,36,65,28,6,5,6,5,1,2,"Its core patent has been granted, with further claims in prosecution.","Its industrial certification is still in testing, and its first module is installing on a pilot line this quarter.",Its founders built data infrastructure together at a leading AI-data company and left senior roles to work on Curato full-time.,Its most advanced customer engagement is a pilot in two practice groups at a law firm.,75.9,46.3,97.6,48.1,75.801,46.429,97.522,48.001,14,14,14,14,TRUE,TRUE,TRUE,TRUE,FALSE,FALSE,FALSE,FALSE,1,FALSE,1,44,Male,1,"Government Bonds, Stock Market, Crowdfunding",White,United States,United States,Full-Time,No,Seeing similar information and selecting a company. Could have something to do with the better looking decks.,649,1404,728
440,disclosure_explanation,7,1,hq_first,1,3,2,4,Servora,Ironhall,Curato,Foliant,737deb7d,3e0eedc2,cbc833b1,3eed90b1,AI Inference Infrastructure,Edge-AI Hardware,AI Training Data,Enterprise Knowledge Retrieval,2,3,1,4,3,1,4,2,1,3,2,4,6,3,6,3,52,4,42,2,1,0,1,1,0,3,6,44,66,64,37,43,6,3,6,3,1,1,"Its core patent has been granted, with further claims in prosecution.",Its module has passed independent industrial certification and already runs on live production lines.,Its founders built data infrastructure together at a leading AI-data company and left senior roles to work on Curato full-time.,Its most advanced customer engagement is a pilot in two practice groups at a law firm.,317.1,232.7,418.7,423.7,316.876,232.652,418.926,423.683,14,14,14,14,TRUE,TRUE,TRUE,TRUE,FALSE,FALSE,FALSE,FALSE,1,FALSE,1,61,Male,4,"Stock Market, Unit trusts, Government Bonds, Crowdfunding, ETF or ETC",White,United Kingdom,United Kingdom,Other,No,I took it at face value ie which ventures I would be most interested in investing in (I allocated more credits to those I thought potentially had the best chances of go to market & be succesful/return on investment).,2051,1368,777
442,disclosure_explanation,8,1,hq_first,1,3,2,4,Servora,Ironhall,Curato,Foliant,737deb7d,3e0eedc2,cbc833b1,3eed90b1,AI Inference Infrastructure,Edge-AI Hardware,AI Training Data,Enterprise Knowledge Retrieval,2,3,1,4,3,1,4,2,1,2,4,3,5,5,3,4,35,20,30,15,0,0,0,1,1.5,-0.5,5,15,43,23,30,15,5,5,3,4,1,2,Its patent filing is a provisional application that is still pending.,Its module has passed independent industrial certification and already runs on live production lines.,"Its founders are building Curato part-time alongside their current jobs, with the advisory board still forming.",Its most advanced customer engagement is a pilot in two practice groups at a law firm.,74.9,103.1,35.7,25.2,74.834,103.065,40.651,25.244,14,14,14,14,TRUE,TRUE,TRUE,TRUE,FALSE,FALSE,FALSE,FALSE,1,FALSE,1,64,Female,5,"Government Bonds, Stock Market, Angel syndicate",White,United States,United States,Full-Time,No,This was about perceiving information from slide decks.,514,1525,963
443,disclosure,2,7,hq_first,1,3,2,4,Sentyl,Servora,Axonmesh,Curato,bcd14e91,e55a120c,e6065b1a,14efa601,AI Security,AI Inference Infrastructure,Robotics Orchestration,AI Training Data,1,3,2,4,2,1,3,4,3,1,2,4,6,5,6,3,35,25,30,10,0,1,0,1,1,2,10,15,70,81,66,34,6,5,6,3,4,2,It has decided to defer formal security audits until after this funding round.,Its patent filing is a provisional application that is still pending.,Its deployment to date is one pilot fleet running daily at a single design partner's warehouse.,"Its founders are building Curato part-time alongside their current jobs, with the advisory board still forming.",261.3,197.4,239,216.9,261.46,197.292,239.011,221.443,14,14,14,14,TRUE,TRUE,TRUE,TRUE,FALSE,FALSE,FALSE,FALSE,2,FALSE,1,49,Male,4,"ETF or ETC, Government Bonds, Stock Market, Crowdfunding",White,United States,United States,Unemployed (and job seeking),No,How persuasive design agency pitch decks are when it comes to securing funding for a startup.,1499,1920,911
444,disclosure,3,2,hq_first,1,3,2,4,Curato,Foliant,Ironhall,Pulsegrid,6b81ec39,08321160,87b7dfe9,e7f29679,AI Training Data,Enterprise Knowledge Retrieval,Edge-AI Hardware,AI Observability,1,4,2,3,2,1,4,3,3,2,4,1,5,5,1,6,25,40,10,25,0,0,0,0,1.5,-2.5,15,-15,58,84,0,20,5,5,1,6,4,5,Its founders are academics who license the labelling technology from their university lab.,A national government agency is its anchor customer.,"Its industrial certification is still in testing, and its first module is installing on a pilot line this quarter.",Its revenue comes chiefly from paid consulting and integration projects.,213.9,153.3,109.3,58,606.359,153.399,109.235,58.018,14,14,14,14,TRUE,TRUE,TRUE,TRUE,FALSE,FALSE,FALSE,FALSE,1,FALSE,1,33,Male,12,"ETF or ETC, Government Bonds, Stock Market, Private Equity fund",White,Brazil,Brazil,Full-Time,No,"in my opinion, this study was about attention and the ability to provide an answer even if you couldn't read it in the pitch slide deck.",1612,1366,599
445,control,1,3,hq_first,1,3,2,4,Ironhall,Pulsegrid,Foliant,Paperloom,b5fef669,2055e10c,fa1fe22c,e20d4e90,Edge-AI Hardware,AI Observability,Enterprise Knowledge Retrieval,Document Automation,1,4,2,3,3,4,2,1,2,1,4,3,6,4,7,7,25,0,50,25,0,1,1,1,-2,1,-25,25,71,59,73,75,6,4,7,7,2,1,It licenses its enclosure design to established equipment makers instead of manufacturing itself.,"It is pre-revenue, with an open-beta cohort scheduled to start next month.",A bank customer has rolled Foliant out organization-wide after a successful pilot.,An independent benchmark of its extraction accuracy is in progress but not yet finished.,217.5,183.4,410,206,217.407,183.402,410.083,205.991,14,14,14,14,TRUE,TRUE,TRUE,TRUE,FALSE,FALSE,FALSE,FALSE,1,FALSE,1,47,Male,0,"Stock Market, Crowdfunding",White,United States,United States,Other,No,I'm not sure. the questions were simple but paraphrased in a way that did make them more difficult to connect. It could have simply been a study on the comprehension of pitch stacks by laymen.,1733,1272,588
449,disclosure,2,12,lq_first,3,1,4,2,Paperloom,Foliant,Sentyl,Pulsegrid,340b9ba1,08321160,0566fd88,e7f29679,Document Automation,Enterprise Knowledge Retrieval,AI Security,AI Observability,3,1,4,2,1,2,3,4,3,4,1,2,6,7,4,4,70,10,10,10,0,1,0,1,2.5,-0.5,30,30,78,70,33,37,6,7,4,4,2,2,An independent benchmark of its extraction accuracy is in progress but not yet finished.,Its most advanced customer engagement is a pilot in two practice groups at a law firm.,Its SOC 2 Type II audit is scheduled but has not yet taken place.,"It is pre-revenue, with an open-beta cohort scheduled to start next month.",255.1,256.9,143.1,142.5,254.98,256.75,143.383,142.715,14,14,14,14,TRUE,TRUE,TRUE,TRUE,FALSE,FALSE,FALSE,FALSE,1,FALSE,1,36,Male,5,"ETF or ETC, Government Bonds, Stock Market, Private Equity fund, Venture Capital fund, Crowdfunding",White,United States,United States,Full-Time,No,I think this study was evaluating the clarity of pitch decks for startups,1299,1412,997
450,disclosure,4,3,hq_first,1,3,2,4,Ironhall,Pulsegrid,Foliant,Paperloom,b5fef669,2055e10c,fa1fe22c,e20d4e90,Edge-AI Hardware,AI Observability,Enterprise Knowledge Retrieval,Document Automation,2,3,1,4,3,2,4,1,1,3,4,2,7,5,2,5,60,20,0,20,1,1,1,1,2.5,-0.5,30,10,88,79,84,85,7,5,2,5,2,2,Its module has passed independent industrial certification and already runs on live production lines.,"It is pre-revenue, with an open-beta cohort scheduled to start next month.",A bank customer has rolled Foliant out organization-wide after a successful pilot.,An independent benchmark of its extraction accuracy is in progress but not yet finished.,250.8,127.9,259.3,134.2,250.672,127.787,268.136,135.936,14,14,14,14,TRUE,TRUE,TRUE,TRUE,FALSE,FALSE,FALSE,FALSE,1,FALSE,1,29,Male,2,"ETF or ETC, Stock Market, Crowdfunding",White,United Kingdom,United Kingdom,Full-Time,No,How different AI generated designs influence the trustworthyness of a piece of documentation.,1066,2560,1279
451,disclosure,5,15,lq_first,3,1,4,2,Servora,Sentyl,Curato,Axonmesh,737deb7d,90a19744,cbc833b1,c7e2221f,AI Inference Infrastructure,AI Security,AI Training Data,Robotics Orchestration,3,1,4,2,3,2,4,1,1,4,2,3,5,5,4,5,30,20,30,20,0,0,1,1,0.5,-0.5,0,10,48,45,40,47,5,5,4,5,6,6,Its patent filing is a provisional application that is still pending.,"It has completed a SOC 2 Type II audit, with the report available in its data room.",Its founders built data infrastructure together at a leading AI-data company and left senior roles to work on Curato full-time.,Its deployment to date is one pilot fleet running daily at a single design partner's warehouse.,178.6,188.8,194.6,223.7,178.703,188.971,194.726,223.741,14,14,14,14,TRUE,TRUE,TRUE,TRUE,FALSE,FALSE,FALSE,FALSE,1,FALSE,1,27,Male,4,"ETF or ETC, Government Bonds, Stock Market, Unit trusts, Angel syndicate, Private Equity fund, Options, Venture Capital fund, Crowdfunding, Other",Asian,India,India,Full-Time,Yes,This study was about evaluating and investing in promising AI startups and understanding their competitive advantages.,1421,1358,610
452,disclosure,4,14,lq_first,3,1,4,2,Axonmesh,Paperloom,Servora,Sentyl,f36cc003,84f4d358,574d1367,bfc6f4d0,Robotics Orchestration,Document Automation,AI Inference Infrastructure,AI Security,4,2,3,1,3,4,2,1,4,2,1,3,5,5,3,4,30,20,30,20,1,1,0,0,1.5,-0.5,0,10,57,71,29,15,5,5,3,4,1,1,"Live fleets already coordinate robots in production at customer sites, billing recurring revenue.",An independent benchmark of its extraction accuracy is in progress but not yet finished.,Its patent filing is a provisional application that is still pending.,It has decided to defer formal security audits until after this funding round.,319.8,362.8,349.8,345.6,319.8,476.076,349.707,345.602,14,14,14,14,TRUE,TRUE,TRUE,TRUE,FALSE,FALSE,FALSE,FALSE,1,FALSE,1,58,Female,0,"Stock Market, Private Equity fund",White,United States,United States,"Not in paid work (e.g. homemaker', 'retired or disabled)",No,Startup companies what. when & where and trying to get backers.,2013,1920,911
453,disclosure,4,1,hq_first,1,3,2,4,Servora,Ironhall,Curato,Foliant,737deb7d,3e0eedc2,cbc833b1,3eed90b1,AI Inference Infrastructure,Edge-AI Hardware,AI Training Data,Enterprise Knowledge Retrieval,1,4,2,3,1,2,4,3,3,2,4,1,7,5,6,4,40,20,30,10,1,1,1,0,1,2,10,20,92,80,77,33,7,5,6,4,1,1,"Its core patent has been granted, with further claims in prosecution.","Its industrial certification is still in testing, and its first module is installing on a pilot line this quarter.",Its founders built data infrastructure together at a leading AI-data company and left senior roles to work on Curato full-time.,Its deployments run exclusively inside the founders' former employer.,351.1,348.2,298.1,308.5,351.024,349.705,298.129,308.513,14,14,14,14,TRUE,TRUE,TRUE,TRUE,FALSE,FALSE,FALSE,FALSE,1,FALSE,1,41,Female,1,"Government Bonds, Stock Market, Private Equity fund, Options",Black,United States,United States,Part-Time,No,People perspective on investment.,1972,1500,865
455,disclosure,5,2,hq_first,1,3,2,4,Curato,Foliant,Ironhall,Pulsegrid,6b81ec39,08321160,87b7dfe9,e7f29679,AI Training Data,Enterprise Knowledge Retrieval,Edge-AI Hardware,AI Observability,1,3,2,4,4,3,1,2,4,3,1,2,2,1,6,2,10,5,75,10,1,1,1,1,-2.5,2.5,-35,35,56,93,44,69,2,1,6,2,1,1,Its founders built data infrastructure together at a leading AI-data company and left senior roles to work on Curato full-time.,Its most advanced customer engagement is a pilot in two practice groups at a law firm.,Its module has passed independent industrial certification and already runs on live production lines.,"It is pre-revenue, with an open-beta cohort scheduled to start next month.",129.1,170.7,155.2,107.1,128.991,170.527,155.136,107,14,14,14,14,TRUE,TRUE,TRUE,TRUE,FALSE,FALSE,FALSE,FALSE,1,FALSE,1,53,Female,0,"Stock Market, Crowdfunding",White,United States,United States,Part-Time,No,I have no idea,865,1770,986
456,disclosure_explanation,7,14,lq_first,3,1,4,2,Axonmesh,Paperloom,Servora,Sentyl,f36cc003,84f4d358,574d1367,bfc6f4d0,Robotics Orchestration,Document Automation,AI Inference Infrastructure,AI Security,3,1,4,2,3,4,2,1,2,1,3,4,5,7,3,2,40,45,10,5,1,0,1,1,3.5,-0.5,35,0,66,87,42,17,5,7,3,2,2,2,"Live fleets already coordinate robots in production at customer sites, billing recurring revenue.",An independent certification firm has completed an audit of its extraction accuracy and verified a benchmark lead.,"Its core patent has been granted, with further claims in prosecution.",Its SOC 2 Type II audit is scheduled but has not yet taken place.,167.1,142.9,63.4,111.4,167.074,142.85,63.651,111.383,14,14,14,14,TRUE,TRUE,TRUE,TRUE,FALSE,FALSE,FALSE,FALSE,1,FALSE,1,25,Male,1,"ETF or ETC, Government Bonds, Stock Market, Crowdfunding",White,United States,United States,Full-Time,No,I think this study was about understanding investment decisions while trying to ignore the visual aspect of it.,912,2560,1311
457,disclosure_explanation,7,3,hq_first,1,3,2,4,Ironhall,Pulsegrid,Foliant,Paperloom,b5fef669,2055e10c,fa1fe22c,e20d4e90,Edge-AI Hardware,AI Observability,Enterprise Knowledge Retrieval,Document Automation,2,4,1,3,3,1,2,4,1,3,4,2,6,5,5,4,40,10,10,40,1,0,0,1,1,1,0,0,86,73,31,23,6,5,5,4,4,4,Its module has passed independent industrial certification and already runs on live production lines.,It charges model vendors for access to anonymized benchmark data.,Its most advanced customer engagement is a pilot in two practice groups at a law firm.,An independent benchmark of its extraction accuracy is in progress but not yet finished.,83.8,40.1,92.5,112.8,83.737,249.28,92.369,112.834,14,14,14,14,TRUE,TRUE,TRUE,TRUE,FALSE,FALSE,FALSE,FALSE,1,FALSE,1,25,Female,0,"Stock Market, Crowdfunding",White,United Kingdom,United Kingdom,Part-Time,No,Whether our investments would be influenced by the quality of the slide show.,1361,1707,791
459,disclosure,3,9,lq_first,3,1,4,2,Ironhall,Servora,Foliant,Curato,b5fef669,e55a120c,fa1fe22c,14efa601,Edge-AI Hardware,AI Inference Infrastructure,Enterprise Knowledge Retrieval,AI Training Data,3,1,4,2,2,1,3,4,1,3,4,2,4,5,3,5,40,15,20,25,0,1,0,0,0.5,-1.5,5,10,31,19,5,13,4,5,3,5,3,4,"Its industrial certification is still in testing, and its first module is installing on a pilot line this quarter.",Its patent filing is a provisional application that is still pending.,Its most advanced customer engagement is a pilot in two practice groups at a law firm.,Its founders built data infrastructure together at a leading AI-data company and left senior roles to work on Curato full-time.,52.7,108.8,40.6,75.1,52.902,108.71,40.441,75.081,14,14,14,14,TRUE,TRUE,TRUE,TRUE,FALSE,FALSE,FALSE,FALSE,1,FALSE,1,55,Male,7,"ETF or ETC, Government Bonds, Stock Market, Unit trusts, Private Equity fund, Crowdfunding, Venture Capital fund, Other",White,United Kingdom,United Kingdom,Full-Time,No,"Decision making in start up ventures, based on current understanding of them form the slides.",883,1366,645
462,disclosure,6,7,hq_first,1,3,2,4,Sentyl,Servora,Axonmesh,Curato,bcd14e91,e55a120c,e6065b1a,14efa601,AI Security,AI Inference Infrastructure,Robotics Orchestration,AI Training Data,2,4,1,3,3,1,4,2,3,1,4,2,7,4,7,4,50,10,30,10,1,1,1,0,0,3,10,30,81,1,85,19,7,4,7,4,1,1,"It has completed a SOC 2 Type II audit, with the report available in its data room.",Its patent filing is a provisional application that is still pending.,"Live fleets already coordinate robots in production at customer sites, billing recurring revenue.",Its founders built data infrastructure together at a leading AI-data company and left senior roles to work on Curato full-time.,377,254.5,572.1,189.2,377.049,254.556,571.85,189.319,14,14,14,14,TRUE,TRUE,TRUE,TRUE,FALSE,FALSE,FALSE,FALSE,2,FALSE,1,42,Female,6,"ETF or ETC, Stock Market, Options, Crowdfunding, Venture Capital fund, Private Equity fund, Other",White,Germany,Croatia,Full-Time,No,The study was about finding out how potential investors or business angels interpret business data to make informed investment decisions as well as the impact of design elements on the trustworthiness of a business.,2054,1404,681
463,disclosure,4,7,hq_first,1,3,2,4,Sentyl,Servora,Axonmesh,Curato,bcd14e91,e55a120c,e6065b1a,14efa601,AI Security,AI Inference Infrastructure,Robotics Orchestration,AI Training Data,2,4,1,3,4,3,2,1,1,4,2,3,4,3,4,3,30,20,0,50,1,1,1,0,0,1,0,-20,43,38,45,31,4,3,4,3,3,3,"It has completed a SOC 2 Type II audit, with the report available in its data room.",Its patent filing is a provisional application that is still pending.,"Live fleets already coordinate robots in production at customer sites, billing recurring revenue.","An outside CEO was hired to lead the company, with the founders in technical roles.",143.6,53.2,128.6,125.4,143.581,53.234,128.304,125.48,12,14,14,14,TRUE,TRUE,TRUE,TRUE,FALSE,FALSE,FALSE,FALSE,2,FALSE,1,31,Female,0,"Stock Market, Crowdfunding",White,United States,United States,"Not in paid work (e.g. homemaker', 'retired or disabled)",No,What information we pay attention to to make decisions,902,1680,962
466,disclosure,2,4,hq_first,1,3,2,4,Foliant,Paperloom,Pulsegrid,Sentyl,46c0bf32,84f4d358,f5bfffe5,bfc6f4d0,Enterprise Knowledge Retrieval,Document Automation,AI Observability,AI Security,2,3,1,4,4,1,3,2,3,4,1,2,6,3,4,2,50,10,30,10,1,1,1,1,1.5,2.5,10,30,76,72,57,63,6,3,4,2,1,1,A bank customer has rolled Foliant out organization-wide after a successful pilot.,An independent benchmark of its extraction accuracy is in progress but not yet finished.,"Paying customers run it on production models, and it generates annual recurring revenue.",Its SOC 2 Type II audit is scheduled but has not yet taken place.,321.1,264.8,288.9,253.9,321.148,264.694,288.807,254.083,14,14,14,14,TRUE,TRUE,TRUE,TRUE,FALSE,FALSE,FALSE,FALSE,1,FALSE,1,38,Male,0,"ETF or ETC, Government Bonds, Stock Market, Crowdfunding",White,United States,United States,Part-Time,Maybe a little,Maybe how visual presentation of a pitch affects people's willingness to invest.,1602,1912,948
467,control,1,8,hq_first,1,3,2,4,Axonmesh,Curato,Servora,Ironhall,f36cc003,37c0ca72,574d1367,817f1201,Robotics Orchestration,AI Training Data,AI Inference Infrastructure,Edge-AI Hardware,1,4,2,3,4,3,2,1,4,2,3,1,7,6,5,3,40,30,15,15,1,0,0,1,2.5,1.5,20,5,99,100,50,0,7,6,5,3,4,6,"Live fleets already coordinate robots in production at customer sites, billing recurring revenue.",Its founders built data infrastructure together at a leading AI-data company and left senior roles to work on Curato full-time.,Its patent filing is a provisional application that is still pending.,"Its industrial certification is still in testing, and its first module is installing on a pilot line this quarter.",442.9,144.9,81.3,156,442.745,144.928,81.385,161.396,14,14,14,14,TRUE,TRUE,TRUE,TRUE,FALSE,FALSE,FALSE,FALSE,1,FALSE,1,35,Female,0,"Stock Market, Private Equity fund, Other",White,Canada,Canada,Full-Time,No,"I think this study was about what type of presentation style is most compelling for the purpose of raising capital.  It considers the presentation appears, what language is used, how well the project is described, and what the founders are like and then looks at how much the project was able to raise.",1301,1440,714
468,disclosure,4,9,lq_first,3,1,4,2,Ironhall,Servora,Foliant,Curato,b5fef669,e55a120c,fa1fe22c,14efa601,Edge-AI Hardware,AI Inference Infrastructure,Enterprise Knowledge Retrieval,AI Training Data,3,2,4,1,3,2,1,4,2,3,1,4,6,5,4,2,40,35,15,10,1,1,0,0,2.5,1.5,25,5,70,66,39,9,6,5,4,2,3,4,Its module has passed independent industrial certification and already runs on live production lines.,Its patent filing is a provisional application that is still pending.,Its most advanced customer engagement is a pilot in two practice groups at a law firm.,Its founders built data infrastructure together at a leading AI-data company and left senior roles to work on Curato full-time.,92.1,85,124.4,105.4,92.247,84.899,124.448,105.458,14,14,14,14,TRUE,TRUE,TRUE,TRUE,FALSE,FALSE,FALSE,FALSE,1,FALSE,1,34,Female,0,"Stock Market, Government Bonds, Crowdfunding",White,United Kingdom,United Kingdom,Full-Time,Maybe a little,How visual presentation influences our unconcious opinions.,649,2240,1019
469,disclosure_explanation,8,9,lq_first,3,1,4,2,Ironhall,Servora,Foliant,Curato,b5fef669,e55a120c,fa1fe22c,14efa601,Edge-AI Hardware,AI Inference Infrastructure,Enterprise Knowledge Retrieval,AI Training Data,3,1,4,2,3,2,1,4,2,4,3,1,4,4,4,4,40,15,30,15,1,1,1,1,0,0,5,20,82,19,29,7,4,4,4,4,6,5,Its module has passed independent industrial certification and already runs on live production lines.,Its patent filing is a provisional application that is still pending.,A bank customer has rolled Foliant out organization-wide after a successful pilot.,"Its founders are building Curato part-time alongside their current jobs, with the advisory board still forming.",128.6,318.6,111.7,190.6,128.388,318.521,114.012,190.293,14,14,14,14,TRUE,TRUE,TRUE,TRUE,FALSE,FALSE,FALSE,FALSE,2,FALSE,1,31,Male,2,"Crowdfunding, Other",Black,Canada,Canada,Full-Time,No,The study is about picking which company to invest in,2368,1920,963
470,disclosure_explanation,8,1,hq_first,1,3,2,4,Servora,Ironhall,Curato,Foliant,737deb7d,3e0eedc2,cbc833b1,3eed90b1,AI Inference Infrastructure,Edge-AI Hardware,AI Training Data,Enterprise Knowledge Retrieval,1,4,2,3,1,3,2,4,4,2,1,3,4,4,4,5,25,25,25,25,0,1,0,1,-0.5,-0.5,0,0,32,23,19,25,4,4,4,5,5,5,Its technology is patented by a university and licensed to the company exclusively.,"Its industrial certification is still in testing, and its first module is installing on a pilot line this quarter.",Its founders are academics who license the labelling technology from their university lab.,Its most advanced customer engagement is a pilot in two practice groups at a law firm.,46.8,35.5,55.5,58.3,46.651,45.005,55.526,157.444,14,14,14,14,TRUE,TRUE,TRUE,TRUE,FALSE,FALSE,FALSE,FALSE,2,FALSE,1,41,Female,0,"Government Bonds, Stock Market, Private Equity fund",Asian,United States,China,Full-Time,Maybe a little,How the visual design of the start-up pitch deck affect investor's perception of thier products?,610,1464,798
471,disclosure,3,11,lq_first,3,1,4,2,Pulsegrid,Ironhall,Paperloom,Foliant,dff2e369,3e0eedc2,081e5fb5,3eed90b1,AI Observability,Edge-AI Hardware,Document Automation,Enterprise Knowledge Retrieval,4,2,3,1,1,2,4,3,4,2,1,3,6,6,5,3,45,35,10,10,1,1,1,1,2,1,30,5,73,76,25,31,6,6,5,3,1,4,"Paying customers run it on production models, and it generates annual recurring revenue.","Its industrial certification is still in testing, and its first module is installing on a pilot line this quarter.",An independent certification firm has completed an audit of its extraction accuracy and verified a benchmark lead.,Its most advanced customer engagement is a pilot in two practice groups at a law firm.,491.9,465.1,488.3,564.3,491.824,464.883,488.101,564.075,14,14,14,14,TRUE,TRUE,TRUE,TRUE,FALSE,FALSE,FALSE,FALSE,1,FALSE,1,55,Male,3,"ETF or ETC, Stock Market, Private Equity fund, Crowdfunding, Government Bonds",White,United States,Colombia,Unemployed (and job seeking),No,"Giving an opinion about 4 startups, reflecting that opinion in a fund assignation process",2565,1913,873
472,disclosure,6,7,hq_first,1,3,2,4,Sentyl,Servora,Axonmesh,Curato,bcd14e91,e55a120c,e6065b1a,14efa601,AI Security,AI Inference Infrastructure,Robotics Orchestration,AI Training Data,2,4,1,3,3,2,4,1,2,1,3,4,6,1,4,1,50,15,5,30,1,1,1,0,1,4,15,5,40,82,79,96,6,1,4,1,3,2,"It has completed a SOC 2 Type II audit, with the report available in its data room.",Its patent filing is a provisional application that is still pending.,"Live fleets already coordinate robots in production at customer sites, billing recurring revenue.",Its founders built data infrastructure together at a leading AI-data company and left senior roles to work on Curato full-time.,286.1,183.7,424.5,250.7,285.998,183.554,436.717,250.779,14,14,14,14,TRUE,TRUE,TRUE,TRUE,FALSE,FALSE,FALSE,FALSE,2,FALSE,1,36,Male,5,"Private Equity fund, Stock Market, Government Bonds, ETF or ETC",White,United States,United States,Full-Time,No,"I believe this study was about determining how an individual would allocated funding based on their own interpretations of financial data, market forcasting, and over all sense of predictions for a growing industry. The study raised several questions in my own mind, are we focusing on robotics, AI training, AI security or other services? Where is the future going to take humanity and where should we focus our attention and investments as the world continues to evole.",1813,1920,945
473,disclosure,3,6,hq_first,1,3,2,4,Paperloom,Axonmesh,Sentyl,Servora,340b9ba1,4fe27fae,0566fd88,e06655dc,Document Automation,Robotics Orchestration,AI Security,AI Inference Infrastructure,1,3,2,4,3,1,2,4,4,2,3,1,7,4,6,3,35,25,30,10,0,1,1,1,1,3,10,15,78,88,11,7,7,4,6,3,2,4,An independent benchmark of its extraction accuracy is in progress but not yet finished.,Its deployment to date is one pilot fleet running daily at a single design partner's warehouse.,"It has completed a SOC 2 Type II audit, with the report available in its data room.",Its patent filing is a provisional application that is still pending.,380.6,395.9,485.2,446.3,380.455,395.853,488.453,447.478,14,14,14,14,TRUE,TRUE,TRUE,TRUE,FALSE,FALSE,FALSE,FALSE,1,FALSE,1,40,Female,1,"Stock Market, Venture Capital fund, Crowdfunding",Other,Canada,Canada,Other,No,"How people decide to allocate resources outside of presented objective information, maybe. For example, some of the founders were inexperienced and hadn’t gotten too far into the process yet, but their numbers look good.",2304,1470,729
474,disclosure,3,13,lq_first,3,1,4,2,Sentyl,Pulsegrid,Axonmesh,Paperloom,bcd14e91,2055e10c,e6065b1a,e20d4e90,AI Security,AI Observability,Robotics Orchestration,Document Automation,4,1,3,2,2,4,3,1,4,3,1,2,5,6,5,4,15,0,25,60,0,0,1,1,1,0,-35,-10,93,93,3,15,5,6,5,4,1,1,Its compliance certifications are inherited from its cloud hosting provider.,"Paying customers run it on production models, and it generates annual recurring revenue.","Live fleets already coordinate robots in production at customer sites, billing recurring revenue.",An independent benchmark of its extraction accuracy is in progress but not yet finished.,234.4,171.6,272.4,154.5,234.379,171.645,273.244,154.543,14,14,14,14,TRUE,TRUE,TRUE,TRUE,FALSE,FALSE,FALSE,FALSE,1,FALSE,1,42,Female,10,"Crowdfunding, Government Bonds",White,United States,United States,Full-Time,No,To see if the look of the deck had a subliminal effect on someone who is looking to make an investment.,1533,1536,791
475,disclosure,6,11,lq_first,3,1,4,2,Pulsegrid,Ironhall,Paperloom,Foliant,dff2e369,3e0eedc2,081e5fb5,3eed90b1,AI Observability,Edge-AI Hardware,Document Automation,Enterprise Knowledge Retrieval,3,1,4,2,4,1,3,2,3,1,2,4,7,6,2,3,30,40,20,10,1,1,1,1,4,0,20,0,100,91,16,23,7,6,2,3,7,5,"Paying customers run it on production models, and it generates annual recurring revenue.","Its industrial certification is still in testing, and its first module is installing on a pilot line this quarter.",An independent certification firm has completed an audit of its extraction accuracy and verified a benchmark lead.,Its most advanced customer engagement is a pilot in two practice groups at a law firm.,104.8,65.1,43.3,179.1,104.789,77.41,51.534,179.039,14,14,14,14,TRUE,TRUE,TRUE,TRUE,FALSE,FALSE,FALSE,FALSE,1,FALSE,1,59,Female,12,"Stock Market, ETF or ETC, Crowdfunding",Black,United States,United States,Part-Time,No,"The study was about evaluating business pitch decks, assessing startup metrics, and analyzing the key financial, traction, and technological details of a company to make informed investment or business evaluations.",1342,1536,776
476,disclosure,5,5,hq_first,1,3,2,4,Pulsegrid,Sentyl,Paperloom,Axonmesh,dff2e369,90a19744,081e5fb5,c7e2221f,AI Observability,AI Security,Document Automation,Robotics Orchestration,2,4,1,3,4,2,1,3,3,2,1,4,2,5,6,3,5,35,40,20,1,1,1,1,-1,0,-10,-5,48,81,94,44,2,5,6,3,1,1,"Paying customers run it on production models, and it generates annual recurring revenue.",Its SOC 2 Type II audit is scheduled but has not yet taken place.,An independent certification firm has completed an audit of its extraction accuracy and verified a benchmark lead.,Its deployment to date is one pilot fleet running daily at a single design partner's warehouse.,292.6,409.5,294,251.7,292.557,409.42,294.075,251.674,14,14,14,14,TRUE,TRUE,TRUE,TRUE,FALSE,FALSE,FALSE,FALSE,1,FALSE,1,31,Male,0,"ETF or ETC, Stock Market, Government Bonds, Options, Other, Crowdfunding",Mixed,Brazil,Brazil,Full-Time,No,"Evaluating the pitch decks of 4 ventures, ignoring their visual design and focusing on the content only. And at the end, allocating 100 units for them.",2263,1893,1014
478,disclosure_explanation,8,8,hq_first,1,3,2,4,Axonmesh,Curato,Servora,Ironhall,f36cc003,37c0ca72,574d1367,817f1201,Robotics Orchestration,AI Training Data,AI Inference Infrastructure,Edge-AI Hardware,1,4,2,3,3,2,1,4,2,1,3,4,5,5,6,4,25,25,50,0,1,1,1,1,0,1,0,25,80,73,26,29,5,5,6,4,1,3,"Live fleets already coordinate robots in production at customer sites, billing recurring revenue.","Its founders are building Curato part-time alongside their current jobs, with the advisory board still forming.","Its core patent has been granted, with further claims in prosecution.","Its industrial certification is still in testing, and its first module is installing on a pilot line this quarter.",161,70.8,195.4,76.1,160.863,70.917,195.247,76.321,14,14,14,14,TRUE,TRUE,TRUE,TRUE,FALSE,FALSE,FALSE,FALSE,2,FALSE,1,32,Female,3,"Stock Market, Crowdfunding",White,United Kingdom,United Kingdom,Part-Time,No,I'm not sure. I think it's about considering what people see more value in in terms of future growth and current arrangements. OR it was to do with the use of AI and clarity in the preparation of decks because some of them were definitely less understandable than others!,829,1470,836
479,disclosure,5,14,lq_first,3,1,4,2,Axonmesh,Paperloom,Servora,Sentyl,f36cc003,84f4d358,574d1367,bfc6f4d0,Robotics Orchestration,Document Automation,AI Inference Infrastructure,AI Security,3,1,4,2,2,3,1,4,3,4,1,2,5,3,6,2,30,0,70,0,1,0,1,1,0,3,-20,50,71,69,0,6,5,3,6,2,1,1,"Live fleets already coordinate robots in production at customer sites, billing recurring revenue.",An independent certification firm has completed an audit of its extraction accuracy and verified a benchmark lead.,"Its core patent has been granted, with further claims in prosecution.",Its SOC 2 Type II audit is scheduled but has not yet taken place.,248.8,279.8,242.6,299.6,248.856,279.82,254.082,302.738,14,14,14,14,TRUE,TRUE,TRUE,TRUE,FALSE,FALSE,FALSE,FALSE,1,FALSE,1,28,Male,2,"ETF or ETC, Stock Market, Options, Crowdfunding",White,United Kingdom,Romania,Full-Time,No,"Seeing where investments would be allocated based on the viability of the product, the inferred market and the credentials of the founders",1425,2048,983
483,disclosure,2,12,lq_first,3,1,4,2,Paperloom,Foliant,Sentyl,Pulsegrid,340b9ba1,08321160,0566fd88,e7f29679,Document Automation,Enterprise Knowledge Retrieval,AI Security,AI Observability,3,2,4,1,1,2,3,4,1,2,3,4,5,4,5,5,20,25,25,30,1,1,1,1,-0.5,0.5,-5,-5,100,100,56,33,5,4,5,5,1,5,An independent certification firm has completed an audit of its extraction accuracy and verified a benchmark lead.,Its most advanced customer engagement is a pilot in two practice groups at a law firm.,"It has completed a SOC 2 Type II audit, with the report available in its data room.","It is pre-revenue, with an open-beta cohort scheduled to start next month.",191.1,231.6,177.6,274.1,190.992,231.515,177.727,274.017,14,14,14,14,TRUE,TRUE,TRUE,TRUE,FALSE,FALSE,FALSE,FALSE,1,FALSE,1,53,Male,2,"Stock Market, ETF or ETC, Options, Crowdfunding, Other",White,Canada,United Kingdom,Full-Time,No,Remembering details under stress.,1769,1366,609
487,disclosure,3,16,lq_first,3,1,4,2,Curato,Axonmesh,Ironhall,Servora,6b81ec39,4fe27fae,87b7dfe9,e06655dc,AI Training Data,Robotics Orchestration,Edge-AI Hardware,AI Inference Infrastructure,4,1,3,2,2,1,3,4,2,3,1,4,5,4,6,3,30,0,70,0,1,1,1,1,0,2,-20,50,76,50,100,14,5,4,6,3,1,1,Its founders built data infrastructure together at a leading AI-data company and left senior roles to work on Curato full-time.,Its deployment to date is one pilot fleet running daily at a single design partner's warehouse.,Its module has passed independent industrial certification and already runs on live production lines.,Its patent filing is a provisional application that is still pending.,79.5,129.8,112.7,143.4,79.458,129.796,112.639,143.39,14,14,14,14,TRUE,TRUE,TRUE,TRUE,FALSE,FALSE,FALSE,FALSE,2,FALSE,1,27,Female,0,"ETF or ETC, Government Bonds, Stock Market, Unit trusts, Venture Capital fund, Private Equity fund, Options, Angel syndicate",White,United Kingdom,United Kingdom,Full-Time,No,How design impacts on how we perceive,746,1920,911
488,disclosure,5,7,hq_first,1,3,2,4,Sentyl,Servora,Axonmesh,Curato,bcd14e91,e55a120c,e6065b1a,14efa601,AI Security,AI Inference Infrastructure,Robotics Orchestration,AI Training Data,2,4,1,3,1,4,3,2,1,4,2,3,3,4,6,5,10,20,50,20,1,1,0,0,-2,0,-20,10,100,61,35,34,3,4,6,5,1,1,"It has completed a SOC 2 Type II audit, with the report available in its data room.",Its patent filing is a provisional application that is still pending.,Its deployment to date is one pilot fleet running daily at a single design partner's warehouse.,Its founders built data infrastructure together at a leading AI-data company and left senior roles to work on Curato full-time.,173.8,149.6,156,130.7,173.678,149.519,156.227,130.628,14,14,14,14,TRUE,TRUE,TRUE,TRUE,FALSE,FALSE,FALSE,FALSE,1,FALSE,1,51,Female,2,"ETF or ETC, Stock Market, Government Bonds, Crowdfunding",White,United States,United States,Full-Time,No,assessing startup potential for seed funding.,840,1336,786
489,disclosure,4,2,hq_first,1,3,2,4,Curato,Foliant,Ironhall,Pulsegrid,6b81ec39,08321160,87b7dfe9,e7f29679,AI Training Data,Enterprise Knowledge Retrieval,Edge-AI Hardware,AI Observability,1,3,2,4,1,2,4,3,3,2,1,4,7,5,6,5,40,15,20,25,1,1,1,1,0.5,1.5,5,10,58,58,59,58,7,5,6,5,4,6,Its founders built data infrastructure together at a leading AI-data company and left senior roles to work on Curato full-time.,Its most advanced customer engagement is a pilot in two practice groups at a law firm.,Its module has passed independent industrial certification and already runs on live production lines.,"It is pre-revenue, with an open-beta cohort scheduled to start next month.",123.4,121,122.3,61.2,123.559,120.974,122.225,61.228,14,14,14,14,TRUE,TRUE,TRUE,TRUE,FALSE,FALSE,FALSE,FALSE,1,FALSE,1,42,Female,1,Crowdfunding,White,United Kingdom,United Kingdom,Part-Time,No,Different start up companies to invest in. very interesting,738,1680,928
490,disclosure,5,5,hq_first,1,3,2,4,Pulsegrid,Sentyl,Paperloom,Axonmesh,dff2e369,90a19744,081e5fb5,c7e2221f,AI Observability,AI Security,Document Automation,Robotics Orchestration,1,3,2,4,2,4,1,3,1,3,4,2,7,6,5,3,50,40,10,0,0,1,1,0,2.5,1.5,40,10,84,74,4,10,7,6,5,3,1,1,"It is pre-revenue, with an open-beta cohort scheduled to start next month.",Its SOC 2 Type II audit is scheduled but has not yet taken place.,An independent certification firm has completed an audit of its extraction accuracy and verified a benchmark lead.,"Live fleets already coordinate robots in production at customer sites, billing recurring revenue.",118.2,46,60.3,181.5,118.158,46.007,60.317,181.684,14,14,14,14,TRUE,TRUE,TRUE,TRUE,FALSE,FALSE,FALSE,FALSE,1,FALSE,1,32,Female,5,"ETF or ETC, Stock Market, Crowdfunding, Government Bonds",White,Germany,Germany,Full-Time,No,no idea,1152,1912,914
492,disclosure,6,9,lq_first,3,1,4,2,Ironhall,Servora,Foliant,Curato,b5fef669,e55a120c,fa1fe22c,14efa601,Edge-AI Hardware,AI Inference Infrastructure,Enterprise Knowledge Retrieval,AI Training Data,4,1,3,2,2,4,1,3,1,4,3,2,5,7,5,4,25,25,25,25,1,1,0,0,1.5,-0.5,0,0,100,100,100,100,5,7,5,4,6,6,Its module has passed independent industrial certification and already runs on live production lines.,Its patent filing is a provisional application that is still pending.,A national government agency is its anchor customer.,Its founders built data infrastructure together at a leading AI-data company and left senior roles to work on Curato full-time.,38.1,205.5,41.1,25.7,38.164,297.964,41.308,25.824,12,14,14,14,TRUE,TRUE,TRUE,TRUE,FALSE,FALSE,FALSE,FALSE,3,FALSE,1,34,Male,10,"Stock Market, ETF or ETC, Private Equity fund",White,United States,United States,Full-Time,No,Learning about companies alot of people never heard about.,1077,1272,546
493,control,1,9,lq_first,3,1,4,2,Ironhall,Servora,Foliant,Curato,b5fef669,e55a120c,fa1fe22c,14efa601,Edge-AI Hardware,AI Inference Infrastructure,Enterprise Knowledge Retrieval,AI Training Data,3,1,4,2,3,4,2,1,3,2,4,1,7,7,7,7,20,30,30,20,1,0,1,0,0,0,0,0,76,82,80,89,7,7,7,7,6,7,Its module has passed independent industrial certification and already runs on live production lines.,Its technology is patented by a university and licensed to the company exclusively.,A bank customer has rolled Foliant out organization-wide after a successful pilot.,Its founders built data infrastructure together at a leading AI-data company and left senior roles to work on Curato full-time.,72.9,27.9,56,76.1,72.801,44.079,56.096,76.037,14,14,14,14,TRUE,TRUE,TRUE,TRUE,FALSE,FALSE,FALSE,FALSE,2,FALSE,1,29,Female,3,"ETF or ETC, Government Bonds, Stock Market, Unit trusts, Angel syndicate, Private Equity fund, Venture Capital fund, Crowdfunding, Options, Other",Black,United Kingdom,United Kingdom,Part-Time,No,It was about comapring the four companies,612,1920,953
495,disclosure_explanation,7,2,hq_first,1,3,2,4,Curato,Foliant,Ironhall,Pulsegrid,6b81ec39,08321160,87b7dfe9,e7f29679,AI Training Data,Enterprise Knowledge Retrieval,Edge-AI Hardware,AI Observability,1,3,2,4,2,4,3,1,1,2,4,3,6,3,7,4,25,10,55,10,1,1,1,0,-1,3,-15,30,72,27,89,31,6,3,7,4,1,6,Its founders built data infrastructure together at a leading AI-data company and left senior roles to work on Curato full-time.,Its most advanced customer engagement is a pilot in two practice groups at a law firm.,Its module has passed independent industrial certification and already runs on live production lines.,Its revenue comes chiefly from paid consulting and integration projects.,301.7,282.3,334.6,240.7,301.79,283.308,334.63,240.931,14,14,14,14,TRUE,TRUE,TRUE,TRUE,FALSE,FALSE,FALSE,FALSE,1,FALSE,1,25,Male,2,"Government Bonds, Stock Market, Options, Private Equity fund, Other",White,Brazil,Brazil,Unemployed (and job seeking),No,"I think the study aimed to understand how people make their choices based on the information presented, such as the application, certifications, and the people who work full-time on the project.",1902,1878,956
498,disclosure,4,13,lq_first,3,1,4,2,Sentyl,Pulsegrid,Axonmesh,Paperloom,bcd14e91,2055e10c,e6065b1a,e20d4e90,AI Security,AI Observability,Robotics Orchestration,Document Automation,4,1,3,2,4,3,1,2,1,4,2,3,5,4,5,3,30,20,35,15,1,0,1,1,0.5,1.5,0,15,52,22,32,36,5,4,5,3,5,4,"It has completed a SOC 2 Type II audit, with the report available in its data room.",It charges model vendors for access to anonymized benchmark data.,"Live fleets already coordinate robots in production at customer sites, billing recurring revenue.",An independent benchmark of its extraction accuracy is in progress but not yet finished.,203.6,521.5,248.1,170.2,203.643,521.31,248.113,170.087,14,14,14,14,TRUE,TRUE,TRUE,TRUE,FALSE,FALSE,FALSE,FALSE,1,FALSE,1,54,Male,5,"Government Bonds, Stock Market, Options, Crowdfunding",Black,United States,United States,Part-Time,No,Memory of key data,1963,1366,599
499,disclosure,2,12,lq_first,3,1,4,2,Paperloom,Foliant,Sentyl,Pulsegrid,340b9ba1,08321160,0566fd88,e7f29679,Document Automation,Enterprise Knowledge Retrieval,AI Security,AI Observability,4,1,3,2,2,1,4,3,2,4,3,1,2,3,3,5,25,25,25,25,0,0,1,0,-1.5,-1.5,0,0,16,79,26,71,2,3,3,5,6,4,"It does not permit external accuracy audits, citing customer confidentiality.",A national government agency is its anchor customer.,"It has completed a SOC 2 Type II audit, with the report available in its data room.","Paying customers run it on production models, and it generates annual recurring revenue.",5.3,54.5,39.5,5.1,5.28,337.724,39.18,4.763,14,14,14,14,TRUE,TRUE,TRUE,TRUE,FALSE,FALSE,FALSE,FALSE,3,TRUE,1,31,Male,1,"Stock Market, Crowdfunding",White,United States,United States,Full-Time,No,not sure but I don't like the attention check type questions that aren't allowed,939,1349,1278
500,disclosure_explanation,8,14,lq_first,3,1,4,2,Axonmesh,Paperloom,Servora,Sentyl,f36cc003,84f4d358,574d1367,bfc6f4d0,Robotics Orchestration,Document Automation,AI Inference Infrastructure,AI Security,3,1,4,2,3,1,2,4,2,1,4,3,7,4,3,6,20,10,20,50,1,0,1,0,1,0,-20,-10,100,55,31,58,7,4,3,6,5,5,"Live fleets already coordinate robots in production at customer sites, billing recurring revenue.",An independent certification firm has completed an audit of its extraction accuracy and verified a benchmark lead.,"Its core patent has been granted, with further claims in prosecution.",Its compliance certifications are inherited from its cloud hosting provider.,67.8,58.5,54.8,86,73.788,58.343,60.976,95.208,14,14,14,14,TRUE,TRUE,TRUE,TRUE,FALSE,FALSE,FALSE,FALSE,1,FALSE,1,58,Female,0,"Government Bonds, Stock Market, Crowdfunding",White,United States,United States,Full-Time,No,It was a study about how I evaluate startup ventures.,979,1366,607
501,control,1,1,hq_first,1,3,2,4,Servora,Ironhall,Curato,Foliant,737deb7d,3e0eedc2,cbc833b1,3eed90b1,AI Inference Infrastructure,Edge-AI Hardware,AI Training Data,Enterprise Knowledge Retrieval,1,4,2,3,2,1,4,3,2,1,4,3,5,3,5,3,30,20,35,15,0,1,1,1,0,2,0,15,78,72,76,70,5,3,5,3,3,6,Its patent filing is a provisional application that is still pending.,"Its industrial certification is still in testing, and its first module is installing on a pilot line this quarter.",Its founders built data infrastructure together at a leading AI-data company and left senior roles to work on Curato full-time.,Its most advanced customer engagement is a pilot in two practice groups at a law firm.,138.9,417.7,349.5,391.6,138.912,417.631,349.438,391.463,14,14,14,14,TRUE,TRUE,TRUE,TRUE,FALSE,FALSE,FALSE,FALSE,1,FALSE,1,27,Female,0,"Stock Market, Crowdfunding, Government Bonds",Asian,India,India,Full-Time,No,Analyse which AI startups look credible and lucrative enough for the investors.,2016,1366,607
505,control,1,3,hq_first,1,3,2,4,Ironhall,Pulsegrid,Foliant,Paperloom,b5fef669,2055e10c,fa1fe22c,e20d4e90,Edge-AI Hardware,AI Observability,Enterprise Knowledge Retrieval,Document Automation,2,4,1,3,2,3,1,4,1,4,3,2,5,4,5,3,15,20,25,40,0,1,1,0,0.5,1.5,-15,-10,62,55,43,41,5,4,5,3,5,4,Its module failed an initial certification audit and is being redesigned.,"It is pre-revenue, with an open-beta cohort scheduled to start next month.",A bank customer has rolled Foliant out organization-wide after a successful pilot.,Its accuracy has been validated only in a peer-reviewed academic study.,23.5,60.6,40.2,43.2,23.209,72.468,40.122,43.252,14,14,14,14,TRUE,TRUE,TRUE,TRUE,FALSE,FALSE,FALSE,FALSE,1,FALSE,1,26,Male,1,"ETF or ETC, Government Bonds, Stock Market, Angel syndicate",White,United Kingdom,Poland,Full-Time,No,on peoples decision making when it comes to investing in the ventures. seeing which decks were the most appealing to us.,1024,2560,1305
508,control,1,12,lq_first,3,1,4,2,Paperloom,Foliant,Sentyl,Pulsegrid,340b9ba1,08321160,0566fd88,e7f29679,Document Automation,Enterprise Knowledge Retrieval,AI Security,AI Observability,3,1,4,2,2,1,3,4,2,4,3,1,6,4,3,2,50,35,10,5,0,1,0,1,2.5,1.5,35,10,70,63,45,33,6,4,3,2,6,5,An independent benchmark of its extraction accuracy is in progress but not yet finished.,Its most advanced customer engagement is a pilot in two practice groups at a law firm.,It has decided to defer formal security audits until after this funding round.,"It is pre-revenue, with an open-beta cohort scheduled to start next month.",45.1,72.5,33.8,32.6,45.035,72.546,33.603,32.409,14,14,14,14,TRUE,TRUE,TRUE,TRUE,FALSE,FALSE,FALSE,FALSE,1,FALSE,1,51,Male,4,"ETF or ETC, Stock Market, Options, Crowdfunding, Venture Capital fund, Private Equity fund",White,United States,United States,Full-Time,Maybe a little,My views on the viability of an AI based start up and whether I have confidence in it being successful.,837,1536,826
509,disclosure,5,6,hq_first,1,3,2,4,Paperloom,Axonmesh,Sentyl,Servora,340b9ba1,4fe27fae,0566fd88,e06655dc,Document Automation,Robotics Orchestration,AI Security,AI Inference Infrastructure,2,3,1,4,4,2,1,3,1,2,3,4,4,4,4,4,25,25,25,25,0,0,1,1,0,0,0,0,51,51,39,42,4,4,4,4,1,4,"It does not permit external accuracy audits, citing customer confidentiality.","Live fleets already coordinate robots in production at customer sites, billing recurring revenue.","It has completed a SOC 2 Type II audit, with the report available in its data room.",Its patent filing is a provisional application that is still pending.,10.1,94.6,105.3,83.9,10.121,94.592,105.383,83.796,1,14,14,14,TRUE,TRUE,TRUE,TRUE,FALSE,FALSE,FALSE,FALSE,2,FALSE,1,74,Male,5,"Government Bonds, Stock Market, Unit trusts, Crowdfunding",White,United Kingdom,United Kingdom,"Not in paid work (e.g. homemaker', 'retired or disabled)",No,How one equates the pros and cons of potential startups,628,2400,1116
510,disclosure,4,2,hq_first,1,3,2,4,Curato,Foliant,Ironhall,Pulsegrid,6b81ec39,08321160,87b7dfe9,e7f29679,AI Training Data,Enterprise Knowledge Retrieval,Edge-AI Hardware,AI Observability,1,4,2,3,3,4,1,2,2,4,1,3,5,4,3,6,0,0,0,100,0,1,0,0,0,-1,-50,-50,80,89,38,82,5,4,3,6,5,6,Its founders are academics who license the labelling technology from their university lab.,Its most advanced customer engagement is a pilot in two practice groups at a law firm.,It licenses its enclosure design to established equipment makers instead of manufacturing itself.,"Paying customers run it on production models, and it generates annual recurring revenue.",85.7,74.1,88,91.2,85.88,74.046,87.933,91.299,14,14,14,14,TRUE,TRUE,TRUE,TRUE,FALSE,FALSE,FALSE,FALSE,1,FALSE,1,36,Male,3,"ETF or ETC, Stock Market, Crowdfunding",White,United Kingdom,United Kingdom,Full-Time,No,I honestly have no idea. Maybe about the design of the pitch? In the sense that our investment will be influenced by the design?,1134,1655,901
511,disclosure,6,5,hq_first,1,3,2,4,Pulsegrid,Sentyl,Paperloom,Axonmesh,dff2e369,90a19744,081e5fb5,c7e2221f,AI Observability,AI Security,Document Automation,Robotics Orchestration,2,3,1,4,1,4,3,2,3,4,1,2,6,4,3,4,55,25,15,5,0,1,1,0,1.5,0.5,30,20,99,100,60,72,6,4,3,4,3,3,Its revenue comes chiefly from paid consulting and integration projects.,Its SOC 2 Type II audit is scheduled but has not yet taken place.,An independent certification firm has completed an audit of its extraction accuracy and verified a benchmark lead.,"Live fleets already coordinate robots in production at customer sites, billing recurring revenue.",154.8,101.2,94.9,143,154.676,103.358,95.655,143.138,14,14,14,14,TRUE,TRUE,TRUE,TRUE,FALSE,FALSE,FALSE,FALSE,1,FALSE,1,32,Male,7,"Stock Market, Crowdfunding",White,United States,United States,Part-Time,No,I believe it was about how investors use business information towards making financial decisions.,1070,1366,633
512,disclosure,2,8,hq_first,1,3,2,4,Axonmesh,Curato,Servora,Ironhall,f36cc003,37c0ca72,574d1367,817f1201,Robotics Orchestration,AI Training Data,AI Inference Infrastructure,Edge-AI Hardware,2,4,1,3,4,2,3,1,1,4,3,2,5,4,6,4,50,0,0,50,1,0,0,1,-0.5,1.5,0,0,79,70,4,6,5,4,6,4,1,1,"Live fleets already coordinate robots in production at customer sites, billing recurring revenue.",Its founders built data infrastructure together at a leading AI-data company and left senior roles to work on Curato full-time.,Its patent filing is a provisional application that is still pending.,"Its industrial certification is still in testing, and its first module is installing on a pilot line this quarter.",228,82.2,190.4,132.8,227.803,82.195,190.167,132.746,14,4,14,14,TRUE,TRUE,TRUE,TRUE,FALSE,FALSE,FALSE,FALSE,1,FALSE,1,43,Male,10,"ETF or ETC, Stock Market, Unit trusts, Crowdfunding",White,United Kingdom,United Kingdom,Other,No,Evaluating start-up pitches.,968,1280,585
513,disclosure,3,3,hq_first,1,3,2,4,Ironhall,Pulsegrid,Foliant,Paperloom,b5fef669,2055e10c,fa1fe22c,e20d4e90,Edge-AI Hardware,AI Observability,Enterprise Knowledge Retrieval,Document Automation,2,4,1,3,3,1,4,2,4,1,2,3,5,5,5,3,40,20,40,0,1,1,1,1,1,1,10,30,100,100,19,23,5,5,5,3,1,1,Its module has passed independent industrial certification and already runs on live production lines.,"It is pre-revenue, with an open-beta cohort scheduled to start next month.",A bank customer has rolled Foliant out organization-wide after a successful pilot.,An independent benchmark of its extraction accuracy is in progress but not yet finished.,356.6,132.7,115.1,130.8,356.417,132.648,115.058,132.329,14,14,14,14,TRUE,TRUE,TRUE,TRUE,FALSE,FALSE,FALSE,FALSE,1,FALSE,1,27,Female,5,"ETF or ETC, Stock Market, Crowdfunding",White,United Kingdom,United Kingdom,Full-Time,Maybe a little,Whether the design of the presentation impacted perceptions,1069,1440,812
515,disclosure_explanation,8,1,hq_first,1,3,2,4,Servora,Ironhall,Curato,Foliant,737deb7d,3e0eedc2,cbc833b1,3eed90b1,AI Inference Infrastructure,Edge-AI Hardware,AI Training Data,Enterprise Knowledge Retrieval,1,3,2,4,2,1,3,4,2,3,1,4,2,5,2,5,20,35,15,30,1,1,1,1,0,-3,5,-15,79,89,41,81,2,5,2,5,7,7,"Its core patent has been granted, with further claims in prosecution.","Its industrial certification is still in testing, and its first module is installing on a pilot line this quarter.",Its founders built data infrastructure together at a leading AI-data company and left senior roles to work on Curato full-time.,Its most advanced customer engagement is a pilot in two practice groups at a law firm.,118.1,107.1,255.5,46.3,139.786,106.905,255.502,46.442,14,14,14,14,TRUE,TRUE,TRUE,TRUE,FALSE,FALSE,FALSE,FALSE,1,FALSE,1,24,Male,5,"Stock Market, Crowdfunding, Venture Capital fund",White,United States,United States,Part-Time,No,"this study was generally about evaluating and studying startup company pitches in the form of slides. Generally they all had been spread across the AI industry in differection sections of it, and it was testing information from the pitch materials.",1143,2560,1279
516,disclosure_explanation,7,2,hq_first,1,3,2,4,Curato,Foliant,Ironhall,Pulsegrid,6b81ec39,08321160,87b7dfe9,e7f29679,AI Training Data,Enterprise Knowledge Retrieval,Edge-AI Hardware,AI Observability,1,3,2,4,1,4,2,3,2,3,1,4,7,5,4,2,50,10,35,5,1,1,1,1,3,2,10,35,87,61,30,13,7,5,4,2,1,1,Its founders built data infrastructure together at a leading AI-data company and left senior roles to work on Curato full-time.,Its most advanced customer engagement is a pilot in two practice groups at a law firm.,Its module has passed independent industrial certification and already runs on live production lines.,"It is pre-revenue, with an open-beta cohort scheduled to start next month.",128.5,115.4,141.1,65.9,128.478,115.564,140.909,65.92,14,14,14,14,TRUE,TRUE,TRUE,TRUE,FALSE,FALSE,FALSE,FALSE,1,FALSE,1,31,Female,1,"Private Equity fund, Venture Capital fund",White,United States,Slovenia,Full-Time,No,How the information about funds and CEO experience would influence how people invest.,1140,1920,945
518,disclosure_explanation,7,11,lq_first,3,1,4,2,Pulsegrid,Ironhall,Paperloom,Foliant,dff2e369,3e0eedc2,081e5fb5,3eed90b1,AI Observability,Edge-AI Hardware,Document Automation,Enterprise Knowledge Retrieval,3,2,4,1,2,4,1,3,2,1,3,4,7,4,7,5,40,2,55,3,1,1,1,1,-0.5,2.5,-8,45,100,100,100,100,7,4,7,5,1,1,"Paying customers run it on production models, and it generates annual recurring revenue.","Its industrial certification is still in testing, and its first module is installing on a pilot line this quarter.",An independent certification firm has completed an audit of its extraction accuracy and verified a benchmark lead.,Its most advanced customer engagement is a pilot in two practice groups at a law firm.,244.7,271.1,437.8,414.2,244.624,271.119,438.671,414.36,14,14,14,14,TRUE,TRUE,TRUE,TRUE,FALSE,FALSE,FALSE,FALSE,1,FALSE,1,35,Male,16,"Other, Crowdfunding, Venture Capital fund, Private Equity fund, Options, Angel syndicate, ETF or ETC, Government Bonds, Stock Market, Unit trusts",Other,United Kingdom,United Kingdom,Full-Time,No,Evaluating whether information presentation affects the way one perceives information. The random order at the end and a similar design of a couple of them indicates you might look at whether association forms in the reader's mind.,2161,1600,855
521,disclosure,6,5,hq_first,1,3,2,4,Pulsegrid,Sentyl,Paperloom,Axonmesh,dff2e369,90a19744,081e5fb5,c7e2221f,AI Observability,AI Security,Document Automation,Robotics Orchestration,2,4,1,3,1,2,4,3,1,3,4,2,6,3,7,5,25,0,50,25,1,1,0,1,-1.5,2.5,-25,25,29,22,88,61,6,3,7,5,1,1,"Paying customers run it on production models, and it generates annual recurring revenue.",Its SOC 2 Type II audit is scheduled but has not yet taken place.,An independent benchmark of its extraction accuracy is in progress but not yet finished.,Its deployment to date is one pilot fleet running daily at a single design partner's warehouse.,112.6,80.6,93.2,113.5,112.589,80.694,93.3,113.594,14,14,14,14,TRUE,TRUE,TRUE,TRUE,FALSE,FALSE,FALSE,FALSE,1,FALSE,1,29,Male,0,"ETF or ETC, Stock Market, Crowdfunding",White,Germany,Germany,Part-Time,No,how people make investment decisions about things they dont understand,842,1027,1093
522,disclosure_explanation,7,7,hq_first,1,3,2,4,Sentyl,Servora,Axonmesh,Curato,bcd14e91,e55a120c,e6065b1a,14efa601,AI Security,AI Inference Infrastructure,Robotics Orchestration,AI Training Data,1,3,2,4,3,1,4,2,4,3,2,1,7,7,7,3,70,0,30,0,0,1,1,1,2,2,20,50,100,100,63,32,7,7,7,3,1,1,It has decided to defer formal security audits until after this funding round.,Its patent filing is a provisional application that is still pending.,"Live fleets already coordinate robots in production at customer sites, billing recurring revenue.","Its founders are building Curato part-time alongside their current jobs, with the advisory board still forming.",692.3,274.6,266.5,283.5,705.487,274.784,401.318,286.863,14,14,14,14,TRUE,TRUE,TRUE,TRUE,FALSE,FALSE,FALSE,FALSE,2,FALSE,1,46,Female,0,"Stock Market, Crowdfunding",White,United States,United States,Full-Time,No,I think this study was about how various details about a venture affects the average person's interest in investing.,2208,1874,922
524,disclosure,3,4,hq_first,1,3,2,4,Foliant,Paperloom,Pulsegrid,Sentyl,46c0bf32,84f4d358,f5bfffe5,bfc6f4d0,Enterprise Knowledge Retrieval,Document Automation,AI Observability,AI Security,1,4,2,3,2,3,4,1,4,1,2,3,3,4,3,3,0,100,0,0,1,1,1,1,0.5,-0.5,50,-50,29,56,27,23,3,4,3,3,2,2,A bank customer has rolled Foliant out organization-wide after a successful pilot.,An independent benchmark of its extraction accuracy is in progress but not yet finished.,"Paying customers run it on production models, and it generates annual recurring revenue.",Its SOC 2 Type II audit is scheduled but has not yet taken place.,53.6,13.8,28.4,43.4,53.549,13.644,28.527,43.458,14,14,12,14,TRUE,TRUE,TRUE,TRUE,FALSE,FALSE,FALSE,FALSE,2,FALSE,1,26,Male,1,"ETF or ETC, Government Bonds, Stock Market, Crowdfunding",Asian,United States,Korea,Other,Maybe a little,"Honestly Im not sure maybe the best pitch deck for an AI company? Also I have to say man, I read all the slides and those questions for follow-up were still almost impossible to remember or recall from the slides because of how much technical jargon and strange language there was. It was all hard to understand and not easy to remember for me",362,1440,812
525,disclosure,4,15,lq_first,3,1,4,2,Servora,Sentyl,Curato,Axonmesh,737deb7d,90a19744,cbc833b1,c7e2221f,AI Inference Infrastructure,AI Security,AI Training Data,Robotics Orchestration,3,2,4,1,2,1,3,4,4,3,1,2,7,3,5,5,60,0,40,0,1,1,1,1,0,2,10,50,78,72,42,73,7,3,5,5,1,6,"Its core patent has been granted, with further claims in prosecution.",Its SOC 2 Type II audit is scheduled but has not yet taken place.,Its founders built data infrastructure together at a leading AI-data company and left senior roles to work on Curato full-time.,Its deployment to date is one pilot fleet running daily at a single design partner's warehouse.,211.4,236.8,211.5,170.4,211.317,236.816,211.467,170.437,14,14,14,14,TRUE,TRUE,TRUE,TRUE,FALSE,FALSE,FALSE,FALSE,1,FALSE,1,31,Male,0,"ETF or ETC, Government Bonds, Stock Market, Options, Crowdfunding",White,United States,United States,NA,No,I think this study was about how people perceive different pitches about AI businesses.,1532,2552,1308
526,disclosure,5,1,hq_first,1,3,2,4,Servora,Ironhall,Curato,Foliant,737deb7d,3e0eedc2,cbc833b1,3eed90b1,AI Inference Infrastructure,Edge-AI Hardware,AI Training Data,Enterprise Knowledge Retrieval,1,4,2,3,2,3,1,4,1,3,4,2,7,5,4,5,55,10,10,25,1,1,1,1,1.5,0.5,15,15,83,96,9,0,7,5,4,5,1,1,"Its core patent has been granted, with further claims in prosecution.","Its industrial certification is still in testing, and its first module is installing on a pilot line this quarter.",Its founders built data infrastructure together at a leading AI-data company and left senior roles to work on Curato full-time.,Its most advanced customer engagement is a pilot in two practice groups at a law firm.,327.4,284.4,276.2,349.6,327.275,284.529,276.144,351.334,14,14,14,14,TRUE,TRUE,TRUE,TRUE,FALSE,FALSE,FALSE,FALSE,1,FALSE,1,47,Male,0,"Stock Market, Government Bonds, ETF or ETC, Crowdfunding",White,United States,United States,Full-Time,No,Seeing how visual design affects our decision as investors when we are told to ignore it.,1916,1920,919
529,disclosure,6,10,lq_first,3,1,4,2,Foliant,Curato,Pulsegrid,Ironhall,46c0bf32,37c0ca72,f5bfffe5,817f1201,Enterprise Knowledge Retrieval,AI Training Data,AI Observability,Edge-AI Hardware,4,2,3,1,1,4,2,3,2,1,3,4,7,5,5,3,45,20,20,15,1,1,1,1,2,2,15,15,100,91,31,0,7,5,5,3,1,1,A bank customer has rolled Foliant out organization-wide after a successful pilot.,"Its founders are building Curato part-time alongside their current jobs, with the advisory board still forming.","Paying customers run it on production models, and it generates annual recurring revenue.","Its industrial certification is still in testing, and its first module is installing on a pilot line this quarter.",689.9,328.2,422.5,222.1,689.964,328.148,422.377,222.047,14,14,14,14,TRUE,TRUE,TRUE,TRUE,FALSE,FALSE,FALSE,FALSE,3,FALSE,1,60,Male,0,"ETF or ETC, Stock Market, Crowdfunding, Other",White,United States,United States,Full-Time,No,"Considering the deluge of esoteric jargon, I imagine it to be an exercise in wading through the arcana for usable tidbits on which to try to make one's best educated guess on relative project viability.",2589,3298,1203
530,control,1,15,lq_first,3,1,4,2,Servora,Sentyl,Curato,Axonmesh,737deb7d,90a19744,cbc833b1,c7e2221f,AI Inference Infrastructure,AI Security,AI Training Data,Robotics Orchestration,3,2,4,1,3,1,4,2,1,4,2,3,1,1,1,1,0,0,0,100,1,0,0,1,0,0,-50,-50,0,0,0,0,1,1,1,1,2,1,"Its core patent has been granted, with further claims in prosecution.","It has completed a SOC 2 Type II audit, with the report available in its data room.","Its founders are building Curato part-time alongside their current jobs, with the advisory board still forming.",Its deployment to date is one pilot fleet running daily at a single design partner's warehouse.,41.8,51,38.5,72.4,41.966,50.991,38.581,72.204,14,14,14,14,TRUE,TRUE,TRUE,TRUE,FALSE,FALSE,FALSE,FALSE,1,FALSE,1,73,Male,40,"Stock Market, Unit trusts, Options, Private Equity fund",White,United Kingdom,United Kingdom,Full-Time,No,scenario evaluation,586,1792,1000
531,disclosure_explanation,8,10,lq_first,3,1,4,2,Foliant,Curato,Pulsegrid,Ironhall,46c0bf32,37c0ca72,f5bfffe5,817f1201,Enterprise Knowledge Retrieval,AI Training Data,AI Observability,Edge-AI Hardware,4,2,3,1,2,3,4,1,1,3,2,4,7,1,5,3,50,0,45,5,1,1,1,1,0,4,0,45,85,25,13,28,7,1,5,3,1,1,A bank customer has rolled Foliant out organization-wide after a successful pilot.,"Its founders are building Curato part-time alongside their current jobs, with the advisory board still forming.","Paying customers run it on production models, and it generates annual recurring revenue.","Its industrial certification is still in testing, and its first module is installing on a pilot line this quarter.",148.5,185.6,180.9,316.1,149.768,185.662,180.787,581.829,14,14,14,14,TRUE,TRUE,TRUE,TRUE,FALSE,FALSE,FALSE,FALSE,1,FALSE,1,37,Female,3,"ETF or ETC, Government Bonds, Stock Market, Crowdfunding, Other",White,United States,United States,NA,Maybe a little,How individuals perceive different companies worth,1395,1280,631
532,disclosure_explanation,8,2,hq_first,1,3,2,4,Curato,Foliant,Ironhall,Pulsegrid,6b81ec39,08321160,87b7dfe9,e7f29679,AI Training Data,Enterprise Knowledge Retrieval,Edge-AI Hardware,AI Observability,1,4,2,3,3,1,2,4,2,3,4,1,4,5,6,5,20,20,40,20,1,1,1,0,-1,0,-10,10,55,61,84,67,4,5,6,5,5,6,Its founders built data infrastructure together at a leading AI-data company and left senior roles to work on Curato full-time.,Its most advanced customer engagement is a pilot in two practice groups at a law firm.,Its module has passed independent industrial certification and already runs on live production lines.,"Paying customers run it on production models, and it generates annual recurring revenue.",213.8,33.2,38,42.9,222.276,33.055,38.074,42.612,14,14,14,14,TRUE,TRUE,TRUE,TRUE,FALSE,FALSE,FALSE,FALSE,1,FALSE,1,50,Female,0,"Don't know/Rather not say, Crowdfunding, Other",White,Germany,Russian Federation,Other,Maybe a little,"Not sure, maybe about the density and retention of important info from pitch decks?",792,1440,812
533,control,1,16,lq_first,3,1,4,2,Curato,Axonmesh,Ironhall,Servora,6b81ec39,4fe27fae,87b7dfe9,e06655dc,AI Training Data,Robotics Orchestration,Edge-AI Hardware,AI Inference Infrastructure,3,2,4,1,1,4,2,3,2,3,4,1,4,3,6,6,10,30,30,30,1,1,1,1,-2.5,0.5,-10,-10,66,26,65,20,4,3,6,6,2,5,Its founders built data infrastructure together at a leading AI-data company and left senior roles to work on Curato full-time.,Its deployment to date is one pilot fleet running daily at a single design partner's warehouse.,Its module has passed independent industrial certification and already runs on live production lines.,Its patent filing is a provisional application that is still pending.,324.9,107.2,267.7,377.6,326.088,107.19,267.818,377.498,14,1,14,14,TRUE,TRUE,TRUE,TRUE,FALSE,FALSE,FALSE,FALSE,1,FALSE,1,61,Female,9,"ETF or ETC, Stock Market, Crowdfunding",Black,United States,United States,Other,No,Determining the viability of start-up ventures through pitch-decks.,1788,1530,720
535,disclosure,3,9,lq_first,3,1,4,2,Ironhall,Servora,Foliant,Curato,b5fef669,e55a120c,fa1fe22c,14efa601,Edge-AI Hardware,AI Inference Infrastructure,Enterprise Knowledge Retrieval,AI Training Data,3,1,4,2,2,1,4,3,3,1,2,4,6,5,5,3,70,15,5,10,1,1,1,1,1.5,1.5,35,25,88,17,69,8,6,5,5,3,1,1,Its module has passed independent industrial certification and already runs on live production lines.,Its patent filing is a provisional application that is still pending.,A bank customer has rolled Foliant out organization-wide after a successful pilot.,"Its founders are building Curato part-time alongside their current jobs, with the advisory board still forming.",195.4,348.9,227.1,177,195.626,348.743,227.161,176.898,14,14,14,14,TRUE,TRUE,TRUE,TRUE,FALSE,FALSE,FALSE,FALSE,1,FALSE,1,43,Male,1,"Government Bonds, Stock Market, Angel syndicate, Private Equity fund, Crowdfunding",White,United Kingdom,United Kingdom,Full-Time,No,How design subconsciously influences our decisions.,1357,1920,911
537,disclosure,3,9,lq_first,3,1,4,2,Ironhall,Servora,Foliant,Curato,b5fef669,e55a120c,fa1fe22c,14efa601,Edge-AI Hardware,AI Inference Infrastructure,Enterprise Knowledge Retrieval,AI Training Data,4,2,3,1,4,1,2,3,2,4,1,3,6,5,2,1,50,10,30,10,1,0,0,1,4,1,10,30,83,75,9,2,6,5,2,1,6,7,Its module has passed independent industrial certification and already runs on live production lines.,"Its core patent has been granted, with further claims in prosecution.",Its deployments run exclusively inside the founders' former employer.,"Its founders are building Curato part-time alongside their current jobs, with the advisory board still forming.",574.8,796,652.1,243.8,574.745,802.382,652.095,243.915,14,14,14,14,TRUE,TRUE,TRUE,TRUE,FALSE,FALSE,FALSE,FALSE,1,FALSE,1,40,Female,0,"ETF or ETC, Stock Market, Venture Capital fund",Asian,United States,Japan,Unemployed (and job seeking),Maybe a little,How the investment decision will be made based on the information on there docks.,3312,1320,650
540,disclosure,6,3,hq_first,1,3,2,4,Ironhall,Pulsegrid,Foliant,Paperloom,b5fef669,2055e10c,fa1fe22c,e20d4e90,Edge-AI Hardware,AI Observability,Enterprise Knowledge Retrieval,Document Automation,1,3,2,4,2,1,4,3,2,1,3,4,5,3,2,3,100,0,0,0,1,1,0,0,1.5,0.5,50,50,77,25,5,36,5,3,2,3,4,3,Its module has passed independent industrial certification and already runs on live production lines.,"It is pre-revenue, with an open-beta cohort scheduled to start next month.",Its deployments run exclusively inside the founders' former employer.,An independent certification firm has completed an audit of its extraction accuracy and verified a benchmark lead.,105.6,35.7,56.6,37.5,105.729,35.758,56.512,37.544,14,14,14,14,TRUE,TRUE,TRUE,TRUE,FALSE,FALSE,FALSE,FALSE,2,FALSE,1,29,Male,0,"ETF or ETC, Government Bonds, Stock Market, Private Equity fund, Options, Unit trusts, Other",Asian,Canada,Canada,Full-Time,No,I think this study was about collecting opinions from real people about an AI that can create slide decks for venture ideas.,1016,1920,963
542,disclosure,2,4,hq_first,1,3,2,4,Foliant,Paperloom,Pulsegrid,Sentyl,46c0bf32,84f4d358,f5bfffe5,bfc6f4d0,Enterprise Knowledge Retrieval,Document Automation,AI Observability,AI Security,1,4,2,3,4,2,3,1,2,3,1,4,4,4,6,5,40,30,10,20,1,1,1,1,-1.5,0.5,20,0,83,83,12,11,4,4,6,5,7,7,A bank customer has rolled Foliant out organization-wide after a successful pilot.,An independent benchmark of its extraction accuracy is in progress but not yet finished.,"Paying customers run it on production models, and it generates annual recurring revenue.",Its SOC 2 Type II audit is scheduled but has not yet taken place.,537.1,123.8,310.7,146.7,537.033,123.7,310.786,146.701,14,14,14,14,TRUE,TRUE,TRUE,TRUE,FALSE,FALSE,FALSE,FALSE,1,FALSE,1,32,Male,3,"ETF or ETC, Stock Market, Government Bonds, Private Equity fund",Asian,India,India,Full-Time,Maybe a little,"I feel the study was about how well a pitch is presented will influence the viewers / investors. Even though 2 AI based pitches had content with higher potential, their presentation style was a mess making them less attractive.",1901,1868,968
543,disclosure,5,12,lq_first,3,1,4,2,Paperloom,Foliant,Sentyl,Pulsegrid,340b9ba1,08321160,0566fd88,e7f29679,Document Automation,Enterprise Knowledge Retrieval,AI Security,AI Observability,4,1,3,2,2,4,1,3,2,1,3,4,5,2,6,3,20,5,70,5,1,1,0,1,-1,3,-25,40,42,8,64,33,5,2,6,3,1,1,An independent certification firm has completed an audit of its extraction accuracy and verified a benchmark lead.,Its most advanced customer engagement is a pilot in two practice groups at a law firm.,Its SOC 2 Type II audit is scheduled but has not yet taken place.,"It is pre-revenue, with an open-beta cohort scheduled to start next month.",134.1,171.2,132.9,178.1,134.214,171.149,132.701,178.144,14,14,14,14,TRUE,TRUE,TRUE,TRUE,FALSE,FALSE,FALSE,FALSE,1,FALSE,1,41,Female,2,Private Equity fund,White,United Kingdom,United Kingdom,Full-Time,No,"How graphic design subconsciously affects our ability to process information from a pitch deck, even when we try to ignore it.",1078,1680,928
544,disclosure,4,7,hq_first,1,3,2,4,Sentyl,Servora,Axonmesh,Curato,bcd14e91,e55a120c,e6065b1a,14efa601,AI Security,AI Inference Infrastructure,Robotics Orchestration,AI Training Data,1,3,2,4,4,3,1,2,2,3,4,1,3,5,3,5,35,10,40,15,0,0,1,1,0,-2,-5,25,54,66,8,15,3,5,3,5,1,2,It has decided to defer formal security audits until after this funding round.,"Its core patent has been granted, with further claims in prosecution.","Live fleets already coordinate robots in production at customer sites, billing recurring revenue.","Its founders are building Curato part-time alongside their current jobs, with the advisory board still forming.",109.7,111.1,102.6,100.6,128.198,111.297,111.795,100.521,14,14,14,14,TRUE,TRUE,TRUE,TRUE,FALSE,FALSE,FALSE,FALSE,1,FALSE,1,44,Female,1,"ETF or ETC, Government Bonds, Stock Market, Venture Capital fund",Asian,United States,Korea,Full-Time,Maybe a little,It may be to assess perceptions of design elements in presentations in connection with the company's value.,954,1527,1023
546,control,1,11,lq_first,3,1,4,2,Pulsegrid,Ironhall,Paperloom,Foliant,dff2e369,3e0eedc2,081e5fb5,3eed90b1,AI Observability,Edge-AI Hardware,Document Automation,Enterprise Knowledge Retrieval,3,1,4,2,2,1,4,3,4,2,1,3,6,6,7,5,20,30,35,15,0,1,1,0,0,1,0,5,88,80,100,81,6,6,7,5,5,6,Its revenue comes chiefly from paid consulting and integration projects.,"Its industrial certification is still in testing, and its first module is installing on a pilot line this quarter.",An independent certification firm has completed an audit of its extraction accuracy and verified a benchmark lead.,Its deployments run exclusively inside the founders' former employer.,92.6,136.8,176.4,207.3,92.528,136.769,176.37,207.002,14,14,14,14,TRUE,TRUE,TRUE,TRUE,FALSE,FALSE,FALSE,FALSE,1,FALSE,1,50,Male,6,"Stock Market, Government Bonds, Private Equity fund",White,United States,United States,Full-Time,No,Evaluating feasibility of potential business ideas.,1216,1366,641
547,disclosure_explanation,8,16,lq_first,3,1,4,2,Curato,Axonmesh,Ironhall,Servora,6b81ec39,4fe27fae,87b7dfe9,e06655dc,AI Training Data,Robotics Orchestration,Edge-AI Hardware,AI Inference Infrastructure,3,2,4,1,1,3,4,2,2,1,4,3,6,5,6,3,20,0,80,0,1,1,1,1,1,2,-30,50,84,100,10,0,6,5,6,3,1,1,Its founders built data infrastructure together at a leading AI-data company and left senior roles to work on Curato full-time.,Its deployment to date is one pilot fleet running daily at a single design partner's warehouse.,Its module has passed independent industrial certification and already runs on live production lines.,Its patent filing is a provisional application that is still pending.,164.3,150.8,181.7,175.9,164.326,263.139,181.818,268.127,14,14,14,14,TRUE,TRUE,TRUE,TRUE,FALSE,FALSE,FALSE,FALSE,1,FALSE,1,46,Male,2,"Stock Market, Private Equity fund, Crowdfunding",White,United Kingdom,United Kingdom,Part-Time,No,I think that the study was about how people interpret potential success of new businesses and products based on information presented about them and their potential future growth.,1242,1920,1077
548,disclosure,6,8,hq_first,1,3,2,4,Axonmesh,Curato,Servora,Ironhall,f36cc003,37c0ca72,574d1367,817f1201,Robotics Orchestration,AI Training Data,AI Inference Infrastructure,Edge-AI Hardware,2,4,1,3,3,2,4,1,2,4,3,1,6,2,3,3,60,0,20,20,0,0,1,1,1,2,10,30,58,68,41,62,6,2,3,3,1,1,Its deployment to date is one pilot fleet running daily at a single design partner's warehouse.,"An outside CEO was hired to lead the company, with the founders in technical roles.","Its core patent has been granted, with further claims in prosecution.","Its industrial certification is still in testing, and its first module is installing on a pilot line this quarter.",172.8,196.4,204,224.9,172.789,196.24,203.941,224.914,14,14,14,14,TRUE,TRUE,TRUE,TRUE,FALSE,FALSE,FALSE,FALSE,1,FALSE,1,39,Male,6,"ETF or ETC, Government Bonds, Stock Market, Options, Venture Capital fund",White,United States,United States,Full-Time,No,"The ability for people to retain important bits of information when being fed a lot of information at once.  Possibly also, how the information is presented.",1313,1536,695
549,disclosure,2,14,lq_first,3,1,4,2,Axonmesh,Paperloom,Servora,Sentyl,f36cc003,84f4d358,574d1367,bfc6f4d0,Robotics Orchestration,Document Automation,AI Inference Infrastructure,AI Security,4,2,3,1,1,4,3,2,2,3,4,1,4,5,5,5,10,15,35,40,1,0,0,0,-0.5,-0.5,-25,-5,34,40,14,27,4,5,5,5,1,1,"Live fleets already coordinate robots in production at customer sites, billing recurring revenue.",An independent certification firm has completed an audit of its extraction accuracy and verified a benchmark lead.,Its patent filing is a provisional application that is still pending.,"It has completed a SOC 2 Type II audit, with the report available in its data room.",134.6,68.8,48.5,87.7,134.568,68.416,48.442,87.416,14,14,14,14,TRUE,TRUE,TRUE,TRUE,FALSE,FALSE,FALSE,FALSE,2,FALSE,1,54,Female,0,"Private Equity fund, Venture Capital fund",White,United States,United States,Part-Time,No,I don't know,1133,1400,791
551,disclosure_explanation,7,12,lq_first,3,1,4,2,Paperloom,Foliant,Sentyl,Pulsegrid,340b9ba1,08321160,0566fd88,e7f29679,Document Automation,Enterprise Knowledge Retrieval,AI Security,AI Observability,3,1,4,2,2,3,1,4,2,1,3,4,7,6,4,7,35,15,10,40,1,1,1,1,1,-1,0,-5,99,90,89,97,7,6,4,7,2,2,An independent certification firm has completed an audit of its extraction accuracy and verified a benchmark lead.,Its most advanced customer engagement is a pilot in two practice groups at a law firm.,"It has completed a SOC 2 Type II audit, with the report available in its data room.","It is pre-revenue, with an open-beta cohort scheduled to start next month.",191.9,216.1,187,255.2,191.968,215.917,191.72,259.624,14,14,14,14,TRUE,TRUE,TRUE,TRUE,FALSE,FALSE,FALSE,FALSE,1,FALSE,1,31,Male,5,"ETF or ETC, Stock Market, Private Equity fund, Crowdfunding, Government Bonds",White,United States,United States,Full-Time,No,TO see if people can pick out successful companies from a group.,1431,1280,585
552,disclosure_explanation,8,10,lq_first,3,1,4,2,Foliant,Curato,Pulsegrid,Ironhall,46c0bf32,37c0ca72,f5bfffe5,817f1201,Enterprise Knowledge Retrieval,AI Training Data,AI Observability,Edge-AI Hardware,3,2,4,1,3,2,1,4,2,4,1,3,7,4,7,6,60,5,15,20,1,0,0,1,-1,2,15,25,100,88,96,100,7,4,7,6,6,6,A bank customer has rolled Foliant out organization-wide after a successful pilot.,Its founders built data infrastructure together at a leading AI-data company and left senior roles to work on Curato full-time.,Its revenue comes chiefly from paid consulting and integration projects.,"Its industrial certification is still in testing, and its first module is installing on a pilot line this quarter.",201.2,394.9,296.4,128.6,201.271,395.021,296.081,128.477,14,14,14,14,TRUE,TRUE,TRUE,TRUE,FALSE,FALSE,FALSE,FALSE,2,FALSE,1,38,Male,10,"ETF or ETC, Government Bonds, Stock Market, Crowdfunding, Options",Mixed,United States,United States,Unemployed (and job seeking),No,how well we can pay attention to the task and not be distracted by a bunch of data that isn't relevant to what we are necessarily doing,1613,2560,1271
553,disclosure,5,1,hq_first,1,3,2,4,Servora,Ironhall,Curato,Foliant,737deb7d,3e0eedc2,cbc833b1,3eed90b1,AI Inference Infrastructure,Edge-AI Hardware,AI Training Data,Enterprise Knowledge Retrieval,1,4,2,3,1,4,3,2,1,3,4,2,6,6,5,3,80,20,0,0,1,1,1,1,2,1,50,30,87,100,26,28,6,6,5,3,1,1,"Its core patent has been granted, with further claims in prosecution.","Its industrial certification is still in testing, and its first module is installing on a pilot line this quarter.",Its founders built data infrastructure together at a leading AI-data company and left senior roles to work on Curato full-time.,Its most advanced customer engagement is a pilot in two practice groups at a law firm.,180.4,149.3,107.2,105.8,180.248,149.103,107.308,105.808,14,14,14,14,TRUE,TRUE,TRUE,TRUE,FALSE,FALSE,FALSE,FALSE,1,FALSE,1,31,Male,2,"Stock Market, Crowdfunding",White,United Kingdom,United Kingdom,Full-Time,No,"How design impacts how people interpret slides and information. And how that information is displayed, impacts investments.",887,1280,551
554,disclosure,2,3,hq_first,1,3,2,4,Ironhall,Pulsegrid,Foliant,Paperloom,b5fef669,2055e10c,fa1fe22c,e20d4e90,Edge-AI Hardware,AI Observability,Enterprise Knowledge Retrieval,Document Automation,1,3,2,4,2,1,3,4,2,1,4,3,5,6,5,5,25,25,25,25,1,1,0,0,0.5,-0.5,0,0,51,50,51,52,5,6,5,5,6,7,Its module has passed independent industrial certification and already runs on live production lines.,"It is pre-revenue, with an open-beta cohort scheduled to start next month.",Its most advanced customer engagement is a pilot in two practice groups at a law firm.,An independent certification firm has completed an audit of its extraction accuracy and verified a benchmark lead.,271.5,236.4,495.6,123.7,271.399,236.499,495.486,123.767,14,14,14,14,TRUE,TRUE,TRUE,TRUE,FALSE,FALSE,FALSE,FALSE,2,FALSE,1,53,Male,17,"Government Bonds, Options, Venture Capital fund, Crowdfunding",White,United States,United States,Part-Time,No,It was a good study,2108,1920,953
556,disclosure_explanation,7,12,lq_first,3,1,4,2,Paperloom,Foliant,Sentyl,Pulsegrid,340b9ba1,08321160,0566fd88,e7f29679,Document Automation,Enterprise Knowledge Retrieval,AI Security,AI Observability,3,1,4,2,1,4,2,3,2,3,4,1,7,4,6,3,40,15,35,10,1,1,1,1,1,3,5,25,100,54,13,16,7,4,6,3,1,1,An independent certification firm has completed an audit of its extraction accuracy and verified a benchmark lead.,Its most advanced customer engagement is a pilot in two practice groups at a law firm.,"It has completed a SOC 2 Type II audit, with the report available in its data room.","It is pre-revenue, with an open-beta cohort scheduled to start next month.",416.3,551.9,366.3,469.1,416.519,551.926,366.171,469.306,14,14,14,14,TRUE,TRUE,TRUE,TRUE,FALSE,FALSE,FALSE,FALSE,1,FALSE,1,47,Male,10,"Crowdfunding, Private Equity fund",White,Brazil,Brazil,Unemployed (and job seeking),Maybe a little,"To compare 4 pitches of early stage tech companies, looking for investors.
But behind the scenes, I believe the meaning is to evaluate how founders profile, backgroud and dedication would affect the decision making.",2584,1280,593
558,disclosure_explanation,8,13,lq_first,3,1,4,2,Sentyl,Pulsegrid,Axonmesh,Paperloom,bcd14e91,2055e10c,e6065b1a,e20d4e90,AI Security,AI Observability,Robotics Orchestration,Document Automation,3,1,4,2,3,1,2,4,1,3,2,4,5,4,6,5,20,20,10,50,0,0,1,0,-1,1,-10,-20,53,41,70,42,5,4,6,5,6,6,It has decided to defer formal security audits until after this funding round.,"Paying customers run it on production models, and it generates annual recurring revenue.","Live fleets already coordinate robots in production at customer sites, billing recurring revenue.","It does not permit external accuracy audits, citing customer confidentiality.",49.6,58.9,40.7,49.3,49.533,58.783,40.668,49.255,14,14,14,14,TRUE,TRUE,TRUE,TRUE,FALSE,FALSE,FALSE,FALSE,2,FALSE,1,50,Female,1,"Stock Market, Private Equity fund",White,United States,United States,Part-Time,No,ai investments,634,1272,588
560,disclosure,4,5,hq_first,1,3,2,4,Pulsegrid,Sentyl,Paperloom,Axonmesh,dff2e369,90a19744,081e5fb5,c7e2221f,AI Observability,AI Security,Document Automation,Robotics Orchestration,1,4,2,3,1,2,3,4,1,4,2,3,6,6,3,4,16,18,58,8,0,1,1,1,2.5,-0.5,-16,24,79,83,33,46,6,6,3,4,3,4,Its revenue comes chiefly from paid consulting and integration projects.,Its SOC 2 Type II audit is scheduled but has not yet taken place.,An independent certification firm has completed an audit of its extraction accuracy and verified a benchmark lead.,Its deployment to date is one pilot fleet running daily at a single design partner's warehouse.,201.6,97.6,315.7,224.1,201.39,97.565,315.551,224.038,14,14,14,14,TRUE,TRUE,TRUE,TRUE,FALSE,FALSE,FALSE,FALSE,1,FALSE,1,28,Male,3,Crowdfunding,White,Canada,United States,Part-Time,No,To see if visual formats had a relationship to how investors would rate companies subconsciously.,1452,1536,730
561,disclosure,2,2,hq_first,1,3,2,4,Curato,Foliant,Ironhall,Pulsegrid,6b81ec39,08321160,87b7dfe9,e7f29679,AI Training Data,Enterprise Knowledge Retrieval,Edge-AI Hardware,AI Observability,1,3,2,4,1,2,4,3,4,3,2,1,5,5,5,4,24,14,35,27,0,0,0,1,0.5,0.5,-12,9,58,38,72,28,5,5,5,4,4,1,"An outside CEO was hired to lead the company, with the founders in technical roles.",A bank customer has rolled Foliant out organization-wide after a successful pilot.,Its module failed an initial certification audit and is being redesigned.,"It is pre-revenue, with an open-beta cohort scheduled to start next month.",205.6,120.3,46.6,78.1,205.432,120.209,50.228,78.18,14,14,14,14,TRUE,TRUE,TRUE,TRUE,FALSE,FALSE,FALSE,FALSE,1,FALSE,1,28,Female,5,"ETF or ETC, Stock Market, Private Equity fund",White,United Kingdom,United Kingdom,Full-Time,No,Understanding how we would invest in AI ventures,955,1280,632
565,disclosure,4,7,hq_first,1,3,2,4,Sentyl,Servora,Axonmesh,Curato,bcd14e91,e55a120c,e6065b1a,14efa601,AI Security,AI Inference Infrastructure,Robotics Orchestration,AI Training Data,2,4,1,3,1,2,4,3,2,3,1,4,6,5,4,4,30,20,30,20,0,1,0,0,1.5,0.5,0,10,10,15,11,0,6,5,4,4,4,4,Its compliance certifications are inherited from its cloud hosting provider.,Its patent filing is a provisional application that is still pending.,Its deployment to date is one pilot fleet running daily at a single design partner's warehouse.,Its founders built data infrastructure together at a leading AI-data company and left senior roles to work on Curato full-time.,171.7,179.4,58,38.1,171.75,179.546,58.094,38.157,14,14,14,5,TRUE,TRUE,TRUE,TRUE,FALSE,FALSE,FALSE,FALSE,2,FALSE,1,75,Female,7,"Stock Market, Private Equity fund, Venture Capital fund",Other,United States,United States,Part-Time,No,Retaining memory.,877,1280,593
566,disclosure,3,12,lq_first,3,1,4,2,Paperloom,Foliant,Sentyl,Pulsegrid,340b9ba1,08321160,0566fd88,e7f29679,Document Automation,Enterprise Knowledge Retrieval,AI Security,AI Observability,4,2,3,1,3,1,2,4,3,2,1,4,4,5,3,3,60,30,0,10,0,1,1,1,1.5,-0.5,40,10,59,44,4,3,4,5,3,3,3,6,An independent benchmark of its extraction accuracy is in progress but not yet finished.,Its most advanced customer engagement is a pilot in two practice groups at a law firm.,"It has completed a SOC 2 Type II audit, with the report available in its data room.","It is pre-revenue, with an open-beta cohort scheduled to start next month.",131.6,129.1,138.3,102.6,131.592,129.215,138.228,102.48,14,14,14,14,TRUE,TRUE,TRUE,TRUE,FALSE,FALSE,FALSE,FALSE,2,FALSE,1,44,Female,5,"ETF or ETC, Government Bonds, Stock Market, Private Equity fund, Venture Capital fund, Crowdfunding",White,United States,United States,Full-Time,No,Proably about how a terrible slide deck can ruin a perfectly good proposal.,950,1920,1065
567,disclosure_explanation,7,9,lq_first,3,1,4,2,Ironhall,Servora,Foliant,Curato,b5fef669,e55a120c,fa1fe22c,14efa601,Edge-AI Hardware,AI Inference Infrastructure,Enterprise Knowledge Retrieval,AI Training Data,4,1,3,2,2,4,3,1,2,4,1,3,7,4,6,4,40,10,30,20,1,0,1,1,0.5,2.5,0,20,91,64,7,27,7,4,6,4,1,1,Its module has passed independent industrial certification and already runs on live production lines.,Its technology is patented by a university and licensed to the company exclusively.,A bank customer has rolled Foliant out organization-wide after a successful pilot.,"Its founders are building Curato part-time alongside their current jobs, with the advisory board still forming.",136.5,219.3,195,180.5,154.286,219.357,226.26,199.301,14,14,14,14,TRUE,TRUE,TRUE,TRUE,FALSE,FALSE,FALSE,FALSE,1,FALSE,1,68,Female,6,Crowdfunding,White,France,Netherlands,Other,No,"To determine if my opinions are influenced by the design of what is hown and if I am more inclined to invest in a ""good looking design"" website.",1361,1280,551
568,disclosure_explanation,7,6,hq_first,1,3,2,4,Paperloom,Axonmesh,Sentyl,Servora,340b9ba1,4fe27fae,0566fd88,e06655dc,Document Automation,Robotics Orchestration,AI Security,AI Inference Infrastructure,1,3,2,4,1,2,4,3,3,1,4,2,3,3,5,6,0,0,50,50,1,1,0,1,-2.5,-0.5,-50,0,93,69,20,17,3,3,5,6,1,1,An independent certification firm has completed an audit of its extraction accuracy and verified a benchmark lead.,Its deployment to date is one pilot fleet running daily at a single design partner's warehouse.,Its compliance certifications are inherited from its cloud hosting provider.,Its patent filing is a provisional application that is still pending.,181.3,49.9,66,57.9,181.196,49.819,65.988,57.846,14,14,14,14,TRUE,TRUE,TRUE,TRUE,FALSE,FALSE,FALSE,FALSE,1,FALSE,1,34,Male,10,"Options, Private Equity fund, Other",Asian,United Kingdom,India,Full-Time,Yes,This study requires significant effort and can be made much simpler,934,1138,621
569,disclosure,6,4,hq_first,1,3,2,4,Foliant,Paperloom,Pulsegrid,Sentyl,46c0bf32,84f4d358,f5bfffe5,bfc6f4d0,Enterprise Knowledge Retrieval,Document Automation,AI Observability,AI Security,2,4,1,3,4,1,3,2,3,2,4,1,6,6,7,4,30,15,50,5,0,0,0,1,0.5,1.5,-5,30,78,63,93,22,6,6,7,4,5,7,A national government agency is its anchor customer.,An independent certification firm has completed an audit of its extraction accuracy and verified a benchmark lead.,Its revenue comes chiefly from paid consulting and integration projects.,Its SOC 2 Type II audit is scheduled but has not yet taken place.,130.9,54.3,74,72.5,130.943,54.334,73.996,72.547,14,14,14,14,TRUE,TRUE,TRUE,TRUE,FALSE,FALSE,FALSE,FALSE,3,FALSE,1,56,Male,3,"Stock Market, Options, Venture Capital fund, Crowdfunding",White,United States,United States,Full-Time,No,I think the study was really looking to see if people can retain facts from information provided to them.,824,2065,1002
570,disclosure,2,14,lq_first,3,1,4,2,Axonmesh,Paperloom,Servora,Sentyl,f36cc003,84f4d358,574d1367,bfc6f4d0,Robotics Orchestration,Document Automation,AI Inference Infrastructure,AI Security,3,2,4,1,3,4,2,1,4,3,2,1,3,2,7,4,10,20,40,30,0,0,0,0,-3,2,-20,0,82,90,88,11,3,2,7,4,1,3,Its deployment to date is one pilot fleet running daily at a single design partner's warehouse.,An independent certification firm has completed an audit of its extraction accuracy and verified a benchmark lead.,Its technology is patented by a university and licensed to the company exclusively.,"It has completed a SOC 2 Type II audit, with the report available in its data room.",59.3,62.1,52.9,51.7,59.234,61.918,52.867,51.551,14,14,14,14,TRUE,TRUE,TRUE,TRUE,FALSE,FALSE,FALSE,FALSE,2,FALSE,1,33,Male,1,"ETF or ETC, Government Bonds, Stock Market, Crowdfunding, Other",Asian,Germany,India,Part-Time,No,Judging fictional AI business ventures.,1280,1536,739
571,disclosure_explanation,7,16,lq_first,3,1,4,2,Curato,Axonmesh,Ironhall,Servora,6b81ec39,4fe27fae,87b7dfe9,e06655dc,AI Training Data,Robotics Orchestration,Edge-AI Hardware,AI Inference Infrastructure,3,2,4,1,2,1,3,4,1,4,3,2,6,6,6,4,50,40,10,0,1,1,1,1,1,1,40,10,62,61,37,26,6,6,6,4,1,1,Its founders built data infrastructure together at a leading AI-data company and left senior roles to work on Curato full-time.,Its deployment to date is one pilot fleet running daily at a single design partner's warehouse.,Its module has passed independent industrial certification and already runs on live production lines.,Its patent filing is a provisional application that is still pending.,243.5,226.3,240.7,224.8,243.54,226.149,240.581,224.806,14,14,14,14,TRUE,TRUE,TRUE,TRUE,FALSE,FALSE,FALSE,FALSE,1,FALSE,1,64,Female,15,"ETF or ETC, Government Bonds, Stock Market, Private Equity fund, Venture Capital fund, Crowdfunding",White,United States,United States,Full-Time,No,"It had to be about my patience for being able to read very illegible, dark, poorly designed, important information, and how the design would affect my understanding and willingness to invest. I can think of no other reason for the poor quality and tiny font and greyscale background of two of them.",1319,1440,692
575,disclosure,3,15,lq_first,3,1,4,2,Servora,Sentyl,Curato,Axonmesh,737deb7d,90a19744,cbc833b1,c7e2221f,AI Inference Infrastructure,AI Security,AI Training Data,Robotics Orchestration,4,1,3,2,4,3,1,2,2,1,4,3,4,4,3,3,30,20,10,40,1,0,0,1,1,0,0,-10,51,30,45,36,4,4,3,3,3,3,"Its core patent has been granted, with further claims in prosecution.","It has completed a SOC 2 Type II audit, with the report available in its data room.","Its founders are building Curato part-time alongside their current jobs, with the advisory board still forming.",Its deployment to date is one pilot fleet running daily at a single design partner's warehouse.,37,18,74.1,195.9,36.946,17.857,73.907,473.848,14,14,14,14,TRUE,TRUE,TRUE,TRUE,FALSE,FALSE,FALSE,FALSE,1,FALSE,1,36,Female,4,"ETF or ETC, Stock Market, Private Equity fund, Crowdfunding, Venture Capital fund",Black,United Kingdom,United Kingdom,Full-Time,Maybe a little,Evaluate startup pitch decks using the 14 slides.,1950,1920,998
578,disclosure,2,16,lq_first,3,1,4,2,Curato,Axonmesh,Ironhall,Servora,6b81ec39,4fe27fae,87b7dfe9,e06655dc,AI Training Data,Robotics Orchestration,Edge-AI Hardware,AI Inference Infrastructure,3,2,4,1,2,4,1,3,4,2,3,1,5,5,4,3,35,40,15,10,1,1,1,1,1.5,0.5,25,0,67,67,20,13,5,5,4,3,1,1,Its founders built data infrastructure together at a leading AI-data company and left senior roles to work on Curato full-time.,Its deployment to date is one pilot fleet running daily at a single design partner's warehouse.,Its module has passed independent industrial certification and already runs on live production lines.,Its patent filing is a provisional application that is still pending.,37.9,51.2,42.5,63.7,37.868,51.065,50.102,73.754,14,14,14,14,TRUE,TRUE,TRUE,TRUE,FALSE,FALSE,FALSE,FALSE,2,FALSE,1,28,Male,2,"ETF or ETC, Government Bonds, Stock Market, Options, Crowdfunding",White,United States,United States,Full-Time,No,"I think this study was about trying to determine what factors in a new startup influence investor (potential investor I guess) trust, including what level of production the startup is at, the expertise behind it, and the real world application to this point.",816,1366,599
579,disclosure,5,10,lq_first,3,1,4,2,Foliant,Curato,Pulsegrid,Ironhall,46c0bf32,37c0ca72,f5bfffe5,817f1201,Enterprise Knowledge Retrieval,AI Training Data,AI Observability,Edge-AI Hardware,4,1,3,2,1,2,4,3,3,4,1,2,5,4,6,4,15,30,20,35,0,0,0,1,-0.5,1.5,-5,-15,81,9,56,62,5,4,6,4,2,3,Its most advanced customer engagement is a pilot in two practice groups at a law firm.,Its founders are academics who license the labelling technology from their university lab.,It charges model vendors for access to anonymized benchmark data.,"Its industrial certification is still in testing, and its first module is installing on a pilot line this quarter.",127.2,353.8,127.2,142.9,127.197,435.473,748.229,143.288,14,14,14,14,TRUE,TRUE,TRUE,TRUE,FALSE,FALSE,FALSE,FALSE,1,FALSE,1,28,Male,0,"ETF or ETC, Stock Market, Crowdfunding",White,Germany,Italy,Part-Time,Maybe a little,If designs influence the amount of information a person retains about specific presented topics.,1851,2560,1313
580,disclosure,2,10,lq_first,3,1,4,2,Foliant,Curato,Pulsegrid,Ironhall,46c0bf32,37c0ca72,f5bfffe5,817f1201,Enterprise Knowledge Retrieval,AI Training Data,AI Observability,Edge-AI Hardware,4,2,3,1,4,3,1,2,1,4,3,2,4,2,4,5,10,20,0,70,1,0,1,1,-1.5,0.5,-20,-40,35,12,9,20,4,2,4,5,1,1,A bank customer has rolled Foliant out organization-wide after a successful pilot.,Its founders built data infrastructure together at a leading AI-data company and left senior roles to work on Curato full-time.,"Paying customers run it on production models, and it generates annual recurring revenue.","Its industrial certification is still in testing, and its first module is installing on a pilot line this quarter.",19.1,141.4,113.4,5,19.029,141.462,113.472,4.957,9,14,14,9,TRUE,TRUE,TRUE,TRUE,FALSE,FALSE,FALSE,FALSE,1,FALSE,1,56,Male,1,"ETF or ETC, Government Bonds, Stock Market, Crowdfunding",White,United States,United States,"Not in paid work (e.g. homemaker', 'retired or disabled)",No,How people perceive jargon related to pitch decks. As well as understanding presentation tangibility.,580,1391,791
581,disclosure_explanation,7,11,lq_first,3,1,4,2,Pulsegrid,Ironhall,Paperloom,Foliant,dff2e369,3e0eedc2,081e5fb5,3eed90b1,AI Observability,Edge-AI Hardware,Document Automation,Enterprise Knowledge Retrieval,4,2,3,1,1,2,3,4,1,3,2,4,6,6,4,4,50,50,0,0,0,1,1,1,2,0,50,0,100,100,0,0,6,6,4,4,6,6,"It is pre-revenue, with an open-beta cohort scheduled to start next month.","Its industrial certification is still in testing, and its first module is installing on a pilot line this quarter.",An independent certification firm has completed an audit of its extraction accuracy and verified a benchmark lead.,Its most advanced customer engagement is a pilot in two practice groups at a law firm.,27,147.8,8.5,63.2,27.067,147.758,8.879,63.14,14,14,14,14,TRUE,TRUE,TRUE,TRUE,FALSE,FALSE,FALSE,FALSE,1,FALSE,1,32,Male,2,"ETF or ETC, Stock Market, Crowdfunding",White,United States,United States,Full-Time,Maybe a little,To see if designs of pitch decks affect decisions.,717,1918,962
582,disclosure,4,5,hq_first,1,3,2,4,Pulsegrid,Sentyl,Paperloom,Axonmesh,dff2e369,90a19744,081e5fb5,c7e2221f,AI Observability,AI Security,Document Automation,Robotics Orchestration,2,3,1,4,2,1,3,4,1,3,2,4,5,4,7,5,20,20,50,10,1,0,1,0,-1.5,1.5,-10,20,60,43,87,50,5,4,7,5,1,1,"Paying customers run it on production models, and it generates annual recurring revenue.","It has completed a SOC 2 Type II audit, with the report available in its data room.",An independent certification firm has completed an audit of its extraction accuracy and verified a benchmark lead.,"Live fleets already coordinate robots in production at customer sites, billing recurring revenue.",89.6,86.4,64.8,29.9,89.73,92.103,64.69,29.969,14,14,14,14,TRUE,TRUE,TRUE,TRUE,FALSE,FALSE,FALSE,FALSE,3,FALSE,1,32,Female,0,"Stock Market, Crowdfunding, Private Equity fund",Black,United States,United States,Unemployed (and job seeking),No,Perhaps it was to determine what people generally think will be most profitable or lucrative regarding the AI market and at what point a venture seems worth it,657,1920,911
583,disclosure,5,8,hq_first,1,3,2,4,Axonmesh,Curato,Servora,Ironhall,f36cc003,37c0ca72,574d1367,817f1201,Robotics Orchestration,AI Training Data,AI Inference Infrastructure,Edge-AI Hardware,1,3,2,4,2,3,1,4,3,2,4,1,7,6,5,3,30,30,30,10,1,1,1,1,2.5,1.5,10,10,93,77,64,75,7,6,5,3,6,6,"Live fleets already coordinate robots in production at customer sites, billing recurring revenue.","Its founders are building Curato part-time alongside their current jobs, with the advisory board still forming.","Its core patent has been granted, with further claims in prosecution.","Its industrial certification is still in testing, and its first module is installing on a pilot line this quarter.",297.7,168.8,348.3,222.7,297.773,169.019,348.234,222.572,14,14,14,14,TRUE,TRUE,TRUE,TRUE,FALSE,FALSE,FALSE,FALSE,1,FALSE,1,21,Male,0,"Stock Market, Unit trusts, Government Bonds, Crowdfunding",Black,United States,United States,Full-Time,No,investment decision making for early stage ventures.,1877,1707,873
584,disclosure,3,2,hq_first,1,3,2,4,Curato,Foliant,Ironhall,Pulsegrid,6b81ec39,08321160,87b7dfe9,e7f29679,AI Training Data,Enterprise Knowledge Retrieval,Edge-AI Hardware,AI Observability,2,4,1,3,2,4,3,1,3,1,2,4,4,5,4,3,30,20,25,25,1,0,0,0,1,0,0,5,51,43,58,59,4,5,4,3,5,4,Its founders built data infrastructure together at a leading AI-data company and left senior roles to work on Curato full-time.,A bank customer has rolled Foliant out organization-wide after a successful pilot.,"Its industrial certification is still in testing, and its first module is installing on a pilot line this quarter.",It charges model vendors for access to anonymized benchmark data.,233.5,285.5,231.3,150.5,235.388,286.541,231.25,150.385,14,14,14,14,TRUE,TRUE,TRUE,TRUE,FALSE,FALSE,FALSE,FALSE,2,FALSE,1,26,Female,3,"Options, ETF or ETC, Government Bonds, Stock Market, Private Equity fund",Asian,Canada,NA,Full-Time,No,Through pitch deck clearly shows the detail of the venture and wanna raise capital,1440,1381,650
586,control,1,11,lq_first,3,1,4,2,Pulsegrid,Ironhall,Paperloom,Foliant,dff2e369,3e0eedc2,081e5fb5,3eed90b1,AI Observability,Edge-AI Hardware,Document Automation,Enterprise Knowledge Retrieval,3,1,4,2,2,1,4,3,1,4,3,2,7,2,7,2,50,0,50,0,1,1,1,1,0,5,0,50,94,67,29,9,7,2,7,2,5,5,"Paying customers run it on production models, and it generates annual recurring revenue.","Its industrial certification is still in testing, and its first module is installing on a pilot line this quarter.",An independent certification firm has completed an audit of its extraction accuracy and verified a benchmark lead.,Its most advanced customer engagement is a pilot in two practice groups at a law firm.,423.8,556.2,181.4,335.7,423.997,556.392,181.364,344.913,14,14,14,14,TRUE,TRUE,TRUE,TRUE,FALSE,FALSE,FALSE,FALSE,2,FALSE,1,61,Male,25,"ETF or ETC, Government Bonds, Stock Market, Unit trusts, Angel syndicate, Crowdfunding",White,United Kingdom,United Kingdom,Part-Time,No,"no idea....but clear 2 good 2 bad.   is it how different issues drive decision ...assume no as not asked. patent, tested, revenue, management....or how easy read...",2219,1469,710
587,disclosure,5,3,hq_first,1,3,2,4,Ironhall,Pulsegrid,Foliant,Paperloom,b5fef669,2055e10c,fa1fe22c,e20d4e90,Edge-AI Hardware,AI Observability,Enterprise Knowledge Retrieval,Document Automation,2,4,1,3,3,2,1,4,1,3,4,2,5,3,6,4,30,10,45,15,1,0,1,0,-1,2,-10,25,92,84,22,14,5,3,6,4,5,3,Its module has passed independent industrial certification and already runs on live production lines.,"Paying customers run it on production models, and it generates annual recurring revenue.",A bank customer has rolled Foliant out organization-wide after a successful pilot.,An independent certification firm has completed an audit of its extraction accuracy and verified a benchmark lead.,257.8,162.1,228.1,12.2,264.199,162.245,228.182,12.194,14,14,14,1,TRUE,TRUE,TRUE,TRUE,FALSE,FALSE,FALSE,FALSE,1,FALSE,1,42,Male,3,"ETF or ETC, Stock Market, Crowdfunding",White,United Kingdom,United Kingdom,NA,No,I think this study was about design and how it influences choices,1143,1426,829
591,disclosure,6,10,lq_first,3,1,4,2,Foliant,Curato,Pulsegrid,Ironhall,46c0bf32,37c0ca72,f5bfffe5,817f1201,Enterprise Knowledge Retrieval,AI Training Data,AI Observability,Edge-AI Hardware,3,2,4,1,2,1,3,4,1,2,3,4,7,5,5,4,70,5,20,5,1,0,0,0,1.5,1.5,25,40,51,51,51,51,7,5,5,4,2,5,A bank customer has rolled Foliant out organization-wide after a successful pilot.,Its founders built data infrastructure together at a leading AI-data company and left senior roles to work on Curato full-time.,"It is pre-revenue, with an open-beta cohort scheduled to start next month.",Its module has passed independent industrial certification and already runs on live production lines.,145.3,511.4,191.7,267.5,145.183,520.912,191.607,267.476,14,14,14,14,TRUE,TRUE,TRUE,TRUE,FALSE,FALSE,FALSE,FALSE,2,FALSE,1,49,Female,8,"Stock Market, Venture Capital fund, Options, Government Bonds, Crowdfunding",White,United States,United States,Part-Time,No,Comparing AI deck proposals,1918,1512,857
592,disclosure_explanation,7,8,hq_first,1,3,2,4,Axonmesh,Curato,Servora,Ironhall,f36cc003,37c0ca72,574d1367,817f1201,Robotics Orchestration,AI Training Data,AI Inference Infrastructure,Edge-AI Hardware,2,4,1,3,4,3,1,2,3,1,2,4,7,5,5,5,20,40,10,30,1,1,0,1,1,1,10,-20,95,79,17,43,7,5,5,5,2,3,"Live fleets already coordinate robots in production at customer sites, billing recurring revenue.","Its founders are building Curato part-time alongside their current jobs, with the advisory board still forming.",Its patent filing is a provisional application that is still pending.,"Its industrial certification is still in testing, and its first module is installing on a pilot line this quarter.",239.8,115.7,259.7,146.9,242.314,115.681,261.812,146.931,14,14,14,14,TRUE,TRUE,TRUE,TRUE,FALSE,FALSE,FALSE,FALSE,1,FALSE,1,53,Male,0,"Unit trusts, ETF or ETC, Stock Market, Crowdfunding",White,United Kingdom,United Kingdom,Full-Time,No,How well we can take in information depending on presentation,1109,1600,739
595,disclosure,3,7,hq_first,1,3,2,4,Sentyl,Servora,Axonmesh,Curato,bcd14e91,e55a120c,e6065b1a,14efa601,AI Security,AI Inference Infrastructure,Robotics Orchestration,AI Training Data,2,4,1,3,3,2,1,4,2,1,3,4,4,6,6,4,40,20,10,30,1,1,1,0,0,0,10,0,41,70,37,57,4,6,6,4,2,3,"It has completed a SOC 2 Type II audit, with the report available in its data room.",Its patent filing is a provisional application that is still pending.,"Live fleets already coordinate robots in production at customer sites, billing recurring revenue.",Its founders are academics who license the labelling technology from their university lab.,145.1,138.7,79.9,63.9,144.962,138.628,79.999,63.953,14,14,14,14,TRUE,TRUE,TRUE,TRUE,FALSE,FALSE,FALSE,FALSE,1,FALSE,1,39,Female,12,"Stock Market, Private Equity fund, Crowdfunding, Government Bonds",White,Brazil,Brazil,Full-Time,No,"If I noticed the core attributes of each company 
",760,1364,767
598,disclosure,2,11,lq_first,3,1,4,2,Pulsegrid,Ironhall,Paperloom,Foliant,dff2e369,3e0eedc2,081e5fb5,3eed90b1,AI Observability,Edge-AI Hardware,Document Automation,Enterprise Knowledge Retrieval,4,2,3,1,4,3,1,2,4,3,2,1,4,5,4,4,25,25,40,10,0,1,0,0,0.5,-0.5,0,15,67,93,69,4,4,5,4,4,1,1,It charges model vendors for access to anonymized benchmark data.,"Its industrial certification is still in testing, and its first module is installing on a pilot line this quarter.",An independent benchmark of its extraction accuracy is in progress but not yet finished.,Its deployments run exclusively inside the founders' former employer.,145.8,148.2,166.1,53.8,147.479,148.17,165.945,53.727,14,14,14,14,TRUE,TRUE,TRUE,TRUE,FALSE,FALSE,FALSE,FALSE,2,FALSE,1,39,Male,0,"ETF or ETC, Government Bonds, Stock Market, Crowdfunding",White,Canada,Canada,Full-Time,No,How the visual presentation of the design cards influence my view,866,1920,911
600,disclosure,3,5,hq_first,1,3,2,4,Pulsegrid,Sentyl,Paperloom,Axonmesh,dff2e369,90a19744,081e5fb5,c7e2221f,AI Observability,AI Security,Document Automation,Robotics Orchestration,2,3,1,4,2,4,3,1,3,4,2,1,4,4,5,5,10,10,60,20,0,1,1,0,-1,0,-30,20,77,83,29,29,4,4,5,5,1,1,"It is pre-revenue, with an open-beta cohort scheduled to start next month.",Its SOC 2 Type II audit is scheduled but has not yet taken place.,An independent certification firm has completed an audit of its extraction accuracy and verified a benchmark lead.,"Live fleets already coordinate robots in production at customer sites, billing recurring revenue.",106.4,84.4,186.8,79.5,106.417,84.469,186.657,79.589,14,14,14,14,TRUE,TRUE,TRUE,TRUE,FALSE,FALSE,FALSE,FALSE,1,FALSE,1,47,Male,2,"ETF or ETC, Government Bonds, Stock Market, Unit trusts, Crowdfunding",White,United Kingdom,United Kingdom,Full-Time,No,Allocating imaginary funds to business ventures,793,1440,728
601,disclosure_explanation,7,2,hq_first,1,3,2,4,Curato,Foliant,Ironhall,Pulsegrid,6b81ec39,08321160,87b7dfe9,e7f29679,AI Training Data,Enterprise Knowledge Retrieval,Edge-AI Hardware,AI Observability,2,3,1,4,4,1,3,2,1,3,4,2,7,6,4,3,65,25,5,5,1,1,0,0,3,1,40,20,95,78,29,21,7,6,4,3,3,6,Its founders built data infrastructure together at a leading AI-data company and left senior roles to work on Curato full-time.,Its most advanced customer engagement is a pilot in two practice groups at a law firm.,"Its industrial certification is still in testing, and its first module is installing on a pilot line this quarter.","Paying customers run it on production models, and it generates annual recurring revenue.",197.5,411.8,228.4,95.3,198.105,415.128,229.213,96.143,14,14,14,14,TRUE,TRUE,TRUE,TRUE,FALSE,FALSE,FALSE,FALSE,1,FALSE,1,39,Male,2,"Stock Market, Crowdfunding",White,United States,United States,Full-Time,No,"Our perceptions of startups ups based on founder background, experience, and time management.",1506,1444,623
602,disclosure_explanation,8,4,hq_first,1,3,2,4,Foliant,Paperloom,Pulsegrid,Sentyl,46c0bf32,84f4d358,f5bfffe5,bfc6f4d0,Enterprise Knowledge Retrieval,Document Automation,AI Observability,AI Security,1,4,2,3,3,4,2,1,2,4,1,3,6,6,5,3,10,50,30,10,0,1,1,0,2,1,10,-10,70,93,14,15,6,6,5,3,3,4,Its most advanced customer engagement is a pilot in two practice groups at a law firm.,An independent benchmark of its extraction accuracy is in progress but not yet finished.,"Paying customers run it on production models, and it generates annual recurring revenue.",Its compliance certifications are inherited from its cloud hosting provider.,174,21.6,319.2,684.2,173.996,21.495,319.12,685.289,14,14,14,14,TRUE,TRUE,TRUE,TRUE,FALSE,FALSE,FALSE,FALSE,2,FALSE,1,29,Male,2,"Stock Market, Crowdfunding",White,United Kingdom,United Kingdom,Full-Time,No,Judging ventures via their pitch decks to determine which has the most promising & ambitious prospects to succeed.,1788,1440,706
603,disclosure_explanation,8,6,hq_first,1,3,2,4,Paperloom,Axonmesh,Sentyl,Servora,340b9ba1,4fe27fae,0566fd88,e06655dc,Document Automation,Robotics Orchestration,AI Security,AI Inference Infrastructure,1,4,2,3,4,3,1,2,4,2,3,1,5,3,5,4,40,10,20,30,1,1,1,1,-0.5,1.5,0,10,90,94,70,58,5,3,5,4,1,5,An independent certification firm has completed an audit of its extraction accuracy and verified a benchmark lead.,Its deployment to date is one pilot fleet running daily at a single design partner's warehouse.,"It has completed a SOC 2 Type II audit, with the report available in its data room.",Its patent filing is a provisional application that is still pending.,276.8,228.7,211.6,193.9,276.741,228.761,211.5,193.833,14,14,14,14,TRUE,TRUE,TRUE,TRUE,FALSE,FALSE,FALSE,FALSE,2,FALSE,1,62,Male,40,"Stock Market, Unit trusts, ETF or ETC, Private Equity fund",White,United Kingdom,United Kingdom,"Not in paid work (e.g. homemaker', 'retired or disabled)",Yes,Promoting efficiency in the workplace on different levels.All being fully automated  and negating human influence and resources,2004,2048,1040
604,disclosure,2,12,lq_first,3,1,4,2,Paperloom,Foliant,Sentyl,Pulsegrid,340b9ba1,08321160,0566fd88,e7f29679,Document Automation,Enterprise Knowledge Retrieval,AI Security,AI Observability,4,2,3,1,4,2,1,3,2,3,4,1,3,4,7,7,5,60,15,20,0,1,0,0,-3.5,-0.5,15,-30,93,87,83,100,3,4,7,7,4,1,"It does not permit external accuracy audits, citing customer confidentiality.",Its most advanced customer engagement is a pilot in two practice groups at a law firm.,It has decided to defer formal security audits until after this funding round.,It charges model vendors for access to anonymized benchmark data.,57,144.9,113.3,116.2,57.068,144.774,113.297,116.101,14,14,14,14,TRUE,TRUE,TRUE,TRUE,FALSE,FALSE,FALSE,FALSE,2,FALSE,1,28,Male,1,Crowdfunding,Mixed,United States,United States,Full-Time,Maybe a little,"see how people would react and invest into a variety of startups, specifically in the digital realm.",889,1410,698
606,disclosure,6,15,lq_first,3,1,4,2,Servora,Sentyl,Curato,Axonmesh,737deb7d,90a19744,cbc833b1,c7e2221f,AI Inference Infrastructure,AI Security,AI Training Data,Robotics Orchestration,3,1,4,2,2,4,3,1,1,2,4,3,5,6,5,5,30,20,35,15,1,1,1,1,0.5,-0.5,0,15,74,80,82,69,5,6,5,5,6,6,"Its core patent has been granted, with further claims in prosecution.",Its SOC 2 Type II audit is scheduled but has not yet taken place.,Its founders built data infrastructure together at a leading AI-data company and left senior roles to work on Curato full-time.,Its deployment to date is one pilot fleet running daily at a single design partner's warehouse.,86.2,128.7,68.1,203.6,131.066,203.453,110.062,255.932,14,14,14,14,TRUE,TRUE,TRUE,TRUE,FALSE,FALSE,FALSE,FALSE,1,FALSE,1,27,Male,4,"Stock Market, ETF or ETC, Government Bonds, Private Equity fund, Options",Asian,India,India,Other,Maybe a little,"I think this study was about looking at different startups and understanding their business ideas, market potential, growth, team, and financial position. We had to compare the startups and decide which ones seemed more promising for investment and how we would divide the investment between them.
",1596,1728,962
608,disclosure,4,3,hq_first,1,3,2,4,Ironhall,Pulsegrid,Foliant,Paperloom,b5fef669,2055e10c,fa1fe22c,e20d4e90,Edge-AI Hardware,AI Observability,Enterprise Knowledge Retrieval,Document Automation,1,3,2,4,2,3,1,4,3,1,4,2,6,2,6,3,50,0,50,0,1,1,1,1,-0.5,3.5,0,50,80,78,84,80,6,2,6,3,1,1,Its module has passed independent industrial certification and already runs on live production lines.,"It is pre-revenue, with an open-beta cohort scheduled to start next month.",A bank customer has rolled Foliant out organization-wide after a successful pilot.,An independent benchmark of its extraction accuracy is in progress but not yet finished.,155.2,260.2,144.8,162.1,155.164,260.342,144.885,162.081,14,14,14,14,TRUE,TRUE,TRUE,TRUE,FALSE,FALSE,FALSE,FALSE,1,FALSE,1,45,Male,5,"Stock Market, Private Equity fund",Black,United States,United States,Full-Time,No,It was for how people make venture capital investment decision and whether visual design affects capital allocation.,1520,1536,776
610,disclosure,6,15,lq_first,3,1,4,2,Servora,Sentyl,Curato,Axonmesh,737deb7d,90a19744,cbc833b1,c7e2221f,AI Inference Infrastructure,AI Security,AI Training Data,Robotics Orchestration,3,2,4,1,4,1,3,2,2,1,3,4,6,5,4,6,30,20,25,25,1,1,0,1,0.5,-0.5,0,5,39,83,10,88,6,5,4,6,5,4,"Its core patent has been granted, with further claims in prosecution.",Its SOC 2 Type II audit is scheduled but has not yet taken place.,Its founders are academics who license the labelling technology from their university lab.,Its deployment to date is one pilot fleet running daily at a single design partner's warehouse.,595,403.9,350.9,456.8,594.911,403.959,352.407,456.821,14,14,14,14,TRUE,TRUE,TRUE,TRUE,FALSE,FALSE,FALSE,FALSE,1,FALSE,1,36,Other,0,"ETF or ETC, Stock Market, Private Equity fund, Other",Other,United States,United States,Other,Maybe a little,"about how people evaluate a business pitch. All of the decks were presented in the same format: problem, solution, patents, growth, asking funds, etc., but the design of the decks were different. I think if you take the time to read everything and know about the industries, you can make a better decision, but if you just browse and go with what looks good, then the decision is not that good. As the instructions stated, we shouldn't focus on the design of the decks and I tried to do that. I don't know much about the industries they were discussing but I went with what I learned about each.",2548,1536,826
611,disclosure,5,14,lq_first,3,1,4,2,Axonmesh,Paperloom,Servora,Sentyl,f36cc003,84f4d358,574d1367,bfc6f4d0,Robotics Orchestration,Document Automation,AI Inference Infrastructure,AI Security,4,2,3,1,1,2,3,4,1,3,2,4,6,5,4,3,40,25,10,25,1,1,1,0,2,1,15,0,59,64,30,44,6,5,4,3,1,1,"Live fleets already coordinate robots in production at customer sites, billing recurring revenue.",An independent benchmark of its extraction accuracy is in progress but not yet finished.,"Its core patent has been granted, with further claims in prosecution.",It has decided to defer formal security audits until after this funding round.,87.7,119.9,100.4,205.7,91.488,119.94,100.116,205.734,14,14,14,14,TRUE,TRUE,TRUE,TRUE,FALSE,FALSE,FALSE,FALSE,1,FALSE,1,29,Female,5,"ETF or ETC, Stock Market, Crowdfunding",Asian,United Kingdom,Italy,Full-Time,No,"I think part of it was about how we perceive data if visualised differently. But another part was recalling information and noticing the more important information based on the questions asked. For example after the first question, you can kind of predict what question you will get. The first 3 decks' questions were around their patents/audit for example, while the last one was unrelated to patents. I don't think it was simply about the ability to assess a potential startup financially, the information provided was not always sufficient. In fact I preferred the last deck because it had the most financial data, like their recurring revenue.",1225,2560,1328
613,disclosure,5,11,lq_first,3,1,4,2,Pulsegrid,Ironhall,Paperloom,Foliant,dff2e369,3e0eedc2,081e5fb5,3eed90b1,AI Observability,Edge-AI Hardware,Document Automation,Enterprise Knowledge Retrieval,3,1,4,2,4,1,3,2,3,4,2,1,7,4,7,3,40,0,60,0,0,0,1,1,0.5,3.5,-10,50,88,75,51,25,7,4,7,3,1,1,"It is pre-revenue, with an open-beta cohort scheduled to start next month.",Its module has passed independent industrial certification and already runs on live production lines.,An independent certification firm has completed an audit of its extraction accuracy and verified a benchmark lead.,Its most advanced customer engagement is a pilot in two practice groups at a law firm.,370.6,370.6,320.9,416.3,370.581,370.748,320.927,416.395,14,14,14,14,TRUE,TRUE,TRUE,TRUE,FALSE,FALSE,FALSE,FALSE,2,FALSE,1,34,Male,0,Crowdfunding,White,France,France,Full-Time,No,"It was about investment in startup from deck presentation. I have to judge the decks to choose where to invest. However, why not a hidden goal about design of deck because too decks had poor design difficult to read but equivalent or stronger project.",2226,1536,703
614,control,1,1,hq_first,1,3,2,4,Servora,Ironhall,Curato,Foliant,737deb7d,3e0eedc2,cbc833b1,3eed90b1,AI Inference Infrastructure,Edge-AI Hardware,AI Training Data,Enterprise Knowledge Retrieval,1,4,2,3,3,2,1,4,4,2,1,3,6,5,4,4,25,20,30,25,1,0,1,1,1.5,0.5,-5,5,79,44,26,32,6,5,4,4,6,6,"Its core patent has been granted, with further claims in prosecution.",Its module has passed independent industrial certification and already runs on live production lines.,Its founders built data infrastructure together at a leading AI-data company and left senior roles to work on Curato full-time.,Its most advanced customer engagement is a pilot in two practice groups at a law firm.,211.7,95.5,174.9,131.8,211.521,95.509,174.72,131.715,14,14,14,14,TRUE,TRUE,TRUE,TRUE,FALSE,FALSE,FALSE,FALSE,1,FALSE,1,38,Female,2,"Stock Market, Government Bonds, Crowdfunding",White,United Kingdom,United Kingdom,Full-Time,No,Calculating investments based on reported presentation.,1412,1710,985
615,disclosure,4,4,hq_first,1,3,2,4,Foliant,Paperloom,Pulsegrid,Sentyl,46c0bf32,84f4d358,f5bfffe5,bfc6f4d0,Enterprise Knowledge Retrieval,Document Automation,AI Observability,AI Security,2,4,1,3,4,2,3,1,4,2,1,3,5,3,5,1,25,0,50,25,0,1,1,1,1,3,-25,25,85,82,66,15,5,3,5,1,1,4,Its most advanced customer engagement is a pilot in two practice groups at a law firm.,An independent benchmark of its extraction accuracy is in progress but not yet finished.,"Paying customers run it on production models, and it generates annual recurring revenue.",Its SOC 2 Type II audit is scheduled but has not yet taken place.,94,62.7,148.7,72.5,93.904,62.728,148.479,72.48,14,14,14,14,TRUE,TRUE,TRUE,TRUE,FALSE,FALSE,FALSE,FALSE,1,FALSE,1,30,Female,10,"Stock Market, Government Bonds, Crowdfunding, Angel syndicate, ETF or ETC",White,United Kingdom,United Kingdom,NA,No,"What information stands out in a pitch, what people are interested in and hone in on",719,1536,730
618,disclosure,6,4,hq_first,1,3,2,4,Foliant,Paperloom,Pulsegrid,Sentyl,46c0bf32,84f4d358,f5bfffe5,bfc6f4d0,Enterprise Knowledge Retrieval,Document Automation,AI Observability,AI Security,2,4,1,3,1,2,4,3,2,4,3,1,5,4,2,3,40,30,0,30,1,1,1,1,2,0,20,-10,75,74,40,28,5,4,2,3,1,4,A bank customer has rolled Foliant out organization-wide after a successful pilot.,An independent benchmark of its extraction accuracy is in progress but not yet finished.,"Paying customers run it on production models, and it generates annual recurring revenue.",Its SOC 2 Type II audit is scheduled but has not yet taken place.,526.6,122.6,586.1,551.5,526.463,122.517,586.243,551.616,14,14,14,14,TRUE,TRUE,TRUE,TRUE,FALSE,FALSE,FALSE,FALSE,2,FALSE,1,23,Female,0,"Private Equity fund, ETF or ETC, Stock Market, Other",Asian,India,India,Unemployed (and job seeking),No,"I think this study is mainly focused on AI models, where each of them got their own goals and purposes. I feel this study is for testing the preferences of the population or a study group, their priority, what they would be willing to choose given the choices and what potential they see in each model.",3451,1920,911
620,disclosure_explanation,8,11,lq_first,3,1,4,2,Pulsegrid,Ironhall,Paperloom,Foliant,dff2e369,3e0eedc2,081e5fb5,3eed90b1,AI Observability,Edge-AI Hardware,Document Automation,Enterprise Knowledge Retrieval,4,2,3,1,1,4,2,3,4,1,3,2,5,4,6,3,0,0,100,0,1,0,1,1,0,2,-50,50,15,17,33,0,5,4,6,3,2,5,"Paying customers run it on production models, and it generates annual recurring revenue.",Its module has passed independent industrial certification and already runs on live production lines.,An independent certification firm has completed an audit of its extraction accuracy and verified a benchmark lead.,Its most advanced customer engagement is a pilot in two practice groups at a law firm.,106.7,157.1,125.9,191.8,106.744,171.525,125.953,191.805,14,14,14,14,TRUE,TRUE,TRUE,TRUE,FALSE,FALSE,FALSE,FALSE,1,FALSE,1,52,Male,0,"Stock Market, Private Equity fund",White,United States,United States,Full-Time,No,"I am not sure. The slide decks were very small and could not be zoomed in, which made deciphering complex financial metrics very challenging. Even what I could read, often the layout was not user friendly. I can't even guess at the purpose.",1254,1366,599
625,disclosure_explanation,7,3,hq_first,1,3,2,4,Ironhall,Pulsegrid,Foliant,Paperloom,b5fef669,2055e10c,fa1fe22c,e20d4e90,Edge-AI Hardware,AI Observability,Enterprise Knowledge Retrieval,Document Automation,1,3,2,4,1,3,2,4,2,3,1,4,5,2,4,4,33,33,33,1,1,0,1,0,-0.5,1.5,16,16,78,18,32,58,5,2,4,4,5,6,Its module has passed independent industrial certification and already runs on live production lines.,It charges model vendors for access to anonymized benchmark data.,A bank customer has rolled Foliant out organization-wide after a successful pilot.,An independent certification firm has completed an audit of its extraction accuracy and verified a benchmark lead.,357.9,24.2,334.1,37,357.876,24.318,333.943,37.081,14,14,14,14,TRUE,TRUE,TRUE,TRUE,FALSE,FALSE,FALSE,FALSE,1,FALSE,1,37,Male,2,"ETF or ETC, Unit trusts, Stock Market, Government Bonds, Angel syndicate, Options, Private Equity fund, Venture Capital fund, Crowdfunding",Prefer not to say,Germany,Germany,Full-Time,Maybe a little,This study is about startup pitch desks.,1745,1520,723
626,disclosure_explanation,7,12,lq_first,3,1,4,2,Paperloom,Foliant,Sentyl,Pulsegrid,340b9ba1,08321160,0566fd88,e7f29679,Document Automation,Enterprise Knowledge Retrieval,AI Security,AI Observability,3,1,4,2,1,2,4,3,2,1,4,3,6,3,6,3,60,0,40,0,1,1,1,1,0,3,10,50,100,100,31,31,6,3,6,3,5,6,An independent certification firm has completed an audit of its extraction accuracy and verified a benchmark lead.,Its most advanced customer engagement is a pilot in two practice groups at a law firm.,"It has completed a SOC 2 Type II audit, with the report available in its data room.","It is pre-revenue, with an open-beta cohort scheduled to start next month.",182.8,478.6,88.6,156.2,182.601,478.495,88.573,156.101,14,14,14,14,TRUE,TRUE,TRUE,TRUE,FALSE,FALSE,FALSE,FALSE,1,FALSE,1,57,Male,20,"ETF or ETC, Government Bonds, Stock Market, Unit trusts, Angel syndicate, Options, Private Equity fund, Venture Capital fund, Crowdfunding, Other",White,United Kingdom,United Kingdom,Full-Time,No,Influence of presentation on gaining commitment,1316,1366,985
627,disclosure,2,13,lq_first,3,1,4,2,Sentyl,Pulsegrid,Axonmesh,Paperloom,bcd14e91,2055e10c,e6065b1a,e20d4e90,AI Security,AI Observability,Robotics Orchestration,Document Automation,3,2,4,1,2,4,3,1,3,1,4,2,7,6,5,4,40,30,10,20,1,1,1,0,2,1,20,0,100,100,1,18,7,6,5,4,1,1,"It has completed a SOC 2 Type II audit, with the report available in its data room.","It is pre-revenue, with an open-beta cohort scheduled to start next month.","Live fleets already coordinate robots in production at customer sites, billing recurring revenue.",An independent certification firm has completed an audit of its extraction accuracy and verified a benchmark lead.,125.8,162.4,201.1,309.3,125.913,162.447,200.993,309.33,14,14,14,14,TRUE,TRUE,TRUE,TRUE,FALSE,FALSE,FALSE,FALSE,1,FALSE,1,29,Other,0,"ETF or ETC, Stock Market, Crowdfunding",White,United States,United States,Full-Time,No,To see how clear start up cards are for predicting real world results and passing that on to investors.,1316,1280,551
631,disclosure,4,9,lq_first,3,1,4,2,Ironhall,Servora,Foliant,Curato,b5fef669,e55a120c,fa1fe22c,14efa601,Edge-AI Hardware,AI Inference Infrastructure,Enterprise Knowledge Retrieval,AI Training Data,3,2,4,1,4,2,3,1,4,3,2,1,4,6,5,5,10,25,40,25,1,1,1,0,0,-1,-15,0,12,25,34,17,4,6,5,5,1,1,Its module has passed independent industrial certification and already runs on live production lines.,Its patent filing is a provisional application that is still pending.,A bank customer has rolled Foliant out organization-wide after a successful pilot.,Its founders built data infrastructure together at a leading AI-data company and left senior roles to work on Curato full-time.,37.7,80.7,26.1,67.1,37.668,80.757,25.974,67.046,14,14,14,14,TRUE,TRUE,TRUE,TRUE,FALSE,FALSE,FALSE,FALSE,2,FALSE,1,21,Female,1,"Stock Market, Government Bonds, Private Equity fund",White,United Kingdom,United Kingdom,Part-Time,No,Whether I could retain and infer information correctly,668,1440,778
632,control,1,5,hq_first,1,3,2,4,Pulsegrid,Sentyl,Paperloom,Axonmesh,dff2e369,90a19744,081e5fb5,c7e2221f,AI Observability,AI Security,Document Automation,Robotics Orchestration,1,3,2,4,4,1,2,3,2,3,4,1,3,5,5,4,20,35,25,20,1,1,1,0,-0.5,-0.5,5,-5,22,25,0,17,3,5,5,4,2,1,"Paying customers run it on production models, and it generates annual recurring revenue.",Its SOC 2 Type II audit is scheduled but has not yet taken place.,An independent certification firm has completed an audit of its extraction accuracy and verified a benchmark lead.,"Live fleets already coordinate robots in production at customer sites, billing recurring revenue.",177.5,231.3,365.4,51.4,177.5,231.177,365.456,51.521,14,14,14,14,TRUE,TRUE,TRUE,TRUE,FALSE,FALSE,FALSE,FALSE,1,FALSE,1,53,Male,28,"Stock Market, Unit trusts, Crowdfunding",White,United Kingdom,United Kingdom,Full-Time,No,Ability to process complex pitchbook information and make evaluative assessments.,1178,1920,1080
633,disclosure_explanation,8,9,lq_first,3,1,4,2,Ironhall,Servora,Foliant,Curato,b5fef669,e55a120c,fa1fe22c,14efa601,Edge-AI Hardware,AI Inference Infrastructure,Enterprise Knowledge Retrieval,AI Training Data,3,1,4,2,3,1,4,2,2,3,4,1,7,5,6,3,80,0,20,0,1,1,1,1,1.5,2.5,30,50,100,64,38,25,7,5,6,3,1,1,Its module has passed independent industrial certification and already runs on live production lines.,Its patent filing is a provisional application that is still pending.,A bank customer has rolled Foliant out organization-wide after a successful pilot.,"Its founders are building Curato part-time alongside their current jobs, with the advisory board still forming.",147.1,263.4,242.2,291.7,149.553,263.295,1889.682,291.694,14,14,14,14,TRUE,TRUE,TRUE,TRUE,FALSE,FALSE,FALSE,FALSE,1,FALSE,1,28,Male,0,"Government Bonds, Stock Market, ETF or ETC, Crowdfunding",White,United States,United States,Full-Time,No,Visual appeal of marketing materials?,2924,1654,988
635,disclosure,3,16,lq_first,3,1,4,2,Curato,Axonmesh,Ironhall,Servora,6b81ec39,4fe27fae,87b7dfe9,e06655dc,AI Training Data,Robotics Orchestration,Edge-AI Hardware,AI Inference Infrastructure,3,1,4,2,2,1,3,4,2,1,4,3,6,2,4,5,100,0,0,0,1,1,1,1,-0.5,1.5,50,50,58,0,0,0,6,2,4,5,1,5,Its founders built data infrastructure together at a leading AI-data company and left senior roles to work on Curato full-time.,Its deployment to date is one pilot fleet running daily at a single design partner's warehouse.,Its module has passed independent industrial certification and already runs on live production lines.,Its patent filing is a provisional application that is still pending.,329.2,409.2,250.6,243.9,329.297,409.096,250.643,243.912,14,14,14,14,TRUE,TRUE,TRUE,TRUE,FALSE,FALSE,FALSE,FALSE,1,FALSE,1,85,Other,2,Crowdfunding,White,United States,United States,"Not in paid work (e.g. homemaker', 'retired or disabled)",No,"No idea what this study was about. I would NOT EVER use the designer that designed these slides. I have a 43-inch, 4K monitor and I had to go full screen to even read the small type. Axonmesh was too small to read. Servera and Ironhall had extremely low contrast. Only Curato was easily visible. Only Curato and Ironhall had fully committed founders. In my opinion, the only thing this study could be about is whether anybody would bother to finish it and deal with the eye strain.",2096,1280,567
638,disclosure,2,5,hq_first,1,3,2,4,Pulsegrid,Sentyl,Paperloom,Axonmesh,dff2e369,90a19744,081e5fb5,c7e2221f,AI Observability,AI Security,Document Automation,Robotics Orchestration,1,3,2,4,3,4,1,2,3,4,2,1,6,4,4,3,30,25,40,5,1,0,0,0,1.5,1.5,5,20,87,51,57,44,6,4,4,3,5,4,"Paying customers run it on production models, and it generates annual recurring revenue.","It has completed a SOC 2 Type II audit, with the report available in its data room.",Its accuracy has been validated only in a peer-reviewed academic study.,"Live fleets already coordinate robots in production at customer sites, billing recurring revenue.",321.3,174,193.2,159.5,321.357,173.942,193.102,159.398,14,14,14,14,TRUE,TRUE,TRUE,TRUE,FALSE,FALSE,FALSE,FALSE,2,FALSE,1,35,Male,7,"ETF or ETC, Government Bonds, Stock Market, Private Equity fund",Asian,Canada,Iran,Full-Time,Yes,was about people's perception regarding different AI developed services for businesses,1569,1600,773
640,disclosure,3,13,lq_first,3,1,4,2,Sentyl,Pulsegrid,Axonmesh,Paperloom,bcd14e91,2055e10c,e6065b1a,e20d4e90,AI Security,AI Observability,Robotics Orchestration,Document Automation,4,2,3,1,4,2,1,3,3,2,4,1,7,7,7,7,20,45,5,30,1,1,0,0,0,0,15,-25,100,100,100,100,7,7,7,7,1,1,"It has completed a SOC 2 Type II audit, with the report available in its data room.","It is pre-revenue, with an open-beta cohort scheduled to start next month.",Its deployment to date is one pilot fleet running daily at a single design partner's warehouse.,Its accuracy has been validated only in a peer-reviewed academic study.,142.7,216.4,218.4,292.2,142.59,216.318,218.19,292.101,14,14,14,14,TRUE,TRUE,TRUE,TRUE,FALSE,FALSE,FALSE,FALSE,1,FALSE,1,35,Female,0,"Stock Market, Crowdfunding",White,United States,United States,Full-Time,No,How design can affect how you feel about an idea,1226,1920,911
642,disclosure,5,3,hq_first,1,3,2,4,Ironhall,Pulsegrid,Foliant,Paperloom,b5fef669,2055e10c,fa1fe22c,e20d4e90,Edge-AI Hardware,AI Observability,Enterprise Knowledge Retrieval,Document Automation,2,4,1,3,3,2,1,4,4,1,3,2,4,5,5,6,20,40,20,20,1,1,1,1,-1,-1,10,-10,34,60,27,79,4,5,5,6,3,6,Its module has passed independent industrial certification and already runs on live production lines.,"It is pre-revenue, with an open-beta cohort scheduled to start next month.",A bank customer has rolled Foliant out organization-wide after a successful pilot.,An independent benchmark of its extraction accuracy is in progress but not yet finished.,164.6,163.8,215.2,159,164.444,169.496,215.259,158.979,14,14,14,14,TRUE,TRUE,TRUE,TRUE,FALSE,FALSE,FALSE,FALSE,1,FALSE,1,34,Male,10,"ETF or ETC, Stock Market, Private Equity fund, Venture Capital fund",Black,Germany,Nigeria,Part-Time,No,Evaluating startup pitch decks and deciding how to invest capital across different tech ventures. It is how people process information from startup pitch decks and decide where to allocate investment funds across different companies.,1885,1470,833
643,disclosure_explanation,8,4,hq_first,1,3,2,4,Foliant,Paperloom,Pulsegrid,Sentyl,46c0bf32,84f4d358,f5bfffe5,bfc6f4d0,Enterprise Knowledge Retrieval,Document Automation,AI Observability,AI Security,2,3,1,4,3,1,2,4,2,1,4,3,6,5,3,3,50,50,0,0,1,1,1,0,2.5,0.5,50,0,100,100,0,0,6,5,3,3,1,1,A bank customer has rolled Foliant out organization-wide after a successful pilot.,An independent benchmark of its extraction accuracy is in progress but not yet finished.,"Paying customers run it on production models, and it generates annual recurring revenue.",It has decided to defer formal security audits until after this funding round.,283.8,179.3,204.5,79.9,283.846,179.241,204.372,79.839,14,14,14,14,TRUE,TRUE,TRUE,TRUE,FALSE,FALSE,FALSE,FALSE,1,FALSE,1,69,Female,2,"Government Bonds, Stock Market, Crowdfunding",White,United States,United States,Unemployed (and job seeking),No,I think you lied in some weird way. The first and fourth decks were unreadable and yet you said the design told us nothing about the companies. How would I know if I couldn't read the decks?,1174,1324,754
644,disclosure_explanation,7,4,hq_first,1,3,2,4,Foliant,Paperloom,Pulsegrid,Sentyl,46c0bf32,84f4d358,f5bfffe5,bfc6f4d0,Enterprise Knowledge Retrieval,Document Automation,AI Observability,AI Security,2,4,1,3,1,4,3,2,2,4,1,3,4,2,3,5,75,10,10,5,1,1,1,0,-1,0,35,35,66,25,39,22,4,2,3,5,1,1,A bank customer has rolled Foliant out organization-wide after a successful pilot.,An independent benchmark of its extraction accuracy is in progress but not yet finished.,"Paying customers run it on production models, and it generates annual recurring revenue.","It has completed a SOC 2 Type II audit, with the report available in its data room.",197.4,174.5,144.9,174.4,197.48,174.432,145.07,174.282,14,13,14,14,TRUE,TRUE,TRUE,TRUE,FALSE,FALSE,FALSE,FALSE,1,FALSE,1,31,Female,1,"ETF or ETC, Stock Market, Crowdfunding",White,United States,United States,Full-Time,No,Pitch deck variables vs investment outcomes,917,1912,914
645,disclosure_explanation,7,2,hq_first,1,3,2,4,Curato,Foliant,Ironhall,Pulsegrid,6b81ec39,08321160,87b7dfe9,e7f29679,AI Training Data,Enterprise Knowledge Retrieval,Edge-AI Hardware,AI Observability,2,4,1,3,3,1,2,4,2,1,3,4,6,7,3,3,20,50,25,5,1,1,1,1,3.5,-0.5,20,-5,100,100,31,25,6,7,3,3,1,5,Its founders built data infrastructure together at a leading AI-data company and left senior roles to work on Curato full-time.,Its most advanced customer engagement is a pilot in two practice groups at a law firm.,Its module has passed independent industrial certification and already runs on live production lines.,"It is pre-revenue, with an open-beta cohort scheduled to start next month.",320.9,329.3,341.9,293.7,322.028,330.318,342.759,294.702,14,14,14,14,TRUE,TRUE,TRUE,TRUE,FALSE,FALSE,FALSE,FALSE,1,FALSE,1,30,Female,2,"ETF or ETC, Government Bonds, Stock Market, Crowdfunding, Other",Mixed,United States,United States,Part-Time,No,Measuring How Investors Approach Pitch Decks To Determine How They Make Critical Decisions On Companies To Back Financially?,1851,1366,633
646,disclosure_explanation,8,10,lq_first,3,1,4,2,Foliant,Curato,Pulsegrid,Ironhall,46c0bf32,37c0ca72,f5bfffe5,817f1201,Enterprise Knowledge Retrieval,AI Training Data,AI Observability,Edge-AI Hardware,4,1,3,2,1,2,3,4,4,2,1,3,7,4,6,4,55,5,30,10,1,0,1,1,0.5,2.5,10,35,74,41,35,4,7,4,6,4,1,1,A bank customer has rolled Foliant out organization-wide after a successful pilot.,Its founders built data infrastructure together at a leading AI-data company and left senior roles to work on Curato full-time.,"Paying customers run it on production models, and it generates annual recurring revenue.","Its industrial certification is still in testing, and its first module is installing on a pilot line this quarter.",238.5,242.4,227.3,236.5,238.412,242.454,227.29,236.522,14,14,14,14,TRUE,TRUE,TRUE,TRUE,FALSE,FALSE,FALSE,FALSE,1,FALSE,1,38,Male,2,"Crowdfunding, Stock Market, Government Bonds, ETF or ETC",White,United States,United States,Full-Time,Maybe a little,"An attempt to gauge how participants react to and evaluate startup pitch decks, including what information is memorable and stands out, amidst designs that can be distracting and small font that provides a barrier for users to overcome. The idea is to see if participants can discern which startup is the best investment despite the hurdles with the decks.",1803,1522,694
647,disclosure,6,6,hq_first,1,3,2,4,Paperloom,Axonmesh,Sentyl,Servora,340b9ba1,4fe27fae,0566fd88,e06655dc,Document Automation,Robotics Orchestration,AI Security,AI Inference Infrastructure,1,4,2,3,3,2,1,4,1,2,4,3,4,3,5,5,15,5,40,40,1,1,1,1,-1.5,0.5,-30,5,72,76,14,26,4,3,5,5,1,1,An independent certification firm has completed an audit of its extraction accuracy and verified a benchmark lead.,Its deployment to date is one pilot fleet running daily at a single design partner's warehouse.,"It has completed a SOC 2 Type II audit, with the report available in its data room.",Its patent filing is a provisional application that is still pending.,245.7,180,215.8,194.3,245.885,180.116,215.788,194.439,14,14,14,14,TRUE,TRUE,TRUE,TRUE,FALSE,FALSE,FALSE,FALSE,1,FALSE,1,45,Male,10,"ETF or ETC, Stock Market, Unit trusts, Crowdfunding",Asian,United Kingdom,United Kingdom,Full-Time,Maybe a little,Assessing how viable the businesses presented as pitch decks are,1449,1366,607
648,disclosure,2,14,lq_first,3,1,4,2,Axonmesh,Paperloom,Servora,Sentyl,f36cc003,84f4d358,574d1367,bfc6f4d0,Robotics Orchestration,Document Automation,AI Inference Infrastructure,AI Security,4,2,3,1,3,1,2,4,1,4,3,2,5,5,4,2,65,20,0,15,1,0,0,0,2,1,35,15,91,95,43,5,5,5,4,2,5,6,"Live fleets already coordinate robots in production at customer sites, billing recurring revenue.",An independent certification firm has completed an audit of its extraction accuracy and verified a benchmark lead.,Its technology is patented by a university and licensed to the company exclusively.,Its compliance certifications are inherited from its cloud hosting provider.,58.8,166.3,86.3,110.7,58.552,166.202,86.263,110.834,14,14,14,14,TRUE,TRUE,TRUE,TRUE,FALSE,FALSE,FALSE,FALSE,2,FALSE,1,32,Male,5,"ETF or ETC, Crowdfunding, Stock Market, Government Bonds, Unit trusts",White,United Kingdom,United Kingdom,Full-Time,No,Judging how individuals would allocate money to companies who are not listed on secondary markets.,1189,1366,649
649,disclosure_explanation,8,9,lq_first,3,1,4,2,Ironhall,Servora,Foliant,Curato,b5fef669,e55a120c,fa1fe22c,14efa601,Edge-AI Hardware,AI Inference Infrastructure,Enterprise Knowledge Retrieval,AI Training Data,4,2,3,1,1,4,2,3,2,3,1,4,6,4,6,3,40,5,50,5,1,1,1,1,0.5,2.5,-5,40,80,71,75,58,6,4,6,3,1,1,Its module has passed independent industrial certification and already runs on live production lines.,Its patent filing is a provisional application that is still pending.,A bank customer has rolled Foliant out organization-wide after a successful pilot.,"Its founders are building Curato part-time alongside their current jobs, with the advisory board still forming.",114.7,91.9,79.7,138.1,114.598,91.905,79.885,138.04,14,14,14,14,TRUE,TRUE,TRUE,TRUE,FALSE,FALSE,FALSE,FALSE,1,FALSE,1,34,Male,0,"ETF or ETC, Stock Market, Options, Crowdfunding",Asian,United States,United States,Full-Time,No,Gauging venture potential success based on pitch deck information and company growth,719,1819,910
650,disclosure_explanation,7,7,hq_first,1,3,2,4,Sentyl,Servora,Axonmesh,Curato,bcd14e91,e55a120c,e6065b1a,14efa601,AI Security,AI Inference Infrastructure,Robotics Orchestration,AI Training Data,1,4,2,3,3,1,2,4,4,1,3,2,1,3,4,2,0,20,80,0,0,1,1,1,-1,0,-30,30,8,25,51,37,1,3,4,2,2,3,Its SOC 2 Type II audit is scheduled but has not yet taken place.,Its patent filing is a provisional application that is still pending.,"Live fleets already coordinate robots in production at customer sites, billing recurring revenue.","Its founders are building Curato part-time alongside their current jobs, with the advisory board still forming.",395.8,307,400.5,314.7,395.688,306.652,400.387,314.688,14,14,14,14,TRUE,TRUE,TRUE,TRUE,FALSE,FALSE,FALSE,FALSE,1,FALSE,1,38,Female,0,"Stock Market, Crowdfunding",White,United States,United States,Full-Time,No,"How people perceive the start-up pitch decks from the information provided, but also potentially the impact that the decks might have on their perception despite the provided information.",1817,1680,961
651,control,1,1,hq_first,1,3,2,4,Servora,Ironhall,Curato,Foliant,737deb7d,3e0eedc2,cbc833b1,3eed90b1,AI Inference Infrastructure,Edge-AI Hardware,AI Training Data,Enterprise Knowledge Retrieval,1,4,2,3,2,4,1,3,1,2,3,4,6,4,5,5,60,10,15,15,1,1,1,1,0,1,20,25,29,10,37,81,6,4,5,5,5,3,"Its core patent has been granted, with further claims in prosecution.","Its industrial certification is still in testing, and its first module is installing on a pilot line this quarter.",Its founders built data infrastructure together at a leading AI-data company and left senior roles to work on Curato full-time.,Its most advanced customer engagement is a pilot in two practice groups at a law firm.,140.9,230.6,253.1,242.6,140.987,230.505,252.988,242.633,6,14,14,14,TRUE,TRUE,TRUE,TRUE,FALSE,FALSE,FALSE,FALSE,1,FALSE,1,51,Female,3,"ETF or ETC, Stock Market, Venture Capital fund",White,United States,United States,Part-Time,No,"On its face, it appears to be about evaluating the ideas and execution of each of the four ventures. 
I suspect there is some interest in whether a team's exclusive focus on this project—versus balancing other jobs—influences final decisions",1713,1920,911
652,disclosure,6,13,lq_first,3,1,4,2,Sentyl,Pulsegrid,Axonmesh,Paperloom,bcd14e91,2055e10c,e6065b1a,e20d4e90,AI Security,AI Observability,Robotics Orchestration,Document Automation,4,1,3,2,4,3,1,2,2,1,4,3,6,6,5,4,0,0,100,0,1,1,1,1,1.5,0.5,-50,50,93,87,37,43,6,6,5,4,2,2,"It has completed a SOC 2 Type II audit, with the report available in its data room.","It is pre-revenue, with an open-beta cohort scheduled to start next month.","Live fleets already coordinate robots in production at customer sites, billing recurring revenue.",An independent benchmark of its extraction accuracy is in progress but not yet finished.,43.7,90.2,33.1,57.9,43.815,96.643,54.96,60.346,14,14,14,14,TRUE,TRUE,TRUE,TRUE,FALSE,FALSE,FALSE,FALSE,1,FALSE,1,41,Male,8,"ETF or ETC, Stock Market, Crowdfunding",White,United States,United States,Full-Time,No,emphasis weights on what is determined as most valuable esp. with future progress and in-lining work related conformity for advancement in each areas expertise.,1045,1920,911
655,disclosure,6,11,lq_first,3,1,4,2,Pulsegrid,Ironhall,Paperloom,Foliant,dff2e369,3e0eedc2,081e5fb5,3eed90b1,AI Observability,Edge-AI Hardware,Document Automation,Enterprise Knowledge Retrieval,4,2,3,1,3,2,4,1,2,3,1,4,5,5,5,4,25,20,35,20,0,0,1,0,0.5,0.5,-5,10,53,56,53,53,5,5,5,4,4,4,Its revenue comes chiefly from paid consulting and integration projects.,Its module has passed independent industrial certification and already runs on live production lines.,An independent certification firm has completed an audit of its extraction accuracy and verified a benchmark lead.,Its deployments run exclusively inside the founders' former employer.,145.3,119.7,162.2,163.3,145.319,119.445,162.181,163.148,14,14,14,14,TRUE,TRUE,TRUE,TRUE,FALSE,FALSE,FALSE,FALSE,2,FALSE,2,30,Male,5,"ETF or ETC, Crowdfunding",White,Germany,Germany,Full-Time,Maybe a little,"kjijook

















Based on those slides it I would say that it is a digital products where it is meant to help peoples business improve, or make the work easier using AI tools
",2694,1358,644
657,disclosure_explanation,7,11,lq_first,3,1,4,2,Pulsegrid,Ironhall,Paperloom,Foliant,dff2e369,3e0eedc2,081e5fb5,3eed90b1,AI Observability,Edge-AI Hardware,Document Automation,Enterprise Knowledge Retrieval,4,1,3,2,4,3,1,2,4,2,3,1,6,5,5,5,40,15,30,15,1,0,1,1,0.5,0.5,5,20,62,70,74,68,6,5,5,5,1,3,"Paying customers run it on production models, and it generates annual recurring revenue.",It licenses its enclosure design to established equipment makers instead of manufacturing itself.,An independent certification firm has completed an audit of its extraction accuracy and verified a benchmark lead.,Its most advanced customer engagement is a pilot in two practice groups at a law firm.,137.1,229.9,28.2,206.9,137.177,229.815,28.209,206.925,14,14,1,14,TRUE,TRUE,TRUE,TRUE,FALSE,FALSE,FALSE,FALSE,1,FALSE,1,46,Female,15,"Crowdfunding, Government Bonds",White,United Kingdom,United Kingdom,Full-Time,No,Either checking humans' concentration and ability to retain information and compare or to see what we look for and compare in investment opportunities.,1059,1440,812
658,disclosure,5,11,lq_first,3,1,4,2,Pulsegrid,Ironhall,Paperloom,Foliant,dff2e369,3e0eedc2,081e5fb5,3eed90b1,AI Observability,Edge-AI Hardware,Document Automation,Enterprise Knowledge Retrieval,3,2,4,1,3,4,1,2,4,3,2,1,2,4,5,3,0,0,100,0,1,1,1,1,-1,0,-50,50,56,64,61,46,2,4,5,3,1,1,"Paying customers run it on production models, and it generates annual recurring revenue.","Its industrial certification is still in testing, and its first module is installing on a pilot line this quarter.",An independent certification firm has completed an audit of its extraction accuracy and verified a benchmark lead.,Its most advanced customer engagement is a pilot in two practice groups at a law firm.,139,131,117.9,224.8,248.335,218.164,210.999,305.08,14,14,14,14,TRUE,TRUE,TRUE,TRUE,FALSE,FALSE,FALSE,FALSE,1,FALSE,1,28,Male,9,"ETF or ETC, Options, Private Equity fund, Stock Market, Government Bonds",Mixed,Brazil,Brazil,Part-Time,No,Task elimination and AI automation.,1895,1536,730
659,disclosure,5,1,hq_first,1,3,2,4,Servora,Ironhall,Curato,Foliant,737deb7d,3e0eedc2,cbc833b1,3eed90b1,AI Inference Infrastructure,Edge-AI Hardware,AI Training Data,Enterprise Knowledge Retrieval,2,3,1,4,4,2,1,3,4,2,1,3,7,6,6,7,10,40,30,20,1,0,1,1,0,0,0,-10,100,100,87,97,7,6,6,7,1,7,"Its core patent has been granted, with further claims in prosecution.",Its module has passed independent industrial certification and already runs on live production lines.,Its founders built data infrastructure together at a leading AI-data company and left senior roles to work on Curato full-time.,Its most advanced customer engagement is a pilot in two practice groups at a law firm.,205.2,189.6,183,170,205.351,189.683,182.846,169.943,14,14,14,14,TRUE,TRUE,TRUE,TRUE,FALSE,FALSE,FALSE,FALSE,1,FALSE,1,52,Female,10,"Government Bonds, Stock Market, Private Equity fund, ETF or ETC, Unit trusts",Black,United States,United States,Full-Time,No,The study was about evaluating startups.,1686,1920,945
661,control,1,6,hq_first,1,3,2,4,Paperloom,Axonmesh,Sentyl,Servora,340b9ba1,4fe27fae,0566fd88,e06655dc,Document Automation,Robotics Orchestration,AI Security,AI Inference Infrastructure,1,3,2,4,4,2,3,1,4,3,2,1,7,6,4,4,25,25,25,25,1,0,1,1,2.5,0.5,0,0,62,62,35,28,7,6,4,4,5,5,An independent certification firm has completed an audit of its extraction accuracy and verified a benchmark lead.,"Live fleets already coordinate robots in production at customer sites, billing recurring revenue.","It has completed a SOC 2 Type II audit, with the report available in its data room.",Its patent filing is a provisional application that is still pending.,40.3,304.7,241,429.3,278.944,371.709,247.552,604.393,14,14,14,14,TRUE,TRUE,TRUE,TRUE,FALSE,FALSE,FALSE,FALSE,1,FALSE,1,38,Female,0,"ETF or ETC, Angel syndicate, Other",Black,United States,United States,Unemployed (and job seeking),No,I'm not sure.,2059,1280,593
662,disclosure,5,8,hq_first,1,3,2,4,Axonmesh,Curato,Servora,Ironhall,f36cc003,37c0ca72,574d1367,817f1201,Robotics Orchestration,AI Training Data,AI Inference Infrastructure,Edge-AI Hardware,2,4,1,3,2,1,3,4,3,2,1,4,5,3,7,1,10,4,85,1,1,0,0,1,0,4,-36,45,88,80,26,15,5,3,7,1,2,2,"Live fleets already coordinate robots in production at customer sites, billing recurring revenue.",Its founders built data infrastructure together at a leading AI-data company and left senior roles to work on Curato full-time.,Its patent filing is a provisional application that is still pending.,"Its industrial certification is still in testing, and its first module is installing on a pilot line this quarter.",205.3,115.3,232.6,154.5,205.489,115.209,232.794,154.275,14,14,14,14,TRUE,TRUE,TRUE,TRUE,FALSE,FALSE,FALSE,FALSE,3,FALSE,1,38,Male,10,"ETF or ETC, Government Bonds, Stock Market, Private Equity fund",White,Canada,Canada,Full-Time,No,I think the study was based on how one interprets investment proposals and what is important to the investor for allocating money to invest.,1468,1536,826
663,disclosure,3,10,lq_first,3,1,4,2,Foliant,Curato,Pulsegrid,Ironhall,46c0bf32,37c0ca72,f5bfffe5,817f1201,Enterprise Knowledge Retrieval,AI Training Data,AI Observability,Edge-AI Hardware,3,2,4,1,1,3,2,4,3,4,2,1,5,5,3,5,40,25,5,30,1,0,1,1,1,-1,15,-5,61,71,1,42,5,5,3,5,2,1,A bank customer has rolled Foliant out organization-wide after a successful pilot.,Its founders are academics who license the labelling technology from their university lab.,"Paying customers run it on production models, and it generates annual recurring revenue.","Its industrial certification is still in testing, and its first module is installing on a pilot line this quarter.",155.4,171.1,75,114.7,155.101,171.021,74.6,114.701,14,14,14,14,TRUE,TRUE,TRUE,TRUE,FALSE,FALSE,FALSE,FALSE,1,FALSE,1,55,Female,5,"Government Bonds, Unit trusts, Crowdfunding",White,France,United Kingdom,NA,No,emperor's new clothes,993,1536,730
665,disclosure,2,4,hq_first,1,3,2,4,Foliant,Paperloom,Pulsegrid,Sentyl,46c0bf32,84f4d358,f5bfffe5,bfc6f4d0,Enterprise Knowledge Retrieval,Document Automation,AI Observability,AI Security,2,4,1,3,4,1,3,2,3,1,4,2,6,5,4,2,45,40,5,10,1,0,1,0,2.5,1.5,35,0,84,88,28,3,6,5,4,2,1,3,A bank customer has rolled Foliant out organization-wide after a successful pilot.,An independent certification firm has completed an audit of its extraction accuracy and verified a benchmark lead.,"Paying customers run it on production models, and it generates annual recurring revenue.","It has completed a SOC 2 Type II audit, with the report available in its data room.",200.9,98.7,129.1,112.2,200.997,98.587,129.01,112.115,14,14,14,14,TRUE,TRUE,TRUE,TRUE,FALSE,FALSE,FALSE,FALSE,1,FALSE,1,56,Male,8,"Private Equity fund, Options, Angel syndicate, Stock Market, Crowdfunding, Venture Capital fund",White,United States,United States,Full-Time,No,I believe this study is about decision making based upon limited knowledge of enterprises.,1032,2560,1355
666,disclosure,4,15,lq_first,3,1,4,2,Servora,Sentyl,Curato,Axonmesh,737deb7d,90a19744,cbc833b1,c7e2221f,AI Inference Infrastructure,AI Security,AI Training Data,Robotics Orchestration,3,1,4,2,4,1,2,3,1,4,2,3,6,3,6,3,70,5,20,5,1,1,1,1,0,3,25,40,100,68,21,11,6,3,6,3,5,4,"Its core patent has been granted, with further claims in prosecution.",Its SOC 2 Type II audit is scheduled but has not yet taken place.,Its founders built data infrastructure together at a leading AI-data company and left senior roles to work on Curato full-time.,Its deployment to date is one pilot fleet running daily at a single design partner's warehouse.,168.6,113.4,108.1,136.8,171.669,115.672,107.845,136.848,14,14,14,14,TRUE,TRUE,TRUE,TRUE,FALSE,FALSE,FALSE,FALSE,1,FALSE,1,33,Male,1,"ETF or ETC, Stock Market, Government Bonds, Private Equity fund",White,United Kingdom,United Kingdom,Full-Time,No,understanding how design and professional appearance influences decisions of investors,866,1536,695
668,disclosure_explanation,7,5,hq_first,1,3,2,4,Pulsegrid,Sentyl,Paperloom,Axonmesh,dff2e369,90a19744,081e5fb5,c7e2221f,AI Observability,AI Security,Document Automation,Robotics Orchestration,1,3,2,4,1,2,4,3,1,4,3,2,5,4,3,3,20,20,30,30,0,0,1,1,1.5,0.5,-10,0,77,79,4,9,5,4,3,3,1,1,"It is pre-revenue, with an open-beta cohort scheduled to start next month.",It has decided to defer formal security audits until after this funding round.,An independent certification firm has completed an audit of its extraction accuracy and verified a benchmark lead.,Its deployment to date is one pilot fleet running daily at a single design partner's warehouse.,67,176,58.3,64.2,67.06,175.892,58.295,64.141,14,14,14,14,TRUE,TRUE,TRUE,TRUE,FALSE,FALSE,FALSE,FALSE,1,FALSE,1,36,Male,0,Crowdfunding,White,United Kingdom,United Kingdom,Full-Time,No,How the design of a slidedeck influences how you interpret the information,718,1534,1594
669,disclosure_explanation,8,16,lq_first,3,1,4,2,Curato,Axonmesh,Ironhall,Servora,6b81ec39,4fe27fae,87b7dfe9,e06655dc,AI Training Data,Robotics Orchestration,Edge-AI Hardware,AI Inference Infrastructure,4,2,3,1,4,3,1,2,1,2,3,4,6,5,5,5,25,40,20,15,1,1,1,1,0.5,0.5,15,-5,80,66,65,69,6,5,5,5,2,2,Its founders built data infrastructure together at a leading AI-data company and left senior roles to work on Curato full-time.,Its deployment to date is one pilot fleet running daily at a single design partner's warehouse.,Its module has passed independent industrial certification and already runs on live production lines.,Its patent filing is a provisional application that is still pending.,339.7,353.5,355.5,443.2,339.786,353.475,355.554,443.304,14,14,14,14,TRUE,TRUE,TRUE,TRUE,FALSE,FALSE,FALSE,FALSE,1,FALSE,1,59,Female,0,Private Equity fund,White,United States,United States,Full-Time,No,How I would allocate resources across 4 enterprises based on their pitches.,1982,1912,948
671,control,1,14,lq_first,3,1,4,2,Axonmesh,Paperloom,Servora,Sentyl,f36cc003,84f4d358,574d1367,bfc6f4d0,Robotics Orchestration,Document Automation,AI Inference Infrastructure,AI Security,4,1,3,2,3,1,2,4,4,3,2,1,6,5,5,5,30,20,30,20,0,1,1,1,0.5,0.5,0,10,85,80,55,52,6,5,5,5,3,2,Its deployment to date is one pilot fleet running daily at a single design partner's warehouse.,An independent benchmark of its extraction accuracy is in progress but not yet finished.,"Its core patent has been granted, with further claims in prosecution.",Its SOC 2 Type II audit is scheduled but has not yet taken place.,222.7,216.4,227.1,175.3,222.586,216.216,229.095,175.228,14,14,14,14,TRUE,TRUE,TRUE,TRUE,FALSE,FALSE,FALSE,FALSE,1,FALSE,1,26,Female,2,"ETF or ETC, Crowdfunding",White,United Kingdom,United Kingdom,Part-Time,Maybe a little,I think the study was about whether or not things like certifications for safety and regulations and patents have an impact on investment decisions.,1227,1920,919
672,disclosure_explanation,7,13,lq_first,3,1,4,2,Sentyl,Pulsegrid,Axonmesh,Paperloom,bcd14e91,2055e10c,e6065b1a,e20d4e90,AI Security,AI Observability,Robotics Orchestration,Document Automation,3,2,4,1,1,2,3,4,1,2,3,4,4,4,6,4,15,15,55,15,1,1,1,0,-1,1,-20,20,41,36,75,62,4,4,6,4,1,1,"It has completed a SOC 2 Type II audit, with the report available in its data room.","It is pre-revenue, with an open-beta cohort scheduled to start next month.","Live fleets already coordinate robots in production at customer sites, billing recurring revenue.",An independent certification firm has completed an audit of its extraction accuracy and verified a benchmark lead.,113.1,86.1,72,155.5,113.128,85.958,97.293,155.572,14,14,14,14,TRUE,TRUE,TRUE,TRUE,FALSE,FALSE,FALSE,FALSE,1,FALSE,1,29,Other,0,"ETF or ETC, Government Bonds, Stock Market, Crowdfunding",Mixed,Germany,Germany,Full-Time,Yes,Effects of visual design on investment decisions,1108,1470,771
673,disclosure,6,2,hq_first,1,3,2,4,Curato,Foliant,Ironhall,Pulsegrid,6b81ec39,08321160,87b7dfe9,e7f29679,AI Training Data,Enterprise Knowledge Retrieval,Edge-AI Hardware,AI Observability,1,3,2,4,4,1,3,2,2,3,4,1,7,5,5,3,50,30,10,10,1,1,1,0,2,2,30,10,94,78,41,18,7,5,5,3,1,1,Its founders built data infrastructure together at a leading AI-data company and left senior roles to work on Curato full-time.,Its most advanced customer engagement is a pilot in two practice groups at a law firm.,Its module has passed independent industrial certification and already runs on live production lines.,Its revenue comes chiefly from paid consulting and integration projects.,250.6,159.8,192.8,195.6,250.793,159.646,192.845,195.626,14,14,14,14,TRUE,TRUE,TRUE,TRUE,FALSE,FALSE,FALSE,FALSE,2,FALSE,1,28,Male,2,"Stock Market, Crowdfunding",White,United Kingdom,United Kingdom,Unemployed (and job seeking),No,To see if design studios are capable of creating a pitch deck that truly sells the startups' product/service.,1499,1528,732
674,disclosure,2,6,hq_first,1,3,2,4,Paperloom,Axonmesh,Sentyl,Servora,340b9ba1,4fe27fae,0566fd88,e06655dc,Document Automation,Robotics Orchestration,AI Security,AI Inference Infrastructure,2,4,1,3,3,2,1,4,3,4,2,1,5,6,2,7,0,50,0,50,1,1,1,0,1,-3,0,-50,57,100,16,8,5,6,2,7,4,4,An independent certification firm has completed an audit of its extraction accuracy and verified a benchmark lead.,Its deployment to date is one pilot fleet running daily at a single design partner's warehouse.,"It has completed a SOC 2 Type II audit, with the report available in its data room.",Its technology is patented by a university and licensed to the company exclusively.,295.7,137.3,278,228.6,295.76,137.366,278.037,228.556,14,14,14,14,TRUE,TRUE,TRUE,TRUE,FALSE,FALSE,FALSE,FALSE,2,FALSE,1,45,Other,7,"Stock Market, ETF or ETC, Government Bonds, Crowdfunding",Mixed,United States,United States,Full-Time,No,"Since the founders were not supposed to be shown, yet they were shown each time, I would guess this had something to do with their being women founders. What exactly, I am not sure. I made my choices solely based on the information given. I could care less about who the Founders are, especially in regard to gender.",1445,1330,728
676,disclosure,3,9,lq_first,3,1,4,2,Ironhall,Servora,Foliant,Curato,b5fef669,e55a120c,fa1fe22c,14efa601,Edge-AI Hardware,AI Inference Infrastructure,Enterprise Knowledge Retrieval,AI Training Data,3,2,4,1,4,2,3,1,1,3,4,2,4,6,6,2,15,25,45,15,1,0,1,1,1,1,-10,10,63,64,33,35,4,6,6,2,3,5,Its module has passed independent industrial certification and already runs on live production lines.,"Its core patent has been granted, with further claims in prosecution.",A bank customer has rolled Foliant out organization-wide after a successful pilot.,"Its founders are building Curato part-time alongside their current jobs, with the advisory board still forming.",201.4,154.3,105.2,128,201.329,154.328,105.269,127.906,14,14,14,14,TRUE,TRUE,TRUE,TRUE,FALSE,FALSE,FALSE,FALSE,2,FALSE,1,37,Female,6,"ETF or ETC, Stock Market, Options, Private Equity fund, Unit trusts",Asian,Canada,Canada,NA,No,"There were 4 pitch decks given by founders (some were already working professionals, some were doing this part-time while working in their full time jobs), their ventures were majorly focused on AI and technology.",1406,1432,828
678,disclosure,4,1,hq_first,1,3,2,4,Servora,Ironhall,Curato,Foliant,737deb7d,3e0eedc2,cbc833b1,3eed90b1,AI Inference Infrastructure,Edge-AI Hardware,AI Training Data,Enterprise Knowledge Retrieval,1,4,2,3,2,1,3,4,2,1,3,4,6,4,5,4,33,17,33,17,1,1,1,1,0.5,1.5,0,16,0,0,0,0,6,4,5,4,1,1,"Its core patent has been granted, with further claims in prosecution.","Its industrial certification is still in testing, and its first module is installing on a pilot line this quarter.",Its founders built data infrastructure together at a leading AI-data company and left senior roles to work on Curato full-time.,Its most advanced customer engagement is a pilot in two practice groups at a law firm.,396.7,271.3,360.5,343.6,396.755,271.184,360.517,343.404,14,14,14,14,TRUE,TRUE,TRUE,TRUE,FALSE,FALSE,FALSE,FALSE,2,FALSE,1,71,Female,0,"Government Bonds, Stock Market, Unit trusts, Private Equity fund",White,United Kingdom,United Kingdom,"Not in paid work (e.g. homemaker', 'retired or disabled)",No,data capture,2112,1424,709
679,control,1,8,hq_first,1,3,2,4,Axonmesh,Curato,Servora,Ironhall,f36cc003,37c0ca72,574d1367,817f1201,Robotics Orchestration,AI Training Data,AI Inference Infrastructure,Edge-AI Hardware,1,3,2,4,1,3,4,2,1,4,2,3,5,4,4,5,40,20,30,10,1,0,1,1,0,0,10,20,87,29,25,62,5,4,4,5,5,3,"Live fleets already coordinate robots in production at customer sites, billing recurring revenue.",Its founders built data infrastructure together at a leading AI-data company and left senior roles to work on Curato full-time.,"Its core patent has been granted, with further claims in prosecution.","Its industrial certification is still in testing, and its first module is installing on a pilot line this quarter.",205,171.9,167.5,138.4,204.956,171.948,167.362,138.285,14,14,14,14,TRUE,TRUE,TRUE,TRUE,FALSE,FALSE,FALSE,FALSE,1,FALSE,1,69,Female,5,"Stock Market, Government Bonds, Private Equity fund",White,United States,United Kingdom,Other,Maybe a little,"New start ups with programs to update, improve and check the product. Each start  mentioned start up, monthly and custom costs tailored to your facility. Each has patents, some pending and many had a long waiting list for applicants. Curato and Ironhaul were the prodigy of employees who worked in the industry and decide  to form their own company- some with little experience . Projections for growth seemed high.",1274,1280,681
680,disclosure_explanation,8,12,lq_first,3,1,4,2,Paperloom,Foliant,Sentyl,Pulsegrid,340b9ba1,08321160,0566fd88,e7f29679,Document Automation,Enterprise Knowledge Retrieval,AI Security,AI Observability,3,2,4,1,3,2,1,4,4,2,3,1,6,4,6,5,13,30,22,35,1,1,1,0,-0.5,1.5,-7,-15,94,93,72,66,6,4,6,5,4,3,An independent certification firm has completed an audit of its extraction accuracy and verified a benchmark lead.,Its most advanced customer engagement is a pilot in two practice groups at a law firm.,"It has completed a SOC 2 Type II audit, with the report available in its data room.","Paying customers run it on production models, and it generates annual recurring revenue.",150.7,245.1,134,290,172.411,288.552,152.543,290.086,14,14,14,14,TRUE,TRUE,TRUE,TRUE,FALSE,FALSE,FALSE,FALSE,1,FALSE,1,43,Male,4,"Government Bonds, Private Equity fund",White,Brazil,Brazil,Full-Time,Maybe a little,"Evaluating AI startaps and making investments decisions based on their potential, technology and market opportunities.",2188,1536,730
681,control,1,4,hq_first,1,3,2,4,Foliant,Paperloom,Pulsegrid,Sentyl,46c0bf32,84f4d358,f5bfffe5,bfc6f4d0,Enterprise Knowledge Retrieval,Document Automation,AI Observability,AI Security,2,3,1,4,1,2,3,4,4,3,2,1,5,5,3,3,70,30,0,0,1,1,1,1,2,0,50,20,85,71,17,35,5,5,3,3,2,2,A bank customer has rolled Foliant out organization-wide after a successful pilot.,An independent benchmark of its extraction accuracy is in progress but not yet finished.,"Paying customers run it on production models, and it generates annual recurring revenue.",Its SOC 2 Type II audit is scheduled but has not yet taken place.,95.7,76.5,87.5,63.3,95.7,76.503,87.54,63.17,14,14,13,14,TRUE,TRUE,TRUE,TRUE,FALSE,FALSE,FALSE,FALSE,1,FALSE,1,31,Other,0,"Stock Market, Crowdfunding",Mixed,United States,United States,Full-Time,No,How language is perceived when presented in different manners,558,1235,995
683,disclosure,5,6,hq_first,1,3,2,4,Paperloom,Axonmesh,Sentyl,Servora,340b9ba1,4fe27fae,0566fd88,e06655dc,Document Automation,Robotics Orchestration,AI Security,AI Inference Infrastructure,1,3,2,4,3,4,1,2,1,4,2,3,6,4,5,4,35,10,35,20,1,1,1,1,0.5,1.5,-5,20,89,69,31,19,6,4,5,4,2,2,An independent certification firm has completed an audit of its extraction accuracy and verified a benchmark lead.,Its deployment to date is one pilot fleet running daily at a single design partner's warehouse.,"It has completed a SOC 2 Type II audit, with the report available in its data room.",Its patent filing is a provisional application that is still pending.,204.6,186.9,356.2,346.2,204.432,186.852,408.632,348.056,14,14,14,14,TRUE,TRUE,TRUE,TRUE,FALSE,FALSE,FALSE,FALSE,3,FALSE,1,45,Male,0,"ETF or ETC, Crowdfunding",White,Canada,Canada,Full-Time,Maybe a little,Testing memory of slide deck info.,1757,1920,911
684,disclosure,2,2,hq_first,1,3,2,4,Curato,Foliant,Ironhall,Pulsegrid,6b81ec39,08321160,87b7dfe9,e7f29679,AI Training Data,Enterprise Knowledge Retrieval,Edge-AI Hardware,AI Observability,2,3,1,4,2,3,4,1,2,1,3,4,5,4,5,3,45,25,20,10,1,1,0,1,0.5,1.5,20,15,92,87,40,79,5,4,5,3,5,4,Its founders built data infrastructure together at a leading AI-data company and left senior roles to work on Curato full-time.,Its most advanced customer engagement is a pilot in two practice groups at a law firm.,"Its industrial certification is still in testing, and its first module is installing on a pilot line this quarter.","It is pre-revenue, with an open-beta cohort scheduled to start next month.",198.1,219.7,188,189.7,260.316,219.712,188.064,189.691,14,14,14,14,TRUE,TRUE,TRUE,TRUE,FALSE,FALSE,FALSE,FALSE,2,FALSE,1,29,Female,5,"ETF or ETC, Stock Market, Government Bonds, Crowdfunding, Private Equity fund",White,United Kingdom,United Kingdom,Full-Time,No,if the participant could retain all the information about the different ventures and then come to a conclusion on what they would do after reading this information.,2130,1280,712
685,disclosure,5,9,lq_first,3,1,4,2,Ironhall,Servora,Foliant,Curato,b5fef669,e55a120c,fa1fe22c,14efa601,Edge-AI Hardware,AI Inference Infrastructure,Enterprise Knowledge Retrieval,AI Training Data,3,2,4,1,3,2,4,1,1,4,3,2,6,4,7,3,35,7,55,3,1,1,1,1,0,3,-8,40,68,59,74,65,6,4,7,3,1,1,Its module has passed independent industrial certification and already runs on live production lines.,Its patent filing is a provisional application that is still pending.,A bank customer has rolled Foliant out organization-wide after a successful pilot.,"Its founders are building Curato part-time alongside their current jobs, with the advisory board still forming.",80.3,123.8,110.6,91.3,80.322,123.881,110.501,91.378,14,14,14,14,TRUE,TRUE,TRUE,TRUE,FALSE,FALSE,FALSE,FALSE,1,FALSE,1,37,Female,8,"Private Equity fund, Unit trusts, Government Bonds",White,Canada,Ukraine,Unemployed (and job seeking),No,"I think this study was about how people evaluate startup investment opportunities and allocate funds based on factors such as market potential, traction, team experience, technology, and financial outlook.",1264,1299,724
687,disclosure,6,16,lq_first,3,1,4,2,Curato,Axonmesh,Ironhall,Servora,6b81ec39,4fe27fae,87b7dfe9,e06655dc,AI Training Data,Robotics Orchestration,Edge-AI Hardware,AI Inference Infrastructure,3,1,4,2,1,4,2,3,3,4,2,1,3,6,5,4,16,64,10,10,0,0,0,0,0,-1,30,-24,25,43,40,35,3,6,5,4,1,2,Its founders are academics who license the labelling technology from their university lab.,"Live fleets already coordinate robots in production at customer sites, billing recurring revenue.",It licenses its enclosure design to established equipment makers instead of manufacturing itself.,Its technology is patented by a university and licensed to the company exclusively.,10.2,7.7,26.8,7.7,10.199,7.784,26.955,7.683,14,14,14,14,TRUE,TRUE,TRUE,TRUE,FALSE,FALSE,FALSE,FALSE,1,FALSE,1,33,Female,1,"Unit trusts, Stock Market, Private Equity fund, Venture Capital fund, Crowdfunding, Other, ETF or ETC",White,United Kingdom,Poland,Full-Time,Maybe a little,to find out what customer would think to be more valuable to invest in,1439,1920,945
688,disclosure,3,7,hq_first,1,3,2,4,Sentyl,Servora,Axonmesh,Curato,bcd14e91,e55a120c,e6065b1a,14efa601,AI Security,AI Inference Infrastructure,Robotics Orchestration,AI Training Data,2,4,1,3,1,2,4,3,2,3,4,1,5,5,3,4,20,20,40,20,1,0,1,0,1.5,-0.5,-10,10,82,85,19,15,5,5,3,4,3,3,"It has completed a SOC 2 Type II audit, with the report available in its data room.","Its core patent has been granted, with further claims in prosecution.","Live fleets already coordinate robots in production at customer sites, billing recurring revenue.",Its founders built data infrastructure together at a leading AI-data company and left senior roles to work on Curato full-time.,100.2,66.1,202.3,67.1,100.104,65.939,202.36,66.934,14,14,14,14,TRUE,TRUE,TRUE,TRUE,FALSE,FALSE,FALSE,FALSE,1,FALSE,1,42,Male,1,"ETF or ETC, Stock Market, Options, Crowdfunding",Black,United States,United States,Full-Time,No,Seeing what information was retained in different slide styles.,1066,1920,911
690,disclosure,5,9,lq_first,3,1,4,2,Ironhall,Servora,Foliant,Curato,b5fef669,e55a120c,fa1fe22c,14efa601,Edge-AI Hardware,AI Inference Infrastructure,Enterprise Knowledge Retrieval,AI Training Data,4,1,3,2,4,1,2,3,1,3,2,4,6,5,6,5,20,22,24,34,0,0,0,0,0,1,-8,-6,70,60,76,69,6,5,6,5,6,5,"Its industrial certification is still in testing, and its first module is installing on a pilot line this quarter.",Its technology is patented by a university and licensed to the company exclusively.,Its most advanced customer engagement is a pilot in two practice groups at a law firm.,Its founders built data infrastructure together at a leading AI-data company and left senior roles to work on Curato full-time.,109.9,142.1,147.1,91.7,109.99,142.057,147.034,91.687,14,14,14,14,TRUE,TRUE,TRUE,TRUE,FALSE,FALSE,FALSE,FALSE,1,FALSE,1,35,Female,2,"Private Equity fund, Stock Market, Government Bonds",Asian,United Kingdom,India,Full-Time,No,about ventures who has the pitch deck ready to be reviewed and make a decision on which venture has impressive deck,838,1536,890
691,disclosure_explanation,8,16,lq_first,3,1,4,2,Curato,Axonmesh,Ironhall,Servora,6b81ec39,4fe27fae,87b7dfe9,e06655dc,AI Training Data,Robotics Orchestration,Edge-AI Hardware,AI Inference Infrastructure,4,2,3,1,1,2,3,4,2,4,1,3,6,6,5,4,20,30,20,30,1,1,1,1,1.5,0.5,0,-10,82,86,0,17,6,6,5,4,1,1,Its founders built data infrastructure together at a leading AI-data company and left senior roles to work on Curato full-time.,Its deployment to date is one pilot fleet running daily at a single design partner's warehouse.,Its module has passed independent industrial certification and already runs on live production lines.,Its patent filing is a provisional application that is still pending.,96.8,137,125.8,174.1,96.835,136.725,125.71,173.933,14,14,14,14,TRUE,TRUE,TRUE,TRUE,FALSE,FALSE,FALSE,FALSE,1,FALSE,1,44,Male,0,"ETF or ETC, Government Bonds, Stock Market, Unit trusts, Options, Crowdfunding",White,United States,United States,Full-Time,No,Judging if pitches are perceived differently based on quality of design presentation,832,1920,919
692,control,1,15,lq_first,3,1,4,2,Servora,Sentyl,Curato,Axonmesh,737deb7d,90a19744,cbc833b1,c7e2221f,AI Inference Infrastructure,AI Security,AI Training Data,Robotics Orchestration,4,2,3,1,4,1,2,3,3,2,4,1,5,5,3,3,40,50,10,0,1,0,1,0,2,0,40,0,77,65,11,14,5,5,3,3,5,6,"Its core patent has been granted, with further claims in prosecution.",It has decided to defer formal security audits until after this funding round.,Its founders built data infrastructure together at a leading AI-data company and left senior roles to work on Curato full-time.,"Live fleets already coordinate robots in production at customer sites, billing recurring revenue.",97.2,153.5,137.3,194.7,97.131,153.404,137.298,194.862,14,14,14,14,TRUE,TRUE,TRUE,TRUE,FALSE,FALSE,FALSE,FALSE,1,FALSE,1,67,Female,1,"Government Bonds, Stock Market, Private Equity fund",White,United Kingdom,United Kingdom,"Not in paid work (e.g. homemaker', 'retired or disabled)",Maybe a little,"It definitely wasn't about rating start-ups. Possibly whether names would be retained in people's memories when nothing else about the company was interesting to the average person? Otherwise I see no point in being asked to remember the names, only to find them in random order at the end.",1219,1222,585
697,disclosure_explanation,7,5,hq_first,1,3,2,4,Pulsegrid,Sentyl,Paperloom,Axonmesh,dff2e369,90a19744,081e5fb5,c7e2221f,AI Observability,AI Security,Document Automation,Robotics Orchestration,1,4,2,3,3,4,2,1,2,4,1,3,5,4,7,7,20,10,50,20,0,1,1,1,-2.5,0.5,-20,20,36,20,81,58,5,4,7,7,1,7,"It is pre-revenue, with an open-beta cohort scheduled to start next month.",Its SOC 2 Type II audit is scheduled but has not yet taken place.,An independent certification firm has completed an audit of its extraction accuracy and verified a benchmark lead.,Its deployment to date is one pilot fleet running daily at a single design partner's warehouse.,181.7,191.7,219.9,201,198.453,228.038,228.733,249.47,14,14,14,14,TRUE,TRUE,TRUE,TRUE,FALSE,FALSE,FALSE,FALSE,1,FALSE,1,52,Female,0,"Stock Market, Options, Crowdfunding",White,United States,United States,Other,Maybe a little,"I think it was about two things. One, perceptions of where investment money should be spent based on the current stage and organization of an existing venture/company. For example, are people more willing to allocate money to someone who has two full time founders versus part time? Does it make a difference if a pilot has already started for a company? Does it matter if there are existing clients? Two, I think it may be looking for people's views on which type of software is more necessary with the new AI technology in business.",1349,1920,911
698,disclosure,3,13,lq_first,3,1,4,2,Sentyl,Pulsegrid,Axonmesh,Paperloom,bcd14e91,2055e10c,e6065b1a,e20d4e90,AI Security,AI Observability,Robotics Orchestration,Document Automation,4,1,3,2,4,2,3,1,4,3,1,2,4,4,6,7,25,25,25,25,0,1,1,1,-2.5,-0.5,0,0,100,100,0,0,4,4,6,7,1,1,Its compliance certifications are inherited from its cloud hosting provider.,"It is pre-revenue, with an open-beta cohort scheduled to start next month.","Live fleets already coordinate robots in production at customer sites, billing recurring revenue.",An independent benchmark of its extraction accuracy is in progress but not yet finished.,47.7,56.4,66.4,40.6,47.647,56.465,66.263,40.596,14,14,14,14,TRUE,TRUE,TRUE,TRUE,FALSE,FALSE,FALSE,FALSE,1,FALSE,1,41,Female,4,"Stock Market, Private Equity fund",Mixed,United States,United States,Full-Time,No,This study was about presentation judgement.,751,1280,681
699,disclosure,4,4,hq_first,1,3,2,4,Foliant,Paperloom,Pulsegrid,Sentyl,46c0bf32,84f4d358,f5bfffe5,bfc6f4d0,Enterprise Knowledge Retrieval,Document Automation,AI Observability,AI Security,1,3,2,4,1,2,3,4,4,1,2,3,5,4,2,2,5,60,15,20,0,0,1,0,2.5,0.5,15,-30,74,54,17,8,5,4,2,2,5,6,Its most advanced customer engagement is a pilot in two practice groups at a law firm.,"It does not permit external accuracy audits, citing customer confidentiality.","Paying customers run it on production models, and it generates annual recurring revenue.","It has completed a SOC 2 Type II audit, with the report available in its data room.",120.3,62.5,167.7,66.4,120.221,62.658,167.698,66.203,14,14,14,14,TRUE,TRUE,TRUE,TRUE,FALSE,FALSE,FALSE,FALSE,1,FALSE,1,35,Male,5,"ETF or ETC, Crowdfunding",White,France,France,Full-Time,Maybe a little,"In my opinion, the study focused on the relationship between an attractive visual presentation and the willingness to invest in it.",963,1536,729
700,disclosure_explanation,7,8,hq_first,1,3,2,4,Axonmesh,Curato,Servora,Ironhall,f36cc003,37c0ca72,574d1367,817f1201,Robotics Orchestration,AI Training Data,AI Inference Infrastructure,Edge-AI Hardware,2,4,1,3,1,4,3,2,1,3,2,4,5,3,7,3,10,0,90,0,1,1,1,1,-1,3,-40,50,76,81,87,17,5,3,7,3,1,1,"Live fleets already coordinate robots in production at customer sites, billing recurring revenue.","Its founders are building Curato part-time alongside their current jobs, with the advisory board still forming.","Its core patent has been granted, with further claims in prosecution.","Its industrial certification is still in testing, and its first module is installing on a pilot line this quarter.",104.5,353,56,167.5,104.533,352.898,55.803,246.723,14,14,14,14,TRUE,TRUE,TRUE,TRUE,FALSE,FALSE,FALSE,FALSE,2,FALSE,1,37,Other,0,Crowdfunding,Mixed,United States,United States,Other,No,Something to do with trying to see how we retained information with different visual styles and across different abstract projects,1267,1536,695
701,disclosure,2,6,hq_first,1,3,2,4,Paperloom,Axonmesh,Sentyl,Servora,340b9ba1,4fe27fae,0566fd88,e06655dc,Document Automation,Robotics Orchestration,AI Security,AI Inference Infrastructure,2,4,1,3,4,3,1,2,4,1,2,3,5,6,5,6,15,25,35,25,1,0,1,0,0,-1,-10,0,76,83,51,79,5,6,5,6,5,4,An independent certification firm has completed an audit of its extraction accuracy and verified a benchmark lead.,"Live fleets already coordinate robots in production at customer sites, billing recurring revenue.","It has completed a SOC 2 Type II audit, with the report available in its data room.",Its technology is patented by a university and licensed to the company exclusively.,100.3,133.3,92.2,125.7,100.352,155.054,92.103,138.779,14,14,14,14,TRUE,TRUE,TRUE,TRUE,FALSE,FALSE,FALSE,FALSE,1,FALSE,1,58,Female,3,Crowdfunding,Black,United States,United States,Full-Time,Maybe a little,"I think the study reflects about people evaluations towards startup ventures. Moreover, how people make an investment based on information presented",1126,1920,911
702,disclosure,3,14,lq_first,3,1,4,2,Axonmesh,Paperloom,Servora,Sentyl,f36cc003,84f4d358,574d1367,bfc6f4d0,Robotics Orchestration,Document Automation,AI Inference Infrastructure,AI Security,4,1,3,2,4,3,1,2,1,4,3,2,6,5,NA,6,40,20,NA,25,1,1,NA,1,NA,NA,NA,NA,61,9,25,34,6,5,5,6,5,6,"Live fleets already coordinate robots in production at customer sites, billing recurring revenue.",An independent benchmark of its extraction accuracy is in progress but not yet finished.,Its patent filing is a provisional application that is still pending.,Its SOC 2 Type II audit is scheduled but has not yet taken place.,426.4,381.8,23.9,350.7,426.583,381.773,23.736,350.767,14,14,14,14,TRUE,TRUE,FALSE,TRUE,FALSE,FALSE,TRUE,FALSE,2,FALSE,1,41,Male,9,"ETF or ETC, Stock Market, Private Equity fund",White,United States,United States,Full-Time,No,"its very challenging, fun and educative",2367,1280,593
705,disclosure_explanation,8,2,hq_first,1,3,2,4,Curato,Foliant,Ironhall,Pulsegrid,6b81ec39,08321160,87b7dfe9,e7f29679,AI Training Data,Enterprise Knowledge Retrieval,Edge-AI Hardware,AI Observability,2,3,1,4,1,3,4,2,1,2,4,3,6,2,7,2,30,0,70,0,1,1,0,1,-0.5,4.5,-20,50,14,48,92,59,6,2,7,2,6,5,Its founders built data infrastructure together at a leading AI-data company and left senior roles to work on Curato full-time.,Its most advanced customer engagement is a pilot in two practice groups at a law firm.,"Its industrial certification is still in testing, and its first module is installing on a pilot line this quarter.","It is pre-revenue, with an open-beta cohort scheduled to start next month.",319.4,128.9,392.6,117.5,324.341,129.089,392.625,117.574,14,14,14,14,TRUE,TRUE,TRUE,TRUE,FALSE,FALSE,FALSE,FALSE,1,FALSE,1,36,Male,2,"Stock Market, ETF or ETC, Other, Crowdfunding, Options",White,United States,United States,Full-Time,No,To understand why people make certain investment choices,1591,1536,737
709,disclosure,4,16,lq_first,3,1,4,2,Curato,Axonmesh,Ironhall,Servora,6b81ec39,4fe27fae,87b7dfe9,e06655dc,AI Training Data,Robotics Orchestration,Edge-AI Hardware,AI Inference Infrastructure,3,2,4,1,4,1,3,2,2,4,1,3,5,5,7,6,5,5,40,50,1,1,1,0,-1.5,0.5,-40,-5,84,80,86,86,5,5,7,6,1,1,Its founders built data infrastructure together at a leading AI-data company and left senior roles to work on Curato full-time.,Its deployment to date is one pilot fleet running daily at a single design partner's warehouse.,Its module has passed independent industrial certification and already runs on live production lines.,"Its core patent has been granted, with further claims in prosecution.",192.8,207.9,147.9,175.5,192.617,207.886,147.925,175.617,14,14,14,14,TRUE,TRUE,TRUE,TRUE,FALSE,FALSE,FALSE,FALSE,1,FALSE,1,52,Male,0,"ETF or ETC, Government Bonds, Stock Market, Unit trusts, Options, Other, Crowdfunding",White,United States,United States,Part-Time,Maybe a little,looking at startup pitch decks and picking the ones we want to invest in regardless of the visual design of the deck,1561,1847,1147
710,disclosure,6,14,lq_first,3,1,4,2,Axonmesh,Paperloom,Servora,Sentyl,f36cc003,84f4d358,574d1367,bfc6f4d0,Robotics Orchestration,Document Automation,AI Inference Infrastructure,AI Security,3,1,4,2,4,2,1,3,2,4,1,3,5,6,2,5,25,35,20,20,0,1,1,1,2,-2,10,-5,95,79,4,39,5,6,2,5,1,1,Its coordination software has so far run only in simulation.,An independent benchmark of its extraction accuracy is in progress but not yet finished.,"Its core patent has been granted, with further claims in prosecution.",Its SOC 2 Type II audit is scheduled but has not yet taken place.,151.3,240.5,154.2,222.4,151.263,240.453,154.151,222.509,14,14,14,14,TRUE,TRUE,TRUE,TRUE,FALSE,FALSE,FALSE,FALSE,1,FALSE,1,57,Female,1,Private Equity fund,White,United Kingdom,United Kingdom,Part-Time,No,examining how quickly you moved through a stack as the info got harder to think about,1672,1412,731
712,disclosure,5,1,hq_first,1,3,2,4,Servora,Ironhall,Curato,Foliant,737deb7d,3e0eedc2,cbc833b1,3eed90b1,AI Inference Infrastructure,Edge-AI Hardware,AI Training Data,Enterprise Knowledge Retrieval,2,4,1,3,2,3,4,1,1,4,3,2,6,5,3,6,0,50,0,50,1,0,0,0,1,-1,0,-50,75,91,20,27,6,5,3,6,1,1,"Its core patent has been granted, with further claims in prosecution.",Its module has passed independent industrial certification and already runs on live production lines.,"An outside CEO was hired to lead the company, with the founders in technical roles.",A bank customer has rolled Foliant out organization-wide after a successful pilot.,90.3,34.1,78,46.8,90.227,34.172,77.965,46.724,14,14,14,14,TRUE,TRUE,TRUE,TRUE,FALSE,FALSE,FALSE,FALSE,3,FALSE,1,40,Male,1,"ETF or ETC, Government Bonds, Stock Market, Options, Private Equity fund, Crowdfunding, Other",White,Canada,Canada,Full-Time,No,Perception of information based on how it is presented?,669,3440,1271
713,control,1,10,lq_first,3,1,4,2,Foliant,Curato,Pulsegrid,Ironhall,46c0bf32,37c0ca72,f5bfffe5,817f1201,Enterprise Knowledge Retrieval,AI Training Data,AI Observability,Edge-AI Hardware,4,1,3,2,4,1,3,2,1,3,2,4,6,5,2,2,20,60,10,10,1,0,1,0,3.5,0.5,30,-20,81,36,7,0,6,5,2,2,3,4,A bank customer has rolled Foliant out organization-wide after a successful pilot.,Its founders built data infrastructure together at a leading AI-data company and left senior roles to work on Curato full-time.,"Paying customers run it on production models, and it generates annual recurring revenue.",Its module has passed independent industrial certification and already runs on live production lines.,66.6,76.3,88.1,53.7,66.782,76.46,88.158,53.501,14,14,14,14,TRUE,TRUE,TRUE,TRUE,FALSE,FALSE,FALSE,FALSE,2,FALSE,1,32,Male,1,"ETF or ETC, Government Bonds, Stock Market, Crowdfunding",Asian,United Kingdom,United Kingdom,Full-Time,No,attention span based on specifics of slide deck,736,3424,1319
714,disclosure_explanation,7,15,lq_first,3,1,4,2,Servora,Sentyl,Curato,Axonmesh,737deb7d,90a19744,cbc833b1,c7e2221f,AI Inference Infrastructure,AI Security,AI Training Data,Robotics Orchestration,4,1,3,2,2,4,3,1,1,4,3,2,6,7,5,3,30,25,20,25,1,1,1,1,2.5,0.5,5,0,86,94,66,31,6,7,5,3,6,4,"Its core patent has been granted, with further claims in prosecution.",Its SOC 2 Type II audit is scheduled but has not yet taken place.,Its founders built data infrastructure together at a leading AI-data company and left senior roles to work on Curato full-time.,Its deployment to date is one pilot fleet running daily at a single design partner's warehouse.,136.9,62.3,15.9,108.6,136.676,68.287,15.785,108.525,14,14,14,14,TRUE,TRUE,TRUE,TRUE,FALSE,FALSE,FALSE,FALSE,1,FALSE,1,23,Female,0,"Stock Market, Options, Angel syndicate",Other,United States,Dominican Republic,Unemployed (and job seeking),Maybe a little,"Im guessing how people make investment decisions when reviewing startup pitch decks, and maybe whether looks can affect the pitch (like how the slides looked)",719,1710,951
716,disclosure,3,5,hq_first,1,3,2,4,Pulsegrid,Sentyl,Paperloom,Axonmesh,dff2e369,90a19744,081e5fb5,c7e2221f,AI Observability,AI Security,Document Automation,Robotics Orchestration,2,3,1,4,4,3,1,2,2,3,4,1,5,3,6,3,35,10,10,45,1,1,1,1,-0.5,2.5,-5,-5,46,47,73,57,5,3,6,3,3,2,"Paying customers run it on production models, and it generates annual recurring revenue.",Its SOC 2 Type II audit is scheduled but has not yet taken place.,An independent certification firm has completed an audit of its extraction accuracy and verified a benchmark lead.,Its deployment to date is one pilot fleet running daily at a single design partner's warehouse.,118,93.5,615.8,92.2,118.032,93.572,619.344,92.146,14,14,14,14,TRUE,TRUE,TRUE,TRUE,FALSE,FALSE,FALSE,FALSE,1,FALSE,1,33,Female,2,"Stock Market, Crowdfunding",White,United States,United States,Full-Time,No,see if visuals of presentations has anything to do with how the make their discissions,1785,1920,1065
718,disclosure_explanation,8,16,lq_first,3,1,4,2,Curato,Axonmesh,Ironhall,Servora,6b81ec39,4fe27fae,87b7dfe9,e06655dc,AI Training Data,Robotics Orchestration,Edge-AI Hardware,AI Inference Infrastructure,4,1,3,2,3,4,2,1,1,4,2,3,1,1,4,4,25,25,25,25,1,1,1,1,-3,0,0,0,27,14,0,17,1,1,4,4,1,1,Its founders built data infrastructure together at a leading AI-data company and left senior roles to work on Curato full-time.,Its deployment to date is one pilot fleet running daily at a single design partner's warehouse.,Its module has passed independent industrial certification and already runs on live production lines.,Its patent filing is a provisional application that is still pending.,73.3,85.5,124.5,61.6,73.368,85.491,124.584,61.616,14,14,14,14,TRUE,TRUE,TRUE,TRUE,FALSE,FALSE,FALSE,FALSE,2,FALSE,1,70,Male,0,"Private Equity fund, Unit trusts, Stock Market, Government Bonds, ETF or ETC",White,United Kingdom,United Kingdom,"Not in paid work (e.g. homemaker', 'retired or disabled)",No,"I truly have no idea. 2 of the 4 slide decks were unreadable on my PC screen, Faint and very small text on a grey background made them near impossible to read clearly even when I used Ctrl + and - to try and alter the screen size. What I could read was jargon heavy and content light and I have no idea what any of the 4 pitches was about. Sorry I tried hard but failed impressively. No clue.",915,1208,536
719,disclosure,3,6,hq_first,1,3,2,4,Paperloom,Axonmesh,Sentyl,Servora,340b9ba1,4fe27fae,0566fd88,e06655dc,Document Automation,Robotics Orchestration,AI Security,AI Inference Infrastructure,2,4,1,3,4,1,2,3,2,1,4,3,5,5,7,4,20,40,20,20,0,1,0,0,-0.5,1.5,10,-10,45,76,35,17,5,5,7,4,3,2,"It does not permit external accuracy audits, citing customer confidentiality.",Its deployment to date is one pilot fleet running daily at a single design partner's warehouse.,It has decided to defer formal security audits until after this funding round.,"Its core patent has been granted, with further claims in prosecution.",104.2,72.1,135.3,74,104.451,71.973,135.345,73.969,14,14,14,14,TRUE,TRUE,TRUE,TRUE,FALSE,FALSE,FALSE,FALSE,2,FALSE,1,25,Male,0,"Government Bonds, ETF or ETC, Stock Market, Angel syndicate, Unit trusts, Private Equity fund, Options, Venture Capital fund, Crowdfunding",White,United States,United States,Other,No,what startups related to ai people would invest in after seeing the pitch layed out,872,1920,937
720,disclosure,6,7,hq_first,1,3,2,4,Sentyl,Servora,Axonmesh,Curato,bcd14e91,e55a120c,e6065b1a,14efa601,AI Security,AI Inference Infrastructure,Robotics Orchestration,AI Training Data,1,4,2,3,4,2,3,1,2,4,1,3,6,5,7,3,50,0,50,0,1,0,1,0,0.5,2.5,0,50,71,34,85,25,6,5,7,3,3,5,"It has completed a SOC 2 Type II audit, with the report available in its data room.",Its technology is patented by a university and licensed to the company exclusively.,"Live fleets already coordinate robots in production at customer sites, billing recurring revenue.",Its founders are academics who license the labelling technology from their university lab.,294,105.2,413.8,27.5,294.138,105.212,413.72,27.467,14,1,14,1,TRUE,TRUE,TRUE,TRUE,FALSE,FALSE,FALSE,FALSE,1,FALSE,1,47,Male,3,"Stock Market, Government Bonds, Venture Capital fund, Options",White,United States,United States,"Not in paid work (e.g. homemaker', 'retired or disabled)",No,"Pitch deck structure built around four questions: market opportunity, solution, growth potential, and team advantage. As well as the ability to recognize it.",1418,1592,776
724,disclosure,5,7,hq_first,1,3,2,4,Sentyl,Servora,Axonmesh,Curato,bcd14e91,e55a120c,e6065b1a,14efa601,AI Security,AI Inference Infrastructure,Robotics Orchestration,AI Training Data,1,3,2,4,4,1,2,3,4,1,3,2,3,4,7,3,5,5,70,20,1,1,0,1,-1.5,1.5,-40,25,99,91,3,3,3,4,7,3,1,1,"It has completed a SOC 2 Type II audit, with the report available in its data room.",Its patent filing is a provisional application that is still pending.,Its deployment to date is one pilot fleet running daily at a single design partner's warehouse.,"Its founders are building Curato part-time alongside their current jobs, with the advisory board still forming.",181.6,120.3,199.2,101.8,181.487,120.181,199.39,101.89,14,14,14,14,TRUE,TRUE,TRUE,TRUE,FALSE,FALSE,FALSE,FALSE,2,FALSE,1,28,Male,0,"ETF or ETC, Government Bonds, Stock Market, Private Equity fund, Crowdfunding",White,United States,United States,Full-Time,No,Evaluating pitch decks based on content and not looks.,974,2560,1305
727,disclosure_explanation,8,11,lq_first,3,1,4,2,Pulsegrid,Ironhall,Paperloom,Foliant,dff2e369,3e0eedc2,081e5fb5,3eed90b1,AI Observability,Edge-AI Hardware,Document Automation,Enterprise Knowledge Retrieval,3,2,4,1,2,4,3,1,3,1,4,2,6,3,7,4,35,8,45,12,1,1,1,1,-1,3,-7,30,65,65,81,66,6,3,7,4,1,1,"Paying customers run it on production models, and it generates annual recurring revenue.","Its industrial certification is still in testing, and its first module is installing on a pilot line this quarter.",An independent certification firm has completed an audit of its extraction accuracy and verified a benchmark lead.,Its most advanced customer engagement is a pilot in two practice groups at a law firm.,227.1,332.7,215,276.1,227.019,332.782,214.95,276.119,14,14,14,14,TRUE,TRUE,TRUE,TRUE,FALSE,FALSE,FALSE,FALSE,2,FALSE,1,38,Female,4,"Stock Market, Government Bonds, Private Equity fund",Black,Canada,Nigeria,Full-Time,No,"It's about how people evaluate startup investment opportunities and funding decisions based on factors such as market potential, traction, business model, team members and financial outlook.",3071,2018,978
728,disclosure_explanation,8,5,hq_first,1,3,2,4,Pulsegrid,Sentyl,Paperloom,Axonmesh,dff2e369,90a19744,081e5fb5,c7e2221f,AI Observability,AI Security,Document Automation,Robotics Orchestration,1,3,2,4,4,2,1,3,3,2,1,4,7,5,3,5,65,25,5,5,1,1,1,1,2,0,40,20,94,89,7,1,7,5,3,5,4,4,"Paying customers run it on production models, and it generates annual recurring revenue.",Its SOC 2 Type II audit is scheduled but has not yet taken place.,An independent certification firm has completed an audit of its extraction accuracy and verified a benchmark lead.,Its deployment to date is one pilot fleet running daily at a single design partner's warehouse.,155.7,101.3,177.9,91,155.625,101.101,177.888,91.1,14,14,14,14,TRUE,TRUE,TRUE,TRUE,FALSE,FALSE,FALSE,FALSE,1,FALSE,1,33,Female,1,"Crowdfunding, Stock Market",White,United Kingdom,United Kingdom,Full-Time,No,if the visuals of the deck did impact investment decisions,876,1694,906
732,disclosure,5,11,lq_first,3,1,4,2,Pulsegrid,Ironhall,Paperloom,Foliant,dff2e369,3e0eedc2,081e5fb5,3eed90b1,AI Observability,Edge-AI Hardware,Document Automation,Enterprise Knowledge Retrieval,3,1,4,2,1,4,3,2,2,1,4,3,6,4,7,4,22,17,18,43,0,0,1,1,-0.5,2.5,-11,-10,83,64,35,72,6,4,7,4,1,1,Its revenue comes chiefly from paid consulting and integration projects.,Its module has passed independent industrial certification and already runs on live production lines.,An independent certification firm has completed an audit of its extraction accuracy and verified a benchmark lead.,Its most advanced customer engagement is a pilot in two practice groups at a law firm.,72.7,40.8,85.9,52.7,72.539,40.61,86.107,52.604,14,14,14,14,TRUE,TRUE,TRUE,TRUE,FALSE,FALSE,FALSE,FALSE,1,FALSE,1,43,Female,12,"ETF or ETC, Government Bonds, Stock Market, Options, Venture Capital fund, Other, Crowdfunding",White,United States,United States,Full-Time,No,not sure sorry,628,1688,872
735,disclosure,6,13,lq_first,3,1,4,2,Sentyl,Pulsegrid,Axonmesh,Paperloom,bcd14e91,2055e10c,e6065b1a,e20d4e90,AI Security,AI Observability,Robotics Orchestration,Document Automation,3,2,4,1,2,1,4,3,4,1,3,2,6,5,4,4,20,20,30,30,1,1,1,1,1.5,0.5,-10,0,77,39,25,24,6,5,4,4,5,6,"It has completed a SOC 2 Type II audit, with the report available in its data room.","It is pre-revenue, with an open-beta cohort scheduled to start next month.","Live fleets already coordinate robots in production at customer sites, billing recurring revenue.",An independent benchmark of its extraction accuracy is in progress but not yet finished.,16.5,10.7,7.1,32,16.548,10.7,7.183,31.936,4,3,5,4,TRUE,TRUE,TRUE,TRUE,FALSE,FALSE,FALSE,FALSE,3,FALSE,1,55,Female,2,"Stock Market, Government Bonds, ETF or ETC, Private Equity fund, Other",Asian,Canada,Canada,NA,Maybe a little,Best way to invest in designs of companies,802,1920,945
736,disclosure,2,13,lq_first,3,1,4,2,Sentyl,Pulsegrid,Axonmesh,Paperloom,bcd14e91,2055e10c,e6065b1a,e20d4e90,AI Security,AI Observability,Robotics Orchestration,Document Automation,4,1,3,2,1,2,4,3,1,3,4,2,6,5,7,6,60,3,2,35,1,1,1,1,-1,1,13,12,91,75,68,71,6,5,7,6,1,1,"It has completed a SOC 2 Type II audit, with the report available in its data room.","It is pre-revenue, with an open-beta cohort scheduled to start next month.","Live fleets already coordinate robots in production at customer sites, billing recurring revenue.",An independent benchmark of its extraction accuracy is in progress but not yet finished.,45.4,59.9,39.3,54.9,136.513,123.77,113.101,125.673,14,14,14,14,TRUE,TRUE,TRUE,TRUE,FALSE,FALSE,FALSE,FALSE,1,FALSE,1,25,Male,1,"ETF or ETC, Stock Market, Crowdfunding, Other",White,United States,United States,Full-Time,No,"I think it was mostly about how people judge startups and whether the way a pitch deck looks changes how good they think the company actually is. They kept pointing out that the design had nothing to do with the founders or the business itself, so I’m guessing they wanted to see how much the actual business details mattered compared to the overall look and feel of the deck.",1557,1920,919
738,control,1,12,lq_first,3,1,4,2,Paperloom,Foliant,Sentyl,Pulsegrid,340b9ba1,08321160,0566fd88,e7f29679,Document Automation,Enterprise Knowledge Retrieval,AI Security,AI Observability,4,1,3,2,3,1,2,4,4,1,3,2,5,4,6,4,20,10,60,10,1,1,1,1,-0.5,1.5,-20,30,63,87,61,57,5,4,6,4,4,4,An independent certification firm has completed an audit of its extraction accuracy and verified a benchmark lead.,Its most advanced customer engagement is a pilot in two practice groups at a law firm.,"It has completed a SOC 2 Type II audit, with the report available in its data room.","It is pre-revenue, with an open-beta cohort scheduled to start next month.",128,383.9,137.2,237.3,127.969,383.972,137.228,237.277,14,14,14,14,TRUE,TRUE,TRUE,TRUE,FALSE,FALSE,FALSE,FALSE,1,FALSE,1,50,Female,5,"Stock Market, Private Equity fund",Mixed,United States,United States,Full-Time,Maybe a little,What I would personally invest in based on presentation.,1641,1740,844
741,disclosure,4,8,hq_first,1,3,2,4,Axonmesh,Curato,Servora,Ironhall,f36cc003,37c0ca72,574d1367,817f1201,Robotics Orchestration,AI Training Data,AI Inference Infrastructure,Edge-AI Hardware,2,3,1,4,4,1,2,3,1,2,4,3,5,3,6,4,20,10,50,20,1,1,1,1,-1,2,-20,20,88,85,31,25,5,3,6,4,1,1,"Live fleets already coordinate robots in production at customer sites, billing recurring revenue.","Its founders are building Curato part-time alongside their current jobs, with the advisory board still forming.","Its core patent has been granted, with further claims in prosecution.","Its industrial certification is still in testing, and its first module is installing on a pilot line this quarter.",220.7,277.3,300.8,294.5,220.781,277.443,300.861,294.453,14,14,14,14,TRUE,TRUE,TRUE,TRUE,FALSE,FALSE,FALSE,FALSE,1,FALSE,1,57,Female,30,"Stock Market, Government Bonds, Angel syndicate, Options",Mixed,United States,United States,Full-Time,Maybe a little,What investors look for in start up companies to fund,1511,1440,812
742,control,1,15,lq_first,3,1,4,2,Servora,Sentyl,Curato,Axonmesh,737deb7d,90a19744,cbc833b1,c7e2221f,AI Inference Infrastructure,AI Security,AI Training Data,Robotics Orchestration,4,2,3,1,4,2,1,3,4,3,2,1,7,7,5,4,50,10,20,20,1,0,1,0,2.5,0.5,10,20,89,88,84,36,7,7,5,4,7,7,"Its core patent has been granted, with further claims in prosecution.","It has completed a SOC 2 Type II audit, with the report available in its data room.",Its founders built data infrastructure together at a leading AI-data company and left senior roles to work on Curato full-time.,"Live fleets already coordinate robots in production at customer sites, billing recurring revenue.",99.6,55.7,54.1,117.7,99.441,55.4,54.1,117.746,14,14,14,14,TRUE,TRUE,TRUE,TRUE,FALSE,FALSE,FALSE,FALSE,1,FALSE,1,39,Male,4,"Stock Market, Government Bonds, Crowdfunding",White,United States,United States,Full-Time,No,I think it describes company's that are in the Ai and Ai security field. They each describe different things and report how much money they make and how much they are raising for each company.,980,1536,730
743,disclosure,2,2,hq_first,1,3,2,4,Curato,Foliant,Ironhall,Pulsegrid,6b81ec39,08321160,87b7dfe9,e7f29679,AI Training Data,Enterprise Knowledge Retrieval,Edge-AI Hardware,AI Observability,1,3,2,4,3,1,2,4,2,4,1,3,2,2,6,5,0,0,75,25,0,1,0,1,-3.5,0.5,-50,25,5,84,62,64,2,2,6,5,5,4,Its founders are academics who license the labelling technology from their university lab.,Its most advanced customer engagement is a pilot in two practice groups at a law firm.,It licenses its enclosure design to established equipment makers instead of manufacturing itself.,"It is pre-revenue, with an open-beta cohort scheduled to start next month.",158.7,205.4,153.5,164,158.652,205.534,153.391,164.245,14,14,14,14,TRUE,TRUE,TRUE,TRUE,FALSE,FALSE,FALSE,FALSE,3,FALSE,1,47,Male,6,"ETF or ETC, Stock Market, Options, Private Equity fund, Crowdfunding",Asian,Canada,Canada,Other,No,How users judge presentations when there is money involved at the end.  How do people's perceptions and attentiveness change.,1418,1920,1031
744,disclosure,6,16,lq_first,3,1,4,2,Curato,Axonmesh,Ironhall,Servora,6b81ec39,4fe27fae,87b7dfe9,e06655dc,AI Training Data,Robotics Orchestration,Edge-AI Hardware,AI Inference Infrastructure,3,1,4,2,1,4,2,3,1,2,3,4,5,3,5,4,60,0,40,0,1,1,1,1,-0.5,1.5,10,50,73,39,76,3,5,3,5,4,1,1,Its founders built data infrastructure together at a leading AI-data company and left senior roles to work on Curato full-time.,Its deployment to date is one pilot fleet running daily at a single design partner's warehouse.,Its module has passed independent industrial certification and already runs on live production lines.,Its patent filing is a provisional application that is still pending.,110.9,96.2,123.2,95.8,110.791,96.303,123.237,95.741,14,14,14,14,TRUE,TRUE,TRUE,TRUE,FALSE,FALSE,FALSE,FALSE,1,FALSE,1,28,Female,0,"Stock Market, Government Bonds, ETF or ETC, Private Equity fund",Asian,Canada,Canada,Full-Time,No,To see which advancements in AI tech people think are the most interesting/have the most potential use?,727,1920,953
746,disclosure_explanation,7,10,lq_first,3,1,4,2,Foliant,Curato,Pulsegrid,Ironhall,46c0bf32,37c0ca72,f5bfffe5,817f1201,Enterprise Knowledge Retrieval,AI Training Data,AI Observability,Edge-AI Hardware,3,2,4,1,4,1,2,3,3,2,4,1,4,6,4,5,20,10,50,20,0,0,0,1,0.5,-1.5,-20,20,62,87,83,68,4,6,4,5,5,6,Its most advanced customer engagement is a pilot in two practice groups at a law firm.,Its founders are academics who license the labelling technology from their university lab.,Its revenue comes chiefly from paid consulting and integration projects.,"Its industrial certification is still in testing, and its first module is installing on a pilot line this quarter.",7.9,100.1,14.7,161.6,7.8,99.861,14.681,161.543,8,14,14,14,TRUE,TRUE,TRUE,TRUE,FALSE,FALSE,FALSE,FALSE,1,FALSE,1,32,Female,2,"Stock Market, Crowdfunding",White,United States,United States,Full-Time,Maybe a little,determining tech decks,1541,1440,695
749,disclosure,3,3,hq_first,1,3,2,4,Ironhall,Pulsegrid,Foliant,Paperloom,b5fef669,2055e10c,fa1fe22c,e20d4e90,Edge-AI Hardware,AI Observability,Enterprise Knowledge Retrieval,Document Automation,1,4,2,3,4,2,3,1,4,1,3,2,7,2,6,4,43,4,41,12,1,1,1,1,-0.5,3.5,-3,34,90,70,87,67,7,2,6,4,1,1,Its module has passed independent industrial certification and already runs on live production lines.,"It is pre-revenue, with an open-beta cohort scheduled to start next month.",A bank customer has rolled Foliant out organization-wide after a successful pilot.,An independent benchmark of its extraction accuracy is in progress but not yet finished.,347.6,198.9,263.1,243.5,349.682,240.677,264.638,245.43,14,14,14,14,TRUE,TRUE,TRUE,TRUE,FALSE,FALSE,FALSE,FALSE,2,FALSE,1,39,Male,0,"Private Equity fund, Stock Market, Government Bonds, ETF or ETC",Mixed,Brazil,Brazil,Other,No,"I think the study was basically testing if people get distracted by shiny pitch decks. Even though they explicitly told us that a design agency made the slides and the looks had nothing to do with the actual business quality, they probably want to see if a cleaner, cooler design subconsciously tricks people into investing more money in the weaker startups (like Pulsegrid or Paperloom) instead of focusing just on the hard data and traction (like Ironhall and Foliant)",2535,1920,917
752,control,1,16,lq_first,3,1,4,2,Curato,Axonmesh,Ironhall,Servora,6b81ec39,4fe27fae,87b7dfe9,e06655dc,AI Training Data,Robotics Orchestration,Edge-AI Hardware,AI Inference Infrastructure,3,2,4,1,1,3,4,2,4,2,1,3,4,5,5,3,50,0,50,0,1,1,1,1,0.5,0.5,0,50,65,85,60,36,4,5,5,3,2,3,Its founders built data infrastructure together at a leading AI-data company and left senior roles to work on Curato full-time.,Its deployment to date is one pilot fleet running daily at a single design partner's warehouse.,Its module has passed independent industrial certification and already runs on live production lines.,Its patent filing is a provisional application that is still pending.,178.5,267.7,207.4,113.9,193.435,267.659,229.169,122.603,14,14,14,14,TRUE,TRUE,TRUE,TRUE,FALSE,FALSE,FALSE,FALSE,1,FALSE,1,36,Male,2,"ETF or ETC, Government Bonds, Stock Market, Crowdfunding",Prefer not to say,Canada,Canada,Full-Time,No,"Evaluating business pitches. I noticed that two companies already had investment, and were led by experienced founders. Two were led by rookies with no investment. So maybe it's about willingness to take risks?",1188,1607,872
754,disclosure,5,3,hq_first,1,3,2,4,Ironhall,Pulsegrid,Foliant,Paperloom,b5fef669,2055e10c,fa1fe22c,e20d4e90,Edge-AI Hardware,AI Observability,Enterprise Knowledge Retrieval,Document Automation,2,3,1,4,4,3,1,2,3,1,4,2,5,5,2,3,25,25,25,25,1,1,1,0,2.5,-0.5,0,0,59,82,27,31,5,5,2,3,1,1,Its module has passed independent industrial certification and already runs on live production lines.,"It is pre-revenue, with an open-beta cohort scheduled to start next month.",A bank customer has rolled Foliant out organization-wide after a successful pilot.,"It does not permit external accuracy audits, citing customer confidentiality.",80,77.8,178.6,113.3,79.922,77.925,178.447,113.286,14,14,14,14,TRUE,TRUE,TRUE,TRUE,FALSE,FALSE,FALSE,FALSE,2,FALSE,1,38,Female,0,Private Equity fund,Mixed,United States,United States,Full-Time,No,I have no idea,685,2552,1316
758,disclosure,4,6,hq_first,1,3,2,4,Paperloom,Axonmesh,Sentyl,Servora,340b9ba1,4fe27fae,0566fd88,e06655dc,Document Automation,Robotics Orchestration,AI Security,AI Inference Infrastructure,1,4,2,3,4,1,2,3,1,4,2,3,5,6,7,4,40,0,60,0,1,1,1,1,0,1,-10,50,34,67,88,25,5,6,7,4,4,3,An independent certification firm has completed an audit of its extraction accuracy and verified a benchmark lead.,Its deployment to date is one pilot fleet running daily at a single design partner's warehouse.,"It has completed a SOC 2 Type II audit, with the report available in its data room.",Its patent filing is a provisional application that is still pending.,223.8,164.8,188.9,171.2,223.609,164.807,188.978,170.997,14,14,14,14,TRUE,TRUE,TRUE,TRUE,FALSE,FALSE,FALSE,FALSE,1,FALSE,1,31,Male,1,"Stock Market, Private Equity fund, Venture Capital fund, Crowdfunding, Government Bonds, ETF or ETC, Unit trusts, Options, Other",Mixed,United States,United States,Full-Time,No,I think this study was used to observe how people absorb information and make an educated guess based on what was presented to them in a short span of time.,1286,1920,945
760,control,1,2,hq_first,1,3,2,4,Curato,Foliant,Ironhall,Pulsegrid,6b81ec39,08321160,87b7dfe9,e7f29679,AI Training Data,Enterprise Knowledge Retrieval,Edge-AI Hardware,AI Observability,2,4,1,3,3,1,2,4,2,1,4,3,5,5,6,4,20,20,50,10,1,1,1,1,0,1,-10,20,100,100,25,30,5,5,6,4,7,6,Its founders built data infrastructure together at a leading AI-data company and left senior roles to work on Curato full-time.,Its most advanced customer engagement is a pilot in two practice groups at a law firm.,Its module has passed independent industrial certification and already runs on live production lines.,"It is pre-revenue, with an open-beta cohort scheduled to start next month.",211.9,177.7,157.8,184.8,211.718,185.989,160.372,192.089,14,14,14,14,TRUE,TRUE,TRUE,TRUE,FALSE,FALSE,FALSE,FALSE,1,FALSE,1,21,Male,0,Private Equity fund,Asian,Brazil,Brazil,Unemployed (and job seeking),Maybe a little,"This study comes across both as a attention check of users and what we think is more profitable in the current AI landscape, be it software, hardware, or training data.",1333,1536,826
761,disclosure_explanation,8,10,lq_first,3,1,4,2,Foliant,Curato,Pulsegrid,Ironhall,46c0bf32,37c0ca72,f5bfffe5,817f1201,Enterprise Knowledge Retrieval,AI Training Data,AI Observability,Edge-AI Hardware,4,1,3,2,1,4,3,2,4,2,1,3,7,4,3,7,60,20,0,20,0,0,0,1,0.5,-0.5,30,10,100,100,17,100,7,4,3,7,1,5,Its deployments run exclusively inside the founders' former employer.,Its founders built data infrastructure together at a leading AI-data company and left senior roles to work on Curato full-time.,Its revenue comes chiefly from paid consulting and integration projects.,"Its industrial certification is still in testing, and its first module is installing on a pilot line this quarter.",236.1,234.1,202.6,294.3,236.225,234.365,202.435,294.101,14,14,14,14,TRUE,TRUE,TRUE,TRUE,FALSE,FALSE,FALSE,FALSE,2,FALSE,1,40,Male,3,"ETF or ETC, Stock Market, Options, Private Equity fund",White,United States,United States,Part-Time,Yes,Seeing which type of ai we will be focusing on in the future.,1569,1912,994
764,disclosure_explanation,7,8,hq_first,1,3,2,4,Axonmesh,Curato,Servora,Ironhall,f36cc003,37c0ca72,574d1367,817f1201,Robotics Orchestration,AI Training Data,AI Inference Infrastructure,Edge-AI Hardware,1,3,2,4,1,3,4,2,4,1,2,3,5,5,3,2,25,25,25,25,1,1,1,1,2.5,0.5,0,0,73,68,29,21,5,5,3,2,7,4,"Live fleets already coordinate robots in production at customer sites, billing recurring revenue.","Its founders are building Curato part-time alongside their current jobs, with the advisory board still forming.","Its core patent has been granted, with further claims in prosecution.","Its industrial certification is still in testing, and its first module is installing on a pilot line this quarter.",181,360.1,254.6,160.2,443.356,361.284,546.125,160.212,14,14,14,14,TRUE,TRUE,TRUE,TRUE,FALSE,FALSE,FALSE,FALSE,1,FALSE,1,36,Male,10,"Stock Market, Crowdfunding, Venture Capital fund, Private Equity fund",White,United States,United States,Full-Time,Maybe a little,"Evaluating startup pitch decks, understanding key business metrics, and allocating investment capital across early-stage technology companies",1760,1792,909
765,disclosure,4,1,hq_first,1,3,2,4,Servora,Ironhall,Curato,Foliant,737deb7d,3e0eedc2,cbc833b1,3eed90b1,AI Inference Infrastructure,Edge-AI Hardware,AI Training Data,Enterprise Knowledge Retrieval,1,4,2,3,4,3,1,2,2,1,3,4,2,2,5,2,0,0,100,0,0,1,1,1,-1.5,1.5,-50,50,44,46,55,42,2,2,5,2,1,2,Its patent filing is a provisional application that is still pending.,"Its industrial certification is still in testing, and its first module is installing on a pilot line this quarter.",Its founders built data infrastructure together at a leading AI-data company and left senior roles to work on Curato full-time.,Its most advanced customer engagement is a pilot in two practice groups at a law firm.,138.4,82.7,61.9,55.3,138.395,82.707,61.841,55.194,14,14,14,14,TRUE,TRUE,TRUE,TRUE,FALSE,FALSE,FALSE,FALSE,1,FALSE,1,52,Female,1,"Crowdfunding, Angel syndicate, Stock Market",White,United States,United States,Full-Time,No,"I'm not sure, but the slides were quite boring, which made it very difficult to remember their facts.",809,1592,768
768,disclosure_explanation,7,5,hq_first,1,3,2,4,Pulsegrid,Sentyl,Paperloom,Axonmesh,dff2e369,90a19744,081e5fb5,c7e2221f,AI Observability,AI Security,Document Automation,Robotics Orchestration,2,3,1,4,3,2,4,1,2,4,1,3,4,4,4,4,0,0,100,0,1,0,1,1,0,0,-50,50,53,58,54,52,4,4,4,4,1,1,"Paying customers run it on production models, and it generates annual recurring revenue.","It has completed a SOC 2 Type II audit, with the report available in its data room.",An independent certification firm has completed an audit of its extraction accuracy and verified a benchmark lead.,Its deployment to date is one pilot fleet running daily at a single design partner's warehouse.,175.7,114.4,85,55.3,175.699,114.967,85.098,55.301,14,14,14,14,TRUE,TRUE,TRUE,TRUE,FALSE,FALSE,FALSE,FALSE,1,FALSE,1,49,Female,0,"Stock Market, Private Equity fund",White,United States,United States,Due to start a new job within the next month,No,robots and AI,890,1669,803
771,disclosure,3,7,hq_first,1,3,2,4,Sentyl,Servora,Axonmesh,Curato,bcd14e91,e55a120c,e6065b1a,14efa601,AI Security,AI Inference Infrastructure,Robotics Orchestration,AI Training Data,1,4,2,3,3,2,1,4,3,4,2,1,5,3,4,3,100,0,0,0,1,1,1,1,0.5,1.5,50,50,46,25,22,24,5,3,4,3,1,1,"It has completed a SOC 2 Type II audit, with the report available in its data room.",Its patent filing is a provisional application that is still pending.,"Live fleets already coordinate robots in production at customer sites, billing recurring revenue.","Its founders are building Curato part-time alongside their current jobs, with the advisory board still forming.",323.2,245.3,294.4,252.7,322.986,245.579,294.373,252.692,14,14,14,14,TRUE,TRUE,TRUE,TRUE,FALSE,FALSE,FALSE,FALSE,1,FALSE,1,42,Male,1,"Stock Market, Crowdfunding",White,United States,United States,"Not in paid work (e.g. homemaker', 'retired or disabled)",Maybe a little,I think it was about memory.,1517,1536,730
774,disclosure,6,16,lq_first,3,1,4,2,Curato,Axonmesh,Ironhall,Servora,6b81ec39,4fe27fae,87b7dfe9,e06655dc,AI Training Data,Robotics Orchestration,Edge-AI Hardware,AI Inference Infrastructure,3,2,4,1,2,3,1,4,1,3,4,2,3,3,7,3,10,10,70,10,1,0,1,0,-2,2,-30,30,21,19,88,22,3,3,7,3,1,1,Its founders built data infrastructure together at a leading AI-data company and left senior roles to work on Curato full-time.,"Live fleets already coordinate robots in production at customer sites, billing recurring revenue.",Its module has passed independent industrial certification and already runs on live production lines.,It relies on trade secrecy and has not sought patent protection.,99.4,54.5,66.1,79.1,99.302,54.309,66.257,79.192,14,14,14,14,TRUE,TRUE,TRUE,TRUE,FALSE,FALSE,FALSE,FALSE,1,FALSE,1,44,Male,4,"Government Bonds, Stock Market, Private Equity fund",White,United States,United States,Full-Time,No,What details from pitch decks stand out most prominently and are remembered,616,1920,945
776,control,1,6,hq_first,1,3,2,4,Paperloom,Axonmesh,Sentyl,Servora,340b9ba1,4fe27fae,0566fd88,e06655dc,Document Automation,Robotics Orchestration,AI Security,AI Inference Infrastructure,2,3,1,4,4,2,1,3,3,2,4,1,2,3,6,5,10,20,40,30,1,0,1,0,-3,0,-20,0,97,99,34,27,2,3,6,5,7,5,An independent certification firm has completed an audit of its extraction accuracy and verified a benchmark lead.,"Live fleets already coordinate robots in production at customer sites, billing recurring revenue.","It has completed a SOC 2 Type II audit, with the report available in its data room.",Its technology is patented by a university and licensed to the company exclusively.,207.9,49.2,49.9,44.5,207.813,52.244,49.701,50.068,14,14,14,14,TRUE,TRUE,TRUE,TRUE,FALSE,FALSE,FALSE,FALSE,1,FALSE,1,22,Male,1,"ETF or ETC, Government Bonds, Stock Market, Private Equity fund",Black,United States,United States,Part-Time,No,"Evaluating company prospects, while comparing which of the four are worth more.",1099,1358,602
777,disclosure,2,4,hq_first,1,3,2,4,Foliant,Paperloom,Pulsegrid,Sentyl,46c0bf32,84f4d358,f5bfffe5,bfc6f4d0,Enterprise Knowledge Retrieval,Document Automation,AI Observability,AI Security,2,3,1,4,4,2,3,1,2,3,4,1,6,3,6,7,20,5,30,45,0,1,1,1,-2,1,-25,0,90,74,31,24,6,3,6,7,1,1,Its most advanced customer engagement is a pilot in two practice groups at a law firm.,An independent benchmark of its extraction accuracy is in progress but not yet finished.,"Paying customers run it on production models, and it generates annual recurring revenue.",Its SOC 2 Type II audit is scheduled but has not yet taken place.,323.1,260.5,265.4,212,323.072,260.477,265.4,211.951,14,14,14,14,TRUE,TRUE,TRUE,TRUE,FALSE,FALSE,FALSE,FALSE,1,FALSE,1,37,Male,1,"Stock Market, Private Equity fund, Crowdfunding, Venture Capital fund",White,United States,United States,Full-Time,No,It may have been about the design and its effect on how the information is perceived.,1631,1710,951
780,disclosure_explanation,7,13,lq_first,3,1,4,2,Sentyl,Pulsegrid,Axonmesh,Paperloom,bcd14e91,2055e10c,e6065b1a,e20d4e90,AI Security,AI Observability,Robotics Orchestration,Document Automation,4,2,3,1,1,4,2,3,3,2,4,1,2,4,6,4,15,25,40,20,1,1,0,1,-2,0,-10,5,5,10,31,14,2,4,6,4,1,1,"It has completed a SOC 2 Type II audit, with the report available in its data room.","It is pre-revenue, with an open-beta cohort scheduled to start next month.",Its deployment to date is one pilot fleet running daily at a single design partner's warehouse.,An independent benchmark of its extraction accuracy is in progress but not yet finished.,388.9,380,472.3,308.7,390.33,379.789,472.261,308.919,14,14,14,14,TRUE,TRUE,TRUE,TRUE,FALSE,FALSE,FALSE,FALSE,1,FALSE,1,40,Female,2,"Options, Crowdfunding",White,United States,United States,Full-Time,Maybe a little,I was trying to figure out which out of 4 start up would be the best investment. Trying to understand the information about the startups was complicated and difficult to comprehend.,2485,1707,811
781,disclosure,5,14,lq_first,3,1,4,2,Axonmesh,Paperloom,Servora,Sentyl,f36cc003,84f4d358,574d1367,bfc6f4d0,Robotics Orchestration,Document Automation,AI Inference Infrastructure,AI Security,3,1,4,2,3,1,4,2,3,2,1,4,6,5,5,4,75,25,0,0,1,1,1,1,1,1,50,25,75,67,41,63,6,5,5,4,3,2,"Live fleets already coordinate robots in production at customer sites, billing recurring revenue.",An independent benchmark of its extraction accuracy is in progress but not yet finished.,"Its core patent has been granted, with further claims in prosecution.",Its SOC 2 Type II audit is scheduled but has not yet taken place.,191.6,210.5,278.9,168.3,191.669,213.358,284.463,168.132,14,14,14,14,TRUE,TRUE,TRUE,TRUE,FALSE,FALSE,FALSE,FALSE,1,FALSE,1,47,Male,1,"Stock Market, Government Bonds, Crowdfunding",White,Canada,Canada,Full-Time,No,To determine how the design of the startup pitch decks would effect your overall impression on the validity of the startup without really knowing anything about the founders.,1579,1366,633
782,disclosure,2,7,hq_first,1,3,2,4,Sentyl,Servora,Axonmesh,Curato,bcd14e91,e55a120c,e6065b1a,14efa601,AI Security,AI Inference Infrastructure,Robotics Orchestration,AI Training Data,1,3,2,4,4,3,2,1,1,2,3,4,7,4,5,2,50,15,30,5,1,1,1,1,2,3,15,30,90,56,81,81,7,4,5,2,4,5,"It has completed a SOC 2 Type II audit, with the report available in its data room.",Its patent filing is a provisional application that is still pending.,"Live fleets already coordinate robots in production at customer sites, billing recurring revenue.","Its founders are building Curato part-time alongside their current jobs, with the advisory board still forming.",98.2,71.1,71.4,98.3,98.119,71.236,71.176,98.173,14,14,14,14,TRUE,TRUE,TRUE,TRUE,FALSE,FALSE,FALSE,FALSE,1,FALSE,1,59,Male,25,"ETF or ETC, Private Equity fund",White,United States,Panama,Full-Time,No,Investment speculation and arbitrating different allocations of capital based on similar business models.,748,1657,875
783,disclosure,6,8,hq_first,1,3,2,4,Axonmesh,Curato,Servora,Ironhall,f36cc003,37c0ca72,574d1367,817f1201,Robotics Orchestration,AI Training Data,AI Inference Infrastructure,Edge-AI Hardware,1,3,2,4,4,2,1,3,2,1,4,3,7,3,2,5,50,0,20,30,1,0,1,1,1.5,0.5,0,20,98,71,74,78,7,3,2,5,2,2,"Live fleets already coordinate robots in production at customer sites, billing recurring revenue.",Its founders are academics who license the labelling technology from their university lab.,"Its core patent has been granted, with further claims in prosecution.","Its industrial certification is still in testing, and its first module is installing on a pilot line this quarter.",224.2,70.4,125.9,154.2,224.258,70.541,125.637,154.237,14,14,14,14,TRUE,TRUE,TRUE,TRUE,FALSE,FALSE,FALSE,FALSE,1,FALSE,1,41,Male,13,"Stock Market, Crowdfunding, Government Bonds",Black,United Kingdom,Nigeria,Full-Time,No,I think the study is to evaluate startups viability based on their pitch decks,1044,1280,712
785,disclosure_explanation,8,2,hq_first,1,3,2,4,Curato,Foliant,Ironhall,Pulsegrid,6b81ec39,08321160,87b7dfe9,e7f29679,AI Training Data,Enterprise Knowledge Retrieval,Edge-AI Hardware,AI Observability,2,3,1,4,2,1,3,4,3,2,4,1,4,4,4,4,25,25,25,25,1,0,0,0,0,0,0,0,100,100,0,0,4,4,4,4,1,3,Its founders built data infrastructure together at a leading AI-data company and left senior roles to work on Curato full-time.,Its deployments run exclusively inside the founders' former employer.,"Its industrial certification is still in testing, and its first module is installing on a pilot line this quarter.",It charges model vendors for access to anonymized benchmark data.,86.7,96,147.8,31.2,86.624,95.995,147.803,31.426,14,14,14,14,TRUE,TRUE,TRUE,TRUE,FALSE,FALSE,FALSE,FALSE,1,FALSE,1,42,Female,0,"Stock Market, Government Bonds, Private Equity fund, Options, Crowdfunding, Venture Capital fund",White,Brazil,Brazil,Full-Time,No,"I think this study try to drive my thoughts doin some activities harder than others, so this study try to guide my mind.",917,1408,791
786,disclosure,4,16,lq_first,3,1,4,2,Curato,Axonmesh,Ironhall,Servora,6b81ec39,4fe27fae,87b7dfe9,e06655dc,AI Training Data,Robotics Orchestration,Edge-AI Hardware,AI Inference Infrastructure,3,1,4,2,1,3,4,2,2,1,3,4,4,3,5,5,40,10,10,40,1,0,0,0,-1.5,0.5,0,0,77,41,63,68,4,3,5,5,6,6,Its founders built data infrastructure together at a leading AI-data company and left senior roles to work on Curato full-time.,"Live fleets already coordinate robots in production at customer sites, billing recurring revenue.","Its industrial certification is still in testing, and its first module is installing on a pilot line this quarter.","Its core patent has been granted, with further claims in prosecution.",60.2,53.3,54.9,45.2,60.044,53.168,54.956,45.274,14,14,14,14,TRUE,TRUE,TRUE,TRUE,FALSE,FALSE,FALSE,FALSE,1,FALSE,1,38,Male,4,"ETF or ETC, Government Bonds, Stock Market, Other, Venture Capital fund, Private Equity fund",Asian,Canada,Canada,Full-Time,Maybe a little,evaluate 4 startup pitch decks and judge the ventures behind them,845,1920,911
787,control,1,4,hq_first,1,3,2,4,Foliant,Paperloom,Pulsegrid,Sentyl,46c0bf32,84f4d358,f5bfffe5,bfc6f4d0,Enterprise Knowledge Retrieval,Document Automation,AI Observability,AI Security,2,4,1,3,2,4,3,1,3,2,1,4,5,4,3,3,60,20,0,20,0,0,1,1,1.5,0.5,30,10,66,53,5,5,5,4,3,3,2,4,Its deployments run exclusively inside the founders' former employer.,"It does not permit external accuracy audits, citing customer confidentiality.","Paying customers run it on production models, and it generates annual recurring revenue.",Its SOC 2 Type II audit is scheduled but has not yet taken place.,97.8,68.1,66.1,46.9,97.744,68.083,66.174,46.853,14,14,14,14,TRUE,TRUE,TRUE,TRUE,FALSE,FALSE,FALSE,FALSE,1,FALSE,1,28,Male,0,"ETF or ETC, Stock Market, Crowdfunding, Other",Black,United States,United States,Full-Time,Maybe a little,Paying attention or how much presentation affects the willingness to invest.,621,1536,776
788,disclosure,3,10,lq_first,3,1,4,2,Foliant,Curato,Pulsegrid,Ironhall,46c0bf32,37c0ca72,f5bfffe5,817f1201,Enterprise Knowledge Retrieval,AI Training Data,AI Observability,Edge-AI Hardware,4,1,3,2,1,3,2,4,2,1,4,3,5,5,5,6,25,30,15,30,0,0,0,0,-0.5,-0.5,5,-10,22,24,5,9,5,5,5,6,5,3,Its most advanced customer engagement is a pilot in two practice groups at a law firm.,Its founders built data infrastructure together at a leading AI-data company and left senior roles to work on Curato full-time.,Its revenue comes chiefly from paid consulting and integration projects.,Its module has passed independent industrial certification and already runs on live production lines.,7.9,165.5,42.2,98.2,8.093,165.204,42.003,98.159,14,14,14,14,TRUE,TRUE,TRUE,TRUE,FALSE,FALSE,FALSE,FALSE,2,FALSE,1,22,Female,2,"Venture Capital fund, Private Equity fund, Crowdfunding, Government Bonds, Stock Market",Black,Canada,Nigeria,Part-Time,No,DIfferent AI ventures,826,1366,633
790,disclosure,5,11,lq_first,3,1,4,2,Pulsegrid,Ironhall,Paperloom,Foliant,dff2e369,3e0eedc2,081e5fb5,3eed90b1,AI Observability,Edge-AI Hardware,Document Automation,Enterprise Knowledge Retrieval,4,1,3,2,4,1,2,3,2,3,4,1,6,5,5,2,80,0,20,0,1,1,1,1,2,2,30,50,97,100,76,0,6,5,5,2,4,2,"Paying customers run it on production models, and it generates annual recurring revenue.","Its industrial certification is still in testing, and its first module is installing on a pilot line this quarter.",An independent certification firm has completed an audit of its extraction accuracy and verified a benchmark lead.,Its most advanced customer engagement is a pilot in two practice groups at a law firm.,194.9,194.5,299.8,188.7,195.075,194.497,299.826,188.553,14,14,14,14,TRUE,TRUE,TRUE,TRUE,FALSE,FALSE,FALSE,FALSE,1,FALSE,1,42,Female,1,"ETF or ETC, Stock Market, Crowdfunding",White,United States,United States,Full-Time,No,I think how designs can change ones opinions about actual products.,1336,1280,594
792,control,1,10,lq_first,3,1,4,2,Foliant,Curato,Pulsegrid,Ironhall,46c0bf32,37c0ca72,f5bfffe5,817f1201,Enterprise Knowledge Retrieval,AI Training Data,AI Observability,Edge-AI Hardware,3,1,4,2,4,1,2,3,2,1,3,4,6,4,6,5,30,30,25,15,0,1,1,1,-0.5,1.5,10,5,61,32,49,57,6,4,6,5,6,6,Its most advanced customer engagement is a pilot in two practice groups at a law firm.,"Its founders are building Curato part-time alongside their current jobs, with the advisory board still forming.","Paying customers run it on production models, and it generates annual recurring revenue.","Its industrial certification is still in testing, and its first module is installing on a pilot line this quarter.",131.7,193.1,98.5,288.4,131.877,192.818,98.405,288.408,14,14,14,14,TRUE,TRUE,TRUE,TRUE,FALSE,FALSE,FALSE,FALSE,1,FALSE,1,29,Male,5,"Stock Market, Government Bonds, ETF or ETC, Unit trusts, Angel syndicate, Options, Private Equity fund, Venture Capital fund, Crowdfunding",Prefer not to say,India,India,Unemployed (and job seeking),Maybe a little,it was for evaluation for AI startups and deciding how to allocate investment among them based on their  business potential and traction,1478,1280,559
794,disclosure_explanation,7,1,hq_first,1,3,2,4,Servora,Ironhall,Curato,Foliant,737deb7d,3e0eedc2,cbc833b1,3eed90b1,AI Inference Infrastructure,Edge-AI Hardware,AI Training Data,Enterprise Knowledge Retrieval,1,3,2,4,3,1,4,2,4,2,3,1,6,3,5,2,45,5,45,5,1,1,1,1,1,3,0,40,39,24,30,23,6,3,5,2,1,2,"Its core patent has been granted, with further claims in prosecution.","Its industrial certification is still in testing, and its first module is installing on a pilot line this quarter.",Its founders built data infrastructure together at a leading AI-data company and left senior roles to work on Curato full-time.,Its most advanced customer engagement is a pilot in two practice groups at a law firm.,240.9,230.3,234.8,180.5,240.889,230.285,234.796,180.372,14,14,14,14,TRUE,TRUE,TRUE,TRUE,FALSE,FALSE,FALSE,FALSE,1,FALSE,1,46,Male,1,"ETF or ETC, Stock Market, Options, Private Equity fund, Government Bonds",White,United States,United States,Full-Time,No,Evaluating presentation over facts - if the slides looked good and if the projections were strong in contrast to what was actually established and proven with the business.,1336,1912,948
795,disclosure,2,2,hq_first,1,3,2,4,Curato,Foliant,Ironhall,Pulsegrid,6b81ec39,08321160,87b7dfe9,e7f29679,AI Training Data,Enterprise Knowledge Retrieval,Edge-AI Hardware,AI Observability,2,3,1,4,3,1,2,4,2,1,3,4,5,3,6,2,40,0,60,0,1,1,1,1,0,3,-10,50,60,40,66,25,5,3,6,2,1,1,Its founders built data infrastructure together at a leading AI-data company and left senior roles to work on Curato full-time.,Its most advanced customer engagement is a pilot in two practice groups at a law firm.,Its module has passed independent industrial certification and already runs on live production lines.,"It is pre-revenue, with an open-beta cohort scheduled to start next month.",248.3,218.6,373.1,195.6,248.292,218.416,372.955,195.402,14,14,14,14,TRUE,TRUE,TRUE,TRUE,FALSE,FALSE,FALSE,FALSE,1,FALSE,1,38,Male,4,"ETF or ETC, Crowdfunding",White,Germany,Serbia,Full-Time,No,About evaluating startup ideas and their value for investment (quality) based on 14-slides pitchdeck.,1488,1690,871
800,disclosure,6,13,lq_first,3,1,4,2,Sentyl,Pulsegrid,Axonmesh,Paperloom,bcd14e91,2055e10c,e6065b1a,e20d4e90,AI Security,AI Observability,Robotics Orchestration,Document Automation,3,1,4,2,1,3,2,4,3,1,2,4,3,5,5,7,10,15,25,50,1,0,1,0,-2,-2,-25,-15,33,45,28,92,3,5,5,7,3,4,"It has completed a SOC 2 Type II audit, with the report available in its data room.","Paying customers run it on production models, and it generates annual recurring revenue.","Live fleets already coordinate robots in production at customer sites, billing recurring revenue.","It does not permit external accuracy audits, citing customer confidentiality.",273.9,388.5,87.2,185.8,273.87,495.289,87.309,185.793,14,14,14,14,TRUE,TRUE,TRUE,TRUE,FALSE,FALSE,FALSE,FALSE,2,FALSE,1,31,Male,2,"Stock Market, Venture Capital fund, Crowdfunding",Other,United States,United States,Full-Time,No,Testing judgements on specific models and willingness to take slides at face value.,1435,1920,919
802,disclosure_explanation,7,14,lq_first,3,1,4,2,Axonmesh,Paperloom,Servora,Sentyl,f36cc003,84f4d358,574d1367,bfc6f4d0,Robotics Orchestration,Document Automation,AI Inference Infrastructure,AI Security,4,1,3,2,1,4,3,2,4,3,2,1,5,5,5,4,40,30,20,10,1,1,0,1,0.5,0.5,20,10,71,79,29,26,5,5,5,4,6,5,"Live fleets already coordinate robots in production at customer sites, billing recurring revenue.",An independent benchmark of its extraction accuracy is in progress but not yet finished.,It relies on trade secrecy and has not sought patent protection.,Its SOC 2 Type II audit is scheduled but has not yet taken place.,375.6,254,232.9,272.6,378.585,253.927,239.894,272.633,14,14,14,14,TRUE,TRUE,TRUE,TRUE,FALSE,FALSE,FALSE,FALSE,2,FALSE,1,25,Male,8,"Stock Market, Private Equity fund, Options",Black,Canada,Canada,Full-Time,Maybe a little,"whether visual quality design influences investment decisions,even when participants are told the design is irrelevant and should be ignored. Also to test if people can judge ventures purely substatively",2121,1366,633
804,disclosure,4,2,hq_first,1,3,2,4,Curato,Foliant,Ironhall,Pulsegrid,6b81ec39,08321160,87b7dfe9,e7f29679,AI Training Data,Enterprise Knowledge Retrieval,Edge-AI Hardware,AI Observability,2,3,1,4,4,3,1,2,3,2,4,1,6,3,5,3,65,0,30,5,1,1,1,1,0.5,2.5,15,45,86,100,70,54,6,3,5,3,1,1,Its founders built data infrastructure together at a leading AI-data company and left senior roles to work on Curato full-time.,Its most advanced customer engagement is a pilot in two practice groups at a law firm.,Its module has passed independent industrial certification and already runs on live production lines.,"It is pre-revenue, with an open-beta cohort scheduled to start next month.",237.4,194.1,218.5,182.7,237.206,194.144,218.585,182.542,14,14,14,14,TRUE,TRUE,TRUE,TRUE,FALSE,FALSE,FALSE,FALSE,1,FALSE,1,35,Female,2,"ETF or ETC, Stock Market, Crowdfunding",White,United Kingdom,United Kingdom,Full-Time,No,"Maybe something about how deck quality influences investment decisions, even if we know it's not a reflection of the company?",1171,1440,749
806,control,1,15,lq_first,3,1,4,2,Servora,Sentyl,Curato,Axonmesh,737deb7d,90a19744,cbc833b1,c7e2221f,AI Inference Infrastructure,AI Security,AI Training Data,Robotics Orchestration,4,2,3,1,4,3,2,1,4,1,3,2,6,5,3,5,70,20,0,10,1,1,1,1,1.5,-0.5,40,20,72,57,28,24,6,5,3,5,2,2,"Its core patent has been granted, with further claims in prosecution.",Its SOC 2 Type II audit is scheduled but has not yet taken place.,Its founders built data infrastructure together at a leading AI-data company and left senior roles to work on Curato full-time.,Its deployment to date is one pilot fleet running daily at a single design partner's warehouse.,190.7,235.6,250,165.3,190.401,235.684,250.015,165.189,14,14,14,14,TRUE,TRUE,TRUE,TRUE,FALSE,FALSE,FALSE,FALSE,1,FALSE,1,41,Male,1,"Stock Market, Crowdfunding",White,United Kingdom,United Kingdom,Full-Time,No,The study was about start-ups looking to find solutions that have evolved from the boom in the AI market,1395,1536,730
809,disclosure_explanation,8,7,hq_first,1,3,2,4,Sentyl,Servora,Axonmesh,Curato,bcd14e91,e55a120c,e6065b1a,14efa601,AI Security,AI Inference Infrastructure,Robotics Orchestration,AI Training Data,2,3,1,4,1,3,2,4,2,1,4,3,6,6,5,6,35,20,30,15,1,1,1,1,0.5,-0.5,5,15,73,64,62,68,6,6,5,6,6,6,"It has completed a SOC 2 Type II audit, with the report available in its data room.",Its patent filing is a provisional application that is still pending.,"Live fleets already coordinate robots in production at customer sites, billing recurring revenue.","Its founders are building Curato part-time alongside their current jobs, with the advisory board still forming.",205.9,191.3,130,163.7,206.02,191.271,130.067,163.726,14,14,14,14,TRUE,TRUE,TRUE,TRUE,FALSE,FALSE,FALSE,FALSE,3,FALSE,1,34,Female,3,"Venture Capital fund, Private Equity fund",Asian,India,India,Unemployed (and job seeking),Maybe a little,"PITCH DECKS IN THIS STUDY IS VERY MODERATE AND INSPIRING  ,AND ITS IDEAS ALSO VERY GOOD",2692,1366,641
812,disclosure,2,1,hq_first,1,3,2,4,Servora,Ironhall,Curato,Foliant,737deb7d,3e0eedc2,cbc833b1,3eed90b1,AI Inference Infrastructure,Edge-AI Hardware,AI Training Data,Enterprise Knowledge Retrieval,2,3,1,4,1,4,2,3,1,4,2,3,5,5,5,5,60,10,10,20,1,1,1,1,0,0,20,20,30,90,0,68,5,5,5,5,1,1,"Its core patent has been granted, with further claims in prosecution.","Its industrial certification is still in testing, and its first module is installing on a pilot line this quarter.",Its founders built data infrastructure together at a leading AI-data company and left senior roles to work on Curato full-time.,Its most advanced customer engagement is a pilot in two practice groups at a law firm.,245.4,244.7,294.3,206.4,245.234,244.743,294.214,206.343,14,14,14,14,TRUE,TRUE,TRUE,TRUE,FALSE,FALSE,FALSE,FALSE,1,FALSE,1,42,Female,0,"ETF or ETC, Stock Market, Crowdfunding",White,United Kingdom,United Kingdom,Part-Time,No,I think the study was about how deck design influences your preferences and decision making.,1441,1536,730
816,disclosure,4,16,lq_first,3,1,4,2,Curato,Axonmesh,Ironhall,Servora,6b81ec39,4fe27fae,87b7dfe9,e06655dc,AI Training Data,Robotics Orchestration,Edge-AI Hardware,AI Inference Infrastructure,3,2,4,1,3,4,1,2,4,1,2,3,7,7,5,6,0,100,0,0,1,1,1,1,1.5,-0.5,50,-50,86,85,88,84,7,7,5,6,1,1,Its founders built data infrastructure together at a leading AI-data company and left senior roles to work on Curato full-time.,Its deployment to date is one pilot fleet running daily at a single design partner's warehouse.,Its module has passed independent industrial certification and already runs on live production lines.,Its patent filing is a provisional application that is still pending.,203.3,177,224.4,288.7,203.584,176.859,224.254,288.781,14,14,14,14,TRUE,TRUE,TRUE,TRUE,FALSE,FALSE,FALSE,FALSE,1,FALSE,1,37,Female,1,"Crowdfunding, Stock Market",White,United States,United States,Other,No,To see what details people remember in a large volume of new information,1228,1366,641
817,disclosure,2,5,hq_first,1,3,2,4,Pulsegrid,Sentyl,Paperloom,Axonmesh,dff2e369,90a19744,081e5fb5,c7e2221f,AI Observability,AI Security,Document Automation,Robotics Orchestration,1,4,2,3,4,2,1,3,2,1,4,3,5,4,6,3,20,10,60,10,0,0,0,0,0,2,-20,30,66,28,82,6,5,4,6,3,5,5,Its revenue comes chiefly from paid consulting and integration projects.,Its compliance certifications are inherited from its cloud hosting provider.,An independent benchmark of its extraction accuracy is in progress but not yet finished.,Its deployments are paused while its scheduler undergoes a safety recall.,439.3,56.1,102.1,209,451.313,60.678,102.035,224.041,14,14,14,14,TRUE,TRUE,TRUE,TRUE,FALSE,FALSE,FALSE,FALSE,1,FALSE,1,33,Male,4,"ETF or ETC, Government Bonds, Stock Market, Unit trusts, Private Equity fund, Venture Capital fund, Crowdfunding",White,United Kingdom,United Kingdom,Full-Time,No,How to evaluate business models,1328,1920,911
819,control,1,4,hq_first,1,3,2,4,Foliant,Paperloom,Pulsegrid,Sentyl,46c0bf32,84f4d358,f5bfffe5,bfc6f4d0,Enterprise Knowledge Retrieval,Document Automation,AI Observability,AI Security,2,4,1,3,2,1,4,3,4,2,3,1,5,2,6,2,10,35,15,40,1,1,1,1,-0.5,3.5,-5,-25,64,85,81,60,5,2,6,2,2,2,A bank customer has rolled Foliant out organization-wide after a successful pilot.,An independent benchmark of its extraction accuracy is in progress but not yet finished.,"Paying customers run it on production models, and it generates annual recurring revenue.",Its SOC 2 Type II audit is scheduled but has not yet taken place.,78.5,79.3,103.7,73.2,78.483,79.265,103.702,73.196,14,14,14,14,TRUE,TRUE,TRUE,TRUE,FALSE,FALSE,FALSE,FALSE,1,FALSE,1,29,Male,5,"Stock Market, ETF or ETC, Unit trusts, Crowdfunding, Private Equity fund, Venture Capital fund, Options",White,United States,United States,Full-Time,No,"This study looks at whether an AI can look at the *substantive quality** of startup pitches instead of being swayed by visual design or persuasive talk. The matching deck structures and factual quiz questions are meant to test reading of details such, as real versus modeled revenue finished versus pending certifications and granted versus provisional patents.",1183,2560,1279
821,disclosure,5,8,hq_first,1,3,2,4,Axonmesh,Curato,Servora,Ironhall,f36cc003,37c0ca72,574d1367,817f1201,Robotics Orchestration,AI Training Data,AI Inference Infrastructure,Edge-AI Hardware,1,4,2,3,3,4,1,2,3,2,4,1,5,4,6,4,20,15,50,15,1,0,1,1,-0.5,1.5,-15,20,90,56,26,51,5,4,6,4,5,4,"Live fleets already coordinate robots in production at customer sites, billing recurring revenue.",Its founders built data infrastructure together at a leading AI-data company and left senior roles to work on Curato full-time.,"Its core patent has been granted, with further claims in prosecution.","Its industrial certification is still in testing, and its first module is installing on a pilot line this quarter.",221.6,101.4,128.9,81.1,221.48,101.362,128.901,81.14,14,14,14,14,TRUE,TRUE,TRUE,TRUE,FALSE,FALSE,FALSE,FALSE,1,FALSE,1,30,Male,3,"Stock Market, Private Equity fund",White,United Kingdom,United Kingdom,Full-Time,No,ability to analyse and make decisioins based on little information provided,1495,1397,616
825,disclosure_explanation,7,4,hq_first,1,3,2,4,Foliant,Paperloom,Pulsegrid,Sentyl,46c0bf32,84f4d358,f5bfffe5,bfc6f4d0,Enterprise Knowledge Retrieval,Document Automation,AI Observability,AI Security,1,3,2,4,4,1,2,3,3,4,1,2,4,6,4,2,10,80,10,0,1,1,0,1,2,0,40,-30,75,86,54,12,4,6,4,2,1,1,A bank customer has rolled Foliant out organization-wide after a successful pilot.,An independent benchmark of its extraction accuracy is in progress but not yet finished.,Its revenue comes chiefly from paid consulting and integration projects.,Its SOC 2 Type II audit is scheduled but has not yet taken place.,342.6,246.6,291.3,173.7,342.475,246.498,291.359,173.703,14,14,14,14,TRUE,TRUE,TRUE,TRUE,FALSE,FALSE,FALSE,FALSE,1,FALSE,1,43,Male,10,"Government Bonds, Stock Market, Crowdfunding",White,United Kingdom,United Kingdom,Full-Time,No,Knowledge recall when data is presented differently,1523,1368,777
826,disclosure,6,5,hq_first,1,3,2,4,Pulsegrid,Sentyl,Paperloom,Axonmesh,dff2e369,90a19744,081e5fb5,c7e2221f,AI Observability,AI Security,Document Automation,Robotics Orchestration,2,4,1,3,1,2,3,4,3,1,2,4,6,2,6,5,50,0,50,0,1,0,1,1,-1.5,2.5,0,50,51,39,79,65,6,2,6,5,1,1,"Paying customers run it on production models, and it generates annual recurring revenue.","It has completed a SOC 2 Type II audit, with the report available in its data room.",An independent certification firm has completed an audit of its extraction accuracy and verified a benchmark lead.,Its deployment to date is one pilot fleet running daily at a single design partner's warehouse.,543.4,272.7,511.8,332.4,543.486,272.736,511.653,332.447,14,14,14,14,TRUE,TRUE,TRUE,TRUE,FALSE,FALSE,FALSE,FALSE,1,FALSE,1,64,Male,12,"Stock Market, Unit trusts, Private Equity fund, Government Bonds",White,United Kingdom,United Kingdom,Full-Time,No,I think the study could have been about how the design of a pitch can affect your decisions or it could be about the difference in start ups from well underpinned and experienced start ups to lower quality and less experienced start ups.,2437,1920,911
827,disclosure,5,14,lq_first,3,1,4,2,Axonmesh,Paperloom,Servora,Sentyl,f36cc003,84f4d358,574d1367,bfc6f4d0,Robotics Orchestration,Document Automation,AI Inference Infrastructure,AI Security,4,2,3,1,2,3,4,1,4,1,2,3,5,6,5,3,60,25,10,5,0,0,0,1,1.5,0.5,35,20,73,100,62,0,5,6,5,3,1,1,Its deployment to date is one pilot fleet running daily at a single design partner's warehouse.,"It does not permit external accuracy audits, citing customer confidentiality.",Its technology is patented by a university and licensed to the company exclusively.,Its SOC 2 Type II audit is scheduled but has not yet taken place.,98.2,127.3,44.6,80.5,328.525,139.384,44.611,80.454,14,14,12,14,TRUE,TRUE,TRUE,TRUE,FALSE,FALSE,FALSE,FALSE,1,FALSE,1,38,Male,5,"ETF or ETC, Stock Market, Private Equity fund, Crowdfunding, Venture Capital fund",White,United Kingdom,United Kingdom,NA,Maybe a little,How the visuals of a deck influences investment decisions and how it gets the information across in a memorable way.,871,1920,945
828,disclosure_explanation,8,8,hq_first,1,3,2,4,Axonmesh,Curato,Servora,Ironhall,f36cc003,37c0ca72,574d1367,817f1201,Robotics Orchestration,AI Training Data,AI Inference Infrastructure,Edge-AI Hardware,1,3,2,4,1,3,2,4,3,2,4,1,5,4,2,1,25,0,75,0,1,0,1,1,3,1,-25,50,45,26,60,0,5,4,2,1,5,4,"Live fleets already coordinate robots in production at customer sites, billing recurring revenue.",Its founders built data infrastructure together at a leading AI-data company and left senior roles to work on Curato full-time.,"Its core patent has been granted, with further claims in prosecution.","Its industrial certification is still in testing, and its first module is installing on a pilot line this quarter.",223.4,117.3,187.3,98.2,223.91,117.219,184.958,97.9,14,14,14,14,TRUE,TRUE,TRUE,TRUE,FALSE,FALSE,FALSE,FALSE,1,FALSE,1,34,Male,0,"ETF or ETC, Stock Market, Private Equity fund",White,United Kingdom,United Kingdom,Full-Time,No,I think the pitch decks were made by AI as some of the wording is very confusing and makes no sense. I believe the study is about how believable the pitch decks are.,1091,1536,730
830,disclosure_explanation,7,3,hq_first,1,3,2,4,Ironhall,Pulsegrid,Foliant,Paperloom,b5fef669,2055e10c,fa1fe22c,e20d4e90,Edge-AI Hardware,AI Observability,Enterprise Knowledge Retrieval,Document Automation,2,4,1,3,4,2,3,1,1,4,3,2,4,4,4,4,40,30,15,15,1,1,1,1,0,0,20,5,87,69,23,31,4,4,4,4,4,2,Its module has passed independent industrial certification and already runs on live production lines.,"It is pre-revenue, with an open-beta cohort scheduled to start next month.",A bank customer has rolled Foliant out organization-wide after a successful pilot.,An independent benchmark of its extraction accuracy is in progress but not yet finished.,100.5,75.6,56,90.1,100.631,75.685,55.993,90.288,14,14,14,14,TRUE,TRUE,TRUE,TRUE,FALSE,FALSE,FALSE,FALSE,2,FALSE,1,43,Male,0,"ETF or ETC, Stock Market, Crowdfunding",White,United Kingdom,United Kingdom,NA,No,"Understanding how design of presentations influences investment, regardless of the content",728,1536,855
831,disclosure,2,16,lq_first,3,1,4,2,Curato,Axonmesh,Ironhall,Servora,6b81ec39,4fe27fae,87b7dfe9,e06655dc,AI Training Data,Robotics Orchestration,Edge-AI Hardware,AI Inference Infrastructure,3,2,4,1,2,4,1,3,2,4,3,1,5,5,4,4,20,0,5,75,0,1,1,1,1,0,-30,-25,62,60,31,55,5,5,4,4,5,5,"An outside CEO was hired to lead the company, with the founders in technical roles.",Its deployment to date is one pilot fleet running daily at a single design partner's warehouse.,Its module has passed independent industrial certification and already runs on live production lines.,Its patent filing is a provisional application that is still pending.,34.3,53.7,111.5,88.6,34.202,53.848,111.48,88.622,14,14,14,14,TRUE,TRUE,TRUE,TRUE,FALSE,FALSE,FALSE,FALSE,2,FALSE,1,24,Male,1,"ETF or ETC, Government Bonds, Stock Market, Options, Private Equity fund, Venture Capital fund, Crowdfunding",White,Germany,Germany,Full-Time,No,Effect of visual presentations on Investment decks/decisions,1366,1680,880
832,disclosure,3,9,lq_first,3,1,4,2,Ironhall,Servora,Foliant,Curato,b5fef669,e55a120c,fa1fe22c,14efa601,Edge-AI Hardware,AI Inference Infrastructure,Enterprise Knowledge Retrieval,AI Training Data,4,2,3,1,4,2,1,3,4,1,3,2,5,3,3,1,40,25,25,10,1,1,0,0,2,2,15,15,82,74,24,23,5,3,3,1,5,2,Its module has passed independent industrial certification and already runs on live production lines.,Its patent filing is a provisional application that is still pending.,Its deployments run exclusively inside the founders' former employer.,Its founders built data infrastructure together at a leading AI-data company and left senior roles to work on Curato full-time.,149.5,108.3,141.3,77.7,149.424,108.367,141.174,77.832,14,14,14,14,TRUE,TRUE,TRUE,TRUE,FALSE,FALSE,FALSE,FALSE,1,FALSE,1,50,Male,20,"ETF or ETC, Stock Market, Options, Private Equity fund, Venture Capital fund",White,United Kingdom,United Kingdom,Full-Time,No,"Attention to pitch documentation, and understanding of the source material",1028,1707,807
833,disclosure,6,11,lq_first,3,1,4,2,Pulsegrid,Ironhall,Paperloom,Foliant,dff2e369,3e0eedc2,081e5fb5,3eed90b1,AI Observability,Edge-AI Hardware,Document Automation,Enterprise Knowledge Retrieval,4,2,3,1,2,4,1,3,1,2,4,3,3,2,6,5,17,19,40,24,0,1,1,1,-3,1,-14,7,39,16,89,68,3,2,6,5,1,1,It charges model vendors for access to anonymized benchmark data.,"Its industrial certification is still in testing, and its first module is installing on a pilot line this quarter.",An independent certification firm has completed an audit of its extraction accuracy and verified a benchmark lead.,Its most advanced customer engagement is a pilot in two practice groups at a law firm.,178.2,219.7,176,226.7,178.083,219.643,176.017,226.671,14,14,14,14,TRUE,TRUE,TRUE,TRUE,FALSE,FALSE,FALSE,FALSE,1,FALSE,1,47,Male,8,"Government Bonds, Stock Market, Crowdfunding",White,United Kingdom,United Kingdom,Full-Time,No,"Assessing pitch decks based solely on there merits, avoiding looking too much into the presentation style of the pitch",1222,1920,911
834,control,1,8,hq_first,1,3,2,4,Axonmesh,Curato,Servora,Ironhall,f36cc003,37c0ca72,574d1367,817f1201,Robotics Orchestration,AI Training Data,AI Inference Infrastructure,Edge-AI Hardware,1,3,2,4,2,1,4,3,3,1,2,4,6,3,5,2,40,0,60,0,1,1,1,1,1,3,-10,50,77,80,54,31,6,3,5,2,3,5,"Live fleets already coordinate robots in production at customer sites, billing recurring revenue.","Its founders are building Curato part-time alongside their current jobs, with the advisory board still forming.","Its core patent has been granted, with further claims in prosecution.","Its industrial certification is still in testing, and its first module is installing on a pilot line this quarter.",167.6,222.8,199.3,216.9,167.461,222.766,199.219,216.783,14,14,14,14,TRUE,TRUE,TRUE,TRUE,FALSE,FALSE,FALSE,FALSE,1,FALSE,1,43,Male,2,"ETF or ETC, Stock Market, Crowdfunding",White,United Kingdom,United Kingdom,Full-Time,Maybe a little,How people evaluate investment proposals.,1254,1920,945
836,disclosure,6,11,lq_first,3,1,4,2,Pulsegrid,Ironhall,Paperloom,Foliant,dff2e369,3e0eedc2,081e5fb5,3eed90b1,AI Observability,Edge-AI Hardware,Document Automation,Enterprise Knowledge Retrieval,4,2,3,1,2,4,3,1,4,2,1,3,6,3,5,4,38,15,35,12,1,1,1,1,0,2,3,23,78,80,46,25,6,3,5,4,6,6,"Paying customers run it on production models, and it generates annual recurring revenue.","Its industrial certification is still in testing, and its first module is installing on a pilot line this quarter.",An independent certification firm has completed an audit of its extraction accuracy and verified a benchmark lead.,Its most advanced customer engagement is a pilot in two practice groups at a law firm.,133.4,208.4,158.3,394.8,242.583,256.101,216.455,403.131,14,14,14,14,TRUE,TRUE,TRUE,TRUE,FALSE,FALSE,FALSE,FALSE,2,FALSE,1,32,Male,2,"ETF or ETC, Government Bonds, Stock Market, Private Equity fund",White,France,Greece,Full-Time,No,It seems to be about how people evaluate startup ventures and allocate investment capital based on the quality of pitch-deck information.,1927,1779,1055
837,disclosure,4,14,lq_first,3,1,4,2,Axonmesh,Paperloom,Servora,Sentyl,f36cc003,84f4d358,574d1367,bfc6f4d0,Robotics Orchestration,Document Automation,AI Inference Infrastructure,AI Security,4,2,3,1,4,2,1,3,4,3,2,1,6,5,5,5,40,15,30,15,1,1,0,0,0.5,0.5,5,20,80,67,61,36,6,5,5,5,3,3,"Live fleets already coordinate robots in production at customer sites, billing recurring revenue.",An independent benchmark of its extraction accuracy is in progress but not yet finished.,Its patent filing is a provisional application that is still pending.,"It has completed a SOC 2 Type II audit, with the report available in its data room.",45.4,168.4,59.3,132.3,45.408,168.444,59.166,132.238,14,14,14,14,TRUE,TRUE,TRUE,TRUE,FALSE,FALSE,FALSE,FALSE,1,FALSE,1,44,Female,0,"Other, Crowdfunding",White,United Kingdom,United Kingdom,Part-Time,Maybe a little,"Automating proceess, customer data, stock allication and rotation.",881,1258,581
842,disclosure,4,15,lq_first,3,1,4,2,Servora,Sentyl,Curato,Axonmesh,737deb7d,90a19744,cbc833b1,c7e2221f,AI Inference Infrastructure,AI Security,AI Training Data,Robotics Orchestration,4,1,3,2,1,2,3,4,3,1,4,2,5,7,5,5,5,30,25,40,1,1,1,0,1,-1,-15,-20,65,69,23,55,5,7,5,5,1,1,"Its core patent has been granted, with further claims in prosecution.",Its SOC 2 Type II audit is scheduled but has not yet taken place.,Its founders built data infrastructure together at a leading AI-data company and left senior roles to work on Curato full-time.,Its coordination software has so far run only in simulation.,183.5,268.3,133.8,184.4,183.653,268.368,133.752,184.267,14,14,14,14,TRUE,TRUE,TRUE,TRUE,FALSE,FALSE,FALSE,FALSE,1,FALSE,1,31,Male,6,"ETF or ETC, Stock Market, Crowdfunding",White,Germany,Germany,Full-Time,Maybe a little,"The topics of the decks were AI safety, cost cutting, management, infrastructure, etc. so I believe the study was about about assessing which aspects of AI that companies would care the most about and what they are most likely to invest in.",1438,2560,1297
845,disclosure,6,2,hq_first,1,3,2,4,Curato,Foliant,Ironhall,Pulsegrid,6b81ec39,08321160,87b7dfe9,e7f29679,AI Training Data,Enterprise Knowledge Retrieval,Edge-AI Hardware,AI Observability,1,4,2,3,3,2,1,4,4,2,1,3,6,3,6,2,5,35,50,10,1,1,1,1,0.5,3.5,-10,5,55,52,62,42,6,3,6,2,1,1,Its founders built data infrastructure together at a leading AI-data company and left senior roles to work on Curato full-time.,Its most advanced customer engagement is a pilot in two practice groups at a law firm.,Its module has passed independent industrial certification and already runs on live production lines.,"It is pre-revenue, with an open-beta cohort scheduled to start next month.",143.7,132.6,124.8,125.1,143.67,186.79,124.89,125.178,14,14,14,14,TRUE,TRUE,TRUE,TRUE,FALSE,FALSE,FALSE,FALSE,2,FALSE,1,41,Male,2,Crowdfunding,White,United Kingdom,United Kingdom,Full-Time,Maybe a little,Whether there is any evidence of design being preferred over actual relevant data.,1534,2560,1318
846,disclosure,5,4,hq_first,1,3,2,4,Foliant,Paperloom,Pulsegrid,Sentyl,46c0bf32,84f4d358,f5bfffe5,bfc6f4d0,Enterprise Knowledge Retrieval,Document Automation,AI Observability,AI Security,2,3,1,4,1,2,3,4,3,1,2,4,6,5,5,3,30,25,35,10,0,1,1,0,1.5,1.5,5,15,85,66,32,33,6,5,5,3,3,3,Its most advanced customer engagement is a pilot in two practice groups at a law firm.,An independent benchmark of its extraction accuracy is in progress but not yet finished.,"Paying customers run it on production models, and it generates annual recurring revenue.",It has decided to defer formal security audits until after this funding round.,222.6,238,263.1,171.9,222.463,237.942,263.275,171.989,14,14,14,14,TRUE,TRUE,TRUE,TRUE,FALSE,FALSE,FALSE,FALSE,2,FALSE,1,33,Male,0,"ETF or ETC, Stock Market, Private Equity fund",White,Germany,Germany,Full-Time,No,"How we manage to retrieve information from pitches, what people remember about pitches, and how the vita of the founders influences this view",1446,1912,914
847,disclosure,3,5,hq_first,1,3,2,4,Pulsegrid,Sentyl,Paperloom,Axonmesh,dff2e369,90a19744,081e5fb5,c7e2221f,AI Observability,AI Security,Document Automation,Robotics Orchestration,2,4,1,3,1,2,4,3,4,2,1,3,6,5,5,4,15,30,40,15,1,0,1,1,1,1,-5,5,38,72,73,79,6,5,5,4,6,5,"Paying customers run it on production models, and it generates annual recurring revenue.","It has completed a SOC 2 Type II audit, with the report available in its data room.",An independent certification firm has completed an audit of its extraction accuracy and verified a benchmark lead.,Its deployment to date is one pilot fleet running daily at a single design partner's warehouse.,136,130.4,120.9,376.6,346.663,130.276,190.302,513.694,14,14,14,14,TRUE,TRUE,TRUE,TRUE,FALSE,FALSE,FALSE,FALSE,1,FALSE,1,22,Male,3,"Stock Market, Crowdfunding",White,United States,United States,Full-Time,No,Unified control plane for robotts,1840,1280,665
848,disclosure,6,4,hq_first,1,3,2,4,Foliant,Paperloom,Pulsegrid,Sentyl,46c0bf32,84f4d358,f5bfffe5,bfc6f4d0,Enterprise Knowledge Retrieval,Document Automation,AI Observability,AI Security,1,4,2,3,1,2,3,4,3,4,1,2,5,7,3,2,15,65,10,10,0,0,1,0,3.5,-0.5,30,-25,74,100,49,47,5,7,3,2,5,3,Its deployments run exclusively inside the founders' former employer.,An independent certification firm has completed an audit of its extraction accuracy and verified a benchmark lead.,"Paying customers run it on production models, and it generates annual recurring revenue.","It has completed a SOC 2 Type II audit, with the report available in its data room.",28.2,8.3,13.9,8,29.522,7.855,13.706,7.651,14,14,14,14,TRUE,TRUE,TRUE,TRUE,FALSE,FALSE,FALSE,FALSE,1,FALSE,1,40,Male,5,"ETF or ETC, Government Bonds, Stock Market, Options, Venture Capital fund, Crowdfunding",White,United Kingdom,Poland,Full-Time,Maybe a little,Check what kind of AI utilization makes most sense according to potentail investors,415,1912,914
849,control,1,10,lq_first,3,1,4,2,Foliant,Curato,Pulsegrid,Ironhall,46c0bf32,37c0ca72,f5bfffe5,817f1201,Enterprise Knowledge Retrieval,AI Training Data,AI Observability,Edge-AI Hardware,3,1,4,2,4,2,1,3,3,1,2,4,6,6,2,5,33,14,20,33,1,1,1,1,2.5,-1.5,-3,3,81,90,37,67,6,6,2,5,3,4,A bank customer has rolled Foliant out organization-wide after a successful pilot.,"Its founders are building Curato part-time alongside their current jobs, with the advisory board still forming.","Paying customers run it on production models, and it generates annual recurring revenue.","Its industrial certification is still in testing, and its first module is installing on a pilot line this quarter.",158.9,160.9,126.2,142.8,158.865,160.745,126.171,142.83,14,14,14,14,TRUE,TRUE,TRUE,TRUE,FALSE,FALSE,FALSE,FALSE,1,FALSE,1,26,Male,1,"ETF or ETC, Government Bonds, Stock Market, Private Equity fund",White,United Kingdom,United Kingdom,Full-Time,Maybe a little,to see how close i could feel it out,965,1528,732
850,disclosure,5,13,lq_first,3,1,4,2,Sentyl,Pulsegrid,Axonmesh,Paperloom,bcd14e91,2055e10c,e6065b1a,e20d4e90,AI Security,AI Observability,Robotics Orchestration,Document Automation,4,2,3,1,2,4,3,1,2,1,4,3,5,6,4,5,0,40,40,20,1,1,1,0,1,-1,-10,-10,56,74,37,83,5,6,4,5,2,2,"It has completed a SOC 2 Type II audit, with the report available in its data room.","It is pre-revenue, with an open-beta cohort scheduled to start next month.","Live fleets already coordinate robots in production at customer sites, billing recurring revenue.",An independent certification firm has completed an audit of its extraction accuracy and verified a benchmark lead.,87.2,125.9,113,120,87.118,126.086,112.832,120.171,14,14,14,14,TRUE,TRUE,TRUE,TRUE,FALSE,FALSE,FALSE,FALSE,2,FALSE,1,42,Male,15,"Crowdfunding, Private Equity fund",Mixed,United Kingdom,United Kingdom,Full-Time,No,"Based upon the facts of the decks, what was attractive to me to want to invest in these companies.  Given baseline projections, forecasts and growth to date, as well as the stories behind the people creating these companies, helped me decide on who and how much to invest in.",1437,1536,695
852,disclosure,4,5,hq_first,1,3,2,4,Pulsegrid,Sentyl,Paperloom,Axonmesh,dff2e369,90a19744,081e5fb5,c7e2221f,AI Observability,AI Security,Document Automation,Robotics Orchestration,2,4,1,3,4,2,3,1,4,2,3,1,5,4,6,4,0,0,0,100,1,1,1,1,-0.5,1.5,-50,-50,80,61,77,26,5,4,6,4,1,1,"Paying customers run it on production models, and it generates annual recurring revenue.",Its SOC 2 Type II audit is scheduled but has not yet taken place.,An independent certification firm has completed an audit of its extraction accuracy and verified a benchmark lead.,Its deployment to date is one pilot fleet running daily at a single design partner's warehouse.,318.7,122.9,402.5,183.9,318.574,122.863,402.401,183.871,14,14,14,14,TRUE,TRUE,TRUE,TRUE,FALSE,FALSE,FALSE,FALSE,1,FALSE,1,46,Male,9,"Government Bonds, Stock Market, Angel syndicate, Options, Private Equity fund, Venture Capital fund, Crowdfunding",White,United Kingdom,United Kingdom,Full-Time,No,Evaluate the viability of 4 start ups,1544,1920,979
853,disclosure,2,11,lq_first,3,1,4,2,Pulsegrid,Ironhall,Paperloom,Foliant,dff2e369,3e0eedc2,081e5fb5,3eed90b1,AI Observability,Edge-AI Hardware,Document Automation,Enterprise Knowledge Retrieval,3,1,4,2,2,3,1,4,1,2,3,4,4,2,4,6,10,10,40,40,1,1,0,1,-2,0,-30,0,67,71,24,28,4,2,4,6,1,1,"Paying customers run it on production models, and it generates annual recurring revenue.","Its industrial certification is still in testing, and its first module is installing on a pilot line this quarter.",An independent benchmark of its extraction accuracy is in progress but not yet finished.,Its most advanced customer engagement is a pilot in two practice groups at a law firm.,213.4,288.1,256.8,204.2,213.394,288.297,256.713,204.116,14,14,14,14,TRUE,TRUE,TRUE,TRUE,FALSE,FALSE,FALSE,FALSE,1,FALSE,1,45,Other,2,"ETF or ETC, Stock Market, Government Bonds, Private Equity fund, Crowdfunding",White,United States,United States,Full-Time,No,This study was about making investment decisions of start ups and how the presentation of that information can affect decision making even when told not to consider it.,1553,1528,732
854,disclosure_explanation,8,1,hq_first,1,3,2,4,Servora,Ironhall,Curato,Foliant,737deb7d,3e0eedc2,cbc833b1,3eed90b1,AI Inference Infrastructure,Edge-AI Hardware,AI Training Data,Enterprise Knowledge Retrieval,2,3,1,4,1,4,2,3,3,4,2,1,5,5,7,3,30,10,50,10,0,1,1,1,0,2,-10,30,24,30,12,11,5,5,7,3,1,3,Its technology is patented by a university and licensed to the company exclusively.,"Its industrial certification is still in testing, and its first module is installing on a pilot line this quarter.",Its founders built data infrastructure together at a leading AI-data company and left senior roles to work on Curato full-time.,Its most advanced customer engagement is a pilot in two practice groups at a law firm.,143.8,115.2,241.5,113.1,745.698,456.567,544.518,380.448,14,14,14,14,TRUE,TRUE,TRUE,TRUE,FALSE,FALSE,FALSE,FALSE,1,FALSE,1,55,Female,15,"Stock Market, Venture Capital fund",White,United States,United States,Due to start a new job within the next month,Maybe a little,This study was to determine individual evaluation of start-up based upon projected value of the organizations readiness and structure.,2814,1088,630
855,disclosure_explanation,7,12,lq_first,3,1,4,2,Paperloom,Foliant,Sentyl,Pulsegrid,340b9ba1,08321160,0566fd88,e7f29679,Document Automation,Enterprise Knowledge Retrieval,AI Security,AI Observability,3,1,4,2,1,4,2,3,3,1,4,2,5,5,5,5,20,25,30,25,0,0,0,1,0,0,-5,0,78,74,39,38,5,5,5,5,1,1,Its accuracy has been validated only in a peer-reviewed academic study.,A bank customer has rolled Foliant out organization-wide after a successful pilot.,Its compliance certifications are inherited from its cloud hosting provider.,"It is pre-revenue, with an open-beta cohort scheduled to start next month.",111.2,97.6,53.5,213.9,111.164,97.556,53.408,214.049,14,14,14,14,TRUE,TRUE,TRUE,TRUE,FALSE,FALSE,FALSE,FALSE,2,FALSE,1,47,Male,5,"ETF or ETC, Stock Market, Venture Capital fund, Crowdfunding",White,United Kingdom,United Kingdom,Full-Time,Yes,How visually appealing the slide decks were.,788,1375,706
856,disclosure,3,14,lq_first,3,1,4,2,Axonmesh,Paperloom,Servora,Sentyl,f36cc003,84f4d358,574d1367,bfc6f4d0,Robotics Orchestration,Document Automation,AI Inference Infrastructure,AI Security,3,1,4,2,2,3,1,4,1,4,2,3,5,5,5,6,30,10,30,30,1,1,1,1,-0.5,-0.5,-10,10,69,71,56,76,5,5,5,6,4,7,"Live fleets already coordinate robots in production at customer sites, billing recurring revenue.",An independent benchmark of its extraction accuracy is in progress but not yet finished.,"Its core patent has been granted, with further claims in prosecution.",Its SOC 2 Type II audit is scheduled but has not yet taken place.,439.3,431.9,320.7,460.5,440.94,431.845,328.913,460.471,14,14,14,14,TRUE,TRUE,TRUE,TRUE,FALSE,FALSE,FALSE,FALSE,1,FALSE,1,32,Female,2,"ETF or ETC, Stock Market, Private Equity fund",Asian,Canada,Canada,Full-Time,Maybe a little,How people would invest on startups.,2466,1280,585
857,disclosure,5,9,lq_first,3,1,4,2,Ironhall,Servora,Foliant,Curato,b5fef669,e55a120c,fa1fe22c,14efa601,Edge-AI Hardware,AI Inference Infrastructure,Enterprise Knowledge Retrieval,AI Training Data,4,2,3,1,3,1,4,2,2,4,3,1,6,4,5,5,20,20,30,30,1,0,0,0,0,1,-10,0,75,70,70,83,6,4,5,5,5,6,Its module has passed independent industrial certification and already runs on live production lines.,"Its core patent has been granted, with further claims in prosecution.",A national government agency is its anchor customer.,Its founders built data infrastructure together at a leading AI-data company and left senior roles to work on Curato full-time.,26.2,63.2,53.6,85.4,26.278,63.002,53.447,85.333,12,14,14,14,TRUE,TRUE,TRUE,TRUE,FALSE,FALSE,FALSE,FALSE,1,FALSE,1,46,Male,8,"Options, Angel syndicate, Stock Market, Government Bonds, Unit trusts, Crowdfunding, Venture Capital fund, Private Equity fund",Black,United Kingdom,United Kingdom,Full-Time,No,It's about reading different pitch and making your conclusion on what you think those pitch are about,823,1280,559
858,disclosure_explanation,8,16,lq_first,3,1,4,2,Curato,Axonmesh,Ironhall,Servora,6b81ec39,4fe27fae,87b7dfe9,e06655dc,AI Training Data,Robotics Orchestration,Edge-AI Hardware,AI Inference Infrastructure,3,1,4,2,1,3,4,2,1,2,3,4,4,5,3,5,35,20,15,30,1,1,0,1,0.5,-1.5,5,0,33,34,24,27,4,5,3,5,2,2,Its founders built data infrastructure together at a leading AI-data company and left senior roles to work on Curato full-time.,Its deployment to date is one pilot fleet running daily at a single design partner's warehouse.,"Its industrial certification is still in testing, and its first module is installing on a pilot line this quarter.",Its patent filing is a provisional application that is still pending.,136.9,262.8,27.7,167.5,136.607,262.697,27.498,167.383,14,14,14,14,TRUE,TRUE,TRUE,TRUE,FALSE,FALSE,FALSE,FALSE,2,FALSE,1,41,Male,15,"Stock Market, Crowdfunding",Asian,United Kingdom,United Kingdom,Full-Time,No,not sure,1152,1806,1035
859,disclosure,6,8,hq_first,1,3,2,4,Axonmesh,Curato,Servora,Ironhall,f36cc003,37c0ca72,574d1367,817f1201,Robotics Orchestration,AI Training Data,AI Inference Infrastructure,Edge-AI Hardware,1,4,2,3,4,2,3,1,3,2,1,4,7,5,3,3,30,25,20,25,1,1,0,1,3,1,5,0,100,100,0,0,7,5,3,3,1,1,"Live fleets already coordinate robots in production at customer sites, billing recurring revenue.","Its founders are building Curato part-time alongside their current jobs, with the advisory board still forming.",Its technology is patented by a university and licensed to the company exclusively.,"Its industrial certification is still in testing, and its first module is installing on a pilot line this quarter.",203.3,71.7,122,93.7,203.195,71.774,121.845,93.974,14,14,14,14,TRUE,TRUE,TRUE,TRUE,FALSE,FALSE,FALSE,FALSE,3,FALSE,1,22,Female,0,Crowdfunding,Other,United States,United States,Other,No,"Processing small, obscure pieces of information in a well-polished slide",999,1494,754
860,control,1,3,hq_first,1,3,2,4,Ironhall,Pulsegrid,Foliant,Paperloom,b5fef669,2055e10c,fa1fe22c,e20d4e90,Edge-AI Hardware,AI Observability,Enterprise Knowledge Retrieval,Document Automation,1,4,2,3,3,2,1,4,4,3,2,1,7,5,5,6,80,15,5,0,1,0,0,1,0.5,0.5,45,35,91,51,70,79,7,5,5,6,4,3,Its module has passed independent industrial certification and already runs on live production lines.,It charges model vendors for access to anonymized benchmark data.,Its deployments run exclusively inside the founders' former employer.,An independent benchmark of its extraction accuracy is in progress but not yet finished.,157.7,51.8,145,48.2,157.763,51.78,145.071,48.002,14,14,14,14,TRUE,TRUE,TRUE,TRUE,FALSE,FALSE,FALSE,FALSE,1,FALSE,1,60,Male,5,"ETF or ETC, Stock Market, Crowdfunding",White,United States,United States,Full-Time,Maybe a little,Investing in start up companies.,933,1366,645
861,disclosure_explanation,7,12,lq_first,3,1,4,2,Paperloom,Foliant,Sentyl,Pulsegrid,340b9ba1,08321160,0566fd88,e7f29679,Document Automation,Enterprise Knowledge Retrieval,AI Security,AI Observability,4,1,3,2,1,2,4,3,3,1,2,4,4,6,2,2,25,20,35,20,0,0,1,1,3,-1,-5,10,66,77,76,71,4,6,2,2,3,6,"It does not permit external accuracy audits, citing customer confidentiality.",A bank customer has rolled Foliant out organization-wide after a successful pilot.,"It has completed a SOC 2 Type II audit, with the report available in its data room.","It is pre-revenue, with an open-beta cohort scheduled to start next month.",52.8,104.6,75.4,134.2,52.869,104.529,75.318,134.265,14,14,14,14,TRUE,TRUE,TRUE,TRUE,FALSE,FALSE,FALSE,FALSE,1,FALSE,1,48,Male,3,Crowdfunding,White,United Kingdom,United Kingdom,Full-Time,Maybe a little,Which AI is most effective in its precific role,857,1600,765
862,disclosure,4,15,lq_first,3,1,4,2,Servora,Sentyl,Curato,Axonmesh,737deb7d,90a19744,cbc833b1,c7e2221f,AI Inference Infrastructure,AI Security,AI Training Data,Robotics Orchestration,4,1,3,2,1,4,2,3,3,4,1,2,2,7,2,4,5,80,5,10,1,0,0,0,1.5,-3.5,35,-40,5,95,9,59,2,7,2,4,1,1,"Its core patent has been granted, with further claims in prosecution.","It has completed a SOC 2 Type II audit, with the report available in its data room.",Its founders are academics who license the labelling technology from their university lab.,"Live fleets already coordinate robots in production at customer sites, billing recurring revenue.",165.8,311.7,200.8,250.6,166.161,311.865,200.663,250.522,14,14,14,14,TRUE,TRUE,TRUE,TRUE,FALSE,FALSE,FALSE,FALSE,1,FALSE,1,48,Female,0,"Crowdfunding, Other, Government Bonds",White,Canada,Canada,Part-Time,No,How design impacts information delivery. It could also be about which tech ideas are seen as the most fruitful with the general non-tech public.,1719,1920,911
864,disclosure,3,2,hq_first,1,3,2,4,Curato,Foliant,Ironhall,Pulsegrid,6b81ec39,08321160,87b7dfe9,e7f29679,AI Training Data,Enterprise Knowledge Retrieval,Edge-AI Hardware,AI Observability,1,3,2,4,1,3,4,2,4,1,2,3,6,5,6,3,20,0,80,0,1,1,1,1,1,2,-30,50,30,42,67,28,6,5,6,3,5,3,Its founders built data infrastructure together at a leading AI-data company and left senior roles to work on Curato full-time.,Its most advanced customer engagement is a pilot in two practice groups at a law firm.,Its module has passed independent industrial certification and already runs on live production lines.,"It is pre-revenue, with an open-beta cohort scheduled to start next month.",181.7,127.1,142.1,100.3,207.34,163.22,181.301,181.838,14,14,14,14,TRUE,TRUE,TRUE,TRUE,FALSE,FALSE,FALSE,FALSE,1,FALSE,1,40,Male,0,"Stock Market, Crowdfunding, ETF or ETC",White,United States,United States,NA,No,General ability to remember the finer details of pitches.,1265,1920,919
867,control,1,9,lq_first,3,1,4,2,Ironhall,Servora,Foliant,Curato,b5fef669,e55a120c,fa1fe22c,14efa601,Edge-AI Hardware,AI Inference Infrastructure,Enterprise Knowledge Retrieval,AI Training Data,3,1,4,2,2,4,1,3,3,2,4,1,5,4,6,4,50,10,25,15,1,1,0,1,-0.5,1.5,10,25,74,70,33,26,5,4,6,4,5,4,Its module has passed independent industrial certification and already runs on live production lines.,Its patent filing is a provisional application that is still pending.,Its deployments run exclusively inside the founders' former employer.,"Its founders are building Curato part-time alongside their current jobs, with the advisory board still forming.",429.4,403.8,389.1,414.1,429.363,403.779,388.991,414.193,14,14,14,14,TRUE,TRUE,TRUE,TRUE,FALSE,FALSE,FALSE,FALSE,1,FALSE,1,55,Female,1,"Government Bonds, Stock Market, Crowdfunding, Other",White,United States,United States,Part-Time,No,Investing into startup ventures all based around AI,2428,1536,695
869,disclosure_explanation,8,6,hq_first,1,3,2,4,Paperloom,Axonmesh,Sentyl,Servora,340b9ba1,4fe27fae,0566fd88,e06655dc,Document Automation,Robotics Orchestration,AI Security,AI Inference Infrastructure,1,3,2,4,3,1,4,2,2,4,1,3,6,6,1,3,30,10,50,10,0,1,1,1,4,-1,-10,30,100,88,0,13,6,6,1,3,6,5,An independent benchmark of its extraction accuracy is in progress but not yet finished.,Its deployment to date is one pilot fleet running daily at a single design partner's warehouse.,"It has completed a SOC 2 Type II audit, with the report available in its data room.",Its patent filing is a provisional application that is still pending.,51.4,22.5,25.3,23.8,51.535,26.043,25.208,23.874,14,14,14,14,TRUE,TRUE,TRUE,TRUE,FALSE,FALSE,FALSE,FALSE,2,FALSE,1,32,Female,1,"ETF or ETC, Stock Market, Crowdfunding",Asian,United Kingdom,United Kingdom,Full-Time,No,Evaluating/assess start up pitches,1408,1440,788
870,disclosure,5,5,hq_first,1,3,2,4,Pulsegrid,Sentyl,Paperloom,Axonmesh,dff2e369,90a19744,081e5fb5,c7e2221f,AI Observability,AI Security,Document Automation,Robotics Orchestration,1,3,2,4,3,2,4,1,2,1,4,3,7,6,6,3,20,50,20,10,1,1,1,1,2,2,20,-10,92,91,100,100,7,6,6,3,1,3,"Paying customers run it on production models, and it generates annual recurring revenue.",Its SOC 2 Type II audit is scheduled but has not yet taken place.,An independent certification firm has completed an audit of its extraction accuracy and verified a benchmark lead.,Its deployment to date is one pilot fleet running daily at a single design partner's warehouse.,289.3,232.6,246.5,225.1,289.345,232.735,264.094,225.158,14,14,14,14,TRUE,TRUE,TRUE,TRUE,FALSE,FALSE,FALSE,FALSE,1,FALSE,1,54,Male,30,"Government Bonds, Stock Market, Private Equity fund, Crowdfunding",White,United States,United States,Full-Time,No,Wanting to see what industry people think have the most growth?,1426,1920,911
871,control,1,13,lq_first,3,1,4,2,Sentyl,Pulsegrid,Axonmesh,Paperloom,bcd14e91,2055e10c,e6065b1a,e20d4e90,AI Security,AI Observability,Robotics Orchestration,Document Automation,3,2,4,1,2,4,1,3,4,1,2,3,6,4,4,4,40,20,30,10,0,1,1,0,1,1,10,20,91,57,39,57,6,4,4,4,5,5,Its compliance certifications are inherited from its cloud hosting provider.,"It is pre-revenue, with an open-beta cohort scheduled to start next month.","Live fleets already coordinate robots in production at customer sites, billing recurring revenue.","It does not permit external accuracy audits, citing customer confidentiality.",160,540.7,119.5,433.2,160.091,543.65,119.395,433.059,14,14,14,14,TRUE,TRUE,TRUE,TRUE,FALSE,FALSE,FALSE,FALSE,1,FALSE,1,32,Male,6,"Government Bonds, Stock Market, Crowdfunding, Options, ETF or ETC",Mixed,United States,United States,Part-Time,No,Determining what information investors would focus on when making investment decisions,1784,1280,594
872,disclosure,6,8,hq_first,1,3,2,4,Axonmesh,Curato,Servora,Ironhall,f36cc003,37c0ca72,574d1367,817f1201,Robotics Orchestration,AI Training Data,AI Inference Infrastructure,Edge-AI Hardware,2,4,1,3,3,1,4,2,1,2,3,4,6,4,7,5,30,15,40,15,1,0,1,1,-1,2,-5,20,88,75,13,10,6,4,7,5,4,5,"Live fleets already coordinate robots in production at customer sites, billing recurring revenue.",Its founders built data infrastructure together at a leading AI-data company and left senior roles to work on Curato full-time.,"Its core patent has been granted, with further claims in prosecution.","Its industrial certification is still in testing, and its first module is installing on a pilot line this quarter.",416.3,348.5,600,346,416.335,348.203,618.823,346.033,14,14,14,14,TRUE,TRUE,TRUE,TRUE,FALSE,FALSE,FALSE,FALSE,1,FALSE,1,43,Male,15,"ETF or ETC, Government Bonds, Private Equity fund, Unit trusts",White,United Kingdom,United Kingdom,Full-Time,No,"I think it was to judge the best return on investment, based on the reliability, transparency and certainty (patents/certs etc) of ventures?",2225,1528,732
874,disclosure,6,11,lq_first,3,1,4,2,Pulsegrid,Ironhall,Paperloom,Foliant,dff2e369,3e0eedc2,081e5fb5,3eed90b1,AI Observability,Edge-AI Hardware,Document Automation,Enterprise Knowledge Retrieval,4,1,3,2,4,2,3,1,3,1,4,2,6,5,6,4,35,20,35,10,1,1,1,1,0.5,1.5,5,20,92,69,18,24,6,5,6,4,1,1,"Paying customers run it on production models, and it generates annual recurring revenue.","Its industrial certification is still in testing, and its first module is installing on a pilot line this quarter.",An independent certification firm has completed an audit of its extraction accuracy and verified a benchmark lead.,Its most advanced customer engagement is a pilot in two practice groups at a law firm.,226.6,204.4,222.9,246.2,226.608,204.358,222.902,246.27,14,14,14,14,TRUE,TRUE,TRUE,TRUE,FALSE,FALSE,FALSE,FALSE,1,FALSE,1,36,Female,3,"Crowdfunding, Stock Market, ETF or ETC",Other,Canada,Canada,Full-Time,No,Impact of design on investment allocation,1223,1512,857
875,disclosure,2,5,hq_first,1,3,2,4,Pulsegrid,Sentyl,Paperloom,Axonmesh,dff2e369,90a19744,081e5fb5,c7e2221f,AI Observability,AI Security,Document Automation,Robotics Orchestration,1,3,2,4,3,1,2,4,3,2,4,1,4,2,6,3,15,15,50,20,1,1,0,1,-1.5,2.5,-20,15,92,65,79,30,4,2,6,3,1,5,"Paying customers run it on production models, and it generates annual recurring revenue.",Its SOC 2 Type II audit is scheduled but has not yet taken place.,An independent benchmark of its extraction accuracy is in progress but not yet finished.,Its deployment to date is one pilot fleet running daily at a single design partner's warehouse.,237.5,155.8,206.6,136.2,237.348,155.704,206.43,136.216,14,14,14,14,TRUE,TRUE,TRUE,TRUE,FALSE,FALSE,FALSE,FALSE,2,FALSE,1,74,Male,5,"Stock Market, Options, Crowdfunding",White,United States,United States,Part-Time,No,Design effect on presentation in decision making.,1189,1920,945
876,disclosure_explanation,7,1,hq_first,1,3,2,4,Servora,Ironhall,Curato,Foliant,737deb7d,3e0eedc2,cbc833b1,3eed90b1,AI Inference Infrastructure,Edge-AI Hardware,AI Training Data,Enterprise Knowledge Retrieval,2,4,1,3,3,4,1,2,2,4,3,1,6,5,5,5,10,45,10,35,1,1,1,1,0.5,0.5,5,-30,74,100,25,29,6,5,5,5,1,1,"Its core patent has been granted, with further claims in prosecution.","Its industrial certification is still in testing, and its first module is installing on a pilot line this quarter.",Its founders built data infrastructure together at a leading AI-data company and left senior roles to work on Curato full-time.,Its most advanced customer engagement is a pilot in two practice groups at a law firm.,406,280.1,567.8,255.6,411.902,282.009,567.886,255.35,14,14,14,14,TRUE,TRUE,TRUE,TRUE,FALSE,FALSE,FALSE,FALSE,2,FALSE,1,43,Female,0,Crowdfunding,White,United States,United States,Other,No,Whether the nicer graphic/advertising would make the investor more likely to invest in the start up.,2208,1482,814
878,disclosure_explanation,7,10,lq_first,3,1,4,2,Foliant,Curato,Pulsegrid,Ironhall,46c0bf32,37c0ca72,f5bfffe5,817f1201,Enterprise Knowledge Retrieval,AI Training Data,AI Observability,Edge-AI Hardware,3,1,4,2,1,4,2,3,1,2,4,3,6,5,5,6,40,10,20,30,1,1,0,1,0,0,0,10,80,79,17,6,6,5,5,6,1,1,A bank customer has rolled Foliant out organization-wide after a successful pilot.,"Its founders are building Curato part-time alongside their current jobs, with the advisory board still forming.","It is pre-revenue, with an open-beta cohort scheduled to start next month.","Its industrial certification is still in testing, and its first module is installing on a pilot line this quarter.",202.5,300.1,154.5,240.9,202.401,300.092,154.495,240.876,14,14,14,14,TRUE,TRUE,TRUE,TRUE,FALSE,FALSE,FALSE,FALSE,1,FALSE,1,35,Female,0,"ETF or ETC, Stock Market, Crowdfunding",White,Germany,Spain,Full-Time,No,"I assume maybe the goal is to check how the background of the founders/CEOs/advisors and the already commited funds affects the proclivity in trusting a company, even if it is enterin a smaller market.",1576,1432,794
879,disclosure,4,6,hq_first,1,3,2,4,Paperloom,Axonmesh,Sentyl,Servora,340b9ba1,4fe27fae,0566fd88,e06655dc,Document Automation,Robotics Orchestration,AI Security,AI Inference Infrastructure,1,4,2,3,4,2,1,3,1,2,3,4,5,3,4,4,33,7,30,30,1,0,1,1,0,1,-10,13,70,52,42,53,5,3,4,4,1,1,An independent certification firm has completed an audit of its extraction accuracy and verified a benchmark lead.,Its coordination software has so far run only in simulation.,"It has completed a SOC 2 Type II audit, with the report available in its data room.",Its patent filing is a provisional application that is still pending.,89,80.3,151.9,479.6,89.24,80.304,151.927,479.604,14,14,14,14,TRUE,TRUE,TRUE,TRUE,FALSE,FALSE,FALSE,FALSE,2,FALSE,1,39,Male,8,"ETF or ETC, Government Bonds, Stock Market, Options, Private Equity fund, Venture Capital fund, Crowdfunding, Other",White,United States,United States,Full-Time,No,investing,1562,1459,962
880,disclosure_explanation,8,13,lq_first,3,1,4,2,Sentyl,Pulsegrid,Axonmesh,Paperloom,bcd14e91,2055e10c,e6065b1a,e20d4e90,AI Security,AI Observability,Robotics Orchestration,Document Automation,3,2,4,1,1,3,2,4,3,4,2,1,6,2,6,6,50,5,15,30,1,1,1,1,-2,2,5,15,74,26,20,24,6,2,6,6,1,1,"It has completed a SOC 2 Type II audit, with the report available in its data room.","It is pre-revenue, with an open-beta cohort scheduled to start next month.","Live fleets already coordinate robots in production at customer sites, billing recurring revenue.",An independent benchmark of its extraction accuracy is in progress but not yet finished.,186.2,192.5,186.6,311.1,186.213,192.496,186.509,310.861,14,14,14,14,TRUE,TRUE,TRUE,TRUE,FALSE,FALSE,FALSE,FALSE,1,FALSE,1,34,Male,0,"ETF or ETC, Stock Market, Crowdfunding",Other,United Kingdom,United Kingdom,Full-Time,No,"Honestly, the slides were difficult to read through so I'm thinking it was about design.",1302,1920,945
882,disclosure,3,15,lq_first,3,1,4,2,Servora,Sentyl,Curato,Axonmesh,737deb7d,90a19744,cbc833b1,c7e2221f,AI Inference Infrastructure,AI Security,AI Training Data,Robotics Orchestration,3,1,4,2,3,1,4,2,2,4,3,1,5,5,4,6,5,20,15,60,1,0,1,1,0,-1,-25,-30,48,41,36,59,5,5,4,6,1,1,"Its core patent has been granted, with further claims in prosecution.",It has decided to defer formal security audits until after this funding round.,Its founders built data infrastructure together at a leading AI-data company and left senior roles to work on Curato full-time.,Its deployment to date is one pilot fleet running daily at a single design partner's warehouse.,191.3,138.4,83.2,173.3,194.016,143.631,85.417,179.803,14,14,14,14,TRUE,TRUE,TRUE,TRUE,FALSE,FALSE,FALSE,FALSE,1,FALSE,1,28,Male,1,"Stock Market, Crowdfunding",White,United Kingdom,United Kingdom,Full-Time,No,Seeing which types of ventures were more favourable and how much attention you paid to each slide what is actually important,1262,1280,551
883,disclosure,6,1,hq_first,1,3,2,4,Servora,Ironhall,Curato,Foliant,737deb7d,3e0eedc2,cbc833b1,3eed90b1,AI Inference Infrastructure,Edge-AI Hardware,AI Training Data,Enterprise Knowledge Retrieval,2,3,1,4,2,1,3,4,2,1,3,4,6,2,5,2,50,10,30,10,1,1,1,1,0.5,3.5,10,30,100,100,72,73,6,2,5,2,1,1,"Its core patent has been granted, with further claims in prosecution.","Its industrial certification is still in testing, and its first module is installing on a pilot line this quarter.",Its founders built data infrastructure together at a leading AI-data company and left senior roles to work on Curato full-time.,Its most advanced customer engagement is a pilot in two practice groups at a law firm.,121.3,141,124.5,112,121.29,140.819,124.348,112.09,14,14,14,14,TRUE,TRUE,TRUE,TRUE,FALSE,FALSE,FALSE,FALSE,1,FALSE,1,29,Male,5,"ETF or ETC, Stock Market, Crowdfunding",White,United Kingdom,United Kingdom,Part-Time,No,I think this study was about investigating what information a pitch should focus on to convince investors to invest.,874,1224,551
885,disclosure,5,4,hq_first,1,3,2,4,Foliant,Paperloom,Pulsegrid,Sentyl,46c0bf32,84f4d358,f5bfffe5,bfc6f4d0,Enterprise Knowledge Retrieval,Document Automation,AI Observability,AI Security,1,3,2,4,1,3,4,2,1,4,2,3,6,6,6,7,20,15,30,35,1,0,1,0,-0.5,-0.5,-15,0,20,83,80,31,6,6,6,7,6,7,A bank customer has rolled Foliant out organization-wide after a successful pilot.,An independent certification firm has completed an audit of its extraction accuracy and verified a benchmark lead.,"Paying customers run it on production models, and it generates annual recurring revenue.",It has decided to defer formal security audits until after this funding round.,222.5,214,147.9,173.5,222.386,213.932,147.894,173.365,14,14,14,14,TRUE,TRUE,TRUE,TRUE,FALSE,FALSE,FALSE,FALSE,1,FALSE,1,22,Male,1,"ETF or ETC, Government Bonds, Stock Market, Options, Private Equity fund, Crowdfunding",Asian,India,India,Part-Time,Maybe a little,"This study was about Sentry,a cybersecurity company and its growth and investment strategy.It focused on Sentry's founding team,financial outlook,AI powered security applications and how investors should allocate funding among different AI/security ventures.",1590,1298,767
886,control,1,14,lq_first,3,1,4,2,Axonmesh,Paperloom,Servora,Sentyl,f36cc003,84f4d358,574d1367,bfc6f4d0,Robotics Orchestration,Document Automation,AI Inference Infrastructure,AI Security,4,2,3,1,1,4,2,3,4,2,3,1,3,7,1,5,10,60,10,20,1,0,1,1,2,-4,20,-30,14,86,1,66,3,7,1,5,5,6,"Live fleets already coordinate robots in production at customer sites, billing recurring revenue.",An independent certification firm has completed an audit of its extraction accuracy and verified a benchmark lead.,"Its core patent has been granted, with further claims in prosecution.",Its SOC 2 Type II audit is scheduled but has not yet taken place.,128,208.1,115.8,170.8,334.002,292.387,160.408,170.838,14,14,14,14,TRUE,TRUE,TRUE,TRUE,FALSE,FALSE,FALSE,FALSE,1,FALSE,1,28,Female,1,"Stock Market, Crowdfunding, Other",Asian,India,India,Full-Time,No,"Details about a startup which seem worthy of investment, maybe evaluating the idea, or how the deck is presented, and analysing the entrepreneur and startup match",1466,1536,695
887,disclosure,3,8,hq_first,1,3,2,4,Axonmesh,Curato,Servora,Ironhall,f36cc003,37c0ca72,574d1367,817f1201,Robotics Orchestration,AI Training Data,AI Inference Infrastructure,Edge-AI Hardware,2,3,1,4,2,4,1,3,2,3,1,4,6,6,5,3,50,50,0,0,1,1,1,1,2,1,50,0,78,80,28,81,6,6,5,3,5,7,"Live fleets already coordinate robots in production at customer sites, billing recurring revenue.","Its founders are building Curato part-time alongside their current jobs, with the advisory board still forming.","Its core patent has been granted, with further claims in prosecution.","Its industrial certification is still in testing, and its first module is installing on a pilot line this quarter.",565.6,459.8,300,631.9,565.599,459.845,300.052,631.778,14,14,14,14,TRUE,TRUE,TRUE,TRUE,FALSE,FALSE,FALSE,FALSE,2,FALSE,1,72,Male,40,"Stock Market, Government Bonds, Private Equity fund, Options, ETF or ETC",White,United States,United States,Part-Time,Maybe a little,Evaluation of 4 start-up companies to determine who has best potential profitability.,3165,1528,828
888,control,1,7,hq_first,1,3,2,4,Sentyl,Servora,Axonmesh,Curato,bcd14e91,e55a120c,e6065b1a,14efa601,AI Security,AI Inference Infrastructure,Robotics Orchestration,AI Training Data,2,3,1,4,2,1,3,4,2,4,1,3,1,2,7,2,50,5,5,40,1,1,1,0,-3,2,5,5,77,19,100,100,1,2,7,2,3,1,"It has completed a SOC 2 Type II audit, with the report available in its data room.",Its patent filing is a provisional application that is still pending.,"Live fleets already coordinate robots in production at customer sites, billing recurring revenue.",Its founders built data infrastructure together at a leading AI-data company and left senior roles to work on Curato full-time.,199.8,174.9,204,188.5,206.289,174.841,206.838,201.562,14,14,14,14,TRUE,TRUE,TRUE,TRUE,FALSE,FALSE,FALSE,FALSE,1,FALSE,1,29,Male,0,"ETF or ETC, Stock Market, Crowdfunding",White,United Kingdom,Lithuania,Full-Time,No,Reviewing multiple decks to see what type of information is more desired by someone looking to invest in a startup,1260,1710,989
890,disclosure,2,16,lq_first,3,1,4,2,Curato,Axonmesh,Ironhall,Servora,6b81ec39,4fe27fae,87b7dfe9,e06655dc,AI Training Data,Robotics Orchestration,Edge-AI Hardware,AI Inference Infrastructure,4,2,3,1,2,3,1,4,3,1,4,2,3,5,3,3,20,40,25,15,1,0,1,1,1,-1,10,-5,33,65,22,21,3,5,3,3,3,5,Its founders built data infrastructure together at a leading AI-data company and left senior roles to work on Curato full-time.,"Live fleets already coordinate robots in production at customer sites, billing recurring revenue.",Its module has passed independent industrial certification and already runs on live production lines.,Its patent filing is a provisional application that is still pending.,94.5,237.8,88.7,154.5,94.445,237.796,88.872,154.266,14,14,14,14,TRUE,TRUE,TRUE,TRUE,FALSE,FALSE,FALSE,FALSE,2,FALSE,1,76,Female,2,"Stock Market, Crowdfunding, ETF or ETC, Venture Capital fund",Mixed,United States,Jamaica,Part-Time,No,Taking risks Investing in companies that manufacture robotics systems.,2133,1444,656
891,disclosure,2,1,hq_first,1,3,2,4,Servora,Ironhall,Curato,Foliant,737deb7d,3e0eedc2,cbc833b1,3eed90b1,AI Inference Infrastructure,Edge-AI Hardware,AI Training Data,Enterprise Knowledge Retrieval,1,4,2,3,4,1,2,3,1,2,4,3,7,6,3,3,100,0,0,0,1,1,1,1,3.5,0.5,50,50,99,89,16,16,7,6,3,3,6,6,"Its core patent has been granted, with further claims in prosecution.","Its industrial certification is still in testing, and its first module is installing on a pilot line this quarter.",Its founders built data infrastructure together at a leading AI-data company and left senior roles to work on Curato full-time.,Its most advanced customer engagement is a pilot in two practice groups at a law firm.,264.5,72.2,106,73.8,264.56,72.262,105.922,73.942,14,14,14,14,TRUE,TRUE,TRUE,TRUE,FALSE,FALSE,FALSE,FALSE,1,FALSE,1,38,Female,0,"ETF or ETC, Stock Market, Crowdfunding, Government Bonds, Other",Asian,United States,United States,"Not in paid work (e.g. homemaker', 'retired or disabled)",Maybe a little,how the visual of the slides affects how much people trust or pay attention to the content,823,1202,635
897,control,1,9,lq_first,3,1,4,2,Ironhall,Servora,Foliant,Curato,b5fef669,e55a120c,fa1fe22c,14efa601,Edge-AI Hardware,AI Inference Infrastructure,Enterprise Knowledge Retrieval,AI Training Data,4,2,3,1,4,3,2,1,1,4,2,3,4,4,5,4,0,0,100,0,1,0,0,1,-0.5,0.5,-50,50,63,49,77,23,4,4,5,4,4,5,Its module has passed independent industrial certification and already runs on live production lines.,"Its core patent has been granted, with further claims in prosecution.",Its most advanced customer engagement is a pilot in two practice groups at a law firm.,"Its founders are building Curato part-time alongside their current jobs, with the advisory board still forming.",262,166.3,235,144.7,261.989,166.346,235.026,144.601,14,14,14,14,TRUE,TRUE,TRUE,TRUE,FALSE,FALSE,FALSE,FALSE,1,FALSE,1,37,Male,1,"ETF or ETC, Private Equity fund, Stock Market",Mixed,Canada,Canada,Full-Time,No,If average people can understand what is going into these technical AI financing pitches. Then be able to decide where they would allocate there funds too if given the choice,1258,980,1773
899,disclosure,2,12,lq_first,3,1,4,2,Paperloom,Foliant,Sentyl,Pulsegrid,340b9ba1,08321160,0566fd88,e7f29679,Document Automation,Enterprise Knowledge Retrieval,AI Security,AI Observability,3,2,4,1,3,2,1,4,4,1,2,3,5,6,6,3,40,15,40,5,1,1,1,0,1,1,5,30,55,75,19,21,5,6,6,3,1,1,An independent certification firm has completed an audit of its extraction accuracy and verified a benchmark lead.,Its most advanced customer engagement is a pilot in two practice groups at a law firm.,"It has completed a SOC 2 Type II audit, with the report available in its data room.",It charges model vendors for access to anonymized benchmark data.,213.9,166.4,193.9,76.2,213.934,166.456,193.948,76.016,14,14,14,14,TRUE,TRUE,TRUE,TRUE,FALSE,FALSE,FALSE,FALSE,1,FALSE,1,56,Female,0,"ETF or ETC, Government Bonds, Stock Market, Crowdfunding",White,United Kingdom,United Kingdom,Part-Time,No,The visual design of enterprise presentations and how this impacts the message to investors.,1053,1507,679
901,disclosure,3,15,lq_first,3,1,4,2,Servora,Sentyl,Curato,Axonmesh,737deb7d,90a19744,cbc833b1,c7e2221f,AI Inference Infrastructure,AI Security,AI Training Data,Robotics Orchestration,3,2,4,1,1,4,2,3,1,2,3,4,6,5,6,5,20,20,40,20,1,1,1,1,0,1,-10,10,78,69,76,42,6,5,6,5,7,7,"Its core patent has been granted, with further claims in prosecution.",Its SOC 2 Type II audit is scheduled but has not yet taken place.,Its founders built data infrastructure together at a leading AI-data company and left senior roles to work on Curato full-time.,Its deployment to date is one pilot fleet running daily at a single design partner's warehouse.,208.5,247.1,240.3,476.2,208.488,261.892,241.635,480.478,14,14,14,14,TRUE,TRUE,TRUE,TRUE,FALSE,FALSE,FALSE,FALSE,1,FALSE,1,48,Male,5,"ETF or ETC, Government Bonds, Stock Market, Venture Capital fund, Private Equity fund, Crowdfunding",Black,United States,United States,Full-Time,No,I think the study was aiming to evaluate how peoplev assess the substantive quality of early stage ventures based on each of their pitch decks,2342,1920,945
902,disclosure,4,11,lq_first,3,1,4,2,Pulsegrid,Ironhall,Paperloom,Foliant,dff2e369,3e0eedc2,081e5fb5,3eed90b1,AI Observability,Edge-AI Hardware,Document Automation,Enterprise Knowledge Retrieval,4,1,3,2,3,4,2,1,3,4,2,1,6,7,5,6,10,30,20,40,0,1,0,1,1,-1,-10,-20,87,93,76,71,6,7,5,6,6,5,It charges model vendors for access to anonymized benchmark data.,"Its industrial certification is still in testing, and its first module is installing on a pilot line this quarter.",Its accuracy has been validated only in a peer-reviewed academic study.,Its most advanced customer engagement is a pilot in two practice groups at a law firm.,20.1,33.2,12.7,24,63.171,177.633,483.289,81.321,14,14,14,14,TRUE,TRUE,TRUE,TRUE,FALSE,FALSE,FALSE,FALSE,3,TRUE,1,52,Male,7,"Stock Market, Private Equity fund",White,United States,United States,Full-Time,Yes,Evaluating pitch decks and determining their overall value.,1023,1536,723
903,disclosure,6,4,hq_first,1,3,2,4,Foliant,Paperloom,Pulsegrid,Sentyl,46c0bf32,84f4d358,f5bfffe5,bfc6f4d0,Enterprise Knowledge Retrieval,Document Automation,AI Observability,AI Security,1,3,2,4,3,4,2,1,2,1,4,3,6,7,7,5,20,40,20,20,0,0,0,0,0.5,0.5,10,-10,69,100,24,19,6,7,7,5,5,7,A national government agency is its anchor customer.,"It does not permit external accuracy audits, citing customer confidentiality.",It charges model vendors for access to anonymized benchmark data.,Its compliance certifications are inherited from its cloud hosting provider.,46.5,523,177.6,38.5,48.067,718.782,182.827,38.574,14,14,14,14,TRUE,TRUE,TRUE,TRUE,FALSE,FALSE,FALSE,FALSE,1,FALSE,1,22,Male,0,"Government Bonds, Stock Market, Crowdfunding",Asian,India,India,Unemployed (and job seeking),No,"Not really, sure , but maybe to judge the companies based on the presentation design and layout?",1368,2552,1300
904,disclosure_explanation,8,2,hq_first,1,3,2,4,Curato,Foliant,Ironhall,Pulsegrid,6b81ec39,08321160,87b7dfe9,e7f29679,AI Training Data,Enterprise Knowledge Retrieval,Edge-AI Hardware,AI Observability,2,4,1,3,2,3,1,4,4,3,2,1,5,3,3,2,25,15,45,15,1,0,1,0,1.5,1.5,-10,20,74,40,62,13,5,3,3,2,5,6,Its founders built data infrastructure together at a leading AI-data company and left senior roles to work on Curato full-time.,A bank customer has rolled Foliant out organization-wide after a successful pilot.,Its module has passed independent industrial certification and already runs on live production lines.,"Paying customers run it on production models, and it generates annual recurring revenue.",181.1,90,194.3,169.9,240.045,93.531,210.492,170.117,14,14,14,14,TRUE,TRUE,TRUE,TRUE,FALSE,FALSE,FALSE,FALSE,2,FALSE,1,33,Male,5,"ETF or ETC, Stock Market, Crowdfunding",Black,United States,Jamaica,Full-Time,Maybe a little,I think it could have been about how effective certain pitches for new ai models are and how they could change and interact with enterprise companies,1444,1920,945
905,disclosure,5,6,hq_first,1,3,2,4,Paperloom,Axonmesh,Sentyl,Servora,340b9ba1,4fe27fae,0566fd88,e06655dc,Document Automation,Robotics Orchestration,AI Security,AI Inference Infrastructure,2,3,1,4,2,1,4,3,3,4,1,2,7,2,6,3,0,10,30,60,1,0,1,1,0,4,-40,-20,77,41,69,61,7,2,6,3,1,7,An independent certification firm has completed an audit of its extraction accuracy and verified a benchmark lead.,Its coordination software has so far run only in simulation.,"It has completed a SOC 2 Type II audit, with the report available in its data room.",Its patent filing is a provisional application that is still pending.,127.4,103.3,102,70,127.295,103.386,101.978,69.865,14,14,14,14,TRUE,TRUE,TRUE,TRUE,FALSE,FALSE,FALSE,FALSE,1,FALSE,1,43,Male,2,"ETF or ETC, Government Bonds, Stock Market, Private Equity fund, Venture Capital fund",White,United Kingdom,United Kingdom,Full-Time,No,See how people make decisions on investing into promising ventures,982,2560,1305
906,disclosure_explanation,8,9,lq_first,3,1,4,2,Ironhall,Servora,Foliant,Curato,b5fef669,e55a120c,fa1fe22c,14efa601,Edge-AI Hardware,AI Inference Infrastructure,Enterprise Knowledge Retrieval,AI Training Data,3,1,4,2,4,3,2,1,1,2,4,3,6,5,4,4,100,0,0,0,1,1,0,0,1.5,0.5,50,50,100,52,5,7,6,5,4,4,7,5,Its module has passed independent industrial certification and already runs on live production lines.,Its patent filing is a provisional application that is still pending.,Its deployments run exclusively inside the founders' former employer.,Its founders built data infrastructure together at a leading AI-data company and left senior roles to work on Curato full-time.,86.4,75.6,45.3,76.8,86.477,75.479,45.2,76.629,14,14,14,14,TRUE,TRUE,TRUE,TRUE,FALSE,FALSE,FALSE,FALSE,1,FALSE,1,42,Male,2,"ETF or ETC, Government Bonds, Stock Market, Unit trusts, Options, Private Equity fund",Mixed,United States,United States,Part-Time,No,How pitch deck design can influence readers understanding and recall of information provided.,631,1920,911
907,control,1,13,lq_first,3,1,4,2,Sentyl,Pulsegrid,Axonmesh,Paperloom,bcd14e91,2055e10c,e6065b1a,e20d4e90,AI Security,AI Observability,Robotics Orchestration,Document Automation,3,1,4,2,3,1,4,2,2,3,1,4,5,6,6,6,30,18,40,12,1,1,1,1,-0.5,-0.5,-2,20,78,82,74,69,5,6,6,6,5,6,"It has completed a SOC 2 Type II audit, with the report available in its data room.","It is pre-revenue, with an open-beta cohort scheduled to start next month.","Live fleets already coordinate robots in production at customer sites, billing recurring revenue.",An independent benchmark of its extraction accuracy is in progress but not yet finished.,78.3,454.4,46.5,164.9,78.357,454.291,46.427,168.046,14,14,14,14,TRUE,TRUE,TRUE,TRUE,FALSE,FALSE,FALSE,FALSE,1,FALSE,1,48,Male,10,"Stock Market, Government Bonds, Private Equity fund",Black,United States,United States,Part-Time,No,I think the study was about how people evaluate startup opportunities and decide how to allocate investment based on their potential and quality.,1450,1280,585
908,disclosure_explanation,7,10,lq_first,3,1,4,2,Foliant,Curato,Pulsegrid,Ironhall,46c0bf32,37c0ca72,f5bfffe5,817f1201,Enterprise Knowledge Retrieval,AI Training Data,AI Observability,Edge-AI Hardware,4,2,3,1,2,1,3,4,4,3,1,2,6,5,6,6,10,20,35,35,1,1,1,1,-0.5,0.5,-20,-5,92,94,98,98,6,5,6,6,6,6,A bank customer has rolled Foliant out organization-wide after a successful pilot.,"Its founders are building Curato part-time alongside their current jobs, with the advisory board still forming.","Paying customers run it on production models, and it generates annual recurring revenue.","Its industrial certification is still in testing, and its first module is installing on a pilot line this quarter.",297.9,307.1,306.1,333.8,298.879,307.137,306.219,333.813,14,14,14,14,TRUE,TRUE,TRUE,TRUE,FALSE,FALSE,FALSE,FALSE,1,FALSE,1,34,Male,2,"Stock Market, Private Equity fund",White,United States,United States,Full-Time,Yes,"The study was about how participant evaluate startup pitch decks and make investment decisions. It seemed designed to test whether people focus on the substantive quality and potential of a venture—such as its product, market, traction, business model, team, and evidence—rather than being influenced by the visual design of the pitch deck.",1682,1920,953
910,disclosure,2,5,hq_first,1,3,2,4,Pulsegrid,Sentyl,Paperloom,Axonmesh,dff2e369,90a19744,081e5fb5,c7e2221f,AI Observability,AI Security,Document Automation,Robotics Orchestration,1,4,2,3,1,4,2,3,3,1,4,2,6,3,5,5,45,15,20,20,1,0,1,1,-0.5,1.5,10,15,69,28,67,71,6,3,5,5,2,2,"Paying customers run it on production models, and it generates annual recurring revenue.","It has completed a SOC 2 Type II audit, with the report available in its data room.",An independent certification firm has completed an audit of its extraction accuracy and verified a benchmark lead.,Its deployment to date is one pilot fleet running daily at a single design partner's warehouse.,211.6,231.2,172,329.2,214.102,231.277,172.062,329.355,14,14,14,14,TRUE,TRUE,TRUE,TRUE,FALSE,FALSE,FALSE,FALSE,1,FALSE,1,33,Male,5,"ETF or ETC, Government Bonds, Stock Market, Venture Capital fund, Crowdfunding",Asian,Canada,Philippines,Full-Time,Maybe a little,Our ability to assess potential returns on investment across four pitch decks. The four pitch decks were essentially the same format with different visuals. The assessment is on whether we can pull relevant return info and allocate accordingly.,1424,1920,911
911,control,1,14,lq_first,3,1,4,2,Axonmesh,Paperloom,Servora,Sentyl,f36cc003,84f4d358,574d1367,bfc6f4d0,Robotics Orchestration,Document Automation,AI Inference Infrastructure,AI Security,3,2,4,1,1,2,3,4,4,2,3,1,5,5,4,2,10,70,10,10,1,1,0,1,2,1,30,-30,37,56,35,13,5,5,4,2,5,4,"Live fleets already coordinate robots in production at customer sites, billing recurring revenue.",An independent benchmark of its extraction accuracy is in progress but not yet finished.,Its patent filing is a provisional application that is still pending.,Its SOC 2 Type II audit is scheduled but has not yet taken place.,152.4,202.8,127.1,163.8,152.301,202.654,127.178,163.6,14,14,14,14,TRUE,TRUE,TRUE,TRUE,FALSE,FALSE,FALSE,FALSE,1,FALSE,1,61,Female,15,"Government Bonds, Stock Market, Private Equity fund",White,United Kingdom,United Kingdom,Part-Time,Maybe a little,what details you could remember from the presentation,1049,1706,791
912,disclosure,6,4,hq_first,1,3,2,4,Foliant,Paperloom,Pulsegrid,Sentyl,46c0bf32,84f4d358,f5bfffe5,bfc6f4d0,Enterprise Knowledge Retrieval,Document Automation,AI Observability,AI Security,2,3,1,4,4,1,3,2,1,4,3,2,5,5,5,6,25,20,25,30,1,1,1,1,-0.5,-0.5,-5,0,51,51,51,51,5,5,5,6,4,4,A bank customer has rolled Foliant out organization-wide after a successful pilot.,An independent benchmark of its extraction accuracy is in progress but not yet finished.,"Paying customers run it on production models, and it generates annual recurring revenue.",Its SOC 2 Type II audit is scheduled but has not yet taken place.,94.9,84.8,259.7,87.2,94.966,84.912,259.434,87.12,14,14,14,14,TRUE,TRUE,TRUE,TRUE,FALSE,FALSE,FALSE,FALSE,1,FALSE,1,78,Male,50,"Stock Market, ETF or ETC, Government Bonds, Unit trusts, Crowdfunding",White,United States,United States,Full-Time,No,"The study was about evaluating different startup ventures and deciding how attractive they were as investment opportunities. Reviewed their products, market opportunity, technology, business model, team, traction, financial outlook, and funding plans too, then allocated 100 units of investment across the ventures based on their potential.",1374,1920,1145
913,disclosure,4,11,lq_first,3,1,4,2,Pulsegrid,Ironhall,Paperloom,Foliant,dff2e369,3e0eedc2,081e5fb5,3eed90b1,AI Observability,Edge-AI Hardware,Document Automation,Enterprise Knowledge Retrieval,3,1,4,2,4,2,1,3,1,4,2,3,6,3,5,5,40,15,20,25,1,1,1,1,-0.5,1.5,5,10,73,58,24,51,6,3,5,5,2,3,"Paying customers run it on production models, and it generates annual recurring revenue.","Its industrial certification is still in testing, and its first module is installing on a pilot line this quarter.",An independent certification firm has completed an audit of its extraction accuracy and verified a benchmark lead.,Its most advanced customer engagement is a pilot in two practice groups at a law firm.,254.8,236.8,198.8,236.1,254.751,236.951,198.682,236.008,14,14,14,14,TRUE,TRUE,TRUE,TRUE,FALSE,FALSE,FALSE,FALSE,1,FALSE,1,50,Male,0,"ETF or ETC, Stock Market, Private Equity fund",White,France,United Kingdom,"Not in paid work (e.g. homemaker', 'retired or disabled)",No,I really haven't got much of a clue. Value of AI solutions in the eyes of someone not invested in it?,1561,2560,1277
916,disclosure,5,2,hq_first,1,3,2,4,Curato,Foliant,Ironhall,Pulsegrid,6b81ec39,08321160,87b7dfe9,e7f29679,AI Training Data,Enterprise Knowledge Retrieval,Edge-AI Hardware,AI Observability,1,3,2,4,3,2,4,1,4,1,3,2,6,4,6,6,0,45,10,45,1,1,1,1,-1,1,-5,-40,87,16,19,68,6,4,6,6,5,6,Its founders built data infrastructure together at a leading AI-data company and left senior roles to work on Curato full-time.,Its most advanced customer engagement is a pilot in two practice groups at a law firm.,Its module has passed independent industrial certification and already runs on live production lines.,"It is pre-revenue, with an open-beta cohort scheduled to start next month.",199,81,275.7,56.4,198.814,81.127,275.645,56.442,14,14,14,14,TRUE,TRUE,TRUE,TRUE,FALSE,FALSE,FALSE,FALSE,2,FALSE,1,27,Male,4,"ETF or ETC, Government Bonds, Stock Market, Venture Capital fund",Asian,United States,United States,"Not in paid work (e.g. homemaker', 'retired or disabled)",Yes,The study is about how investor would evaluate startup pitch decks,1258,2560,1271
917,disclosure,2,12,lq_first,3,1,4,2,Paperloom,Foliant,Sentyl,Pulsegrid,340b9ba1,08321160,0566fd88,e7f29679,Document Automation,Enterprise Knowledge Retrieval,AI Security,AI Observability,3,2,4,1,4,1,2,3,4,2,1,3,6,5,7,4,30,20,40,10,1,1,1,1,0,2,0,20,88,85,8,8,6,5,7,4,1,1,An independent certification firm has completed an audit of its extraction accuracy and verified a benchmark lead.,Its most advanced customer engagement is a pilot in two practice groups at a law firm.,"It has completed a SOC 2 Type II audit, with the report available in its data room.","It is pre-revenue, with an open-beta cohort scheduled to start next month.",331.4,232.4,268.8,293.5,331.226,232.54,268.753,293.502,14,14,14,14,TRUE,TRUE,TRUE,TRUE,FALSE,FALSE,FALSE,FALSE,1,FALSE,1,37,Male,0,"Government Bonds, Stock Market, Crowdfunding",White,United States,United States,Part-Time,No,Whether presentation design affects perceptions of information quality.,1455,1920,945
918,disclosure,6,3,hq_first,1,3,2,4,Ironhall,Pulsegrid,Foliant,Paperloom,b5fef669,2055e10c,fa1fe22c,e20d4e90,Edge-AI Hardware,AI Observability,Enterprise Knowledge Retrieval,Document Automation,1,4,2,3,4,3,2,1,2,1,3,4,5,4,2,1,0,100,0,0,1,0,1,1,3,1,50,-50,69,71,77,76,5,4,2,1,1,6,Its module has passed independent industrial certification and already runs on live production lines.,"Paying customers run it on production models, and it generates annual recurring revenue.",A bank customer has rolled Foliant out organization-wide after a successful pilot.,An independent benchmark of its extraction accuracy is in progress but not yet finished.,239,106.4,143.1,103.3,309.418,106.122,143.092,103.117,14,14,14,14,TRUE,TRUE,TRUE,TRUE,FALSE,FALSE,FALSE,FALSE,1,FALSE,1,32,Male,2,"Stock Market, Government Bonds, ETF or ETC, Options, Crowdfunding, Other, Private Equity fund, Venture Capital fund, Angel syndicate",Other,Canada,Bangladesh,Full-Time,Maybe a little,predicting the success of startups based on the quality of their product and the stage of launch,1031,1920,914
919,disclosure_explanation,7,6,hq_first,1,3,2,4,Paperloom,Axonmesh,Sentyl,Servora,340b9ba1,4fe27fae,0566fd88,e06655dc,Document Automation,Robotics Orchestration,AI Security,AI Inference Infrastructure,1,3,2,4,2,4,3,1,2,4,3,1,6,5,6,5,30,20,30,20,1,1,1,1,0,1,0,10,82,85,37,11,6,5,6,5,3,3,An independent certification firm has completed an audit of its extraction accuracy and verified a benchmark lead.,Its deployment to date is one pilot fleet running daily at a single design partner's warehouse.,"It has completed a SOC 2 Type II audit, with the report available in its data room.",Its patent filing is a provisional application that is still pending.,189.5,128.7,97.3,133.2,189.45,128.711,97.204,133.222,14,14,14,14,TRUE,TRUE,TRUE,TRUE,FALSE,FALSE,FALSE,FALSE,1,FALSE,1,33,Male,4,"Government Bonds, Stock Market, Unit trusts, Private Equity fund, Crowdfunding",White,United Kingdom,United Kingdom,Full-Time,No,Impact of presentation on decision to invest,1021,1536,776
920,disclosure,3,8,hq_first,1,3,2,4,Axonmesh,Curato,Servora,Ironhall,f36cc003,37c0ca72,574d1367,817f1201,Robotics Orchestration,AI Training Data,AI Inference Infrastructure,Edge-AI Hardware,1,4,2,3,3,4,1,2,4,1,3,2,5,6,6,6,40,20,20,20,1,0,1,1,-0.5,-0.5,10,10,58,64,66,76,5,6,6,6,7,7,"Live fleets already coordinate robots in production at customer sites, billing recurring revenue.",Its founders built data infrastructure together at a leading AI-data company and left senior roles to work on Curato full-time.,"Its core patent has been granted, with further claims in prosecution.","Its industrial certification is still in testing, and its first module is installing on a pilot line this quarter.",329.6,76.6,354.2,159.1,332.027,120.209,357.716,165.142,14,14,14,14,TRUE,TRUE,TRUE,TRUE,FALSE,FALSE,FALSE,FALSE,1,FALSE,1,23,Female,3,"ETF or ETC, Government Bonds, Stock Market, Unit trusts, Angel syndicate, Options, Private Equity fund, Venture Capital fund, Crowdfunding",Asian,India,British Indian Ocean Territory,Full-Time,Yes,NICE ONE,2820,1920,926
923,disclosure_explanation,8,16,lq_first,3,1,4,2,Curato,Axonmesh,Ironhall,Servora,6b81ec39,4fe27fae,87b7dfe9,e06655dc,AI Training Data,Robotics Orchestration,Edge-AI Hardware,AI Inference Infrastructure,4,1,3,2,2,1,3,4,4,3,1,2,3,3,7,2,10,20,60,10,1,1,1,1,-1.5,2.5,-20,20,6,53,90,7,3,3,7,2,6,5,Its founders built data infrastructure together at a leading AI-data company and left senior roles to work on Curato full-time.,Its deployment to date is one pilot fleet running daily at a single design partner's warehouse.,Its module has passed independent industrial certification and already runs on live production lines.,Its patent filing is a provisional application that is still pending.,206.4,237.5,254.5,265.1,206.307,237.459,271.758,264.982,14,14,14,14,TRUE,TRUE,TRUE,TRUE,FALSE,FALSE,FALSE,FALSE,2,FALSE,1,37,Male,3,"ETF or ETC, Stock Market, Crowdfunding",White,Germany,Germany,Full-Time,No,I have absolutley no idea,1420,1710,986
924,disclosure,2,15,lq_first,3,1,4,2,Servora,Sentyl,Curato,Axonmesh,737deb7d,90a19744,cbc833b1,c7e2221f,AI Inference Infrastructure,AI Security,AI Training Data,Robotics Orchestration,3,2,4,1,3,4,2,1,3,2,1,4,6,7,4,4,15,50,20,15,0,0,1,1,2.5,-0.5,15,-15,73,85,13,9,6,7,4,4,1,2,Its patent filing is a provisional application that is still pending.,Its compliance certifications are inherited from its cloud hosting provider.,Its founders built data infrastructure together at a leading AI-data company and left senior roles to work on Curato full-time.,Its deployment to date is one pilot fleet running daily at a single design partner's warehouse.,113.2,146.2,56,128.7,113.08,146.225,55.872,144.381,14,14,14,14,TRUE,TRUE,TRUE,TRUE,FALSE,FALSE,FALSE,FALSE,1,FALSE,1,39,Male,5,"Crowdfunding, Options, Stock Market, Government Bonds, ETF or ETC",Mixed,United States,United States,Part-Time,No,How much professional looking slide deck affects perception of a startups future performance and trajectory.,972,1536,695
925,disclosure,3,5,hq_first,1,3,2,4,Pulsegrid,Sentyl,Paperloom,Axonmesh,dff2e369,90a19744,081e5fb5,c7e2221f,AI Observability,AI Security,Document Automation,Robotics Orchestration,1,4,2,3,1,3,4,2,4,3,2,1,4,7,4,3,0,20,40,40,1,0,1,0,2,-1,-30,-10,76,86,45,11,4,7,4,3,4,2,"Paying customers run it on production models, and it generates annual recurring revenue.","It has completed a SOC 2 Type II audit, with the report available in its data room.",An independent certification firm has completed an audit of its extraction accuracy and verified a benchmark lead.,"Live fleets already coordinate robots in production at customer sites, billing recurring revenue.",121.1,36.9,27.8,159.5,121.162,153.099,27.697,159.453,14,7,14,14,TRUE,TRUE,TRUE,TRUE,FALSE,FALSE,FALSE,FALSE,1,FALSE,1,30,Male,3,"Stock Market, ETF or ETC, Private Equity fund",Black,United States,United States,Full-Time,Maybe a little,evaluations of start up companies and their pitch deck presentations.,1016,1611,1265
926,disclosure,4,1,hq_first,1,3,2,4,Servora,Ironhall,Curato,Foliant,737deb7d,3e0eedc2,cbc833b1,3eed90b1,AI Inference Infrastructure,Edge-AI Hardware,AI Training Data,Enterprise Knowledge Retrieval,2,3,1,4,4,1,3,2,1,2,3,4,5,6,7,4,20,10,40,30,0,0,1,0,0,1,-20,10,65,82,96,55,5,6,7,4,6,6,Its technology is patented by a university and licensed to the company exclusively.,It licenses its enclosure design to established equipment makers instead of manufacturing itself.,Its founders built data infrastructure together at a leading AI-data company and left senior roles to work on Curato full-time.,Its deployments run exclusively inside the founders' former employer.,158.8,107.4,78,75.8,158.872,107.367,77.8,75.848,14,14,14,14,TRUE,TRUE,TRUE,TRUE,FALSE,FALSE,FALSE,FALSE,2,FALSE,1,31,Female,1,"ETF or ETC, Government Bonds, Stock Market, Angel syndicate, Private Equity fund, Crowdfunding",Other,United States,United States,Full-Time,No,to determine which one is the best.,810,1366,641
927,disclosure_explanation,7,12,lq_first,3,1,4,2,Paperloom,Foliant,Sentyl,Pulsegrid,340b9ba1,08321160,0566fd88,e7f29679,Document Automation,Enterprise Knowledge Retrieval,AI Security,AI Observability,4,2,3,1,2,3,4,1,1,2,3,4,1,7,1,2,100,0,0,0,1,0,1,0,2.5,-3.5,50,50,51,52,50,51,1,7,1,2,1,1,An independent certification firm has completed an audit of its extraction accuracy and verified a benchmark lead.,A bank customer has rolled Foliant out organization-wide after a successful pilot.,"It has completed a SOC 2 Type II audit, with the report available in its data room.","Paying customers run it on production models, and it generates annual recurring revenue.",391.7,20.3,53.6,68.7,391.608,20.197,53.578,68.664,14,1,1,1,TRUE,TRUE,TRUE,TRUE,FALSE,FALSE,FALSE,FALSE,1,FALSE,1,48,Female,2,Private Equity fund,Black,United Kingdom,Zimbabwe,Full-Time,No,The study was about evaluating how visual design and presentation in a start up pitch decks influence investment decisions and also judgement of a venture's quality.,2001,1920,991
928,disclosure,5,13,lq_first,3,1,4,2,Sentyl,Pulsegrid,Axonmesh,Paperloom,bcd14e91,2055e10c,e6065b1a,e20d4e90,AI Security,AI Observability,Robotics Orchestration,Document Automation,3,2,4,1,1,3,2,4,2,4,1,3,5,4,5,5,55,5,30,10,1,1,1,1,-0.5,0.5,10,35,66,25,25,26,5,4,5,5,4,4,"It has completed a SOC 2 Type II audit, with the report available in its data room.","It is pre-revenue, with an open-beta cohort scheduled to start next month.","Live fleets already coordinate robots in production at customer sites, billing recurring revenue.",An independent benchmark of its extraction accuracy is in progress but not yet finished.,91.6,120.5,93.7,254.8,91.564,155.182,93.772,310.867,14,14,14,14,TRUE,TRUE,TRUE,TRUE,FALSE,FALSE,FALSE,FALSE,2,FALSE,1,55,Male,20,"ETF or ETC, Government Bonds, Stock Market, Angel syndicate, Options, Private Equity fund, Venture Capital fund, Crowdfunding",White,United States,United States,Full-Time,No,Reviewing startups and deciding which ones had the best chance to be successful.,1464,1487,727
931,disclosure,6,7,hq_first,1,3,2,4,Sentyl,Servora,Axonmesh,Curato,bcd14e91,e55a120c,e6065b1a,14efa601,AI Security,AI Inference Infrastructure,Robotics Orchestration,AI Training Data,2,3,1,4,4,2,3,1,4,1,2,3,6,5,5,4,25,25,25,25,0,0,0,0,1,1,0,0,67,75,15,13,6,5,5,4,1,1,Its compliance certifications are inherited from its cloud hosting provider.,"Its core patent has been granted, with further claims in prosecution.",Its deployment to date is one pilot fleet running daily at a single design partner's warehouse.,Its founders built data infrastructure together at a leading AI-data company and left senior roles to work on Curato full-time.,29.8,19.9,42.2,12.3,29.953,19.86,42.245,12.269,14,14,14,14,TRUE,TRUE,TRUE,TRUE,FALSE,FALSE,FALSE,FALSE,1,FALSE,1,29,Male,1,"Other, Crowdfunding",White,United States,United States,"Not in paid work (e.g. homemaker', 'retired or disabled)",No,Judgement about different factors of AI and how a participant would reward money to their research,355,1536,731
932,disclosure,3,3,hq_first,1,3,2,4,Ironhall,Pulsegrid,Foliant,Paperloom,b5fef669,2055e10c,fa1fe22c,e20d4e90,Edge-AI Hardware,AI Observability,Enterprise Knowledge Retrieval,Document Automation,1,3,2,4,4,2,1,3,1,4,3,2,7,5,1,1,30,25,5,40,1,1,0,1,5,1,5,-15,98,74,7,5,7,5,1,1,5,6,Its module has passed independent industrial certification and already runs on live production lines.,"It is pre-revenue, with an open-beta cohort scheduled to start next month.",Its most advanced customer engagement is a pilot in two practice groups at a law firm.,An independent benchmark of its extraction accuracy is in progress but not yet finished.,107.6,154.1,109.2,102,107.626,154.229,109.094,102.012,14,14,14,14,TRUE,TRUE,TRUE,TRUE,FALSE,FALSE,FALSE,FALSE,1,FALSE,1,36,Other,0,"Stock Market, Government Bonds, Crowdfunding, Other",Mixed,United States,United States,Unemployed (and job seeking),No,How color theory affects investments. Cause two of those powerpoints were god awful to try to read.,918,1366,641
933,disclosure,2,11,lq_first,3,1,4,2,Pulsegrid,Ironhall,Paperloom,Foliant,dff2e369,3e0eedc2,081e5fb5,3eed90b1,AI Observability,Edge-AI Hardware,Document Automation,Enterprise Knowledge Retrieval,4,1,3,2,2,3,1,4,3,4,1,2,5,7,3,3,10,70,10,10,0,0,1,0,3,-1,30,-30,78,100,46,51,5,7,3,3,7,5,It charges model vendors for access to anonymized benchmark data.,Its module has passed independent industrial certification and already runs on live production lines.,An independent certification firm has completed an audit of its extraction accuracy and verified a benchmark lead.,A bank customer has rolled Foliant out organization-wide after a successful pilot.,182.6,151.1,157.8,185.5,182.605,151.106,157.793,185.565,14,14,14,14,TRUE,TRUE,TRUE,TRUE,FALSE,FALSE,FALSE,FALSE,3,TRUE,1,55,Male,15,"ETF or ETC, Government Bonds, Stock Market, Unit trusts, Options, Private Equity fund, Venture Capital fund, Crowdfunding",Black,United States,United States,"Not in paid work (e.g. homemaker', 'retired or disabled)",No,"This was a great study about pitch decks, they all were good but the deck that stood out to me was Iron hall, the deck layout was easy to read and the tag line of "" Built for the line not the lab"" instantly got my attention.",1180,1536,695
935,disclosure_explanation,7,9,lq_first,3,1,4,2,Ironhall,Servora,Foliant,Curato,b5fef669,e55a120c,fa1fe22c,14efa601,Edge-AI Hardware,AI Inference Infrastructure,Enterprise Knowledge Retrieval,AI Training Data,4,1,3,2,2,4,1,3,2,3,4,1,6,3,5,4,45,10,40,5,1,1,1,1,0,2,5,35,100,87,41,27,6,3,5,4,5,3,Its module has passed independent industrial certification and already runs on live production lines.,Its patent filing is a provisional application that is still pending.,A bank customer has rolled Foliant out organization-wide after a successful pilot.,"Its founders are building Curato part-time alongside their current jobs, with the advisory board still forming.",179.1,180.9,150.5,124.1,179.257,180.985,150.625,124.162,14,14,14,14,TRUE,TRUE,TRUE,TRUE,FALSE,FALSE,FALSE,FALSE,1,FALSE,1,49,Female,3,Crowdfunding,Black,United States,United States,Full-Time,Maybe a little,I believe this study was about how aesthetics play a role in business and how it can influence decisions.,1256,1280,585
936,disclosure_explanation,8,10,lq_first,3,1,4,2,Foliant,Curato,Pulsegrid,Ironhall,46c0bf32,37c0ca72,f5bfffe5,817f1201,Enterprise Knowledge Retrieval,AI Training Data,AI Observability,Edge-AI Hardware,3,1,4,2,2,1,4,3,1,3,4,2,7,5,5,6,75,0,0,25,1,0,0,1,0.5,0.5,25,25,95,92,39,39,7,5,5,6,5,5,A bank customer has rolled Foliant out organization-wide after a successful pilot.,Its founders built data infrastructure together at a leading AI-data company and left senior roles to work on Curato full-time.,"It is pre-revenue, with an open-beta cohort scheduled to start next month.","Its industrial certification is still in testing, and its first module is installing on a pilot line this quarter.",44,49.8,39.8,51.7,43.823,49.812,39.606,51.67,14,14,14,14,TRUE,TRUE,TRUE,TRUE,FALSE,FALSE,FALSE,FALSE,1,FALSE,1,35,Female,0,"ETF or ETC, Stock Market, Private Equity fund",White,United States,United States,Full-Time,No,I am not sure.,395,1912,948
938,disclosure,5,12,lq_first,3,1,4,2,Paperloom,Foliant,Sentyl,Pulsegrid,340b9ba1,08321160,0566fd88,e7f29679,Document Automation,Enterprise Knowledge Retrieval,AI Security,AI Observability,4,1,3,2,3,2,4,1,3,1,4,2,4,6,6,5,5,10,75,10,1,1,1,1,-0.5,-0.5,-35,30,63,79,43,47,4,6,6,5,2,3,An independent certification firm has completed an audit of its extraction accuracy and verified a benchmark lead.,Its most advanced customer engagement is a pilot in two practice groups at a law firm.,"It has completed a SOC 2 Type II audit, with the report available in its data room.","It is pre-revenue, with an open-beta cohort scheduled to start next month.",150.2,188.1,116.3,141.9,150.2,187.9,116.269,141.8,14,14,14,14,TRUE,TRUE,TRUE,TRUE,FALSE,FALSE,FALSE,FALSE,1,FALSE,1,23,Female,1,"Stock Market, Crowdfunding",White,United States,United States,Unemployed (and job seeking),No,Seeing how design correlates to how information is retained?,994,980,1767
939,disclosure_explanation,7,14,lq_first,3,1,4,2,Axonmesh,Paperloom,Servora,Sentyl,f36cc003,84f4d358,574d1367,bfc6f4d0,Robotics Orchestration,Document Automation,AI Inference Infrastructure,AI Security,4,2,3,1,4,1,2,3,3,1,2,4,5,3,4,4,25,25,25,25,1,0,0,1,0,1,0,0,58,14,0,27,5,3,4,4,1,1,"Live fleets already coordinate robots in production at customer sites, billing recurring revenue.",An independent certification firm has completed an audit of its extraction accuracy and verified a benchmark lead.,Its technology is patented by a university and licensed to the company exclusively.,Its SOC 2 Type II audit is scheduled but has not yet taken place.,24,35.9,128.8,152.8,24.057,35.9,128.919,152.601,14,14,14,14,TRUE,TRUE,TRUE,TRUE,FALSE,FALSE,FALSE,FALSE,1,FALSE,1,39,Male,3,"ETF or ETC, Government Bonds, Stock Market, Private Equity fund, Venture Capital fund, Crowdfunding",White,United States,United States,Full-Time,Maybe a little,It was about studying the effect of visual information in our perception and desire to invest,887,1414,876
940,disclosure,4,16,lq_first,3,1,4,2,Curato,Axonmesh,Ironhall,Servora,6b81ec39,4fe27fae,87b7dfe9,e06655dc,AI Training Data,Robotics Orchestration,Edge-AI Hardware,AI Inference Infrastructure,4,1,3,2,2,3,1,4,4,1,2,3,4,3,2,2,30,15,25,30,0,1,0,0,1.5,0.5,-5,5,51,43,41,22,4,3,2,2,1,1,"Its founders are building Curato part-time alongside their current jobs, with the advisory board still forming.",Its deployment to date is one pilot fleet running daily at a single design partner's warehouse.,It licenses its enclosure design to established equipment makers instead of manufacturing itself.,"Its core patent has been granted, with further claims in prosecution.",168.3,128.1,116,92.1,168.41,128.001,115.918,92.267,14,14,4,14,TRUE,TRUE,TRUE,TRUE,FALSE,FALSE,FALSE,FALSE,1,FALSE,1,47,Female,0,"Government Bonds, Stock Market, Crowdfunding",White,United States,United States,Part-Time,No,How the design and information presentation style influenced decision-making.,876,1710,903
942,disclosure,6,9,lq_first,3,1,4,2,Ironhall,Servora,Foliant,Curato,b5fef669,e55a120c,fa1fe22c,14efa601,Edge-AI Hardware,AI Inference Infrastructure,Enterprise Knowledge Retrieval,AI Training Data,4,2,3,1,3,2,4,1,1,3,2,4,5,4,7,3,25,15,50,10,1,1,1,1,-0.5,2.5,-10,25,90,81,65,20,5,4,7,3,4,7,Its module has passed independent industrial certification and already runs on live production lines.,Its patent filing is a provisional application that is still pending.,A bank customer has rolled Foliant out organization-wide after a successful pilot.,"Its founders are building Curato part-time alongside their current jobs, with the advisory board still forming.",258.5,278.7,278.6,238.5,258.288,278.625,278.407,238.328,14,14,14,14,TRUE,TRUE,TRUE,TRUE,FALSE,FALSE,FALSE,FALSE,2,FALSE,1,22,Female,2,"ETF or ETC, Government Bonds, Stock Market, Private Equity fund, Venture Capital fund",Black,Canada,Canada,Part-Time,No,This study was about assessing different startups and judging which one has the best vision and problem-solving idea.,1649,1280,585
944,disclosure,3,6,hq_first,1,3,2,4,Paperloom,Axonmesh,Sentyl,Servora,340b9ba1,4fe27fae,0566fd88,e06655dc,Document Automation,Robotics Orchestration,AI Security,AI Inference Infrastructure,2,3,1,4,3,4,2,1,3,1,4,2,4,6,5,4,45,15,20,20,1,1,1,1,0.5,-0.5,10,15,98,72,3,10,4,6,5,4,1,3,An independent certification firm has completed an audit of its extraction accuracy and verified a benchmark lead.,Its deployment to date is one pilot fleet running daily at a single design partner's warehouse.,"It has completed a SOC 2 Type II audit, with the report available in its data room.",Its patent filing is a provisional application that is still pending.,371.1,317.6,287.3,463.6,371.16,324.236,287.295,463.644,14,14,14,14,TRUE,TRUE,TRUE,TRUE,FALSE,FALSE,FALSE,FALSE,2,FALSE,1,50,Female,4,"ETF or ETC, Government Bonds, Stock Market, Options, Venture Capital fund, Crowdfunding",White,United States,United States,Full-Time,No,"I think that this study was about the participant's willingness to invest more into ventures that they could actually understand. I had a difficult time understanding what Servora is actually doing, or if they are actually offering a competitive product. I suspect that Paperloom's product is not terribly innovative nor unique, but I easily understood what they are selling, and I think that other investors and potential customers would have an easy time, as well.",2052,1280,593
948,disclosure_explanation,7,13,lq_first,3,1,4,2,Sentyl,Pulsegrid,Axonmesh,Paperloom,bcd14e91,2055e10c,e6065b1a,e20d4e90,AI Security,AI Observability,Robotics Orchestration,Document Automation,3,1,4,2,2,3,4,1,4,3,1,2,5,6,6,7,20,0,0,80,1,1,1,1,-1,-1,-30,-30,73,56,23,66,5,6,6,7,1,1,"It has completed a SOC 2 Type II audit, with the report available in its data room.","It is pre-revenue, with an open-beta cohort scheduled to start next month.","Live fleets already coordinate robots in production at customer sites, billing recurring revenue.",An independent benchmark of its extraction accuracy is in progress but not yet finished.,97.5,63.2,64.5,47.2,97.492,63.001,68.578,47.263,14,14,14,14,TRUE,TRUE,TRUE,TRUE,FALSE,FALSE,FALSE,FALSE,1,FALSE,1,42,Female,5,"Stock Market, ETF or ETC, Government Bonds, Crowdfunding",Other,United States,United States,Part-Time,No,Attention to detail.,506,1517,684
950,disclosure,6,6,hq_first,1,3,2,4,Paperloom,Axonmesh,Sentyl,Servora,340b9ba1,4fe27fae,0566fd88,e06655dc,Document Automation,Robotics Orchestration,AI Security,AI Inference Infrastructure,2,3,1,4,3,2,1,4,4,3,1,2,7,3,5,4,60,5,25,10,1,1,1,1,0.5,2.5,15,35,88,39,24,24,7,3,5,4,5,5,An independent certification firm has completed an audit of its extraction accuracy and verified a benchmark lead.,Its deployment to date is one pilot fleet running daily at a single design partner's warehouse.,"It has completed a SOC 2 Type II audit, with the report available in its data room.",Its patent filing is a provisional application that is still pending.,253.8,204.6,228.2,250.2,263.998,208.487,228.088,250.145,14,14,14,14,TRUE,TRUE,TRUE,TRUE,FALSE,FALSE,FALSE,FALSE,1,FALSE,1,37,Male,0,"ETF or ETC, Stock Market, Crowdfunding",White,Germany,Germany,Full-Time,No,Evaluation of potential businesses,1324,1956,1225
951,disclosure,6,11,lq_first,3,1,4,2,Pulsegrid,Ironhall,Paperloom,Foliant,dff2e369,3e0eedc2,081e5fb5,3eed90b1,AI Observability,Edge-AI Hardware,Document Automation,Enterprise Knowledge Retrieval,3,1,4,2,4,1,3,2,4,3,1,2,4,4,6,5,0,75,25,0,0,1,1,1,-1.5,0.5,25,-25,65,88,92,80,4,4,6,5,1,2,"It is pre-revenue, with an open-beta cohort scheduled to start next month.","Its industrial certification is still in testing, and its first module is installing on a pilot line this quarter.",An independent certification firm has completed an audit of its extraction accuracy and verified a benchmark lead.,Its most advanced customer engagement is a pilot in two practice groups at a law firm.,291,369.4,294.6,304,291.766,369.504,296.641,305.462,14,14,14,14,TRUE,TRUE,TRUE,TRUE,FALSE,FALSE,FALSE,FALSE,3,FALSE,1,33,Male,1,"ETF or ETC, Government Bonds, Stock Market, Options, Crowdfunding, Other",Mixed,Canada,Canada,Full-Time,Maybe a little,"Deciding where people would allocate funds between different AI startups, where they think the best investment is.",2616,1920,959
955,disclosure_explanation,7,8,hq_first,1,3,2,4,Axonmesh,Curato,Servora,Ironhall,f36cc003,37c0ca72,574d1367,817f1201,Robotics Orchestration,AI Training Data,AI Inference Infrastructure,Edge-AI Hardware,2,4,1,3,1,2,4,3,4,2,1,3,4,3,3,1,75,5,15,5,1,0,1,0,1.5,1.5,30,40,87,51,53,9,4,3,3,1,3,3,"Live fleets already coordinate robots in production at customer sites, billing recurring revenue.",Its founders are academics who license the labelling technology from their university lab.,"Its core patent has been granted, with further claims in prosecution.",Its module has passed independent industrial certification and already runs on live production lines.,76.5,58,99.7,44.9,76.523,57.812,99.569,44.997,14,14,14,14,TRUE,TRUE,TRUE,TRUE,FALSE,FALSE,FALSE,FALSE,1,FALSE,1,29,Male,3,"Stock Market, ETF or ETC, Angel syndicate, Other",White,United States,United States,Full-Time,No,how robots are gonna take everyones job hahaha,1341,1884,952
959,control,1,4,hq_first,1,3,2,4,Foliant,Paperloom,Pulsegrid,Sentyl,46c0bf32,84f4d358,f5bfffe5,bfc6f4d0,Enterprise Knowledge Retrieval,Document Automation,AI Observability,AI Security,2,3,1,4,4,1,3,2,4,1,2,3,4,4,4,4,25,25,25,25,0,1,0,0,0,0,0,0,56,76,3,0,4,4,4,4,1,1,Its most advanced customer engagement is a pilot in two practice groups at a law firm.,An independent benchmark of its extraction accuracy is in progress but not yet finished.,Its revenue comes chiefly from paid consulting and integration projects.,"It has completed a SOC 2 Type II audit, with the report available in its data room.",104.9,74.6,142.8,50.8,104.728,74.48,142.776,50.881,14,14,14,14,TRUE,TRUE,TRUE,TRUE,FALSE,FALSE,FALSE,FALSE,1,FALSE,1,48,Female,8,"ETF or ETC, Stock Market, Options, Crowdfunding",White,United Kingdom,United Kingdom,Full-Time,No,I'm not sure. The slide decks were all very technical in content and not easy to digest. There was no single company that stood out as one that I would actually want to invest my money into.,660,1920,945
960,disclosure_explanation,8,2,hq_first,1,3,2,4,Curato,Foliant,Ironhall,Pulsegrid,6b81ec39,08321160,87b7dfe9,e7f29679,AI Training Data,Enterprise Knowledge Retrieval,Edge-AI Hardware,AI Observability,1,3,2,4,3,4,2,1,3,1,4,2,6,6,5,5,20,20,40,20,1,1,1,1,1,0,-10,10,71,81,29,84,6,6,5,5,1,1,Its founders built data infrastructure together at a leading AI-data company and left senior roles to work on Curato full-time.,Its most advanced customer engagement is a pilot in two practice groups at a law firm.,Its module has passed independent industrial certification and already runs on live production lines.,"It is pre-revenue, with an open-beta cohort scheduled to start next month.",199.4,316.3,395.3,324.8,199.514,316.383,395.322,324.63,14,14,14,14,TRUE,TRUE,TRUE,TRUE,FALSE,FALSE,FALSE,FALSE,1,FALSE,1,43,Female,8,"ETF or ETC, Stock Market, Government Bonds, Private Equity fund, Venture Capital fund, Crowdfunding",Black,United States,United States,Full-Time,No,I'm not sure. I can only assume there is some interest in how the information presented is retained in our memory and how presentation adjusts our perception.,1622,1358,946
964,disclosure_explanation,7,11,lq_first,3,1,4,2,Pulsegrid,Ironhall,Paperloom,Foliant,dff2e369,3e0eedc2,081e5fb5,3eed90b1,AI Observability,Edge-AI Hardware,Document Automation,Enterprise Knowledge Retrieval,4,2,3,1,3,4,1,2,4,2,3,1,5,6,5,3,10,70,20,0,1,1,0,1,1.5,0.5,30,-20,61,100,0,0,5,6,5,3,3,3,"Paying customers run it on production models, and it generates annual recurring revenue.","Its industrial certification is still in testing, and its first module is installing on a pilot line this quarter.",An independent benchmark of its extraction accuracy is in progress but not yet finished.,Its most advanced customer engagement is a pilot in two practice groups at a law firm.,112,183.2,142,151.7,111.895,183.274,142.082,151.621,14,14,14,14,TRUE,TRUE,TRUE,TRUE,FALSE,FALSE,FALSE,FALSE,1,FALSE,1,37,Female,2,"Stock Market, Crowdfunding",White,United Kingdom,United Kingdom,NA,No,"Identifying how slide decks engage and encourage investment - colour, patterns, text, etc and vice vera - what disengages investors, etc.",962,1440,788
966,control,1,5,hq_first,1,3,2,4,Pulsegrid,Sentyl,Paperloom,Axonmesh,dff2e369,90a19744,081e5fb5,c7e2221f,AI Observability,AI Security,Document Automation,Robotics Orchestration,2,4,1,3,3,2,1,4,2,1,3,4,6,6,6,6,20,30,20,30,0,0,0,0,0,0,0,-10,11,2,36,7,6,6,6,6,7,7,"It is pre-revenue, with an open-beta cohort scheduled to start next month.","It has completed a SOC 2 Type II audit, with the report available in its data room.",An independent benchmark of its extraction accuracy is in progress but not yet finished.,"Live fleets already coordinate robots in production at customer sites, billing recurring revenue.",45.6,379.1,82.1,578.9,45.488,379.143,81.945,578.622,14,14,14,14,TRUE,TRUE,TRUE,TRUE,FALSE,FALSE,FALSE,FALSE,2,FALSE,1,30,Female,1,"Private Equity fund, Options, Angel syndicate, Unit trusts, Stock Market, Government Bonds, ETF or ETC, Venture Capital fund, Crowdfunding",Black,United Kingdom,Nigeria,Part-Time,No,ia about investment,2185,1360,679
967,disclosure_explanation,8,14,lq_first,3,1,4,2,Axonmesh,Paperloom,Servora,Sentyl,f36cc003,84f4d358,574d1367,bfc6f4d0,Robotics Orchestration,Document Automation,AI Inference Infrastructure,AI Security,3,2,4,1,3,1,2,4,4,3,1,2,5,5,4,6,40,10,10,40,1,0,1,0,0,-1,0,0,53,62,32,69,5,5,4,6,1,3,"Live fleets already coordinate robots in production at customer sites, billing recurring revenue.",An independent certification firm has completed an audit of its extraction accuracy and verified a benchmark lead.,"Its core patent has been granted, with further claims in prosecution.",Its compliance certifications are inherited from its cloud hosting provider.,130.8,138.8,171.1,107.3,130.823,138.769,171.208,107.397,14,14,14,14,TRUE,TRUE,TRUE,TRUE,FALSE,FALSE,FALSE,FALSE,1,FALSE,1,27,Male,3,"ETF or ETC, Government Bonds, Stock Market, Crowdfunding, Unit trusts, Other",White,United Kingdom,United Kingdom,Full-Time,Maybe a little,"I believe that the study was to see how differently designed slide decks helps an investor to retain and recall information. As the slide decks did not contain real company information, I don't believe the purpose of this study is to evaluate and make investment decisions.",1029,1280,665
968,disclosure,3,2,hq_first,1,3,2,4,Curato,Foliant,Ironhall,Pulsegrid,6b81ec39,08321160,87b7dfe9,e7f29679,AI Training Data,Enterprise Knowledge Retrieval,Edge-AI Hardware,AI Observability,2,4,1,3,2,1,4,3,2,1,3,4,7,6,2,4,20,50,20,10,1,1,1,0,3.5,-0.5,20,-10,100,74,22,43,7,6,2,4,6,5,Its founders built data infrastructure together at a leading AI-data company and left senior roles to work on Curato full-time.,Its most advanced customer engagement is a pilot in two practice groups at a law firm.,Its module has passed independent industrial certification and already runs on live production lines.,Its revenue comes chiefly from paid consulting and integration projects.,78.7,78.8,99,87.3,78.728,78.836,99.183,87.229,14,14,14,14,TRUE,TRUE,TRUE,TRUE,FALSE,FALSE,FALSE,FALSE,2,FALSE,1,23,Female,2,"Government Bonds, Stock Market, Private Equity fund, Crowdfunding",White,United States,United States,Unemployed (and job seeking),No,It was about evaluating companies and their business prospects,617,2560,1271
969,disclosure,2,4,hq_first,1,3,2,4,Foliant,Paperloom,Pulsegrid,Sentyl,46c0bf32,84f4d358,f5bfffe5,bfc6f4d0,Enterprise Knowledge Retrieval,Document Automation,AI Observability,AI Security,1,4,2,3,1,3,2,4,1,2,4,3,6,3,5,5,45,0,45,10,1,1,1,0,-0.5,1.5,-5,40,100,100,100,100,6,3,5,5,1,1,A bank customer has rolled Foliant out organization-wide after a successful pilot.,An independent benchmark of its extraction accuracy is in progress but not yet finished.,"Paying customers run it on production models, and it generates annual recurring revenue.","It has completed a SOC 2 Type II audit, with the report available in its data room.",408.9,363.3,319.3,167.3,408.785,363.461,319.124,167.255,14,14,14,14,TRUE,TRUE,TRUE,TRUE,FALSE,FALSE,FALSE,FALSE,1,FALSE,1,39,Male,5,"Stock Market, Crowdfunding, Options",Black,United States,United States,Part-Time,No,To review four startup companies and distribute units across the companies I feel will be the most successful,1971,1920,945
970,disclosure,5,8,hq_first,1,3,2,4,Axonmesh,Curato,Servora,Ironhall,f36cc003,37c0ca72,574d1367,817f1201,Robotics Orchestration,AI Training Data,AI Inference Infrastructure,Edge-AI Hardware,1,3,2,4,3,2,1,4,4,1,2,3,3,4,6,2,10,30,50,10,1,0,1,1,-0.5,1.5,-10,10,74,72,59,31,3,4,6,2,7,7,"Live fleets already coordinate robots in production at customer sites, billing recurring revenue.",Its founders built data infrastructure together at a leading AI-data company and left senior roles to work on Curato full-time.,"Its core patent has been granted, with further claims in prosecution.","Its industrial certification is still in testing, and its first module is installing on a pilot line this quarter.",158.8,100,93.8,50.6,158.815,99.965,93.747,50.697,14,14,14,14,TRUE,TRUE,TRUE,TRUE,FALSE,FALSE,FALSE,FALSE,1,FALSE,1,37,Female,1,"Stock Market, Crowdfunding, Other",White,Canada,Canada,Other,No,It was about judging different business models and investing in the venture that would bring back the most profits or which pitch would people pick as the smartest investment?,910,1672,910
973,disclosure,6,7,hq_first,1,3,2,4,Sentyl,Servora,Axonmesh,Curato,bcd14e91,e55a120c,e6065b1a,14efa601,AI Security,AI Inference Infrastructure,Robotics Orchestration,AI Training Data,2,3,1,4,3,4,2,1,2,1,3,4,5,5,5,3,50,20,20,10,1,1,1,0,1,1,20,20,64,63,35,14,5,5,5,3,1,1,"It has completed a SOC 2 Type II audit, with the report available in its data room.",Its patent filing is a provisional application that is still pending.,"Live fleets already coordinate robots in production at customer sites, billing recurring revenue.",Its founders built data infrastructure together at a leading AI-data company and left senior roles to work on Curato full-time.,181.7,148.4,174.6,126.2,181.4,347.521,174.412,126.224,14,14,14,14,TRUE,TRUE,TRUE,TRUE,FALSE,FALSE,FALSE,FALSE,2,FALSE,1,33,Male,5,"ETF or ETC, Government Bonds, Stock Market, Options, Crowdfunding",Asian,United States,United States,Full-Time,Maybe a little,How the design of a deck changes the perception of a company that's raising capital and if design could change the outcome even if the numbers and information isn't as good.,1175,1680,949
975,disclosure_explanation,8,1,hq_first,1,3,2,4,Servora,Ironhall,Curato,Foliant,737deb7d,3e0eedc2,cbc833b1,3eed90b1,AI Inference Infrastructure,Edge-AI Hardware,AI Training Data,Enterprise Knowledge Retrieval,1,4,2,3,1,3,2,4,2,1,3,4,5,4,3,5,40,10,40,10,1,1,1,1,0.5,-0.5,0,30,82,75,81,83,5,4,3,5,1,5,"Its core patent has been granted, with further claims in prosecution.","Its industrial certification is still in testing, and its first module is installing on a pilot line this quarter.",Its founders built data infrastructure together at a leading AI-data company and left senior roles to work on Curato full-time.,Its most advanced customer engagement is a pilot in two practice groups at a law firm.,493.9,69.6,146.8,99,493.791,69.388,146.839,99.155,14,14,14,14,TRUE,TRUE,TRUE,TRUE,FALSE,FALSE,FALSE,FALSE,2,FALSE,1,42,Female,10,"Stock Market, Private Equity fund",White,United States,United States,NA,No,The views of business ventures viewed by investors by ad agency's.,2207,1601,766
976,disclosure,3,9,lq_first,3,1,4,2,Ironhall,Servora,Foliant,Curato,b5fef669,e55a120c,fa1fe22c,14efa601,Edge-AI Hardware,AI Inference Infrastructure,Enterprise Knowledge Retrieval,AI Training Data,4,1,3,2,2,1,3,4,3,1,2,4,6,5,5,5,40,20,10,30,1,1,1,1,0.5,0.5,10,0,87,61,61,59,6,5,5,5,6,1,Its module has passed independent industrial certification and already runs on live production lines.,Its patent filing is a provisional application that is still pending.,A bank customer has rolled Foliant out organization-wide after a successful pilot.,"Its founders are building Curato part-time alongside their current jobs, with the advisory board still forming.",94.1,221.3,136.8,158.6,94.086,221.43,136.71,158.403,14,14,14,14,TRUE,TRUE,TRUE,TRUE,FALSE,FALSE,FALSE,FALSE,3,FALSE,1,54,Female,5,"Stock Market, Options, Other, Crowdfunding",Other,United States,Puerto Rico,"Not in paid work (e.g. homemaker', 'retired or disabled)",No,these studies appears to be evaluating emerging AI products or startups. It is likely designed to gauge my reaction to different types of AI solutions. I believe this helps companies improve their efficiency.,2353,1600,765
979,disclosure_explanation,7,13,lq_first,3,1,4,2,Sentyl,Pulsegrid,Axonmesh,Paperloom,bcd14e91,2055e10c,e6065b1a,e20d4e90,AI Security,AI Observability,Robotics Orchestration,Document Automation,4,2,3,1,1,2,4,3,1,3,2,4,6,2,6,2,50,5,40,5,0,1,1,1,0,4,5,40,86,63,60,42,6,2,6,2,1,1,Its SOC 2 Type II audit is scheduled but has not yet taken place.,"It is pre-revenue, with an open-beta cohort scheduled to start next month.","Live fleets already coordinate robots in production at customer sites, billing recurring revenue.",An independent benchmark of its extraction accuracy is in progress but not yet finished.,231.7,255.1,250.2,343.6,231.618,255.072,250.074,343.66,14,14,14,14,TRUE,TRUE,TRUE,TRUE,FALSE,FALSE,FALSE,FALSE,1,FALSE,1,33,Male,0,"ETF or ETC, Stock Market, Private Equity fund",White,Canada,Canada,Full-Time,No,I think this study was about the impact of the visual design of slide decks on a person's perception of the legitimacy and value of start-ups.,1511,1920,947
980,disclosure_explanation,8,9,lq_first,3,1,4,2,Ironhall,Servora,Foliant,Curato,b5fef669,e55a120c,fa1fe22c,14efa601,Edge-AI Hardware,AI Inference Infrastructure,Enterprise Knowledge Retrieval,AI Training Data,3,2,4,1,3,2,1,4,3,4,1,2,5,5,4,4,50,0,0,50,1,0,0,0,1,0,0,0,67,59,23,69,5,5,4,4,4,3,Its module has passed independent industrial certification and already runs on live production lines.,Its technology is patented by a university and licensed to the company exclusively.,Its most advanced customer engagement is a pilot in two practice groups at a law firm.,Its founders are academics who license the labelling technology from their university lab.,75.2,60.6,71.4,61.3,75.005,60.536,71.363,61.228,14,14,14,14,TRUE,TRUE,TRUE,TRUE,FALSE,FALSE,FALSE,FALSE,3,TRUE,1,53,Female,2,"ETF or ETC, Government Bonds, Stock Market, Options, Private Equity fund",White,United States,United States,Full-Time,No,"I have to be honest, I am not sure at all. Perhaps the design and what the reader remembers from the text in each design. if that is the case, the grey is absolutely awful.",642,1574,929
981,disclosure,6,13,lq_first,3,1,4,2,Sentyl,Pulsegrid,Axonmesh,Paperloom,bcd14e91,2055e10c,e6065b1a,e20d4e90,AI Security,AI Observability,Robotics Orchestration,Document Automation,3,2,4,1,2,1,3,4,3,2,4,1,6,4,5,5,40,10,25,25,1,1,1,1,0,1,0,15,39,37,25,20,6,4,5,5,1,1,"It has completed a SOC 2 Type II audit, with the report available in its data room.","It is pre-revenue, with an open-beta cohort scheduled to start next month.","Live fleets already coordinate robots in production at customer sites, billing recurring revenue.",An independent benchmark of its extraction accuracy is in progress but not yet finished.,179.9,181,199.5,238.9,179.905,180.824,199.438,238.982,14,14,14,14,TRUE,TRUE,TRUE,TRUE,FALSE,FALSE,FALSE,FALSE,1,FALSE,1,26,Male,0,"Government Bonds, Stock Market, Crowdfunding, ETF or ETC",Asian,Canada,Canada,Part-Time,No,"By using pitch decks created by a design agency, the study is trying to gauge the reactions of people about companies and see if it subconsciously impacts their choices, despite the study stating that the deck quality shouldn't matter.",1393,1536,864
982,control,1,5,hq_first,1,3,2,4,Pulsegrid,Sentyl,Paperloom,Axonmesh,dff2e369,90a19744,081e5fb5,c7e2221f,AI Observability,AI Security,Document Automation,Robotics Orchestration,1,3,2,4,3,1,2,4,1,3,4,2,7,6,7,5,35,20,30,15,1,1,1,1,0.5,1.5,5,15,82,83,100,72,7,6,7,5,7,7,"Paying customers run it on production models, and it generates annual recurring revenue.",Its SOC 2 Type II audit is scheduled but has not yet taken place.,An independent certification firm has completed an audit of its extraction accuracy and verified a benchmark lead.,Its deployment to date is one pilot fleet running daily at a single design partner's warehouse.,72,76.8,40.6,15.3,72.173,76.88,40.547,21.458,14,14,14,14,TRUE,TRUE,TRUE,TRUE,FALSE,FALSE,FALSE,FALSE,1,FALSE,1,29,Female,3,"Stock Market, ETF or ETC, Government Bonds, Private Equity fund",Black,United Kingdom,Nigeria,Full-Time,No,"The study was about reviewing different startup pitch decks, judging the quality and potential of each business, and deciding how I would distribute investment between them.",1086,1440,900
985,disclosure,2,12,lq_first,3,1,4,2,Paperloom,Foliant,Sentyl,Pulsegrid,340b9ba1,08321160,0566fd88,e7f29679,Document Automation,Enterprise Knowledge Retrieval,AI Security,AI Observability,4,1,3,2,4,1,3,2,3,4,2,1,7,5,6,4,45,10,40,5,1,1,1,1,1,2,5,35,90,79,94,79,7,5,6,4,1,1,An independent certification firm has completed an audit of its extraction accuracy and verified a benchmark lead.,Its most advanced customer engagement is a pilot in two practice groups at a law firm.,"It has completed a SOC 2 Type II audit, with the report available in its data room.","It is pre-revenue, with an open-beta cohort scheduled to start next month.",221.6,361.2,517.7,408.3,221.508,361.002,517.941,408.264,14,14,14,14,TRUE,TRUE,TRUE,TRUE,FALSE,FALSE,FALSE,FALSE,1,FALSE,1,25,Female,3,"ETF or ETC, Private Equity fund",White,Brazil,Brazil,Part-Time,No,"The study was about evaluating four startups based on their business ideas, market potential, traction, team, and financial prospects, and then deciding how to allocate investment between them.",2921,1912,948
986,disclosure,5,8,hq_first,1,3,2,4,Axonmesh,Curato,Servora,Ironhall,f36cc003,37c0ca72,574d1367,817f1201,Robotics Orchestration,AI Training Data,AI Inference Infrastructure,Edge-AI Hardware,2,3,1,4,1,2,3,4,3,1,4,2,7,4,6,3,70,5,20,5,1,1,1,1,1,3,25,40,78,62,79,79,7,4,6,3,1,5,"Live fleets already coordinate robots in production at customer sites, billing recurring revenue.","Its founders are building Curato part-time alongside their current jobs, with the advisory board still forming.","Its core patent has been granted, with further claims in prosecution.","Its industrial certification is still in testing, and its first module is installing on a pilot line this quarter.",700.2,396.2,603.6,308.9,700.232,395.932,603.813,308.895,14,14,14,14,TRUE,TRUE,TRUE,TRUE,FALSE,FALSE,FALSE,FALSE,2,FALSE,1,37,Male,10,"Options, Stock Market, Venture Capital fund",White,United States,United States,Full-Time,Maybe a little,"Emerging Technologies in the A.I. market, and where ""the common man"" can see the most merit. And also whether or not I was paying attention...lol.",2806,1920,953
987,control,1,7,hq_first,1,3,2,4,Sentyl,Servora,Axonmesh,Curato,bcd14e91,e55a120c,e6065b1a,14efa601,AI Security,AI Inference Infrastructure,Robotics Orchestration,AI Training Data,1,4,2,3,1,3,2,4,4,3,1,2,6,5,6,5,15,25,35,25,1,1,1,1,0,1,-10,0,82,86,84,87,6,5,6,5,4,3,"It has completed a SOC 2 Type II audit, with the report available in its data room.",Its patent filing is a provisional application that is still pending.,"Live fleets already coordinate robots in production at customer sites, billing recurring revenue.","Its founders are building Curato part-time alongside their current jobs, with the advisory board still forming.",304.6,94,186,181.7,304.534,93.815,185.932,232.773,14,10,14,14,TRUE,TRUE,TRUE,TRUE,FALSE,FALSE,FALSE,FALSE,1,FALSE,1,25,Female,2,"ETF or ETC, Government Bonds, Stock Market, Angel syndicate, Options, Private Equity fund, Crowdfunding",Mixed,India,United States,Part-Time,Maybe a little,"This study was about how people evaluate early-stage startup pitch decks and decide how to allocate investment money across different AI companies.

",1358,1388,747
989,disclosure,3,3,hq_first,1,3,2,4,Ironhall,Pulsegrid,Foliant,Paperloom,b5fef669,2055e10c,fa1fe22c,e20d4e90,Edge-AI Hardware,AI Observability,Enterprise Knowledge Retrieval,Document Automation,2,3,1,4,4,2,3,1,4,3,1,2,5,3,5,2,25,10,60,5,1,1,1,1,0.5,2.5,-15,35,54,51,14,60,5,3,5,2,1,1,Its module has passed independent industrial certification and already runs on live production lines.,"It is pre-revenue, with an open-beta cohort scheduled to start next month.",A bank customer has rolled Foliant out organization-wide after a successful pilot.,An independent benchmark of its extraction accuracy is in progress but not yet finished.,430,286.2,521.4,211.2,429.984,287.353,521.455,211.245,14,14,14,14,TRUE,TRUE,TRUE,TRUE,FALSE,FALSE,FALSE,FALSE,1,FALSE,1,35,Female,3,"Crowdfunding, Stock Market, Private Equity fund",White,United States,United States,Full-Time,No,"If the design of something will change how people ""invest"" even if the numbers are worse.",2260,1366,633
991,disclosure,5,15,lq_first,3,1,4,2,Servora,Sentyl,Curato,Axonmesh,737deb7d,90a19744,cbc833b1,c7e2221f,AI Inference Infrastructure,AI Security,AI Training Data,Robotics Orchestration,3,2,4,1,2,3,1,4,1,2,3,4,5,6,4,6,20,25,25,30,1,0,1,1,0.5,-1.5,-5,-5,46,79,68,97,5,6,4,6,4,5,"Its core patent has been granted, with further claims in prosecution.","It has completed a SOC 2 Type II audit, with the report available in its data room.",Its founders built data infrastructure together at a leading AI-data company and left senior roles to work on Curato full-time.,Its deployment to date is one pilot fleet running daily at a single design partner's warehouse.,96.2,182.5,45.2,204.7,96.346,182.668,45.237,204.901,14,14,14,14,TRUE,TRUE,TRUE,TRUE,FALSE,FALSE,FALSE,FALSE,2,FALSE,1,25,Male,2,"ETF or ETC, Government Bonds, Stock Market, Venture Capital fund",Asian,India,India,Part-Time,Maybe a little,This study was about evaluating four startup pitch decks and allocating investment units based on the ventures substantive quality and potential returns.,1187,1536,730
992,disclosure_explanation,7,2,hq_first,1,3,2,4,Curato,Foliant,Ironhall,Pulsegrid,6b81ec39,08321160,87b7dfe9,e7f29679,AI Training Data,Enterprise Knowledge Retrieval,Edge-AI Hardware,AI Observability,2,4,1,3,1,2,3,4,4,3,1,2,5,2,6,3,30,5,60,5,0,1,1,1,-1,3,-15,40,72,23,96,27,5,2,6,3,2,2,Its founders are academics who license the labelling technology from their university lab.,Its most advanced customer engagement is a pilot in two practice groups at a law firm.,Its module has passed independent industrial certification and already runs on live production lines.,"It is pre-revenue, with an open-beta cohort scheduled to start next month.",159.6,172,189.2,130.2,159.624,171.8,189.1,130.155,14,14,14,14,TRUE,TRUE,TRUE,TRUE,FALSE,FALSE,FALSE,FALSE,1,FALSE,1,38,Male,5,"Stock Market, Crowdfunding",White,United States,United States,Full-Time,Maybe a little,"It was evaluating how you would distribute capital to four ideas ranging from backing data, software, hardware, and datasets. Personally according to information provided Ironhall seems the most promising focusing on hardware with curato as my second choice focusing on data. Evaluating how and where individuals perceived as most profitable and investable in long run from an investor point of view.",1478,1960,3783
993,disclosure,3,5,hq_first,1,3,2,4,Pulsegrid,Sentyl,Paperloom,Axonmesh,dff2e369,90a19744,081e5fb5,c7e2221f,AI Observability,AI Security,Document Automation,Robotics Orchestration,2,3,1,4,3,1,2,4,3,4,2,1,6,5,4,4,30,25,25,20,1,1,1,1,1.5,0.5,5,5,89,87,37,34,6,5,4,4,5,5,"Paying customers run it on production models, and it generates annual recurring revenue.",Its SOC 2 Type II audit is scheduled but has not yet taken place.,An independent certification firm has completed an audit of its extraction accuracy and verified a benchmark lead.,Its deployment to date is one pilot fleet running daily at a single design partner's warehouse.,88.1,56.8,90.3,43.3,125.086,91.206,90.299,81.446,14,14,14,14,TRUE,TRUE,TRUE,TRUE,FALSE,FALSE,FALSE,FALSE,1,FALSE,1,30,Male,5,"Private Equity fund, Crowdfunding, Government Bonds",Black,United States,United States,Full-Time,No,Startup pitch deck,1291,1366,641
996,disclosure_explanation,8,6,hq_first,1,3,2,4,Paperloom,Axonmesh,Sentyl,Servora,340b9ba1,4fe27fae,0566fd88,e06655dc,Document Automation,Robotics Orchestration,AI Security,AI Inference Infrastructure,2,3,1,4,1,2,4,3,3,4,2,1,5,6,5,4,10,20,30,40,0,1,1,1,1,0,-20,-10,55,82,56,59,5,6,5,4,5,5,"It does not permit external accuracy audits, citing customer confidentiality.",Its deployment to date is one pilot fleet running daily at a single design partner's warehouse.,"It has completed a SOC 2 Type II audit, with the report available in its data room.",Its patent filing is a provisional application that is still pending.,36.2,38.4,68.2,17.6,36.064,38.463,68.403,17.569,14,14,14,14,TRUE,TRUE,TRUE,TRUE,FALSE,FALSE,FALSE,FALSE,3,FALSE,1,26,Male,5,"ETF or ETC, Unit trusts, Government Bonds, Stock Market, Angel syndicate, Private Equity fund",Asian,India,India,Full-Time,No,"That good know about the pople thinking after see some documents investert thinking
",790,1366,641
997,control,1,4,hq_first,1,3,2,4,Foliant,Paperloom,Pulsegrid,Sentyl,46c0bf32,84f4d358,f5bfffe5,bfc6f4d0,Enterprise Knowledge Retrieval,Document Automation,AI Observability,AI Security,2,4,1,3,1,3,4,2,3,2,1,4,4,5,6,6,30,33,15,22,1,0,0,1,-1.5,-0.5,13,-5,30,65,35,25,4,5,6,6,7,7,A bank customer has rolled Foliant out organization-wide after a successful pilot.,An independent certification firm has completed an audit of its extraction accuracy and verified a benchmark lead.,Its revenue comes chiefly from paid consulting and integration projects.,Its SOC 2 Type II audit is scheduled but has not yet taken place.,389.8,368,329.8,337.8,389.924,368.021,329.694,341.55,14,14,14,14,TRUE,TRUE,TRUE,TRUE,FALSE,FALSE,FALSE,FALSE,1,FALSE,1,46,Female,0,"Stock Market, Crowdfunding",Mixed,United States,United States,Full-Time,No,I think this study is to see if people can invest their money in a way that gives them a good return.,1913,1147,629
998,disclosure,6,15,lq_first,3,1,4,2,Servora,Sentyl,Curato,Axonmesh,737deb7d,90a19744,cbc833b1,c7e2221f,AI Inference Infrastructure,AI Security,AI Training Data,Robotics Orchestration,4,1,3,2,3,4,2,1,3,1,2,4,7,3,6,4,50,0,50,0,0,0,1,0,0,3,0,50,85,35,69,33,7,3,6,4,6,7,Its technology is patented by a university and licensed to the company exclusively.,"It has completed a SOC 2 Type II audit, with the report available in its data room.",Its founders built data infrastructure together at a leading AI-data company and left senior roles to work on Curato full-time.,"Live fleets already coordinate robots in production at customer sites, billing recurring revenue.",263.1,215.7,272.4,270.7,263.171,216.689,272.334,285.523,14,14,14,14,TRUE,TRUE,TRUE,TRUE,FALSE,FALSE,FALSE,FALSE,2,FALSE,1,32,Male,5,"ETF or ETC, Government Bonds, Stock Market, Options, Crowdfunding, Other",Asian,United States,United States,Part-Time,No,"I think this study was about comparing 4 AI companies that each have the potential to develop AI technology well and thrive well financially, and which ones each participant thinks will do particularly well overall based on statistics, growth rate, and credibility of the founders.",1667,1920,917
999,disclosure,2,1,hq_first,1,3,2,4,Servora,Ironhall,Curato,Foliant,737deb7d,3e0eedc2,cbc833b1,3eed90b1,AI Inference Infrastructure,Edge-AI Hardware,AI Training Data,Enterprise Knowledge Retrieval,2,3,1,4,3,4,2,1,4,1,3,2,7,7,6,5,0,0,100,0,0,0,1,1,1.5,0.5,-50,50,40,78,87,69,7,7,6,5,6,5,It relies on trade secrecy and has not sought patent protection.,Its module has passed independent industrial certification and already runs on live production lines.,Its founders built data infrastructure together at a leading AI-data company and left senior roles to work on Curato full-time.,Its most advanced customer engagement is a pilot in two practice groups at a law firm.,47.4,14.4,70.9,12.7,47.338,14.357,70.826,12.682,14,14,14,14,TRUE,TRUE,TRUE,TRUE,FALSE,FALSE,FALSE,FALSE,1,FALSE,1,45,Male,6,"ETF or ETC, Stock Market, Venture Capital fund",White,United States,United States,Due to start a new job within the next month,No,i really dont even haveaguess,681,1280,683
1000,disclosure_explanation,7,7,hq_first,1,3,2,4,Sentyl,Servora,Axonmesh,Curato,bcd14e91,e55a120c,e6065b1a,14efa601,AI Security,AI Inference Infrastructure,Robotics Orchestration,AI Training Data,2,3,1,4,4,1,3,2,4,1,3,2,7,5,7,6,30,15,30,25,1,1,1,1,-0.5,1.5,-5,10,89,63,27,42,7,5,7,6,2,1,"It has completed a SOC 2 Type II audit, with the report available in its data room.",Its patent filing is a provisional application that is still pending.,"Live fleets already coordinate robots in production at customer sites, billing recurring revenue.","Its founders are building Curato part-time alongside their current jobs, with the advisory board still forming.",473.5,449.8,647.5,354.4,473.434,449.638,647.434,354.553,14,14,14,14,TRUE,TRUE,TRUE,TRUE,FALSE,FALSE,FALSE,FALSE,1,FALSE,1,25,Male,0,"ETF or ETC, Unit trusts, Stock Market, Government Bonds, Private Equity fund, Options, Crowdfunding",Black,United States,Nigeria,Part-Time,No,refreshing and nice,2695,1280,593
1002,disclosure,5,13,lq_first,3,1,4,2,Sentyl,Pulsegrid,Axonmesh,Paperloom,bcd14e91,2055e10c,e6065b1a,e20d4e90,AI Security,AI Observability,Robotics Orchestration,Document Automation,4,2,3,1,4,1,3,2,1,4,2,3,5,5,5,4,20,40,10,30,1,1,1,0,0.5,0.5,10,-20,64,50,36,31,5,5,5,4,1,5,"It has completed a SOC 2 Type II audit, with the report available in its data room.","It is pre-revenue, with an open-beta cohort scheduled to start next month.","Live fleets already coordinate robots in production at customer sites, billing recurring revenue.",An independent certification firm has completed an audit of its extraction accuracy and verified a benchmark lead.,200.8,217.2,287.6,266.3,200.691,217.22,287.621,266.357,14,14,14,14,TRUE,TRUE,TRUE,TRUE,FALSE,FALSE,FALSE,FALSE,3,TRUE,1,50,Female,1,"Stock Market, Crowdfunding, Other",Black,United States,United States,Other,No,It was about utilizing crowdfunding and presenting different pitches for AI based business start ups to potential investors .Also what amounts investors might allocate to those start ups based on how lucrative the ventures are.,1902,1536,730
1003,disclosure,6,14,lq_first,3,1,4,2,Axonmesh,Paperloom,Servora,Sentyl,f36cc003,84f4d358,574d1367,bfc6f4d0,Robotics Orchestration,Document Automation,AI Inference Infrastructure,AI Security,4,2,3,1,2,3,1,4,3,4,2,1,1,2,4,4,0,60,0,40,0,0,1,0,-2.5,-0.5,10,-50,100,73,59,22,1,2,4,4,1,1,Its deployments are paused while its scheduler undergoes a safety recall.,Its accuracy has been validated only in a peer-reviewed academic study.,"Its core patent has been granted, with further claims in prosecution.","It has completed a SOC 2 Type II audit, with the report available in its data room.",6.3,51.7,44.4,44.8,6.312,51.589,44.135,44.749,1,14,14,14,TRUE,TRUE,TRUE,TRUE,FALSE,FALSE,FALSE,FALSE,2,FALSE,1,55,Male,1,"ETF or ETC, Government Bonds, Stock Market, Private Equity fund, Crowdfunding",White,United Kingdom,United Kingdom,Full-Time,Maybe a little,if people actually read,357,2287,1156
1004,disclosure_explanation,7,9,lq_first,3,1,4,2,Ironhall,Servora,Foliant,Curato,b5fef669,e55a120c,fa1fe22c,14efa601,Edge-AI Hardware,AI Inference Infrastructure,Enterprise Knowledge Retrieval,AI Training Data,3,1,4,2,3,4,2,1,1,3,4,2,5,6,4,5,30,20,20,30,0,0,0,1,1,-1,0,0,62,79,47,59,5,6,4,5,3,5,"Its industrial certification is still in testing, and its first module is installing on a pilot line this quarter.",It relies on trade secrecy and has not sought patent protection.,Its most advanced customer engagement is a pilot in two practice groups at a law firm.,"Its founders are building Curato part-time alongside their current jobs, with the advisory board still forming.",51,129.3,65.3,71.5,51.03,129.206,65.172,71.386,14,14,14,14,TRUE,TRUE,TRUE,TRUE,FALSE,FALSE,FALSE,FALSE,1,FALSE,1,32,Male,1,"Government Bonds, ETF or ETC, Stock Market, Unit trusts, Angel syndicate, Private Equity fund, Options",Black,United Kingdom,Kenya,Full-Time,Maybe a little,start ups and the possibility of success if invested on,1236,1366,633
1005,disclosure,3,2,hq_first,1,3,2,4,Curato,Foliant,Ironhall,Pulsegrid,6b81ec39,08321160,87b7dfe9,e7f29679,AI Training Data,Enterprise Knowledge Retrieval,Edge-AI Hardware,AI Observability,1,4,2,3,4,1,3,2,2,4,3,1,6,4,6,3,40,5,45,10,1,1,1,1,0.5,2.5,-5,35,91,55,71,40,6,4,6,3,1,1,Its founders built data infrastructure together at a leading AI-data company and left senior roles to work on Curato full-time.,Its most advanced customer engagement is a pilot in two practice groups at a law firm.,Its module has passed independent industrial certification and already runs on live production lines.,"It is pre-revenue, with an open-beta cohort scheduled to start next month.",250.8,170.9,235.1,192.2,250.836,170.786,235.055,192.301,14,14,14,14,TRUE,TRUE,TRUE,TRUE,FALSE,FALSE,FALSE,FALSE,1,FALSE,1,44,Male,15,"Stock Market, Options, Venture Capital fund, Private Equity fund",White,United States,United States,Full-Time,No,"I would say that this study is focused on investment decisions.  When given structured pitches, the study looks at how investors prioritize various aspects within those presentations.",1347,1358,644
1006,disclosure_explanation,8,13,lq_first,3,1,4,2,Sentyl,Pulsegrid,Axonmesh,Paperloom,bcd14e91,2055e10c,e6065b1a,e20d4e90,AI Security,AI Observability,Robotics Orchestration,Document Automation,3,1,4,2,4,2,3,1,2,4,1,3,7,3,6,3,80,0,20,0,1,1,1,1,0.5,3.5,30,50,70,61,58,35,7,3,6,3,1,1,"It has completed a SOC 2 Type II audit, with the report available in its data room.","It is pre-revenue, with an open-beta cohort scheduled to start next month.","Live fleets already coordinate robots in production at customer sites, billing recurring revenue.",An independent benchmark of its extraction accuracy is in progress but not yet finished.,275,264.2,186.1,243.6,275.156,264.236,186.141,243.551,14,14,14,14,TRUE,TRUE,TRUE,TRUE,FALSE,FALSE,FALSE,FALSE,1,FALSE,1,52,Male,7,"Stock Market, Crowdfunding, Other",White,United States,United States,Full-Time,No,I'm not really sure.  Good luck in your research.,1312,1279,639
1007,control,1,16,lq_first,3,1,4,2,Curato,Axonmesh,Ironhall,Servora,6b81ec39,4fe27fae,87b7dfe9,e06655dc,AI Training Data,Robotics Orchestration,Edge-AI Hardware,AI Inference Infrastructure,3,1,4,2,3,1,2,4,2,3,1,4,7,5,3,2,60,20,10,10,1,1,1,1,3.5,1.5,30,20,98,89,39,13,7,5,3,2,5,6,Its founders built data infrastructure together at a leading AI-data company and left senior roles to work on Curato full-time.,Its deployment to date is one pilot fleet running daily at a single design partner's warehouse.,Its module has passed independent industrial certification and already runs on live production lines.,Its patent filing is a provisional application that is still pending.,179,189.2,190.8,167.3,178.92,189.229,190.789,167.292,14,14,14,14,TRUE,TRUE,TRUE,TRUE,FALSE,FALSE,FALSE,FALSE,1,FALSE,1,41,Male,0,Crowdfunding,White,Canada,United Kingdom,Full-Time,No,how well we retain information we see online and then how we judge that information against other information,1131,1482,830
1010,disclosure,3,10,lq_first,3,1,4,2,Foliant,Curato,Pulsegrid,Ironhall,46c0bf32,37c0ca72,f5bfffe5,817f1201,Enterprise Knowledge Retrieval,AI Training Data,AI Observability,Edge-AI Hardware,4,2,3,1,4,2,3,1,4,1,2,3,7,4,6,3,70,0,10,20,1,1,1,1,1,3,20,30,98,63,78,35,7,4,6,3,1,1,A bank customer has rolled Foliant out organization-wide after a successful pilot.,"Its founders are building Curato part-time alongside their current jobs, with the advisory board still forming.","Paying customers run it on production models, and it generates annual recurring revenue.","Its industrial certification is still in testing, and its first module is installing on a pilot line this quarter.",226.4,231,363.3,259.8,226.277,231.021,363.249,259.801,14,14,14,14,TRUE,TRUE,TRUE,TRUE,FALSE,FALSE,FALSE,FALSE,1,FALSE,1,49,Male,5,"Stock Market, ETF or ETC, Government Bonds, Crowdfunding",White,United Kingdom,United Kingdom,Full-Time,No,no idea,1428,2560,1271
1013,disclosure,4,12,lq_first,3,1,4,2,Paperloom,Foliant,Sentyl,Pulsegrid,340b9ba1,08321160,0566fd88,e7f29679,Document Automation,Enterprise Knowledge Retrieval,AI Security,AI Observability,4,2,3,1,2,1,4,3,4,3,1,2,5,2,4,2,70,0,30,0,1,1,0,1,0.5,2.5,20,50,93,40,4,7,5,2,4,2,1,1,An independent certification firm has completed an audit of its extraction accuracy and verified a benchmark lead.,Its most advanced customer engagement is a pilot in two practice groups at a law firm.,Its SOC 2 Type II audit is scheduled but has not yet taken place.,"It is pre-revenue, with an open-beta cohort scheduled to start next month.",239.8,288.9,261.5,462.6,357.325,452.87,362.4,585.798,14,14,14,14,TRUE,TRUE,TRUE,TRUE,FALSE,FALSE,FALSE,FALSE,1,FALSE,1,58,Female,8,"ETF or ETC, Stock Market, Unit trusts, Options, Crowdfunding",Mixed,United States,United States,Full-Time,No,"Well, the pitch deck designs impacted my ability to read and analyze the data. I'm about to time out and I've got a headache. All of the other info was important, and I did my best to read everything.",2458,1724,1001
1019,disclosure_explanation,8,8,hq_first,1,3,2,4,Axonmesh,Curato,Servora,Ironhall,f36cc003,37c0ca72,574d1367,817f1201,Robotics Orchestration,AI Training Data,AI Inference Infrastructure,Edge-AI Hardware,1,3,2,4,2,4,3,1,1,4,2,3,6,6,6,2,40,40,15,5,1,1,1,1,2,2,30,5,95,90,5,6,6,6,6,2,7,7,"Live fleets already coordinate robots in production at customer sites, billing recurring revenue.","Its founders are building Curato part-time alongside their current jobs, with the advisory board still forming.","Its core patent has been granted, with further claims in prosecution.","Its industrial certification is still in testing, and its first module is installing on a pilot line this quarter.",331.8,95,120.6,84,331.704,95.182,120.403,84.059,14,14,14,14,TRUE,TRUE,TRUE,TRUE,FALSE,FALSE,FALSE,FALSE,1,FALSE,1,52,Female,15,"Government Bonds, Stock Market, Crowdfunding",White,United Kingdom,United Kingdom,Full-Time,Yes,"If people take into account the presentation of the info: the least professional the look, the less value/trust you assign to the company",1304,1536,826
1020,disclosure_explanation,7,2,hq_first,1,3,2,4,Curato,Foliant,Ironhall,Pulsegrid,6b81ec39,08321160,87b7dfe9,e7f29679,AI Training Data,Enterprise Knowledge Retrieval,Edge-AI Hardware,AI Observability,2,3,1,4,4,2,1,3,1,4,2,3,7,6,6,7,40,10,30,20,1,1,1,1,0,0,0,20,98,93,92,100,7,6,6,7,7,7,Its founders built data infrastructure together at a leading AI-data company and left senior roles to work on Curato full-time.,Its most advanced customer engagement is a pilot in two practice groups at a law firm.,Its module has passed independent industrial certification and already runs on live production lines.,"It is pre-revenue, with an open-beta cohort scheduled to start next month.",262.3,186.1,157.2,99.3,442.899,186.262,157.142,99.282,14,14,14,14,TRUE,TRUE,TRUE,TRUE,FALSE,FALSE,FALSE,FALSE,1,FALSE,1,37,Male,6,"ETF or ETC, Unit trusts, Stock Market, Angel syndicate, Venture Capital fund, Private Equity fund, Other",Black,United Kingdom,United Kingdom,Full-Time,No,"This study was about how people allocate investment capital across early-stage AI ventures with limited and uneven information. It tests decision-making, risk tolerance, and bias by forcing me to distribute 100 units across 4 startups, where i may only have full details on some.",2012,1536,730
1021,disclosure,5,7,hq_first,1,3,2,4,Sentyl,Servora,Axonmesh,Curato,bcd14e91,e55a120c,e6065b1a,14efa601,AI Security,AI Inference Infrastructure,Robotics Orchestration,AI Training Data,1,4,2,3,3,2,4,1,4,3,1,2,6,4,4,5,30,30,15,25,1,0,0,0,0.5,0.5,10,-5,38,61,65,75,6,4,4,5,1,1,"It has completed a SOC 2 Type II audit, with the report available in its data room.",Its technology is patented by a university and licensed to the company exclusively.,Its deployment to date is one pilot fleet running daily at a single design partner's warehouse.,Its founders are academics who license the labelling technology from their university lab.,264.3,4.8,9,6.9,281.019,4.578,8.841,6.614,14,12,14,14,TRUE,TRUE,TRUE,TRUE,FALSE,FALSE,FALSE,FALSE,3,TRUE,1,35,Female,3,"Government Bonds, Crowdfunding",Black,United Kingdom,Nigeria,Full-Time,No,The study examines how peope evaluatenearly stage startup investment opportunities by reviewing pitch desks assessing each ventures strength and readiness and deciding how to allocate capital across n them based on business merit rather than how the decks look,1060,1920,1145
1022,disclosure,2,10,lq_first,3,1,4,2,Foliant,Curato,Pulsegrid,Ironhall,46c0bf32,37c0ca72,f5bfffe5,817f1201,Enterprise Knowledge Retrieval,AI Training Data,AI Observability,Edge-AI Hardware,3,2,4,1,3,2,4,1,4,2,1,3,6,3,5,4,85,0,10,5,1,0,1,1,0,2,35,45,85,16,29,60,6,3,5,4,1,1,A bank customer has rolled Foliant out organization-wide after a successful pilot.,Its founders are academics who license the labelling technology from their university lab.,"Paying customers run it on production models, and it generates annual recurring revenue.","Its industrial certification is still in testing, and its first module is installing on a pilot line this quarter.",154.9,179.2,208.7,209.1,154.84,179.201,208.717,209.171,14,13,14,14,TRUE,TRUE,TRUE,TRUE,FALSE,FALSE,FALSE,FALSE,2,FALSE,1,33,Female,0,"Government Bonds, Private Equity fund, Stock Market",White,United Kingdom,United Kingdom,Full-Time,Maybe a little,different AI business cases and investment into the options,1089,1528,732
1023,control,1,11,lq_first,3,1,4,2,Pulsegrid,Ironhall,Paperloom,Foliant,dff2e369,3e0eedc2,081e5fb5,3eed90b1,AI Observability,Edge-AI Hardware,Document Automation,Enterprise Knowledge Retrieval,3,2,4,1,2,3,4,1,3,2,1,4,6,2,7,3,40,10,40,10,0,1,1,1,-1,4,0,30,74,14,96,37,6,2,7,3,1,1,"It is pre-revenue, with an open-beta cohort scheduled to start next month.","Its industrial certification is still in testing, and its first module is installing on a pilot line this quarter.",An independent certification firm has completed an audit of its extraction accuracy and verified a benchmark lead.,Its most advanced customer engagement is a pilot in two practice groups at a law firm.,261.1,109.5,113.1,152.7,260.864,109.489,114.601,152.675,14,14,14,14,TRUE,TRUE,TRUE,TRUE,FALSE,FALSE,FALSE,FALSE,1,FALSE,1,35,Other,2,"Stock Market, Crowdfunding",White,United Kingdom,United Kingdom,Full-Time,No,Judging investment opportunites,828,1904,1016
1025,disclosure_explanation,8,7,hq_first,1,3,2,4,Sentyl,Servora,Axonmesh,Curato,bcd14e91,e55a120c,e6065b1a,14efa601,AI Security,AI Inference Infrastructure,Robotics Orchestration,AI Training Data,2,4,1,3,2,1,3,4,3,1,4,2,6,5,4,5,15,30,35,20,0,0,1,0,1,0,-5,0,69,75,43,69,6,5,4,5,5,4,It has decided to defer formal security audits until after this funding round.,Its technology is patented by a university and licensed to the company exclusively.,"Live fleets already coordinate robots in production at customer sites, billing recurring revenue.",Its founders built data infrastructure together at a leading AI-data company and left senior roles to work on Curato full-time.,41.5,53.1,46.9,22.4,41.472,53.104,46.881,22.304,14,14,14,2,TRUE,TRUE,TRUE,TRUE,FALSE,FALSE,FALSE,FALSE,1,FALSE,1,24,Male,2,"Government Bonds, Private Equity fund",Black,United States,United States,NA,No,Evaluating startups based on their ventures and what they bring on board.,1132,1600,765
1026,disclosure,4,12,lq_first,3,1,4,2,Paperloom,Foliant,Sentyl,Pulsegrid,340b9ba1,08321160,0566fd88,e7f29679,Document Automation,Enterprise Knowledge Retrieval,AI Security,AI Observability,3,2,4,1,4,1,3,2,3,1,4,2,6,3,4,1,40,40,10,10,1,1,0,0,2,3,30,0,65,64,36,19,6,3,4,1,6,5,An independent certification firm has completed an audit of its extraction accuracy and verified a benchmark lead.,Its most advanced customer engagement is a pilot in two practice groups at a law firm.,Its compliance certifications are inherited from its cloud hosting provider.,It charges model vendors for access to anonymized benchmark data.,47.6,39.8,47.4,83,47.425,39.938,47.465,82.981,14,14,14,14,TRUE,TRUE,TRUE,TRUE,FALSE,FALSE,FALSE,FALSE,2,FALSE,1,45,Male,5,"Other, Stock Market, Crowdfunding",White,United States,United States,Part-Time,No,what companies i would invest in,600,1920,929
1027,disclosure_explanation,7,5,hq_first,1,3,2,4,Pulsegrid,Sentyl,Paperloom,Axonmesh,dff2e369,90a19744,081e5fb5,c7e2221f,AI Observability,AI Security,Document Automation,Robotics Orchestration,2,4,1,3,1,4,2,3,2,1,4,3,6,3,7,3,25,4,65,6,1,1,1,1,-0.5,3.5,-21,40,80,72,19,20,6,3,7,3,2,1,"Paying customers run it on production models, and it generates annual recurring revenue.",Its SOC 2 Type II audit is scheduled but has not yet taken place.,An independent certification firm has completed an audit of its extraction accuracy and verified a benchmark lead.,Its deployment to date is one pilot fleet running daily at a single design partner's warehouse.,257.9,226.7,221.1,231.1,257.981,226.851,221.124,230.943,14,14,14,14,TRUE,TRUE,TRUE,TRUE,FALSE,FALSE,FALSE,FALSE,1,FALSE,1,37,Male,0,"Stock Market, Crowdfunding, Other",White,United Kingdom,United Kingdom,Unemployed (and job seeking),No,Reviewing our views on an AI powered future and how open we are to AI in business.,1332,1920,959
1029,disclosure,6,13,lq_first,3,1,4,2,Sentyl,Pulsegrid,Axonmesh,Paperloom,bcd14e91,2055e10c,e6065b1a,e20d4e90,AI Security,AI Observability,Robotics Orchestration,Document Automation,4,2,3,1,4,3,1,2,3,1,4,2,4,6,5,4,20,35,20,25,0,1,1,1,0.5,-0.5,5,-10,58,85,57,59,4,6,5,4,6,5,It has decided to defer formal security audits until after this funding round.,"It is pre-revenue, with an open-beta cohort scheduled to start next month.","Live fleets already coordinate robots in production at customer sites, billing recurring revenue.",An independent benchmark of its extraction accuracy is in progress but not yet finished.,87.6,407.8,239.4,351.4,87.768,408.737,240.758,351.496,14,14,14,14,TRUE,TRUE,TRUE,TRUE,FALSE,FALSE,FALSE,FALSE,1,FALSE,1,46,Female,10,"ETF or ETC, Government Bonds, Private Equity fund, Crowdfunding, Venture Capital fund, Stock Market",Black,United States,United States,Full-Time,Maybe a little,It was awesome and a good study indeed,2439,1366,633
1032,disclosure,2,9,lq_first,3,1,4,2,Ironhall,Servora,Foliant,Curato,b5fef669,e55a120c,fa1fe22c,14efa601,Edge-AI Hardware,AI Inference Infrastructure,Enterprise Knowledge Retrieval,AI Training Data,3,1,4,2,1,4,2,3,4,2,1,3,6,6,4,4,50,50,0,0,1,1,1,1,2,0,50,0,100,100,0,0,6,6,4,4,1,1,Its module has passed independent industrial certification and already runs on live production lines.,Its patent filing is a provisional application that is still pending.,A bank customer has rolled Foliant out organization-wide after a successful pilot.,"Its founders are building Curato part-time alongside their current jobs, with the advisory board still forming.",206.8,157.1,185.9,172,206.782,157.1,185.911,172.101,14,14,14,14,TRUE,TRUE,TRUE,TRUE,FALSE,FALSE,FALSE,FALSE,1,FALSE,1,49,Female,0,"ETF or ETC, Stock Market, Government Bonds, Private Equity fund, Venture Capital fund",White,United States,United States,Full-Time,No,"The study was looking at presentation design and the effect that might have on what the audience remembers from it, plus how it affects the support given to the company afterwards.",1384,1912,948
1033,disclosure,3,1,hq_first,1,3,2,4,Servora,Ironhall,Curato,Foliant,737deb7d,3e0eedc2,cbc833b1,3eed90b1,AI Inference Infrastructure,Edge-AI Hardware,AI Training Data,Enterprise Knowledge Retrieval,1,3,2,4,4,1,2,3,4,2,3,1,6,6,4,4,70,0,30,0,1,1,1,1,2,0,20,50,75,87,21,14,6,6,4,4,5,2,"Its core patent has been granted, with further claims in prosecution.","Its industrial certification is still in testing, and its first module is installing on a pilot line this quarter.",Its founders built data infrastructure together at a leading AI-data company and left senior roles to work on Curato full-time.,Its most advanced customer engagement is a pilot in two practice groups at a law firm.,200.4,62.5,209,51.8,200.475,63.146,208.709,65.99,14,14,14,14,TRUE,TRUE,TRUE,TRUE,FALSE,FALSE,FALSE,FALSE,1,FALSE,1,31,Male,1,"ETF or ETC, Stock Market, Venture Capital fund, Crowdfunding",White,United Kingdom,United Kingdom,Full-Time,No,"I'm not too sure. 2 of the decks were coloured very badly in grey and two with vivid, inviting colours. Perhaps something to do with that.",1092,1536,855
1034,control,1,3,hq_first,1,3,2,4,Ironhall,Pulsegrid,Foliant,Paperloom,b5fef669,2055e10c,fa1fe22c,e20d4e90,Edge-AI Hardware,AI Observability,Enterprise Knowledge Retrieval,Document Automation,2,4,1,3,1,3,4,2,3,4,1,2,3,2,7,6,0,0,100,0,1,1,1,0,-4,1,-50,50,100,100,0,0,3,2,7,6,2,1,Its module has passed independent industrial certification and already runs on live production lines.,"It is pre-revenue, with an open-beta cohort scheduled to start next month.",A bank customer has rolled Foliant out organization-wide after a successful pilot.,Its accuracy has been validated only in a peer-reviewed academic study.,185.3,50.2,296.5,136.6,185.279,50.274,296.503,136.502,14,14,14,14,TRUE,TRUE,TRUE,TRUE,FALSE,FALSE,FALSE,FALSE,1,FALSE,1,59,Male,10,"ETF or ETC, Stock Market, Angel syndicate, Crowdfunding",White,United Kingdom,United Kingdom,Full-Time,No,how readability influences decision making,984,1492,799
1035,disclosure_explanation,7,6,hq_first,1,3,2,4,Paperloom,Axonmesh,Sentyl,Servora,340b9ba1,4fe27fae,0566fd88,e06655dc,Document Automation,Robotics Orchestration,AI Security,AI Inference Infrastructure,1,3,2,4,2,3,1,4,4,1,2,3,7,3,6,3,35,15,35,15,1,1,1,0,0.5,3.5,0,20,81,75,59,36,7,3,6,3,1,1,An independent certification firm has completed an audit of its extraction accuracy and verified a benchmark lead.,Its deployment to date is one pilot fleet running daily at a single design partner's warehouse.,"It has completed a SOC 2 Type II audit, with the report available in its data room.","Its core patent has been granted, with further claims in prosecution.",273.4,224.9,299.8,173.5,273.424,224.856,299.837,173.31,14,14,14,14,TRUE,TRUE,TRUE,TRUE,FALSE,FALSE,FALSE,FALSE,1,FALSE,1,49,Male,5,"ETF or ETC, Stock Market, Unit trusts, Private Equity fund",White,United Kingdom,United Kingdom,Full-Time,Maybe a little,Presentation,1441,1920,953
1036,disclosure,4,11,lq_first,3,1,4,2,Pulsegrid,Ironhall,Paperloom,Foliant,dff2e369,3e0eedc2,081e5fb5,3eed90b1,AI Observability,Edge-AI Hardware,Document Automation,Enterprise Knowledge Retrieval,3,2,4,1,1,4,2,3,1,4,2,3,6,5,6,6,30,20,30,20,1,1,1,1,-0.5,0.5,0,10,53,41,79,67,6,5,6,6,6,6,"Paying customers run it on production models, and it generates annual recurring revenue.","Its industrial certification is still in testing, and its first module is installing on a pilot line this quarter.",An independent certification firm has completed an audit of its extraction accuracy and verified a benchmark lead.,Its most advanced customer engagement is a pilot in two practice groups at a law firm.,456.8,601.4,102.8,388.9,467.286,601.102,102.844,388.997,14,14,14,14,TRUE,TRUE,TRUE,TRUE,FALSE,FALSE,FALSE,FALSE,1,FALSE,1,42,Female,4,"Stock Market, Private Equity fund, Crowdfunding",White,United Kingdom,United Kingdom,Full-Time,No,Its basically for comparing startups and decidin which one seemed most worth investing in,2249,1092,520
1037,control,1,15,lq_first,3,1,4,2,Servora,Sentyl,Curato,Axonmesh,737deb7d,90a19744,cbc833b1,c7e2221f,AI Inference Infrastructure,AI Security,AI Training Data,Robotics Orchestration,4,1,3,2,4,3,2,1,4,3,1,2,4,6,4,5,10,49,23,18,1,1,1,1,0.5,-1.5,9,-17,18,99,16,79,4,6,4,5,2,2,"Its core patent has been granted, with further claims in prosecution.",Its SOC 2 Type II audit is scheduled but has not yet taken place.,Its founders built data infrastructure together at a leading AI-data company and left senior roles to work on Curato full-time.,Its deployment to date is one pilot fleet running daily at a single design partner's warehouse.,141,233.4,197.5,149.1,141.09,233.355,197.504,150.987,14,14,14,14,TRUE,TRUE,TRUE,TRUE,FALSE,FALSE,FALSE,FALSE,1,FALSE,1,30,Male,1,"Stock Market, ETF or ETC, Government Bonds, Venture Capital fund, Private Equity fund",White,United States,United States,Full-Time,No,"I believe this study was about measuring participant abilities to comprehend business pitch decks, as well as allocate financial resources in a reasonable manner. Hope I did well enough!",1254,1154,527
1038,disclosure,2,2,hq_first,1,3,2,4,Curato,Foliant,Ironhall,Pulsegrid,6b81ec39,08321160,87b7dfe9,e7f29679,AI Training Data,Enterprise Knowledge Retrieval,Edge-AI Hardware,AI Observability,2,3,1,4,2,3,4,1,3,4,1,2,3,5,6,3,40,10,30,20,0,0,0,1,-0.5,0.5,0,20,63,79,83,6,3,5,6,3,4,2,"Its founders are building Curato part-time alongside their current jobs, with the advisory board still forming.",Its deployments run exclusively inside the founders' former employer.,It licenses its enclosure design to established equipment makers instead of manufacturing itself.,"It is pre-revenue, with an open-beta cohort scheduled to start next month.",142.4,147.9,48.5,506.5,142.447,161.549,48.415,514.621,14,14,14,14,TRUE,TRUE,TRUE,TRUE,FALSE,FALSE,FALSE,FALSE,1,FALSE,1,29,Male,3,"Stock Market, Government Bonds, Private Equity fund, Crowdfunding",White,United States,United States,Full-Time,Yes,Determining which company deserved more capital on their ability to return that investment,1413,2752,991
1039,disclosure,5,8,hq_first,1,3,2,4,Axonmesh,Curato,Servora,Ironhall,f36cc003,37c0ca72,574d1367,817f1201,Robotics Orchestration,AI Training Data,AI Inference Infrastructure,Edge-AI Hardware,1,4,2,3,1,3,4,2,1,4,3,2,7,6,4,5,40,30,15,15,1,0,0,0,2,0,20,5,22,75,0,0,7,6,4,5,1,1,"Live fleets already coordinate robots in production at customer sites, billing recurring revenue.",Its founders built data infrastructure together at a leading AI-data company and left senior roles to work on Curato full-time.,Its technology is patented by a university and licensed to the company exclusively.,Its module has passed independent industrial certification and already runs on live production lines.,209.1,189.4,144.4,239.6,209.039,189.443,144.306,239.687,14,14,14,14,TRUE,TRUE,TRUE,TRUE,FALSE,FALSE,FALSE,FALSE,1,FALSE,1,36,Male,0,"Crowdfunding, ETF or ETC",White,France,France,Unemployed (and job seeking),No,Understanding of new startups project and what's the most attractive to people.,1521,1366,599
1042,disclosure,6,6,hq_first,1,3,2,4,Paperloom,Axonmesh,Sentyl,Servora,340b9ba1,4fe27fae,0566fd88,e06655dc,Document Automation,Robotics Orchestration,AI Security,AI Inference Infrastructure,2,3,1,4,1,2,3,4,1,4,2,3,5,7,4,3,50,50,0,0,1,1,1,1,2.5,-0.5,50,0,69,78,40,32,5,7,4,3,1,1,An independent certification firm has completed an audit of its extraction accuracy and verified a benchmark lead.,Its deployment to date is one pilot fleet running daily at a single design partner's warehouse.,"It has completed a SOC 2 Type II audit, with the report available in its data room.",Its patent filing is a provisional application that is still pending.,339.8,192.7,208.9,197.2,339.656,213.586,208.9,197.175,14,14,14,14,TRUE,TRUE,TRUE,TRUE,FALSE,FALSE,FALSE,FALSE,1,FALSE,1,48,Female,1,"ETF or ETC, Government Bonds, Stock Market, Crowdfunding, Other",White,United States,United States,Full-Time,No,How the design cards affected decisions,1783,1536,791
1043,disclosure_explanation,7,5,hq_first,1,3,2,4,Pulsegrid,Sentyl,Paperloom,Axonmesh,dff2e369,90a19744,081e5fb5,c7e2221f,AI Observability,AI Security,Document Automation,Robotics Orchestration,1,3,2,4,3,4,2,1,1,4,3,2,5,6,4,6,60,15,5,20,1,1,1,1,0.5,-1.5,25,15,67,81,33,42,5,6,4,6,1,7,"Paying customers run it on production models, and it generates annual recurring revenue.",Its SOC 2 Type II audit is scheduled but has not yet taken place.,An independent certification firm has completed an audit of its extraction accuracy and verified a benchmark lead.,Its deployment to date is one pilot fleet running daily at a single design partner's warehouse.,201.1,50.4,79,47.1,201.055,50.158,79.222,47.082,14,14,14,14,TRUE,TRUE,TRUE,TRUE,FALSE,FALSE,FALSE,FALSE,1,FALSE,1,33,Male,1,"ETF or ETC, Government Bonds, Stock Market, Crowdfunding",White,United States,United States,Full-Time,No,How someone analyzes data.,1345,1280,551
1045,disclosure,3,10,lq_first,3,1,4,2,Foliant,Curato,Pulsegrid,Ironhall,46c0bf32,37c0ca72,f5bfffe5,817f1201,Enterprise Knowledge Retrieval,AI Training Data,AI Observability,Edge-AI Hardware,4,2,3,1,1,4,2,3,2,3,1,4,4,3,6,2,0,0,100,0,0,1,1,1,-0.5,2.5,-50,50,34,20,34,18,4,3,6,2,1,1,Its deployments run exclusively inside the founders' former employer.,"Its founders are building Curato part-time alongside their current jobs, with the advisory board still forming.","Paying customers run it on production models, and it generates annual recurring revenue.","Its industrial certification is still in testing, and its first module is installing on a pilot line this quarter.",16.4,165.8,177.5,183.8,16.356,165.601,177.464,183.738,1,14,14,14,TRUE,TRUE,TRUE,TRUE,FALSE,FALSE,FALSE,FALSE,1,FALSE,1,69,Female,1,"Government Bonds, Stock Market, Venture Capital fund",White,United States,United States,"Not in paid work (e.g. homemaker', 'retired or disabled)",No,Possibly about how design affects judgement.,893,1470,833
1048,disclosure,2,13,lq_first,3,1,4,2,Sentyl,Pulsegrid,Axonmesh,Paperloom,bcd14e91,2055e10c,e6065b1a,e20d4e90,AI Security,AI Observability,Robotics Orchestration,Document Automation,4,1,3,2,4,1,3,2,1,2,3,4,4,3,5,2,0,25,75,0,1,1,1,1,0,2,-25,25,72,71,25,0,4,3,5,2,1,4,"It has completed a SOC 2 Type II audit, with the report available in its data room.","It is pre-revenue, with an open-beta cohort scheduled to start next month.","Live fleets already coordinate robots in production at customer sites, billing recurring revenue.",An independent benchmark of its extraction accuracy is in progress but not yet finished.,63.7,134.2,56.3,101.1,68.186,141.225,61.035,107.938,14,14,14,14,TRUE,TRUE,TRUE,TRUE,FALSE,FALSE,FALSE,FALSE,1,FALSE,1,37,Male,7,"ETF or ETC, Stock Market, Unit trusts, Angel syndicate, Crowdfunding",White,United Kingdom,United Kingdom,Full-Time,No,Not sure.,663,1536,695
1049,disclosure_explanation,8,16,lq_first,3,1,4,2,Curato,Axonmesh,Ironhall,Servora,6b81ec39,4fe27fae,87b7dfe9,e06655dc,AI Training Data,Robotics Orchestration,Edge-AI Hardware,AI Inference Infrastructure,4,2,3,1,1,4,3,2,1,2,4,3,5,5,5,5,15,25,30,30,1,1,1,1,0,0,-10,-5,16,28,6,3,5,5,5,5,1,1,Its founders built data infrastructure together at a leading AI-data company and left senior roles to work on Curato full-time.,Its deployment to date is one pilot fleet running daily at a single design partner's warehouse.,Its module has passed independent industrial certification and already runs on live production lines.,Its patent filing is a provisional application that is still pending.,198.1,173.3,129.1,231.5,243.739,373.138,266.88,231.65,14,14,14,14,TRUE,TRUE,TRUE,TRUE,FALSE,FALSE,FALSE,FALSE,1,FALSE,1,31,Female,0,"Stock Market, Private Equity fund",White,United Kingdom,United Kingdom,Full-Time,No,Unsure,1566,1470,700
1051,disclosure,2,16,lq_first,3,1,4,2,Curato,Axonmesh,Ironhall,Servora,6b81ec39,4fe27fae,87b7dfe9,e06655dc,AI Training Data,Robotics Orchestration,Edge-AI Hardware,AI Inference Infrastructure,3,1,4,2,1,4,2,3,4,3,2,1,5,5,3,6,25,20,25,30,0,0,0,1,0.5,-1.5,-5,0,40,83,9,64,5,5,3,6,1,1,"Its founders are building Curato part-time alongside their current jobs, with the advisory board still forming.","Live fleets already coordinate robots in production at customer sites, billing recurring revenue.","Its industrial certification is still in testing, and its first module is installing on a pilot line this quarter.",Its patent filing is a provisional application that is still pending.,72,105.4,59.8,105.5,71.97,105.236,59.751,105.618,14,14,14,13,TRUE,TRUE,TRUE,TRUE,FALSE,FALSE,FALSE,FALSE,1,FALSE,1,33,Female,2,Crowdfunding,White,United Kingdom,United Kingdom,Full-Time,No,to see if the slide design altered our perceptions,638,1920,945
1052,disclosure,4,3,hq_first,1,3,2,4,Ironhall,Pulsegrid,Foliant,Paperloom,b5fef669,2055e10c,fa1fe22c,e20d4e90,Edge-AI Hardware,AI Observability,Enterprise Knowledge Retrieval,Document Automation,1,3,2,4,1,2,4,3,1,2,4,3,7,4,2,4,80,10,0,10,1,1,1,1,2.5,0.5,40,30,100,88,24,27,7,4,2,4,1,1,Its module has passed independent industrial certification and already runs on live production lines.,"It is pre-revenue, with an open-beta cohort scheduled to start next month.",A bank customer has rolled Foliant out organization-wide after a successful pilot.,An independent benchmark of its extraction accuracy is in progress but not yet finished.,107.4,139,125,119.6,107.41,138.75,124.973,119.782,14,14,14,14,TRUE,TRUE,TRUE,TRUE,FALSE,FALSE,FALSE,FALSE,1,FALSE,1,48,Male,20,"ETF or ETC, Government Bonds, Stock Market, Options, Crowdfunding",White,United States,United States,Full-Time,Yes,The study was about evaluating the pitchdeck of 4 different companies in the AI-space and deciding how I would allocate funding between the four options.,825,1651,1024
1053,disclosure,6,9,lq_first,3,1,4,2,Ironhall,Servora,Foliant,Curato,b5fef669,e55a120c,fa1fe22c,14efa601,Edge-AI Hardware,AI Inference Infrastructure,Enterprise Knowledge Retrieval,AI Training Data,3,2,4,1,3,4,2,1,4,1,2,3,6,4,5,3,45,25,18,12,1,1,0,1,1,2,20,13,97,95,91,91,6,4,5,3,1,1,Its module has passed independent industrial certification and already runs on live production lines.,Its patent filing is a provisional application that is still pending.,Its most advanced customer engagement is a pilot in two practice groups at a law firm.,"Its founders are building Curato part-time alongside their current jobs, with the advisory board still forming.",53.2,57.9,9.1,84,108.214,113.546,12.173,182.078,14,14,1,14,TRUE,TRUE,TRUE,TRUE,FALSE,FALSE,FALSE,FALSE,2,FALSE,2,50,Male,7,"Stock Market, Unit trusts, Private Equity fund, Government Bonds",White,United Kingdom,Bulgaria,Full-Time,No,I think this study was quietly testing whether I’d let slick visual designs trick me into picking a weaker startup over one with a truly solid business model.,1721,1536,738
1055,disclosure_explanation,8,7,hq_first,1,3,2,4,Sentyl,Servora,Axonmesh,Curato,bcd14e91,e55a120c,e6065b1a,14efa601,AI Security,AI Inference Infrastructure,Robotics Orchestration,AI Training Data,2,3,1,4,3,1,2,4,1,4,2,3,5,4,5,3,25,5,65,5,1,1,1,1,0.5,1.5,-20,40,45,42,73,28,5,4,5,3,1,1,"It has completed a SOC 2 Type II audit, with the report available in its data room.",Its patent filing is a provisional application that is still pending.,"Live fleets already coordinate robots in production at customer sites, billing recurring revenue.","Its founders are building Curato part-time alongside their current jobs, with the advisory board still forming.",240.5,251.3,287.4,180,240.414,255.161,287.258,180.113,14,14,14,14,TRUE,TRUE,TRUE,TRUE,FALSE,FALSE,FALSE,FALSE,1,FALSE,1,40,Female,6,"Stock Market, Crowdfunding, Private Equity fund",White,United Kingdom,United Kingdom,Part-Time,No,Whether we understood the pitchdecks and whether we would let the designs influence our decisions,1490,1920,953
1056,disclosure,3,11,lq_first,3,1,4,2,Pulsegrid,Ironhall,Paperloom,Foliant,dff2e369,3e0eedc2,081e5fb5,3eed90b1,AI Observability,Edge-AI Hardware,Document Automation,Enterprise Knowledge Retrieval,3,2,4,1,4,2,1,3,1,4,2,3,5,3,6,4,35,0,65,0,1,1,1,1,-1,2,-15,50,68,95,17,4,5,3,6,4,1,1,"Paying customers run it on production models, and it generates annual recurring revenue.","Its industrial certification is still in testing, and its first module is installing on a pilot line this quarter.",An independent certification firm has completed an audit of its extraction accuracy and verified a benchmark lead.,Its most advanced customer engagement is a pilot in two practice groups at a law firm.,213.8,221,208.9,222.7,213.535,220.788,208.836,222.701,14,14,14,14,TRUE,TRUE,TRUE,TRUE,FALSE,FALSE,FALSE,FALSE,1,FALSE,1,38,Male,0,"Crowdfunding, Stock Market, ETF or ETC",Other,United States,United States,Full-Time,Maybe a little,I think this study is about peoples understanding and perceptions of AI. Considering there was no screening of understanding on the field of AI some of the information could be above an average persons understanding. All examples were things that I've seen already starting to exist due to the concerns related to ai.,1548,1680,809
1057,control,1,2,hq_first,1,3,2,4,Curato,Foliant,Ironhall,Pulsegrid,6b81ec39,08321160,87b7dfe9,e7f29679,AI Training Data,Enterprise Knowledge Retrieval,Edge-AI Hardware,AI Observability,2,4,1,3,2,1,3,4,1,4,3,2,6,3,6,3,30,15,40,15,1,1,1,1,0,3,-5,20,84,84,27,56,6,3,6,3,2,6,Its founders built data infrastructure together at a leading AI-data company and left senior roles to work on Curato full-time.,Its most advanced customer engagement is a pilot in two practice groups at a law firm.,Its module has passed independent industrial certification and already runs on live production lines.,"It is pre-revenue, with an open-beta cohort scheduled to start next month.",589.5,237.9,617.9,449.7,596.755,237.879,617.887,461.375,14,14,14,14,TRUE,TRUE,TRUE,TRUE,FALSE,FALSE,FALSE,FALSE,1,FALSE,1,40,Female,0,"Stock Market, Crowdfunding, Options",White,United States,United States,Full-Time,No,I think this study was about making judgements on companies.,2542,1366,599
1058,disclosure_explanation,8,1,hq_first,1,3,2,4,Servora,Ironhall,Curato,Foliant,737deb7d,3e0eedc2,cbc833b1,3eed90b1,AI Inference Infrastructure,Edge-AI Hardware,AI Training Data,Enterprise Knowledge Retrieval,1,3,2,4,3,2,4,1,1,3,4,2,6,2,5,3,40,15,10,35,1,1,1,1,0,3,5,0,61,39,61,70,6,2,5,3,2,1,"Its core patent has been granted, with further claims in prosecution.","Its industrial certification is still in testing, and its first module is installing on a pilot line this quarter.",Its founders built data infrastructure together at a leading AI-data company and left senior roles to work on Curato full-time.,Its most advanced customer engagement is a pilot in two practice groups at a law firm.,233.6,42.8,131.2,143.7,233.75,42.855,131.314,143.595,14,14,14,14,TRUE,TRUE,TRUE,TRUE,FALSE,FALSE,FALSE,FALSE,2,FALSE,1,26,Male,2,"ETF or ETC, Government Bonds, Stock Market, Private Equity fund",White,United Kingdom,United Kingdom,Full-Time,Maybe a little,"I think the study was testing weather people are able to tell the difference between a startup that has a solid structure, compared to one that has a decent looking pitch deck.",1690,1536,695
1059,disclosure,2,12,lq_first,3,1,4,2,Paperloom,Foliant,Sentyl,Pulsegrid,340b9ba1,08321160,0566fd88,e7f29679,Document Automation,Enterprise Knowledge Retrieval,AI Security,AI Observability,4,2,3,1,2,3,4,1,1,4,3,2,7,3,2,2,75,15,5,5,1,0,0,0,3,2,40,30,98,34,22,17,7,3,2,2,6,6,An independent certification firm has completed an audit of its extraction accuracy and verified a benchmark lead.,A bank customer has rolled Foliant out organization-wide after a successful pilot.,Its SOC 2 Type II audit is scheduled but has not yet taken place.,Its revenue comes chiefly from paid consulting and integration projects.,121.5,306.1,732.7,275.9,121.607,305.912,732.754,275.78,14,14,14,14,TRUE,TRUE,TRUE,TRUE,FALSE,FALSE,FALSE,FALSE,2,FALSE,1,49,Male,16,"Private Equity fund, Crowdfunding",White,United States,United States,"Not in paid work (e.g. homemaker', 'retired or disabled)",No,Choosing a company to provide information to AI systems and their different levels of verfications and sourcing,2000,1920,1153
1060,disclosure_explanation,7,8,hq_first,1,3,2,4,Axonmesh,Curato,Servora,Ironhall,f36cc003,37c0ca72,574d1367,817f1201,Robotics Orchestration,AI Training Data,AI Inference Infrastructure,Edge-AI Hardware,1,4,2,3,1,2,3,4,1,4,3,2,7,6,5,5,70,10,5,15,1,0,1,1,1.5,0.5,30,25,93,75,30,62,7,6,5,5,5,5,"Live fleets already coordinate robots in production at customer sites, billing recurring revenue.","An outside CEO was hired to lead the company, with the founders in technical roles.","Its core patent has been granted, with further claims in prosecution.","Its industrial certification is still in testing, and its first module is installing on a pilot line this quarter.",221.9,62.7,86.7,59.9,221.951,62.777,86.602,60.002,14,14,14,14,TRUE,TRUE,TRUE,TRUE,FALSE,FALSE,FALSE,FALSE,1,FALSE,1,29,Male,0,"ETF or ETC, Stock Market, Options, Crowdfunding",White,United States,United States,Full-Time,Maybe a little,Does slide deck design influence investor understanding,715,1680,863
1061,disclosure,6,15,lq_first,3,1,4,2,Servora,Sentyl,Curato,Axonmesh,737deb7d,90a19744,cbc833b1,c7e2221f,AI Inference Infrastructure,AI Security,AI Training Data,Robotics Orchestration,3,1,4,2,4,3,2,1,1,4,2,3,5,3,5,5,20,0,60,20,1,1,1,1,-1,1,-30,30,72,67,24,43,5,3,5,5,5,2,"Its core patent has been granted, with further claims in prosecution.",Its SOC 2 Type II audit is scheduled but has not yet taken place.,Its founders built data infrastructure together at a leading AI-data company and left senior roles to work on Curato full-time.,Its deployment to date is one pilot fleet running daily at a single design partner's warehouse.,111.2,198.8,73.1,126.9,111.322,281.915,73.057,126.861,14,14,14,14,TRUE,TRUE,TRUE,TRUE,FALSE,FALSE,FALSE,FALSE,1,FALSE,1,39,Female,1,"ETF or ETC, Government Bonds, Stock Market, Private Equity fund, Crowdfunding, Venture Capital fund",Asian,United Kingdom,Hong Kong,Full-Time,Maybe a little,How people evaluate startup pitch decks,1002,1440,731
1062,disclosure,5,13,lq_first,3,1,4,2,Sentyl,Pulsegrid,Axonmesh,Paperloom,bcd14e91,2055e10c,e6065b1a,e20d4e90,AI Security,AI Observability,Robotics Orchestration,Document Automation,4,1,3,2,4,1,2,3,4,1,2,3,5,4,4,5,30,0,0,70,1,0,1,0,0,0,-20,-20,78,34,21,32,5,4,4,5,1,1,"It has completed a SOC 2 Type II audit, with the report available in its data room.",Its revenue comes chiefly from paid consulting and integration projects.,"Live fleets already coordinate robots in production at customer sites, billing recurring revenue.","It does not permit external accuracy audits, citing customer confidentiality.",101.5,75.4,77.4,174.9,101.308,75.468,77.389,174.881,14,14,14,14,TRUE,TRUE,TRUE,TRUE,FALSE,FALSE,FALSE,FALSE,2,FALSE,1,39,Female,6,"ETF or ETC, Government Bonds, Stock Market, Private Equity fund, Angel syndicate, Crowdfunding",White,United States,United States,Full-Time,No,Where peoploe place value on ai provided services.,835,1440,900
1063,disclosure,3,10,lq_first,3,1,4,2,Foliant,Curato,Pulsegrid,Ironhall,46c0bf32,37c0ca72,f5bfffe5,817f1201,Enterprise Knowledge Retrieval,AI Training Data,AI Observability,Edge-AI Hardware,4,1,3,2,2,4,3,1,4,2,1,3,6,3,6,5,30,0,30,40,1,1,1,1,-1,2,-20,10,72,32,55,46,6,3,6,5,3,5,A bank customer has rolled Foliant out organization-wide after a successful pilot.,"Its founders are building Curato part-time alongside their current jobs, with the advisory board still forming.","Paying customers run it on production models, and it generates annual recurring revenue.","Its industrial certification is still in testing, and its first module is installing on a pilot line this quarter.",190.9,194.1,215.9,196.6,190.656,194.157,215.991,196.56,14,14,14,14,TRUE,TRUE,TRUE,TRUE,FALSE,FALSE,FALSE,FALSE,1,FALSE,1,25,Male,1,"ETF or ETC, Government Bonds, Stock Market, Crowdfunding, Other",White,United Kingdom,United Kingdom,Full-Time,No,Understanding pitch decks and observing most viable/profitable use cases for AI products,1174,1504,769
1064,disclosure,4,6,hq_first,1,3,2,4,Paperloom,Axonmesh,Sentyl,Servora,340b9ba1,4fe27fae,0566fd88,e06655dc,Document Automation,Robotics Orchestration,AI Security,AI Inference Infrastructure,2,3,1,4,1,4,2,3,1,4,2,3,6,2,4,3,60,5,30,5,1,1,1,1,0.5,2.5,15,40,84,33,63,39,6,2,4,3,4,4,An independent certification firm has completed an audit of its extraction accuracy and verified a benchmark lead.,Its deployment to date is one pilot fleet running daily at a single design partner's warehouse.,"It has completed a SOC 2 Type II audit, with the report available in its data room.",Its patent filing is a provisional application that is still pending.,277.1,214.1,225,206.3,277.263,214.122,225.094,206.48,14,14,14,14,TRUE,TRUE,TRUE,TRUE,FALSE,FALSE,FALSE,FALSE,1,FALSE,1,28,Female,0,"Government Bonds, Stock Market, Private Equity fund",White,United States,United States,Full-Time,No,"I think this study was about looking at each slide deck to determine how the information presented its points across clearly, and which of the potential ventures you would want to invest into more because of that.",1337,1470,831
1067,disclosure,6,7,hq_first,1,3,2,4,Sentyl,Servora,Axonmesh,Curato,bcd14e91,e55a120c,e6065b1a,14efa601,AI Security,AI Inference Infrastructure,Robotics Orchestration,AI Training Data,2,4,1,3,4,3,1,2,2,1,3,4,7,6,6,5,15,25,35,25,1,0,1,0,1,1,-10,0,100,86,89,75,7,6,6,5,7,7,"It has completed a SOC 2 Type II audit, with the report available in its data room.","Its core patent has been granted, with further claims in prosecution.","Live fleets already coordinate robots in production at customer sites, billing recurring revenue.",Its founders built data infrastructure together at a leading AI-data company and left senior roles to work on Curato full-time.,35.4,24.2,30.4,16.6,35.265,24.107,30.344,16.474,14,14,14,14,TRUE,TRUE,TRUE,TRUE,FALSE,FALSE,FALSE,FALSE,1,FALSE,1,45,Female,13,"ETF or ETC, Government Bonds, Stock Market, Unit trusts, Angel syndicate, Private Equity fund, Options, Venture Capital fund, Crowdfunding",Black,United States,United States,Full-Time,No,I think the study was about evaluating different startup ventures based on the information they presented and deciding which ones seemed like the best investment opportunities.,833,1358,636
1068,control,1,11,lq_first,3,1,4,2,Pulsegrid,Ironhall,Paperloom,Foliant,dff2e369,3e0eedc2,081e5fb5,3eed90b1,AI Observability,Edge-AI Hardware,Document Automation,Enterprise Knowledge Retrieval,3,2,4,1,3,2,1,4,2,3,4,1,4,4,4,3,50,0,50,0,1,0,1,1,0.5,0.5,0,50,26,16,19,12,4,4,4,3,3,3,"Paying customers run it on production models, and it generates annual recurring revenue.",Its module has passed independent industrial certification and already runs on live production lines.,An independent certification firm has completed an audit of its extraction accuracy and verified a benchmark lead.,Its most advanced customer engagement is a pilot in two practice groups at a law firm.,128.8,170.2,88.8,138.5,128.85,170.201,89.016,138.367,14,14,14,14,TRUE,TRUE,TRUE,TRUE,FALSE,FALSE,FALSE,FALSE,1,FALSE,1,53,Female,0,"Stock Market, Private Equity fund",White,United States,United States,"Not in paid work (e.g. homemaker', 'retired or disabled)",No,how people evaluate companies to invest in,854,1414,726
1070,disclosure_explanation,7,3,hq_first,1,3,2,4,Ironhall,Pulsegrid,Foliant,Paperloom,b5fef669,2055e10c,fa1fe22c,e20d4e90,Edge-AI Hardware,AI Observability,Enterprise Knowledge Retrieval,Document Automation,2,3,1,4,3,1,4,2,4,3,1,2,6,3,2,2,75,15,5,5,1,1,1,1,2.5,1.5,40,30,100,86,40,22,6,3,2,2,2,2,Its module has passed independent industrial certification and already runs on live production lines.,"It is pre-revenue, with an open-beta cohort scheduled to start next month.",A bank customer has rolled Foliant out organization-wide after a successful pilot.,An independent benchmark of its extraction accuracy is in progress but not yet finished.,109.4,121,145.3,97.2,109.423,121.048,145.069,97.109,14,14,14,14,TRUE,TRUE,TRUE,TRUE,FALSE,FALSE,FALSE,FALSE,1,FALSE,1,30,Male,8,"ETF or ETC, Stock Market, Private Equity fund",White,United States,United States,Full-Time,No,Probably about evaluating information retention across different formats of pitch decks,746,1470,802
1071,disclosure,3,5,hq_first,1,3,2,4,Pulsegrid,Sentyl,Paperloom,Axonmesh,dff2e369,90a19744,081e5fb5,c7e2221f,AI Observability,AI Security,Document Automation,Robotics Orchestration,1,4,2,3,2,3,4,1,1,3,4,2,4,5,4,5,10,20,40,30,0,0,0,0,0,-1,-20,0,85,66,81,74,4,5,4,5,4,4,Its revenue comes chiefly from paid consulting and integration projects.,"It has completed a SOC 2 Type II audit, with the report available in its data room.",Its accuracy has been validated only in a peer-reviewed academic study.,Its deployments are paused while its scheduler undergoes a safety recall.,615.6,7.1,653.1,8.5,617.872,6.854,1389.226,11.904,14,14,7,14,TRUE,TRUE,TRUE,TRUE,FALSE,FALSE,FALSE,FALSE,1,FALSE,1,28,Female,3,"Stock Market, Private Equity fund, Crowdfunding, Government Bonds, Angel syndicate",White,United Kingdom,United Kingdom,Full-Time,No,Ability to read a lot of information and decipher the important bits.,2818,1680,903
1072,disclosure,2,10,lq_first,3,1,4,2,Foliant,Curato,Pulsegrid,Ironhall,46c0bf32,37c0ca72,f5bfffe5,817f1201,Enterprise Knowledge Retrieval,AI Training Data,AI Observability,Edge-AI Hardware,4,2,3,1,4,2,3,1,3,2,1,4,6,4,5,3,40,25,30,5,0,0,1,1,1,2,15,20,82,58,29,35,6,4,5,3,1,1,A national government agency is its anchor customer.,Its founders built data infrastructure together at a leading AI-data company and left senior roles to work on Curato full-time.,"Paying customers run it on production models, and it generates annual recurring revenue.","Its industrial certification is still in testing, and its first module is installing on a pilot line this quarter.",57.4,7.6,69.5,63.3,57.604,7.603,69.439,63.425,14,1,14,14,TRUE,TRUE,TRUE,TRUE,FALSE,FALSE,FALSE,FALSE,1,FALSE,1,22,Male,0,"ETF or ETC, Government Bonds, Stock Market, Options, Crowdfunding",White,United States,United States,Part-Time,No,gauging what consumers thought AI's future growth paths were in business,730,2048,1064
1073,control,1,12,lq_first,3,1,4,2,Paperloom,Foliant,Sentyl,Pulsegrid,340b9ba1,08321160,0566fd88,e7f29679,Document Automation,Enterprise Knowledge Retrieval,AI Security,AI Observability,3,2,4,1,4,1,3,2,1,3,4,2,6,6,5,4,70,0,30,0,1,1,1,1,1.5,0.5,20,50,73,61,34,8,6,6,5,4,4,1,An independent certification firm has completed an audit of its extraction accuracy and verified a benchmark lead.,Its most advanced customer engagement is a pilot in two practice groups at a law firm.,"It has completed a SOC 2 Type II audit, with the report available in its data room.","It is pre-revenue, with an open-beta cohort scheduled to start next month.",211.8,212.8,183.2,195.9,211.571,212.841,183.077,195.892,14,14,14,14,TRUE,TRUE,TRUE,TRUE,FALSE,FALSE,FALSE,FALSE,1,FALSE,1,46,Female,3,"Stock Market, Private Equity fund, Other",White,United Kingdom,United States,Full-Time,Maybe a little,"To see how we interpret sales information, like dragons den. To see if a lay person can interpret terms we don't understand?",1188,1912,956
1074,disclosure_explanation,7,4,hq_first,1,3,2,4,Foliant,Paperloom,Pulsegrid,Sentyl,46c0bf32,84f4d358,f5bfffe5,bfc6f4d0,Enterprise Knowledge Retrieval,Document Automation,AI Observability,AI Security,1,4,2,3,4,1,2,3,4,1,3,2,7,5,5,4,70,5,5,20,1,1,1,0,1.5,1.5,25,25,100,72,20,2,7,5,5,4,4,7,A bank customer has rolled Foliant out organization-wide after a successful pilot.,An independent benchmark of its extraction accuracy is in progress but not yet finished.,"Paying customers run it on production models, and it generates annual recurring revenue.","It has completed a SOC 2 Type II audit, with the report available in its data room.",238.7,208.3,193.8,154.4,238.671,208.46,193.816,154.273,14,14,14,14,TRUE,TRUE,TRUE,TRUE,FALSE,FALSE,FALSE,FALSE,1,FALSE,1,39,Male,1,"ETF or ETC, Stock Market, Venture Capital fund, Crowdfunding",White,Canada,United Kingdom,Part-Time,No,Visual design choices impacting the appeal of business pitches regardless of actual business viability,1364,2560,1271
1076,disclosure,4,6,hq_first,1,3,2,4,Paperloom,Axonmesh,Sentyl,Servora,340b9ba1,4fe27fae,0566fd88,e06655dc,Document Automation,Robotics Orchestration,AI Security,AI Inference Infrastructure,1,3,2,4,4,3,1,2,3,2,1,4,7,5,6,6,50,0,25,25,1,1,1,1,0,1,0,25,100,92,100,98,7,5,6,6,1,1,An independent certification firm has completed an audit of its extraction accuracy and verified a benchmark lead.,Its deployment to date is one pilot fleet running daily at a single design partner's warehouse.,"It has completed a SOC 2 Type II audit, with the report available in its data room.",Its patent filing is a provisional application that is still pending.,804.5,183,322.6,197.1,804.39,183.142,322.5,197.184,14,14,14,14,TRUE,TRUE,TRUE,TRUE,FALSE,FALSE,FALSE,FALSE,1,FALSE,1,45,Male,6,"Government Bonds, Stock Market, Other, Private Equity fund",White,United States,United States,Full-Time,No,I really don't know other than willingness to invest in startups,2285,1366,649
1078,disclosure,5,15,lq_first,3,1,4,2,Servora,Sentyl,Curato,Axonmesh,737deb7d,90a19744,cbc833b1,c7e2221f,AI Inference Infrastructure,AI Security,AI Training Data,Robotics Orchestration,3,2,4,1,3,1,2,4,2,3,1,4,7,5,4,3,35,22,27,16,0,0,1,0,2.5,1.5,7,12,87,76,61,55,7,5,4,3,6,2,Its patent filing is a provisional application that is still pending.,Its compliance certifications are inherited from its cloud hosting provider.,Its founders built data infrastructure together at a leading AI-data company and left senior roles to work on Curato full-time.,Its coordination software has so far run only in simulation.,257,294,191.8,257.3,257.095,293.942,191.785,257.159,14,14,14,14,TRUE,TRUE,TRUE,TRUE,FALSE,FALSE,FALSE,FALSE,1,FALSE,1,60,Male,18,"Government Bonds, Stock Market, Unit trusts, Options, Venture Capital fund, Crowdfunding",Black,United States,United States,Part-Time,Maybe a little,I think the study was about deciding on which venture to first invest in and how much should be invested based on its potential.,2372,1366,599
1079,disclosure_explanation,8,9,lq_first,3,1,4,2,Ironhall,Servora,Foliant,Curato,b5fef669,e55a120c,fa1fe22c,14efa601,Edge-AI Hardware,AI Inference Infrastructure,Enterprise Knowledge Retrieval,AI Training Data,3,2,4,1,3,1,4,2,3,4,1,2,4,3,5,5,30,10,40,20,1,1,1,1,-1.5,0.5,-10,20,34,64,69,74,4,3,5,5,1,4,Its module has passed independent industrial certification and already runs on live production lines.,Its patent filing is a provisional application that is still pending.,A bank customer has rolled Foliant out organization-wide after a successful pilot.,"Its founders are building Curato part-time alongside their current jobs, with the advisory board still forming.",84.9,50.6,51,81.6,144.492,98.236,114.461,146.139,14,14,14,14,TRUE,TRUE,TRUE,TRUE,FALSE,FALSE,FALSE,FALSE,1,FALSE,1,29,Female,0,"ETF or ETC, Private Equity fund",White,Germany,Portugal,Full-Time,No,How people invest their capital depending on the venture data that it is provided,1528,2048,998
1081,disclosure,6,1,hq_first,1,3,2,4,Servora,Ironhall,Curato,Foliant,737deb7d,3e0eedc2,cbc833b1,3eed90b1,AI Inference Infrastructure,Edge-AI Hardware,AI Training Data,Enterprise Knowledge Retrieval,1,4,2,3,3,2,4,1,1,2,3,4,6,2,6,4,60,0,40,0,1,1,1,1,-1,3,10,50,100,22,80,41,6,2,6,4,4,2,"Its core patent has been granted, with further claims in prosecution.","Its industrial certification is still in testing, and its first module is installing on a pilot line this quarter.",Its founders built data infrastructure together at a leading AI-data company and left senior roles to work on Curato full-time.,Its most advanced customer engagement is a pilot in two practice groups at a law firm.,517,242.1,406.4,228.1,517.109,241.984,406.455,228.021,14,14,14,14,TRUE,TRUE,TRUE,TRUE,FALSE,FALSE,FALSE,FALSE,1,FALSE,1,35,Male,1,"Stock Market, Crowdfunding",Asian,United Kingdom,Bangladesh,Full-Time,No,"This study evaluates four pitch decks based on the slides presented and allocates 100 units of investment capital among them, based on my understanding.",2077,1358,610
1082,disclosure,2,10,lq_first,3,1,4,2,Foliant,Curato,Pulsegrid,Ironhall,46c0bf32,37c0ca72,f5bfffe5,817f1201,Enterprise Knowledge Retrieval,AI Training Data,AI Observability,Edge-AI Hardware,3,2,4,1,4,1,3,2,4,3,1,2,4,5,2,5,40,40,10,10,0,0,0,1,1,-2,30,0,60,74,10,71,4,5,2,5,5,3,Its deployments run exclusively inside the founders' former employer.,Its founders are academics who license the labelling technology from their university lab.,Its revenue comes chiefly from paid consulting and integration projects.,"Its industrial certification is still in testing, and its first module is installing on a pilot line this quarter.",154.1,131.1,114.8,150.7,153.91,130.948,114.628,150.581,14,14,14,14,TRUE,TRUE,TRUE,TRUE,FALSE,FALSE,FALSE,FALSE,1,FALSE,1,44,Female,0,Crowdfunding,White,France,France,Full-Time,Maybe a little,AI curatorial services and workflow optimization,1047,1440,749
1083,control,1,9,lq_first,3,1,4,2,Ironhall,Servora,Foliant,Curato,b5fef669,e55a120c,fa1fe22c,14efa601,Edge-AI Hardware,AI Inference Infrastructure,Enterprise Knowledge Retrieval,AI Training Data,3,2,4,1,3,1,4,2,3,1,4,2,5,5,5,5,25,40,15,20,1,0,0,0,0,0,15,-10,79,37,72,71,5,5,5,5,5,6,Its module has passed independent industrial certification and already runs on live production lines.,Its technology is patented by a university and licensed to the company exclusively.,Its most advanced customer engagement is a pilot in two practice groups at a law firm.,Its founders built data infrastructure together at a leading AI-data company and left senior roles to work on Curato full-time.,77.5,79.2,49.3,65.5,76.967,79.257,49.263,65.698,14,14,14,14,TRUE,TRUE,TRUE,TRUE,FALSE,FALSE,FALSE,FALSE,1,FALSE,1,43,Female,5,"Government Bonds, Private Equity fund",Black,United States,United States,NA,No,"How to essentially evaluate startup pitch decks, this is very important to really understand the insight.",1008,1366,641
1084,disclosure_explanation,7,7,hq_first,1,3,2,4,Sentyl,Servora,Axonmesh,Curato,bcd14e91,e55a120c,e6065b1a,14efa601,AI Security,AI Inference Infrastructure,Robotics Orchestration,AI Training Data,1,3,2,4,2,4,1,3,4,3,2,1,3,5,4,5,5,40,25,30,0,0,1,0,-0.5,-1.5,-5,-20,25,83,59,69,3,5,4,5,1,1,Its compliance certifications are inherited from its cloud hosting provider.,It relies on trade secrecy and has not sought patent protection.,"Live fleets already coordinate robots in production at customer sites, billing recurring revenue.",Its founders are academics who license the labelling technology from their university lab.,124.4,76.8,85.3,59.3,124.361,76.8,85.485,59.424,14,14,14,14,TRUE,TRUE,TRUE,TRUE,FALSE,FALSE,FALSE,FALSE,1,FALSE,1,61,Male,0,"Crowdfunding, Stock Market, Government Bonds",White,United States,United States,"Not in paid work (e.g. homemaker', 'retired or disabled)",No,How can the look and feel of a presentation draw the audience in vs. serve as a barrier to information they may not be familiar with.,889,1360,559
1085,disclosure,4,15,lq_first,3,1,4,2,Servora,Sentyl,Curato,Axonmesh,737deb7d,90a19744,cbc833b1,c7e2221f,AI Inference Infrastructure,AI Security,AI Training Data,Robotics Orchestration,3,1,4,2,2,3,1,4,1,4,2,3,6,5,5,5,25,30,30,15,1,1,1,0,0.5,0.5,5,5,73,62,21,38,6,5,5,5,2,4,"Its core patent has been granted, with further claims in prosecution.",Its SOC 2 Type II audit is scheduled but has not yet taken place.,Its founders built data infrastructure together at a leading AI-data company and left senior roles to work on Curato full-time.,"Live fleets already coordinate robots in production at customer sites, billing recurring revenue.",152.8,194.1,127.4,253.5,152.674,194.002,127.298,253.628,14,14,14,14,TRUE,TRUE,TRUE,TRUE,FALSE,FALSE,FALSE,FALSE,2,FALSE,1,46,Male,15,"ETF or ETC, Stock Market, Private Equity fund",Black,United Kingdom,Nigeria,Full-Time,Yes,investment preference in start up companies,1662,1199,820
1087,disclosure_explanation,8,2,hq_first,1,3,2,4,Curato,Foliant,Ironhall,Pulsegrid,6b81ec39,08321160,87b7dfe9,e7f29679,AI Training Data,Enterprise Knowledge Retrieval,Edge-AI Hardware,AI Observability,2,4,1,3,3,1,2,4,1,2,4,3,5,6,4,5,28,40,10,22,0,0,1,0,1,-1,18,-12,59,81,16,53,5,6,4,5,4,3,Its founders are academics who license the labelling technology from their university lab.,A bank customer has rolled Foliant out organization-wide after a successful pilot.,Its module has passed independent industrial certification and already runs on live production lines.,"Paying customers run it on production models, and it generates annual recurring revenue.",242.5,230.4,226.9,237.1,242.537,231.901,226.969,237.174,14,14,14,14,TRUE,TRUE,TRUE,TRUE,FALSE,FALSE,FALSE,FALSE,1,FALSE,1,63,Female,5,"ETF or ETC, Stock Market, Crowdfunding, Unit trusts",White,Brazil,Brazil,Full-Time,Maybe a little,"It was about reviewing four startup pitch decks and evaluating how much investment should be allocated for each one, not based on their design solely, but rather on their approach of solving problems efficiently and how likely it would be for me to hire their services for a business that I would be in, hypothetically.",1467,1536,703
1090,disclosure,5,1,hq_first,1,3,2,4,Servora,Ironhall,Curato,Foliant,737deb7d,3e0eedc2,cbc833b1,3eed90b1,AI Inference Infrastructure,Edge-AI Hardware,AI Training Data,Enterprise Knowledge Retrieval,1,3,2,4,3,4,2,1,4,2,1,3,7,5,6,4,70,20,8,2,1,1,1,1,1,2,40,28,95,98,91,100,7,5,6,4,5,5,"Its core patent has been granted, with further claims in prosecution.","Its industrial certification is still in testing, and its first module is installing on a pilot line this quarter.",Its founders built data infrastructure together at a leading AI-data company and left senior roles to work on Curato full-time.,Its most advanced customer engagement is a pilot in two practice groups at a law firm.,118.6,82,121.9,86.3,118.536,82.058,122.046,86.38,14,14,14,14,TRUE,TRUE,TRUE,TRUE,FALSE,FALSE,FALSE,FALSE,1,FALSE,1,23,Female,2,"Stock Market, Crowdfunding",Mixed,United Kingdom,United Kingdom,Part-Time,Maybe a little,how visual presentations can have an impact on evaluation of startups,1263,2556,1332
1093,disclosure,4,5,hq_first,1,3,2,4,Pulsegrid,Sentyl,Paperloom,Axonmesh,dff2e369,90a19744,081e5fb5,c7e2221f,AI Observability,AI Security,Document Automation,Robotics Orchestration,1,3,2,4,3,1,2,4,2,4,3,1,4,6,5,3,20,50,15,15,1,0,1,0,1,0,20,-15,39,80,59,37,4,6,5,3,3,2,"Paying customers run it on production models, and it generates annual recurring revenue.","It has completed a SOC 2 Type II audit, with the report available in its data room.",An independent certification firm has completed an audit of its extraction accuracy and verified a benchmark lead.,"Live fleets already coordinate robots in production at customer sites, billing recurring revenue.",82.5,35.7,32.6,32.6,82.392,35.732,32.743,32.655,14,14,14,14,TRUE,TRUE,TRUE,TRUE,FALSE,FALSE,FALSE,FALSE,1,FALSE,1,22,Male,2,"ETF or ETC, Stock Market, Crowdfunding, Options, Government Bonds",White,United States,United States,Full-Time,No,"This study was about evaluating and scoring startup pitch decks and learning about what they plan to do , the data they have to back it up and how customers will use their service.",618,1500,865
1094,disclosure,2,16,lq_first,3,1,4,2,Curato,Axonmesh,Ironhall,Servora,6b81ec39,4fe27fae,87b7dfe9,e06655dc,AI Training Data,Robotics Orchestration,Edge-AI Hardware,AI Inference Infrastructure,4,1,3,2,4,1,3,2,4,2,3,1,5,5,2,2,75,0,0,25,1,1,1,1,3,0,25,25,42,32,17,4,5,5,2,2,1,1,Its founders built data infrastructure together at a leading AI-data company and left senior roles to work on Curato full-time.,Its deployment to date is one pilot fleet running daily at a single design partner's warehouse.,Its module has passed independent industrial certification and already runs on live production lines.,Its patent filing is a provisional application that is still pending.,142.9,216.6,8.1,149.3,142.849,250.389,8.055,149.28,14,14,1,14,TRUE,TRUE,TRUE,TRUE,FALSE,FALSE,FALSE,FALSE,1,FALSE,1,55,Female,2,Crowdfunding,White,United States,United States,Part-Time,No,The effects of design on propsals,1520,1920,992
1096,disclosure,5,11,lq_first,3,1,4,2,Pulsegrid,Ironhall,Paperloom,Foliant,dff2e369,3e0eedc2,081e5fb5,3eed90b1,AI Observability,Edge-AI Hardware,Document Automation,Enterprise Knowledge Retrieval,4,2,3,1,1,4,3,2,4,1,3,2,6,3,7,3,25,20,40,15,1,1,1,1,-0.5,3.5,-5,15,77,78,80,23,6,3,7,3,1,1,"Paying customers run it on production models, and it generates annual recurring revenue.","Its industrial certification is still in testing, and its first module is installing on a pilot line this quarter.",An independent certification firm has completed an audit of its extraction accuracy and verified a benchmark lead.,Its most advanced customer engagement is a pilot in two practice groups at a law firm.,75.1,327.2,389.3,313.9,74.952,327.405,389.136,314.004,4,14,14,14,TRUE,TRUE,TRUE,TRUE,FALSE,FALSE,FALSE,FALSE,2,FALSE,1,43,Female,0,"Stock Market, ETF or ETC, Crowdfunding, Other, Government Bonds, Options",Black,United States,United States,Full-Time,No,The study was about following instructions regarding allocation,1803,1536,730
1097,disclosure,2,1,hq_first,1,3,2,4,Servora,Ironhall,Curato,Foliant,737deb7d,3e0eedc2,cbc833b1,3eed90b1,AI Inference Infrastructure,Edge-AI Hardware,AI Training Data,Enterprise Knowledge Retrieval,2,3,1,4,3,2,4,1,4,1,2,3,4,4,3,3,25,10,25,40,0,1,0,0,1,0,-15,0,44,60,23,29,4,4,3,3,4,5,Its patent filing is a provisional application that is still pending.,"Its industrial certification is still in testing, and its first module is installing on a pilot line this quarter.",Its founders are academics who license the labelling technology from their university lab.,A bank customer has rolled Foliant out organization-wide after a successful pilot.,49.6,41,40.9,27.4,49.668,44.855,40.882,27.398,14,14,14,14,TRUE,TRUE,TRUE,TRUE,FALSE,FALSE,FALSE,FALSE,2,FALSE,1,26,Male,1,"ETF or ETC, Stock Market, Private Equity fund",White,United States,United States,Unemployed (and job seeking),No,the quality of four different capital ventures.,450,1920,945
1098,disclosure,3,14,lq_first,3,1,4,2,Axonmesh,Paperloom,Servora,Sentyl,f36cc003,84f4d358,574d1367,bfc6f4d0,Robotics Orchestration,Document Automation,AI Inference Infrastructure,AI Security,4,1,3,2,2,1,3,4,4,2,3,1,4,5,4,5,50,30,15,5,0,0,1,1,0,-1,30,15,53,80,38,69,4,5,4,5,5,4,Its deployment to date is one pilot fleet running daily at a single design partner's warehouse.,Its accuracy has been validated only in a peer-reviewed academic study.,"Its core patent has been granted, with further claims in prosecution.",Its SOC 2 Type II audit is scheduled but has not yet taken place.,110.4,249,221.6,299.5,110.298,249.031,221.608,299.544,14,14,14,14,TRUE,TRUE,TRUE,TRUE,FALSE,FALSE,FALSE,FALSE,2,FALSE,1,44,Male,3,Crowdfunding,White,United States,United States,Full-Time,Maybe a little,How to form decks that are more attractive to the common eye.,1645,958,944
1099,disclosure,2,10,lq_first,3,1,4,2,Foliant,Curato,Pulsegrid,Ironhall,46c0bf32,37c0ca72,f5bfffe5,817f1201,Enterprise Knowledge Retrieval,AI Training Data,AI Observability,Edge-AI Hardware,3,1,4,2,2,1,3,4,3,2,4,1,6,6,6,5,30,15,35,20,1,1,1,1,0.5,0.5,-5,15,90,89,90,67,6,6,6,5,4,1,A bank customer has rolled Foliant out organization-wide after a successful pilot.,"Its founders are building Curato part-time alongside their current jobs, with the advisory board still forming.","Paying customers run it on production models, and it generates annual recurring revenue.","Its industrial certification is still in testing, and its first module is installing on a pilot line this quarter.",110.3,192.7,96.5,156,110.169,192.517,96.627,155.894,14,14,14,14,TRUE,TRUE,TRUE,TRUE,FALSE,FALSE,FALSE,FALSE,2,FALSE,1,46,Female,3,Crowdfunding,White,United States,United States,"Not in paid work (e.g. homemaker', 'retired or disabled)",Maybe a little,It was about how different information in startup pitch decks influences peple's investment decisions and how they choose to allocate their money.,1565,1536,798
1100,disclosure,6,12,lq_first,3,1,4,2,Paperloom,Foliant,Sentyl,Pulsegrid,340b9ba1,08321160,0566fd88,e7f29679,Document Automation,Enterprise Knowledge Retrieval,AI Security,AI Observability,4,1,3,2,1,3,2,4,1,2,3,4,6,2,7,5,25,5,50,20,1,1,1,1,-2,3,-20,25,65,89,65,69,6,2,7,5,1,1,An independent certification firm has completed an audit of its extraction accuracy and verified a benchmark lead.,Its most advanced customer engagement is a pilot in two practice groups at a law firm.,"It has completed a SOC 2 Type II audit, with the report available in its data room.","It is pre-revenue, with an open-beta cohort scheduled to start next month.",277.5,371.5,294.1,355.8,277.371,371.295,294.215,355.594,14,14,14,14,TRUE,TRUE,TRUE,TRUE,FALSE,FALSE,FALSE,FALSE,1,FALSE,1,74,Male,0,"ETF or ETC, Stock Market, Options, Crowdfunding",White,United States,United States,"Not in paid work (e.g. homemaker', 'retired or disabled)",No,Quality of AI generated proposal decks,1850,2552,1308
1101,disclosure,5,8,hq_first,1,3,2,4,Axonmesh,Curato,Servora,Ironhall,f36cc003,37c0ca72,574d1367,817f1201,Robotics Orchestration,AI Training Data,AI Inference Infrastructure,Edge-AI Hardware,1,4,2,3,3,2,4,1,4,3,1,2,6,3,6,4,60,0,40,0,1,1,1,1,-0.5,2.5,10,50,100,42,57,21,6,3,6,4,1,1,"Live fleets already coordinate robots in production at customer sites, billing recurring revenue.","Its founders are building Curato part-time alongside their current jobs, with the advisory board still forming.","Its core patent has been granted, with further claims in prosecution.","Its industrial certification is still in testing, and its first module is installing on a pilot line this quarter.",496.9,169,236.8,167.3,496.877,168.868,237.08,167.356,14,14,14,14,TRUE,TRUE,TRUE,TRUE,FALSE,FALSE,FALSE,FALSE,1,FALSE,1,48,Female,6,"Stock Market, Government Bonds, Private Equity fund, Crowdfunding",White,United States,United States,Full-Time,No,Perception of startup status/founders.,1674,1920,1079
1102,disclosure_explanation,7,4,hq_first,1,3,2,4,Foliant,Paperloom,Pulsegrid,Sentyl,46c0bf32,84f4d358,f5bfffe5,bfc6f4d0,Enterprise Knowledge Retrieval,Document Automation,AI Observability,AI Security,2,4,1,3,1,4,2,3,3,4,2,1,6,5,6,4,20,25,25,30,1,1,1,1,0.5,1.5,-5,-5,47,57,58,44,6,5,6,4,5,5,A bank customer has rolled Foliant out organization-wide after a successful pilot.,An independent benchmark of its extraction accuracy is in progress but not yet finished.,"Paying customers run it on production models, and it generates annual recurring revenue.",Its SOC 2 Type II audit is scheduled but has not yet taken place.,42.4,51,99.1,50.1,42.409,50.943,98.957,50.002,14,14,14,14,TRUE,TRUE,TRUE,TRUE,FALSE,FALSE,FALSE,FALSE,1,FALSE,1,31,Female,2,"ETF or ETC, Stock Market, Options, Venture Capital fund, Private Equity fund, Crowdfunding",White,United States,United States,Full-Time,No,How pitch information presented influences investment decisions.,1029,2560,1273
1106,control,1,6,hq_first,1,3,2,4,Paperloom,Axonmesh,Sentyl,Servora,340b9ba1,4fe27fae,0566fd88,e06655dc,Document Automation,Robotics Orchestration,AI Security,AI Inference Infrastructure,2,4,1,3,1,4,3,2,4,2,3,1,6,4,5,4,40,20,25,15,1,1,1,1,0.5,1.5,10,15,41,38,34,22,6,4,5,4,2,4,An independent certification firm has completed an audit of its extraction accuracy and verified a benchmark lead.,Its deployment to date is one pilot fleet running daily at a single design partner's warehouse.,"It has completed a SOC 2 Type II audit, with the report available in its data room.",Its patent filing is a provisional application that is still pending.,188.6,137.7,179.9,199.3,188.51,137.764,180.562,199.454,14,14,14,14,TRUE,TRUE,TRUE,TRUE,FALSE,FALSE,FALSE,FALSE,1,FALSE,1,27,Female,1,Private Equity fund,White,United States,United States,Other,Maybe a little,How certifications and patents affect people's perception of potential in a startup.,1329,1536,711
1107,disclosure_explanation,8,3,hq_first,1,3,2,4,Ironhall,Pulsegrid,Foliant,Paperloom,b5fef669,2055e10c,fa1fe22c,e20d4e90,Edge-AI Hardware,AI Observability,Enterprise Knowledge Retrieval,Document Automation,2,4,1,3,2,1,3,4,3,4,2,1,4,5,4,2,15,50,30,5,1,1,1,1,1.5,0.5,15,-5,90,86,51,33,4,5,4,2,1,1,Its module has passed independent industrial certification and already runs on live production lines.,"It is pre-revenue, with an open-beta cohort scheduled to start next month.",A bank customer has rolled Foliant out organization-wide after a successful pilot.,An independent benchmark of its extraction accuracy is in progress but not yet finished.,165.6,204.1,187.4,126.8,165.665,204.15,187.299,127.46,14,14,14,14,TRUE,TRUE,TRUE,TRUE,FALSE,FALSE,FALSE,FALSE,1,FALSE,1,36,Female,10,"Stock Market, Crowdfunding, Other",White,United States,United States,Other,Maybe a little,"I believe this study was about how people evaluate information like pitch decks when they are presented through different visual designs, some bland and difficult to read, while others are brightly colored and easier to follow, despite being told that the visual designs shouldn't play a role in their evaluations.",2250,1366,633
1108,disclosure,3,13,lq_first,3,1,4,2,Sentyl,Pulsegrid,Axonmesh,Paperloom,bcd14e91,2055e10c,e6065b1a,e20d4e90,AI Security,AI Observability,Robotics Orchestration,Document Automation,4,2,3,1,3,2,1,4,3,2,4,1,4,4,4,4,10,40,20,30,0,0,1,0,0,0,0,-20,74,76,74,78,4,4,4,4,4,4,Its compliance certifications are inherited from its cloud hosting provider.,"Paying customers run it on production models, and it generates annual recurring revenue.","Live fleets already coordinate robots in production at customer sites, billing recurring revenue.","It does not permit external accuracy audits, citing customer confidentiality.",44.2,83.7,44.6,78.1,44.16,83.694,44.574,77.719,14,14,14,14,TRUE,TRUE,TRUE,TRUE,FALSE,FALSE,FALSE,FALSE,1,FALSE,1,28,Female,2,"Government Bonds, Crowdfunding",Black,United Kingdom,Nigeria,Full-Time,No,The consumer's ability to decide based on vague information,603,1280,585
1111,disclosure_explanation,8,3,hq_first,1,3,2,4,Ironhall,Pulsegrid,Foliant,Paperloom,b5fef669,2055e10c,fa1fe22c,e20d4e90,Edge-AI Hardware,AI Observability,Enterprise Knowledge Retrieval,Document Automation,2,3,1,4,2,1,3,4,3,4,1,2,4,4,5,4,30,20,20,30,1,0,0,0,-0.5,0.5,0,0,63,74,38,65,4,4,5,4,4,5,Its module has passed independent industrial certification and already runs on live production lines.,Its revenue comes chiefly from paid consulting and integration projects.,Its deployments run exclusively inside the founders' former employer.,An independent certification firm has completed an audit of its extraction accuracy and verified a benchmark lead.,24.7,55.8,48.8,3.8,24.664,55.768,48.851,3.795,14,14,14,2,TRUE,TRUE,TRUE,TRUE,FALSE,FALSE,FALSE,FALSE,1,FALSE,1,42,Female,2,"Stock Market, Crowdfunding",Asian,United States,India,Full-Time,Maybe a little,This study was about Assigning points two ventures This ventures were designed by the design agency I had nothing to do with the founders and investors. This doesn't talk about any information about venture.,412,1368,801
1112,disclosure,2,16,lq_first,3,1,4,2,Curato,Axonmesh,Ironhall,Servora,6b81ec39,4fe27fae,87b7dfe9,e06655dc,AI Training Data,Robotics Orchestration,Edge-AI Hardware,AI Inference Infrastructure,3,2,4,1,3,2,1,4,2,4,3,1,7,4,5,4,5,20,70,5,1,0,1,1,1,2,-25,25,93,92,83,70,7,4,5,4,2,2,Its founders built data infrastructure together at a leading AI-data company and left senior roles to work on Curato full-time.,"Live fleets already coordinate robots in production at customer sites, billing recurring revenue.",Its module has passed independent industrial certification and already runs on live production lines.,Its patent filing is a provisional application that is still pending.,131.9,118.5,141.8,177.9,131.884,121.194,141.97,177.994,14,14,14,14,TRUE,TRUE,TRUE,TRUE,FALSE,FALSE,FALSE,FALSE,1,FALSE,1,24,Male,2,"ETF or ETC, Stock Market, Crowdfunding",White,United States,United States,NA,Maybe a little,Interpreting company value based on perceived market size and growth.,894,1878,931
1114,disclosure,5,10,lq_first,3,1,4,2,Foliant,Curato,Pulsegrid,Ironhall,46c0bf32,37c0ca72,f5bfffe5,817f1201,Enterprise Knowledge Retrieval,AI Training Data,AI Observability,Edge-AI Hardware,3,1,4,2,1,3,2,4,1,2,4,3,5,2,3,6,30,20,20,30,0,0,0,0,-1,0,0,0,67,5,39,88,5,2,3,6,1,5,Its most advanced customer engagement is a pilot in two practice groups at a law firm.,Its founders built data infrastructure together at a leading AI-data company and left senior roles to work on Curato full-time.,"It is pre-revenue, with an open-beta cohort scheduled to start next month.",Its module has passed independent industrial certification and already runs on live production lines.,46.1,35.5,13.2,50.2,46.013,35.525,13.053,50.206,14,14,14,14,TRUE,TRUE,TRUE,TRUE,FALSE,FALSE,FALSE,FALSE,2,FALSE,1,31,Male,0,"Stock Market, Options, Private Equity fund, Other",Other,United States,United States,Unemployed (and job seeking),Maybe a little,Different AI services,439,1280,551
1116,disclosure,5,2,hq_first,1,3,2,4,Curato,Foliant,Ironhall,Pulsegrid,6b81ec39,08321160,87b7dfe9,e7f29679,AI Training Data,Enterprise Knowledge Retrieval,Edge-AI Hardware,AI Observability,1,4,2,3,2,4,1,3,3,4,2,1,6,2,2,5,30,30,30,10,0,0,0,0,0.5,0.5,10,10,93,15,18,49,6,2,2,5,7,3,"Its founders are building Curato part-time alongside their current jobs, with the advisory board still forming.",A bank customer has rolled Foliant out organization-wide after a successful pilot.,It licenses its enclosure design to established equipment makers instead of manufacturing itself.,"Paying customers run it on production models, and it generates annual recurring revenue.",140.3,11.5,140.9,106,140.289,11.547,140.835,106.064,14,14,14,14,TRUE,TRUE,TRUE,TRUE,FALSE,FALSE,FALSE,FALSE,1,FALSE,1,47,Female,5,"Stock Market, Crowdfunding, ETF or ETC",Other,United States,United States,Full-Time,No,How persuasive are the pitch and presentations,923,1438,1002
1118,disclosure,3,8,hq_first,1,3,2,4,Axonmesh,Curato,Servora,Ironhall,f36cc003,37c0ca72,574d1367,817f1201,Robotics Orchestration,AI Training Data,AI Inference Infrastructure,Edge-AI Hardware,2,4,1,3,1,4,3,2,2,3,4,1,6,5,7,5,0,0,100,0,1,0,1,1,-0.5,1.5,-50,50,84,70,88,77,6,5,7,5,1,1,"Live fleets already coordinate robots in production at customer sites, billing recurring revenue.",Its founders built data infrastructure together at a leading AI-data company and left senior roles to work on Curato full-time.,"Its core patent has been granted, with further claims in prosecution.","Its industrial certification is still in testing, and its first module is installing on a pilot line this quarter.",924.1,293,672.5,307.9,927.317,292.894,672.426,307.724,14,8,14,14,TRUE,TRUE,TRUE,TRUE,FALSE,FALSE,FALSE,FALSE,1,FALSE,1,37,Female,4,"Government Bonds, Stock Market, Crowdfunding, ETF or ETC",Other,United States,United States,Full-Time,No,Investment decisions.,2995,1536,695
1119,control,1,1,hq_first,1,3,2,4,Servora,Ironhall,Curato,Foliant,737deb7d,3e0eedc2,cbc833b1,3eed90b1,AI Inference Infrastructure,Edge-AI Hardware,AI Training Data,Enterprise Knowledge Retrieval,1,4,2,3,4,1,3,2,3,4,1,2,4,6,5,5,25,35,15,25,1,1,1,1,0,-1,10,-10,94,80,15,4,4,6,5,5,2,2,"Its core patent has been granted, with further claims in prosecution.","Its industrial certification is still in testing, and its first module is installing on a pilot line this quarter.",Its founders built data infrastructure together at a leading AI-data company and left senior roles to work on Curato full-time.,Its most advanced customer engagement is a pilot in two practice groups at a law firm.,333.2,192.4,302.9,227.6,333.222,192.339,303.119,227.511,14,14,14,14,TRUE,TRUE,TRUE,TRUE,FALSE,FALSE,FALSE,FALSE,1,FALSE,1,25,Male,2,"ETF or ETC, Government Bonds, Stock Market, Options, Crowdfunding",White,United Kingdom,Australia,Full-Time,Maybe a little,The study was about choosing startup ideas surrounding AI that we could see potentially taking off.,1437,2560,1271
1122,disclosure_explanation,8,6,hq_first,1,3,2,4,Paperloom,Axonmesh,Sentyl,Servora,340b9ba1,4fe27fae,0566fd88,e06655dc,Document Automation,Robotics Orchestration,AI Security,AI Inference Infrastructure,2,4,1,3,3,4,2,1,2,4,1,3,6,4,6,5,40,10,40,10,1,1,1,1,-0.5,1.5,0,30,94,67,86,12,6,4,6,5,1,1,An independent certification firm has completed an audit of its extraction accuracy and verified a benchmark lead.,Its deployment to date is one pilot fleet running daily at a single design partner's warehouse.,"It has completed a SOC 2 Type II audit, with the report available in its data room.",Its patent filing is a provisional application that is still pending.,251,258.5,177.4,143.8,250.914,258.294,177.365,143.811,14,14,14,14,TRUE,TRUE,TRUE,TRUE,FALSE,FALSE,FALSE,FALSE,1,FALSE,1,47,Female,0,"Stock Market, Crowdfunding",White,United Kingdom,United Kingdom,Part-Time,No,"Despite repeatedly being told the design of the slides was irrelevant, it was so intensely irritating on some and easier to read on others that I still think it had something to do with the overall session.",1224,1393,705
1125,disclosure,4,13,lq_first,3,1,4,2,Sentyl,Pulsegrid,Axonmesh,Paperloom,bcd14e91,2055e10c,e6065b1a,e20d4e90,AI Security,AI Observability,Robotics Orchestration,Document Automation,4,2,3,1,3,1,2,4,3,4,2,1,5,6,7,5,20,0,70,10,0,1,1,1,-0.5,0.5,-30,40,100,89,30,14,5,6,7,5,5,6,Its SOC 2 Type II audit is scheduled but has not yet taken place.,"It is pre-revenue, with an open-beta cohort scheduled to start next month.","Live fleets already coordinate robots in production at customer sites, billing recurring revenue.",An independent benchmark of its extraction accuracy is in progress but not yet finished.,118.1,144.4,124.1,202,118.068,144.208,124.128,201.958,14,14,14,14,TRUE,TRUE,TRUE,TRUE,FALSE,FALSE,FALSE,FALSE,3,TRUE,1,29,Male,1,"ETF or ETC, Stock Market, Options, Crowdfunding",Asian,Canada,Canada,Full-Time,Maybe a little,When looking at business proposals if people actually read into the information or skim through the numbers.,1147,2293,878
1127,disclosure,2,4,hq_first,1,3,2,4,Foliant,Paperloom,Pulsegrid,Sentyl,46c0bf32,84f4d358,f5bfffe5,bfc6f4d0,Enterprise Knowledge Retrieval,Document Automation,AI Observability,AI Security,2,3,1,4,3,4,2,1,1,3,2,4,3,3,6,6,15,20,40,25,0,1,1,1,-3,0,-15,5,95,98,78,12,3,3,6,6,1,1,Its most advanced customer engagement is a pilot in two practice groups at a law firm.,An independent benchmark of its extraction accuracy is in progress but not yet finished.,"Paying customers run it on production models, and it generates annual recurring revenue.",Its SOC 2 Type II audit is scheduled but has not yet taken place.,320.7,249.1,188.5,180.8,320.553,249.118,188.482,180.766,14,14,9,14,TRUE,TRUE,TRUE,TRUE,FALSE,FALSE,FALSE,FALSE,1,FALSE,1,44,Female,0,"ETF or ETC, Government Bonds, Stock Market, Crowdfunding",White,United States,United States,Full-Time,No,"I'm really not sure. I'm guessing it had something to do with how the designs of the deck influenced decision making, since it was repeatedly stated that the design shouldn't play into our evaluations.",1335,1536,695
1129,control,1,10,lq_first,3,1,4,2,Foliant,Curato,Pulsegrid,Ironhall,46c0bf32,37c0ca72,f5bfffe5,817f1201,Enterprise Knowledge Retrieval,AI Training Data,AI Observability,Edge-AI Hardware,4,2,3,1,2,4,3,1,3,2,1,4,7,4,6,3,60,0,40,0,1,1,1,1,1,3,10,50,100,77,62,21,7,4,6,3,5,6,A bank customer has rolled Foliant out organization-wide after a successful pilot.,"Its founders are building Curato part-time alongside their current jobs, with the advisory board still forming.","Paying customers run it on production models, and it generates annual recurring revenue.","Its industrial certification is still in testing, and its first module is installing on a pilot line this quarter.",186.7,281.3,252.5,284.1,186.77,281.362,252.542,285.472,14,14,14,14,TRUE,TRUE,TRUE,TRUE,FALSE,FALSE,FALSE,FALSE,1,FALSE,1,30,Male,0,"ETF or ETC, Stock Market, Private Equity fund",White,Germany,Germany,Full-Time,No,"The study was about evaluating startup pitch decks and then allocating funds. As to what the purpose of the study might be, I'd guess it's to gauge the laymans ability to correctly identify startups with great potential/to confidently seperate the winning ideas from the mediocre ones.",1602,2048,1018
1132,disclosure_explanation,7,12,lq_first,3,1,4,2,Paperloom,Foliant,Sentyl,Pulsegrid,340b9ba1,08321160,0566fd88,e7f29679,Document Automation,Enterprise Knowledge Retrieval,AI Security,AI Observability,4,1,3,2,3,2,4,1,3,2,1,4,6,4,6,3,11,39,43,7,1,1,1,1,0.5,2.5,0,4,100,88,25,14,6,4,6,3,1,1,An independent certification firm has completed an audit of its extraction accuracy and verified a benchmark lead.,Its most advanced customer engagement is a pilot in two practice groups at a law firm.,"It has completed a SOC 2 Type II audit, with the report available in its data room.","It is pre-revenue, with an open-beta cohort scheduled to start next month.",126.3,150.9,186.8,115.6,163.031,444.335,317.889,242.099,14,14,14,14,TRUE,TRUE,TRUE,TRUE,FALSE,FALSE,FALSE,FALSE,1,FALSE,1,23,Male,2,"ETF or ETC, Stock Market, Crowdfunding, Venture Capital fund",White,Germany,Syrian Arab Republic,Unemployed (and job seeking),No,"I think the study was about whether the visual design of a startup pitch deck influences how people judge the venture and how much they are willing to invest, even when they are told to focus only on the actual business information.",2179,1920,953
1134,disclosure_explanation,8,15,lq_first,3,1,4,2,Servora,Sentyl,Curato,Axonmesh,737deb7d,90a19744,cbc833b1,c7e2221f,AI Inference Infrastructure,AI Security,AI Training Data,Robotics Orchestration,3,2,4,1,1,2,4,3,3,4,2,1,6,4,6,2,30,20,30,20,0,1,1,0,1,3,0,10,0,0,0,0,6,4,6,2,1,1,Its technology is patented by a university and licensed to the company exclusively.,Its SOC 2 Type II audit is scheduled but has not yet taken place.,Its founders built data infrastructure together at a leading AI-data company and left senior roles to work on Curato full-time.,"Live fleets already coordinate robots in production at customer sites, billing recurring revenue.",145.7,154.8,112.2,318.2,145.847,154.897,114.04,318.309,14,14,14,14,TRUE,TRUE,TRUE,TRUE,FALSE,FALSE,FALSE,FALSE,1,FALSE,1,41,Male,0,"Stock Market, Government Bonds, Crowdfunding",White,United States,United States,Full-Time,No,Does the design of the slide deck affect how much someone remembers about the company and how much they allocate to the company?,1144,1920,1031
1136,disclosure_explanation,8,6,hq_first,1,3,2,4,Paperloom,Axonmesh,Sentyl,Servora,340b9ba1,4fe27fae,0566fd88,e06655dc,Document Automation,Robotics Orchestration,AI Security,AI Inference Infrastructure,2,4,1,3,1,3,4,2,3,4,2,1,4,4,5,5,30,10,40,20,1,1,1,0,-1,0,-10,20,100,100,100,100,4,4,5,5,1,1,An independent certification firm has completed an audit of its extraction accuracy and verified a benchmark lead.,Its deployment to date is one pilot fleet running daily at a single design partner's warehouse.,"It has completed a SOC 2 Type II audit, with the report available in its data room.","Its core patent has been granted, with further claims in prosecution.",299.2,362.4,222.5,203.5,299.14,362.413,222.525,203.447,14,14,14,14,TRUE,TRUE,TRUE,TRUE,FALSE,FALSE,FALSE,FALSE,1,FALSE,1,51,Male,0,"Stock Market, Private Equity fund, Crowdfunding, Other",White,Germany,Germany,Other,No,about venture capital evaluations of start-up pitches.,1605,2166,1145
1139,disclosure,6,10,lq_first,3,1,4,2,Foliant,Curato,Pulsegrid,Ironhall,46c0bf32,37c0ca72,f5bfffe5,817f1201,Enterprise Knowledge Retrieval,AI Training Data,AI Observability,Edge-AI Hardware,4,2,3,1,2,4,3,1,2,1,4,3,5,4,4,7,30,50,10,10,1,0,1,0,-1,-1,30,-10,77,33,24,100,5,4,4,7,2,6,A bank customer has rolled Foliant out organization-wide after a successful pilot.,Its founders are academics who license the labelling technology from their university lab.,"Paying customers run it on production models, and it generates annual recurring revenue.",Its module has passed independent industrial certification and already runs on live production lines.,46.3,69.2,23.8,74.7,46.097,69.224,23.561,74.635,14,14,14,14,TRUE,TRUE,TRUE,TRUE,FALSE,FALSE,FALSE,FALSE,1,FALSE,1,22,Female,0,"Government Bonds, Stock Market, Private Equity fund",White,United Kingdom,United Kingdom,Full-Time,No,Exploring how visuals and information lead to people investing.,432,1911,954
1140,control,1,15,lq_first,3,1,4,2,Servora,Sentyl,Curato,Axonmesh,737deb7d,90a19744,cbc833b1,c7e2221f,AI Inference Infrastructure,AI Security,AI Training Data,Robotics Orchestration,4,1,3,2,1,2,4,3,2,3,1,4,7,3,5,5,50,0,0,50,1,1,1,1,0,2,0,0,100,78,92,100,7,3,5,5,2,5,"Its core patent has been granted, with further claims in prosecution.",Its SOC 2 Type II audit is scheduled but has not yet taken place.,Its founders built data infrastructure together at a leading AI-data company and left senior roles to work on Curato full-time.,Its deployment to date is one pilot fleet running daily at a single design partner's warehouse.,134.6,155.5,196.4,185.4,134.701,155.66,196.457,185.434,14,14,14,14,TRUE,TRUE,TRUE,TRUE,FALSE,FALSE,FALSE,FALSE,1,FALSE,1,58,Male,6,"Government Bonds, Stock Market, Unit trusts, Private Equity fund, Crowdfunding",White,United States,United States,Part-Time,No,Perception of AI startups based on what they did.  Personally I'm a huge fan of the costs cutting one.,963,1899,934
1141,disclosure,6,12,lq_first,3,1,4,2,Paperloom,Foliant,Sentyl,Pulsegrid,340b9ba1,08321160,0566fd88,e7f29679,Document Automation,Enterprise Knowledge Retrieval,AI Security,AI Observability,4,2,3,1,1,2,3,4,1,2,3,4,5,3,4,2,0,0,0,100,1,1,0,0,1,2,-50,-50,100,73,1,0,5,3,4,2,4,3,An independent certification firm has completed an audit of its extraction accuracy and verified a benchmark lead.,Its most advanced customer engagement is a pilot in two practice groups at a law firm.,Its SOC 2 Type II audit is scheduled but has not yet taken place.,Its revenue comes chiefly from paid consulting and integration projects.,79.3,78.7,70.5,84.7,79.343,78.728,70.449,84.5,14,14,14,14,TRUE,TRUE,TRUE,TRUE,FALSE,FALSE,FALSE,FALSE,1,FALSE,1,37,Female,3,"Stock Market, Crowdfunding, Options",Mixed,United Kingdom,United Kingdom,Unemployed (and job seeking),No,design of the presentations,630,1440,703
1142,disclosure,5,14,lq_first,3,1,4,2,Axonmesh,Paperloom,Servora,Sentyl,f36cc003,84f4d358,574d1367,bfc6f4d0,Robotics Orchestration,Document Automation,AI Inference Infrastructure,AI Security,3,1,4,2,1,4,3,2,2,1,3,4,4,3,6,5,45,10,10,35,1,0,1,1,-2,1,5,5,55,61,21,18,4,3,6,5,1,1,"Live fleets already coordinate robots in production at customer sites, billing recurring revenue.",An independent certification firm has completed an audit of its extraction accuracy and verified a benchmark lead.,"Its core patent has been granted, with further claims in prosecution.",Its SOC 2 Type II audit is scheduled but has not yet taken place.,199.6,189.8,171.9,195.1,199.701,193.812,171.837,195.036,14,14,14,14,TRUE,TRUE,TRUE,TRUE,FALSE,FALSE,FALSE,FALSE,1,FALSE,1,44,Male,3,"ETF or ETC, Stock Market, Crowdfunding",White,United Kingdom,United Kingdom,Full-Time,Maybe a little,"The slides included some fairly technical language for both tech and capital investment - so I do think it was related the reviewing pitches rather than a less obvious reason. Possibly there was an underlying comparison of the slide design, as some were extremely monochrome and hard to follow.  Clearly those with granted patents, proven delivery models are stronger pitches, but conversely, those were pretty poorly designed for legibility, so maybe it's about that? interested study though.",1479,1554,784
1143,disclosure,5,13,lq_first,3,1,4,2,Sentyl,Pulsegrid,Axonmesh,Paperloom,bcd14e91,2055e10c,e6065b1a,e20d4e90,AI Security,AI Observability,Robotics Orchestration,Document Automation,4,1,3,2,2,3,1,4,1,3,4,2,6,5,5,6,50,30,10,10,0,1,1,0,0,0,30,10,88,92,10,30,6,5,5,6,1,1,Its compliance certifications are inherited from its cloud hosting provider.,"It is pre-revenue, with an open-beta cohort scheduled to start next month.","Live fleets already coordinate robots in production at customer sites, billing recurring revenue.","It does not permit external accuracy audits, citing customer confidentiality.",59.7,84.9,44.2,88.7,59.589,84.993,45.244,88.666,11,7,14,14,TRUE,TRUE,TRUE,TRUE,FALSE,FALSE,FALSE,FALSE,2,FALSE,1,23,Female,0,"Private Equity fund, Don't know/Rather not say, Government Bonds",White,United States,United States,Part-Time,No,Maybe these pitch decks were loosely based off real startups and you wanted to see which ones people would invest in,734,1512,861
1146,disclosure,2,1,hq_first,1,3,2,4,Servora,Ironhall,Curato,Foliant,737deb7d,3e0eedc2,cbc833b1,3eed90b1,AI Inference Infrastructure,Edge-AI Hardware,AI Training Data,Enterprise Knowledge Retrieval,2,4,1,3,4,2,3,1,1,4,3,2,5,4,4,1,0,20,80,0,1,1,1,1,2,2,-30,30,38,41,19,30,5,4,4,1,1,1,"Its core patent has been granted, with further claims in prosecution.","Its industrial certification is still in testing, and its first module is installing on a pilot line this quarter.",Its founders built data infrastructure together at a leading AI-data company and left senior roles to work on Curato full-time.,Its most advanced customer engagement is a pilot in two practice groups at a law firm.,163,76.4,79.9,144.6,163.182,177.793,79.95,202.949,14,14,14,14,TRUE,TRUE,TRUE,TRUE,FALSE,FALSE,FALSE,FALSE,1,FALSE,1,53,Female,10,"Government Bonds, Stock Market, Private Equity fund, Crowdfunding",White,United States,United States,NA,No,The clarity of presentations and appeal of companies,995,2052,1190
1147,disclosure_explanation,7,11,lq_first,3,1,4,2,Pulsegrid,Ironhall,Paperloom,Foliant,dff2e369,3e0eedc2,081e5fb5,3eed90b1,AI Observability,Edge-AI Hardware,Document Automation,Enterprise Knowledge Retrieval,3,1,4,2,3,1,2,4,1,2,3,4,7,5,7,5,40,10,40,10,1,1,1,1,0,2,0,30,82,64,35,28,7,5,7,5,1,1,"Paying customers run it on production models, and it generates annual recurring revenue.","Its industrial certification is still in testing, and its first module is installing on a pilot line this quarter.",An independent certification firm has completed an audit of its extraction accuracy and verified a benchmark lead.,Its most advanced customer engagement is a pilot in two practice groups at a law firm.,278.4,313,164.2,315.6,278.263,312.991,164.233,315.662,14,14,14,14,TRUE,TRUE,TRUE,TRUE,FALSE,FALSE,FALSE,FALSE,1,FALSE,1,39,Male,0,"Stock Market, Crowdfunding, Other",White,United States,United States,Other,No,"How well information about ventures can be accessed based on their visual design, and how that leads into investor confidence in the company.",1421,1536,776
1149,control,1,9,lq_first,3,1,4,2,Ironhall,Servora,Foliant,Curato,b5fef669,e55a120c,fa1fe22c,14efa601,Edge-AI Hardware,AI Inference Infrastructure,Enterprise Knowledge Retrieval,AI Training Data,4,2,3,1,2,1,3,4,4,2,3,1,6,5,6,5,10,20,60,10,1,1,0,0,0,1,-20,20,86,78,100,72,6,5,6,5,4,3,Its module has passed independent industrial certification and already runs on live production lines.,Its patent filing is a provisional application that is still pending.,Its most advanced customer engagement is a pilot in two practice groups at a law firm.,Its founders built data infrastructure together at a leading AI-data company and left senior roles to work on Curato full-time.,679.1,540.5,446.7,271.5,719.748,540.557,446.83,287.158,14,14,14,14,TRUE,TRUE,TRUE,TRUE,FALSE,FALSE,FALSE,FALSE,1,FALSE,1,38,Male,0,"ETF or ETC, Stock Market, Crowdfunding",White,United Kingdom,United Kingdom,"Not in paid work (e.g. homemaker', 'retired or disabled)",No,"The use of AI in different settings and utilising different approaches (ie some on site, some remote, some reducing the lag between remote and onsite)",2376,1920,846
1151,disclosure,5,4,hq_first,1,3,2,4,Foliant,Paperloom,Pulsegrid,Sentyl,46c0bf32,84f4d358,f5bfffe5,bfc6f4d0,Enterprise Knowledge Retrieval,Document Automation,AI Observability,AI Security,1,4,2,3,2,1,4,3,3,1,4,2,5,3,4,5,25,30,20,25,0,0,0,0,-0.5,0.5,5,-5,22,62,32,58,5,3,4,5,1,1,Its deployments run exclusively inside the founders' former employer.,An independent certification firm has completed an audit of its extraction accuracy and verified a benchmark lead.,It charges model vendors for access to anonymized benchmark data.,"It has completed a SOC 2 Type II audit, with the report available in its data room.",99.5,112.1,117.9,123.6,99.313,112.181,117.785,123.525,14,14,14,14,TRUE,TRUE,TRUE,TRUE,FALSE,FALSE,FALSE,FALSE,1,FALSE,1,37,Male,1,"Stock Market, Crowdfunding",White,United States,United States,Part-Time,No,How we value security over other things,756,1920,1065
1152,disclosure,4,8,hq_first,1,3,2,4,Axonmesh,Curato,Servora,Ironhall,f36cc003,37c0ca72,574d1367,817f1201,Robotics Orchestration,AI Training Data,AI Inference Infrastructure,Edge-AI Hardware,1,4,2,3,1,4,3,2,2,1,4,3,6,4,6,5,40,5,15,40,1,1,1,1,-0.5,1.5,-5,5,72,84,17,15,6,4,6,5,2,3,"Live fleets already coordinate robots in production at customer sites, billing recurring revenue.","Its founders are building Curato part-time alongside their current jobs, with the advisory board still forming.","Its core patent has been granted, with further claims in prosecution.","Its industrial certification is still in testing, and its first module is installing on a pilot line this quarter.",154.3,241.5,174.6,258,154.134,241.361,174.471,258.019,14,14,14,14,TRUE,TRUE,TRUE,TRUE,FALSE,FALSE,FALSE,FALSE,1,FALSE,1,54,Male,0,"Stock Market, Private Equity fund",White,Canada,Canada,Part-Time,No,I think it was about how the design and readability of a presentation affects perception of value and how likely a person is to invest in a company based on look and feel alone.,1776,1920,1118
1153,disclosure,6,6,hq_first,1,3,2,4,Paperloom,Axonmesh,Sentyl,Servora,340b9ba1,4fe27fae,0566fd88,e06655dc,Document Automation,Robotics Orchestration,AI Security,AI Inference Infrastructure,2,3,1,4,4,1,3,2,3,2,4,1,6,4,6,2,40,10,40,10,1,1,1,1,1,3,0,30,100,90,48,0,6,4,6,2,5,7,An independent certification firm has completed an audit of its extraction accuracy and verified a benchmark lead.,Its deployment to date is one pilot fleet running daily at a single design partner's warehouse.,"It has completed a SOC 2 Type II audit, with the report available in its data room.",Its patent filing is a provisional application that is still pending.,356.4,290.7,331.3,346,356.434,290.644,331.31,345.905,14,14,14,14,TRUE,TRUE,TRUE,TRUE,FALSE,FALSE,FALSE,FALSE,1,FALSE,1,52,Female,30,"Stock Market, Crowdfunding",Black,United States,United States,Full-Time,No,Whether or not the quality of the slide impacted a person's willingness to invest.,1806,1509,685
1154,disclosure,2,3,hq_first,1,3,2,4,Ironhall,Pulsegrid,Foliant,Paperloom,b5fef669,2055e10c,fa1fe22c,e20d4e90,Edge-AI Hardware,AI Observability,Enterprise Knowledge Retrieval,Document Automation,2,4,1,3,1,3,2,4,2,3,1,4,6,4,6,2,60,20,10,10,1,1,1,1,1,3,30,20,70,58,33,25,6,4,6,2,3,3,Its module has passed independent industrial certification and already runs on live production lines.,"It is pre-revenue, with an open-beta cohort scheduled to start next month.",A bank customer has rolled Foliant out organization-wide after a successful pilot.,An independent benchmark of its extraction accuracy is in progress but not yet finished.,93.4,93.1,101.2,72.6,93.342,93.23,101.002,72.746,14,14,14,14,TRUE,TRUE,TRUE,TRUE,FALSE,FALSE,FALSE,FALSE,2,FALSE,1,31,Female,1,"ETF or ETC, Government Bonds, Stock Market, Crowdfunding",White,United States,United States,Full-Time,No,I think this study was about what is memorable in visual pitch decks for companies and how viewers retain information from decks,640,1494,765
1155,disclosure_explanation,8,10,lq_first,3,1,4,2,Foliant,Curato,Pulsegrid,Ironhall,46c0bf32,37c0ca72,f5bfffe5,817f1201,Enterprise Knowledge Retrieval,AI Training Data,AI Observability,Edge-AI Hardware,4,2,3,1,3,1,2,4,1,3,2,4,6,5,3,4,40,20,20,20,1,1,0,1,2,0,10,10,97,65,16,30,6,5,3,4,4,2,A bank customer has rolled Foliant out organization-wide after a successful pilot.,"Its founders are building Curato part-time alongside their current jobs, with the advisory board still forming.","It is pre-revenue, with an open-beta cohort scheduled to start next month.","Its industrial certification is still in testing, and its first module is installing on a pilot line this quarter.",141.1,190.7,72.8,136.5,144.966,190.746,72.955,136.565,14,14,14,14,TRUE,TRUE,TRUE,TRUE,FALSE,FALSE,FALSE,FALSE,1,FALSE,1,45,Male,13,"ETF or ETC, Government Bonds, Stock Market, Options, Crowdfunding",White,United Kingdom,United Kingdom,Due to start a new job within the next month,Maybe a little,Attention checks,1021,1564,916
1156,control,1,1,hq_first,1,3,2,4,Servora,Ironhall,Curato,Foliant,737deb7d,3e0eedc2,cbc833b1,3eed90b1,AI Inference Infrastructure,Edge-AI Hardware,AI Training Data,Enterprise Knowledge Retrieval,1,4,2,3,1,3,2,4,1,2,4,3,4,6,5,4,20,40,30,10,0,1,1,1,0.5,-0.5,10,0,41,85,60,57,4,6,5,4,6,4,Its patent filing is a provisional application that is still pending.,"Its industrial certification is still in testing, and its first module is installing on a pilot line this quarter.",Its founders built data infrastructure together at a leading AI-data company and left senior roles to work on Curato full-time.,Its most advanced customer engagement is a pilot in two practice groups at a law firm.,69.7,19.4,122.5,31.1,69.601,19.59,122.561,31.084,14,14,14,14,TRUE,TRUE,TRUE,TRUE,FALSE,FALSE,FALSE,FALSE,1,FALSE,1,22,Male,1,"Stock Market, Private Equity fund",White,Canada,Canada,Part-Time,No,This study was about reviewing the venture pitches presented and judging the thoughts and information behind them.,751,1428,1189
1157,disclosure,3,13,lq_first,3,1,4,2,Sentyl,Pulsegrid,Axonmesh,Paperloom,bcd14e91,2055e10c,e6065b1a,e20d4e90,AI Security,AI Observability,Robotics Orchestration,Document Automation,3,1,4,2,3,1,4,2,4,1,2,3,5,6,7,5,10,30,40,20,1,1,1,1,-0.5,0.5,-10,0,70,71,100,64,5,6,7,5,5,6,"It has completed a SOC 2 Type II audit, with the report available in its data room.","It is pre-revenue, with an open-beta cohort scheduled to start next month.","Live fleets already coordinate robots in production at customer sites, billing recurring revenue.",An independent benchmark of its extraction accuracy is in progress but not yet finished.,393.7,443.2,254.2,303.7,393.529,443.225,254.38,303.719,14,11,14,14,TRUE,TRUE,TRUE,TRUE,FALSE,FALSE,FALSE,FALSE,3,FALSE,1,56,Female,20,"Angel syndicate, Private Equity fund, Other",White,France,France,Unemployed (and job seeking),No,"Hi
this study was about my opinion and by me maybe people or certain people evaluate an investement in a start up based on public information I would invest in Axonmesh if I had money ;) 
thanks 
Best Regards 
Telma",2966,2066,1148
1159,disclosure,4,2,hq_first,1,3,2,4,Curato,Foliant,Ironhall,Pulsegrid,6b81ec39,08321160,87b7dfe9,e7f29679,AI Training Data,Enterprise Knowledge Retrieval,Edge-AI Hardware,AI Observability,1,3,2,4,2,3,1,4,1,2,3,4,5,6,3,4,25,75,0,0,1,0,1,1,2,-1,50,-25,72,100,7,11,5,6,3,4,1,1,Its founders built data infrastructure together at a leading AI-data company and left senior roles to work on Curato full-time.,A bank customer has rolled Foliant out organization-wide after a successful pilot.,Its module has passed independent industrial certification and already runs on live production lines.,"It is pre-revenue, with an open-beta cohort scheduled to start next month.",120.3,139.8,111.2,98,120.275,139.858,111.361,97.823,14,14,14,14,TRUE,TRUE,TRUE,TRUE,FALSE,FALSE,FALSE,FALSE,2,FALSE,1,38,Other,0,"Other, Crowdfunding",White,United Kingdom,United Kingdom,Other,No,"I found some a lot easier to read than others. The final one was particularly challenging font and colour wise. In truth, it was quite dreary",868,1486,731
1160,disclosure_explanation,8,9,lq_first,3,1,4,2,Ironhall,Servora,Foliant,Curato,b5fef669,e55a120c,fa1fe22c,14efa601,Edge-AI Hardware,AI Inference Infrastructure,Enterprise Knowledge Retrieval,AI Training Data,4,1,3,2,4,2,3,1,3,4,1,2,5,1,6,3,30,0,70,0,1,1,1,0,-1.5,3.5,-20,50,93,85,20,16,5,1,6,3,2,3,Its module has passed independent industrial certification and already runs on live production lines.,Its patent filing is a provisional application that is still pending.,A bank customer has rolled Foliant out organization-wide after a successful pilot.,Its founders built data infrastructure together at a leading AI-data company and left senior roles to work on Curato full-time.,125.6,260.4,138.3,105.6,125.719,260.458,138.287,105.509,14,14,14,14,TRUE,TRUE,TRUE,TRUE,FALSE,FALSE,FALSE,FALSE,1,FALSE,1,33,Male,9,"ETF or ETC, Government Bonds, Stock Market, Unit trusts, Options, Venture Capital fund, Crowdfunding",White,United States,United States,Full-Time,No,I imagine it is what people think of pitch based off its aesthetics and if aesthetics make up for a lacking investment opportunity.,1152,1680,917
1161,disclosure,3,8,hq_first,1,3,2,4,Axonmesh,Curato,Servora,Ironhall,f36cc003,37c0ca72,574d1367,817f1201,Robotics Orchestration,AI Training Data,AI Inference Infrastructure,Edge-AI Hardware,2,4,1,3,2,4,3,1,4,3,2,1,4,5,4,4,25,25,25,25,1,0,0,1,0.5,-0.5,0,0,55,56,29,43,4,5,4,4,2,4,"Live fleets already coordinate robots in production at customer sites, billing recurring revenue.",Its founders are academics who license the labelling technology from their university lab.,Its patent filing is a provisional application that is still pending.,"Its industrial certification is still in testing, and its first module is installing on a pilot line this quarter.",108.9,229.9,323.3,203.8,108.868,233.497,323.241,203.682,14,14,14,14,TRUE,TRUE,TRUE,TRUE,FALSE,FALSE,FALSE,FALSE,2,FALSE,1,43,Male,5,"ETF or ETC, Government Bonds, Stock Market, Unit trusts, Options, Angel syndicate, Private Equity fund, Venture Capital fund, Crowdfunding",White,United States,United States,Full-Time,No,Looking at the finer details to determine how well a new business may do.,1169,1512,862
1162,disclosure,5,15,lq_first,3,1,4,2,Servora,Sentyl,Curato,Axonmesh,737deb7d,90a19744,cbc833b1,c7e2221f,AI Inference Infrastructure,AI Security,AI Training Data,Robotics Orchestration,4,2,3,1,1,2,3,4,2,1,3,4,6,4,6,3,40,15,40,5,1,1,1,1,0.5,2.5,5,30,90,63,93,36,6,4,6,3,1,1,"Its core patent has been granted, with further claims in prosecution.",Its SOC 2 Type II audit is scheduled but has not yet taken place.,Its founders built data infrastructure together at a leading AI-data company and left senior roles to work on Curato full-time.,Its deployment to date is one pilot fleet running daily at a single design partner's warehouse.,186.6,94.8,90.8,83.1,186.571,96.962,90.823,83.252,14,14,14,14,TRUE,TRUE,TRUE,TRUE,FALSE,FALSE,FALSE,FALSE,1,FALSE,1,27,Male,2,"ETF or ETC, Government Bonds, Stock Market, Venture Capital fund, Crowdfunding",Asian,United States,China,Part-Time,No,"Given a few business pitches about AI, distribute 100 units of investment across them",1055,1235,763
1163,disclosure,6,5,hq_first,1,3,2,4,Pulsegrid,Sentyl,Paperloom,Axonmesh,dff2e369,90a19744,081e5fb5,c7e2221f,AI Observability,AI Security,Document Automation,Robotics Orchestration,2,4,1,3,4,1,3,2,2,1,3,4,6,5,5,3,75,10,15,0,1,0,0,0,1.5,1.5,35,40,68,74,50,41,6,5,5,3,4,5,"Paying customers run it on production models, and it generates annual recurring revenue.",Its compliance certifications are inherited from its cloud hosting provider.,"It does not permit external accuracy audits, citing customer confidentiality.","Live fleets already coordinate robots in production at customer sites, billing recurring revenue.",163.5,110,268.8,94.2,163.401,127.364,268.889,94.164,14,14,14,14,TRUE,TRUE,TRUE,TRUE,FALSE,FALSE,FALSE,FALSE,1,FALSE,1,52,Male,10,"Unit trusts, Stock Market, Government Bonds, ETF or ETC, Options, Venture Capital fund, Don't know/Rather not say",White,United Kingdom,United Kingdom,Full-Time,No,Presentation of data and how this can influence investment.,1030,1536,695
1164,disclosure_explanation,7,11,lq_first,3,1,4,2,Pulsegrid,Ironhall,Paperloom,Foliant,dff2e369,3e0eedc2,081e5fb5,3eed90b1,AI Observability,Edge-AI Hardware,Document Automation,Enterprise Knowledge Retrieval,3,1,4,2,4,2,1,3,1,3,4,2,6,3,6,4,0,25,75,0,1,1,1,1,-0.5,2.5,-25,25,54,0,46,25,6,3,6,4,4,3,"Paying customers run it on production models, and it generates annual recurring revenue.","Its industrial certification is still in testing, and its first module is installing on a pilot line this quarter.",An independent certification firm has completed an audit of its extraction accuracy and verified a benchmark lead.,Its most advanced customer engagement is a pilot in two practice groups at a law firm.,270.5,190.7,164.3,244.7,270.534,190.79,164.451,564.141,14,14,14,14,TRUE,TRUE,TRUE,TRUE,FALSE,FALSE,FALSE,FALSE,2,FALSE,1,56,Female,9,"Stock Market, Crowdfunding, ETF or ETC",White,United States,United States,Full-Time,No,Reading comprehension. The ability of the reader to extrapolate business details which indicate success,2043,1513,692
1165,disclosure,2,2,hq_first,1,3,2,4,Curato,Foliant,Ironhall,Pulsegrid,6b81ec39,08321160,87b7dfe9,e7f29679,AI Training Data,Enterprise Knowledge Retrieval,Edge-AI Hardware,AI Observability,1,3,2,4,2,4,1,3,1,2,4,3,5,2,6,2,30,5,60,5,1,1,1,1,-0.5,3.5,-15,40,23,20,31,28,5,2,6,2,1,1,Its founders built data infrastructure together at a leading AI-data company and left senior roles to work on Curato full-time.,Its most advanced customer engagement is a pilot in two practice groups at a law firm.,Its module has passed independent industrial certification and already runs on live production lines.,"It is pre-revenue, with an open-beta cohort scheduled to start next month.",243,215.4,266.5,136.7,243.119,215.385,266.636,136.74,14,14,14,14,TRUE,TRUE,TRUE,TRUE,FALSE,FALSE,FALSE,FALSE,1,FALSE,1,34,Female,1,"ETF or ETC, Stock Market, Private Equity fund",Asian,Canada,Canada,Full-Time,No,"Studies people's preference for venture capital business models, putting aside prejudice for how many designed the pitch decks are because they are all prepared by the same design company and have the same formatting and design. So people will be able to focus on the venture's business model itself to make decisions.",1308,1440,749
1168,disclosure,3,12,lq_first,3,1,4,2,Paperloom,Foliant,Sentyl,Pulsegrid,340b9ba1,08321160,0566fd88,e7f29679,Document Automation,Enterprise Knowledge Retrieval,AI Security,AI Observability,3,2,4,1,4,1,3,2,1,3,4,2,5,5,4,4,60,10,20,10,0,1,1,1,1,0,20,30,87,63,13,13,5,5,4,4,4,3,An independent benchmark of its extraction accuracy is in progress but not yet finished.,Its most advanced customer engagement is a pilot in two practice groups at a law firm.,"It has completed a SOC 2 Type II audit, with the report available in its data room.","It is pre-revenue, with an open-beta cohort scheduled to start next month.",160.5,239.5,148.2,194.5,160.414,239.401,147.99,194.396,14,14,14,14,TRUE,TRUE,TRUE,TRUE,FALSE,FALSE,FALSE,FALSE,2,FALSE,1,44,Female,2,"ETF or ETC, Stock Market, Venture Capital fund, Crowdfunding",White,United States,United States,Full-Time,No,Extracting information from slide decks,1239,1440,707
1169,disclosure,5,11,lq_first,3,1,4,2,Pulsegrid,Ironhall,Paperloom,Foliant,dff2e369,3e0eedc2,081e5fb5,3eed90b1,AI Observability,Edge-AI Hardware,Document Automation,Enterprise Knowledge Retrieval,4,2,3,1,4,2,1,3,3,2,4,1,4,5,6,6,15,10,30,45,0,1,1,1,-1.5,-0.5,-25,-5,38,48,32,65,4,5,6,6,1,1,It charges model vendors for access to anonymized benchmark data.,"Its industrial certification is still in testing, and its first module is installing on a pilot line this quarter.",An independent certification firm has completed an audit of its extraction accuracy and verified a benchmark lead.,Its most advanced customer engagement is a pilot in two practice groups at a law firm.,123.1,207.5,210,196.5,126.021,230.424,251.874,221.264,14,14,14,14,TRUE,TRUE,TRUE,TRUE,FALSE,FALSE,FALSE,FALSE,1,FALSE,1,68,Male,0,"Government Bonds, Stock Market, Crowdfunding",Mixed,United States,United States,Part-Time,No,Evaluating 4 startups and deciding how to back each one.,1368,1163,544
1170,disclosure_explanation,8,6,hq_first,1,3,2,4,Paperloom,Axonmesh,Sentyl,Servora,340b9ba1,4fe27fae,0566fd88,e06655dc,Document Automation,Robotics Orchestration,AI Security,AI Inference Infrastructure,2,4,1,3,3,2,4,1,2,1,4,3,5,3,6,4,25,15,45,15,1,1,1,1,-1,2,-10,20,56,68,31,42,5,3,6,4,1,1,An independent certification firm has completed an audit of its extraction accuracy and verified a benchmark lead.,Its deployment to date is one pilot fleet running daily at a single design partner's warehouse.,"It has completed a SOC 2 Type II audit, with the report available in its data room.",Its patent filing is a provisional application that is still pending.,216.3,161.5,271.1,191.6,216.456,161.363,270.827,191.46,14,14,14,14,TRUE,TRUE,TRUE,TRUE,FALSE,FALSE,FALSE,FALSE,1,FALSE,1,47,Male,0,"ETF or ETC, Government Bonds, Stock Market, Crowdfunding",White,United States,United States,"Not in paid work (e.g. homemaker', 'retired or disabled)",No,Can we recognize where the service demand is going to be in the future and do the biographies of the founders influence investment decisions?,1403,1920,910
1171,disclosure,4,13,lq_first,3,1,4,2,Sentyl,Pulsegrid,Axonmesh,Paperloom,bcd14e91,2055e10c,e6065b1a,e20d4e90,AI Security,AI Observability,Robotics Orchestration,Document Automation,3,2,4,1,1,2,4,3,2,4,1,3,4,4,5,4,10,10,70,10,0,1,1,1,-0.5,0.5,-30,30,46,48,61,55,4,4,5,4,1,1,It has decided to defer formal security audits until after this funding round.,"It is pre-revenue, with an open-beta cohort scheduled to start next month.","Live fleets already coordinate robots in production at customer sites, billing recurring revenue.",An independent benchmark of its extraction accuracy is in progress but not yet finished.,55.1,92.5,40.7,76.6,55.132,92.655,40.726,76.649,14,13,13,8,TRUE,TRUE,TRUE,TRUE,FALSE,FALSE,FALSE,FALSE,1,FALSE,1,35,Female,0,"ETF or ETC, Crowdfunding, Stock Market",White,Germany,Germany,Full-Time,No,i dont know,654,1528,794
1172,disclosure,2,10,lq_first,3,1,4,2,Foliant,Curato,Pulsegrid,Ironhall,46c0bf32,37c0ca72,f5bfffe5,817f1201,Enterprise Knowledge Retrieval,AI Training Data,AI Observability,Edge-AI Hardware,4,2,3,1,4,3,2,1,2,3,4,1,7,6,2,2,5,40,50,5,1,1,1,1,4.5,0.5,-5,5,100,100,36,0,7,6,2,2,1,1,A bank customer has rolled Foliant out organization-wide after a successful pilot.,"Its founders are building Curato part-time alongside their current jobs, with the advisory board still forming.","Paying customers run it on production models, and it generates annual recurring revenue.","Its industrial certification is still in testing, and its first module is installing on a pilot line this quarter.",267.2,401.2,299.4,454.2,267.372,401.172,299.608,454.151,14,14,14,14,TRUE,TRUE,TRUE,TRUE,FALSE,FALSE,FALSE,FALSE,1,FALSE,1,71,Male,0,Crowdfunding,White,United Kingdom,United Kingdom,"Not in paid work (e.g. homemaker', 'retired or disabled)",No,Whether or not good and bad design affects judgement.,2016,2145,1231
1176,control,1,7,hq_first,1,3,2,4,Sentyl,Servora,Axonmesh,Curato,bcd14e91,e55a120c,e6065b1a,14efa601,AI Security,AI Inference Infrastructure,Robotics Orchestration,AI Training Data,2,4,1,3,3,1,4,2,3,2,1,4,7,5,6,5,70,10,0,20,0,1,1,1,0.5,1.5,30,20,89,39,61,62,7,5,6,5,5,6,Its SOC 2 Type II audit is scheduled but has not yet taken place.,Its patent filing is a provisional application that is still pending.,"Live fleets already coordinate robots in production at customer sites, billing recurring revenue.","Its founders are building Curato part-time alongside their current jobs, with the advisory board still forming.",137.2,147.8,57.8,33,142.688,331.416,57.693,313.017,14,14,14,14,TRUE,TRUE,TRUE,TRUE,FALSE,FALSE,FALSE,FALSE,2,FALSE,1,23,Male,3,"ETF or ETC, Government Bonds, Stock Market, Unit trusts, Angel syndicate, Private Equity fund, Venture Capital fund, Crowdfunding",Asian,United Kingdom,United Kingdom,Other,No,Not quite sure - possibly to see how we respond to different presentations about investment opportunities and AI specific companies. How much we are sold by certain aspects of each component of the company.,1172,1904,952
1179,disclosure_explanation,7,5,hq_first,1,3,2,4,Pulsegrid,Sentyl,Paperloom,Axonmesh,dff2e369,90a19744,081e5fb5,c7e2221f,AI Observability,AI Security,Document Automation,Robotics Orchestration,2,3,1,4,1,4,2,3,2,3,1,4,4,3,4,3,20,5,70,5,0,1,1,1,0,1,-25,40,84,81,80,66,4,3,4,3,1,1,"It is pre-revenue, with an open-beta cohort scheduled to start next month.",Its SOC 2 Type II audit is scheduled but has not yet taken place.,An independent certification firm has completed an audit of its extraction accuracy and verified a benchmark lead.,Its deployment to date is one pilot fleet running daily at a single design partner's warehouse.,448.7,365.3,552.3,550.9,448.742,365.3,552.195,550.923,14,14,14,14,TRUE,TRUE,TRUE,TRUE,FALSE,FALSE,FALSE,FALSE,1,FALSE,1,47,Female,0,"Stock Market, Crowdfunding",White,United States,United States,Full-Time,No,Financial decision making and investing.,2763,1920,911
1181,disclosure,2,11,lq_first,3,1,4,2,Pulsegrid,Ironhall,Paperloom,Foliant,dff2e369,3e0eedc2,081e5fb5,3eed90b1,AI Observability,Edge-AI Hardware,Document Automation,Enterprise Knowledge Retrieval,3,1,4,2,4,1,3,2,1,3,2,4,6,5,3,4,40,30,20,10,0,1,0,0,2,0,20,10,88,73,34,71,6,5,3,4,4,5,Its revenue comes chiefly from paid consulting and integration projects.,"Its industrial certification is still in testing, and its first module is installing on a pilot line this quarter.",An independent benchmark of its extraction accuracy is in progress but not yet finished.,Its deployments run exclusively inside the founders' former employer.,14,65.7,7.4,35.8,14.219,65.69,7.375,50.294,14,14,14,14,TRUE,TRUE,TRUE,TRUE,FALSE,FALSE,FALSE,FALSE,2,FALSE,1,38,Male,5,"Stock Market, Government Bonds, ETF or ETC, Private Equity fund",Other,United States,United States,Full-Time,No,This study was really about how closely people pay attention to the slides when their is a potential bonus.,375,1920,953
1182,disclosure,4,6,hq_first,1,3,2,4,Paperloom,Axonmesh,Sentyl,Servora,340b9ba1,4fe27fae,0566fd88,e06655dc,Document Automation,Robotics Orchestration,AI Security,AI Inference Infrastructure,1,3,2,4,4,3,2,1,2,1,3,4,4,6,5,5,15,30,25,30,0,0,1,1,0,-1,-5,-10,43,94,75,67,4,6,5,5,3,5,An independent benchmark of its extraction accuracy is in progress but not yet finished.,"Live fleets already coordinate robots in production at customer sites, billing recurring revenue.","It has completed a SOC 2 Type II audit, with the report available in its data room.",Its patent filing is a provisional application that is still pending.,180.8,175.6,236,153,180.796,175.616,236.138,153.116,14,14,14,14,TRUE,TRUE,TRUE,TRUE,FALSE,FALSE,FALSE,FALSE,1,FALSE,1,30,Male,0,"ETF or ETC, Stock Market, Options, Crowdfunding",White,Germany,Germany,Full-Time,Maybe a little,To see which key facts we remember by asking one specific question every time and which business model we think is most promising,1417,2304,1164
1184,disclosure,4,2,hq_first,1,3,2,4,Curato,Foliant,Ironhall,Pulsegrid,6b81ec39,08321160,87b7dfe9,e7f29679,AI Training Data,Enterprise Knowledge Retrieval,Edge-AI Hardware,AI Observability,2,3,1,4,2,3,4,1,3,1,4,2,5,3,7,6,40,15,30,15,0,0,0,0,-2.5,1.5,5,20,32,23,72,87,5,3,7,6,7,7,"Its founders are building Curato part-time alongside their current jobs, with the advisory board still forming.",A bank customer has rolled Foliant out organization-wide after a successful pilot.,Its module failed an initial certification audit and is being redesigned.,Its revenue comes chiefly from paid consulting and integration projects.,19.7,28.5,88,5.2,19.929,28.46,87.871,5.202,14,14,14,1,TRUE,TRUE,TRUE,TRUE,FALSE,FALSE,FALSE,FALSE,2,FALSE,1,35,Male,17,Crowdfunding,Mixed,United States,Romania,Other,No,evaluating businesses and the protocols they follow,653,1920,1065
1185,disclosure,2,4,hq_first,1,3,2,4,Foliant,Paperloom,Pulsegrid,Sentyl,46c0bf32,84f4d358,f5bfffe5,bfc6f4d0,Enterprise Knowledge Retrieval,Document Automation,AI Observability,AI Security,2,4,1,3,2,4,3,1,2,1,3,4,7,3,5,2,80,0,15,5,1,1,1,1,1.5,3.5,30,45,91,81,38,12,7,3,5,2,1,1,A bank customer has rolled Foliant out organization-wide after a successful pilot.,An independent benchmark of its extraction accuracy is in progress but not yet finished.,"Paying customers run it on production models, and it generates annual recurring revenue.",Its SOC 2 Type II audit is scheduled but has not yet taken place.,453.2,363.6,484.9,413.5,453.088,363.728,484.804,413.426,14,14,14,14,TRUE,TRUE,TRUE,TRUE,FALSE,FALSE,FALSE,FALSE,1,FALSE,1,36,Other,1,"Stock Market, Crowdfunding",White,United Kingdom,United Kingdom,Part-Time,No,different startup ideas for improving the way companies run either by implementing AI or using tools to improve current AI usage.,2316,1920,911
1188,disclosure,3,8,hq_first,1,3,2,4,Axonmesh,Curato,Servora,Ironhall,f36cc003,37c0ca72,574d1367,817f1201,Robotics Orchestration,AI Training Data,AI Inference Infrastructure,Edge-AI Hardware,1,3,2,4,1,2,3,4,1,3,2,4,6,5,4,4,70,10,10,10,1,1,0,1,1.5,0.5,30,30,100,100,100,100,6,5,4,4,1,1,"Live fleets already coordinate robots in production at customer sites, billing recurring revenue.","Its founders are building Curato part-time alongside their current jobs, with the advisory board still forming.",Its patent filing is a provisional application that is still pending.,"Its industrial certification is still in testing, and its first module is installing on a pilot line this quarter.",317.8,174.6,184.6,130.3,317.505,174.582,184.562,130.428,14,14,14,14,TRUE,TRUE,TRUE,TRUE,FALSE,FALSE,FALSE,FALSE,3,FALSE,1,46,Male,20,"ETF or ETC, Government Bonds, Stock Market, Private Equity fund, Venture Capital fund, Crowdfunding",Black,United States,United States,Unemployed (and job seeking),No,I honestly have no idea.,1229,2777,1251
1189,disclosure,6,14,lq_first,3,1,4,2,Axonmesh,Paperloom,Servora,Sentyl,f36cc003,84f4d358,574d1367,bfc6f4d0,Robotics Orchestration,Document Automation,AI Inference Infrastructure,AI Security,3,1,4,2,2,1,4,3,3,1,4,2,6,5,3,5,25,25,25,25,0,0,0,0,1.5,-0.5,0,0,78,95,59,85,6,5,3,5,5,4,Its deployments are paused while its scheduler undergoes a safety recall.,"It does not permit external accuracy audits, citing customer confidentiality.",Its patent filing is a provisional application that is still pending.,"It has completed a SOC 2 Type II audit, with the report available in its data room.",24.2,147.4,8.5,10.6,24.231,147.486,8.65,10.594,14,14,14,1,TRUE,TRUE,TRUE,TRUE,FALSE,FALSE,FALSE,FALSE,2,FALSE,1,41,Male,8,"Crowdfunding, Venture Capital fund, Private Equity fund, Options, Angel syndicate, Unit trusts, Stock Market, Government Bonds, ETF or ETC",Other,United States,United States,Unemployed (and job seeking),Maybe a little,It was about startup pitch decks.,1310,1280,633
1190,disclosure_explanation,7,1,hq_first,1,3,2,4,Servora,Ironhall,Curato,Foliant,737deb7d,3e0eedc2,cbc833b1,3eed90b1,AI Inference Infrastructure,Edge-AI Hardware,AI Training Data,Enterprise Knowledge Retrieval,1,4,2,3,3,2,4,1,1,4,3,2,6,4,3,2,30,15,15,40,1,0,1,1,2.5,1.5,-5,-5,97,67,20,0,6,4,3,2,6,6,"Its core patent has been granted, with further claims in prosecution.",Its module has passed independent industrial certification and already runs on live production lines.,Its founders built data infrastructure together at a leading AI-data company and left senior roles to work on Curato full-time.,Its most advanced customer engagement is a pilot in two practice groups at a law firm.,245.9,156.3,216.5,176.2,246.102,156.346,216.693,176.182,14,14,14,14,TRUE,TRUE,TRUE,TRUE,FALSE,FALSE,FALSE,FALSE,2,FALSE,1,48,Male,2,"ETF or ETC, Government Bonds, Stock Market, Venture Capital fund, Crowdfunding, Private Equity fund, Options, Unit trusts",White,United States,United States,Full-Time,No,"new ideas for startups, first impressions, designs for presentations, design colors, styles",1484,1920,992
1191,control,1,16,lq_first,3,1,4,2,Curato,Axonmesh,Ironhall,Servora,6b81ec39,4fe27fae,87b7dfe9,e06655dc,AI Training Data,Robotics Orchestration,Edge-AI Hardware,AI Inference Infrastructure,4,2,3,1,4,2,1,3,1,2,3,4,6,6,3,3,0,100,0,0,1,0,1,1,3,0,50,-50,83,82,31,10,6,6,3,3,5,4,Its founders built data infrastructure together at a leading AI-data company and left senior roles to work on Curato full-time.,"Live fleets already coordinate robots in production at customer sites, billing recurring revenue.",Its module has passed independent industrial certification and already runs on live production lines.,Its patent filing is a provisional application that is still pending.,122.3,132.3,109.3,280.6,122.281,132.443,109.24,280.564,14,14,14,14,TRUE,TRUE,TRUE,TRUE,FALSE,FALSE,FALSE,FALSE,1,FALSE,1,51,Female,2,"Stock Market, Crowdfunding",White,United States,United States,Full-Time,No,I think it was about how pitch decks are presented and how the info is either seen or skimmed over and if the deck info and the venture info can be understood easily helping make easier decisions,1972,1680,995
1192,disclosure_explanation,7,4,hq_first,1,3,2,4,Foliant,Paperloom,Pulsegrid,Sentyl,46c0bf32,84f4d358,f5bfffe5,bfc6f4d0,Enterprise Knowledge Retrieval,Document Automation,AI Observability,AI Security,2,4,1,3,1,2,3,4,2,4,3,1,5,6,4,4,25,35,25,15,0,1,0,0,1.5,-0.5,10,0,24,89,21,23,5,6,4,4,2,5,Its most advanced customer engagement is a pilot in two practice groups at a law firm.,An independent benchmark of its extraction accuracy is in progress but not yet finished.,It charges model vendors for access to anonymized benchmark data.,"It has completed a SOC 2 Type II audit, with the report available in its data room.",43.6,26.8,78,5,43.688,26.575,77.87,4.961,14,14,14,1,TRUE,TRUE,TRUE,TRUE,FALSE,FALSE,FALSE,FALSE,1,FALSE,1,64,Male,10,"ETF or ETC, Government Bonds, Stock Market, Crowdfunding",White,United States,United States,Full-Time,No,"my belief in the value of the pitches as substantive products and usages. patent pending matters, adoption, sale and waiting lists and scalability",444,1536,695
1194,disclosure,2,11,lq_first,3,1,4,2,Pulsegrid,Ironhall,Paperloom,Foliant,dff2e369,3e0eedc2,081e5fb5,3eed90b1,AI Observability,Edge-AI Hardware,Document Automation,Enterprise Knowledge Retrieval,3,2,4,1,4,1,2,3,4,3,1,2,5,4,4,4,10,10,70,10,0,0,1,1,0.5,0.5,-30,30,87,94,0,0,5,4,4,4,1,1,It charges model vendors for access to anonymized benchmark data.,Its module has passed independent industrial certification and already runs on live production lines.,An independent certification firm has completed an audit of its extraction accuracy and verified a benchmark lead.,Its most advanced customer engagement is a pilot in two practice groups at a law firm.,32,48.2,29.2,43.5,54.266,47.938,42.381,43.437,13,14,14,10,TRUE,TRUE,TRUE,TRUE,FALSE,FALSE,FALSE,FALSE,2,FALSE,1,39,Female,0,"ETF or ETC, Government Bonds, Stock Market, Crowdfunding",White,United States,United States,Full-Time,No,"I am not really sure. THose questions were so difficult though if you do not speak ""tech"" language. Maybe it is tesitng whether or not pretty slides resulted in higher investments.",865,1536,695
1195,disclosure,5,10,lq_first,3,1,4,2,Foliant,Curato,Pulsegrid,Ironhall,46c0bf32,37c0ca72,f5bfffe5,817f1201,Enterprise Knowledge Retrieval,AI Training Data,AI Observability,Edge-AI Hardware,3,2,4,1,3,2,1,4,1,4,2,3,4,5,7,4,0,0,100,0,0,0,1,1,-1,1,-50,50,87,88,7,15,4,5,7,4,1,1,Its most advanced customer engagement is a pilot in two practice groups at a law firm.,Its founders built data infrastructure together at a leading AI-data company and left senior roles to work on Curato full-time.,"Paying customers run it on production models, and it generates annual recurring revenue.","Its industrial certification is still in testing, and its first module is installing on a pilot line this quarter.",91.5,176.8,71.6,85.1,91.277,176.613,71.592,85.217,14,14,14,14,TRUE,TRUE,TRUE,TRUE,FALSE,FALSE,FALSE,FALSE,2,FALSE,1,36,Female,6,"ETF or ETC, Crowdfunding, Venture Capital fund",White,United States,United States,Full-Time,No,"I think y'all are studying my decision making skills when evaluating risk and rewards. Also since the design of the decks have nothing to do with the company and their performance, if we are able to judge the company by the info and not how the presentation looks.",1345,1920,955
1199,disclosure_explanation,7,6,hq_first,1,3,2,4,Paperloom,Axonmesh,Sentyl,Servora,340b9ba1,4fe27fae,0566fd88,e06655dc,Document Automation,Robotics Orchestration,AI Security,AI Inference Infrastructure,1,4,2,3,4,2,1,3,3,2,4,1,4,6,5,2,20,35,25,20,0,0,1,1,1.5,0.5,5,-5,79,100,81,5,4,6,5,2,1,6,An independent benchmark of its extraction accuracy is in progress but not yet finished.,"Live fleets already coordinate robots in production at customer sites, billing recurring revenue.","It has completed a SOC 2 Type II audit, with the report available in its data room.",Its patent filing is a provisional application that is still pending.,48.1,15.1,5.8,375.2,48.166,15.082,5.783,379.943,2,1,1,14,TRUE,TRUE,TRUE,TRUE,FALSE,FALSE,FALSE,FALSE,1,FALSE,1,26,Other,1,Private Equity fund,Asian,Canada,Pakistan,Full-Time,No,"Looking at these decks and questions, this whole thing feels like a behavioral experiment on venture evaluation and startup decision-making.

What it looks like they're testing:

Capital Allocation Under Uncertainty: How people divide a limited pool of capital (100 units) across different tech verticals (robotics, AI security, document automation, infrastructure) when balancing potential upside against execution risk.

Traction vs. Hype: Seeing whether investors/analysts actually care more about real production ARR and granted patents (like Axonmesh) versus hype-heavy, early-stage ideas that only have waitlists or provisional patents (like Servora or Pulsegrid).

Attention to Detail: The fact-check multiple-choice questions right before the allocation prompt are almost certainly ""attention checks"" to make sure you're actually reading the fine print in the slides rather than just guessing.

Basically, it's measuring how structured, risk-averse, or hype-driven your investment logic is when presented with standardized startup pitches

",1663,2049,967
1200,control,1,7,hq_first,1,3,2,4,Sentyl,Servora,Axonmesh,Curato,bcd14e91,e55a120c,e6065b1a,14efa601,AI Security,AI Inference Infrastructure,Robotics Orchestration,AI Training Data,2,4,1,3,3,4,1,2,3,4,1,2,5,7,6,3,10,65,20,5,1,1,1,1,1.5,0.5,25,-20,38,41,68,38,5,7,6,3,2,2,"It has completed a SOC 2 Type II audit, with the report available in its data room.",Its patent filing is a provisional application that is still pending.,"Live fleets already coordinate robots in production at customer sites, billing recurring revenue.","Its founders are building Curato part-time alongside their current jobs, with the advisory board still forming.",166.4,92.3,178.2,110.7,558.782,368.418,652.087,506.405,14,14,14,14,TRUE,TRUE,TRUE,TRUE,FALSE,FALSE,FALSE,FALSE,1,FALSE,1,63,Male,9,"ETF or ETC, Stock Market, Options, Crowdfunding",White,United States,United States,Full-Time,No,The study aims to see how ranking correlates with the information provided.,3465,1600,765
1201,disclosure,5,13,lq_first,3,1,4,2,Sentyl,Pulsegrid,Axonmesh,Paperloom,bcd14e91,2055e10c,e6065b1a,e20d4e90,AI Security,AI Observability,Robotics Orchestration,Document Automation,3,1,4,2,4,1,2,3,4,3,2,1,7,4,5,3,50,5,40,5,1,0,1,1,1.5,2.5,5,40,61,31,5,69,7,4,5,3,2,2,"It has completed a SOC 2 Type II audit, with the report available in its data room.",It charges model vendors for access to anonymized benchmark data.,"Live fleets already coordinate robots in production at customer sites, billing recurring revenue.",An independent benchmark of its extraction accuracy is in progress but not yet finished.,142.4,126.7,147.5,158.4,153.845,129.901,160.141,167.422,14,14,14,14,TRUE,TRUE,TRUE,TRUE,FALSE,FALSE,FALSE,FALSE,1,FALSE,1,38,Male,0,"ETF or ETC, Government Bonds, Stock Market, Options, Crowdfunding",Asian,United States,United States,Part-Time,No,how we evaluate startup pitches' worth based on limited information.,1182,1670,1279
1202,control,1,2,hq_first,1,3,2,4,Curato,Foliant,Ironhall,Pulsegrid,6b81ec39,08321160,87b7dfe9,e7f29679,AI Training Data,Enterprise Knowledge Retrieval,Edge-AI Hardware,AI Observability,2,3,1,4,2,1,4,3,2,3,1,4,7,4,7,2,40,5,40,15,1,1,1,1,1,4,-5,30,93,81,95,56,7,4,7,2,4,3,Its founders built data infrastructure together at a leading AI-data company and left senior roles to work on Curato full-time.,Its most advanced customer engagement is a pilot in two practice groups at a law firm.,Its module has passed independent industrial certification and already runs on live production lines.,"It is pre-revenue, with an open-beta cohort scheduled to start next month.",335.4,286.4,383.2,302,338.334,296.325,383.301,369.29,14,14,14,14,TRUE,TRUE,TRUE,TRUE,FALSE,FALSE,FALSE,FALSE,1,FALSE,1,48,Male,5,"ETF or ETC, Government Bonds, Stock Market, Private Equity fund, Options, Angel syndicate, Unit trusts",Prefer not to say,Canada,Canada,Other,No,"I think is about how people assess early stage startups based on anything from market size, traction (pilots, LOIs, ARR, etc.), business model, founder profiles, and risk. I would guess the study is trying to figure out or weigh which of these factors impacts decisions the most.",2303,1655,829
1205,disclosure,4,10,lq_first,3,1,4,2,Foliant,Curato,Pulsegrid,Ironhall,46c0bf32,37c0ca72,f5bfffe5,817f1201,Enterprise Knowledge Retrieval,AI Training Data,AI Observability,Edge-AI Hardware,3,2,4,1,3,4,2,1,4,2,3,1,6,6,3,2,10,30,50,10,0,1,1,0,3.5,0.5,-10,10,82,79,8,18,6,6,3,2,5,5,Its most advanced customer engagement is a pilot in two practice groups at a law firm.,"Its founders are building Curato part-time alongside their current jobs, with the advisory board still forming.","Paying customers run it on production models, and it generates annual recurring revenue.",Its module has passed independent industrial certification and already runs on live production lines.,42.2,68.3,17.7,111,42.345,68.201,17.51,110.807,14,14,14,14,TRUE,TRUE,TRUE,TRUE,FALSE,FALSE,FALSE,FALSE,2,FALSE,1,50,Male,1,"ETF or ETC, Government Bonds, Stock Market, Crowdfunding",White,United States,United States,Full-Time,Yes,To see how much presentation affected the users retention.,551,1272,588
1206,disclosure_explanation,7,7,hq_first,1,3,2,4,Sentyl,Servora,Axonmesh,Curato,bcd14e91,e55a120c,e6065b1a,14efa601,AI Security,AI Inference Infrastructure,Robotics Orchestration,AI Training Data,1,4,2,3,2,3,1,4,4,3,1,2,5,3,5,3,40,10,40,10,1,1,1,1,0,2,0,30,60,62,33,25,5,3,5,3,5,4,"It has completed a SOC 2 Type II audit, with the report available in its data room.",Its patent filing is a provisional application that is still pending.,"Live fleets already coordinate robots in production at customer sites, billing recurring revenue.","Its founders are building Curato part-time alongside their current jobs, with the advisory board still forming.",211.7,163.6,234.2,163.5,213.252,163.688,234.206,163.538,14,14,14,14,TRUE,TRUE,TRUE,TRUE,FALSE,FALSE,FALSE,FALSE,1,FALSE,1,38,Male,3,"ETF or ETC, Stock Market, Unit trusts, Crowdfunding",Asian,United Kingdom,United Kingdom,Full-Time,Maybe a little,How presentation design affects investor willingness to engage.,1372,1920,919
1212,disclosure,3,3,hq_first,1,3,2,4,Ironhall,Pulsegrid,Foliant,Paperloom,b5fef669,2055e10c,fa1fe22c,e20d4e90,Edge-AI Hardware,AI Observability,Enterprise Knowledge Retrieval,Document Automation,1,4,2,3,2,3,4,1,2,1,3,4,6,5,3,4,40,30,15,15,0,0,0,1,2,0,20,5,82,70,34,22,6,5,3,4,4,5,"Its industrial certification is still in testing, and its first module is installing on a pilot line this quarter.",It charges model vendors for access to anonymized benchmark data.,Its deployments run exclusively inside the founders' former employer.,An independent benchmark of its extraction accuracy is in progress but not yet finished.,348.3,346,224.7,189.8,348.347,347.631,226.621,191.63,14,14,14,14,TRUE,TRUE,TRUE,TRUE,FALSE,FALSE,FALSE,FALSE,2,FALSE,1,55,Female,1,"ETF or ETC, Venture Capital fund",Black,United States,United States,Full-Time,No,I think this study is about new and upcoming ventures showcasting their strengths and weaknesses.,2132,1522,688
1213,disclosure_explanation,7,14,lq_first,3,1,4,2,Axonmesh,Paperloom,Servora,Sentyl,f36cc003,84f4d358,574d1367,bfc6f4d0,Robotics Orchestration,Document Automation,AI Inference Infrastructure,AI Security,3,1,4,2,1,4,2,3,1,3,2,4,5,7,5,4,30,20,25,25,0,1,1,1,1.5,-0.5,0,5,74,86,47,45,5,7,5,4,6,6,Its deployments are paused while its scheduler undergoes a safety recall.,An independent benchmark of its extraction accuracy is in progress but not yet finished.,"Its core patent has been granted, with further claims in prosecution.",Its SOC 2 Type II audit is scheduled but has not yet taken place.,124.2,207.3,120,154,160.554,282.863,124.953,200.858,14,14,14,14,TRUE,TRUE,TRUE,TRUE,FALSE,FALSE,FALSE,FALSE,1,FALSE,1,42,Female,0,"Stock Market, Private Equity fund, Other",Asian,India,India,Unemployed (and job seeking),Maybe a little,The study was about evaluating four startup ventures by reviewing their pitch decks and assessing which ones seemed most promising as investment opportunities. We then had to allocate 100 units of investment capital among the four ventures based on our judgment. The study also included a performance-based bonus linked to the quality of the venture selected from our allocation.,2586,1920,911
1215,disclosure,3,10,lq_first,3,1,4,2,Foliant,Curato,Pulsegrid,Ironhall,46c0bf32,37c0ca72,f5bfffe5,817f1201,Enterprise Knowledge Retrieval,AI Training Data,AI Observability,Edge-AI Hardware,4,2,3,1,2,4,3,1,3,2,4,1,6,4,1,4,100,0,0,0,1,0,0,0,2.5,-0.5,50,50,85,66,0,0,6,4,1,4,6,3,A bank customer has rolled Foliant out organization-wide after a successful pilot.,Its founders built data infrastructure together at a leading AI-data company and left senior roles to work on Curato full-time.,It charges model vendors for access to anonymized benchmark data.,Its module has passed independent industrial certification and already runs on live production lines.,107.6,109.4,64.9,73.4,107.541,109.483,64.933,73.527,14,14,14,14,TRUE,TRUE,TRUE,TRUE,FALSE,FALSE,FALSE,FALSE,2,FALSE,1,41,Female,0,"ETF or ETC, Crowdfunding",White,United States,United States,Unemployed (and job seeking),No,How the design of a deck affects how much info a viewer retains??? Honestly no clue,684,1463,720
1216,disclosure_explanation,7,7,hq_first,1,3,2,4,Sentyl,Servora,Axonmesh,Curato,bcd14e91,e55a120c,e6065b1a,14efa601,AI Security,AI Inference Infrastructure,Robotics Orchestration,AI Training Data,1,3,2,4,2,3,1,4,1,4,2,3,7,3,6,4,40,15,30,15,1,1,1,1,0,3,5,20,77,77,78,78,7,3,6,4,1,1,"It has completed a SOC 2 Type II audit, with the report available in its data room.",Its patent filing is a provisional application that is still pending.,"Live fleets already coordinate robots in production at customer sites, billing recurring revenue.","Its founders are building Curato part-time alongside their current jobs, with the advisory board still forming.",95.8,56.6,58.2,61.8,95.915,56.522,58.289,61.709,14,14,14,14,TRUE,TRUE,TRUE,TRUE,FALSE,FALSE,FALSE,FALSE,1,FALSE,1,60,Male,27,"Stock Market, Government Bonds, Crowdfunding",White,United States,United States,Unemployed (and job seeking),No,don't know,1257,1308,753
1217,disclosure_explanation,8,5,hq_first,1,3,2,4,Pulsegrid,Sentyl,Paperloom,Axonmesh,dff2e369,90a19744,081e5fb5,c7e2221f,AI Observability,AI Security,Document Automation,Robotics Orchestration,2,4,1,3,2,3,4,1,1,3,2,4,5,3,7,4,10,5,80,5,1,0,0,0,-1.5,2.5,-35,40,100,93,33,33,5,3,7,4,2,2,"Paying customers run it on production models, and it generates annual recurring revenue.",Its compliance certifications are inherited from its cloud hosting provider.,An independent benchmark of its extraction accuracy is in progress but not yet finished.,"Live fleets already coordinate robots in production at customer sites, billing recurring revenue.",107.8,136,82.4,140.3,107.698,136.03,82.436,140.271,14,14,14,14,TRUE,TRUE,TRUE,TRUE,FALSE,FALSE,FALSE,FALSE,1,FALSE,1,62,Female,0,"ETF or ETC, Stock Market, Crowdfunding",White,United States,United States,Full-Time,No,Professional looking design versus substance,820,1798,1038
1218,disclosure,2,4,hq_first,1,3,2,4,Foliant,Paperloom,Pulsegrid,Sentyl,46c0bf32,84f4d358,f5bfffe5,bfc6f4d0,Enterprise Knowledge Retrieval,Document Automation,AI Observability,AI Security,2,4,1,3,3,4,1,2,3,4,2,1,6,5,6,6,25,25,25,25,1,1,1,1,-0.5,0.5,0,0,95,97,4,0,6,5,6,6,4,4,A bank customer has rolled Foliant out organization-wide after a successful pilot.,An independent benchmark of its extraction accuracy is in progress but not yet finished.,"Paying customers run it on production models, and it generates annual recurring revenue.",Its SOC 2 Type II audit is scheduled but has not yet taken place.,127.5,69.8,265.3,132.9,127.408,69.703,265.204,132.758,14,14,14,14,TRUE,TRUE,TRUE,TRUE,FALSE,FALSE,FALSE,FALSE,1,FALSE,1,29,Female,2,"ETF or ETC, Private Equity fund",White,Germany,Germany,Part-Time,No,It could be about how the presentation of a firm influences the will to invest or not invest,1874,1500,831
1220,disclosure,6,11,lq_first,3,1,4,2,Pulsegrid,Ironhall,Paperloom,Foliant,dff2e369,3e0eedc2,081e5fb5,3eed90b1,AI Observability,Edge-AI Hardware,Document Automation,Enterprise Knowledge Retrieval,4,2,3,1,1,2,4,3,1,3,4,2,5,5,6,6,10,20,30,40,1,1,1,1,-1,0,-20,-10,65,78,25,22,5,5,6,6,1,1,"Paying customers run it on production models, and it generates annual recurring revenue.","Its industrial certification is still in testing, and its first module is installing on a pilot line this quarter.",An independent certification firm has completed an audit of its extraction accuracy and verified a benchmark lead.,Its most advanced customer engagement is a pilot in two practice groups at a law firm.,70.8,96,87.4,105.9,70.616,96.174,87.453,105.903,14,14,14,14,TRUE,TRUE,TRUE,TRUE,FALSE,FALSE,FALSE,FALSE,1,FALSE,1,32,Female,0,"Stock Market, Unit trusts, Private Equity fund",White,United Kingdom,South Africa,Full-Time,Maybe a little,Evaluating whether the design of a pitch deck impacts its appeal to investors.,944,1280,585
1223,control,1,3,hq_first,1,3,2,4,Ironhall,Pulsegrid,Foliant,Paperloom,b5fef669,2055e10c,fa1fe22c,e20d4e90,Edge-AI Hardware,AI Observability,Enterprise Knowledge Retrieval,Document Automation,2,3,1,4,2,3,4,1,2,1,4,3,6,5,7,4,20,20,50,10,1,1,1,0,0,2,-10,20,76,71,98,42,6,5,7,4,5,5,Its module has passed independent industrial certification and already runs on live production lines.,"It is pre-revenue, with an open-beta cohort scheduled to start next month.",A bank customer has rolled Foliant out organization-wide after a successful pilot.,Its accuracy has been validated only in a peer-reviewed academic study.,136.6,136.8,186.3,32.8,136.545,136.822,186.344,32.818,14,14,14,1,TRUE,TRUE,TRUE,TRUE,FALSE,FALSE,FALSE,FALSE,1,FALSE,1,25,Male,1,"ETF or ETC, Stock Market, Crowdfunding",White,Germany,Germany,Part-Time,No,About finding out which AI inventions are the most promising,897,1920,919
1224,disclosure,2,14,lq_first,3,1,4,2,Axonmesh,Paperloom,Servora,Sentyl,f36cc003,84f4d358,574d1367,bfc6f4d0,Robotics Orchestration,Document Automation,AI Inference Infrastructure,AI Security,3,1,4,2,1,2,4,3,1,3,4,2,5,2,3,7,0,20,80,0,1,1,1,0,-1.5,-0.5,-30,30,32,91,36,29,5,2,3,7,1,4,"Live fleets already coordinate robots in production at customer sites, billing recurring revenue.",An independent benchmark of its extraction accuracy is in progress but not yet finished.,"Its core patent has been granted, with further claims in prosecution.",It has decided to defer formal security audits until after this funding round.,253.9,239.8,858.2,308.3,258.392,244.203,859.597,313.521,14,14,14,14,TRUE,TRUE,TRUE,TRUE,FALSE,FALSE,FALSE,FALSE,2,FALSE,1,40,Male,3,"ETF or ETC, Stock Market, Crowdfunding",Asian,United Kingdom,United Kingdom,Full-Time,No,Capital allocation from startup companies after reading their various pitch decks,1983,1920,922
1225,disclosure,5,2,hq_first,1,3,2,4,Curato,Foliant,Ironhall,Pulsegrid,6b81ec39,08321160,87b7dfe9,e7f29679,AI Training Data,Enterprise Knowledge Retrieval,Edge-AI Hardware,AI Observability,1,4,2,3,1,3,2,4,3,1,2,4,5,4,4,4,10,30,15,45,0,0,1,0,0.5,0.5,-10,-25,43,71,75,71,5,4,4,4,4,5,"An outside CEO was hired to lead the company, with the founders in technical roles.",Its deployments run exclusively inside the founders' former employer.,Its module has passed independent industrial certification and already runs on live production lines.,"Paying customers run it on production models, and it generates annual recurring revenue.",30.2,33.4,108.3,38,34.833,44.973,114.096,37.965,14,14,14,14,TRUE,TRUE,TRUE,TRUE,FALSE,FALSE,FALSE,FALSE,2,FALSE,1,31,Male,2,"Stock Market, Government Bonds, Private Equity fund",White,United Kingdom,United Kingdom,Full-Time,No,To see how people evaluate AI designed slide decks,955,1920,953
1226,disclosure,6,1,hq_first,1,3,2,4,Servora,Ironhall,Curato,Foliant,737deb7d,3e0eedc2,cbc833b1,3eed90b1,AI Inference Infrastructure,Edge-AI Hardware,AI Training Data,Enterprise Knowledge Retrieval,2,4,1,3,3,4,2,1,1,4,3,2,6,4,5,2,40,20,30,10,1,1,1,1,1.5,2.5,10,20,85,33,36,83,6,4,5,2,3,5,"Its core patent has been granted, with further claims in prosecution.","Its industrial certification is still in testing, and its first module is installing on a pilot line this quarter.",Its founders built data infrastructure together at a leading AI-data company and left senior roles to work on Curato full-time.,Its most advanced customer engagement is a pilot in two practice groups at a law firm.,153.1,169.8,175.9,123.1,153.149,172.752,175.824,127.832,14,14,14,14,TRUE,TRUE,TRUE,TRUE,FALSE,FALSE,FALSE,FALSE,1,FALSE,1,23,Female,0,"Stock Market, Private Equity fund",Asian,India,India,Full-Time,No,Rating 4 start-up pitches and allotting them tokens of investment based on their merits,1147,1920,945
1229,disclosure,6,10,lq_first,3,1,4,2,Foliant,Curato,Pulsegrid,Ironhall,46c0bf32,37c0ca72,f5bfffe5,817f1201,Enterprise Knowledge Retrieval,AI Training Data,AI Observability,Edge-AI Hardware,4,2,3,1,3,1,4,2,3,4,2,1,7,2,6,4,80,0,20,0,1,1,0,1,-0.5,3.5,30,50,100,62,41,35,7,2,6,4,5,3,A bank customer has rolled Foliant out organization-wide after a successful pilot.,"Its founders are building Curato part-time alongside their current jobs, with the advisory board still forming.","It is pre-revenue, with an open-beta cohort scheduled to start next month.","Its industrial certification is still in testing, and its first module is installing on a pilot line this quarter.",178.6,208.3,161.6,155,178.553,208.331,161.571,154.7,14,14,14,14,TRUE,TRUE,TRUE,TRUE,FALSE,FALSE,FALSE,FALSE,1,FALSE,1,31,Male,4,"ETF or ETC, Stock Market, Private Equity fund, Crowdfunding, Other",White,United Kingdom,Lithuania,Full-Time,Maybe a little,The effects of the visual elements of a presentation on investment decision making,1159,1280,607
1231,disclosure_explanation,7,15,lq_first,3,1,4,2,Servora,Sentyl,Curato,Axonmesh,737deb7d,90a19744,cbc833b1,c7e2221f,AI Inference Infrastructure,AI Security,AI Training Data,Robotics Orchestration,4,2,3,1,3,1,2,4,4,1,2,3,4,7,7,3,50,0,50,0,1,1,1,1,0.5,0.5,0,50,17,27,89,30,4,7,7,3,1,1,"Its core patent has been granted, with further claims in prosecution.",Its SOC 2 Type II audit is scheduled but has not yet taken place.,Its founders built data infrastructure together at a leading AI-data company and left senior roles to work on Curato full-time.,Its deployment to date is one pilot fleet running daily at a single design partner's warehouse.,115.5,271.8,97.1,141.4,115.368,271.624,99.493,141.578,14,14,14,14,TRUE,TRUE,TRUE,TRUE,FALSE,FALSE,FALSE,FALSE,1,FALSE,1,32,Male,0,"ETF or ETC, Stock Market, Options, Crowdfunding",White,Germany,Germany,"Not in paid work (e.g. homemaker', 'retired or disabled)",No,If our investment decisions are influenced by how easy we process the information in the pitch deck.,947,1512,798
1232,disclosure,4,5,hq_first,1,3,2,4,Pulsegrid,Sentyl,Paperloom,Axonmesh,dff2e369,90a19744,081e5fb5,c7e2221f,AI Observability,AI Security,Document Automation,Robotics Orchestration,1,3,2,4,1,2,4,3,4,2,1,3,5,5,1,3,10,50,30,10,1,0,1,0,3,-1,10,-10,84,76,5,15,5,5,1,3,3,4,"Paying customers run it on production models, and it generates annual recurring revenue.","It has completed a SOC 2 Type II audit, with the report available in its data room.",An independent certification firm has completed an audit of its extraction accuracy and verified a benchmark lead.,Its coordination software has so far run only in simulation.,161.3,68.7,53.6,53.7,161.317,68.582,53.594,53.434,14,14,14,14,TRUE,TRUE,TRUE,TRUE,FALSE,FALSE,FALSE,FALSE,3,FALSE,1,41,Male,11,"Stock Market, Government Bonds, Crowdfunding, Private Equity fund",White,United Kingdom,United Kingdom,Full-Time,Maybe a little,A test on AI written slide decks to see if they capture the intent,737,3840,2038
1233,disclosure,2,12,lq_first,3,1,4,2,Paperloom,Foliant,Sentyl,Pulsegrid,340b9ba1,08321160,0566fd88,e7f29679,Document Automation,Enterprise Knowledge Retrieval,AI Security,AI Observability,4,2,3,1,4,1,3,2,4,3,2,1,6,5,5,4,50,5,40,5,1,1,0,0,1,1,5,40,95,73,69,31,6,5,5,4,6,4,An independent certification firm has completed an audit of its extraction accuracy and verified a benchmark lead.,Its most advanced customer engagement is a pilot in two practice groups at a law firm.,Its compliance certifications are inherited from its cloud hosting provider.,It charges model vendors for access to anonymized benchmark data.,80.7,142.8,86.5,155.3,80.801,142.861,86.342,155.245,14,14,14,14,TRUE,TRUE,TRUE,TRUE,FALSE,FALSE,FALSE,FALSE,2,FALSE,1,50,Female,1,"Government Bonds, Stock Market, Crowdfunding, Other",White,United Kingdom,United Kingdom,NA,No,Understanding ventures and how people are influenced,782,1912,914
1238,control,1,11,lq_first,3,1,4,2,Pulsegrid,Ironhall,Paperloom,Foliant,dff2e369,3e0eedc2,081e5fb5,3eed90b1,AI Observability,Edge-AI Hardware,Document Automation,Enterprise Knowledge Retrieval,3,1,4,2,1,4,2,3,3,4,2,1,6,4,5,4,50,10,35,5,1,1,1,1,0.5,1.5,10,35,100,73,78,62,6,4,5,4,3,1,"Paying customers run it on production models, and it generates annual recurring revenue.","Its industrial certification is still in testing, and its first module is installing on a pilot line this quarter.",An independent certification firm has completed an audit of its extraction accuracy and verified a benchmark lead.,Its most advanced customer engagement is a pilot in two practice groups at a law firm.,224,141.6,224.9,170.6,224.069,141.487,224.801,170.636,14,14,14,14,TRUE,TRUE,TRUE,TRUE,FALSE,FALSE,FALSE,FALSE,1,FALSE,1,25,Male,7,"ETF or ETC, Government Bonds, Stock Market, Options, Crowdfunding",White,United Kingdom,United Kingdom,"Not in paid work (e.g. homemaker', 'retired or disabled)",No,"evaluating what metrics investors care about when evaluating companies to make investments in. Whether things like being pre revenue matter. Whether theyre enticed by higher risk for potential higher returns,",1325,1280,720
1239,disclosure,3,7,hq_first,1,3,2,4,Sentyl,Servora,Axonmesh,Curato,bcd14e91,e55a120c,e6065b1a,14efa601,AI Security,AI Inference Infrastructure,Robotics Orchestration,AI Training Data,1,3,2,4,1,3,2,4,1,4,3,2,4,6,7,6,20,30,30,20,1,0,1,0,-1.5,-0.5,0,0,69,93,86,85,4,6,7,6,7,6,"It has completed a SOC 2 Type II audit, with the report available in its data room.",Its technology is patented by a university and licensed to the company exclusively.,"Live fleets already coordinate robots in production at customer sites, billing recurring revenue.",Its founders built data infrastructure together at a leading AI-data company and left senior roles to work on Curato full-time.,161.5,44.9,76,36.3,161.253,44.78,76.015,36.133,14,14,14,14,TRUE,TRUE,TRUE,TRUE,FALSE,FALSE,FALSE,FALSE,3,TRUE,1,34,Male,15,"Stock Market, Government Bonds, Private Equity fund",White,United Kingdom,Lithuania,Full-Time,No,About the different AI companies providing they services and showing they performance over the years. Each providing services and pricing,812,1920,945
1240,disclosure,5,14,lq_first,3,1,4,2,Axonmesh,Paperloom,Servora,Sentyl,f36cc003,84f4d358,574d1367,bfc6f4d0,Robotics Orchestration,Document Automation,AI Inference Infrastructure,AI Security,4,2,3,1,2,3,4,1,3,1,2,4,6,4,7,4,30,20,40,10,0,1,1,1,-0.5,2.5,0,20,83,100,42,8,6,4,7,4,5,6,Its deployment to date is one pilot fleet running daily at a single design partner's warehouse.,An independent benchmark of its extraction accuracy is in progress but not yet finished.,"Its core patent has been granted, with further claims in prosecution.",Its SOC 2 Type II audit is scheduled but has not yet taken place.,174.6,201.5,180.5,206.2,174.69,201.587,180.401,206.198,14,14,14,14,TRUE,TRUE,TRUE,TRUE,FALSE,FALSE,FALSE,FALSE,2,FALSE,1,39,Male,0,"ETF or ETC, Government Bonds, Stock Market, Unit trusts, Private Equity fund",White,United Kingdom,United Kingdom,Part-Time,Maybe a little,I am not sure.,1117,1472,785
1241,disclosure,4,4,hq_first,1,3,2,4,Foliant,Paperloom,Pulsegrid,Sentyl,46c0bf32,84f4d358,f5bfffe5,bfc6f4d0,Enterprise Knowledge Retrieval,Document Automation,AI Observability,AI Security,1,4,2,3,4,1,2,3,4,3,1,2,6,5,4,5,35,25,15,25,0,1,0,1,1,0,10,0,78,61,34,21,6,5,4,5,1,1,Its most advanced customer engagement is a pilot in two practice groups at a law firm.,An independent benchmark of its extraction accuracy is in progress but not yet finished.,"It is pre-revenue, with an open-beta cohort scheduled to start next month.",Its SOC 2 Type II audit is scheduled but has not yet taken place.,215.2,58,100,67,215.153,57.919,99.905,67.097,14,14,14,14,TRUE,TRUE,TRUE,TRUE,FALSE,FALSE,FALSE,FALSE,2,FALSE,1,40,Male,2,"ETF or ETC, Stock Market, Crowdfunding, Options",White,Canada,United Kingdom,Full-Time,No,"This study was about AI start-up companies trying to get extra investment to grow. I had to read and decide, out of four companies who gets the larger share of capital.",1011,1470,743
1243,disclosure,2,3,hq_first,1,3,2,4,Ironhall,Pulsegrid,Foliant,Paperloom,b5fef669,2055e10c,fa1fe22c,e20d4e90,Edge-AI Hardware,AI Observability,Enterprise Knowledge Retrieval,Document Automation,2,4,1,3,2,1,3,4,1,2,4,3,6,3,5,4,45,35,8,12,1,1,1,1,0,2,30,3,56,79,68,77,6,3,5,4,4,5,Its module has passed independent industrial certification and already runs on live production lines.,"It is pre-revenue, with an open-beta cohort scheduled to start next month.",A bank customer has rolled Foliant out organization-wide after a successful pilot.,An independent benchmark of its extraction accuracy is in progress but not yet finished.,151.1,142.9,89.9,94.2,150.952,143.052,90.002,94.142,14,14,14,14,TRUE,TRUE,TRUE,TRUE,FALSE,FALSE,FALSE,FALSE,2,FALSE,1,29,Female,3,"ETF or ETC, Government Bonds, Angel syndicate, Private Equity fund, Stock Market, Crowdfunding",Asian,India,India,Due to start a new job within the next month,No,It was about the investment allocation strategy.,1249,1366,633
1245,disclosure_explanation,8,3,hq_first,1,3,2,4,Ironhall,Pulsegrid,Foliant,Paperloom,b5fef669,2055e10c,fa1fe22c,e20d4e90,Edge-AI Hardware,AI Observability,Enterprise Knowledge Retrieval,Document Automation,1,3,2,4,1,4,2,3,2,3,1,4,5,3,4,4,38,15,20,27,1,1,1,1,0,1,3,8,100,0,0,0,5,3,4,4,1,1,Its module has passed independent industrial certification and already runs on live production lines.,"It is pre-revenue, with an open-beta cohort scheduled to start next month.",A bank customer has rolled Foliant out organization-wide after a successful pilot.,An independent benchmark of its extraction accuracy is in progress but not yet finished.,214.7,7.6,167.3,90.7,214.884,7.643,167.172,90.669,14,1,14,14,TRUE,TRUE,TRUE,TRUE,FALSE,FALSE,FALSE,FALSE,1,FALSE,1,61,Male,0,"ETF or ETC, Stock Market, Unit trusts, Crowdfunding",White,United Kingdom,United Kingdom,Part-Time,Maybe a little,Not sure,922,1440,810
1246,disclosure,5,7,hq_first,1,3,2,4,Sentyl,Servora,Axonmesh,Curato,bcd14e91,e55a120c,e6065b1a,14efa601,AI Security,AI Inference Infrastructure,Robotics Orchestration,AI Training Data,1,4,2,3,1,3,2,4,4,3,2,1,7,4,6,4,50,10,30,10,0,1,1,1,0.5,2.5,10,30,81,74,76,73,7,4,6,4,1,1,Its SOC 2 Type II audit is scheduled but has not yet taken place.,Its patent filing is a provisional application that is still pending.,"Live fleets already coordinate robots in production at customer sites, billing recurring revenue.","Its founders are building Curato part-time alongside their current jobs, with the advisory board still forming.",211.7,194,219.8,182.9,211.891,194.081,219.6,182.767,14,14,14,14,TRUE,TRUE,TRUE,TRUE,FALSE,FALSE,FALSE,FALSE,1,FALSE,1,47,Male,10,"ETF or ETC, Crowdfunding",White,United Kingdom,United Kingdom,Full-Time,No,Assessing business presentations for seed funding.,1088,1920,919
1250,disclosure,3,14,lq_first,3,1,4,2,Axonmesh,Paperloom,Servora,Sentyl,f36cc003,84f4d358,574d1367,bfc6f4d0,Robotics Orchestration,Document Automation,AI Inference Infrastructure,AI Security,4,1,3,2,4,3,1,2,4,2,3,1,5,2,6,4,35,10,40,15,1,1,0,0,-1.5,2.5,-5,25,63,91,72,65,5,2,6,4,1,7,"Live fleets already coordinate robots in production at customer sites, billing recurring revenue.",An independent benchmark of its extraction accuracy is in progress but not yet finished.,Its technology is patented by a university and licensed to the company exclusively.,Its compliance certifications are inherited from its cloud hosting provider.,285.5,459.5,297.9,333.2,285.517,459.352,297.881,333.358,14,14,14,14,TRUE,TRUE,TRUE,TRUE,FALSE,FALSE,FALSE,FALSE,1,FALSE,1,38,Female,2,"Stock Market, Private Equity fund, ETF or ETC",Asian,United Kingdom,India,Part-Time,Maybe a little,To review the venture and check how aware we are of what's presented in the decks,2145,1800,949
1251,disclosure,2,5,hq_first,1,3,2,4,Pulsegrid,Sentyl,Paperloom,Axonmesh,dff2e369,90a19744,081e5fb5,c7e2221f,AI Observability,AI Security,Document Automation,Robotics Orchestration,1,3,2,4,1,3,4,2,1,4,2,3,4,6,5,5,5,30,30,35,0,1,1,0,0,-1,-15,-15,62,67,67,76,4,6,5,5,1,4,Its revenue comes chiefly from paid consulting and integration projects.,Its SOC 2 Type II audit is scheduled but has not yet taken place.,An independent certification firm has completed an audit of its extraction accuracy and verified a benchmark lead.,"Live fleets already coordinate robots in production at customer sites, billing recurring revenue.",431.1,257.8,275.5,208,431.151,257.782,275.271,207.914,14,14,14,14,TRUE,TRUE,TRUE,TRUE,FALSE,FALSE,FALSE,FALSE,2,FALSE,1,43,Male,0,"Stock Market, Private Equity fund, Government Bonds",White,United States,United States,Full-Time,No,Different AI adjacent businesses.,1697,1440,797
1252,disclosure,3,4,hq_first,1,3,2,4,Foliant,Paperloom,Pulsegrid,Sentyl,46c0bf32,84f4d358,f5bfffe5,bfc6f4d0,Enterprise Knowledge Retrieval,Document Automation,AI Observability,AI Security,1,4,2,3,1,3,4,2,4,3,2,1,5,4,2,4,90,10,0,0,1,1,1,0,1.5,-0.5,50,40,95,75,1,8,5,4,2,4,4,5,A bank customer has rolled Foliant out organization-wide after a successful pilot.,An independent benchmark of its extraction accuracy is in progress but not yet finished.,"Paying customers run it on production models, and it generates annual recurring revenue.",It has decided to defer formal security audits until after this funding round.,120.2,154.6,99.7,90,119.891,154.555,99.581,96.101,14,14,14,14,TRUE,TRUE,TRUE,TRUE,FALSE,FALSE,FALSE,FALSE,1,FALSE,1,39,Female,0,"Stock Market, Crowdfunding",White,United Kingdom,United Kingdom,Full-Time,No,possibly how the design and format of decks can influence investors,774,1454,768
1253,disclosure_explanation,8,9,lq_first,3,1,4,2,Ironhall,Servora,Foliant,Curato,b5fef669,e55a120c,fa1fe22c,14efa601,Edge-AI Hardware,AI Inference Infrastructure,Enterprise Knowledge Retrieval,AI Training Data,3,1,4,2,4,3,1,2,4,3,2,1,5,5,2,4,35,30,30,5,1,1,0,0,2,-1,15,15,95,67,14,0,5,5,2,4,1,1,Its module has passed independent industrial certification and already runs on live production lines.,Its patent filing is a provisional application that is still pending.,Its deployments run exclusively inside the founders' former employer.,Its founders are academics who license the labelling technology from their university lab.,91.4,265.1,71.6,54.2,91.486,265.052,71.595,54.144,14,14,14,14,TRUE,TRUE,TRUE,TRUE,FALSE,FALSE,FALSE,FALSE,1,FALSE,1,38,Other,1,"Crowdfunding, Stock Market",White,United Kingdom,United Kingdom,Full-Time,No,Seeing how the same or simialr information can be put in different ways to lead someone to a different conclusion,919,1904,1017
1254,disclosure,5,12,lq_first,3,1,4,2,Paperloom,Foliant,Sentyl,Pulsegrid,340b9ba1,08321160,0566fd88,e7f29679,Document Automation,Enterprise Knowledge Retrieval,AI Security,AI Observability,3,2,4,1,4,2,3,1,3,1,4,2,7,5,7,5,50,5,40,5,1,1,1,1,0,2,5,40,82,78,25,30,7,5,7,5,1,1,An independent certification firm has completed an audit of its extraction accuracy and verified a benchmark lead.,Its most advanced customer engagement is a pilot in two practice groups at a law firm.,"It has completed a SOC 2 Type II audit, with the report available in its data room.","It is pre-revenue, with an open-beta cohort scheduled to start next month.",261.9,271.7,317.7,338.7,264.618,273.998,317.681,338.636,14,14,14,14,TRUE,TRUE,TRUE,TRUE,FALSE,FALSE,FALSE,FALSE,1,FALSE,1,43,Male,0,"Stock Market, Crowdfunding",White,United States,United States,Part-Time,No,How different numbers presented in different ways might affect the perception of the potential success of different ventures.,1646,1920,932
1256,control,1,9,lq_first,3,1,4,2,Ironhall,Servora,Foliant,Curato,b5fef669,e55a120c,fa1fe22c,14efa601,Edge-AI Hardware,AI Inference Infrastructure,Enterprise Knowledge Retrieval,AI Training Data,4,2,3,1,3,2,1,4,1,3,4,2,7,4,3,4,75,0,25,0,1,0,1,0,2,1,25,50,100,86,0,0,7,4,3,4,3,2,Its module has passed independent industrial certification and already runs on live production lines.,Its technology is patented by a university and licensed to the company exclusively.,A bank customer has rolled Foliant out organization-wide after a successful pilot.,Its founders built data infrastructure together at a leading AI-data company and left senior roles to work on Curato full-time.,226.9,159.3,130.9,73.8,226.815,159.283,130.911,73.806,14,14,14,14,TRUE,TRUE,TRUE,TRUE,FALSE,FALSE,FALSE,FALSE,1,FALSE,1,41,Female,3,Crowdfunding,White,United Kingdom,United Kingdom,Other,No,"I'm really not sure- the pitches were technical and hard to follow, so I don't think it was the content of them. Maybe more about the team members or partnerships- where they influence decisions?
",882,1528,794
1257,disclosure_explanation,8,11,lq_first,3,1,4,2,Pulsegrid,Ironhall,Paperloom,Foliant,dff2e369,3e0eedc2,081e5fb5,3eed90b1,AI Observability,Edge-AI Hardware,Document Automation,Enterprise Knowledge Retrieval,3,1,4,2,3,1,2,4,4,3,1,2,5,5,4,4,10,20,50,20,0,1,1,1,1,0,-20,10,66,74,11,25,5,5,4,4,1,1,Its revenue comes chiefly from paid consulting and integration projects.,"Its industrial certification is still in testing, and its first module is installing on a pilot line this quarter.",An independent certification firm has completed an audit of its extraction accuracy and verified a benchmark lead.,Its most advanced customer engagement is a pilot in two practice groups at a law firm.,37.5,163.2,65.6,29.9,37.686,163.09,65.5,29.755,14,14,14,14,TRUE,TRUE,TRUE,TRUE,FALSE,FALSE,FALSE,FALSE,1,FALSE,1,34,Male,0,"Crowdfunding, Government Bonds",White,United Kingdom,United Kingdom,Full-Time,No,the role of visuals in influencing financial decisions,617,1440,704
1259,disclosure_explanation,7,12,lq_first,3,1,4,2,Paperloom,Foliant,Sentyl,Pulsegrid,340b9ba1,08321160,0566fd88,e7f29679,Document Automation,Enterprise Knowledge Retrieval,AI Security,AI Observability,3,1,4,2,4,3,1,2,3,4,1,2,6,6,6,4,30,15,40,15,1,1,1,1,1,1,-5,20,89,100,64,34,6,6,6,4,1,1,An independent certification firm has completed an audit of its extraction accuracy and verified a benchmark lead.,Its most advanced customer engagement is a pilot in two practice groups at a law firm.,"It has completed a SOC 2 Type II audit, with the report available in its data room.","It is pre-revenue, with an open-beta cohort scheduled to start next month.",306.1,252.8,281.9,204.5,306.223,252.752,281.775,204.357,14,14,14,14,TRUE,TRUE,TRUE,TRUE,FALSE,FALSE,FALSE,FALSE,2,FALSE,1,26,Male,7,"Stock Market, ETF or ETC, Private Equity fund",Black,Canada,Nigeria,Full-Time,No,checking business models,1711,1189,989
1262,disclosure,2,1,hq_first,1,3,2,4,Servora,Ironhall,Curato,Foliant,737deb7d,3e0eedc2,cbc833b1,3eed90b1,AI Inference Infrastructure,Edge-AI Hardware,AI Training Data,Enterprise Knowledge Retrieval,1,3,2,4,4,2,3,1,2,1,3,4,5,2,4,3,50,0,50,0,1,1,1,1,0,2,0,50,80,94,82,76,5,2,4,3,3,3,"Its core patent has been granted, with further claims in prosecution.","Its industrial certification is still in testing, and its first module is installing on a pilot line this quarter.",Its founders built data infrastructure together at a leading AI-data company and left senior roles to work on Curato full-time.,Its most advanced customer engagement is a pilot in two practice groups at a law firm.,199.2,92.5,103.2,86.7,199.355,92.4,103.044,86.686,14,14,14,14,TRUE,TRUE,TRUE,TRUE,FALSE,FALSE,FALSE,FALSE,2,FALSE,1,23,Male,0,"ETF or ETC, Stock Market, Crowdfunding",Mixed,United States,United States,NA,Maybe a little,Peoples perceptions of venture capital.,760,2544,1398
1268,disclosure,5,13,lq_first,3,1,4,2,Sentyl,Pulsegrid,Axonmesh,Paperloom,bcd14e91,2055e10c,e6065b1a,e20d4e90,AI Security,AI Observability,Robotics Orchestration,Document Automation,3,2,4,1,4,1,2,3,4,1,2,3,2,3,6,2,5,20,70,5,1,1,1,1,-1.5,1.5,-25,25,83,80,86,22,2,3,6,2,1,1,"It has completed a SOC 2 Type II audit, with the report available in its data room.","It is pre-revenue, with an open-beta cohort scheduled to start next month.","Live fleets already coordinate robots in production at customer sites, billing recurring revenue.",An independent benchmark of its extraction accuracy is in progress but not yet finished.,66.9,80.6,54.2,54.7,66.801,80.858,54.199,54.719,14,14,14,14,TRUE,TRUE,TRUE,TRUE,FALSE,FALSE,FALSE,FALSE,1,FALSE,1,46,Male,0,"ETF or ETC, Government Bonds, Stock Market, Crowdfunding",White,United Kingdom,United Kingdom,Full-Time,No,I try not to speculate,461,1920,995
1271,disclosure_explanation,8,8,hq_first,1,3,2,4,Axonmesh,Curato,Servora,Ironhall,f36cc003,37c0ca72,574d1367,817f1201,Robotics Orchestration,AI Training Data,AI Inference Infrastructure,Edge-AI Hardware,1,4,2,3,3,2,4,1,4,3,1,2,5,4,4,4,80,5,10,5,1,0,1,1,0.5,0.5,35,40,77,36,35,78,5,4,4,4,6,5,"Live fleets already coordinate robots in production at customer sites, billing recurring revenue.",Its founders built data infrastructure together at a leading AI-data company and left senior roles to work on Curato full-time.,"Its core patent has been granted, with further claims in prosecution.","Its industrial certification is still in testing, and its first module is installing on a pilot line this quarter.",410.9,74,159.4,94.5,415.601,73.984,160.733,94.448,14,14,14,14,TRUE,TRUE,TRUE,TRUE,FALSE,FALSE,FALSE,FALSE,1,FALSE,1,35,Male,1,"ETF or ETC, Government Bonds, Stock Market, Unit trusts, Private Equity fund",Asian,India,India,Full-Time,Maybe a little,Its about presentation and its impacts,1587,1366,643
1272,disclosure,2,6,hq_first,1,3,2,4,Paperloom,Axonmesh,Sentyl,Servora,340b9ba1,4fe27fae,0566fd88,e06655dc,Document Automation,Robotics Orchestration,AI Security,AI Inference Infrastructure,1,4,2,3,4,3,2,1,2,4,3,1,5,4,6,5,60,25,5,10,1,1,1,1,-1,1,35,15,67,92,60,18,5,4,6,5,4,3,An independent certification firm has completed an audit of its extraction accuracy and verified a benchmark lead.,Its deployment to date is one pilot fleet running daily at a single design partner's warehouse.,"It has completed a SOC 2 Type II audit, with the report available in its data room.",Its patent filing is a provisional application that is still pending.,276.1,157.6,319.9,208.8,276.169,157.627,319.802,208.683,14,14,14,14,TRUE,TRUE,TRUE,TRUE,FALSE,FALSE,FALSE,FALSE,1,FALSE,1,35,Female,3,Crowdfunding,White,United States,United States,Full-Time,Maybe a little,"How people view the merits of a business based on its status (e.g., patented, audited) as well as the credentials of its founders. I think it could also be measuring how the readability and tone of a presentation can affect how much value people give to a product/idea, despite it's lack of credentials or experience.",1496,1920,914
1273,disclosure,4,5,hq_first,1,3,2,4,Pulsegrid,Sentyl,Paperloom,Axonmesh,dff2e369,90a19744,081e5fb5,c7e2221f,AI Observability,AI Security,Document Automation,Robotics Orchestration,2,4,1,3,3,4,1,2,2,3,1,4,5,5,6,2,30,20,40,10,1,1,1,1,1,2,0,20,10,36,25,16,5,5,6,2,3,4,"Paying customers run it on production models, and it generates annual recurring revenue.",Its SOC 2 Type II audit is scheduled but has not yet taken place.,An independent certification firm has completed an audit of its extraction accuracy and verified a benchmark lead.,Its deployment to date is one pilot fleet running daily at a single design partner's warehouse.,237.7,160.6,200.2,261.1,237.729,160.571,200.237,261.101,14,14,14,14,TRUE,TRUE,TRUE,TRUE,FALSE,FALSE,FALSE,FALSE,2,FALSE,1,29,Female,0,"ETF or ETC, Crowdfunding",Asian,Canada,Canada,Full-Time,No,Whether the visual appearance of pitch decks impact people's ability to judge their substantive quality.,1740,1280,720
1274,disclosure,6,15,lq_first,3,1,4,2,Servora,Sentyl,Curato,Axonmesh,737deb7d,90a19744,cbc833b1,c7e2221f,AI Inference Infrastructure,AI Security,AI Training Data,Robotics Orchestration,3,2,4,1,2,1,3,4,3,4,2,1,6,5,3,5,45,25,10,20,1,1,1,1,1.5,-0.5,20,5,74,71,57,69,6,5,3,5,1,1,"Its core patent has been granted, with further claims in prosecution.",Its SOC 2 Type II audit is scheduled but has not yet taken place.,Its founders built data infrastructure together at a leading AI-data company and left senior roles to work on Curato full-time.,Its deployment to date is one pilot fleet running daily at a single design partner's warehouse.,154.3,231.3,146.5,226.8,160.978,233.877,149.865,226.653,14,14,14,14,TRUE,TRUE,TRUE,TRUE,FALSE,FALSE,FALSE,FALSE,1,FALSE,1,44,Male,1,"Government Bonds, Crowdfunding",White,United Kingdom,United Kingdom,Full-Time,No,Whether the design of the presentation drove the decision maker,1049,1536,695
1277,control,1,9,lq_first,3,1,4,2,Ironhall,Servora,Foliant,Curato,b5fef669,e55a120c,fa1fe22c,14efa601,Edge-AI Hardware,AI Inference Infrastructure,Enterprise Knowledge Retrieval,AI Training Data,3,1,4,2,1,3,4,2,1,3,2,4,7,5,4,4,65,10,20,5,1,1,0,0,2,1,25,35,100,62,37,38,7,5,4,4,7,5,Its module has passed independent industrial certification and already runs on live production lines.,Its patent filing is a provisional application that is still pending.,Its most advanced customer engagement is a pilot in two practice groups at a law firm.,Its founders are academics who license the labelling technology from their university lab.,307.1,195.1,126.9,154.9,306.837,195.058,127.063,154.94,14,14,14,14,TRUE,TRUE,TRUE,TRUE,FALSE,FALSE,FALSE,FALSE,1,FALSE,1,59,Male,25,"Stock Market, Crowdfunding",Other,Canada,Canada,Part-Time,Yes,material quality have major influence on investors' decisions.,1340,1440,754
1278,disclosure_explanation,7,2,hq_first,1,3,2,4,Curato,Foliant,Ironhall,Pulsegrid,6b81ec39,08321160,87b7dfe9,e7f29679,AI Training Data,Enterprise Knowledge Retrieval,Edge-AI Hardware,AI Observability,2,4,1,3,3,2,1,4,1,2,4,3,4,5,3,6,20,40,15,25,1,0,0,0,0,-2,10,-15,28,89,10,56,4,5,3,6,1,1,Its founders built data infrastructure together at a leading AI-data company and left senior roles to work on Curato full-time.,A bank customer has rolled Foliant out organization-wide after a successful pilot.,Its module failed an initial certification audit and is being redesigned.,"Paying customers run it on production models, and it generates annual recurring revenue.",93.3,63.1,121.1,63.1,93.256,63.22,121.199,63.027,14,14,14,14,TRUE,TRUE,TRUE,TRUE,FALSE,FALSE,FALSE,FALSE,2,FALSE,1,30,Male,2,"ETF or ETC, Government Bonds, Stock Market, Private Equity fund, Options, Angel syndicate, Unit trusts, Venture Capital fund, Crowdfunding",Asian,India,India,Full-Time,Maybe a little,I think the study was about reviewing pitch deck created by an agency. Probably the study tries to see if different kind of info are presented in a different fashion then does it impact the investment decisions of the investors based on the slide deck on how it looks.,1266,1280,632
1280,disclosure_explanation,8,5,hq_first,1,3,2,4,Pulsegrid,Sentyl,Paperloom,Axonmesh,dff2e369,90a19744,081e5fb5,c7e2221f,AI Observability,AI Security,Document Automation,Robotics Orchestration,1,3,2,4,2,4,3,1,1,4,2,3,6,5,5,3,65,5,30,0,1,1,1,1,1.5,1.5,20,45,86,79,24,72,6,5,5,3,1,1,"Paying customers run it on production models, and it generates annual recurring revenue.",Its SOC 2 Type II audit is scheduled but has not yet taken place.,An independent certification firm has completed an audit of its extraction accuracy and verified a benchmark lead.,Its deployment to date is one pilot fleet running daily at a single design partner's warehouse.,272.5,195.1,230.8,132.7,272.559,195.005,230.992,132.773,14,14,14,14,TRUE,TRUE,TRUE,TRUE,FALSE,FALSE,FALSE,FALSE,1,FALSE,1,59,Female,23,"Stock Market, Crowdfunding",White,United States,United States,Full-Time,No,I think that this study was measuring how investable users feel that AI related companies are.,1277,1920,957
1281,disclosure_explanation,8,4,hq_first,1,3,2,4,Foliant,Paperloom,Pulsegrid,Sentyl,46c0bf32,84f4d358,f5bfffe5,bfc6f4d0,Enterprise Knowledge Retrieval,Document Automation,AI Observability,AI Security,1,4,2,3,3,2,4,1,4,1,2,3,2,6,7,5,10,50,20,20,1,1,0,1,-2,-1,10,-20,58,100,0,8,2,6,7,5,4,6,A bank customer has rolled Foliant out organization-wide after a successful pilot.,An independent benchmark of its extraction accuracy is in progress but not yet finished.,"It is pre-revenue, with an open-beta cohort scheduled to start next month.",Its SOC 2 Type II audit is scheduled but has not yet taken place.,160.9,115,130.5,126.3,160.768,114.834,130.759,126.139,14,14,14,14,TRUE,TRUE,TRUE,TRUE,FALSE,FALSE,FALSE,FALSE,3,FALSE,1,36,Female,12,"Stock Market, Crowdfunding",White,United Kingdom,United Kingdom,Full-Time,No,"How design/presentation can influence or engage a prospective investor. The grey, small font, minimal slides I felt were very unengaging, hard to read, so the fact I was struggling to read them lost me straight away. The other two with the bolder, light backgrounds drew me in instantly.",1204,2014,953
1282,disclosure,3,13,lq_first,3,1,4,2,Sentyl,Pulsegrid,Axonmesh,Paperloom,bcd14e91,2055e10c,e6065b1a,e20d4e90,AI Security,AI Observability,Robotics Orchestration,Document Automation,3,1,4,2,3,4,2,1,2,1,3,4,7,5,6,4,30,25,15,30,1,1,1,1,1,2,5,-5,91,89,20,15,7,5,6,4,6,4,"It has completed a SOC 2 Type II audit, with the report available in its data room.","It is pre-revenue, with an open-beta cohort scheduled to start next month.","Live fleets already coordinate robots in production at customer sites, billing recurring revenue.",An independent benchmark of its extraction accuracy is in progress but not yet finished.,55,175.1,52.7,87.8,54.908,175.246,52.823,87.847,14,14,14,14,TRUE,TRUE,TRUE,TRUE,FALSE,FALSE,FALSE,FALSE,2,FALSE,1,39,Female,4,"Government Bonds, Stock Market, Options, Private Equity fund, Other",Asian,India,India,Other,Maybe a little,"The Study was about evaluating startup pitch decks and assessing the potential of different business ventures. It required me to understand each company's solution, market, traction and growth potential. I then had to compare the four ventures and allocate 100 units of investment based on their perceived quality and return potential. Overall, it seemed designed to understand how people make investment decisions when evaluating early-stage startups.",2107,1536,695
1283,disclosure,4,14,lq_first,3,1,4,2,Axonmesh,Paperloom,Servora,Sentyl,f36cc003,84f4d358,574d1367,bfc6f4d0,Robotics Orchestration,Document Automation,AI Inference Infrastructure,AI Security,4,2,3,1,2,4,1,3,2,4,1,3,7,3,5,2,50,0,50,0,1,1,1,1,1.5,3.5,0,50,90,66,70,16,7,3,5,2,1,4,"Live fleets already coordinate robots in production at customer sites, billing recurring revenue.",An independent benchmark of its extraction accuracy is in progress but not yet finished.,"Its core patent has been granted, with further claims in prosecution.",Its SOC 2 Type II audit is scheduled but has not yet taken place.,171.9,253.6,214.1,196.4,174.145,253.462,230.208,196.469,14,14,14,14,TRUE,TRUE,TRUE,TRUE,FALSE,FALSE,FALSE,FALSE,2,FALSE,1,40,Male,0,"ETF or ETC, Stock Market, Crowdfunding",White,Canada,Canada,Full-Time,No,how company information impacts investment decisions,1314,1536,798
1284,disclosure,2,7,hq_first,1,3,2,4,Sentyl,Servora,Axonmesh,Curato,bcd14e91,e55a120c,e6065b1a,14efa601,AI Security,AI Inference Infrastructure,Robotics Orchestration,AI Training Data,1,4,2,3,4,1,2,3,1,2,4,3,7,5,6,4,30,32,20,18,1,1,1,1,1,2,12,0,100,100,43,24,7,5,6,4,1,1,"It has completed a SOC 2 Type II audit, with the report available in its data room.",Its patent filing is a provisional application that is still pending.,"Live fleets already coordinate robots in production at customer sites, billing recurring revenue.","Its founders are building Curato part-time alongside their current jobs, with the advisory board still forming.",514.8,274,185.9,395.8,515.055,273.9,185.909,395.967,14,14,14,14,TRUE,TRUE,TRUE,TRUE,FALSE,FALSE,FALSE,FALSE,1,FALSE,1,46,Female,1,"ETF or ETC, Stock Market, Venture Capital fund, Crowdfunding",Prefer not to say,United States,United States,Full-Time,No,I think the study was about how people evaluate different startup investment opportunities including how the information and visual presentation of the pitch decks influenced their opinions and investment decisions,2150,1601,739
1285,disclosure,3,8,hq_first,1,3,2,4,Axonmesh,Curato,Servora,Ironhall,f36cc003,37c0ca72,574d1367,817f1201,Robotics Orchestration,AI Training Data,AI Inference Infrastructure,Edge-AI Hardware,1,4,2,3,4,2,3,1,1,4,2,3,6,3,5,2,35,20,30,15,1,0,1,1,1,3,5,15,72,40,56,41,6,3,5,2,1,1,"Live fleets already coordinate robots in production at customer sites, billing recurring revenue.",Its founders are academics who license the labelling technology from their university lab.,"Its core patent has been granted, with further claims in prosecution.","Its industrial certification is still in testing, and its first module is installing on a pilot line this quarter.",163.9,160.2,200.7,160.8,163.954,160.185,200.635,160.764,14,14,14,14,TRUE,TRUE,TRUE,TRUE,FALSE,FALSE,FALSE,FALSE,1,FALSE,1,35,Female,0,Private Equity fund,White,Canada,Canada,Full-Time,Maybe a little,"This study was about deciding between different pitches from start ups, and which were more likely to succeed based on the pitches provided.",1034,1920,945
1286,disclosure_explanation,7,16,lq_first,3,1,4,2,Curato,Axonmesh,Ironhall,Servora,6b81ec39,4fe27fae,87b7dfe9,e06655dc,AI Training Data,Robotics Orchestration,Edge-AI Hardware,AI Inference Infrastructure,3,1,4,2,3,1,4,2,3,4,2,1,6,3,6,3,35,15,35,15,1,1,1,1,0,3,0,20,87,83,64,84,6,3,6,3,1,1,Its founders built data infrastructure together at a leading AI-data company and left senior roles to work on Curato full-time.,Its deployment to date is one pilot fleet running daily at a single design partner's warehouse.,Its module has passed independent industrial certification and already runs on live production lines.,Its patent filing is a provisional application that is still pending.,266.9,270.6,270.3,203.7,266.986,270.45,272.628,203.781,14,14,14,14,TRUE,TRUE,TRUE,TRUE,FALSE,FALSE,FALSE,FALSE,1,FALSE,1,30,Male,0,"Stock Market, Crowdfunding",White,United States,United States,Full-Time,No,"Possibly measuring design influence on how the different pitches are perceived, like maybe different participants are shown different design schemes for different companies than other participants, changing the combos to see if the design itself has any impact on the evaluations? I only wonder that because the study made such a big deal about the design not mattering.",1440,1920,957
