ID,pattern,stage,cell,quality,fluency,venture,deck,order,allocation,viewtime,slides_seen,invalid,mc_ease,mc_quality,age,gender,invest_experience,CVPA,fatigue,investment_types,ethnicity,country,nationality,employment
1,3,access,hq_hf,high,high,Sentyl,bcd14e91,3,40,55.1,14,FALSE,71,5,31,Male,0,3.272727272727273,6,"ETF or ETC, Stock Market, Government Bonds, Crowdfunding",White,Germany,Germany,Full-Time
2,4,access,hq_hf,high,high,Paperloom,340b9ba1,1,80,150.1,7,FALSE,99,6,54,Female,5,3.4545454545454546,3,"Stock Market, Crowdfunding, Other",White,United Kingdom,United Kingdom,Other
3,7,access,hq_hf,high,high,Ironhall,b5fef669,4,40,74.3,14,FALSE,85,5,39,Female,2,2.727272727272727,5,"ETF or ETC, Stock Market, Crowdfunding",White,United Kingdom,United Kingdom,Unemployed (and job seeking)
4,6,access,hq_hf,high,high,Foliant,46c0bf32,3,50,85.6,14,FALSE,89,7,47,Male,10,4.181818181818182,4,"Government Bonds, Stock Market, Crowdfunding",White,United States,United States,Full-Time
5,5,access,hq_hf,high,high,Pulsegrid,dff2e369,2,40,67,14,FALSE,89,6,36,Male,1,2.909090909090909,1,"ETF or ETC, Government Bonds, Stock Market, Options, Crowdfunding, Other",White,Germany,Germany,Full-Time
6,7,access,hq_hf,high,high,Ironhall,b5fef669,4,60,43.5,14,FALSE,98,5,22,Female,1,3.4545454545454546,4,"Unit trusts, Stock Market, ETF or ETC, Options, Government Bonds, Crowdfunding",Asian,Singapore,Singapore,Unemployed (and job seeking)
9,5,access,hq_hf,high,high,Pulsegrid,dff2e369,3,20,57.7,14,FALSE,92,5,40,Female,0,4,6,"Stock Market, Crowdfunding",White,United States,United States,Full-Time
10,3,access,hq_hf,high,high,Sentyl,bcd14e91,3,30,69.6,14,FALSE,87,6,31,Male,4,3.909090909090909,3,"ETF or ETC, Stock Market, Unit trusts, Options, Private Equity fund, Venture Capital fund",White,United Kingdom,United Kingdom,Full-Time
11,6,access,hq_hf,high,high,Foliant,46c0bf32,3,5,72.2,14,FALSE,72,4,44,Male,8,4.2727272727272725,1,"Government Bonds, Stock Market, Options, Venture Capital fund",Black,United States,United States,Full-Time
12,8,access,hq_hf,high,high,Curato,6b81ec39,3,40,73.4,14,FALSE,77,5,41,Male,2,3,3,"ETF or ETC, Government Bonds, Crowdfunding, Other, Stock Market",White,United Kingdom,United Kingdom,"Not in paid work (e.g. homemaker', 'retired or disabled)"
13,1,access,hq_hf,high,high,Servora,737deb7d,2,15,150.3,14,FALSE,71,4,37,Female,1,2.727272727272727,7,"Stock Market, Crowdfunding, Other",White,France,France,Full-Time
14,8,access,hq_hf,high,high,Curato,6b81ec39,1,0,117.4,14,FALSE,73,2,37,Male,4,3.8181818181818183,2,"Government Bonds, Stock Market, Crowdfunding",White,United States,United States,Unemployed (and job seeking)
15,2,access,hq_hf,high,high,Axonmesh,f36cc003,1,30,150.1,14,FALSE,20,5,22,Male,4,4.363636363636363,7,"Options, Angel syndicate, Unit trusts, Stock Market, Government Bonds, ETF or ETC, Crowdfunding",Asian,India,India,Full-Time
16,5,access,hq_hf,high,high,Pulsegrid,dff2e369,3,20,65.7,13,FALSE,100,6,68,Male,0,3.5454545454545454,6,"Stock Market, Private Equity fund",White,United States,United States,"Not in paid work (e.g. homemaker', 'retired or disabled)"
17,2,access,hq_hf,high,high,Axonmesh,f36cc003,2,20,71.2,14,FALSE,100,7,31,Male,4,3.727272727272727,5,"Stock Market, Private Equity fund, Crowdfunding, Venture Capital fund, Government Bonds, ETF or ETC, Unit trusts",Black,United Kingdom,United Kingdom,Part-Time
18,4,access,hq_hf,high,high,Paperloom,340b9ba1,1,75,149.9,14,FALSE,81,5,33,Female,2,4.454545454545454,4,"Options, Crowdfunding, Stock Market, Government Bonds, ETF or ETC",White,United Kingdom,Hungary,Full-Time
19,3,access,hq_hf,high,high,Sentyl,bcd14e91,3,30,72.7,14,FALSE,73,6,33,Female,4,4.090909090909091,6,"Stock Market, Crowdfunding, Government Bonds",White,United Kingdom,United Kingdom,Full-Time
21,1,access,hq_hf,high,high,Servora,737deb7d,1,10,84.2,14,FALSE,33,5,39,Male,0,3.272727272727273,3,"Stock Market, Crowdfunding",White,United States,United States,Part-Time
22,1,access,hq_hf,high,high,Servora,737deb7d,1,20,105.3,14,FALSE,99,6,48,Male,0,4.090909090909091,3,"Stock Market, Private Equity fund, Crowdfunding",White,United States,United States,Full-Time
23,1,access,hq_hf,high,high,Servora,737deb7d,3,40,112.8,14,FALSE,60,4,43,Female,2,4.363636363636363,3,"ETF or ETC, Stock Market, Government Bonds, Crowdfunding",Black,United States,United States,Full-Time
24,4,access,hq_hf,high,high,Paperloom,340b9ba1,4,40,102.2,14,FALSE,100,7,37,Male,2,3.909090909090909,1,"ETF or ETC, Stock Market, Private Equity fund",Asian,Germany,Germany,Part-Time
25,8,access,hq_hf,high,high,Curato,6b81ec39,3,50,150,14,FALSE,85,6,59,Female,10,3.8181818181818183,2,Crowdfunding,Other,United Kingdom,United States,NA
27,6,access,hq_hf,high,high,Foliant,46c0bf32,1,2,115.7,14,FALSE,80,7,36,Male,2,3.909090909090909,5,"ETF or ETC, Government Bonds, Stock Market, Private Equity fund, Crowdfunding, Venture Capital fund, Options",Black,United States,United States,Full-Time
29,6,access,hq_hf,high,high,Foliant,46c0bf32,2,45,35.2,14,FALSE,85,4,49,Female,0,2.4545454545454546,4,"ETF or ETC, Crowdfunding",White,United Kingdom,United Kingdom,Full-Time
31,5,access,hq_hf,high,high,Pulsegrid,dff2e369,3,30,41.3,14,FALSE,100,7,37,Male,2,4,2,"Stock Market, Private Equity fund, Government Bonds",Black,United Kingdom,United Kingdom,Full-Time
32,6,access,hq_hf,high,high,Foliant,46c0bf32,4,45,78.4,14,FALSE,100,6,33,Male,4,3.272727272727273,1,Private Equity fund,White,Brazil,Brazil,Full-Time
33,7,access,hq_hf,high,high,Ironhall,b5fef669,2,70,150,14,FALSE,99,7,31,Male,2,3.8181818181818183,3,"ETF or ETC, Government Bonds, Stock Market, Private Equity fund, Venture Capital fund",White,Canada,Canada,Full-Time
34,8,access,hq_hf,high,high,Curato,6b81ec39,3,5,114.1,14,FALSE,62,4,31,Male,2,3,4,"Stock Market, Crowdfunding",White,United Kingdom,United Kingdom,Full-Time
35,6,access,hq_hf,high,high,Foliant,46c0bf32,1,15,120.2,14,FALSE,92,7,36,Female,8,3.727272727272727,4,Crowdfunding,Black,United Kingdom,United Kingdom,Unemployed (and job seeking)
38,6,access,hq_hf,high,high,Foliant,46c0bf32,2,40,58.9,14,FALSE,24,5,31,Male,5,3.6363636363636362,5,"Government Bonds, ETF or ETC, Stock Market, Unit trusts, Angel syndicate, Options, Private Equity fund, Venture Capital fund, Crowdfunding",Black,United States,United States,Full-Time
39,8,access,hq_hf,high,high,Curato,6b81ec39,3,30,25,14,FALSE,47,4,25,Female,2,4.454545454545454,4,"Government Bonds, Stock Market, Private Equity fund, Crowdfunding",Black,United States,United States,Full-Time
41,7,access,hq_hf,high,high,Ironhall,b5fef669,3,10,81.3,7,FALSE,60,5,57,Male,0,3.272727272727273,2,"Stock Market, Crowdfunding, ETF or ETC, Options, Other",White,United States,United States,Full-Time
42,1,access,hq_hf,high,high,Servora,737deb7d,1,60,131.3,14,FALSE,77,4,55,Female,0,3.272727272727273,2,"Stock Market, Private Equity fund",White,United Kingdom,United Kingdom,Part-Time
43,7,access,hq_hf,high,high,Ironhall,b5fef669,2,50,17.7,14,FALSE,74,6,65,Female,10,4,5,"ETF or ETC, Government Bonds, Stock Market, Unit trusts, Private Equity fund",White,United States,United States,Full-Time
44,7,access,hq_hf,high,high,Ironhall,b5fef669,1,80,98.4,14,FALSE,86,7,21,Male,1,3.8181818181818183,5,"Stock Market, Crowdfunding, ETF or ETC",White,United Kingdom,United Kingdom,Part-Time
45,6,access,hq_hf,high,high,Foliant,46c0bf32,1,5,72.8,14,FALSE,80,6,49,Male,9,4.090909090909091,5,"ETF or ETC, Stock Market, Government Bonds, Private Equity fund, Crowdfunding, Venture Capital fund",White,United Kingdom,United Kingdom,Full-Time
46,4,access,hq_hf,high,high,Paperloom,340b9ba1,1,10,139.4,14,FALSE,93,5,34,Male,11,3.4545454545454546,2,"ETF or ETC, Government Bonds, Stock Market, Private Equity fund, Angel syndicate, Venture Capital fund, Crowdfunding",White,United Kingdom,United Kingdom,Full-Time
47,3,access,hq_hf,high,high,Sentyl,bcd14e91,1,0,118,14,FALSE,100,2,34,Male,2,2.1818181818181817,5,"Stock Market, ETF or ETC, Government Bonds, Unit trusts, Angel syndicate, Options, Private Equity fund, Venture Capital fund, Crowdfunding, Other",White,United Kingdom,United Kingdom,Full-Time
49,4,access,hq_hf,high,high,Paperloom,340b9ba1,1,60,119.9,14,FALSE,82,7,29,Male,3,2.727272727272727,5,"Stock Market, Crowdfunding, Other",Mixed,United Kingdom,United Kingdom,Part-Time
50,1,access,hq_hf,high,high,Servora,737deb7d,2,30,109.2,14,FALSE,71,5,35,Male,0,4.363636363636363,5,"Stock Market, Crowdfunding",Asian,United Kingdom,United Kingdom,Full-Time
51,8,access,hq_hf,high,high,Curato,6b81ec39,3,50,114,14,FALSE,86,7,32,Male,2,4.636363636363637,5,"ETF or ETC, Government Bonds, Stock Market, Venture Capital fund",White,United States,United States,Part-Time
53,7,access,hq_hf,high,high,Ironhall,b5fef669,4,15,150,14,FALSE,69,4,39,Male,0,3.8181818181818183,3,"Stock Market, Options, Crowdfunding",White,United States,United States,Full-Time
54,1,access,hq_hf,high,high,Servora,737deb7d,4,15,76.6,12,FALSE,8,3,31,Male,5,3.4545454545454546,2,"Options, Crowdfunding, Stock Market, Government Bonds, ETF or ETC",White,United States,United States,Part-Time
57,3,access,hq_hf,high,high,Sentyl,bcd14e91,1,60,150.1,9,FALSE,84,7,29,Male,1,3.5454545454545454,6,"Crowdfunding, Venture Capital fund, Private Equity fund, Options, Stock Market, Government Bonds, ETF or ETC",Black,United Kingdom,Netherlands,Full-Time
59,7,access,hq_hf,high,high,Ironhall,b5fef669,2,80,117.6,14,FALSE,66,7,34,Male,10,3.909090909090909,6,"ETF or ETC, Government Bonds, Stock Market, Options, Private Equity fund, Crowdfunding, Other",Asian,United Kingdom,United Kingdom,Full-Time
60,1,access,hq_hf,high,high,Servora,737deb7d,1,60,150.1,13,FALSE,66,6,39,Male,2,3,1,"Stock Market, Private Equity fund",White,United States,United States,Full-Time
61,2,access,hq_hf,high,high,Axonmesh,f36cc003,4,25,150.1,14,FALSE,72,4,27,Male,1,3.1818181818181817,5,"Stock Market, Options, Angel syndicate, Private Equity fund, Government Bonds, ETF or ETC, Unit trusts, Crowdfunding",Asian,India,India,Part-Time
62,6,access,hq_hf,high,high,Foliant,46c0bf32,1,35,150.2,14,FALSE,69,5,44,Female,0,3,3,"ETF or ETC, Stock Market, Crowdfunding",White,United States,United States,Full-Time
63,2,access,hq_hf,high,high,Axonmesh,f36cc003,1,30,42.3,14,FALSE,56,5,28,Female,4,4.2727272727272725,6,"Stock Market, ETF or ETC, Private Equity fund, Government Bonds",Black,Canada,Canada,Full-Time
64,2,access,hq_hf,high,high,Axonmesh,f36cc003,1,50,38.8,1,FALSE,100,4,68,Female,0,3.1818181818181817,1,"Government Bonds, Crowdfunding",Other,United States,United States,"Not in paid work (e.g. homemaker', 'retired or disabled)"
65,4,access,hq_hf,high,high,Paperloom,340b9ba1,1,35,150.1,11,FALSE,38,3,39,Male,0,4,1,"ETF or ETC, Government Bonds, Stock Market, Private Equity fund, Crowdfunding",Black,United States,United States,Unemployed (and job seeking)
66,8,access,hq_hf,high,high,Curato,6b81ec39,3,0,138.5,14,FALSE,40,2,53,Male,10,4.181818181818182,1,"ETF or ETC, Stock Market, Venture Capital fund, Crowdfunding",White,United Kingdom,United Kingdom,Full-Time
68,3,access,hq_hf,high,high,Sentyl,bcd14e91,2,20,16.6,14,FALSE,80,6,38,Male,8,4,4,"ETF or ETC, Government Bonds, Stock Market, Unit trusts, Options, Private Equity fund, Venture Capital fund, Crowdfunding",White,Brazil,Brazil,Part-Time
69,5,access,hq_hf,high,high,Pulsegrid,dff2e369,4,30,146.4,13,FALSE,79,5,26,Female,0,3.6363636363636362,1,"ETF or ETC, Government Bonds, Stock Market, Options, Private Equity fund, Venture Capital fund, Crowdfunding",White,United Kingdom,United Kingdom,Other
71,1,access,hq_hf,high,high,Servora,737deb7d,4,35,63,14,FALSE,94,6,60,Male,0,4.181818181818182,3,"Government Bonds, Stock Market, Crowdfunding",White,United States,United States,"Not in paid work (e.g. homemaker', 'retired or disabled)"
72,6,access,hq_hf,high,high,Foliant,46c0bf32,4,40,138.2,14,FALSE,85,6,21,Male,1,3.090909090909091,5,"ETF or ETC, Stock Market, Government Bonds, Unit trusts, Options, Angel syndicate, Private Equity fund, Venture Capital fund, Crowdfunding",White,France,France,Part-Time
74,2,access,hq_hf,high,high,Axonmesh,f36cc003,2,15,150.2,14,FALSE,80,5,28,Female,0,3.090909090909091,4,"Stock Market, Options, Crowdfunding",Asian,United States,United States,Unemployed (and job seeking)
75,2,access,hq_hf,high,high,Axonmesh,f36cc003,4,20,116.4,14,FALSE,11,2,30,Male,6,3.8181818181818183,2,"ETF or ETC, Stock Market, Options, Private Equity fund, Government Bonds, Crowdfunding",White,Brazil,Brazil,Full-Time
77,3,access,hq_hf,high,high,Sentyl,bcd14e91,4,50,9.2,1,FALSE,5,3,64,Female,10,4.090909090909091,6,"Government Bonds, Crowdfunding",White,United Kingdom,United Kingdom,Full-Time
78,3,access,hq_hf,high,high,Sentyl,bcd14e91,4,30,150.1,12,FALSE,44,5,50,Male,15,3.909090909090909,5,"Government Bonds, Stock Market, Private Equity fund, Crowdfunding",White,France,France,Full-Time
80,4,access,hq_hf,high,high,Paperloom,340b9ba1,3,25,10.9,1,FALSE,81,6,70,Male,10,3.6363636363636362,3,"Government Bonds, Stock Market, Private Equity fund",White,United Kingdom,United Kingdom,"Not in paid work (e.g. homemaker', 'retired or disabled)"
82,5,access,hq_hf,high,high,Pulsegrid,dff2e369,4,60,36.8,14,FALSE,98,7,26,Male,3,4.2727272727272725,1,"ETF or ETC, Stock Market, Government Bonds, Options, Crowdfunding",Mixed,United Kingdom,United Kingdom,Full-Time
83,6,access,hq_hf,high,high,Foliant,46c0bf32,2,30,150,11,FALSE,73,5,36,Female,1,4.7272727272727275,1,"Government Bonds, Crowdfunding",White,United Kingdom,United Kingdom,Full-Time
84,5,access,hq_hf,high,high,Pulsegrid,dff2e369,2,25,150.5,11,FALSE,87,6,36,Male,2,3.3636363636363638,5,"Government Bonds, Stock Market, Options, Venture Capital fund, Crowdfunding",White,United States,United States,Unemployed (and job seeking)
85,8,access,hq_hf,high,high,Curato,6b81ec39,1,10,144.8,14,FALSE,57,3,41,Male,10,3.6363636363636362,4,"Government Bonds, Stock Market, Options, Private Equity fund, Venture Capital fund",Asian,United Kingdom,United Kingdom,Full-Time
86,8,access,hq_hf,high,high,Curato,6b81ec39,2,30,150,14,FALSE,74,4,43,Male,10,3.3636363636363638,5,"Stock Market, ETF or ETC, Private Equity fund, Venture Capital fund, Crowdfunding",White,United Kingdom,United Kingdom,Full-Time
88,1,access,hq_hf,high,high,Servora,737deb7d,4,20,19.4,14,FALSE,100,6,55,Male,20,2.6363636363636362,1,"Stock Market, ETF or ETC, Crowdfunding, Other",White,United States,United States,Other
89,4,access,hq_hf,high,high,Paperloom,340b9ba1,4,60,142,14,FALSE,88,6,22,Male,0,3.1818181818181817,6,"Crowdfunding, Stock Market, Government Bonds",White,United Kingdom,United Kingdom,Full-Time
90,3,access,hq_hf,high,high,Sentyl,bcd14e91,3,32,150.1,14,FALSE,94,4,32,Female,5,4.090909090909091,1,"Stock Market, Private Equity fund, Crowdfunding, Venture Capital fund",Black,United Kingdom,Nigeria,Full-Time
92,3,access,hq_hf,high,high,Sentyl,bcd14e91,4,15,138.6,14,FALSE,81,5,50,Male,5,4.545454545454546,1,"Stock Market, Venture Capital fund, Crowdfunding, Government Bonds",White,United States,United States,Full-Time
93,7,access,hq_hf,high,high,Ironhall,b5fef669,2,20,47.8,14,FALSE,81,7,33,Male,2,3.3636363636363638,4,"Stock Market, Other, Private Equity fund",Black,United States,United States,Full-Time
94,8,access,hq_hf,high,high,Curato,6b81ec39,2,40,56.7,14,FALSE,85,6,31,Male,4,3.4545454545454546,5,"Government Bonds, Private Equity fund, Venture Capital fund",Black,United Kingdom,Nigeria,Full-Time
96,8,access,hq_hf,high,high,Curato,6b81ec39,3,25,110.8,14,FALSE,59,6,39,Male,4,4.2727272727272725,2,"Stock Market, Private Equity fund, Crowdfunding, Venture Capital fund",Black,United States,Nigeria,Part-Time
97,2,access,hq_hf,high,high,Axonmesh,f36cc003,3,40,150,14,FALSE,92,7,40,Male,0,4.818181818181818,2,"ETF or ETC, Government Bonds, Stock Market, Options, Private Equity fund",Asian,United States,United States,Full-Time
98,5,access,hq_hf,high,high,Pulsegrid,dff2e369,1,35,150.4,14,FALSE,94,6,42,Male,0,3.6363636363636362,3,"Stock Market, Crowdfunding",White,United States,United States,Full-Time
99,7,access,hq_hf,high,high,Ironhall,b5fef669,2,40,121.3,14,FALSE,65,7,36,Other,18,3.909090909090909,3,"ETF or ETC, Stock Market, Crowdfunding",White,United States,United States,Full-Time
102,6,access,hq_hf,high,high,Foliant,46c0bf32,3,45,77.3,14,FALSE,23,2,38,Male,1,3.1818181818181817,5,"ETF or ETC, Government Bonds, Unit trusts, Crowdfunding, Venture Capital fund, Stock Market",White,United Kingdom,United Kingdom,Full-Time
103,7,access,hq_hf,high,high,Ironhall,b5fef669,4,45,69.2,14,FALSE,39,7,36,Male,1,3,4,"ETF or ETC, Private Equity fund",Black,Canada,South Africa,Full-Time
104,4,access,hq_hf,high,high,Paperloom,340b9ba1,4,70,124.7,14,FALSE,94,7,39,Male,2,4,4,"Government Bonds, Stock Market, Crowdfunding",White,United States,United States,Full-Time
105,2,access,hq_hf,high,high,Axonmesh,f36cc003,4,40,150,12,FALSE,63,4,54,Female,10,3.5454545454545454,5,"ETF or ETC, Stock Market, Government Bonds, Options, Private Equity fund",White,United Kingdom,United Kingdom,NA
106,5,access,hq_hf,high,high,Pulsegrid,dff2e369,4,20,38.5,14,FALSE,95,6,32,Male,3,4.363636363636363,2,"Stock Market, ETF or ETC, Private Equity fund",White,United States,United States,Part-Time
107,3,access,hq_hf,high,high,Sentyl,bcd14e91,3,20,32.2,14,FALSE,76,5,21,Female,2,5,4,"Government Bonds, Stock Market, Venture Capital fund, Crowdfunding, Private Equity fund, Angel syndicate, Unit trusts, Options, ETF or ETC",Black,United States,United States,Full-Time
108,7,access,hq_hf,high,high,Ironhall,b5fef669,2,15,150,14,FALSE,59,4,30,Male,5,4.090909090909091,3,"ETF or ETC, Government Bonds, Stock Market, Options, Crowdfunding, Other",Asian,India,India,Full-Time
109,3,access,hq_hf,high,high,Sentyl,bcd14e91,3,30,78.6,14,FALSE,100,7,28,Female,4,5,1,"ETF or ETC, Stock Market, Crowdfunding, Private Equity fund, Government Bonds",Black,United States,United States,Unemployed (and job seeking)
110,3,access,hq_hf,high,high,Sentyl,bcd14e91,2,40,120.5,14,FALSE,100,7,47,Male,0,3.272727272727273,2,"Private Equity fund, ETF or ETC, Stock Market",White,United States,United States,Part-Time
111,3,access,hq_hf,high,high,Sentyl,bcd14e91,2,60,16.1,14,FALSE,76,5,31,Female,5,4.181818181818182,1,"ETF or ETC, Unit trusts, Options, Angel syndicate, Stock Market, Private Equity fund, Crowdfunding, Venture Capital fund",Black,United States,United States,Full-Time
112,5,access,hq_hf,high,high,Pulsegrid,dff2e369,4,10,60.9,14,FALSE,42,4,59,Male,3,3.5454545454545454,5,"ETF or ETC, Government Bonds, Stock Market, Options, Crowdfunding, Other",Mixed,United States,United States,"Not in paid work (e.g. homemaker', 'retired or disabled)"
114,3,access,hq_hf,high,high,Sentyl,bcd14e91,2,50,30,14,FALSE,82,5,43,Female,1,2.4545454545454546,2,"Stock Market, Crowdfunding",White,United States,United States,Full-Time
115,2,access,hq_hf,high,high,Axonmesh,f36cc003,2,40,130.9,14,FALSE,57,6,33,Male,0,3.8181818181818183,3,Crowdfunding,White,United Kingdom,United Kingdom,Part-Time
116,5,access,hq_hf,high,high,Pulsegrid,dff2e369,4,40,150.1,14,FALSE,58,5,53,Female,0,2.4545454545454546,5,"Stock Market, Options, Crowdfunding",Mixed,United States,France,Full-Time
119,4,access,hq_hf,high,high,Paperloom,340b9ba1,1,40,77.3,14,FALSE,70,5,22,Male,4,4.090909090909091,1,"ETF or ETC, Private Equity fund, Government Bonds, Other",White,Brazil,Brazil,Full-Time
120,5,access,hq_hf,high,high,Pulsegrid,dff2e369,2,20,18,14,FALSE,65,4,27,Female,4,3.4545454545454546,5,"Stock Market, Private Equity fund, Crowdfunding",Black,United Kingdom,United Kingdom,Unemployed (and job seeking)
121,7,access,hq_hf,high,high,Ironhall,b5fef669,1,40,150,7,FALSE,65,4,49,Female,0,3,4,"Crowdfunding, Stock Market",White,United States,United States,Full-Time
122,8,access,hq_hf,high,high,Curato,6b81ec39,3,35,143.6,14,FALSE,59,5,60,Female,15,3.4545454545454546,3,Crowdfunding,White,United Kingdom,United Kingdom,Full-Time
123,4,access,hq_hf,high,high,Paperloom,340b9ba1,1,0,150,8,FALSE,94,6,54,Male,3,4.090909090909091,5,"Government Bonds, Stock Market, Crowdfunding",Asian,India,India,Full-Time
124,6,access,hq_hf,high,high,Foliant,46c0bf32,3,40,127,14,FALSE,67,5,53,Male,5,4.363636363636363,3,"ETF or ETC, Stock Market, Crowdfunding",White,United Kingdom,United Kingdom,Full-Time
125,8,access,hq_hf,high,high,Curato,6b81ec39,4,30,65.8,14,FALSE,100,7,35,Male,3,4.2727272727272725,1,"Unit trusts, Stock Market, Venture Capital fund",Black,United States,United States,Unemployed (and job seeking)
127,2,access,hq_hf,high,high,Axonmesh,f36cc003,1,45,88.8,5,FALSE,100,7,26,Male,0,3.4545454545454546,3,"Stock Market, Crowdfunding",White,United Kingdom,United Kingdom,Other
128,5,access,hq_hf,high,high,Pulsegrid,dff2e369,1,0,149.4,11,FALSE,76,3,36,Male,5,4.090909090909091,1,"Stock Market, Crowdfunding",White,United States,United States,Part-Time
129,4,access,hq_hf,high,high,Paperloom,340b9ba1,2,25,113.5,14,FALSE,39,5,30,Female,4,3.8181818181818183,3,"Private Equity fund, Government Bonds, Stock Market",White,United Kingdom,Poland,NA
132,3,access,hq_hf,high,high,Sentyl,bcd14e91,3,50,25.8,11,FALSE,73,5,65,Male,0,3.727272727272727,1,"ETF or ETC, Government Bonds, Stock Market, Crowdfunding",White,United States,United States,Part-Time
133,3,access,hq_hf,high,high,Sentyl,bcd14e91,2,0,129.1,14,FALSE,42,4,25,Male,0,4,1,"Stock Market, Government Bonds, ETF or ETC, Crowdfunding",Mixed,United Kingdom,United Kingdom,Full-Time
136,1,access,hq_hf,high,high,Servora,737deb7d,2,50,150.1,14,FALSE,66,5,38,Male,1,2.3636363636363638,6,Crowdfunding,White,United States,United States,Full-Time
137,7,access,hq_hf,high,high,Ironhall,b5fef669,4,30,17.3,1,FALSE,81,7,29,Male,2,4.090909090909091,2,"Crowdfunding, Venture Capital fund, Stock Market, Other",Asian,India,India,Part-Time
138,5,access,hq_hf,high,high,Pulsegrid,dff2e369,2,28,38.8,14,FALSE,53,4,22,Male,3,4.2727272727272725,3,"Government Bonds, Stock Market, Crowdfunding, Private Equity fund",Black,United States,United States,Full-Time
140,1,access,hq_hf,high,high,Servora,737deb7d,3,15,56.9,14,FALSE,55,4,23,Female,1,3,6,"ETF or ETC, Stock Market, Options, Crowdfunding, Government Bonds",White,United States,Romania,Full-Time
141,7,access,hq_hf,high,high,Ironhall,b5fef669,4,20,110.9,14,FALSE,60,5,44,Male,10,3.4545454545454546,3,"Government Bonds, Stock Market, Private Equity fund",Black,United States,United States,Full-Time
144,4,access,hq_hf,high,high,Paperloom,340b9ba1,4,20,8.5,14,FALSE,36,5,47,Female,2,2.8181818181818183,4,"Stock Market, Government Bonds, Private Equity fund, Crowdfunding",Black,United States,United States,Full-Time
145,1,access,hq_hf,high,high,Servora,737deb7d,4,0,58.9,14,FALSE,89,6,39,Male,2,4.181818181818182,1,"Stock Market, Options, Crowdfunding",White,United Kingdom,United Kingdom,Full-Time
146,1,access,hq_hf,high,high,Servora,737deb7d,3,70,149.9,13,FALSE,66,6,36,Male,0,3.5454545454545454,2,"Stock Market, Government Bonds, Crowdfunding",White,United Kingdom,United Kingdom,Full-Time
147,1,access,hq_hf,high,high,Servora,737deb7d,2,15,92,14,FALSE,88,5,27,Male,2,3.8181818181818183,5,"Stock Market, Government Bonds, Options, Private Equity fund, ETF or ETC",White,United Kingdom,United Kingdom,Full-Time
148,4,access,hq_hf,high,high,Paperloom,340b9ba1,2,20,60,14,FALSE,100,6,25,Female,3,4.090909090909091,5,"Stock Market, Private Equity fund, Government Bonds",Asian,India,India,Full-Time
151,8,access,hq_hf,high,high,Curato,6b81ec39,4,10,42.9,14,FALSE,66,4,47,Male,0,4.181818181818182,4,"ETF or ETC, Stock Market, Government Bonds, Crowdfunding",White,United States,United States,Full-Time
154,4,access,hq_hf,high,high,Paperloom,340b9ba1,1,50,150.1,14,FALSE,85,6,44,Female,0,2.3636363636363638,3,"ETF or ETC, Government Bonds, Crowdfunding, Other",Mixed,France,France,Part-Time
155,8,access,hq_hf,high,high,Curato,6b81ec39,3,63,53.7,14,FALSE,37,6,34,Male,5,4.363636363636363,5,"Stock Market, Private Equity fund, Crowdfunding, Government Bonds, ETF or ETC",Black,Canada,Canada,Full-Time
156,5,access,hq_hf,high,high,Pulsegrid,dff2e369,3,30,149.8,13,FALSE,81,6,49,Male,5,4.818181818181818,6,"Stock Market, Crowdfunding, Private Equity fund",Asian,United States,United Kingdom,Full-Time
159,2,access,hq_hf,high,high,Axonmesh,f36cc003,2,40,150.1,14,FALSE,69,6,36,Male,7,3.3636363636363638,5,"ETF or ETC, Stock Market, Private Equity fund, Crowdfunding",Asian,Canada,Canada,Full-Time
160,5,access,hq_hf,high,high,Pulsegrid,dff2e369,4,0,8.6,14,FALSE,72,5,34,Female,5,4.545454545454546,1,"Stock Market, ETF or ETC, Options, Venture Capital fund",Asian,India,India,Full-Time
162,3,access,hq_hf,high,high,Sentyl,bcd14e91,3,50,58,14,FALSE,76,2,32,Female,3,4.181818181818182,1,"Private Equity fund, ETF or ETC, Government Bonds, Stock Market, Options, Other",White,United Kingdom,United Kingdom,Full-Time
163,3,access,hq_hf,high,high,Sentyl,bcd14e91,3,5,38.3,14,FALSE,41,4,28,Male,0,3.3636363636363638,4,"Stock Market, Crowdfunding",White,United States,United States,Part-Time
164,7,access,hq_hf,high,high,Ironhall,b5fef669,3,30,64.7,14,FALSE,82,5,52,Male,8,3.090909090909091,1,"Stock Market, Crowdfunding",White,United Kingdom,United Kingdom,Part-Time
165,8,access,hq_hf,high,high,Curato,6b81ec39,3,20,150,11,FALSE,68,6,26,Male,8,4.090909090909091,2,"ETF or ETC, Government Bonds, Stock Market, Venture Capital fund, Crowdfunding",Black,Canada,Canada,Part-Time
166,4,access,hq_hf,high,high,Paperloom,340b9ba1,4,30,150.1,11,FALSE,81,6,36,Female,4,4.545454545454546,5,"Stock Market, Unit trusts, Venture Capital fund",White,United States,United States,Part-Time
167,2,access,hq_hf,high,high,Axonmesh,f36cc003,2,40,143,14,FALSE,100,7,25,Male,3,4.636363636363637,1,"ETF or ETC, Stock Market, Private Equity fund",Asian,India,India,Part-Time
168,4,access,hq_hf,high,high,Paperloom,340b9ba1,2,5,20.3,14,FALSE,54,6,37,Female,2,4.2727272727272725,1,"Crowdfunding, Other",White,France,France,Full-Time
169,5,access,hq_hf,high,high,Pulsegrid,dff2e369,1,0,88.5,14,FALSE,37,6,42,Female,9,4.454545454545454,2,"Government Bonds, Stock Market, Unit trusts, Private Equity fund, Venture Capital fund, Crowdfunding",White,United Kingdom,United Kingdom,Full-Time
170,8,access,hq_hf,high,high,Curato,6b81ec39,3,40,150,12,FALSE,91,5,32,Male,2,4.181818181818182,3,"Stock Market, Government Bonds, Crowdfunding",Black,United Kingdom,United Kingdom,Full-Time
171,4,access,hq_hf,high,high,Paperloom,340b9ba1,2,20,48.2,14,FALSE,64,5,53,Female,4,4,4,"Stock Market, Private Equity fund, Crowdfunding",White,United States,Italy,Full-Time
172,2,access,hq_hf,high,high,Axonmesh,f36cc003,2,20,69.9,14,FALSE,38,7,49,Female,2,4.363636363636363,1,"Government Bonds, Stock Market, Private Equity fund, Unit trusts",Asian,India,India,Other
175,8,access,hq_hf,high,high,Curato,6b81ec39,2,40,127.4,14,FALSE,80,7,62,Female,9,3.8181818181818183,1,"Private Equity fund, Stock Market, Government Bonds, Venture Capital fund",White,United Kingdom,United Kingdom,Full-Time
176,7,access,hq_hf,high,high,Ironhall,b5fef669,1,40,150.1,2,FALSE,96,7,27,Male,2,3.909090909090909,6,"Stock Market, Government Bonds, Crowdfunding",White,United States,United States,Full-Time
177,5,access,hq_hf,high,high,Pulsegrid,dff2e369,4,30,67.8,14,FALSE,100,7,38,Male,6,4.909090909090909,1,"ETF or ETC, Government Bonds, Stock Market, Venture Capital fund, Crowdfunding, Private Equity fund",White,United States,United States,Full-Time
178,1,access,hq_hf,high,high,Servora,737deb7d,1,25,107.1,14,FALSE,42,5,29,Male,3,3.909090909090909,4,"Stock Market, Private Equity fund, Government Bonds",Black,Canada,Kenya,Full-Time
179,1,access,hq_hf,high,high,Servora,737deb7d,2,40,150,11,FALSE,52,6,42,Male,5,4.090909090909091,6,"Stock Market, ETF or ETC, Private Equity fund",Black,United States,United States,Part-Time
180,5,access,hq_hf,high,high,Pulsegrid,dff2e369,1,20,92.7,14,FALSE,64,5,29,Male,2,3.5454545454545454,4,"ETF or ETC, Stock Market, Private Equity fund, Venture Capital fund, Crowdfunding, Options",White,United States,United States,Full-Time
181,6,access,hq_hf,high,high,Foliant,46c0bf32,2,15,150.1,14,FALSE,32,2,41,Male,5,3.8181818181818183,2,"ETF or ETC, Private Equity fund, Stock Market, Crowdfunding, Unit trusts, Government Bonds",White,United Kingdom,United Kingdom,Full-Time
182,4,access,hq_hf,high,high,Paperloom,340b9ba1,2,50,150.2,14,FALSE,99,6,42,Male,20,3.6363636363636362,5,"ETF or ETC, Government Bonds, Stock Market, Private Equity fund",White,United Kingdom,United Kingdom,Full-Time
184,4,access,hq_hf,high,high,Paperloom,340b9ba1,2,10,89.9,14,FALSE,100,3,70,Male,6,4.181818181818182,1,"Crowdfunding, Options, Unit trusts, Stock Market, Government Bonds",White,United Kingdom,United Kingdom,"Not in paid work (e.g. homemaker', 'retired or disabled)"
185,7,access,hq_hf,high,high,Ironhall,b5fef669,4,30,44.9,14,FALSE,65,6,38,Female,4,4.090909090909091,5,"Stock Market, Crowdfunding, Government Bonds, ETF or ETC",Black,United States,United States,Full-Time
186,5,access,hq_hf,high,high,Pulsegrid,dff2e369,4,40,135.4,14,FALSE,26,5,34,Female,7,3.090909090909091,2,"ETF or ETC, Government Bonds, Stock Market, Options, Venture Capital fund, Crowdfunding, Private Equity fund",Black,United States,United States,Part-Time
187,4,access,hq_hf,high,high,Paperloom,340b9ba1,4,26,131.8,14,FALSE,43,5,65,Male,2,3.727272727272727,5,"Stock Market, Private Equity fund, Options",White,United States,United States,Full-Time
188,1,access,hq_hf,high,high,Servora,737deb7d,4,25,18.9,14,FALSE,56,5,40,Male,5,3.3636363636363638,1,"Government Bonds, Stock Market, Crowdfunding, Venture Capital fund, Private Equity fund",Black,United Kingdom,United Kingdom,Full-Time
191,6,access,hq_hf,high,high,Foliant,46c0bf32,3,22,7.4,1,FALSE,66,4,30,Female,4,3.727272727272727,4,"Options, Private Equity fund, Stock Market, Government Bonds, ETF or ETC, Venture Capital fund, Crowdfunding, Other",White,Germany,United States,NA
192,2,access,hq_hf,high,high,Axonmesh,f36cc003,4,100,48.2,8,FALSE,33,5,47,Female,5,3,5,"Government Bonds, Stock Market, Crowdfunding",White,United Kingdom,United Kingdom,Full-Time
193,3,access,hq_hf,high,high,Sentyl,bcd14e91,4,30,23.5,14,FALSE,38,5,34,Male,6,4.2727272727272725,1,"ETF or ETC, Government Bonds, Stock Market, Options, Private Equity fund",Asian,India,India,Full-Time
194,8,access,hq_hf,high,high,Curato,6b81ec39,1,25,150,14,FALSE,79,6,34,Male,3,3.1818181818181817,1,"Government Bonds, Private Equity fund, Stock Market, ETF or ETC, Crowdfunding, Venture Capital fund, Unit trusts",Black,United Kingdom,United Kingdom,Full-Time
195,1,access,hq_hf,high,high,Servora,737deb7d,3,30,41.8,10,FALSE,62,5,24,Female,3,3.909090909090909,6,"ETF or ETC, Government Bonds, Stock Market, Unit trusts, Angel syndicate, Options, Private Equity fund, Venture Capital fund, Crowdfunding",Asian,United Kingdom,Vietnam,Full-Time
196,2,access,hq_hf,high,high,Axonmesh,f36cc003,2,35,150,14,FALSE,96,7,49,Male,12,3.8181818181818183,1,"ETF or ETC, Government Bonds, Stock Market, Options, Crowdfunding, Other",Black,United States,Jamaica,Full-Time
198,3,access,hq_hf,high,high,Sentyl,bcd14e91,3,30,19.5,14,FALSE,85,6,35,Male,5,3.5454545454545454,3,"Private Equity fund, ETF or ETC, Stock Market, Government Bonds",Asian,India,India,Part-Time
199,6,access,hq_hf,high,high,Foliant,46c0bf32,2,35,87.4,6,FALSE,95,6,61,Male,6,3.727272727272727,1,"Stock Market, Private Equity fund",Black,United States,United States,Full-Time
200,2,access,hq_hf,high,high,Axonmesh,f36cc003,2,25,69.7,14,FALSE,89,6,52,Female,3,4,1,"Stock Market, Crowdfunding, Other, ETF or ETC",Black,United States,United States,Part-Time
201,7,access,hq_hf,high,high,Ironhall,b5fef669,4,40,149.9,10,FALSE,100,6,28,Male,1,3,2,"Stock Market, ETF or ETC, Private Equity fund",Mixed,Canada,Canada,Due to start a new job within the next month
202,5,access,hq_hf,high,high,Pulsegrid,dff2e369,4,25,9.3,1,FALSE,79,6,26,Male,5,4.454545454545454,4,"Government Bonds, Stock Market, Options, Private Equity fund, Venture Capital fund, Crowdfunding, Other, ETF or ETC",Asian,India,India,Full-Time
203,6,access,hq_hf,high,high,Foliant,46c0bf32,4,70,143.1,14,FALSE,66,6,56,Female,4,4,4,"ETF or ETC, Stock Market, Angel syndicate, Crowdfunding",White,United Kingdom,Italy,Full-Time
204,8,access,hq_hf,high,high,Curato,6b81ec39,1,30,138.5,14,FALSE,63,3,36,Male,10,3.909090909090909,3,"Government Bonds, Stock Market, Private Equity fund",Black,Canada,Canada,Full-Time
205,3,access,hq_hf,high,high,Sentyl,bcd14e91,4,0,97.4,14,FALSE,100,6,68,Female,2,3.3636363636363638,1,"Stock Market, Private Equity fund, Government Bonds",White,United States,United States,Part-Time
206,2,access,hq_hf,high,high,Axonmesh,f36cc003,2,50,135,14,FALSE,100,7,36,Male,5,3.8181818181818183,6,"ETF or ETC, Government Bonds, Stock Market, Options, Crowdfunding, Venture Capital fund, Private Equity fund",Asian,Canada,Canada,Full-Time
208,6,access,hq_hf,high,high,Foliant,46c0bf32,3,20,150.1,13,FALSE,79,5,34,Male,8,3.1818181818181817,4,"Stock Market, Crowdfunding, Government Bonds",Black,United Kingdom,Nigeria,Full-Time
209,3,access,hq_hf,high,high,Sentyl,bcd14e91,2,30,62.7,14,FALSE,71,4,39,Male,0,4.2727272727272725,7,"Stock Market, Crowdfunding",White,United States,United States,Full-Time
210,3,access,hq_hf,high,high,Sentyl,bcd14e91,3,25,124.8,14,FALSE,83,7,68,Male,10,4.909090909090909,1,"Stock Market, ETF or ETC, Unit trusts, Private Equity fund, Crowdfunding, Venture Capital fund",Black,United States,United Kingdom,Full-Time
212,6,access,hq_hf,high,high,Foliant,46c0bf32,3,30,139.3,14,FALSE,81,6,37,Male,4,4,6,"ETF or ETC, Government Bonds, Stock Market, Unit trusts, Angel syndicate, Options, Private Equity fund, Venture Capital fund, Crowdfunding, Other",White,United Kingdom,Spain,Full-Time
213,6,access,hq_hf,high,high,Foliant,46c0bf32,3,5,150,1,FALSE,77,7,35,Male,5,3.727272727272727,6,"Stock Market, Crowdfunding",Black,United Kingdom,United Kingdom,Full-Time
214,8,access,hq_hf,high,high,Curato,6b81ec39,3,10,57.8,14,FALSE,100,6,29,Male,2,4.090909090909091,4,"Stock Market, Crowdfunding",Black,United States,United States,Part-Time
215,3,access,hq_hf,high,high,Sentyl,bcd14e91,1,35,150.1,14,FALSE,78,6,30,Female,6,4.2727272727272725,5,"Government Bonds, Stock Market, ETF or ETC, Angel syndicate, Options, Venture Capital fund, Crowdfunding",Asian,India,India,Full-Time
217,2,access,hq_hf,high,high,Axonmesh,f36cc003,2,10,9.2,14,FALSE,78,5,57,Female,10,4.181818181818182,1,"Stock Market, Venture Capital fund, Crowdfunding, ETF or ETC",Black,United States,United States,Other
218,3,access,hq_hf,high,high,Sentyl,bcd14e91,3,20,114.8,14,FALSE,68,5,44,Male,6,4,6,"Stock Market, Private Equity fund, Crowdfunding",Black,United States,United States,Full-Time
220,8,access,hq_hf,high,high,Curato,6b81ec39,4,30,138.6,14,FALSE,67,6,48,Female,3,4.2727272727272725,3,"ETF or ETC, Stock Market, Crowdfunding, Private Equity fund",White,United States,United States,Full-Time
221,7,access,hq_hf,high,high,Ironhall,b5fef669,1,20,106.2,14,FALSE,65,6,24,Male,2,4.2727272727272725,3,"ETF or ETC, Government Bonds, Stock Market, Unit trusts, Options, Private Equity fund, Crowdfunding, Angel syndicate, Venture Capital fund",Asian,India,India,Unemployed (and job seeking)
222,6,access,hq_hf,high,high,Foliant,46c0bf32,3,49,142.3,14,FALSE,87,7,38,Male,12,3.8181818181818183,3,"Stock Market, Government Bonds, Crowdfunding",White,United Kingdom,United Kingdom,Full-Time
223,3,access,hq_hf,high,high,Sentyl,bcd14e91,4,35,150.1,14,FALSE,65,5,41,Male,0,4.090909090909091,5,"Government Bonds, Stock Market, Crowdfunding, Other",White,Canada,Canada,"Not in paid work (e.g. homemaker', 'retired or disabled)"
226,7,access,hq_hf,high,high,Ironhall,b5fef669,2,25,123.9,14,FALSE,100,6,41,Male,5,3.8181818181818183,5,"Crowdfunding, Stock Market",White,United Kingdom,United Kingdom,Full-Time
227,7,access,hq_hf,high,high,Ironhall,b5fef669,1,30,150,13,FALSE,81,6,30,Male,7,4.636363636363637,3,"ETF or ETC, Government Bonds, Stock Market, Private Equity fund, Unit trusts",Black,United Kingdom,United Kingdom,Full-Time
228,1,access,hq_hf,high,high,Servora,737deb7d,1,30,150,14,FALSE,95,7,44,Male,2,3.5454545454545454,4,"Stock Market, Private Equity fund, Venture Capital fund",Asian,India,India,Full-Time
230,5,access,hq_hf,high,high,Pulsegrid,dff2e369,3,20,150.1,11,FALSE,69,5,21,Male,3,3.090909090909091,2,"ETF or ETC, Government Bonds, Stock Market, Unit trusts, Options, Private Equity fund, Venture Capital fund, Other",White,Brazil,Brazil,Full-Time
233,4,access,hq_hf,high,high,Paperloom,340b9ba1,3,40,150.1,14,FALSE,62,6,46,Female,2,3.909090909090909,5,"Stock Market, Crowdfunding",White,United Kingdom,United Kingdom,Full-Time
235,2,access,hq_hf,high,high,Axonmesh,f36cc003,2,60,150.3,14,FALSE,87,5,56,Male,10,3.8181818181818183,6,"ETF or ETC, Stock Market, Angel syndicate, Crowdfunding",White,United Kingdom,United Kingdom,Part-Time
237,3,access,hq_hf,high,high,Sentyl,bcd14e91,2,20,139.9,14,FALSE,89,6,51,Male,2,4.363636363636363,3,"ETF or ETC, Stock Market, Government Bonds, Unit trusts, Angel syndicate, Private Equity fund",White,United States,United States,Full-Time
239,6,access,hq_hf,high,high,Foliant,46c0bf32,3,25,3.9,14,FALSE,53,4,67,Female,12,3.090909090909091,7,"ETF or ETC, Government Bonds, Stock Market, Crowdfunding",White,United Kingdom,Italy,Full-Time
241,6,access,hq_hf,high,high,Foliant,46c0bf32,2,40,98.6,14,FALSE,89,6,34,Male,1,3.1818181818181817,5,"Government Bonds, Other, Private Equity fund",Other,Canada,Canada,Full-Time
245,5,access,hq_hf,high,high,Pulsegrid,dff2e369,1,25,149.8,13,FALSE,67,5,40,Male,0,3.8181818181818183,4,"ETF or ETC, Stock Market, Crowdfunding",White,United States,United States,Other
246,6,access,hq_hf,high,high,Foliant,46c0bf32,1,40,105.6,1,FALSE,84,6,63,Female,8,3.8181818181818183,3,"Stock Market, Unit trusts, Crowdfunding, Venture Capital fund",White,United Kingdom,Ireland,Full-Time
248,8,access,hq_hf,high,high,Curato,6b81ec39,2,30,139.3,14,FALSE,51,5,35,Male,2,4.2727272727272725,6,"Private Equity fund, Stock Market, Government Bonds, ETF or ETC",Black,United States,United States,Part-Time
249,6,access,hq_hf,high,high,Foliant,46c0bf32,4,20,61.5,14,FALSE,40,5,31,Male,1,3.727272727272727,5,"ETF or ETC, Stock Market, Crowdfunding, Other",Mixed,United Kingdom,United Kingdom,Full-Time
250,7,access,hq_hf,high,high,Ironhall,b5fef669,1,30,150.1,4,FALSE,85,5,25,Male,0,3.7272727272727275,4,"Stock Market, Government Bonds, Private Equity fund",Mixed,Brazil,Brazil,Unemployed (and job seeking)
251,6,access,hq_hf,high,high,Foliant,46c0bf32,2,25,130.2,14,FALSE,80,6,36,Male,6,4.454545454545454,5,"Stock Market, ETF or ETC, Private Equity fund, Government Bonds",Black,United Kingdom,United Kingdom,Full-Time
252,1,access,hq_hf,high,high,Servora,737deb7d,4,20,150.1,14,FALSE,51,4,38,Other,1,3.1818181818181817,6,"Government Bonds, Stock Market, ETF or ETC, Options, Private Equity fund, Other",White,United Kingdom,United Kingdom,Full-Time
253,7,access,hq_hf,high,high,Ironhall,b5fef669,2,20,17.3,3,FALSE,33,4,27,Female,8,3.8181818181818183,4,"Government Bonds, ETF or ETC, Stock Market, Unit trusts, Angel syndicate, Private Equity fund, Options, Venture Capital fund, Crowdfunding",Black,United States,United States,Part-Time
254,5,access,hq_hf,high,high,Pulsegrid,dff2e369,2,40,150,13,FALSE,100,6,23,Male,0,3.6363636363636362,5,"Government Bonds, Private Equity fund",White,Brazil,Brazil,Unemployed (and job seeking)
255,5,access,hq_hf,high,high,Pulsegrid,dff2e369,1,50,150,6,FALSE,100,5,39,Female,2,3.727272727272727,7,"ETF or ETC, Stock Market, Crowdfunding, Options",White,United States,United States,Full-Time
256,5,access,hq_hf,high,high,Pulsegrid,dff2e369,4,30,78.8,14,FALSE,75,5,43,Male,0,3.909090909090909,6,Crowdfunding,White,United Kingdom,United Kingdom,Full-Time
259,5,access,hq_hf,high,high,Pulsegrid,dff2e369,1,100,150.3,10,FALSE,85,6,60,Male,3,3.090909090909091,5,"ETF or ETC, Government Bonds, Stock Market, Unit trusts, Crowdfunding",Mixed,United States,United States,Part-Time
260,8,access,hq_hf,high,high,Curato,6b81ec39,2,25,124.6,14,FALSE,68,5,40,Male,2,3.8181818181818183,3,"Stock Market, Crowdfunding",White,United Kingdom,United Kingdom,Full-Time
261,5,access,hq_hf,high,high,Pulsegrid,dff2e369,3,35,150.1,14,FALSE,61,5,59,Male,0,2.4545454545454546,5,"ETF or ETC, Stock Market, Unit trusts, Private Equity fund, Government Bonds",White,Canada,Canada,Full-Time
262,1,access,hq_hf,high,high,Servora,737deb7d,1,30,150,14,FALSE,92,5,41,Male,0,4.181818181818182,3,Crowdfunding,White,United Kingdom,United Kingdom,Full-Time
263,3,access,hq_hf,high,high,Sentyl,bcd14e91,2,35,150.1,14,FALSE,94,7,36,Female,2,4.363636363636363,1,"ETF or ETC, Private Equity fund, Unit trusts, Stock Market, Options",Black,United States,United States,Full-Time
264,5,access,hq_hf,high,high,Pulsegrid,dff2e369,1,25,113,14,FALSE,93,7,32,Male,2,3.6363636363636362,2,"ETF or ETC, Government Bonds, Stock Market, Private Equity fund, Crowdfunding",NA,United Kingdom,United Kingdom,Full-Time
265,5,access,hq_hf,high,high,Pulsegrid,dff2e369,1,40,150,11,FALSE,92,6,30,Male,7,4.636363636363637,3,"Crowdfunding, Private Equity fund, Venture Capital fund, Unit trusts, Stock Market, ETF or ETC, Government Bonds",Black,United States,United States,Unemployed (and job seeking)
266,8,access,hq_hf,high,high,Curato,6b81ec39,1,10,143.4,14,FALSE,81,7,53,Male,2,4.636363636363637,4,"Stock Market, Crowdfunding",White,United States,United States,"Not in paid work (e.g. homemaker', 'retired or disabled)"
267,2,access,hq_hf,high,high,Axonmesh,f36cc003,4,80,122.6,14,FALSE,100,6,47,Male,7,3.272727272727273,2,"ETF or ETC, Government Bonds, Stock Market, Unit trusts, Crowdfunding, Options",White,Canada,Canada,Full-Time
268,2,access,hq_hf,high,high,Axonmesh,f36cc003,3,25,46.8,14,FALSE,66,4,33,Female,3,3.4545454545454546,5,"ETF or ETC, Government Bonds, Crowdfunding, Venture Capital fund",Asian,United States,United States,Unemployed (and job seeking)
269,5,access,hq_hf,high,high,Pulsegrid,dff2e369,3,15,33.6,14,FALSE,79,5,34,Male,8,5,4,"ETF or ETC, Government Bonds, Stock Market, Unit trusts, Angel syndicate, Private Equity fund, Venture Capital fund, Crowdfunding",White,United Kingdom,United Kingdom,Part-Time
270,4,access,hq_hf,high,high,Paperloom,340b9ba1,4,40,93.7,14,FALSE,68,7,47,Male,6,4.363636363636363,3,"Stock Market, Options, Private Equity fund, Venture Capital fund, Government Bonds, ETF or ETC, Unit trusts, Angel syndicate, Crowdfunding",White,United States,United States,Full-Time
271,1,access,hq_hf,high,high,Servora,737deb7d,4,30,150.1,12,FALSE,43,6,28,Male,0,3,5,"Stock Market, Crowdfunding, Private Equity fund",Other,United Kingdom,Sweden,NA
272,6,access,hq_hf,high,high,Foliant,46c0bf32,4,15,120.7,14,FALSE,62,6,50,Male,15,3.727272727272727,4,"Stock Market, Options, Private Equity fund, Venture Capital fund",Mixed,United Kingdom,United Kingdom,Part-Time
273,6,access,hq_hf,high,high,Foliant,46c0bf32,1,35,109.7,14,FALSE,10,3,34,Female,7,4.181818181818182,7,"Stock Market, Government Bonds, Private Equity fund",Black,United States,United States,Part-Time
274,4,access,hq_hf,high,high,Paperloom,340b9ba1,2,40,29.6,14,FALSE,100,7,43,Female,5,5,1,"ETF or ETC, Government Bonds, Stock Market, Unit trusts, Angel syndicate, Options, Private Equity fund, Venture Capital fund, Crowdfunding",Black,United States,United States,Full-Time
275,1,access,hq_hf,high,high,Servora,737deb7d,2,20,150,14,FALSE,67,6,27,Male,1,3.909090909090909,5,"Stock Market, Government Bonds, ETF or ETC, Angel syndicate, Options, Private Equity fund, Venture Capital fund, Crowdfunding, Other",Asian,India,India,Full-Time
277,5,access,hq_hf,high,high,Pulsegrid,dff2e369,2,50,150.6,8,FALSE,83,6,53,Female,0,3.909090909090909,2,"Stock Market, Crowdfunding, ETF or ETC",White,Canada,Canada,Other
278,3,access,hq_hf,high,high,Sentyl,bcd14e91,1,20,30.6,14,FALSE,42,4,33,Female,4,3,3,Crowdfunding,White,United Kingdom,United Kingdom,Full-Time
279,7,access,hq_hf,high,high,Ironhall,b5fef669,4,10,49.2,1,FALSE,69,5,26,Male,2,4.545454545454546,2,"Stock Market, Unit trusts, Private Equity fund, Government Bonds",Prefer not to say,Canada,Canada,Full-Time
280,3,access,hq_hf,high,high,Sentyl,bcd14e91,2,25,141.1,14,FALSE,92,7,44,Male,1,4.636363636363637,3,"ETF or ETC, Stock Market, Private Equity fund",Asian,United Kingdom,United Kingdom,Full-Time
282,7,access,hq_hf,high,high,Ironhall,b5fef669,2,38,113.8,14,FALSE,74,6,23,Male,2,4.363636363636363,5,"Stock Market, Crowdfunding, Government Bonds",Asian,India,India,Part-Time
286,7,access,hq_hf,high,high,Ironhall,b5fef669,4,10,150.4,13,FALSE,76,7,46,Male,2,3.6363636363636362,6,"ETF or ETC, Stock Market, Unit trusts, Government Bonds, Crowdfunding",White,United Kingdom,United Kingdom,Full-Time
287,5,access,hq_hf,high,high,Pulsegrid,dff2e369,4,4,73.5,14,FALSE,32,5,39,Male,0,3,2,"ETF or ETC, Stock Market, Venture Capital fund, Options",White,United States,United States,Full-Time
288,3,access,hq_hf,high,high,Sentyl,bcd14e91,4,10,144.1,14,FALSE,91,7,44,Male,12,4,5,"ETF or ETC, Government Bonds, Stock Market, Unit trusts, Angel syndicate, Private Equity fund, Crowdfunding",White,United Kingdom,United Kingdom,Full-Time
289,1,access,hq_hf,high,high,Servora,737deb7d,4,20,50.9,13,FALSE,94,4,30,Female,1,3.909090909090909,5,"Stock Market, Angel syndicate",Black,United Kingdom,Nigeria,Full-Time
290,7,access,hq_hf,high,high,Ironhall,b5fef669,2,35,57,14,FALSE,100,7,39,Male,6,3.909090909090909,5,"Government Bonds, Stock Market, Options, Private Equity fund, Crowdfunding, Other",White,United States,United States,Full-Time
292,7,access,hq_hf,high,high,Ironhall,b5fef669,3,30,150,13,FALSE,100,7,50,Male,2,4.2727272727272725,1,"Stock Market, Crowdfunding, Other",White,United States,United States,Full-Time
293,8,access,hq_hf,high,high,Curato,6b81ec39,2,30,74.5,14,FALSE,77,5,32,Male,0,3.1818181818181817,3,"Stock Market, Crowdfunding",White,United States,United States,Other
294,8,access,hq_hf,high,high,Curato,6b81ec39,1,25,150,14,FALSE,100,4,33,Male,10,4.818181818181818,3,"ETF or ETC, Stock Market, Options, Crowdfunding",Mixed,United States,United States,Full-Time
295,2,access,hq_hf,high,high,Axonmesh,f36cc003,3,35,149.9,14,FALSE,84,6,30,Female,2,3.727272727272727,3,"Stock Market, Options, Private Equity fund, Venture Capital fund, ETF or ETC",White,United States,United States,Full-Time
296,8,access,hq_hf,high,high,Curato,6b81ec39,2,20,107.8,14,FALSE,34,3,64,Female,5,3.272727272727273,2,"ETF or ETC, Stock Market, Unit trusts, Private Equity fund, Venture Capital fund, Crowdfunding",White,United Kingdom,United Kingdom,"Not in paid work (e.g. homemaker', 'retired or disabled)"
297,1,access,hq_hf,high,high,Servora,737deb7d,1,60,146.5,3,FALSE,67,7,45,Female,3,3.8181818181818183,5,"Stock Market, Crowdfunding",White,France,Spain,Full-Time
298,7,access,hq_hf,high,high,Ironhall,b5fef669,1,30,9.9,14,FALSE,47,5,56,Female,7,4,4,"Stock Market, Private Equity fund",White,United States,United States,Part-Time
299,6,access,hq_hf,high,high,Foliant,46c0bf32,4,70,150.1,14,FALSE,93,6,52,Male,0,3.090909090909091,1,"ETF or ETC, Stock Market, Private Equity fund, Government Bonds",White,Canada,Canada,Full-Time
301,7,access,hq_hf,high,high,Ironhall,b5fef669,2,50,150.1,10,FALSE,67,7,51,Female,0,3.8181818181818183,7,"Stock Market, Private Equity fund",Asian,United Kingdom,Hong Kong,Other
302,2,access,hq_hf,high,high,Axonmesh,f36cc003,2,35,149.9,14,FALSE,92,6,42,Male,6,3.727272727272727,4,"Government Bonds, Stock Market, Crowdfunding",White,United States,United States,Full-Time
303,2,access,hq_hf,high,high,Axonmesh,f36cc003,3,15,48.6,1,FALSE,69,5,43,Male,3,4.2727272727272725,5,"Private Equity fund, Stock Market, Government Bonds",Black,United States,United States,Full-Time
304,7,access,hq_hf,high,high,Ironhall,b5fef669,2,25,135.3,14,FALSE,63,5,27,Male,2,4.2727272727272725,5,"Stock Market, Angel syndicate",Asian,India,India,Part-Time
305,4,access,hq_hf,high,high,Paperloom,340b9ba1,4,50,125.4,14,FALSE,51,5,44,Female,10,3.1818181818181817,5,"ETF or ETC, Stock Market, Crowdfunding",White,United States,United States,Full-Time
306,6,access,hq_hf,high,high,Foliant,46c0bf32,2,25,67,8,FALSE,0,4,72,Male,5,3.5454545454545454,6,"ETF or ETC, Stock Market, Private Equity fund",White,United Kingdom,United Kingdom,"Not in paid work (e.g. homemaker', 'retired or disabled)"
307,8,access,hq_hf,high,high,Curato,6b81ec39,3,35,104.9,14,FALSE,71,5,30,Male,2,3.909090909090909,3,"Stock Market, Crowdfunding",Black,United Kingdom,United Kingdom,Part-Time
308,7,access,hq_hf,high,high,Ironhall,b5fef669,1,30,150,4,FALSE,86,5,26,Male,4,3.8181818181818183,6,"Stock Market, Venture Capital fund, Private Equity fund",Black,Canada,Nigeria,Full-Time
309,8,access,hq_hf,high,high,Curato,6b81ec39,1,30,150,12,FALSE,51,5,50,Female,6,3.1818181818181817,5,"Stock Market, Crowdfunding",White,United Kingdom,United Kingdom,Full-Time
311,8,access,hq_hf,high,high,Curato,6b81ec39,4,40,110,14,FALSE,64,5,27,Male,6,3.5454545454545454,3,"ETF or ETC, Stock Market, Options, Private Equity fund, Crowdfunding",White,United States,Panama,Full-Time
313,1,access,hq_hf,high,high,Servora,737deb7d,2,50,89.7,14,FALSE,100,7,59,Male,5,4.7272727272727275,1,"ETF or ETC, Government Bonds, Stock Market, Crowdfunding",White,United States,United States,Full-Time
314,8,access,hq_hf,high,high,Curato,6b81ec39,2,10,149.9,14,FALSE,63,5,35,Female,8,4.2727272727272725,1,"ETF or ETC, Government Bonds, Stock Market, Unit trusts, Options, Private Equity fund, Venture Capital fund, Crowdfunding",White,Brazil,Brazil,Full-Time
315,6,access,hq_hf,high,high,Foliant,46c0bf32,1,25,119.4,14,FALSE,17,3,58,Female,2,2.272727272727273,6,"Stock Market, Crowdfunding",White,United Kingdom,United Kingdom,Unemployed (and job seeking)
316,2,access,hq_hf,high,high,Axonmesh,f36cc003,3,25,147.5,1,FALSE,51,4,39,Male,8,4,3,"Government Bonds, Stock Market, Private Equity fund, Crowdfunding",Black,United States,United States,Full-Time
317,4,access,hq_hf,high,high,Paperloom,340b9ba1,3,50,107.3,14,FALSE,77,5,50,Male,10,3.8181818181818183,5,"ETF or ETC, Stock Market, Private Equity fund, Crowdfunding",White,United Kingdom,United Kingdom,Full-Time
318,5,access,hq_hf,high,high,Pulsegrid,dff2e369,3,20,44.4,14,FALSE,48,4,38,Female,0,3.3636363636363638,4,"Stock Market, Crowdfunding, ETF or ETC",White,United States,United States,Full-Time
319,6,access,hq_hf,high,high,Foliant,46c0bf32,4,60,95.7,14,FALSE,75,6,29,Female,2,4.454545454545454,5,"ETF or ETC, Stock Market, Government Bonds, Private Equity fund",Black,United States,NA,Unemployed (and job seeking)
320,2,access,hq_hf,high,high,Axonmesh,f36cc003,4,10,150.1,14,FALSE,94,7,27,Female,2,5,1,"Stock Market, Private Equity fund, Crowdfunding, Venture Capital fund",Black,United Kingdom,United Kingdom,Full-Time
321,5,access,hq_hf,high,high,Pulsegrid,dff2e369,3,20,133.3,14,FALSE,48,6,26,Male,2,4,6,"Stock Market, Options, Crowdfunding",Black,Canada,Nigeria,Due to start a new job within the next month
323,7,access,hq_hf,high,high,Ironhall,b5fef669,2,20,150,10,FALSE,23,7,22,Male,1,4.2727272727272725,3,"Stock Market, Private Equity fund",Mixed,United States,United States,Other
325,4,access,hq_hf,high,high,Paperloom,340b9ba1,1,10,150,14,FALSE,76,3,41,Male,2,3.5454545454545454,4,"ETF or ETC, Stock Market, Crowdfunding",White,Germany,Germany,Full-Time
327,8,access,hq_hf,high,high,Curato,6b81ec39,1,25,150.1,14,FALSE,0,7,29,Male,5,5,7,"Stock Market, Venture Capital fund, ETF or ETC",Black,United States,United States,Full-Time
329,7,access,hq_hf,high,high,Ironhall,b5fef669,2,30,91,14,FALSE,72,6,30,Female,4,4.363636363636363,5,"ETF or ETC, Government Bonds, Stock Market, Private Equity fund, Crowdfunding, Venture Capital fund",Asian,United States,Taiwan,Full-Time
330,5,access,hq_hf,high,high,Pulsegrid,dff2e369,4,25,47.7,14,FALSE,100,7,33,Female,5,4.454545454545454,5,"ETF or ETC, Stock Market, Venture Capital fund, Unit trusts, Government Bonds",Black,United States,United States,Part-Time
331,8,access,hq_hf,high,high,Curato,6b81ec39,2,30,136.8,14,FALSE,90,6,51,Male,15,4.2727272727272725,2,"ETF or ETC, Government Bonds, Stock Market, Crowdfunding",White,United States,United States,Full-Time
332,1,access,hq_hf,high,high,Servora,737deb7d,4,50,136.5,14,FALSE,49,4,52,Male,2,3,5,"ETF or ETC, Private Equity fund, Crowdfunding",White,United Kingdom,United Kingdom,Full-Time
333,6,access,hq_hf,high,high,Foliant,46c0bf32,4,45,144.7,14,FALSE,72,5,37,Male,0,3.5454545454545454,6,"ETF or ETC, Stock Market, Options, Crowdfunding",White,Germany,Germany,Full-Time
335,7,access,hq_hf,high,high,Ironhall,b5fef669,4,30,149.9,12,FALSE,71,6,67,Female,0,3.5454545454545454,5,"Crowdfunding, Government Bonds, Stock Market",White,Canada,Canada,"Not in paid work (e.g. homemaker', 'retired or disabled)"
339,4,access,hq_hf,high,high,Paperloom,340b9ba1,1,40,133.4,14,FALSE,98,4,58,Female,0,1.7272727272727273,7,"Angel syndicate, Don't know/Rather not say",White,United States,United States,Full-Time
340,1,access,hq_hf,high,high,Servora,737deb7d,1,30,32.4,14,FALSE,77,5,36,Male,4,3.1818181818181817,1,"ETF or ETC, Government Bonds, Stock Market, Private Equity fund",White,United Kingdom,United Kingdom,Full-Time
341,3,access,hq_hf,high,high,Sentyl,bcd14e91,1,75,107.5,14,FALSE,97,7,30,Male,0,3.5454545454545454,5,"ETF or ETC, Stock Market, Options, Crowdfunding",White,United States,United States,Full-Time
342,4,access,hq_hf,high,high,Paperloom,340b9ba1,1,40,150.2,13,FALSE,90,6,41,Male,0,2.6363636363636362,5,"ETF or ETC, Stock Market, Crowdfunding",White,Germany,Germany,Full-Time
344,5,access,hq_hf,high,high,Pulsegrid,dff2e369,1,15,149.6,13,FALSE,74,7,26,Male,2,4,2,"Government Bonds, Stock Market, Unit trusts, Crowdfunding",White,United Kingdom,United Kingdom,Full-Time
345,2,access,hq_hf,high,high,Axonmesh,f36cc003,2,45,132,12,FALSE,100,7,38,Female,3,3.3636363636363638,4,"Government Bonds, Stock Market, Private Equity fund, Crowdfunding, Venture Capital fund",White,United Kingdom,United Kingdom,Full-Time
346,8,access,hq_hf,high,high,Curato,6b81ec39,4,20,150,14,FALSE,72,6,33,Male,5,3.5454545454545454,6,Private Equity fund,Black,United Kingdom,Kenya,Part-Time
347,4,access,hq_hf,high,high,Paperloom,340b9ba1,1,30,130.8,14,FALSE,30,6,44,Male,2,4.2727272727272725,3,"ETF or ETC, Stock Market, Crowdfunding",White,United States,United States,Unemployed (and job seeking)
348,1,access,hq_hf,high,high,Servora,737deb7d,3,50,137.9,14,FALSE,83,7,25,Male,1,3.727272727272727,5,"Government Bonds, ETF or ETC, Stock Market, Options, Crowdfunding",Asian,India,India,Unemployed (and job seeking)
349,3,access,hq_hf,high,high,Sentyl,bcd14e91,2,30,114.2,14,FALSE,82,6,25,Male,1,4.181818181818182,4,"Stock Market, Crowdfunding",Black,United States,United States,Full-Time
350,2,access,hq_hf,high,high,Axonmesh,f36cc003,3,50,150,14,FALSE,93,7,60,Male,31,4.636363636363637,3,"Stock Market, ETF or ETC, Venture Capital fund",White,Canada,Canada,Full-Time
351,4,access,hq_hf,high,high,Paperloom,340b9ba1,1,0,116.4,14,FALSE,51,5,38,Female,5,3.5454545454545454,4,"Stock Market, Crowdfunding",White,United States,United States,Full-Time
352,4,access,hq_hf,high,high,Paperloom,340b9ba1,3,20,150.2,14,FALSE,100,6,32,Male,5,4.454545454545454,1,"Stock Market, Options, ETF or ETC, Government Bonds, Crowdfunding, Other",White,United States,United States,Full-Time
353,4,access,hq_hf,high,high,Paperloom,340b9ba1,1,70,150,14,FALSE,100,6,54,Female,1,3.5454545454545454,3,Crowdfunding,White,United Kingdom,United Kingdom,Full-Time
354,2,access,hq_hf,high,high,Axonmesh,f36cc003,4,35,149.9,14,FALSE,84,6,33,Male,0,3.727272727272727,6,"ETF or ETC, Stock Market, Government Bonds, Options, Crowdfunding",White,United States,United States,Full-Time
355,3,access,hq_hf,high,high,Sentyl,bcd14e91,3,40,139.8,14,FALSE,100,6,35,Male,5,4.181818181818182,2,"Stock Market, Options, Crowdfunding, Government Bonds",Black,United Kingdom,Nigeria,Full-Time
356,4,access,hq_hf,high,high,Paperloom,340b9ba1,1,10,149.9,11,FALSE,100,6,46,Male,8,4,5,"Government Bonds, Crowdfunding, Stock Market",Mixed,United Kingdom,United Kingdom,Full-Time
357,8,access,hq_hf,high,high,Curato,6b81ec39,4,10,150.2,12,FALSE,58,5,29,Female,4,4,5,"ETF or ETC, Government Bonds, Stock Market, Unit trusts, Angel syndicate, Options, Private Equity fund",White,United States,United States,Part-Time
358,6,access,hq_hf,high,high,Foliant,46c0bf32,2,35,137.5,14,FALSE,86,6,64,Female,4,3.5454545454545454,5,Private Equity fund,Black,United States,Kenya,Part-Time
359,6,access,hq_hf,high,high,Foliant,46c0bf32,2,40,147,14,FALSE,100,6,42,Female,1,3.727272727272727,7,"Crowdfunding, Stock Market, Government Bonds",Mixed,United Kingdom,United Kingdom,Full-Time
360,5,access,hq_hf,high,high,Pulsegrid,dff2e369,1,37,116.2,14,FALSE,95,6,29,Female,1,4.090909090909091,5,"Government Bonds, Stock Market, Private Equity fund",White,United States,United States,Full-Time
361,4,access,hq_hf,high,high,Paperloom,340b9ba1,2,10,149.9,12,FALSE,100,4,37,Male,3,4.818181818181818,4,"Government Bonds, Stock Market, Private Equity fund, Unit trusts, Angel syndicate",Black,United States,Kenya,Full-Time
362,5,access,hq_hf,high,high,Pulsegrid,dff2e369,4,40,150,14,FALSE,72,5,35,Female,3,4,3,"Stock Market, Government Bonds, Private Equity fund",Asian,India,India,Full-Time
363,7,access,hq_hf,high,high,Ironhall,b5fef669,3,40,20.3,9,FALSE,59,6,36,Female,0,2.1818181818181817,2,Crowdfunding,White,United States,United States,Unemployed (and job seeking)
364,5,access,hq_hf,high,high,Pulsegrid,dff2e369,1,40,145.2,14,FALSE,27,4,43,Male,10,2.8181818181818183,5,"ETF or ETC, Government Bonds, Crowdfunding, Stock Market",White,United States,United States,Full-Time
365,1,access,hq_hf,high,high,Servora,737deb7d,3,5,150,14,FALSE,92,2,36,Male,6,4,3,"Stock Market, Government Bonds, Crowdfunding",White,United Kingdom,United Kingdom,Full-Time
366,1,access,hq_hf,high,high,Servora,737deb7d,3,35,150.6,14,FALSE,87,6,46,Female,4,4.7272727272727275,2,"Stock Market, Private Equity fund",White,United States,United States,Part-Time
367,8,access,hq_hf,high,high,Curato,6b81ec39,4,25,106.4,14,FALSE,28,6,31,Male,5,5,5,"Stock Market, Government Bonds, Private Equity fund",Black,United States,United States,Unemployed (and job seeking)
368,2,access,hq_hf,high,high,Axonmesh,f36cc003,1,50,116.7,14,FALSE,83,5,35,Male,3,4.2727272727272725,6,"ETF or ETC, Stock Market, Crowdfunding",White,United Kingdom,United Kingdom,Full-Time
369,5,access,hq_hf,high,high,Pulsegrid,dff2e369,4,44,104.4,14,FALSE,80,4,24,Male,3,4,3,"ETF or ETC, Government Bonds, Stock Market, Unit trusts, Angel syndicate, Options, Private Equity fund",Mixed,Canada,Tunisia,Part-Time
371,3,access,hq_hf,high,high,Sentyl,bcd14e91,4,55,150.1,14,FALSE,100,6,38,Female,11,4,1,"ETF or ETC, Government Bonds, Stock Market, Private Equity fund",White,United Kingdom,United Kingdom,Full-Time
372,4,access,hq_hf,high,high,Paperloom,340b9ba1,3,40,18.3,14,FALSE,73,6,29,Female,2,3.6363636363636362,5,"ETF or ETC, Stock Market, Crowdfunding, Venture Capital fund, Private Equity fund, Options",Asian,Canada,Canada,Full-Time
376,2,access,hq_hf,high,high,Axonmesh,f36cc003,1,35,99.3,1,FALSE,70,5,35,Male,2,4.090909090909091,5,"Stock Market, Crowdfunding",White,United States,United States,Full-Time
377,6,access,hq_hf,high,high,Foliant,46c0bf32,2,20,150.1,14,FALSE,69,6,39,Male,5,3.909090909090909,1,"Crowdfunding, Stock Market",White,United States,United States,Full-Time
378,4,access,hq_hf,high,high,Paperloom,340b9ba1,2,15,150,14,FALSE,98,7,26,Male,0,4,3,"Stock Market, Venture Capital fund, Crowdfunding",White,France,France,Full-Time
379,2,access,hq_hf,high,high,Axonmesh,f36cc003,2,10,148.1,14,FALSE,93,4,48,Male,0,3.4545454545454546,1,"ETF or ETC, Government Bonds, Stock Market, Crowdfunding",White,United States,United States,Full-Time
380,3,access,hq_hf,high,high,Sentyl,bcd14e91,2,70,150,14,FALSE,44,5,24,Male,0,3.727272727272727,6,"ETF or ETC, Crowdfunding",Asian,United Kingdom,United Kingdom,Other
381,2,access,hq_hf,high,high,Axonmesh,f36cc003,3,40,150,14,FALSE,81,3,42,Male,15,4.454545454545454,2,"ETF or ETC, Government Bonds, Stock Market, Unit trusts, Private Equity fund, Venture Capital fund, Options, Crowdfunding",White,United Kingdom,United Kingdom,Full-Time
382,2,access,hq_hf,high,high,Axonmesh,f36cc003,2,35,142.6,14,FALSE,41,5,40,Male,3,3.6363636363636362,5,"Stock Market, Government Bonds, Options, Private Equity fund, ETF or ETC",Asian,India,India,Part-Time
383,8,access,hq_hf,high,high,Curato,6b81ec39,2,5,66,14,FALSE,99,7,39,Male,10,3.090909090909091,1,"Stock Market, Private Equity fund, Venture Capital fund",Asian,United States,United States,Full-Time
385,6,access,hq_hf,high,high,Foliant,46c0bf32,3,18,82.9,14,FALSE,76,6,23,Male,1,3.727272727272727,5,"ETF or ETC, Crowdfunding, Options, Stock Market",Asian,India,India,Unemployed (and job seeking)
386,1,access,hq_hf,high,high,Servora,737deb7d,3,60,150.2,14,FALSE,76,4,37,Male,3,4,5,"ETF or ETC, Government Bonds, Stock Market, Unit trusts, Angel syndicate, Options, Crowdfunding, Other",White,United Kingdom,United Kingdom,Full-Time
387,7,access,hq_hf,high,high,Ironhall,b5fef669,3,30,150.1,14,FALSE,82,4,48,Male,12,4,3,"ETF or ETC, Government Bonds, Stock Market, Crowdfunding, Options, Venture Capital fund, Angel syndicate, Other",Black,United Kingdom,United Kingdom,Full-Time
389,6,access,hq_hf,high,high,Foliant,46c0bf32,4,70,17.7,14,FALSE,99,7,30,Male,0,4.636363636363637,3,"ETF or ETC, Government Bonds, Stock Market, Options, Crowdfunding, Other",White,United States,United States,Full-Time
393,3,access,hq_hf,high,high,Sentyl,bcd14e91,4,41,150.1,14,FALSE,70,6,60,Male,15,3.909090909090909,5,"Government Bonds, Stock Market, Private Equity fund, Crowdfunding, Unit trusts, ETF or ETC",Black,United Kingdom,United Kingdom,Full-Time
394,2,access,hq_hf,high,high,Axonmesh,f36cc003,2,40,148,14,FALSE,95,7,60,Male,15,4.2727272727272725,5,"Government Bonds, Stock Market, Options, Venture Capital fund, Crowdfunding",White,United States,United States,"Not in paid work (e.g. homemaker', 'retired or disabled)"
396,4,access,hq_hf,high,high,Paperloom,340b9ba1,2,25,42.5,14,FALSE,100,7,40,Male,12,3.909090909090909,5,"ETF or ETC, Government Bonds, Stock Market, Crowdfunding, Venture Capital fund, Other, Options, Angel syndicate",White,Brazil,Brazil,Full-Time
399,1,access,hq_hf,high,high,Servora,737deb7d,1,30,150.1,11,FALSE,98,6,34,Male,4,4.2727272727272725,4,"Stock Market, Private Equity fund, ETF or ETC, Options",White,United States,United States,Full-Time
401,7,access,hq_hf,high,high,Ironhall,b5fef669,3,35,140.7,14,FALSE,95,6,32,Male,0,3.909090909090909,3,"Government Bonds, Stock Market, Options, Crowdfunding, Other, ETF or ETC",Black,France,Nigeria,Unemployed (and job seeking)
402,7,access,hq_hf,high,high,Ironhall,b5fef669,4,30,81.9,14,FALSE,72,5,38,Male,0,3.4545454545454546,3,Crowdfunding,White,United Kingdom,United Kingdom,Full-Time
403,1,access,hq_hf,high,high,Servora,737deb7d,2,40,53,14,FALSE,85,6,41,Male,3,4.363636363636363,3,"Stock Market, Crowdfunding",White,United Kingdom,United Kingdom,Full-Time
405,2,access,hq_hf,high,high,Axonmesh,f36cc003,1,65,150.1,13,FALSE,76,6,35,Female,2,3.1818181818181817,5,"ETF or ETC, Stock Market, Private Equity fund, Crowdfunding",Mixed,Germany,Germany,Full-Time
406,4,access,hq_hf,high,high,Paperloom,340b9ba1,1,20,66,5,FALSE,79,5,43,Female,5,4,3,Private Equity fund,White,United States,United States,Full-Time
407,5,access,hq_hf,high,high,Pulsegrid,dff2e369,3,20,59.4,14,FALSE,75,5,43,Male,7,3.6363636363636362,1,"ETF or ETC, Government Bonds, Stock Market, Private Equity fund, Venture Capital fund",White,United States,United States,Other
409,5,access,hq_hf,high,high,Pulsegrid,dff2e369,4,10,121.2,6,FALSE,72,3,42,Male,1,3.4545454545454546,6,"Government Bonds, Private Equity fund",White,Brazil,Brazil,Full-Time
410,3,access,hq_hf,high,high,Sentyl,bcd14e91,2,50,58.9,14,FALSE,57,4,66,Male,0,3.1818181818181817,4,Private Equity fund,White,United States,United States,Part-Time
411,7,access,hq_hf,high,high,Ironhall,b5fef669,2,50,149.9,13,FALSE,100,7,44,Male,0,3.090909090909091,4,"Stock Market, Crowdfunding",White,United States,United States,Full-Time
412,8,access,hq_hf,high,high,Curato,6b81ec39,3,40,150.1,13,FALSE,74,5,37,Male,7,3.3636363636363638,5,"Government Bonds, Stock Market, Crowdfunding",White,United Kingdom,United Kingdom,Full-Time
413,7,access,hq_hf,high,high,Ironhall,b5fef669,4,50,150.2,13,FALSE,34,3,56,Male,15,3.5454545454545454,7,"ETF or ETC, Stock Market, Crowdfunding, Options",Asian,United States,United Kingdom,Full-Time
414,8,access,hq_hf,high,high,Curato,6b81ec39,4,40,149.8,14,FALSE,89,6,35,Male,5,4.181818181818182,1,"ETF or ETC, Government Bonds, Stock Market, Options, Private Equity fund, Venture Capital fund",White,United States,United States,Full-Time
415,1,access,hq_hf,high,high,Servora,737deb7d,2,30,87.7,14,FALSE,79,6,31,Female,3,5,2,"Government Bonds, Stock Market, Private Equity fund",Black,United Kingdom,Nigeria,Full-Time
416,6,access,hq_hf,high,high,Foliant,46c0bf32,2,100,61,14,FALSE,74,7,31,Male,3,3.090909090909091,2,"ETF or ETC, Stock Market, Venture Capital fund, Crowdfunding",White,Canada,Canada,Full-Time
419,8,access,hq_hf,high,high,Curato,6b81ec39,2,25,63.6,14,FALSE,60,5,49,Female,1,3.8181818181818183,3,"ETF or ETC, Stock Market, Crowdfunding",White,United States,United States,"Not in paid work (e.g. homemaker', 'retired or disabled)"
420,3,access,hq_hf,high,high,Sentyl,bcd14e91,3,20,150.1,7,FALSE,68,5,28,Female,1,3.3636363636363638,4,"Stock Market, Crowdfunding",Black,United States,United States,Full-Time
421,8,access,hq_hf,high,high,Curato,6b81ec39,1,40,150,13,FALSE,84,6,36,Male,5,3.6363636363636362,4,"Government Bonds, Stock Market, Private Equity fund",White,United Kingdom,United Kingdom,Full-Time
422,2,access,hq_hf,high,high,Axonmesh,f36cc003,3,35,45,4,FALSE,55,6,66,Male,10,4.454545454545454,5,"ETF or ETC, Stock Market, Government Bonds, Crowdfunding, Private Equity fund, Venture Capital fund",White,United States,United States,Part-Time
424,3,access,hq_hf,high,high,Sentyl,bcd14e91,3,20,150.1,14,FALSE,72,5,59,Female,4,3.6363636363636362,4,"Crowdfunding, Government Bonds",White,United Kingdom,United Kingdom,Full-Time
427,1,access,hq_hf,high,high,Servora,737deb7d,2,25,118.3,14,FALSE,100,6,73,Female,12,4.181818181818182,4,"Government Bonds, Stock Market, Private Equity fund, Venture Capital fund",White,United States,United States,"Not in paid work (e.g. homemaker', 'retired or disabled)"
428,7,access,hq_hf,high,high,Ironhall,b5fef669,2,40,71.9,6,FALSE,61,6,33,Male,0,3.4545454545454546,4,"Stock Market, Crowdfunding",Mixed,Brazil,Brazil,Full-Time
429,5,access,hq_hf,high,high,Pulsegrid,dff2e369,2,20,80.9,14,FALSE,88,5,36,Male,1,3.727272727272727,2,"Government Bonds, Stock Market, Crowdfunding",White,United Kingdom,United Kingdom,Full-Time
431,6,access,hq_hf,high,high,Foliant,46c0bf32,1,20,94.9,14,FALSE,93,6,35,Male,15,4,4,"ETF or ETC, Government Bonds, Stock Market, Unit trusts, Angel syndicate, Options, Private Equity fund, Venture Capital fund, Crowdfunding, Other",Mixed,Brazil,Brazil,Full-Time
432,8,access,hq_hf,high,high,Curato,6b81ec39,2,40,150,14,FALSE,81,6,47,Female,5,4.545454545454546,6,"Government Bonds, Stock Market, Private Equity fund",White,United States,United States,Full-Time
433,1,access,hq_hf,high,high,Servora,737deb7d,1,20,150.1,14,FALSE,77,6,42,Female,7,4.090909090909091,5,"Government Bonds, Stock Market, Crowdfunding, Other",White,United Kingdom,United Kingdom,Other
434,2,access,hq_hf,high,high,Axonmesh,f36cc003,1,15,42.3,12,FALSE,84,5,24,Male,1,2.4545454545454546,6,"Stock Market, ETF or ETC, Other, Options, Crowdfunding",Mixed,United Kingdom,United Kingdom,Unemployed (and job seeking)
435,4,access,hq_hf,high,high,Paperloom,340b9ba1,4,45,150.1,9,FALSE,86,7,43,Male,6,3.909090909090909,2,"Government Bonds, Stock Market, Options, Crowdfunding",White,United Kingdom,United Kingdom,Full-Time
437,1,access,hq_hf,high,high,Servora,737deb7d,1,35,92.3,14,FALSE,100,7,42,Female,5,4.090909090909091,6,"Stock Market, Private Equity fund",Black,United States,United States,Full-Time
438,6,access,hq_hf,high,high,Foliant,46c0bf32,2,60,130.4,14,FALSE,100,7,35,Female,0,3.8181818181818183,7,"Stock Market, Crowdfunding",White,United Kingdom,United Kingdom,Full-Time
441,7,access,hq_hf,high,high,Ironhall,b5fef669,3,5,74.5,14,FALSE,66,6,47,Male,6,4.363636363636363,5,"ETF or ETC, Government Bonds, Stock Market, Private Equity fund, Venture Capital fund",Black,United States,United States,Full-Time
443,4,access,hq_hf,high,high,Paperloom,340b9ba1,3,30,16.5,1,FALSE,69,5,22,Female,4,4.545454545454546,5,"ETF or ETC, Government Bonds, Stock Market, Private Equity fund",Black,United States,United States,Full-Time
444,7,access,hq_hf,high,high,Ironhall,b5fef669,1,75,150.1,8,FALSE,100,7,58,Male,0,4.636363636363637,3,Crowdfunding,White,United States,United States,Full-Time
445,2,access,hq_hf,high,high,Axonmesh,f36cc003,4,27,146.6,14,FALSE,65,5,28,Male,2,4,6,"Private Equity fund, Stock Market, Government Bonds",Black,France,Ghana,Full-Time
446,8,access,hq_hf,high,high,Curato,6b81ec39,1,50,150,10,FALSE,100,6,24,Male,5,4.909090909090909,6,"ETF or ETC, Government Bonds, Stock Market, Unit trusts, Options, Angel syndicate, Private Equity fund, Venture Capital fund, Crowdfunding, Other",White,United Kingdom,United Kingdom,Full-Time
447,7,access,hq_hf,high,high,Ironhall,b5fef669,1,15,137,13,FALSE,72,5,41,Male,5,3.6363636363636362,5,"Stock Market, ETF or ETC, Government Bonds, Options, Private Equity fund, Unit trusts, Angel syndicate",White,United States,United States,Full-Time
448,3,access,hq_hf,high,high,Sentyl,bcd14e91,4,30,119.8,14,FALSE,82,6,32,Male,2,4.545454545454546,3,"ETF or ETC, Stock Market, Options, Private Equity fund, Crowdfunding, Venture Capital fund",Black,United States,United States,Full-Time
449,5,access,hq_hf,high,high,Pulsegrid,dff2e369,4,10,121.6,14,FALSE,50,3,28,Male,2,3.4545454545454546,2,"ETF or ETC, Government Bonds, Stock Market, Crowdfunding",Asian,United States,United States,Full-Time
450,5,access,hq_hf,high,high,Pulsegrid,dff2e369,4,0,67.3,14,FALSE,58,3,50,Male,5,3.5454545454545454,5,"Stock Market, Crowdfunding",White,United States,United States,"Not in paid work (e.g. homemaker', 'retired or disabled)"
452,2,access,hq_hf,high,high,Axonmesh,f36cc003,3,15,67.1,14,FALSE,31,5,22,Male,1,3.4545454545454546,5,"Crowdfunding, Stock Market",White,Brazil,Brazil,Unemployed (and job seeking)
453,1,access,hq_hf,high,high,Servora,737deb7d,1,75,150,4,FALSE,74,6,54,Female,2,3.5454545454545454,2,Crowdfunding,White,United Kingdom,United Kingdom,Part-Time
455,8,access,hq_hf,high,high,Curato,6b81ec39,3,40,90.1,9,FALSE,69,5,31,Female,2,3.8181818181818183,5,"ETF or ETC, Government Bonds, Stock Market, Angel syndicate, Options, Unit trusts, Venture Capital fund, Private Equity fund, Crowdfunding, Other",Black,Canada,Canada,Full-Time
458,1,access,hq_hf,high,high,Servora,737deb7d,3,15,81.4,14,FALSE,86,5,37,Male,2,4.2727272727272725,2,"Stock Market, Private Equity fund",White,United Kingdom,United Kingdom,Full-Time
460,4,access,hq_hf,high,high,Paperloom,340b9ba1,1,32,71.3,14,FALSE,99,7,37,Male,7,4.2727272727272725,2,"ETF or ETC, Stock Market, Angel syndicate, Venture Capital fund, Crowdfunding",White,United Kingdom,United Kingdom,Full-Time
461,3,access,hq_hf,high,high,Sentyl,bcd14e91,2,45,97.4,14,FALSE,67,6,31,Female,0,3.272727272727273,5,"Government Bonds, Stock Market, Venture Capital fund",White,United States,United States,Full-Time
462,7,access,hq_hf,high,high,Ironhall,b5fef669,3,15,114.3,14,FALSE,80,5,36,Male,7,3.1818181818181817,6,"ETF or ETC, Stock Market, Venture Capital fund",White,United Kingdom,United Kingdom,Full-Time
463,3,access,hq_hf,high,high,Sentyl,bcd14e91,1,30,87.4,14,FALSE,74,6,23,Female,4,4.636363636363637,4,"Stock Market, Venture Capital fund, Private Equity fund",Black,United States,United States,Full-Time
464,2,access,hq_hf,high,high,Axonmesh,f36cc003,1,50,150,8,FALSE,67,5,39,Female,10,3.909090909090909,5,"Crowdfunding, Other",White,United Kingdom,United Kingdom,Full-Time
465,6,access,hq_hf,high,high,Foliant,46c0bf32,1,0,150,6,FALSE,52,4,39,Female,3,3.3636363636363638,1,"Crowdfunding, Government Bonds",White,United States,United States,"Not in paid work (e.g. homemaker', 'retired or disabled)"
467,6,access,hq_hf,high,high,Foliant,46c0bf32,3,35,139.1,14,FALSE,70,6,55,Female,0,3.3636363636363638,2,"Stock Market, Crowdfunding",White,France,Norway,Full-Time
468,1,access,hq_hf,high,high,Servora,737deb7d,3,25,60.4,6,FALSE,61,6,35,Male,8,4.090909090909091,6,"Crowdfunding, Stock Market",Black,United Kingdom,United Kingdom,Full-Time
469,3,access,hq_hf,high,high,Sentyl,bcd14e91,4,40,30.6,14,FALSE,32,5,41,Male,5,4.2727272727272725,3,"Government Bonds, Stock Market, ETF or ETC, Venture Capital fund, Unit trusts",Black,United States,United States,Part-Time
470,3,access,hq_hf,high,high,Sentyl,bcd14e91,1,20,150.5,14,FALSE,75,4,35,Male,5,3.4545454545454546,2,"ETF or ETC, Government Bonds, Stock Market, Unit trusts, Angel syndicate, Options, Private Equity fund, Venture Capital fund, Crowdfunding, Other",Mixed,United States,United States,Full-Time
471,3,access,hq_hf,high,high,Sentyl,bcd14e91,3,45,131.8,14,FALSE,41,6,45,Male,0,2.3636363636363638,4,"ETF or ETC, Stock Market, Crowdfunding",White,United States,United States,Full-Time
474,1,access,hq_hf,high,high,Servora,737deb7d,1,50,150.1,11,FALSE,65,5,42,Male,2,3.090909090909091,5,"Government Bonds, ETF or ETC, Stock Market, Options, Private Equity fund, Other",Mixed,Brazil,Brazil,Part-Time
475,5,access,hq_hf,high,high,Pulsegrid,dff2e369,2,50,139.3,14,FALSE,77,4,53,Male,10,3.6363636363636362,5,"ETF or ETC, Stock Market, Unit trusts, Crowdfunding",White,United Kingdom,United Kingdom,Part-Time
476,5,access,hq_hf,high,high,Pulsegrid,dff2e369,4,30,91.3,14,FALSE,64,6,29,Male,2,4.2727272727272725,5,"Stock Market, Private Equity fund",Black,Canada,Canada,Part-Time
477,7,access,hq_hf,high,high,Ironhall,b5fef669,3,20,150.1,14,FALSE,94,5,40,Male,10,3.909090909090909,5,"ETF or ETC, Stock Market, Government Bonds, Options, Private Equity fund",Mixed,United States,United States,Full-Time
479,4,access,hq_hf,high,high,Paperloom,340b9ba1,4,45,134.5,14,FALSE,88,7,21,Male,1,3.6363636363636362,2,"ETF or ETC, Stock Market, Private Equity fund, Government Bonds",White,United Kingdom,United Kingdom,Full-Time
480,7,access,hq_hf,high,high,Ironhall,b5fef669,4,30,89.4,14,FALSE,84,6,30,Female,3,4.545454545454546,6,"ETF or ETC, Stock Market, Crowdfunding, Private Equity fund",Asian,United Kingdom,United Kingdom,Part-Time
481,8,access,hq_hf,high,high,Curato,6b81ec39,1,24,150,14,FALSE,35,3,45,Male,5,4.454545454545454,1,"ETF or ETC, Government Bonds, Stock Market, Unit trusts, Private Equity fund, Crowdfunding",Black,Canada,Canada,Full-Time
483,1,access,hq_hf,high,high,Servora,737deb7d,4,40,136.3,14,FALSE,100,7,37,Male,3,5,4,"Stock Market, Private Equity fund, Other, Government Bonds, Options",Asian,India,India,Full-Time
485,5,access,hq_hf,high,high,Pulsegrid,dff2e369,2,35,118.7,14,FALSE,77,5,34,Male,2,3.1818181818181817,4,"Stock Market, Venture Capital fund, Crowdfunding, ETF or ETC",Black,United States,United States,Part-Time
486,5,access,hq_hf,high,high,Pulsegrid,dff2e369,3,30,116.2,14,FALSE,86,5,46,Female,2,4.545454545454546,3,"Government Bonds, Private Equity fund",Asian,India,India,Unemployed (and job seeking)
487,4,access,hq_hf,high,high,Paperloom,340b9ba1,4,60,150.7,14,FALSE,61,5,45,Female,0,3.909090909090909,7,"ETF or ETC, Stock Market, Crowdfunding",White,United Kingdom,United Kingdom,Part-Time
491,4,access,hq_hf,high,high,Paperloom,340b9ba1,3,20,45.4,14,FALSE,88,4,25,Female,3,4.545454545454546,2,"ETF or ETC, Crowdfunding, Stock Market, Venture Capital fund, Options",Black,United States,Nigeria,Full-Time
493,8,access,hq_hf,high,high,Curato,6b81ec39,1,25,150,14,FALSE,55,5,53,Female,8,3.727272727272727,2,"Stock Market, ETF or ETC, Private Equity fund",White,United States,United States,Full-Time
495,3,access,hq_hf,high,high,Sentyl,bcd14e91,4,15,150.1,12,FALSE,100,7,34,Male,1,3.8181818181818183,1,"Stock Market, Crowdfunding, Options, Private Equity fund",White,United States,United States,Full-Time
497,1,access,hq_hf,high,high,Servora,737deb7d,4,25,57.2,14,FALSE,78,7,32,Male,1,4.2727272727272725,7,"Government Bonds, Crowdfunding",Black,United States,Kenya,Part-Time
499,5,access,hq_hf,high,high,Pulsegrid,dff2e369,3,25,118.3,14,FALSE,83,5,31,Male,7,4.090909090909091,1,"ETF or ETC, Stock Market, Unit trusts, Angel syndicate, Private Equity fund",White,United States,United States,Full-Time
500,8,access,hq_hf,high,high,Curato,6b81ec39,3,10,149.9,14,FALSE,80,5,59,Male,3,3.3636363636363638,3,"ETF or ETC, Stock Market, Unit trusts, Crowdfunding",White,United Kingdom,United Kingdom,Full-Time
501,6,access,hq_hf,high,high,Foliant,46c0bf32,1,60,148.1,14,FALSE,88,5,25,Male,2,3,1,"ETF or ETC, Stock Market, Private Equity fund, Crowdfunding",Asian,United Kingdom,United Kingdom,Unemployed (and job seeking)
502,7,access,hq_hf,high,high,Ironhall,b5fef669,2,NA,44.9,14,TRUE,68,5,37,Male,0,4.181818181818182,2,"ETF or ETC, Government Bonds, Stock Market, Options, Private Equity fund, Venture Capital fund, Crowdfunding",White,United States,United States,Full-Time
503,7,access,hq_hf,high,high,Ironhall,b5fef669,3,10,74,2,FALSE,60,6,29,Female,0,3.6363636363636362,3,"Government Bonds, Crowdfunding",Black,United Kingdom,United Kingdom,Part-Time
505,3,access,hq_hf,high,high,Sentyl,bcd14e91,3,40,150.1,11,FALSE,71,7,39,Female,4,2.909090909090909,6,"Stock Market, Unit trusts, Other, Venture Capital fund",Black,Canada,Canada,Full-Time
507,5,access,hq_hf,high,high,Pulsegrid,dff2e369,3,30,7.8,14,FALSE,63,5,25,Female,1,3.909090909090909,3,"Stock Market, Crowdfunding, Unit trusts, ETF or ETC, Private Equity fund",Asian,United Kingdom,United Kingdom,Full-Time
511,7,access,hq_hf,high,high,Ironhall,b5fef669,3,15,67.5,14,FALSE,59,5,32,Male,7,3.4545454545454546,5,"Stock Market, Private Equity fund, Crowdfunding, Venture Capital fund",Black,United Kingdom,United Kingdom,Full-Time
513,1,access,hq_hf,high,high,Servora,737deb7d,1,35,116.5,14,FALSE,99,7,30,Male,5,3.8181818181818183,5,"ETF or ETC, Government Bonds, Stock Market, Angel syndicate",Black,United States,United States,Part-Time
518,6,access,hq_hf,high,high,Foliant,46c0bf32,2,0,116.2,14,FALSE,100,6,27,Male,0,4.181818181818182,5,"ETF or ETC, Stock Market, Private Equity fund",Mixed,United Kingdom,Turkey,Full-Time
521,5,access,hq_hf,high,high,Pulsegrid,dff2e369,3,25,150.1,14,FALSE,33,4,38,Male,2,3.6363636363636362,5,"Government Bonds, ETF or ETC, Stock Market, Crowdfunding, Private Equity fund, Options",White,Canada,Canada,Full-Time
1,3,access,lq_hf,low,high,Axonmesh,4fe27fae,2,15,87.1,14,FALSE,56,4,31,Male,0,3.272727272727273,6,"ETF or ETC, Stock Market, Government Bonds, Crowdfunding",White,Germany,Germany,Full-Time
2,4,access,lq_hf,low,high,Sentyl,90a19744,3,10,71.8,14,FALSE,51,4,54,Female,5,3.4545454545454546,3,"Stock Market, Crowdfunding, Other",White,United Kingdom,United Kingdom,Other
3,7,access,lq_hf,low,high,Foliant,08321160,3,35,73.7,14,FALSE,83,5,39,Female,2,2.727272727272727,5,"ETF or ETC, Stock Market, Crowdfunding",White,United Kingdom,United Kingdom,Unemployed (and job seeking)
4,6,access,lq_hf,low,high,Pulsegrid,2055e10c,2,10,105.4,14,FALSE,72,5,47,Male,10,4.181818181818182,4,"Government Bonds, Stock Market, Crowdfunding",White,United States,United States,Full-Time
5,5,access,lq_hf,low,high,Paperloom,84f4d358,1,0,123.1,14,FALSE,88,6,36,Male,1,2.909090909090909,1,"ETF or ETC, Government Bonds, Stock Market, Options, Crowdfunding, Other",White,Germany,Germany,Full-Time
6,7,access,lq_hf,low,high,Foliant,08321160,3,0,32.6,14,FALSE,100,5,22,Female,1,3.4545454545454546,4,"Unit trusts, Stock Market, ETF or ETC, Options, Government Bonds, Crowdfunding",Asian,Singapore,Singapore,Unemployed (and job seeking)
9,5,access,lq_hf,low,high,Paperloom,84f4d358,1,20,64.6,5,FALSE,90,6,40,Female,0,4,6,"Stock Market, Crowdfunding",White,United States,United States,Full-Time
10,3,access,lq_hf,low,high,Axonmesh,4fe27fae,2,50,78.3,14,FALSE,100,7,31,Male,4,3.909090909090909,3,"ETF or ETC, Stock Market, Unit trusts, Options, Private Equity fund, Venture Capital fund",White,United Kingdom,United Kingdom,Full-Time
11,6,access,lq_hf,low,high,Pulsegrid,2055e10c,4,80,99.9,14,FALSE,59,6,44,Male,8,4.2727272727272725,1,"Government Bonds, Stock Market, Options, Venture Capital fund",Black,United States,United States,Full-Time
12,8,access,lq_hf,low,high,Ironhall,3e0eedc2,1,5,122.1,14,FALSE,75,2,41,Male,2,3,3,"ETF or ETC, Government Bonds, Crowdfunding, Other, Stock Market",White,United Kingdom,United Kingdom,"Not in paid work (e.g. homemaker', 'retired or disabled)"
13,1,access,lq_hf,low,high,Curato,37c0ca72,1,15,150.2,14,FALSE,69,3,37,Female,1,2.727272727272727,7,"Stock Market, Crowdfunding, Other",White,France,France,Full-Time
14,8,access,lq_hf,low,high,Ironhall,3e0eedc2,3,70,112.3,14,FALSE,79,5,37,Male,4,3.8181818181818183,2,"Government Bonds, Stock Market, Crowdfunding",White,United States,United States,Unemployed (and job seeking)
15,2,access,lq_hf,low,high,Servora,e55a120c,3,25,150.1,14,FALSE,11,4,22,Male,4,4.363636363636363,7,"Options, Angel syndicate, Unit trusts, Stock Market, Government Bonds, ETF or ETC, Crowdfunding",Asian,India,India,Full-Time
16,5,access,lq_hf,low,high,Paperloom,84f4d358,4,20,81.1,14,FALSE,84,5,68,Male,0,3.5454545454545454,6,"Stock Market, Private Equity fund",White,United States,United States,"Not in paid work (e.g. homemaker', 'retired or disabled)"
17,2,access,lq_hf,low,high,Servora,e55a120c,1,30,89.4,14,FALSE,100,7,31,Male,4,3.727272727272727,5,"Stock Market, Private Equity fund, Crowdfunding, Venture Capital fund, Government Bonds, ETF or ETC, Unit trusts",Black,United Kingdom,United Kingdom,Part-Time
18,4,access,lq_hf,low,high,Sentyl,90a19744,2,15,150,14,FALSE,50,4,33,Female,2,4.454545454545454,4,"Options, Crowdfunding, Stock Market, Government Bonds, ETF or ETC",White,United Kingdom,Hungary,Full-Time
19,3,access,lq_hf,low,high,Axonmesh,4fe27fae,2,15,85.7,14,FALSE,91,6,33,Female,4,4.090909090909091,6,"Stock Market, Crowdfunding, Government Bonds",White,United Kingdom,United Kingdom,Full-Time
21,1,access,lq_hf,low,high,Curato,37c0ca72,4,25,79.1,14,FALSE,54,4,39,Male,0,3.272727272727273,3,"Stock Market, Crowdfunding",White,United States,United States,Part-Time
22,1,access,lq_hf,low,high,Curato,37c0ca72,4,50,12.4,11,FALSE,81,5,48,Male,0,4.090909090909091,3,"Stock Market, Private Equity fund, Crowdfunding",White,United States,United States,Full-Time
23,1,access,lq_hf,low,high,Curato,37c0ca72,2,20,122.5,14,FALSE,67,3,43,Female,2,4.363636363636363,3,"ETF or ETC, Stock Market, Government Bonds, Crowdfunding",Black,United States,United States,Full-Time
24,4,access,lq_hf,low,high,Sentyl,90a19744,2,15,79.2,14,FALSE,100,5,37,Male,2,3.909090909090909,1,"ETF or ETC, Stock Market, Private Equity fund",Asian,Germany,Germany,Part-Time
25,8,access,lq_hf,low,high,Ironhall,3e0eedc2,1,30,150,12,FALSE,73,5,59,Female,10,3.8181818181818183,2,Crowdfunding,Other,United Kingdom,United States,NA
27,6,access,lq_hf,low,high,Pulsegrid,2055e10c,3,25,149.9,14,FALSE,55,5,36,Male,2,3.909090909090909,5,"ETF or ETC, Government Bonds, Stock Market, Private Equity fund, Crowdfunding, Venture Capital fund, Options",Black,United States,United States,Full-Time
29,6,access,lq_hf,low,high,Pulsegrid,2055e10c,4,15,81.2,14,FALSE,84,4,49,Female,0,2.4545454545454546,4,"ETF or ETC, Crowdfunding",White,United Kingdom,United Kingdom,Full-Time
31,5,access,lq_hf,low,high,Paperloom,84f4d358,1,20,147.6,14,FALSE,100,4,37,Male,2,4,2,"Stock Market, Private Equity fund, Government Bonds",Black,United Kingdom,United Kingdom,Full-Time
32,6,access,lq_hf,low,high,Pulsegrid,2055e10c,3,5,80.4,14,FALSE,91,4,33,Male,4,3.272727272727273,1,Private Equity fund,White,Brazil,Brazil,Full-Time
33,7,access,lq_hf,low,high,Foliant,08321160,3,0,129.7,14,FALSE,100,3,31,Male,2,3.8181818181818183,3,"ETF or ETC, Government Bonds, Stock Market, Private Equity fund, Venture Capital fund",White,Canada,Canada,Full-Time
34,8,access,lq_hf,low,high,Ironhall,3e0eedc2,1,30,132.4,14,FALSE,74,4,31,Male,2,3,4,"Stock Market, Crowdfunding",White,United Kingdom,United Kingdom,Full-Time
35,6,access,lq_hf,low,high,Pulsegrid,2055e10c,2,30,90,14,FALSE,78,6,36,Female,8,3.727272727272727,4,Crowdfunding,Black,United Kingdom,United Kingdom,Unemployed (and job seeking)
38,6,access,lq_hf,low,high,Pulsegrid,2055e10c,3,30,5.4,14,FALSE,36,3,31,Male,5,3.6363636363636362,5,"Government Bonds, ETF or ETC, Stock Market, Unit trusts, Angel syndicate, Options, Private Equity fund, Venture Capital fund, Crowdfunding",Black,United States,United States,Full-Time
39,8,access,lq_hf,low,high,Ironhall,3e0eedc2,2,25,31.4,14,FALSE,60,4,25,Female,2,4.454545454545454,4,"Government Bonds, Stock Market, Private Equity fund, Crowdfunding",Black,United States,United States,Full-Time
41,7,access,lq_hf,low,high,Foliant,08321160,1,10,147.9,14,FALSE,47,4,57,Male,0,3.272727272727273,2,"Stock Market, Crowdfunding, ETF or ETC, Options, Other",White,United States,United States,Full-Time
42,1,access,lq_hf,low,high,Curato,37c0ca72,2,4,85.8,14,FALSE,5,2,55,Female,0,3.272727272727273,2,"Stock Market, Private Equity fund",White,United Kingdom,United Kingdom,Part-Time
43,7,access,lq_hf,low,high,Foliant,08321160,4,50,16.4,14,FALSE,55,4,65,Female,10,4,5,"ETF or ETC, Government Bonds, Stock Market, Unit trusts, Private Equity fund",White,United States,United States,Full-Time
44,7,access,lq_hf,low,high,Foliant,08321160,4,2,114,14,FALSE,71,2,21,Male,1,3.8181818181818183,5,"Stock Market, Crowdfunding, ETF or ETC",White,United Kingdom,United Kingdom,Part-Time
45,6,access,lq_hf,low,high,Pulsegrid,2055e10c,4,65,150,1,FALSE,57,6,49,Male,9,4.090909090909091,5,"ETF or ETC, Stock Market, Government Bonds, Private Equity fund, Crowdfunding, Venture Capital fund",White,United Kingdom,United Kingdom,Full-Time
46,4,access,lq_hf,low,high,Sentyl,90a19744,3,10,146.5,14,FALSE,52,4,34,Male,11,3.4545454545454546,2,"ETF or ETC, Government Bonds, Stock Market, Private Equity fund, Angel syndicate, Venture Capital fund, Crowdfunding",White,United Kingdom,United Kingdom,Full-Time
47,3,access,lq_hf,low,high,Axonmesh,4fe27fae,2,100,102.6,14,FALSE,100,7,34,Male,2,2.1818181818181817,5,"Stock Market, ETF or ETC, Government Bonds, Unit trusts, Angel syndicate, Options, Private Equity fund, Venture Capital fund, Crowdfunding, Other",White,United Kingdom,United Kingdom,Full-Time
49,4,access,lq_hf,low,high,Sentyl,90a19744,3,0,34.6,1,FALSE,51,5,29,Male,3,2.727272727272727,5,"Stock Market, Crowdfunding, Other",Mixed,United Kingdom,United Kingdom,Part-Time
50,1,access,lq_hf,low,high,Curato,37c0ca72,4,10,133.5,14,FALSE,87,5,35,Male,0,4.363636363636363,5,"Stock Market, Crowdfunding",Asian,United Kingdom,United Kingdom,Full-Time
51,8,access,lq_hf,low,high,Ironhall,3e0eedc2,1,25,149.9,9,FALSE,83,6,32,Male,2,4.636363636363637,5,"ETF or ETC, Government Bonds, Stock Market, Venture Capital fund",White,United States,United States,Part-Time
53,7,access,lq_hf,low,high,Foliant,08321160,1,30,150.1,12,FALSE,43,4,39,Male,0,3.8181818181818183,3,"Stock Market, Options, Crowdfunding",White,United States,United States,Full-Time
54,1,access,lq_hf,low,high,Curato,37c0ca72,2,0,99.4,13,FALSE,2,2,31,Male,5,3.4545454545454546,2,"Options, Crowdfunding, Stock Market, Government Bonds, ETF or ETC",White,United States,United States,Part-Time
57,3,access,lq_hf,low,high,Axonmesh,4fe27fae,2,10,102.3,14,FALSE,60,4,29,Male,1,3.5454545454545454,6,"Crowdfunding, Venture Capital fund, Private Equity fund, Options, Stock Market, Government Bonds, ETF or ETC",Black,United Kingdom,Netherlands,Full-Time
59,7,access,lq_hf,low,high,Foliant,08321160,3,15,109.1,14,FALSE,77,4,34,Male,10,3.909090909090909,6,"ETF or ETC, Government Bonds, Stock Market, Options, Private Equity fund, Crowdfunding, Other",Asian,United Kingdom,United Kingdom,Full-Time
60,1,access,lq_hf,low,high,Curato,37c0ca72,2,5,150,14,FALSE,81,4,39,Male,2,3,1,"Stock Market, Private Equity fund",White,United States,United States,Full-Time
61,2,access,lq_hf,low,high,Servora,e55a120c,2,20,150,14,FALSE,70,5,27,Male,1,3.1818181818181817,5,"Stock Market, Options, Angel syndicate, Private Equity fund, Government Bonds, ETF or ETC, Unit trusts, Crowdfunding",Asian,India,India,Part-Time
62,6,access,lq_hf,low,high,Pulsegrid,2055e10c,2,5,127.5,14,FALSE,47,4,44,Female,0,3,3,"ETF or ETC, Stock Market, Crowdfunding",White,United States,United States,Full-Time
63,2,access,lq_hf,low,high,Servora,e55a120c,2,20,24.3,14,FALSE,59,5,28,Female,4,4.2727272727272725,6,"Stock Market, ETF or ETC, Private Equity fund, Government Bonds",Black,Canada,Canada,Full-Time
64,2,access,lq_hf,low,high,Servora,e55a120c,3,50,65,14,FALSE,100,4,68,Female,0,3.1818181818181817,1,"Government Bonds, Crowdfunding",Other,United States,United States,"Not in paid work (e.g. homemaker', 'retired or disabled)"
65,4,access,lq_hf,low,high,Sentyl,90a19744,4,15,117.8,14,FALSE,66,6,39,Male,0,4,1,"ETF or ETC, Government Bonds, Stock Market, Private Equity fund, Crowdfunding",Black,United States,United States,Unemployed (and job seeking)
66,8,access,lq_hf,low,high,Ironhall,3e0eedc2,4,100,146.5,14,FALSE,100,4,53,Male,10,4.181818181818182,1,"ETF or ETC, Stock Market, Venture Capital fund, Crowdfunding",White,United Kingdom,United Kingdom,Full-Time
68,3,access,lq_hf,low,high,Axonmesh,4fe27fae,4,10,16.9,14,FALSE,59,5,38,Male,8,4,4,"ETF or ETC, Government Bonds, Stock Market, Unit trusts, Options, Private Equity fund, Venture Capital fund, Crowdfunding",White,Brazil,Brazil,Part-Time
69,5,access,lq_hf,low,high,Paperloom,84f4d358,1,20,150.3,14,FALSE,95,6,26,Female,0,3.6363636363636362,1,"ETF or ETC, Government Bonds, Stock Market, Options, Private Equity fund, Venture Capital fund, Crowdfunding",White,United Kingdom,United Kingdom,Other
71,1,access,lq_hf,low,high,Curato,37c0ca72,2,15,70.6,14,FALSE,100,5,60,Male,0,4.181818181818182,3,"Government Bonds, Stock Market, Crowdfunding",White,United States,United States,"Not in paid work (e.g. homemaker', 'retired or disabled)"
72,6,access,lq_hf,low,high,Pulsegrid,2055e10c,3,10,150.1,14,FALSE,65,5,21,Male,1,3.090909090909091,5,"ETF or ETC, Stock Market, Government Bonds, Unit trusts, Options, Angel syndicate, Private Equity fund, Venture Capital fund, Crowdfunding",White,France,France,Part-Time
74,2,access,lq_hf,low,high,Servora,e55a120c,3,35,150.3,14,FALSE,85,3,28,Female,0,3.090909090909091,4,"Stock Market, Options, Crowdfunding",Asian,United States,United States,Unemployed (and job seeking)
75,2,access,lq_hf,low,high,Servora,e55a120c,2,25,126.4,14,FALSE,100,4,30,Male,6,3.8181818181818183,2,"ETF or ETC, Stock Market, Options, Private Equity fund, Government Bonds, Crowdfunding",White,Brazil,Brazil,Full-Time
77,3,access,lq_hf,low,high,Axonmesh,4fe27fae,1,25,129.1,14,FALSE,65,4,64,Female,10,4.090909090909091,6,"Government Bonds, Crowdfunding",White,United Kingdom,United Kingdom,Full-Time
78,3,access,lq_hf,low,high,Axonmesh,4fe27fae,1,40,150.3,6,FALSE,73,4,50,Male,15,3.909090909090909,5,"Government Bonds, Stock Market, Private Equity fund, Crowdfunding",White,France,France,Full-Time
80,4,access,lq_hf,low,high,Sentyl,90a19744,4,25,52.5,14,FALSE,43,4,70,Male,10,3.6363636363636362,3,"Government Bonds, Stock Market, Private Equity fund",White,United Kingdom,United Kingdom,"Not in paid work (e.g. homemaker', 'retired or disabled)"
82,5,access,lq_hf,low,high,Paperloom,84f4d358,1,10,90.8,14,FALSE,69,4,26,Male,3,4.2727272727272725,1,"ETF or ETC, Stock Market, Government Bonds, Options, Crowdfunding",Mixed,United Kingdom,United Kingdom,Full-Time
83,6,access,lq_hf,low,high,Pulsegrid,2055e10c,4,5,150.1,11,FALSE,62,5,36,Female,1,4.7272727272727275,1,"Government Bonds, Crowdfunding",White,United Kingdom,United Kingdom,Full-Time
84,5,access,lq_hf,low,high,Paperloom,84f4d358,4,9,76.7,8,FALSE,58,4,36,Male,2,3.3636363636363638,5,"Government Bonds, Stock Market, Options, Venture Capital fund, Crowdfunding",White,United States,United States,Unemployed (and job seeking)
85,8,access,lq_hf,low,high,Ironhall,3e0eedc2,4,20,150.2,14,FALSE,59,4,41,Male,10,3.6363636363636362,4,"Government Bonds, Stock Market, Options, Private Equity fund, Venture Capital fund",Asian,United Kingdom,United Kingdom,Full-Time
86,8,access,lq_hf,low,high,Ironhall,3e0eedc2,1,30,150.1,9,FALSE,80,5,43,Male,10,3.3636363636363638,5,"Stock Market, ETF or ETC, Private Equity fund, Venture Capital fund, Crowdfunding",White,United Kingdom,United Kingdom,Full-Time
88,1,access,lq_hf,low,high,Curato,37c0ca72,2,0,74.3,14,FALSE,100,2,55,Male,20,2.6363636363636362,1,"Stock Market, ETF or ETC, Crowdfunding, Other",White,United States,United States,Other
89,4,access,lq_hf,low,high,Sentyl,90a19744,3,10,102.6,14,FALSE,63,5,22,Male,0,3.1818181818181817,6,"Crowdfunding, Stock Market, Government Bonds",White,United Kingdom,United Kingdom,Full-Time
90,3,access,lq_hf,low,high,Axonmesh,4fe27fae,2,18,150,14,FALSE,100,6,32,Female,5,4.090909090909091,1,"Stock Market, Private Equity fund, Crowdfunding, Venture Capital fund",Black,United Kingdom,Nigeria,Full-Time
92,3,access,lq_hf,low,high,Axonmesh,4fe27fae,3,10,149.1,14,FALSE,72,5,50,Male,5,4.545454545454546,1,"Stock Market, Venture Capital fund, Crowdfunding, Government Bonds",White,United States,United States,Full-Time
93,7,access,lq_hf,low,high,Foliant,08321160,3,40,20.3,14,FALSE,69,4,33,Male,2,3.3636363636363638,4,"Stock Market, Other, Private Equity fund",Black,United States,United States,Full-Time
94,8,access,lq_hf,low,high,Ironhall,3e0eedc2,4,10,7,14,FALSE,80,6,31,Male,4,3.4545454545454546,5,"Government Bonds, Private Equity fund, Venture Capital fund",Black,United Kingdom,Nigeria,Full-Time
96,8,access,lq_hf,low,high,Ironhall,3e0eedc2,1,NA,137.9,10,TRUE,62,6,39,Male,4,4.2727272727272725,2,"Stock Market, Private Equity fund, Crowdfunding, Venture Capital fund",Black,United States,Nigeria,Part-Time
97,2,access,lq_hf,low,high,Servora,e55a120c,2,40,150.1,14,FALSE,95,7,40,Male,0,4.818181818181818,2,"ETF or ETC, Government Bonds, Stock Market, Options, Private Equity fund",Asian,United States,United States,Full-Time
98,5,access,lq_hf,low,high,Paperloom,84f4d358,3,10,150.3,14,FALSE,94,4,42,Male,0,3.6363636363636362,3,"Stock Market, Crowdfunding",White,United States,United States,Full-Time
99,7,access,lq_hf,low,high,Foliant,08321160,1,15,141.4,14,FALSE,100,3,36,Other,18,3.909090909090909,3,"ETF or ETC, Stock Market, Crowdfunding",White,United States,United States,Full-Time
102,6,access,lq_hf,low,high,Pulsegrid,2055e10c,2,20,79.1,14,FALSE,83,6,38,Male,1,3.1818181818181817,5,"ETF or ETC, Government Bonds, Unit trusts, Crowdfunding, Venture Capital fund, Stock Market",White,United Kingdom,United Kingdom,Full-Time
103,7,access,lq_hf,low,high,Foliant,08321160,2,25,108.4,14,FALSE,100,5,36,Male,1,3,4,"ETF or ETC, Private Equity fund",Black,Canada,South Africa,Full-Time
104,4,access,lq_hf,low,high,Sentyl,90a19744,1,20,148.6,12,FALSE,92,7,39,Male,2,4,4,"Government Bonds, Stock Market, Crowdfunding",White,United States,United States,Full-Time
105,2,access,lq_hf,low,high,Servora,e55a120c,2,10,150.1,13,FALSE,60,4,54,Female,10,3.5454545454545454,5,"ETF or ETC, Stock Market, Government Bonds, Options, Private Equity fund",White,United Kingdom,United Kingdom,NA
106,5,access,lq_hf,low,high,Paperloom,84f4d358,1,10,145.7,14,FALSE,98,3,32,Male,3,4.363636363636363,2,"Stock Market, ETF or ETC, Private Equity fund",White,United States,United States,Part-Time
107,3,access,lq_hf,low,high,Axonmesh,4fe27fae,4,20,15.2,14,FALSE,100,6,21,Female,2,5,4,"Government Bonds, Stock Market, Venture Capital fund, Crowdfunding, Private Equity fund, Angel syndicate, Unit trusts, Options, ETF or ETC",Black,United States,United States,Full-Time
108,7,access,lq_hf,low,high,Foliant,08321160,4,15,128.4,14,FALSE,59,5,30,Male,5,4.090909090909091,3,"ETF or ETC, Government Bonds, Stock Market, Options, Crowdfunding, Other",Asian,India,India,Full-Time
109,3,access,lq_hf,low,high,Axonmesh,4fe27fae,4,10,76.6,14,FALSE,100,7,28,Female,4,5,1,"ETF or ETC, Stock Market, Crowdfunding, Private Equity fund, Government Bonds",Black,United States,United States,Unemployed (and job seeking)
110,3,access,lq_hf,low,high,Axonmesh,4fe27fae,1,10,150.3,14,FALSE,100,5,47,Male,0,3.272727272727273,2,"Private Equity fund, ETF or ETC, Stock Market",White,United States,United States,Part-Time
111,3,access,lq_hf,low,high,Axonmesh,4fe27fae,3,30,62.9,14,FALSE,84,7,31,Female,5,4.181818181818182,1,"ETF or ETC, Unit trusts, Options, Angel syndicate, Stock Market, Private Equity fund, Crowdfunding, Venture Capital fund",Black,United States,United States,Full-Time
112,5,access,lq_hf,low,high,Paperloom,84f4d358,1,0,150,4,FALSE,42,1,59,Male,3,3.5454545454545454,5,"ETF or ETC, Government Bonds, Stock Market, Options, Crowdfunding, Other",Mixed,United States,United States,"Not in paid work (e.g. homemaker', 'retired or disabled)"
114,3,access,lq_hf,low,high,Axonmesh,4fe27fae,1,0,83.9,14,FALSE,62,4,43,Female,1,2.4545454545454546,2,"Stock Market, Crowdfunding",White,United States,United States,Full-Time
115,2,access,lq_hf,low,high,Servora,e55a120c,3,15,109.7,14,FALSE,60,6,33,Male,0,3.8181818181818183,3,Crowdfunding,White,United Kingdom,United Kingdom,Part-Time
116,5,access,lq_hf,low,high,Paperloom,84f4d358,3,15,150.1,14,FALSE,62,5,53,Female,0,2.4545454545454546,5,"Stock Market, Options, Crowdfunding",Mixed,United States,France,Full-Time
119,4,access,lq_hf,low,high,Sentyl,90a19744,2,15,113.3,14,FALSE,77,6,22,Male,4,4.090909090909091,1,"ETF or ETC, Private Equity fund, Government Bonds, Other",White,Brazil,Brazil,Full-Time
120,5,access,lq_hf,low,high,Paperloom,84f4d358,1,30,60,5,FALSE,64,5,27,Female,4,3.4545454545454546,5,"Stock Market, Private Equity fund, Crowdfunding",Black,United Kingdom,United Kingdom,Unemployed (and job seeking)
121,7,access,lq_hf,low,high,Foliant,08321160,3,30,150.1,14,FALSE,87,6,49,Female,0,3,4,"Crowdfunding, Stock Market",White,United States,United States,Full-Time
122,8,access,lq_hf,low,high,Ironhall,3e0eedc2,1,25,150.1,14,FALSE,61,5,60,Female,15,3.4545454545454546,3,Crowdfunding,White,United Kingdom,United Kingdom,Full-Time
123,4,access,lq_hf,low,high,Sentyl,90a19744,2,30,150,13,FALSE,11,6,54,Male,3,4.090909090909091,5,"Government Bonds, Stock Market, Crowdfunding",Asian,India,India,Full-Time
124,6,access,lq_hf,low,high,Pulsegrid,2055e10c,1,10,150.2,14,FALSE,70,2,53,Male,5,4.363636363636363,3,"ETF or ETC, Stock Market, Crowdfunding",White,United Kingdom,United Kingdom,Full-Time
125,8,access,lq_hf,low,high,Ironhall,3e0eedc2,3,30,100.8,14,FALSE,89,6,35,Male,3,4.2727272727272725,1,"Unit trusts, Stock Market, Venture Capital fund",Black,United States,United States,Unemployed (and job seeking)
127,2,access,lq_hf,low,high,Servora,e55a120c,3,35,150,14,FALSE,69,5,26,Male,0,3.4545454545454546,3,"Stock Market, Crowdfunding",White,United Kingdom,United Kingdom,Other
128,5,access,lq_hf,low,high,Paperloom,84f4d358,2,95,150,7,FALSE,88,6,36,Male,5,4.090909090909091,1,"Stock Market, Crowdfunding",White,United States,United States,Part-Time
129,4,access,lq_hf,low,high,Sentyl,90a19744,4,25,101.2,14,FALSE,37,5,30,Female,4,3.8181818181818183,3,"Private Equity fund, Government Bonds, Stock Market",White,United Kingdom,Poland,NA
132,3,access,lq_hf,low,high,Axonmesh,4fe27fae,1,30,71.9,14,FALSE,100,4,65,Male,0,3.727272727272727,1,"ETF or ETC, Government Bonds, Stock Market, Crowdfunding",White,United States,United States,Part-Time
133,3,access,lq_hf,low,high,Axonmesh,4fe27fae,3,40,123.2,14,FALSE,65,6,25,Male,0,4,1,"Stock Market, Government Bonds, ETF or ETC, Crowdfunding",Mixed,United Kingdom,United Kingdom,Full-Time
136,1,access,lq_hf,low,high,Curato,37c0ca72,4,0,148.5,14,FALSE,64,2,38,Male,1,2.3636363636363638,6,Crowdfunding,White,United States,United States,Full-Time
137,7,access,lq_hf,low,high,Foliant,08321160,3,30,90,14,FALSE,41,6,29,Male,2,4.090909090909091,2,"Crowdfunding, Venture Capital fund, Stock Market, Other",Asian,India,India,Part-Time
138,5,access,lq_hf,low,high,Paperloom,84f4d358,1,25,51.9,1,FALSE,64,5,22,Male,3,4.2727272727272725,3,"Government Bonds, Stock Market, Crowdfunding, Private Equity fund",Black,United States,United States,Full-Time
140,1,access,lq_hf,low,high,Curato,37c0ca72,4,8,49.5,14,FALSE,40,3,23,Female,1,3,6,"ETF or ETC, Stock Market, Options, Crowdfunding, Government Bonds",White,United States,Romania,Full-Time
141,7,access,lq_hf,low,high,Foliant,08321160,2,20,150,1,FALSE,44,5,44,Male,10,3.4545454545454546,3,"Government Bonds, Stock Market, Private Equity fund",Black,United States,United States,Full-Time
144,4,access,lq_hf,low,high,Sentyl,90a19744,1,25,14.2,14,FALSE,63,4,47,Female,2,2.8181818181818183,4,"Stock Market, Government Bonds, Private Equity fund, Crowdfunding",Black,United States,United States,Full-Time
145,1,access,lq_hf,low,high,Curato,37c0ca72,2,0,105.7,14,FALSE,90,3,39,Male,2,4.181818181818182,1,"Stock Market, Options, Crowdfunding",White,United Kingdom,United Kingdom,Full-Time
146,1,access,lq_hf,low,high,Curato,37c0ca72,4,30,129.9,14,FALSE,100,3,36,Male,0,3.5454545454545454,2,"Stock Market, Government Bonds, Crowdfunding",White,United Kingdom,United Kingdom,Full-Time
147,1,access,lq_hf,low,high,Curato,37c0ca72,4,40,148.8,2,FALSE,33,4,27,Male,2,3.8181818181818183,5,"Stock Market, Government Bonds, Options, Private Equity fund, ETF or ETC",White,United Kingdom,United Kingdom,Full-Time
148,4,access,lq_hf,low,high,Sentyl,90a19744,3,20,14.2,1,FALSE,100,7,25,Female,3,4.090909090909091,5,"Stock Market, Private Equity fund, Government Bonds",Asian,India,India,Full-Time
151,8,access,lq_hf,low,high,Ironhall,3e0eedc2,3,20,97,14,FALSE,74,5,47,Male,0,4.181818181818182,4,"ETF or ETC, Stock Market, Government Bonds, Crowdfunding",White,United States,United States,Full-Time
154,4,access,lq_hf,low,high,Sentyl,90a19744,2,15,105.2,13,FALSE,80,6,44,Female,0,2.3636363636363638,3,"ETF or ETC, Government Bonds, Crowdfunding, Other",Mixed,France,France,Part-Time
155,8,access,lq_hf,low,high,Ironhall,3e0eedc2,4,9,53,14,FALSE,62,5,34,Male,5,4.363636363636363,5,"Stock Market, Private Equity fund, Crowdfunding, Government Bonds, ETF or ETC",Black,Canada,Canada,Full-Time
156,5,access,lq_hf,low,high,Paperloom,84f4d358,1,30,150,14,FALSE,92,6,49,Male,5,4.818181818181818,6,"Stock Market, Crowdfunding, Private Equity fund",Asian,United States,United Kingdom,Full-Time
159,2,access,lq_hf,low,high,Servora,e55a120c,3,35,150,12,FALSE,62,5,36,Male,7,3.3636363636363638,5,"ETF or ETC, Stock Market, Private Equity fund, Crowdfunding",Asian,Canada,Canada,Full-Time
160,5,access,lq_hf,low,high,Paperloom,84f4d358,1,100,71,8,FALSE,63,5,34,Female,5,4.545454545454546,1,"Stock Market, ETF or ETC, Options, Venture Capital fund",Asian,India,India,Full-Time
162,3,access,lq_hf,low,high,Axonmesh,4fe27fae,1,25,118.4,14,FALSE,15,2,32,Female,3,4.181818181818182,1,"Private Equity fund, ETF or ETC, Government Bonds, Stock Market, Options, Other",White,United Kingdom,United Kingdom,Full-Time
163,3,access,lq_hf,low,high,Axonmesh,4fe27fae,2,5,56.6,14,FALSE,38,5,28,Male,0,3.3636363636363638,4,"Stock Market, Crowdfunding",White,United States,United States,Part-Time
164,7,access,lq_hf,low,high,Foliant,08321160,1,30,85.8,14,FALSE,63,5,52,Male,8,3.090909090909091,1,"Stock Market, Crowdfunding",White,United Kingdom,United Kingdom,Part-Time
165,8,access,lq_hf,low,high,Ironhall,3e0eedc2,2,35,122.1,8,FALSE,67,4,26,Male,8,4.090909090909091,2,"ETF or ETC, Government Bonds, Stock Market, Venture Capital fund, Crowdfunding",Black,Canada,Canada,Part-Time
166,4,access,lq_hf,low,high,Sentyl,90a19744,2,10,150.1,13,FALSE,91,5,36,Female,4,4.545454545454546,5,"Stock Market, Unit trusts, Venture Capital fund",White,United States,United States,Part-Time
167,2,access,lq_hf,low,high,Servora,e55a120c,3,50,147.2,14,FALSE,90,6,25,Male,3,4.636363636363637,1,"ETF or ETC, Stock Market, Private Equity fund",Asian,India,India,Part-Time
168,4,access,lq_hf,low,high,Sentyl,90a19744,1,80,86.6,14,FALSE,86,5,37,Female,2,4.2727272727272725,1,"Crowdfunding, Other",White,France,France,Full-Time
169,5,access,lq_hf,low,high,Paperloom,84f4d358,4,45,58.4,14,FALSE,100,7,42,Female,9,4.454545454545454,2,"Government Bonds, Stock Market, Unit trusts, Private Equity fund, Venture Capital fund, Crowdfunding",White,United Kingdom,United Kingdom,Full-Time
170,8,access,lq_hf,low,high,Ironhall,3e0eedc2,2,20,150.2,14,FALSE,72,4,32,Male,2,4.181818181818182,3,"Stock Market, Government Bonds, Crowdfunding",Black,United Kingdom,United Kingdom,Full-Time
171,4,access,lq_hf,low,high,Sentyl,90a19744,1,25,128.7,14,FALSE,50,4,53,Female,4,4,4,"Stock Market, Private Equity fund, Crowdfunding",White,United States,Italy,Full-Time
172,2,access,lq_hf,low,high,Servora,e55a120c,3,20,60.9,14,FALSE,42,7,49,Female,2,4.363636363636363,1,"Government Bonds, Stock Market, Private Equity fund, Unit trusts",Asian,India,India,Other
175,8,access,lq_hf,low,high,Ironhall,3e0eedc2,1,20,138,13,FALSE,89,7,62,Female,9,3.8181818181818183,1,"Private Equity fund, Stock Market, Government Bonds, Venture Capital fund",White,United Kingdom,United Kingdom,Full-Time
176,7,access,lq_hf,low,high,Foliant,08321160,4,20,10.5,14,FALSE,85,7,27,Male,2,3.909090909090909,6,"Stock Market, Government Bonds, Crowdfunding",White,United States,United States,Full-Time
177,5,access,lq_hf,low,high,Paperloom,84f4d358,1,30,134.1,14,FALSE,100,6,38,Male,6,4.909090909090909,1,"ETF or ETC, Government Bonds, Stock Market, Venture Capital fund, Crowdfunding, Private Equity fund",White,United States,United States,Full-Time
178,1,access,lq_hf,low,high,Curato,37c0ca72,2,25,60.1,14,FALSE,57,5,29,Male,3,3.909090909090909,4,"Stock Market, Private Equity fund, Government Bonds",Black,Canada,Kenya,Full-Time
179,1,access,lq_hf,low,high,Curato,37c0ca72,1,20,150,9,FALSE,70,6,42,Male,5,4.090909090909091,6,"Stock Market, ETF or ETC, Private Equity fund",Black,United States,United States,Part-Time
180,5,access,lq_hf,low,high,Paperloom,84f4d358,4,0,41.6,14,FALSE,37,3,29,Male,2,3.5454545454545454,4,"ETF or ETC, Stock Market, Private Equity fund, Venture Capital fund, Crowdfunding, Options",White,United States,United States,Full-Time
181,6,access,lq_hf,low,high,Pulsegrid,2055e10c,3,10,150,14,FALSE,72,5,41,Male,5,3.8181818181818183,2,"ETF or ETC, Private Equity fund, Stock Market, Crowdfunding, Unit trusts, Government Bonds",White,United Kingdom,United Kingdom,Full-Time
182,4,access,lq_hf,low,high,Sentyl,90a19744,3,10,108.1,14,FALSE,26,2,42,Male,20,3.6363636363636362,5,"ETF or ETC, Government Bonds, Stock Market, Private Equity fund",White,United Kingdom,United Kingdom,Full-Time
184,4,access,lq_hf,low,high,Sentyl,90a19744,1,65,150.1,10,FALSE,43,7,70,Male,6,4.181818181818182,1,"Crowdfunding, Options, Unit trusts, Stock Market, Government Bonds",White,United Kingdom,United Kingdom,"Not in paid work (e.g. homemaker', 'retired or disabled)"
185,7,access,lq_hf,low,high,Foliant,08321160,2,20,111.1,14,FALSE,67,5,38,Female,4,4.090909090909091,5,"Stock Market, Crowdfunding, Government Bonds, ETF or ETC",Black,United States,United States,Full-Time
186,5,access,lq_hf,low,high,Paperloom,84f4d358,2,25,82.8,14,FALSE,37,3,34,Female,7,3.090909090909091,2,"ETF or ETC, Government Bonds, Stock Market, Options, Venture Capital fund, Crowdfunding, Private Equity fund",Black,United States,United States,Part-Time
187,4,access,lq_hf,low,high,Sentyl,90a19744,2,25,145,12,FALSE,88,5,65,Male,2,3.727272727272727,5,"Stock Market, Private Equity fund, Options",White,United States,United States,Full-Time
188,1,access,lq_hf,low,high,Curato,37c0ca72,1,25,150.1,4,FALSE,68,5,40,Male,5,3.3636363636363638,1,"Government Bonds, Stock Market, Crowdfunding, Venture Capital fund, Private Equity fund",Black,United Kingdom,United Kingdom,Full-Time
191,6,access,lq_hf,low,high,Pulsegrid,2055e10c,1,38,15.2,1,FALSE,40,4,30,Female,4,3.727272727272727,4,"Options, Private Equity fund, Stock Market, Government Bonds, ETF or ETC, Venture Capital fund, Crowdfunding, Other",White,Germany,United States,NA
192,2,access,lq_hf,low,high,Servora,e55a120c,2,0,68.8,14,FALSE,15,4,47,Female,5,3,5,"Government Bonds, Stock Market, Crowdfunding",White,United Kingdom,United Kingdom,Full-Time
193,3,access,lq_hf,low,high,Axonmesh,4fe27fae,2,25,30,14,FALSE,65,5,34,Male,6,4.2727272727272725,1,"ETF or ETC, Government Bonds, Stock Market, Options, Private Equity fund",Asian,India,India,Full-Time
194,8,access,lq_hf,low,high,Ironhall,3e0eedc2,4,10,150,14,FALSE,83,4,34,Male,3,3.1818181818181817,1,"Government Bonds, Private Equity fund, Stock Market, ETF or ETC, Crowdfunding, Venture Capital fund, Unit trusts",Black,United Kingdom,United Kingdom,Full-Time
195,1,access,lq_hf,low,high,Curato,37c0ca72,4,30,29.7,14,FALSE,79,6,24,Female,3,3.909090909090909,6,"ETF or ETC, Government Bonds, Stock Market, Unit trusts, Angel syndicate, Options, Private Equity fund, Venture Capital fund, Crowdfunding",Asian,United Kingdom,Vietnam,Full-Time
196,2,access,lq_hf,low,high,Servora,e55a120c,4,10,149.3,14,FALSE,4,1,49,Male,12,3.8181818181818183,1,"ETF or ETC, Government Bonds, Stock Market, Options, Crowdfunding, Other",Black,United States,Jamaica,Full-Time
198,3,access,lq_hf,low,high,Axonmesh,4fe27fae,1,20,75,14,FALSE,87,6,35,Male,5,3.5454545454545454,3,"Private Equity fund, ETF or ETC, Stock Market, Government Bonds",Asian,India,India,Part-Time
199,6,access,lq_hf,low,high,Pulsegrid,2055e10c,4,5,39.2,3,FALSE,100,2,61,Male,6,3.727272727272727,1,"Stock Market, Private Equity fund",Black,United States,United States,Full-Time
200,2,access,lq_hf,low,high,Servora,e55a120c,1,25,98.5,14,FALSE,100,6,52,Female,3,4,1,"Stock Market, Crowdfunding, Other, ETF or ETC",Black,United States,United States,Part-Time
201,7,access,lq_hf,low,high,Foliant,08321160,3,10,150,14,FALSE,100,4,28,Male,1,3,2,"Stock Market, ETF or ETC, Private Equity fund",Mixed,Canada,Canada,Due to start a new job within the next month
202,5,access,lq_hf,low,high,Paperloom,84f4d358,1,25,73.3,14,FALSE,41,7,26,Male,5,4.454545454545454,4,"Government Bonds, Stock Market, Options, Private Equity fund, Venture Capital fund, Crowdfunding, Other, ETF or ETC",Asian,India,India,Full-Time
203,6,access,lq_hf,low,high,Pulsegrid,2055e10c,2,0,132.7,14,FALSE,33,4,56,Female,4,4,4,"ETF or ETC, Stock Market, Angel syndicate, Crowdfunding",White,United Kingdom,Italy,Full-Time
204,8,access,lq_hf,low,high,Ironhall,3e0eedc2,2,30,50.7,14,FALSE,82,5,36,Male,10,3.909090909090909,3,"Government Bonds, Stock Market, Private Equity fund",Black,Canada,Canada,Full-Time
205,3,access,lq_hf,low,high,Axonmesh,4fe27fae,1,40,150.4,11,FALSE,84,5,68,Female,2,3.3636363636363638,1,"Stock Market, Private Equity fund, Government Bonds",White,United States,United States,Part-Time
206,2,access,lq_hf,low,high,Servora,e55a120c,4,5,91.9,14,FALSE,61,4,36,Male,5,3.8181818181818183,6,"ETF or ETC, Government Bonds, Stock Market, Options, Crowdfunding, Venture Capital fund, Private Equity fund",Asian,Canada,Canada,Full-Time
208,6,access,lq_hf,low,high,Pulsegrid,2055e10c,2,35,150.2,14,FALSE,69,6,34,Male,8,3.1818181818181817,4,"Stock Market, Crowdfunding, Government Bonds",Black,United Kingdom,Nigeria,Full-Time
209,3,access,lq_hf,low,high,Axonmesh,4fe27fae,3,15,63.7,14,FALSE,79,4,39,Male,0,4.2727272727272725,7,"Stock Market, Crowdfunding",White,United States,United States,Full-Time
210,3,access,lq_hf,low,high,Axonmesh,4fe27fae,2,25,105.3,14,FALSE,100,7,68,Male,10,4.909090909090909,1,"Stock Market, ETF or ETC, Unit trusts, Private Equity fund, Crowdfunding, Venture Capital fund",Black,United States,United Kingdom,Full-Time
212,6,access,lq_hf,low,high,Pulsegrid,2055e10c,1,20,150.1,14,FALSE,66,4,37,Male,4,4,6,"ETF or ETC, Government Bonds, Stock Market, Unit trusts, Angel syndicate, Options, Private Equity fund, Venture Capital fund, Crowdfunding, Other",White,United Kingdom,Spain,Full-Time
213,6,access,lq_hf,low,high,Pulsegrid,2055e10c,1,20,106.4,14,FALSE,68,5,35,Male,5,3.727272727272727,6,"Stock Market, Crowdfunding",Black,United Kingdom,United Kingdom,Full-Time
214,8,access,lq_hf,low,high,Ironhall,3e0eedc2,4,35,14.9,1,FALSE,51,5,29,Male,2,4.090909090909091,4,"Stock Market, Crowdfunding",Black,United States,United States,Part-Time
215,3,access,lq_hf,low,high,Axonmesh,4fe27fae,4,20,4.5,2,FALSE,57,5,30,Female,6,4.2727272727272725,5,"Government Bonds, Stock Market, ETF or ETC, Angel syndicate, Options, Venture Capital fund, Crowdfunding",Asian,India,India,Full-Time
217,2,access,lq_hf,low,high,Servora,e55a120c,4,40,26.1,14,FALSE,31,6,57,Female,10,4.181818181818182,1,"Stock Market, Venture Capital fund, Crowdfunding, ETF or ETC",Black,United States,United States,Other
218,3,access,lq_hf,low,high,Axonmesh,4fe27fae,1,20,150.1,8,FALSE,71,6,44,Male,6,4,6,"Stock Market, Private Equity fund, Crowdfunding",Black,United States,United States,Full-Time
220,8,access,lq_hf,low,high,Ironhall,3e0eedc2,1,15,120.6,14,FALSE,71,3,48,Female,3,4.2727272727272725,3,"ETF or ETC, Stock Market, Crowdfunding, Private Equity fund",White,United States,United States,Full-Time
221,7,access,lq_hf,low,high,Foliant,08321160,3,20,43.7,14,FALSE,25,4,24,Male,2,4.2727272727272725,3,"ETF or ETC, Government Bonds, Stock Market, Unit trusts, Options, Private Equity fund, Crowdfunding, Angel syndicate, Venture Capital fund",Asian,India,India,Unemployed (and job seeking)
222,6,access,lq_hf,low,high,Pulsegrid,2055e10c,1,1,139.8,14,FALSE,87,1,38,Male,12,3.8181818181818183,3,"Stock Market, Government Bonds, Crowdfunding",White,United Kingdom,United Kingdom,Full-Time
223,3,access,lq_hf,low,high,Axonmesh,4fe27fae,1,10,150.1,13,FALSE,62,3,41,Male,0,4.090909090909091,5,"Government Bonds, Stock Market, Crowdfunding, Other",White,Canada,Canada,"Not in paid work (e.g. homemaker', 'retired or disabled)"
226,7,access,lq_hf,low,high,Foliant,08321160,4,30,118.8,14,FALSE,100,5,41,Male,5,3.8181818181818183,5,"Crowdfunding, Stock Market",White,United Kingdom,United Kingdom,Full-Time
227,7,access,lq_hf,low,high,Foliant,08321160,3,20,149.7,14,FALSE,77,6,30,Male,7,4.636363636363637,3,"ETF or ETC, Government Bonds, Stock Market, Private Equity fund, Unit trusts",Black,United Kingdom,United Kingdom,Full-Time
228,1,access,lq_hf,low,high,Curato,37c0ca72,2,30,150.1,14,FALSE,76,4,44,Male,2,3.5454545454545454,4,"Stock Market, Private Equity fund, Venture Capital fund",Asian,India,India,Full-Time
230,5,access,lq_hf,low,high,Paperloom,84f4d358,2,40,150,14,FALSE,80,7,21,Male,3,3.090909090909091,2,"ETF or ETC, Government Bonds, Stock Market, Unit trusts, Options, Private Equity fund, Venture Capital fund, Other",White,Brazil,Brazil,Full-Time
233,4,access,lq_hf,low,high,Sentyl,90a19744,1,35,150,10,FALSE,23,3,46,Female,2,3.909090909090909,5,"Stock Market, Crowdfunding",White,United Kingdom,United Kingdom,Full-Time
235,2,access,lq_hf,low,high,Servora,e55a120c,1,30,150.3,14,FALSE,89,4,56,Male,10,3.8181818181818183,6,"ETF or ETC, Stock Market, Angel syndicate, Crowdfunding",White,United Kingdom,United Kingdom,Part-Time
237,3,access,lq_hf,low,high,Axonmesh,4fe27fae,3,35,143.9,14,FALSE,81,6,51,Male,2,4.363636363636363,3,"ETF or ETC, Stock Market, Government Bonds, Unit trusts, Angel syndicate, Private Equity fund",White,United States,United States,Full-Time
239,6,access,lq_hf,low,high,Pulsegrid,2055e10c,1,40,5.6,14,FALSE,54,3,67,Female,12,3.090909090909091,7,"ETF or ETC, Government Bonds, Stock Market, Crowdfunding",White,United Kingdom,Italy,Full-Time
241,6,access,lq_hf,low,high,Pulsegrid,2055e10c,1,10,111.5,14,FALSE,65,5,34,Male,1,3.1818181818181817,5,"Government Bonds, Other, Private Equity fund",Other,Canada,Canada,Full-Time
245,5,access,lq_hf,low,high,Paperloom,84f4d358,4,10,150,14,FALSE,100,6,40,Male,0,3.8181818181818183,4,"ETF or ETC, Stock Market, Crowdfunding",White,United States,United States,Other
246,6,access,lq_hf,low,high,Pulsegrid,2055e10c,2,25,33.9,1,FALSE,75,6,63,Female,8,3.8181818181818183,3,"Stock Market, Unit trusts, Crowdfunding, Venture Capital fund",White,United Kingdom,Ireland,Full-Time
248,8,access,lq_hf,low,high,Ironhall,3e0eedc2,1,15,150,7,FALSE,48,6,35,Male,2,4.2727272727272725,6,"Private Equity fund, Stock Market, Government Bonds, ETF or ETC",Black,United States,United States,Part-Time
249,6,access,lq_hf,low,high,Pulsegrid,2055e10c,2,30,86.4,14,FALSE,25,4,31,Male,1,3.727272727272727,5,"ETF or ETC, Stock Market, Crowdfunding, Other",Mixed,United Kingdom,United Kingdom,Full-Time
250,7,access,lq_hf,low,high,Foliant,08321160,3,40,133.6,14,FALSE,77,5,25,Male,0,3.7272727272727275,4,"Stock Market, Government Bonds, Private Equity fund",Mixed,Brazil,Brazil,Unemployed (and job seeking)
251,6,access,lq_hf,low,high,Pulsegrid,2055e10c,1,20,137.8,14,FALSE,48,4,36,Male,6,4.454545454545454,5,"Stock Market, ETF or ETC, Private Equity fund, Government Bonds",Black,United Kingdom,United Kingdom,Full-Time
252,1,access,lq_hf,low,high,Curato,37c0ca72,1,30,32.8,14,FALSE,20,2,38,Other,1,3.1818181818181817,6,"Government Bonds, Stock Market, ETF or ETC, Options, Private Equity fund, Other",White,United Kingdom,United Kingdom,Full-Time
253,7,access,lq_hf,low,high,Foliant,08321160,3,20,118.5,14,FALSE,69,5,27,Female,8,3.8181818181818183,4,"Government Bonds, ETF or ETC, Stock Market, Unit trusts, Angel syndicate, Private Equity fund, Options, Venture Capital fund, Crowdfunding",Black,United States,United States,Part-Time
254,5,access,lq_hf,low,high,Paperloom,84f4d358,4,15,150,14,FALSE,92,3,23,Male,0,3.6363636363636362,5,"Government Bonds, Private Equity fund",White,Brazil,Brazil,Unemployed (and job seeking)
255,5,access,lq_hf,low,high,Paperloom,84f4d358,2,0,150,6,FALSE,73,2,39,Female,2,3.727272727272727,7,"ETF or ETC, Stock Market, Crowdfunding, Options",White,United States,United States,Full-Time
256,5,access,lq_hf,low,high,Paperloom,84f4d358,2,10,142.2,14,FALSE,100,5,43,Male,0,3.909090909090909,6,Crowdfunding,White,United Kingdom,United Kingdom,Full-Time
259,5,access,lq_hf,low,high,Paperloom,84f4d358,3,0,104.3,14,FALSE,91,2,60,Male,3,3.090909090909091,5,"ETF or ETC, Government Bonds, Stock Market, Unit trusts, Crowdfunding",Mixed,United States,United States,Part-Time
260,8,access,lq_hf,low,high,Ironhall,3e0eedc2,4,40,139.4,14,FALSE,53,4,40,Male,2,3.8181818181818183,3,"Stock Market, Crowdfunding",White,United Kingdom,United Kingdom,Full-Time
261,5,access,lq_hf,low,high,Paperloom,84f4d358,4,0,101.8,14,FALSE,23,2,59,Male,0,2.4545454545454546,5,"ETF or ETC, Stock Market, Unit trusts, Private Equity fund, Government Bonds",White,Canada,Canada,Full-Time
262,1,access,lq_hf,low,high,Curato,37c0ca72,3,0,128.8,14,FALSE,91,2,41,Male,0,4.181818181818182,3,Crowdfunding,White,United Kingdom,United Kingdom,Full-Time
263,3,access,lq_hf,low,high,Axonmesh,4fe27fae,4,15,150.3,14,FALSE,92,6,36,Female,2,4.363636363636363,1,"ETF or ETC, Private Equity fund, Unit trusts, Stock Market, Options",Black,United States,United States,Full-Time
264,5,access,lq_hf,low,high,Paperloom,84f4d358,4,25,116,14,FALSE,89,6,32,Male,2,3.6363636363636362,2,"ETF or ETC, Government Bonds, Stock Market, Private Equity fund, Crowdfunding",NA,United Kingdom,United Kingdom,Full-Time
265,5,access,lq_hf,low,high,Paperloom,84f4d358,3,10,25.5,14,FALSE,89,6,30,Male,7,4.636363636363637,3,"Crowdfunding, Private Equity fund, Venture Capital fund, Unit trusts, Stock Market, ETF or ETC, Government Bonds",Black,United States,United States,Unemployed (and job seeking)
266,8,access,lq_hf,low,high,Ironhall,3e0eedc2,3,85,90.4,14,FALSE,92,7,53,Male,2,4.636363636363637,4,"Stock Market, Crowdfunding",White,United States,United States,"Not in paid work (e.g. homemaker', 'retired or disabled)"
267,2,access,lq_hf,low,high,Servora,e55a120c,3,0,150.1,14,FALSE,100,3,47,Male,7,3.272727272727273,2,"ETF or ETC, Government Bonds, Stock Market, Unit trusts, Crowdfunding, Options",White,Canada,Canada,Full-Time
268,2,access,lq_hf,low,high,Servora,e55a120c,2,25,61.6,14,FALSE,45,4,33,Female,3,3.4545454545454546,5,"ETF or ETC, Government Bonds, Crowdfunding, Venture Capital fund",Asian,United States,United States,Unemployed (and job seeking)
269,5,access,lq_hf,low,high,Paperloom,84f4d358,4,25,16.3,14,FALSE,93,4,34,Male,8,5,4,"ETF or ETC, Government Bonds, Stock Market, Unit trusts, Angel syndicate, Private Equity fund, Venture Capital fund, Crowdfunding",White,United Kingdom,United Kingdom,Part-Time
270,4,access,lq_hf,low,high,Sentyl,90a19744,1,20,122.1,14,FALSE,64,5,47,Male,6,4.363636363636363,3,"Stock Market, Options, Private Equity fund, Venture Capital fund, Government Bonds, ETF or ETC, Unit trusts, Angel syndicate, Crowdfunding",White,United States,United States,Full-Time
271,1,access,lq_hf,low,high,Curato,37c0ca72,3,20,150.1,9,FALSE,28,3,28,Male,0,3,5,"Stock Market, Crowdfunding, Private Equity fund",Other,United Kingdom,Sweden,NA
272,6,access,lq_hf,low,high,Pulsegrid,2055e10c,2,45,141,14,FALSE,38,5,50,Male,15,3.727272727272727,4,"Stock Market, Options, Private Equity fund, Venture Capital fund",Mixed,United Kingdom,United Kingdom,Part-Time
273,6,access,lq_hf,low,high,Pulsegrid,2055e10c,4,20,34.4,14,FALSE,19,4,34,Female,7,4.181818181818182,7,"Stock Market, Government Bonds, Private Equity fund",Black,United States,United States,Part-Time
274,4,access,lq_hf,low,high,Sentyl,90a19744,1,30,69.5,14,FALSE,100,7,43,Female,5,5,1,"ETF or ETC, Government Bonds, Stock Market, Unit trusts, Angel syndicate, Options, Private Equity fund, Venture Capital fund, Crowdfunding",Black,United States,United States,Full-Time
275,1,access,lq_hf,low,high,Curato,37c0ca72,4,30,93.4,14,FALSE,59,6,27,Male,1,3.909090909090909,5,"Stock Market, Government Bonds, ETF or ETC, Angel syndicate, Options, Private Equity fund, Venture Capital fund, Crowdfunding, Other",Asian,India,India,Full-Time
277,5,access,lq_hf,low,high,Paperloom,84f4d358,3,5,150.3,11,FALSE,58,2,53,Female,0,3.909090909090909,2,"Stock Market, Crowdfunding, ETF or ETC",White,Canada,Canada,Other
278,3,access,lq_hf,low,high,Axonmesh,4fe27fae,3,0,9.3,14,FALSE,36,5,33,Female,4,3,3,Crowdfunding,White,United Kingdom,United Kingdom,Full-Time
279,7,access,lq_hf,low,high,Foliant,08321160,1,15,150.1,14,FALSE,86,3,26,Male,2,4.545454545454546,2,"Stock Market, Unit trusts, Private Equity fund, Government Bonds",Prefer not to say,Canada,Canada,Full-Time
280,3,access,lq_hf,low,high,Axonmesh,4fe27fae,3,60,147.1,14,FALSE,72,5,44,Male,1,4.636363636363637,3,"ETF or ETC, Stock Market, Private Equity fund",Asian,United Kingdom,United Kingdom,Full-Time
282,7,access,lq_hf,low,high,Foliant,08321160,4,13,110.2,14,FALSE,35,2,23,Male,2,4.363636363636363,5,"Stock Market, Crowdfunding, Government Bonds",Asian,India,India,Part-Time
286,7,access,lq_hf,low,high,Foliant,08321160,1,25,148.4,14,FALSE,55,4,46,Male,2,3.6363636363636362,6,"ETF or ETC, Stock Market, Unit trusts, Government Bonds, Crowdfunding",White,United Kingdom,United Kingdom,Full-Time
287,5,access,lq_hf,low,high,Paperloom,84f4d358,1,60,122.3,14,FALSE,95,6,39,Male,0,3,2,"ETF or ETC, Stock Market, Venture Capital fund, Options",White,United States,United States,Full-Time
288,3,access,lq_hf,low,high,Axonmesh,4fe27fae,2,80,89.9,14,FALSE,100,7,44,Male,12,4,5,"ETF or ETC, Government Bonds, Stock Market, Unit trusts, Angel syndicate, Private Equity fund, Crowdfunding",White,United Kingdom,United Kingdom,Full-Time
289,1,access,lq_hf,low,high,Curato,37c0ca72,2,25,32.3,12,FALSE,64,6,30,Female,1,3.909090909090909,5,"Stock Market, Angel syndicate",Black,United Kingdom,Nigeria,Full-Time
290,7,access,lq_hf,low,high,Foliant,08321160,4,15,34.2,14,FALSE,100,7,39,Male,6,3.909090909090909,5,"Government Bonds, Stock Market, Options, Private Equity fund, Crowdfunding, Other",White,United States,United States,Full-Time
292,7,access,lq_hf,low,high,Foliant,08321160,4,45,150.2,14,FALSE,100,5,50,Male,2,4.2727272727272725,1,"Stock Market, Crowdfunding, Other",White,United States,United States,Full-Time
293,8,access,lq_hf,low,high,Ironhall,3e0eedc2,1,20,64.1,14,FALSE,85,5,32,Male,0,3.1818181818181817,3,"Stock Market, Crowdfunding",White,United States,United States,Other
294,8,access,lq_hf,low,high,Ironhall,3e0eedc2,2,20,150.2,14,FALSE,75,5,33,Male,10,4.818181818181818,3,"ETF or ETC, Stock Market, Options, Crowdfunding",Mixed,United States,United States,Full-Time
295,2,access,lq_hf,low,high,Servora,e55a120c,4,20,150.1,14,FALSE,18,4,30,Female,2,3.727272727272727,3,"Stock Market, Options, Private Equity fund, Venture Capital fund, ETF or ETC",White,United States,United States,Full-Time
296,8,access,lq_hf,low,high,Ironhall,3e0eedc2,4,50,79.3,14,FALSE,66,5,64,Female,5,3.272727272727273,2,"ETF or ETC, Stock Market, Unit trusts, Private Equity fund, Venture Capital fund, Crowdfunding",White,United Kingdom,United Kingdom,"Not in paid work (e.g. homemaker', 'retired or disabled)"
297,1,access,lq_hf,low,high,Curato,37c0ca72,2,0,150.1,7,FALSE,40,3,45,Female,3,3.8181818181818183,5,"Stock Market, Crowdfunding",White,France,Spain,Full-Time
298,7,access,lq_hf,low,high,Foliant,08321160,4,25,8,14,FALSE,71,5,56,Female,7,4,4,"Stock Market, Private Equity fund",White,United States,United States,Part-Time
299,6,access,lq_hf,low,high,Pulsegrid,2055e10c,3,0,150.1,14,FALSE,6,3,52,Male,0,3.090909090909091,1,"ETF or ETC, Stock Market, Private Equity fund, Government Bonds",White,Canada,Canada,Full-Time
301,7,access,lq_hf,low,high,Foliant,08321160,1,10,150.1,11,FALSE,67,2,51,Female,0,3.8181818181818183,7,"Stock Market, Private Equity fund",Asian,United Kingdom,Hong Kong,Other
302,2,access,lq_hf,low,high,Servora,e55a120c,3,15,150.1,14,FALSE,100,7,42,Male,6,3.727272727272727,4,"Government Bonds, Stock Market, Crowdfunding",White,United States,United States,Full-Time
303,2,access,lq_hf,low,high,Servora,e55a120c,1,55,50.5,1,FALSE,71,5,43,Male,3,4.2727272727272725,5,"Private Equity fund, Stock Market, Government Bonds",Black,United States,United States,Full-Time
304,7,access,lq_hf,low,high,Foliant,08321160,3,25,150.1,14,FALSE,58,5,27,Male,2,4.2727272727272725,5,"Stock Market, Angel syndicate",Asian,India,India,Part-Time
305,4,access,lq_hf,low,high,Sentyl,90a19744,2,0,110.1,14,FALSE,51,4,44,Female,10,3.1818181818181817,5,"ETF or ETC, Stock Market, Crowdfunding",White,United States,United States,Full-Time
306,6,access,lq_hf,low,high,Pulsegrid,2055e10c,1,25,101.9,7,FALSE,0,4,72,Male,5,3.5454545454545454,6,"ETF or ETC, Stock Market, Private Equity fund",White,United Kingdom,United Kingdom,"Not in paid work (e.g. homemaker', 'retired or disabled)"
307,8,access,lq_hf,low,high,Ironhall,3e0eedc2,2,30,99.5,14,FALSE,68,5,30,Male,2,3.909090909090909,3,"Stock Market, Crowdfunding",Black,United Kingdom,United Kingdom,Part-Time
308,7,access,lq_hf,low,high,Foliant,08321160,4,20,66.4,14,FALSE,62,4,26,Male,4,3.8181818181818183,6,"Stock Market, Venture Capital fund, Private Equity fund",Black,Canada,Nigeria,Full-Time
309,8,access,lq_hf,low,high,Ironhall,3e0eedc2,4,10,150.1,13,FALSE,49,4,50,Female,6,3.1818181818181817,5,"Stock Market, Crowdfunding",White,United Kingdom,United Kingdom,Full-Time
311,8,access,lq_hf,low,high,Ironhall,3e0eedc2,1,10,106.5,14,FALSE,77,5,27,Male,6,3.5454545454545454,3,"ETF or ETC, Stock Market, Options, Private Equity fund, Crowdfunding",White,United States,Panama,Full-Time
313,1,access,lq_hf,low,high,Curato,37c0ca72,4,30,51.9,14,FALSE,87,7,59,Male,5,4.7272727272727275,1,"ETF or ETC, Government Bonds, Stock Market, Crowdfunding",White,United States,United States,Full-Time
314,8,access,lq_hf,low,high,Ironhall,3e0eedc2,3,30,150.1,14,FALSE,77,7,35,Female,8,4.2727272727272725,1,"ETF or ETC, Government Bonds, Stock Market, Unit trusts, Options, Private Equity fund, Venture Capital fund, Crowdfunding",White,Brazil,Brazil,Full-Time
315,6,access,lq_hf,low,high,Pulsegrid,2055e10c,3,25,60.8,14,FALSE,68,4,58,Female,2,2.272727272727273,6,"Stock Market, Crowdfunding",White,United Kingdom,United Kingdom,Unemployed (and job seeking)
316,2,access,lq_hf,low,high,Servora,e55a120c,2,35,150.1,4,FALSE,51,4,39,Male,8,4,3,"Government Bonds, Stock Market, Private Equity fund, Crowdfunding",Black,United States,United States,Full-Time
317,4,access,lq_hf,low,high,Sentyl,90a19744,1,10,149.9,14,FALSE,54,3,50,Male,10,3.8181818181818183,5,"ETF or ETC, Stock Market, Private Equity fund, Crowdfunding",White,United Kingdom,United Kingdom,Full-Time
318,5,access,lq_hf,low,high,Paperloom,84f4d358,2,10,23,14,FALSE,85,3,38,Female,0,3.3636363636363638,4,"Stock Market, Crowdfunding, ETF or ETC",White,United States,United States,Full-Time
319,6,access,lq_hf,low,high,Pulsegrid,2055e10c,2,10,128.5,14,FALSE,38,4,29,Female,2,4.454545454545454,5,"ETF or ETC, Stock Market, Government Bonds, Private Equity fund",Black,United States,NA,Unemployed (and job seeking)
320,2,access,lq_hf,low,high,Servora,e55a120c,1,30,150.1,14,FALSE,91,7,27,Female,2,5,1,"Stock Market, Private Equity fund, Crowdfunding, Venture Capital fund",Black,United Kingdom,United Kingdom,Full-Time
321,5,access,lq_hf,low,high,Paperloom,84f4d358,1,25,149.9,14,FALSE,78,6,26,Male,2,4,6,"Stock Market, Options, Crowdfunding",Black,Canada,Nigeria,Due to start a new job within the next month
323,7,access,lq_hf,low,high,Foliant,08321160,3,10,150.1,6,FALSE,16,5,22,Male,1,4.2727272727272725,3,"Stock Market, Private Equity fund",Mixed,United States,United States,Other
325,4,access,lq_hf,low,high,Sentyl,90a19744,3,35,149.9,14,FALSE,75,5,41,Male,2,3.5454545454545454,4,"ETF or ETC, Stock Market, Crowdfunding",White,Germany,Germany,Full-Time
327,8,access,lq_hf,low,high,Ironhall,3e0eedc2,3,25,41.2,14,FALSE,1,7,29,Male,5,5,7,"Stock Market, Venture Capital fund, ETF or ETC",Black,United States,United States,Full-Time
329,7,access,lq_hf,low,high,Foliant,08321160,4,40,52.5,5,FALSE,65,5,30,Female,4,4.363636363636363,5,"ETF or ETC, Government Bonds, Stock Market, Private Equity fund, Crowdfunding, Venture Capital fund",Asian,United States,Taiwan,Full-Time
330,5,access,lq_hf,low,high,Paperloom,84f4d358,2,25,63.9,14,FALSE,73,5,33,Female,5,4.454545454545454,5,"ETF or ETC, Stock Market, Venture Capital fund, Unit trusts, Government Bonds",Black,United States,United States,Part-Time
331,8,access,lq_hf,low,high,Ironhall,3e0eedc2,1,10,150.1,14,FALSE,94,5,51,Male,15,4.2727272727272725,2,"ETF or ETC, Government Bonds, Stock Market, Crowdfunding",White,United States,United States,Full-Time
332,1,access,lq_hf,low,high,Curato,37c0ca72,2,5,150,14,FALSE,64,2,52,Male,2,3,5,"ETF or ETC, Private Equity fund, Crowdfunding",White,United Kingdom,United Kingdom,Full-Time
333,6,access,lq_hf,low,high,Pulsegrid,2055e10c,3,10,135.9,13,FALSE,33,4,37,Male,0,3.5454545454545454,6,"ETF or ETC, Stock Market, Options, Crowdfunding",White,Germany,Germany,Full-Time
335,7,access,lq_hf,low,high,Foliant,08321160,2,30,150,10,FALSE,67,6,67,Female,0,3.5454545454545454,5,"Crowdfunding, Government Bonds, Stock Market",White,Canada,Canada,"Not in paid work (e.g. homemaker', 'retired or disabled)"
339,4,access,lq_hf,low,high,Sentyl,90a19744,4,10,150,14,FALSE,76,4,58,Female,0,1.7272727272727273,7,"Angel syndicate, Don't know/Rather not say",White,United States,United States,Full-Time
340,1,access,lq_hf,low,high,Curato,37c0ca72,2,20,21.1,14,FALSE,78,6,36,Male,4,3.1818181818181817,1,"ETF or ETC, Government Bonds, Stock Market, Private Equity fund",White,United Kingdom,United Kingdom,Full-Time
341,3,access,lq_hf,low,high,Axonmesh,4fe27fae,4,25,149.9,14,FALSE,68,6,30,Male,0,3.5454545454545454,5,"ETF or ETC, Stock Market, Options, Crowdfunding",White,United States,United States,Full-Time
342,4,access,lq_hf,low,high,Sentyl,90a19744,3,0,21,1,FALSE,79,5,41,Male,0,2.6363636363636362,5,"ETF or ETC, Stock Market, Crowdfunding",White,Germany,Germany,Full-Time
344,5,access,lq_hf,low,high,Paperloom,84f4d358,3,30,97.7,14,FALSE,55,5,26,Male,2,4,2,"Government Bonds, Stock Market, Unit trusts, Crowdfunding",White,United Kingdom,United Kingdom,Full-Time
345,2,access,lq_hf,low,high,Servora,e55a120c,1,0,150,14,FALSE,89,2,38,Female,3,3.3636363636363638,4,"Government Bonds, Stock Market, Private Equity fund, Crowdfunding, Venture Capital fund",White,United Kingdom,United Kingdom,Full-Time
346,8,access,lq_hf,low,high,Ironhall,3e0eedc2,1,30,150,14,FALSE,37,4,33,Male,5,3.5454545454545454,6,Private Equity fund,Black,United Kingdom,Kenya,Part-Time
347,4,access,lq_hf,low,high,Sentyl,90a19744,2,10,108.7,14,FALSE,36,3,44,Male,2,4.2727272727272725,3,"ETF or ETC, Stock Market, Crowdfunding",White,United States,United States,Unemployed (and job seeking)
348,1,access,lq_hf,low,high,Curato,37c0ca72,2,5,145.9,14,FALSE,90,4,25,Male,1,3.727272727272727,5,"Government Bonds, ETF or ETC, Stock Market, Options, Crowdfunding",Asian,India,India,Unemployed (and job seeking)
349,3,access,lq_hf,low,high,Axonmesh,4fe27fae,1,20,150,14,FALSE,51,4,25,Male,1,4.181818181818182,4,"Stock Market, Crowdfunding",Black,United States,United States,Full-Time
350,2,access,lq_hf,low,high,Servora,e55a120c,4,10,149.9,14,FALSE,22,3,60,Male,31,4.636363636363637,3,"Stock Market, ETF or ETC, Venture Capital fund",White,Canada,Canada,Full-Time
351,4,access,lq_hf,low,high,Sentyl,90a19744,3,0,87.9,14,FALSE,50,5,38,Female,5,3.5454545454545454,4,"Stock Market, Crowdfunding",White,United States,United States,Full-Time
352,4,access,lq_hf,low,high,Sentyl,90a19744,4,40,150.1,14,FALSE,100,4,32,Male,5,4.454545454545454,1,"Stock Market, Options, ETF or ETC, Government Bonds, Crowdfunding, Other",White,United States,United States,Full-Time
353,4,access,lq_hf,low,high,Sentyl,90a19744,4,10,144.9,14,FALSE,0,4,54,Female,1,3.5454545454545454,3,Crowdfunding,White,United Kingdom,United Kingdom,Full-Time
354,2,access,lq_hf,low,high,Servora,e55a120c,3,15,150,13,FALSE,80,6,33,Male,0,3.727272727272727,6,"ETF or ETC, Stock Market, Government Bonds, Options, Crowdfunding",White,United States,United States,Full-Time
355,3,access,lq_hf,low,high,Axonmesh,4fe27fae,1,10,150.3,14,FALSE,86,4,35,Male,5,4.181818181818182,2,"Stock Market, Options, Crowdfunding, Government Bonds",Black,United Kingdom,Nigeria,Full-Time
356,4,access,lq_hf,low,high,Sentyl,90a19744,3,35,148.5,14,FALSE,100,5,46,Male,8,4,5,"Government Bonds, Crowdfunding, Stock Market",Mixed,United Kingdom,United Kingdom,Full-Time
357,8,access,lq_hf,low,high,Ironhall,3e0eedc2,2,35,149.9,10,FALSE,63,6,29,Female,4,4,5,"ETF or ETC, Government Bonds, Stock Market, Unit trusts, Angel syndicate, Options, Private Equity fund",White,United States,United States,Part-Time
358,6,access,lq_hf,low,high,Pulsegrid,2055e10c,3,5,92.1,14,FALSE,80,5,64,Female,4,3.5454545454545454,5,Private Equity fund,Black,United States,Kenya,Part-Time
359,6,access,lq_hf,low,high,Pulsegrid,2055e10c,3,20,150.2,12,FALSE,58,5,42,Female,1,3.727272727272727,7,"Crowdfunding, Stock Market, Government Bonds",Mixed,United Kingdom,United Kingdom,Full-Time
360,5,access,lq_hf,low,high,Paperloom,84f4d358,4,16,103.3,14,FALSE,58,3,29,Female,1,4.090909090909091,5,"Government Bonds, Stock Market, Private Equity fund",White,United States,United States,Full-Time
361,4,access,lq_hf,low,high,Sentyl,90a19744,4,45,104.9,14,FALSE,100,3,37,Male,3,4.818181818181818,4,"Government Bonds, Stock Market, Private Equity fund, Unit trusts, Angel syndicate",Black,United States,Kenya,Full-Time
362,5,access,lq_hf,low,high,Paperloom,84f4d358,1,20,150.1,13,FALSE,60,5,35,Female,3,4,3,"Stock Market, Government Bonds, Private Equity fund",Asian,India,India,Full-Time
363,7,access,lq_hf,low,high,Foliant,08321160,4,10,35.4,4,FALSE,44,5,36,Female,0,2.1818181818181817,2,Crowdfunding,White,United States,United States,Unemployed (and job seeking)
364,5,access,lq_hf,low,high,Paperloom,84f4d358,2,14,150.1,14,FALSE,64,4,43,Male,10,2.8181818181818183,5,"ETF or ETC, Government Bonds, Crowdfunding, Stock Market",White,United States,United States,Full-Time
365,1,access,lq_hf,low,high,Curato,37c0ca72,2,15,149.9,14,FALSE,61,3,36,Male,6,4,3,"Stock Market, Government Bonds, Crowdfunding",White,United Kingdom,United Kingdom,Full-Time
366,1,access,lq_hf,low,high,Curato,37c0ca72,2,10,150.7,14,FALSE,88,5,46,Female,4,4.7272727272727275,2,"Stock Market, Private Equity fund",White,United States,United States,Part-Time
367,8,access,lq_hf,low,high,Ironhall,3e0eedc2,3,25,119.5,14,FALSE,39,6,31,Male,5,5,5,"Stock Market, Government Bonds, Private Equity fund",Black,United States,United States,Unemployed (and job seeking)
368,2,access,lq_hf,low,high,Servora,e55a120c,3,35,83.2,13,FALSE,71,3,35,Male,3,4.2727272727272725,6,"ETF or ETC, Stock Market, Crowdfunding",White,United Kingdom,United Kingdom,Full-Time
369,5,access,lq_hf,low,high,Paperloom,84f4d358,2,12,118.3,14,FALSE,94,4,24,Male,3,4,3,"ETF or ETC, Government Bonds, Stock Market, Unit trusts, Angel syndicate, Options, Private Equity fund",Mixed,Canada,Tunisia,Part-Time
371,3,access,lq_hf,low,high,Axonmesh,4fe27fae,3,8,149.9,13,FALSE,74,3,38,Female,11,4,1,"ETF or ETC, Government Bonds, Stock Market, Private Equity fund",White,United Kingdom,United Kingdom,Full-Time
372,4,access,lq_hf,low,high,Sentyl,90a19744,1,20,82.6,14,FALSE,82,6,29,Female,2,3.6363636363636362,5,"ETF or ETC, Stock Market, Crowdfunding, Venture Capital fund, Private Equity fund, Options",Asian,Canada,Canada,Full-Time
376,2,access,lq_hf,low,high,Servora,e55a120c,2,25,38.6,14,FALSE,62,4,35,Male,2,4.090909090909091,5,"Stock Market, Crowdfunding",White,United States,United States,Full-Time
377,6,access,lq_hf,low,high,Pulsegrid,2055e10c,4,20,149.8,14,FALSE,61,4,39,Male,5,3.909090909090909,1,"Crowdfunding, Stock Market",White,United States,United States,Full-Time
378,4,access,lq_hf,low,high,Sentyl,90a19744,1,30,150,14,FALSE,82,5,26,Male,0,4,3,"Stock Market, Venture Capital fund, Crowdfunding",White,France,France,Full-Time
379,2,access,lq_hf,low,high,Servora,e55a120c,3,40,138.3,14,FALSE,85,5,48,Male,0,3.4545454545454546,1,"ETF or ETC, Government Bonds, Stock Market, Crowdfunding",White,United States,United States,Full-Time
380,3,access,lq_hf,low,high,Axonmesh,4fe27fae,3,30,132.9,14,FALSE,85,6,24,Male,0,3.727272727272727,6,"ETF or ETC, Crowdfunding",Asian,United Kingdom,United Kingdom,Other
381,2,access,lq_hf,low,high,Servora,e55a120c,2,0,150,11,FALSE,87,3,42,Male,15,4.454545454545454,2,"ETF or ETC, Government Bonds, Stock Market, Unit trusts, Private Equity fund, Venture Capital fund, Options, Crowdfunding",White,United Kingdom,United Kingdom,Full-Time
382,2,access,lq_hf,low,high,Servora,e55a120c,3,10,125.7,14,FALSE,56,6,40,Male,3,3.6363636363636362,5,"Stock Market, Government Bonds, Options, Private Equity fund, ETF or ETC",Asian,India,India,Part-Time
383,8,access,lq_hf,low,high,Ironhall,3e0eedc2,1,20,77.1,14,FALSE,100,7,39,Male,10,3.090909090909091,1,"Stock Market, Private Equity fund, Venture Capital fund",Asian,United States,United States,Full-Time
385,6,access,lq_hf,low,high,Pulsegrid,2055e10c,4,28,63.4,14,FALSE,51,6,23,Male,1,3.727272727272727,5,"ETF or ETC, Crowdfunding, Options, Stock Market",Asian,India,India,Unemployed (and job seeking)
386,1,access,lq_hf,low,high,Curato,37c0ca72,1,0,149.4,14,FALSE,88,2,37,Male,3,4,5,"ETF or ETC, Government Bonds, Stock Market, Unit trusts, Angel syndicate, Options, Crowdfunding, Other",White,United Kingdom,United Kingdom,Full-Time
387,7,access,lq_hf,low,high,Foliant,08321160,1,20,150,14,FALSE,75,4,48,Male,12,4,3,"ETF or ETC, Government Bonds, Stock Market, Crowdfunding, Options, Venture Capital fund, Angel syndicate, Other",Black,United Kingdom,United Kingdom,Full-Time
389,6,access,lq_hf,low,high,Pulsegrid,2055e10c,2,5,37.8,14,FALSE,91,4,30,Male,0,4.636363636363637,3,"ETF or ETC, Government Bonds, Stock Market, Options, Crowdfunding, Other",White,United States,United States,Full-Time
393,3,access,lq_hf,low,high,Axonmesh,4fe27fae,3,14,142.9,14,FALSE,65,3,60,Male,15,3.909090909090909,5,"Government Bonds, Stock Market, Private Equity fund, Crowdfunding, Unit trusts, ETF or ETC",Black,United Kingdom,United Kingdom,Full-Time
394,2,access,lq_hf,low,high,Servora,e55a120c,1,20,148,14,FALSE,82,6,60,Male,15,4.2727272727272725,5,"Government Bonds, Stock Market, Options, Venture Capital fund, Crowdfunding",White,United States,United States,"Not in paid work (e.g. homemaker', 'retired or disabled)"
396,4,access,lq_hf,low,high,Sentyl,90a19744,4,25,35.3,14,FALSE,90,6,40,Male,12,3.909090909090909,5,"ETF or ETC, Government Bonds, Stock Market, Crowdfunding, Venture Capital fund, Other, Options, Angel syndicate",White,Brazil,Brazil,Full-Time
399,1,access,lq_hf,low,high,Curato,37c0ca72,4,30,150,14,FALSE,93,7,34,Male,4,4.2727272727272725,4,"Stock Market, Private Equity fund, ETF or ETC, Options",White,United States,United States,Full-Time
401,7,access,lq_hf,low,high,Foliant,08321160,2,15,150.2,14,FALSE,100,3,32,Male,0,3.909090909090909,3,"Government Bonds, Stock Market, Options, Crowdfunding, Other, ETF or ETC",Black,France,Nigeria,Unemployed (and job seeking)
402,7,access,lq_hf,low,high,Foliant,08321160,3,20,71.3,14,FALSE,63,4,38,Male,0,3.4545454545454546,3,Crowdfunding,White,United Kingdom,United Kingdom,Full-Time
403,1,access,lq_hf,low,high,Curato,37c0ca72,3,0,41.3,14,FALSE,71,6,41,Male,3,4.363636363636363,3,"Stock Market, Crowdfunding",White,United Kingdom,United Kingdom,Full-Time
405,2,access,lq_hf,low,high,Servora,e55a120c,4,5,101.5,14,FALSE,42,3,35,Female,2,3.1818181818181817,5,"ETF or ETC, Stock Market, Private Equity fund, Crowdfunding",Mixed,Germany,Germany,Full-Time
406,4,access,lq_hf,low,high,Sentyl,90a19744,3,30,44.8,7,FALSE,81,5,43,Female,5,4,3,Private Equity fund,White,United States,United States,Full-Time
407,5,access,lq_hf,low,high,Paperloom,84f4d358,1,15,79.7,14,FALSE,97,6,43,Male,7,3.6363636363636362,1,"ETF or ETC, Government Bonds, Stock Market, Private Equity fund, Venture Capital fund",White,United States,United States,Other
409,5,access,lq_hf,low,high,Paperloom,84f4d358,1,15,81,7,FALSE,77,4,42,Male,1,3.4545454545454546,6,"Government Bonds, Private Equity fund",White,Brazil,Brazil,Full-Time
410,3,access,lq_hf,low,high,Axonmesh,4fe27fae,4,10,50.4,14,FALSE,42,5,66,Male,0,3.1818181818181817,4,Private Equity fund,White,United States,United States,Part-Time
411,7,access,lq_hf,low,high,Foliant,08321160,1,0,150.2,11,FALSE,100,5,44,Male,0,3.090909090909091,4,"Stock Market, Crowdfunding",White,United States,United States,Full-Time
412,8,access,lq_hf,low,high,Ironhall,3e0eedc2,4,10,150.1,14,FALSE,66,4,37,Male,7,3.3636363636363638,5,"Government Bonds, Stock Market, Crowdfunding",White,United Kingdom,United Kingdom,Full-Time
413,7,access,lq_hf,low,high,Foliant,08321160,1,0,143.7,14,FALSE,29,3,56,Male,15,3.5454545454545454,7,"ETF or ETC, Stock Market, Crowdfunding, Options",Asian,United States,United Kingdom,Full-Time
414,8,access,lq_hf,low,high,Ironhall,3e0eedc2,1,10,136,14,FALSE,58,3,35,Male,5,4.181818181818182,1,"ETF or ETC, Government Bonds, Stock Market, Options, Private Equity fund, Venture Capital fund",White,United States,United States,Full-Time
415,1,access,lq_hf,low,high,Curato,37c0ca72,1,20,144.2,3,FALSE,73,5,31,Female,3,5,2,"Government Bonds, Stock Market, Private Equity fund",Black,United Kingdom,Nigeria,Full-Time
416,6,access,lq_hf,low,high,Pulsegrid,2055e10c,4,0,18,14,FALSE,62,4,31,Male,3,3.090909090909091,2,"ETF or ETC, Stock Market, Venture Capital fund, Crowdfunding",White,Canada,Canada,Full-Time
419,8,access,lq_hf,low,high,Ironhall,3e0eedc2,4,35,20.5,14,FALSE,90,4,49,Female,1,3.8181818181818183,3,"ETF or ETC, Stock Market, Crowdfunding",White,United States,United States,"Not in paid work (e.g. homemaker', 'retired or disabled)"
420,3,access,lq_hf,low,high,Axonmesh,4fe27fae,2,30,150,9,FALSE,62,4,28,Female,1,3.3636363636363638,4,"Stock Market, Crowdfunding",Black,United States,United States,Full-Time
421,8,access,lq_hf,low,high,Ironhall,3e0eedc2,2,10,139,14,FALSE,75,5,36,Male,5,3.6363636363636362,4,"Government Bonds, Stock Market, Private Equity fund",White,United Kingdom,United Kingdom,Full-Time
422,2,access,lq_hf,low,high,Servora,e55a120c,1,20,149.9,8,FALSE,56,6,66,Male,10,4.454545454545454,5,"ETF or ETC, Stock Market, Government Bonds, Crowdfunding, Private Equity fund, Venture Capital fund",White,United States,United States,Part-Time
424,3,access,lq_hf,low,high,Axonmesh,4fe27fae,1,30,150.1,6,FALSE,71,6,59,Female,4,3.6363636363636362,4,"Crowdfunding, Government Bonds",White,United Kingdom,United Kingdom,Full-Time
427,1,access,lq_hf,low,high,Curato,37c0ca72,1,0,150.2,8,FALSE,100,6,73,Female,12,4.181818181818182,4,"Government Bonds, Stock Market, Private Equity fund, Venture Capital fund",White,United States,United States,"Not in paid work (e.g. homemaker', 'retired or disabled)"
428,7,access,lq_hf,low,high,Foliant,08321160,1,30,97.2,5,FALSE,63,5,33,Male,0,3.4545454545454546,4,"Stock Market, Crowdfunding",Mixed,Brazil,Brazil,Full-Time
429,5,access,lq_hf,low,high,Paperloom,84f4d358,4,30,98.6,14,FALSE,78,6,36,Male,1,3.727272727272727,2,"Government Bonds, Stock Market, Crowdfunding",White,United Kingdom,United Kingdom,Full-Time
431,6,access,lq_hf,low,high,Pulsegrid,2055e10c,3,30,33.5,14,FALSE,93,6,35,Male,15,4,4,"ETF or ETC, Government Bonds, Stock Market, Unit trusts, Angel syndicate, Options, Private Equity fund, Venture Capital fund, Crowdfunding, Other",Mixed,Brazil,Brazil,Full-Time
432,8,access,lq_hf,low,high,Ironhall,3e0eedc2,4,20,150.1,14,FALSE,74,6,47,Female,5,4.545454545454546,6,"Government Bonds, Stock Market, Private Equity fund",White,United States,United States,Full-Time
433,1,access,lq_hf,low,high,Curato,37c0ca72,4,40,150.1,14,FALSE,76,5,42,Female,7,4.090909090909091,5,"Government Bonds, Stock Market, Crowdfunding, Other",White,United Kingdom,United Kingdom,Other
434,2,access,lq_hf,low,high,Servora,e55a120c,2,25,60,14,FALSE,60,5,24,Male,1,2.4545454545454546,6,"Stock Market, ETF or ETC, Other, Options, Crowdfunding",Mixed,United Kingdom,United Kingdom,Unemployed (and job seeking)
435,4,access,lq_hf,low,high,Sentyl,90a19744,3,10,141.2,14,FALSE,91,5,43,Male,6,3.909090909090909,2,"Government Bonds, Stock Market, Options, Crowdfunding",White,United Kingdom,United Kingdom,Full-Time
437,1,access,lq_hf,low,high,Curato,37c0ca72,3,10,150.5,14,FALSE,100,6,42,Female,5,4.090909090909091,6,"Stock Market, Private Equity fund",Black,United States,United States,Full-Time
438,6,access,lq_hf,low,high,Pulsegrid,2055e10c,4,0,89.1,14,FALSE,83,3,35,Female,0,3.8181818181818183,7,"Stock Market, Crowdfunding",White,United Kingdom,United Kingdom,Full-Time
441,7,access,lq_hf,low,high,Foliant,08321160,4,10,34.5,14,FALSE,73,2,47,Male,6,4.363636363636363,5,"ETF or ETC, Government Bonds, Stock Market, Private Equity fund, Venture Capital fund",Black,United States,United States,Full-Time
443,4,access,lq_hf,low,high,Sentyl,90a19744,4,20,39.9,14,FALSE,32,5,22,Female,4,4.545454545454546,5,"ETF or ETC, Government Bonds, Stock Market, Private Equity fund",Black,United States,United States,Full-Time
444,7,access,lq_hf,low,high,Foliant,08321160,2,0,84,14,FALSE,90,6,58,Male,0,4.636363636363637,3,Crowdfunding,White,United States,United States,Full-Time
445,2,access,lq_hf,low,high,Servora,e55a120c,2,18,130.8,14,FALSE,90,6,28,Male,2,4,6,"Private Equity fund, Stock Market, Government Bonds",Black,France,Ghana,Full-Time
446,8,access,lq_hf,low,high,Ironhall,3e0eedc2,3,30,120.7,11,FALSE,100,6,24,Male,5,4.909090909090909,6,"ETF or ETC, Government Bonds, Stock Market, Unit trusts, Options, Angel syndicate, Private Equity fund, Venture Capital fund, Crowdfunding, Other",White,United Kingdom,United Kingdom,Full-Time
447,7,access,lq_hf,low,high,Foliant,08321160,4,25,139,14,FALSE,72,5,41,Male,5,3.6363636363636362,5,"Stock Market, ETF or ETC, Government Bonds, Options, Private Equity fund, Unit trusts, Angel syndicate",White,United States,United States,Full-Time
448,3,access,lq_hf,low,high,Axonmesh,4fe27fae,3,35,119.4,14,FALSE,70,7,32,Male,2,4.545454545454546,3,"ETF or ETC, Stock Market, Options, Private Equity fund, Crowdfunding, Venture Capital fund",Black,United States,United States,Full-Time
449,5,access,lq_hf,low,high,Paperloom,84f4d358,2,30,125.4,14,FALSE,72,3,28,Male,2,3.4545454545454546,2,"ETF or ETC, Government Bonds, Stock Market, Crowdfunding",Asian,United States,United States,Full-Time
450,5,access,lq_hf,low,high,Paperloom,84f4d358,1,50,150.1,9,FALSE,64,6,50,Male,5,3.5454545454545454,5,"Stock Market, Crowdfunding",White,United States,United States,"Not in paid work (e.g. homemaker', 'retired or disabled)"
452,2,access,lq_hf,low,high,Servora,e55a120c,4,30,79.7,14,FALSE,69,5,22,Male,1,3.4545454545454546,5,"Crowdfunding, Stock Market",White,Brazil,Brazil,Unemployed (and job seeking)
453,1,access,lq_hf,low,high,Curato,37c0ca72,4,0,150.4,10,FALSE,38,2,54,Female,2,3.5454545454545454,2,Crowdfunding,White,United Kingdom,United Kingdom,Part-Time
455,8,access,lq_hf,low,high,Ironhall,3e0eedc2,4,5,82.2,9,FALSE,76,4,31,Female,2,3.8181818181818183,5,"ETF or ETC, Government Bonds, Stock Market, Angel syndicate, Options, Unit trusts, Venture Capital fund, Private Equity fund, Crowdfunding, Other",Black,Canada,Canada,Full-Time
458,1,access,lq_hf,low,high,Curato,37c0ca72,2,60,83,14,FALSE,86,5,37,Male,2,4.2727272727272725,2,"Stock Market, Private Equity fund",White,United Kingdom,United Kingdom,Full-Time
460,4,access,lq_hf,low,high,Sentyl,90a19744,2,15,100.6,14,FALSE,83,5,37,Male,7,4.2727272727272725,2,"ETF or ETC, Stock Market, Angel syndicate, Venture Capital fund, Crowdfunding",White,United Kingdom,United Kingdom,Full-Time
461,3,access,lq_hf,low,high,Axonmesh,4fe27fae,1,20,150.1,11,FALSE,56,4,31,Female,0,3.272727272727273,5,"Government Bonds, Stock Market, Venture Capital fund",White,United States,United States,Full-Time
462,7,access,lq_hf,low,high,Foliant,08321160,2,30,150.5,1,FALSE,78,5,36,Male,7,3.1818181818181817,6,"ETF or ETC, Stock Market, Venture Capital fund",White,United Kingdom,United Kingdom,Full-Time
463,3,access,lq_hf,low,high,Axonmesh,4fe27fae,2,10,72,14,FALSE,26,3,23,Female,4,4.636363636363637,4,"Stock Market, Venture Capital fund, Private Equity fund",Black,United States,United States,Full-Time
464,2,access,lq_hf,low,high,Servora,e55a120c,3,50,150.2,14,FALSE,69,4,39,Female,10,3.909090909090909,5,"Crowdfunding, Other",White,United Kingdom,United Kingdom,Full-Time
465,6,access,lq_hf,low,high,Pulsegrid,2055e10c,4,25,88.1,14,FALSE,76,5,39,Female,3,3.3636363636363638,1,"Crowdfunding, Government Bonds",White,United States,United States,"Not in paid work (e.g. homemaker', 'retired or disabled)"
467,6,access,lq_hf,low,high,Pulsegrid,2055e10c,2,15,150,12,FALSE,62,3,55,Female,0,3.3636363636363638,2,"Stock Market, Crowdfunding",White,France,Norway,Full-Time
468,1,access,lq_hf,low,high,Curato,37c0ca72,2,40,150,14,FALSE,39,3,35,Male,8,4.090909090909091,6,"Crowdfunding, Stock Market",Black,United Kingdom,United Kingdom,Full-Time
469,3,access,lq_hf,low,high,Axonmesh,4fe27fae,3,30,39.8,14,FALSE,70,5,41,Male,5,4.2727272727272725,3,"Government Bonds, Stock Market, ETF or ETC, Venture Capital fund, Unit trusts",Black,United States,United States,Part-Time
470,3,access,lq_hf,low,high,Axonmesh,4fe27fae,2,8,150.4,14,FALSE,35,5,35,Male,5,3.4545454545454546,2,"ETF or ETC, Government Bonds, Stock Market, Unit trusts, Angel syndicate, Options, Private Equity fund, Venture Capital fund, Crowdfunding, Other",Mixed,United States,United States,Full-Time
471,3,access,lq_hf,low,high,Axonmesh,4fe27fae,4,5,133.8,12,FALSE,37,3,45,Male,0,2.3636363636363638,4,"ETF or ETC, Stock Market, Crowdfunding",White,United States,United States,Full-Time
474,1,access,lq_hf,low,high,Curato,37c0ca72,4,20,150.1,12,FALSE,72,5,42,Male,2,3.090909090909091,5,"Government Bonds, ETF or ETC, Stock Market, Options, Private Equity fund, Other",Mixed,Brazil,Brazil,Part-Time
475,5,access,lq_hf,low,high,Paperloom,84f4d358,3,30,150,14,FALSE,89,5,53,Male,10,3.6363636363636362,5,"ETF or ETC, Stock Market, Unit trusts, Crowdfunding",White,United Kingdom,United Kingdom,Part-Time
476,5,access,lq_hf,low,high,Paperloom,84f4d358,2,10,122.9,14,FALSE,100,6,29,Male,2,4.2727272727272725,5,"Stock Market, Private Equity fund",Black,Canada,Canada,Part-Time
477,7,access,lq_hf,low,high,Foliant,08321160,1,0,150.2,14,FALSE,90,2,40,Male,10,3.909090909090909,5,"ETF or ETC, Stock Market, Government Bonds, Options, Private Equity fund",Mixed,United States,United States,Full-Time
479,4,access,lq_hf,low,high,Sentyl,90a19744,2,8,145.3,14,FALSE,90,4,21,Male,1,3.6363636363636362,2,"ETF or ETC, Stock Market, Private Equity fund, Government Bonds",White,United Kingdom,United Kingdom,Full-Time
480,7,access,lq_hf,low,high,Foliant,08321160,2,20,150.2,11,FALSE,79,6,30,Female,3,4.545454545454546,6,"ETF or ETC, Stock Market, Crowdfunding, Private Equity fund",Asian,United Kingdom,United Kingdom,Part-Time
481,8,access,lq_hf,low,high,Ironhall,3e0eedc2,4,20,138.9,14,FALSE,49,4,45,Male,5,4.454545454545454,1,"ETF or ETC, Government Bonds, Stock Market, Unit trusts, Private Equity fund, Crowdfunding",Black,Canada,Canada,Full-Time
483,1,access,lq_hf,low,high,Curato,37c0ca72,2,10,128.9,14,FALSE,100,4,37,Male,3,5,4,"Stock Market, Private Equity fund, Other, Government Bonds, Options",Asian,India,India,Full-Time
485,5,access,lq_hf,low,high,Paperloom,84f4d358,3,25,150.1,9,FALSE,80,5,34,Male,2,3.1818181818181817,4,"Stock Market, Venture Capital fund, Crowdfunding, ETF or ETC",Black,United States,United States,Part-Time
486,5,access,lq_hf,low,high,Paperloom,84f4d358,2,15,137.5,14,FALSE,100,6,46,Female,2,4.545454545454546,3,"Government Bonds, Private Equity fund",Asian,India,India,Unemployed (and job seeking)
487,4,access,lq_hf,low,high,Sentyl,90a19744,3,0,150.5,14,FALSE,33,4,45,Female,0,3.909090909090909,7,"ETF or ETC, Stock Market, Crowdfunding",White,United Kingdom,United Kingdom,Part-Time
491,4,access,lq_hf,low,high,Sentyl,90a19744,1,25,150,14,FALSE,90,6,25,Female,3,4.545454545454546,2,"ETF or ETC, Crowdfunding, Stock Market, Venture Capital fund, Options",Black,United States,Nigeria,Full-Time
493,8,access,lq_hf,low,high,Ironhall,3e0eedc2,2,25,150.1,14,FALSE,55,5,53,Female,8,3.727272727272727,2,"Stock Market, ETF or ETC, Private Equity fund",White,United States,United States,Full-Time
495,3,access,lq_hf,low,high,Axonmesh,4fe27fae,1,30,150.1,8,FALSE,96,6,34,Male,1,3.8181818181818183,1,"Stock Market, Crowdfunding, Options, Private Equity fund",White,United States,United States,Full-Time
497,1,access,lq_hf,low,high,Curato,37c0ca72,1,25,150.1,14,FALSE,79,6,32,Male,1,4.2727272727272725,7,"Government Bonds, Crowdfunding",Black,United States,Kenya,Part-Time
499,5,access,lq_hf,low,high,Paperloom,84f4d358,2,15,105.2,7,FALSE,100,4,31,Male,7,4.090909090909091,1,"ETF or ETC, Stock Market, Unit trusts, Angel syndicate, Private Equity fund",White,United States,United States,Full-Time
500,8,access,lq_hf,low,high,Ironhall,3e0eedc2,1,40,149.9,14,FALSE,75,6,59,Male,3,3.3636363636363638,3,"ETF or ETC, Stock Market, Unit trusts, Crowdfunding",White,United Kingdom,United Kingdom,Full-Time
501,6,access,lq_hf,low,high,Pulsegrid,2055e10c,3,15,67.8,14,FALSE,40,3,25,Male,2,3,1,"ETF or ETC, Stock Market, Private Equity fund, Crowdfunding",Asian,United Kingdom,United Kingdom,Unemployed (and job seeking)
502,7,access,lq_hf,low,high,Foliant,08321160,4,NA,105.9,14,TRUE,42,3,37,Male,0,4.181818181818182,2,"ETF or ETC, Government Bonds, Stock Market, Options, Private Equity fund, Venture Capital fund, Crowdfunding",White,United States,United States,Full-Time
503,7,access,lq_hf,low,high,Foliant,08321160,4,30,150.1,8,FALSE,61,6,29,Female,0,3.6363636363636362,3,"Government Bonds, Crowdfunding",Black,United Kingdom,United Kingdom,Part-Time
505,3,access,lq_hf,low,high,Axonmesh,4fe27fae,1,10,150,2,FALSE,100,3,39,Female,4,2.909090909090909,6,"Stock Market, Unit trusts, Other, Venture Capital fund",Black,Canada,Canada,Full-Time
507,5,access,lq_hf,low,high,Paperloom,84f4d358,2,40,36.6,14,FALSE,80,5,25,Female,1,3.909090909090909,3,"Stock Market, Crowdfunding, Unit trusts, ETF or ETC, Private Equity fund",Asian,United Kingdom,United Kingdom,Full-Time
511,7,access,lq_hf,low,high,Foliant,08321160,2,35,122.2,14,FALSE,75,5,32,Male,7,3.4545454545454546,5,"Stock Market, Private Equity fund, Crowdfunding, Venture Capital fund",Black,United Kingdom,United Kingdom,Full-Time
513,1,access,lq_hf,low,high,Curato,37c0ca72,3,15,100,13,FALSE,75,6,30,Male,5,3.8181818181818183,5,"ETF or ETC, Government Bonds, Stock Market, Angel syndicate",Black,United States,United States,Part-Time
518,6,access,lq_hf,low,high,Pulsegrid,2055e10c,3,20,72.8,14,FALSE,60,5,27,Male,0,4.181818181818182,5,"ETF or ETC, Stock Market, Private Equity fund",Mixed,United Kingdom,Turkey,Full-Time
521,5,access,lq_hf,low,high,Paperloom,84f4d358,2,15,149.9,13,FALSE,61,5,38,Male,2,3.6363636363636362,5,"Government Bonds, ETF or ETC, Stock Market, Crowdfunding, Private Equity fund, Options",White,Canada,Canada,Full-Time
1,3,access,hq_lf,high,low,Servora,574d1367,4,40,36.3,14,FALSE,33,5,31,Male,0,3.272727272727273,6,"ETF or ETC, Stock Market, Government Bonds, Crowdfunding",White,Germany,Germany,Full-Time
2,4,access,hq_lf,high,low,Axonmesh,e6065b1a,2,5,69.8,14,FALSE,19,3,54,Female,5,3.4545454545454546,3,"Stock Market, Crowdfunding, Other",White,United Kingdom,United Kingdom,Other
3,7,access,hq_lf,high,low,Pulsegrid,f5bfffe5,1,20,90.7,14,FALSE,26,4,39,Female,2,2.727272727272727,5,"ETF or ETC, Stock Market, Crowdfunding",White,United Kingdom,United Kingdom,Unemployed (and job seeking)
4,6,access,hq_lf,high,low,Paperloom,081e5fb5,4,10,83.2,14,FALSE,68,5,47,Male,10,4.181818181818182,4,"Government Bonds, Stock Market, Crowdfunding",White,United States,United States,Full-Time
5,5,access,hq_lf,high,low,Sentyl,0566fd88,3,0,42.6,14,FALSE,82,4,36,Male,1,2.909090909090909,1,"ETF or ETC, Government Bonds, Stock Market, Options, Crowdfunding, Other",White,Germany,Germany,Full-Time
6,7,access,hq_lf,high,low,Pulsegrid,f5bfffe5,1,20,74.1,14,FALSE,59,3,22,Female,1,3.4545454545454546,4,"Unit trusts, Stock Market, ETF or ETC, Options, Government Bonds, Crowdfunding",Asian,Singapore,Singapore,Unemployed (and job seeking)
9,5,access,hq_lf,high,low,Sentyl,0566fd88,4,45,98.8,14,FALSE,15,5,40,Female,0,4,6,"Stock Market, Crowdfunding",White,United States,United States,Full-Time
10,3,access,hq_lf,high,low,Servora,574d1367,1,20,143.9,14,FALSE,92,7,31,Male,4,3.909090909090909,3,"ETF or ETC, Stock Market, Unit trusts, Options, Private Equity fund, Venture Capital fund",White,United Kingdom,United Kingdom,Full-Time
11,6,access,hq_lf,high,low,Paperloom,081e5fb5,1,5,150.1,8,FALSE,64,5,44,Male,8,4.2727272727272725,1,"Government Bonds, Stock Market, Options, Venture Capital fund",Black,United States,United States,Full-Time
12,8,access,hq_lf,high,low,Foliant,fa1fe22c,4,50,49.9,14,FALSE,71,6,41,Male,2,3,3,"ETF or ETC, Government Bonds, Crowdfunding, Other, Stock Market",White,United Kingdom,United Kingdom,"Not in paid work (e.g. homemaker', 'retired or disabled)"
13,1,access,hq_lf,high,low,Ironhall,87b7dfe9,3,50,150.4,14,FALSE,30,5,37,Female,1,2.727272727272727,7,"Stock Market, Crowdfunding, Other",White,France,France,Full-Time
14,8,access,hq_lf,high,low,Foliant,fa1fe22c,2,20,81.3,14,FALSE,37,3,37,Male,4,3.8181818181818183,2,"Government Bonds, Stock Market, Crowdfunding",White,United States,United States,Unemployed (and job seeking)
15,2,access,hq_lf,high,low,Curato,cbc833b1,4,20,128,14,FALSE,14,6,22,Male,4,4.363636363636363,7,"Options, Angel syndicate, Unit trusts, Stock Market, Government Bonds, ETF or ETC, Crowdfunding",Asian,India,India,Full-Time
16,5,access,hq_lf,high,low,Sentyl,0566fd88,2,40,91.9,8,FALSE,0,3,68,Male,0,3.5454545454545454,6,"Stock Market, Private Equity fund",White,United States,United States,"Not in paid work (e.g. homemaker', 'retired or disabled)"
17,2,access,hq_lf,high,low,Curato,cbc833b1,4,25,64.8,14,FALSE,63,5,31,Male,4,3.727272727272727,5,"Stock Market, Private Equity fund, Crowdfunding, Venture Capital fund, Government Bonds, ETF or ETC, Unit trusts",Black,United Kingdom,United Kingdom,Part-Time
18,4,access,hq_lf,high,low,Axonmesh,e6065b1a,4,5,145.7,14,FALSE,25,2,33,Female,2,4.454545454545454,4,"Options, Crowdfunding, Stock Market, Government Bonds, ETF or ETC",White,United Kingdom,Hungary,Full-Time
19,3,access,hq_lf,high,low,Servora,574d1367,4,35,79.3,14,FALSE,3,2,33,Female,4,4.090909090909091,6,"Stock Market, Crowdfunding, Government Bonds",White,United Kingdom,United Kingdom,Full-Time
21,1,access,hq_lf,high,low,Ironhall,87b7dfe9,3,50,59.9,14,FALSE,82,6,39,Male,0,3.272727272727273,3,"Stock Market, Crowdfunding",White,United States,United States,Part-Time
22,1,access,hq_lf,high,low,Ironhall,87b7dfe9,2,10,52.8,4,FALSE,21,5,48,Male,0,4.090909090909091,3,"Stock Market, Private Equity fund, Crowdfunding",White,United States,United States,Full-Time
23,1,access,hq_lf,high,low,Ironhall,87b7dfe9,1,30,150.6,12,FALSE,68,6,43,Female,2,4.363636363636363,3,"ETF or ETC, Stock Market, Government Bonds, Crowdfunding",Black,United States,United States,Full-Time
24,4,access,hq_lf,high,low,Axonmesh,e6065b1a,3,15,49.1,14,FALSE,100,4,37,Male,2,3.909090909090909,1,"ETF or ETC, Stock Market, Private Equity fund",Asian,Germany,Germany,Part-Time
25,8,access,hq_lf,high,low,Foliant,fa1fe22c,4,10,150.2,14,FALSE,35,3,59,Female,10,3.8181818181818183,2,Crowdfunding,Other,United Kingdom,United States,NA
27,6,access,hq_lf,high,low,Paperloom,081e5fb5,4,45,104.3,14,FALSE,66,5,36,Male,2,3.909090909090909,5,"ETF or ETC, Government Bonds, Stock Market, Private Equity fund, Crowdfunding, Venture Capital fund, Options",Black,United States,United States,Full-Time
29,6,access,hq_lf,high,low,Paperloom,081e5fb5,1,25,76.9,14,FALSE,19,5,49,Female,0,2.4545454545454546,4,"ETF or ETC, Crowdfunding",White,United Kingdom,United Kingdom,Full-Time
31,5,access,hq_lf,high,low,Sentyl,0566fd88,4,30,25.8,14,FALSE,98,7,37,Male,2,4,2,"Stock Market, Private Equity fund, Government Bonds",Black,United Kingdom,United Kingdom,Full-Time
32,6,access,hq_lf,high,low,Paperloom,081e5fb5,2,30,138.6,14,FALSE,100,6,33,Male,4,3.272727272727273,1,Private Equity fund,White,Brazil,Brazil,Full-Time
33,7,access,hq_lf,high,low,Pulsegrid,f5bfffe5,4,30,127.8,14,FALSE,32,7,31,Male,2,3.8181818181818183,3,"ETF or ETC, Government Bonds, Stock Market, Private Equity fund, Venture Capital fund",White,Canada,Canada,Full-Time
34,8,access,hq_lf,high,low,Foliant,fa1fe22c,2,60,148.8,14,FALSE,36,6,31,Male,2,3,4,"Stock Market, Crowdfunding",White,United Kingdom,United Kingdom,Full-Time
35,6,access,hq_lf,high,low,Paperloom,081e5fb5,4,45,89.3,14,FALSE,89,7,36,Female,8,3.727272727272727,4,Crowdfunding,Black,United Kingdom,United Kingdom,Unemployed (and job seeking)
38,6,access,hq_lf,high,low,Paperloom,081e5fb5,4,20,5.1,14,FALSE,16,6,31,Male,5,3.6363636363636362,5,"Government Bonds, ETF or ETC, Stock Market, Unit trusts, Angel syndicate, Options, Private Equity fund, Venture Capital fund, Crowdfunding",Black,United States,United States,Full-Time
39,8,access,hq_lf,high,low,Foliant,fa1fe22c,4,25,21.6,14,FALSE,35,5,25,Female,2,4.454545454545454,4,"Government Bonds, Stock Market, Private Equity fund, Crowdfunding",Black,United States,United States,Full-Time
41,7,access,hq_lf,high,low,Pulsegrid,f5bfffe5,4,50,95,14,FALSE,60,6,57,Male,0,3.272727272727273,2,"Stock Market, Crowdfunding, ETF or ETC, Options, Other",White,United States,United States,Full-Time
42,1,access,hq_lf,high,low,Ironhall,87b7dfe9,4,26,7.5,1,FALSE,36,4,55,Female,0,3.272727272727273,2,"Stock Market, Private Equity fund",White,United Kingdom,United Kingdom,Part-Time
43,7,access,hq_lf,high,low,Pulsegrid,f5bfffe5,3,0,15.8,14,FALSE,46,3,65,Female,10,4,5,"ETF or ETC, Government Bonds, Stock Market, Unit trusts, Private Equity fund",White,United States,United States,Full-Time
44,7,access,hq_lf,high,low,Pulsegrid,f5bfffe5,3,15,142.8,14,FALSE,60,4,21,Male,1,3.8181818181818183,5,"Stock Market, Crowdfunding, ETF or ETC",White,United Kingdom,United Kingdom,Part-Time
45,6,access,hq_lf,high,low,Paperloom,081e5fb5,2,5,48.8,14,FALSE,45,4,49,Male,9,4.090909090909091,5,"ETF or ETC, Stock Market, Government Bonds, Private Equity fund, Crowdfunding, Venture Capital fund",White,United Kingdom,United Kingdom,Full-Time
46,4,access,hq_lf,high,low,Axonmesh,e6065b1a,4,25,139.8,14,FALSE,61,4,34,Male,11,3.4545454545454546,2,"ETF or ETC, Government Bonds, Stock Market, Private Equity fund, Angel syndicate, Venture Capital fund, Crowdfunding",White,United Kingdom,United Kingdom,Full-Time
47,3,access,hq_lf,high,low,Servora,574d1367,4,0,71.7,14,FALSE,26,2,34,Male,2,2.1818181818181817,5,"Stock Market, ETF or ETC, Government Bonds, Unit trusts, Angel syndicate, Options, Private Equity fund, Venture Capital fund, Crowdfunding, Other",White,United Kingdom,United Kingdom,Full-Time
49,4,access,hq_lf,high,low,Axonmesh,e6065b1a,2,40,84.5,14,FALSE,39,3,29,Male,3,2.727272727272727,5,"Stock Market, Crowdfunding, Other",Mixed,United Kingdom,United Kingdom,Part-Time
50,1,access,hq_lf,high,low,Ironhall,87b7dfe9,1,30,149.9,14,FALSE,26,5,35,Male,0,4.363636363636363,5,"Stock Market, Crowdfunding",Asian,United Kingdom,United Kingdom,Full-Time
51,8,access,hq_lf,high,low,Foliant,fa1fe22c,2,5,84.1,14,FALSE,11,4,32,Male,2,4.636363636363637,5,"ETF or ETC, Government Bonds, Stock Market, Venture Capital fund",White,United States,United States,Part-Time
53,7,access,hq_lf,high,low,Pulsegrid,f5bfffe5,3,25,21.2,3,FALSE,90,7,39,Male,0,3.8181818181818183,3,"Stock Market, Options, Crowdfunding",White,United States,United States,Full-Time
54,1,access,hq_lf,high,low,Ironhall,87b7dfe9,1,50,150.5,9,FALSE,35,5,31,Male,5,3.4545454545454546,2,"Options, Crowdfunding, Stock Market, Government Bonds, ETF or ETC",White,United States,United States,Part-Time
57,3,access,hq_lf,high,low,Servora,574d1367,4,10,141.5,14,FALSE,22,5,29,Male,1,3.5454545454545454,6,"Crowdfunding, Venture Capital fund, Private Equity fund, Options, Stock Market, Government Bonds, ETF or ETC",Black,United Kingdom,Netherlands,Full-Time
59,7,access,hq_lf,high,low,Pulsegrid,f5bfffe5,1,5,135.2,14,FALSE,0,1,34,Male,10,3.909090909090909,6,"ETF or ETC, Government Bonds, Stock Market, Options, Private Equity fund, Crowdfunding, Other",Asian,United Kingdom,United Kingdom,Full-Time
60,1,access,hq_lf,high,low,Ironhall,87b7dfe9,3,30,150,14,FALSE,42,4,39,Male,2,3,1,"Stock Market, Private Equity fund",White,United States,United States,Full-Time
61,2,access,hq_lf,high,low,Curato,cbc833b1,3,30,149.9,14,FALSE,75,5,27,Male,1,3.1818181818181817,5,"Stock Market, Options, Angel syndicate, Private Equity fund, Government Bonds, ETF or ETC, Unit trusts, Crowdfunding",Asian,India,India,Part-Time
62,6,access,hq_lf,high,low,Paperloom,081e5fb5,4,50,150.2,14,FALSE,64,6,44,Female,0,3,3,"ETF or ETC, Stock Market, Crowdfunding",White,United States,United States,Full-Time
63,2,access,hq_lf,high,low,Curato,cbc833b1,4,30,16.9,14,FALSE,59,5,28,Female,4,4.2727272727272725,6,"Stock Market, ETF or ETC, Private Equity fund, Government Bonds",Black,Canada,Canada,Full-Time
64,2,access,hq_lf,high,low,Curato,cbc833b1,2,0,73.1,14,FALSE,0,4,68,Female,0,3.1818181818181817,1,"Government Bonds, Crowdfunding",Other,United States,United States,"Not in paid work (e.g. homemaker', 'retired or disabled)"
65,4,access,hq_lf,high,low,Axonmesh,e6065b1a,3,25,103.5,14,FALSE,64,5,39,Male,0,4,1,"ETF or ETC, Government Bonds, Stock Market, Private Equity fund, Crowdfunding",Black,United States,United States,Unemployed (and job seeking)
66,8,access,hq_lf,high,low,Foliant,fa1fe22c,1,0,149.9,14,FALSE,100,3,53,Male,10,4.181818181818182,1,"ETF or ETC, Stock Market, Venture Capital fund, Crowdfunding",White,United Kingdom,United Kingdom,Full-Time
68,3,access,hq_lf,high,low,Servora,574d1367,3,35,9.8,14,FALSE,79,3,38,Male,8,4,4,"ETF or ETC, Government Bonds, Stock Market, Unit trusts, Options, Private Equity fund, Venture Capital fund, Crowdfunding",White,Brazil,Brazil,Part-Time
69,5,access,hq_lf,high,low,Sentyl,0566fd88,2,40,131.6,14,FALSE,92,7,26,Female,0,3.6363636363636362,1,"ETF or ETC, Government Bonds, Stock Market, Options, Private Equity fund, Venture Capital fund, Crowdfunding",White,United Kingdom,United Kingdom,Other
71,1,access,hq_lf,high,low,Ironhall,87b7dfe9,1,35,50.4,1,FALSE,26,5,60,Male,0,4.181818181818182,3,"Government Bonds, Stock Market, Crowdfunding",White,United States,United States,"Not in paid work (e.g. homemaker', 'retired or disabled)"
72,6,access,hq_lf,high,low,Paperloom,081e5fb5,2,40,150.2,14,FALSE,49,5,21,Male,1,3.090909090909091,5,"ETF or ETC, Stock Market, Government Bonds, Unit trusts, Options, Angel syndicate, Private Equity fund, Venture Capital fund, Crowdfunding",White,France,France,Part-Time
74,2,access,hq_lf,high,low,Curato,cbc833b1,1,40,150.2,13,FALSE,32,5,28,Female,0,3.090909090909091,4,"Stock Market, Options, Crowdfunding",Asian,United States,United States,Unemployed (and job seeking)
75,2,access,hq_lf,high,low,Curato,cbc833b1,3,40,121.5,14,FALSE,41,5,30,Male,6,3.8181818181818183,2,"ETF or ETC, Stock Market, Options, Private Equity fund, Government Bonds, Crowdfunding",White,Brazil,Brazil,Full-Time
77,3,access,hq_lf,high,low,Servora,574d1367,2,15,82.4,14,FALSE,24,5,64,Female,10,4.090909090909091,6,"Government Bonds, Crowdfunding",White,United Kingdom,United Kingdom,Full-Time
78,3,access,hq_lf,high,low,Servora,574d1367,2,15,140.9,14,FALSE,27,6,50,Male,15,3.909090909090909,5,"Government Bonds, Stock Market, Private Equity fund, Crowdfunding",White,France,France,Full-Time
80,4,access,hq_lf,high,low,Axonmesh,e6065b1a,2,40,79.9,14,FALSE,70,6,70,Male,10,3.6363636363636362,3,"Government Bonds, Stock Market, Private Equity fund",White,United Kingdom,United Kingdom,"Not in paid work (e.g. homemaker', 'retired or disabled)"
82,5,access,hq_lf,high,low,Sentyl,0566fd88,2,10,72.4,14,FALSE,77,6,26,Male,3,4.2727272727272725,1,"ETF or ETC, Stock Market, Government Bonds, Options, Crowdfunding",Mixed,United Kingdom,United Kingdom,Full-Time
83,6,access,hq_lf,high,low,Paperloom,081e5fb5,1,60,150.1,8,FALSE,93,7,36,Female,1,4.7272727272727275,1,"Government Bonds, Crowdfunding",White,United Kingdom,United Kingdom,Full-Time
84,5,access,hq_lf,high,low,Sentyl,0566fd88,1,65,150.5,4,FALSE,83,7,36,Male,2,3.3636363636363638,5,"Government Bonds, Stock Market, Options, Venture Capital fund, Crowdfunding",White,United States,United States,Unemployed (and job seeking)
85,8,access,hq_lf,high,low,Foliant,fa1fe22c,3,50,145,14,FALSE,85,6,41,Male,10,3.6363636363636362,4,"Government Bonds, Stock Market, Options, Private Equity fund, Venture Capital fund",Asian,United Kingdom,United Kingdom,Full-Time
86,8,access,hq_lf,high,low,Foliant,fa1fe22c,3,20,120.9,14,FALSE,30,3,43,Male,10,3.3636363636363638,5,"Stock Market, ETF or ETC, Private Equity fund, Venture Capital fund, Crowdfunding",White,United Kingdom,United Kingdom,Full-Time
88,1,access,hq_lf,high,low,Ironhall,87b7dfe9,3,80,31.1,14,FALSE,100,7,55,Male,20,2.6363636363636362,1,"Stock Market, ETF or ETC, Crowdfunding, Other",White,United States,United States,Other
89,4,access,hq_lf,high,low,Axonmesh,e6065b1a,1,20,150.2,14,FALSE,32,5,22,Male,0,3.1818181818181817,6,"Crowdfunding, Stock Market, Government Bonds",White,United Kingdom,United Kingdom,Full-Time
90,3,access,hq_lf,high,low,Servora,574d1367,4,28,150.1,14,FALSE,84,4,32,Female,5,4.090909090909091,1,"Stock Market, Private Equity fund, Crowdfunding, Venture Capital fund",Black,United Kingdom,Nigeria,Full-Time
92,3,access,hq_lf,high,low,Servora,574d1367,1,45,145.2,14,FALSE,75,6,50,Male,5,4.545454545454546,1,"Stock Market, Venture Capital fund, Crowdfunding, Government Bonds",White,United States,United States,Full-Time
93,7,access,hq_lf,high,low,Pulsegrid,f5bfffe5,4,30,54.8,14,FALSE,60,5,33,Male,2,3.3636363636363638,4,"Stock Market, Other, Private Equity fund",Black,United States,United States,Full-Time
94,8,access,hq_lf,high,low,Foliant,fa1fe22c,1,20,150.1,2,FALSE,80,6,31,Male,4,3.4545454545454546,5,"Government Bonds, Private Equity fund, Venture Capital fund",Black,United Kingdom,Nigeria,Full-Time
96,8,access,hq_lf,high,low,Foliant,fa1fe22c,4,25,105.3,14,FALSE,62,6,39,Male,4,4.2727272727272725,2,"Stock Market, Private Equity fund, Crowdfunding, Venture Capital fund",Black,United States,Nigeria,Part-Time
97,2,access,hq_lf,high,low,Curato,cbc833b1,4,10,150,14,FALSE,8,2,40,Male,0,4.818181818181818,2,"ETF or ETC, Government Bonds, Stock Market, Options, Private Equity fund",Asian,United States,United States,Full-Time
98,5,access,hq_lf,high,low,Sentyl,0566fd88,4,35,150.1,13,FALSE,34,6,42,Male,0,3.6363636363636362,3,"Stock Market, Crowdfunding",White,United States,United States,Full-Time
99,7,access,hq_lf,high,low,Pulsegrid,f5bfffe5,4,35,88,14,FALSE,75,5,36,Other,18,3.909090909090909,3,"ETF or ETC, Stock Market, Crowdfunding",White,United States,United States,Full-Time
102,6,access,hq_lf,high,low,Paperloom,081e5fb5,4,25,93.5,14,FALSE,65,5,38,Male,1,3.1818181818181817,5,"ETF or ETC, Government Bonds, Unit trusts, Crowdfunding, Venture Capital fund, Stock Market",White,United Kingdom,United Kingdom,Full-Time
103,7,access,hq_lf,high,low,Pulsegrid,f5bfffe5,3,20,57.1,14,FALSE,87,3,36,Male,1,3,4,"ETF or ETC, Private Equity fund",Black,Canada,South Africa,Full-Time
104,4,access,hq_lf,high,low,Axonmesh,e6065b1a,2,5,149.3,14,FALSE,8,2,39,Male,2,4,4,"Government Bonds, Stock Market, Crowdfunding",White,United States,United States,Full-Time
105,2,access,hq_lf,high,low,Curato,cbc833b1,3,40,149.9,14,FALSE,41,5,54,Female,10,3.5454545454545454,5,"ETF or ETC, Stock Market, Government Bonds, Options, Private Equity fund",White,United Kingdom,United Kingdom,NA
106,5,access,hq_lf,high,low,Sentyl,0566fd88,2,40,93.3,14,FALSE,99,7,32,Male,3,4.363636363636363,2,"Stock Market, ETF or ETC, Private Equity fund",White,United States,United States,Part-Time
107,3,access,hq_lf,high,low,Servora,574d1367,1,25,115.2,14,FALSE,0,2,21,Female,2,5,4,"Government Bonds, Stock Market, Venture Capital fund, Crowdfunding, Private Equity fund, Angel syndicate, Unit trusts, Options, ETF or ETC",Black,United States,United States,Full-Time
108,7,access,hq_lf,high,low,Pulsegrid,f5bfffe5,3,50,143.2,14,FALSE,42,6,30,Male,5,4.090909090909091,3,"ETF or ETC, Government Bonds, Stock Market, Options, Crowdfunding, Other",Asian,India,India,Full-Time
109,3,access,hq_lf,high,low,Servora,574d1367,1,30,79.7,14,FALSE,52,5,28,Female,4,5,1,"ETF or ETC, Stock Market, Crowdfunding, Private Equity fund, Government Bonds",Black,United States,United States,Unemployed (and job seeking)
110,3,access,hq_lf,high,low,Servora,574d1367,4,30,132.7,14,FALSE,14,6,47,Male,0,3.272727272727273,2,"Private Equity fund, ETF or ETC, Stock Market",White,United States,United States,Part-Time
111,3,access,hq_lf,high,low,Servora,574d1367,1,10,27.7,14,FALSE,19,2,31,Female,5,4.181818181818182,1,"ETF or ETC, Unit trusts, Options, Angel syndicate, Stock Market, Private Equity fund, Crowdfunding, Venture Capital fund",Black,United States,United States,Full-Time
112,5,access,hq_lf,high,low,Sentyl,0566fd88,2,10,135.1,14,FALSE,18,6,59,Male,3,3.5454545454545454,5,"ETF or ETC, Government Bonds, Stock Market, Options, Crowdfunding, Other",Mixed,United States,United States,"Not in paid work (e.g. homemaker', 'retired or disabled)"
114,3,access,hq_lf,high,low,Servora,574d1367,3,25,26,14,FALSE,49,5,43,Female,1,2.4545454545454546,2,"Stock Market, Crowdfunding",White,United States,United States,Full-Time
115,2,access,hq_lf,high,low,Curato,cbc833b1,1,30,143.2,14,FALSE,41,5,33,Male,0,3.8181818181818183,3,Crowdfunding,White,United Kingdom,United Kingdom,Part-Time
116,5,access,hq_lf,high,low,Sentyl,0566fd88,1,20,149.9,13,FALSE,42,4,53,Female,0,2.4545454545454546,5,"Stock Market, Options, Crowdfunding",Mixed,United States,France,Full-Time
119,4,access,hq_lf,high,low,Axonmesh,e6065b1a,4,20,42.9,14,FALSE,24,1,22,Male,4,4.090909090909091,1,"ETF or ETC, Private Equity fund, Government Bonds, Other",White,Brazil,Brazil,Full-Time
120,5,access,hq_lf,high,low,Sentyl,0566fd88,3,30,14.5,14,FALSE,32,4,27,Female,4,3.4545454545454546,5,"Stock Market, Private Equity fund, Crowdfunding",Black,United Kingdom,United Kingdom,Unemployed (and job seeking)
121,7,access,hq_lf,high,low,Pulsegrid,f5bfffe5,2,30,116.6,14,FALSE,51,4,49,Female,0,3,4,"Crowdfunding, Stock Market",White,United States,United States,Full-Time
122,8,access,hq_lf,high,low,Foliant,fa1fe22c,4,25,100,14,FALSE,39,4,60,Female,15,3.4545454545454546,3,Crowdfunding,White,United Kingdom,United Kingdom,Full-Time
123,4,access,hq_lf,high,low,Axonmesh,e6065b1a,3,10,150,14,FALSE,14,5,54,Male,3,4.090909090909091,5,"Government Bonds, Stock Market, Crowdfunding",Asian,India,India,Full-Time
124,6,access,hq_lf,high,low,Paperloom,081e5fb5,4,40,97.5,14,FALSE,60,4,53,Male,5,4.363636363636363,3,"ETF or ETC, Stock Market, Crowdfunding",White,United Kingdom,United Kingdom,Full-Time
125,8,access,hq_lf,high,low,Foliant,fa1fe22c,1,20,147.2,14,FALSE,100,7,35,Male,3,4.2727272727272725,1,"Unit trusts, Stock Market, Venture Capital fund",Black,United States,United States,Unemployed (and job seeking)
127,2,access,hq_lf,high,low,Curato,cbc833b1,2,10,150.1,11,FALSE,23,2,26,Male,0,3.4545454545454546,3,"Stock Market, Crowdfunding",White,United Kingdom,United Kingdom,Other
128,5,access,hq_lf,high,low,Sentyl,0566fd88,3,0,74.6,14,FALSE,91,3,36,Male,5,4.090909090909091,1,"Stock Market, Crowdfunding",White,United States,United States,Part-Time
129,4,access,hq_lf,high,low,Axonmesh,e6065b1a,3,25,121.8,14,FALSE,63,3,30,Female,4,3.8181818181818183,3,"Private Equity fund, Government Bonds, Stock Market",White,United Kingdom,Poland,NA
132,3,access,hq_lf,high,low,Servora,574d1367,4,10,12.8,6,FALSE,32,4,65,Male,0,3.727272727272727,1,"ETF or ETC, Government Bonds, Stock Market, Crowdfunding",White,United States,United States,Part-Time
133,3,access,hq_lf,high,low,Servora,574d1367,1,60,137.1,14,FALSE,23,7,25,Male,0,4,1,"Stock Market, Government Bonds, ETF or ETC, Crowdfunding",Mixed,United Kingdom,United Kingdom,Full-Time
136,1,access,hq_lf,high,low,Ironhall,87b7dfe9,3,35,150,14,FALSE,59,2,38,Male,1,2.3636363636363638,6,Crowdfunding,White,United States,United States,Full-Time
137,7,access,hq_lf,high,low,Pulsegrid,f5bfffe5,2,20,91.5,14,FALSE,49,7,29,Male,2,4.090909090909091,2,"Crowdfunding, Venture Capital fund, Stock Market, Other",Asian,India,India,Part-Time
138,5,access,hq_lf,high,low,Sentyl,0566fd88,4,30,103.1,14,FALSE,68,5,22,Male,3,4.2727272727272725,3,"Government Bonds, Stock Market, Crowdfunding, Private Equity fund",Black,United States,United States,Full-Time
140,1,access,hq_lf,high,low,Ironhall,87b7dfe9,1,55,64.5,14,FALSE,57,5,23,Female,1,3,6,"ETF or ETC, Stock Market, Options, Crowdfunding, Government Bonds",White,United States,Romania,Full-Time
141,7,access,hq_lf,high,low,Pulsegrid,f5bfffe5,1,40,37.4,14,FALSE,39,5,44,Male,10,3.4545454545454546,3,"Government Bonds, Stock Market, Private Equity fund",Black,United States,United States,Full-Time
144,4,access,hq_lf,high,low,Axonmesh,e6065b1a,2,25,9.2,14,FALSE,59,3,47,Female,2,2.8181818181818183,4,"Stock Market, Government Bonds, Private Equity fund, Crowdfunding",Black,United States,United States,Full-Time
145,1,access,hq_lf,high,low,Ironhall,87b7dfe9,3,50,61.2,13,FALSE,8,7,39,Male,2,4.181818181818182,1,"Stock Market, Options, Crowdfunding",White,United Kingdom,United Kingdom,Full-Time
146,1,access,hq_lf,high,low,Ironhall,87b7dfe9,1,0,150.1,12,FALSE,92,5,36,Male,0,3.5454545454545454,2,"Stock Market, Government Bonds, Crowdfunding",White,United Kingdom,United Kingdom,Full-Time
147,1,access,hq_lf,high,low,Ironhall,87b7dfe9,3,5,146.9,2,FALSE,33,3,27,Male,2,3.8181818181818183,5,"Stock Market, Government Bonds, Options, Private Equity fund, ETF or ETC",White,United Kingdom,United Kingdom,Full-Time
148,4,access,hq_lf,high,low,Axonmesh,e6065b1a,4,30,12.1,2,FALSE,33,4,25,Female,3,4.090909090909091,5,"Stock Market, Private Equity fund, Government Bonds",Asian,India,India,Full-Time
151,8,access,hq_lf,high,low,Foliant,fa1fe22c,2,60,62.1,14,FALSE,91,6,47,Male,0,4.181818181818182,4,"ETF or ETC, Stock Market, Government Bonds, Crowdfunding",White,United States,United States,Full-Time
154,4,access,hq_lf,high,low,Axonmesh,e6065b1a,3,30,138.2,14,FALSE,76,7,44,Female,0,2.3636363636363638,3,"ETF or ETC, Government Bonds, Crowdfunding, Other",Mixed,France,France,Part-Time
155,8,access,hq_lf,high,low,Foliant,fa1fe22c,1,21,150.1,14,FALSE,42,6,34,Male,5,4.363636363636363,5,"Stock Market, Private Equity fund, Crowdfunding, Government Bonds, ETF or ETC",Black,Canada,Canada,Full-Time
156,5,access,hq_lf,high,low,Sentyl,0566fd88,2,30,150.1,13,FALSE,32,4,49,Male,5,4.818181818181818,6,"Stock Market, Crowdfunding, Private Equity fund",Asian,United States,United Kingdom,Full-Time
159,2,access,hq_lf,high,low,Curato,cbc833b1,1,25,145.7,14,FALSE,0,3,36,Male,7,3.3636363636363638,5,"ETF or ETC, Stock Market, Private Equity fund, Crowdfunding",Asian,Canada,Canada,Full-Time
160,5,access,hq_lf,high,low,Sentyl,0566fd88,3,0,14.4,14,FALSE,73,5,34,Female,5,4.545454545454546,1,"Stock Market, ETF or ETC, Options, Venture Capital fund",Asian,India,India,Full-Time
162,3,access,hq_lf,high,low,Servora,574d1367,4,10,39.2,14,FALSE,14,2,32,Female,3,4.181818181818182,1,"Private Equity fund, ETF or ETC, Government Bonds, Stock Market, Options, Other",White,United Kingdom,United Kingdom,Full-Time
163,3,access,hq_lf,high,low,Servora,574d1367,1,45,150.1,13,FALSE,43,6,28,Male,0,3.3636363636363638,4,"Stock Market, Crowdfunding",White,United States,United States,Part-Time
164,7,access,hq_lf,high,low,Pulsegrid,f5bfffe5,4,10,56.3,14,FALSE,34,3,52,Male,8,3.090909090909091,1,"Stock Market, Crowdfunding",White,United Kingdom,United Kingdom,Part-Time
165,8,access,hq_lf,high,low,Foliant,fa1fe22c,1,15,147,14,FALSE,32,4,26,Male,8,4.090909090909091,2,"ETF or ETC, Government Bonds, Stock Market, Venture Capital fund, Crowdfunding",Black,Canada,Canada,Part-Time
166,4,access,hq_lf,high,low,Axonmesh,e6065b1a,1,40,150.1,12,FALSE,89,6,36,Female,4,4.545454545454546,5,"Stock Market, Unit trusts, Venture Capital fund",White,United States,United States,Part-Time
167,2,access,hq_lf,high,low,Curato,cbc833b1,1,5,149.9,14,FALSE,85,5,25,Male,3,4.636363636363637,1,"ETF or ETC, Stock Market, Private Equity fund",Asian,India,India,Part-Time
168,4,access,hq_lf,high,low,Axonmesh,e6065b1a,4,10,18.4,14,FALSE,32,4,37,Female,2,4.2727272727272725,1,"Crowdfunding, Other",White,France,France,Full-Time
169,5,access,hq_lf,high,low,Sentyl,0566fd88,2,45,56.9,14,FALSE,76,6,42,Female,9,4.454545454545454,2,"Government Bonds, Stock Market, Unit trusts, Private Equity fund, Venture Capital fund, Crowdfunding",White,United Kingdom,United Kingdom,Full-Time
170,8,access,hq_lf,high,low,Foliant,fa1fe22c,1,5,150.1,14,FALSE,23,3,32,Male,2,4.181818181818182,3,"Stock Market, Government Bonds, Crowdfunding",Black,United Kingdom,United Kingdom,Full-Time
171,4,access,hq_lf,high,low,Axonmesh,e6065b1a,3,15,54.7,14,FALSE,47,4,53,Female,4,4,4,"Stock Market, Private Equity fund, Crowdfunding",White,United States,Italy,Full-Time
172,2,access,hq_lf,high,low,Curato,cbc833b1,4,30,71,14,FALSE,99,3,49,Female,2,4.363636363636363,1,"Government Bonds, Stock Market, Private Equity fund, Unit trusts",Asian,India,India,Other
175,8,access,hq_lf,high,low,Foliant,fa1fe22c,3,30,113.3,14,FALSE,58,2,62,Female,9,3.8181818181818183,1,"Private Equity fund, Stock Market, Government Bonds, Venture Capital fund",White,United Kingdom,United Kingdom,Full-Time
176,7,access,hq_lf,high,low,Pulsegrid,f5bfffe5,3,20,4.4,1,FALSE,51,5,27,Male,2,3.909090909090909,6,"Stock Market, Government Bonds, Crowdfunding",White,United States,United States,Full-Time
177,5,access,hq_lf,high,low,Sentyl,0566fd88,2,20,87.7,14,FALSE,48,6,38,Male,6,4.909090909090909,1,"ETF or ETC, Government Bonds, Stock Market, Venture Capital fund, Crowdfunding, Private Equity fund",White,United States,United States,Full-Time
178,1,access,hq_lf,high,low,Ironhall,87b7dfe9,3,25,56.5,14,FALSE,42,4,29,Male,3,3.909090909090909,4,"Stock Market, Private Equity fund, Government Bonds",Black,Canada,Kenya,Full-Time
179,1,access,hq_lf,high,low,Ironhall,87b7dfe9,4,20,47,7,FALSE,39,5,42,Male,5,4.090909090909091,6,"Stock Market, ETF or ETC, Private Equity fund",Black,United States,United States,Part-Time
180,5,access,hq_lf,high,low,Sentyl,0566fd88,2,60,54.1,14,FALSE,80,6,29,Male,2,3.5454545454545454,4,"ETF or ETC, Stock Market, Private Equity fund, Venture Capital fund, Crowdfunding, Options",White,United States,United States,Full-Time
181,6,access,hq_lf,high,low,Paperloom,081e5fb5,4,15,150,14,FALSE,33,5,41,Male,5,3.8181818181818183,2,"ETF or ETC, Private Equity fund, Stock Market, Crowdfunding, Unit trusts, Government Bonds",White,United Kingdom,United Kingdom,Full-Time
182,4,access,hq_lf,high,low,Axonmesh,e6065b1a,1,30,142.6,14,FALSE,100,5,42,Male,20,3.6363636363636362,5,"ETF or ETC, Government Bonds, Stock Market, Private Equity fund",White,United Kingdom,United Kingdom,Full-Time
184,4,access,hq_lf,high,low,Axonmesh,e6065b1a,4,10,114.3,14,FALSE,5,2,70,Male,6,4.181818181818182,1,"Crowdfunding, Options, Unit trusts, Stock Market, Government Bonds",White,United Kingdom,United Kingdom,"Not in paid work (e.g. homemaker', 'retired or disabled)"
185,7,access,hq_lf,high,low,Pulsegrid,f5bfffe5,1,30,150,8,FALSE,63,5,38,Female,4,4.090909090909091,5,"Stock Market, Crowdfunding, Government Bonds, ETF or ETC",Black,United States,United States,Full-Time
186,5,access,hq_lf,high,low,Sentyl,0566fd88,3,30,150,14,FALSE,76,5,34,Female,7,3.090909090909091,2,"ETF or ETC, Government Bonds, Stock Market, Options, Venture Capital fund, Crowdfunding, Private Equity fund",Black,United States,United States,Part-Time
187,4,access,hq_lf,high,low,Axonmesh,e6065b1a,3,25,150.1,14,FALSE,28,3,65,Male,2,3.727272727272727,5,"Stock Market, Private Equity fund, Options",White,United States,United States,Full-Time
188,1,access,hq_lf,high,low,Ironhall,87b7dfe9,3,20,44.4,14,FALSE,44,5,40,Male,5,3.3636363636363638,1,"Government Bonds, Stock Market, Crowdfunding, Venture Capital fund, Private Equity fund",Black,United Kingdom,United Kingdom,Full-Time
191,6,access,hq_lf,high,low,Paperloom,081e5fb5,4,20,80.2,14,FALSE,80,5,30,Female,4,3.727272727272727,4,"Options, Private Equity fund, Stock Market, Government Bonds, ETF or ETC, Venture Capital fund, Crowdfunding, Other",White,Germany,United States,NA
192,2,access,hq_lf,high,low,Curato,cbc833b1,1,0,79.4,8,FALSE,13,2,47,Female,5,3,5,"Government Bonds, Stock Market, Crowdfunding",White,United Kingdom,United Kingdom,Full-Time
193,3,access,hq_lf,high,low,Servora,574d1367,1,25,76.8,14,FALSE,55,5,34,Male,6,4.2727272727272725,1,"ETF or ETC, Government Bonds, Stock Market, Options, Private Equity fund",Asian,India,India,Full-Time
194,8,access,hq_lf,high,low,Foliant,fa1fe22c,2,25,150.2,14,FALSE,68,5,34,Male,3,3.1818181818181817,1,"Government Bonds, Private Equity fund, Stock Market, ETF or ETC, Crowdfunding, Venture Capital fund, Unit trusts",Black,United Kingdom,United Kingdom,Full-Time
195,1,access,hq_lf,high,low,Ironhall,87b7dfe9,2,20,9.9,1,FALSE,40,4,24,Female,3,3.909090909090909,6,"ETF or ETC, Government Bonds, Stock Market, Unit trusts, Angel syndicate, Options, Private Equity fund, Venture Capital fund, Crowdfunding",Asian,United Kingdom,Vietnam,Full-Time
196,2,access,hq_lf,high,low,Curato,cbc833b1,3,30,150,14,FALSE,78,6,49,Male,12,3.8181818181818183,1,"ETF or ETC, Government Bonds, Stock Market, Options, Crowdfunding, Other",Black,United States,Jamaica,Full-Time
198,3,access,hq_lf,high,low,Servora,574d1367,2,30,43.4,14,FALSE,84,5,35,Male,5,3.5454545454545454,3,"Private Equity fund, ETF or ETC, Stock Market, Government Bonds",Asian,India,India,Part-Time
199,6,access,hq_lf,high,low,Paperloom,081e5fb5,3,45,142.1,14,FALSE,96,7,61,Male,6,3.727272727272727,1,"Stock Market, Private Equity fund",Black,United States,United States,Full-Time
200,2,access,hq_lf,high,low,Curato,cbc833b1,4,35,56.2,14,FALSE,81,4,52,Female,3,4,1,"Stock Market, Crowdfunding, Other, ETF or ETC",Black,United States,United States,Part-Time
201,7,access,hq_lf,high,low,Pulsegrid,f5bfffe5,2,20,147.5,14,FALSE,53,3,28,Male,1,3,2,"Stock Market, ETF or ETC, Private Equity fund",Mixed,Canada,Canada,Due to start a new job within the next month
202,5,access,hq_lf,high,low,Sentyl,0566fd88,2,25,45.6,14,FALSE,22,3,26,Male,5,4.454545454545454,4,"Government Bonds, Stock Market, Options, Private Equity fund, Venture Capital fund, Crowdfunding, Other, ETF or ETC",Asian,India,India,Full-Time
203,6,access,hq_lf,high,low,Paperloom,081e5fb5,1,0,125.5,14,FALSE,68,5,56,Female,4,4,4,"ETF or ETC, Stock Market, Angel syndicate, Crowdfunding",White,United Kingdom,Italy,Full-Time
204,8,access,hq_lf,high,low,Foliant,fa1fe22c,4,20,13.6,14,FALSE,70,5,36,Male,10,3.909090909090909,3,"Government Bonds, Stock Market, Private Equity fund",Black,Canada,Canada,Full-Time
205,3,access,hq_lf,high,low,Servora,574d1367,2,60,32.6,14,FALSE,6,4,68,Female,2,3.3636363636363638,1,"Stock Market, Private Equity fund, Government Bonds",White,United States,United States,Part-Time
206,2,access,hq_lf,high,low,Curato,cbc833b1,1,40,149.9,14,FALSE,45,5,36,Male,5,3.8181818181818183,6,"ETF or ETC, Government Bonds, Stock Market, Options, Crowdfunding, Venture Capital fund, Private Equity fund",Asian,Canada,Canada,Full-Time
208,6,access,hq_lf,high,low,Paperloom,081e5fb5,4,10,150,13,FALSE,50,3,34,Male,8,3.1818181818181817,4,"Stock Market, Crowdfunding, Government Bonds",Black,United Kingdom,Nigeria,Full-Time
209,3,access,hq_lf,high,low,Servora,574d1367,1,35,60.2,14,FALSE,24,4,39,Male,0,4.2727272727272725,7,"Stock Market, Crowdfunding",White,United States,United States,Full-Time
210,3,access,hq_lf,high,low,Servora,574d1367,1,25,150.1,14,FALSE,100,7,68,Male,10,4.909090909090909,1,"Stock Market, ETF or ETC, Unit trusts, Private Equity fund, Crowdfunding, Venture Capital fund",Black,United States,United Kingdom,Full-Time
212,6,access,hq_lf,high,low,Paperloom,081e5fb5,4,25,14.7,1,FALSE,12,5,37,Male,4,4,6,"ETF or ETC, Government Bonds, Stock Market, Unit trusts, Angel syndicate, Options, Private Equity fund, Venture Capital fund, Crowdfunding, Other",White,United Kingdom,Spain,Full-Time
213,6,access,hq_lf,high,low,Paperloom,081e5fb5,4,45,150,8,FALSE,20,5,35,Male,5,3.727272727272727,6,"Stock Market, Crowdfunding",Black,United Kingdom,United Kingdom,Full-Time
214,8,access,hq_lf,high,low,Foliant,fa1fe22c,2,25,29.7,14,FALSE,100,6,29,Male,2,4.090909090909091,4,"Stock Market, Crowdfunding",Black,United States,United States,Part-Time
215,3,access,hq_lf,high,low,Servora,574d1367,2,25,119,14,FALSE,70,5,30,Female,6,4.2727272727272725,5,"Government Bonds, Stock Market, ETF or ETC, Angel syndicate, Options, Venture Capital fund, Crowdfunding",Asian,India,India,Full-Time
217,2,access,hq_lf,high,low,Curato,cbc833b1,1,30,44.3,14,FALSE,37,5,57,Female,10,4.181818181818182,1,"Stock Market, Venture Capital fund, Crowdfunding, ETF or ETC",Black,United States,United States,Other
218,3,access,hq_lf,high,low,Servora,574d1367,2,40,95.2,14,FALSE,72,5,44,Male,6,4,6,"Stock Market, Private Equity fund, Crowdfunding",Black,United States,United States,Full-Time
220,8,access,hq_lf,high,low,Foliant,fa1fe22c,3,40,146.4,14,FALSE,51,6,48,Female,3,4.2727272727272725,3,"ETF or ETC, Stock Market, Crowdfunding, Private Equity fund",White,United States,United States,Full-Time
221,7,access,hq_lf,high,low,Pulsegrid,f5bfffe5,2,30,50.3,14,FALSE,57,3,24,Male,2,4.2727272727272725,3,"ETF or ETC, Government Bonds, Stock Market, Unit trusts, Options, Private Equity fund, Crowdfunding, Angel syndicate, Venture Capital fund",Asian,India,India,Unemployed (and job seeking)
222,6,access,hq_lf,high,low,Paperloom,081e5fb5,2,49,126.4,14,FALSE,46,7,38,Male,12,3.8181818181818183,3,"Stock Market, Government Bonds, Crowdfunding",White,United Kingdom,United Kingdom,Full-Time
223,3,access,hq_lf,high,low,Servora,574d1367,3,45,150.1,14,FALSE,30,5,41,Male,0,4.090909090909091,5,"Government Bonds, Stock Market, Crowdfunding, Other",White,Canada,Canada,"Not in paid work (e.g. homemaker', 'retired or disabled)"
226,7,access,hq_lf,high,low,Pulsegrid,f5bfffe5,3,25,115.5,14,FALSE,37,6,41,Male,5,3.8181818181818183,5,"Crowdfunding, Stock Market",White,United Kingdom,United Kingdom,Full-Time
227,7,access,hq_lf,high,low,Pulsegrid,f5bfffe5,4,25,150.1,14,FALSE,62,6,30,Male,7,4.636363636363637,3,"ETF or ETC, Government Bonds, Stock Market, Private Equity fund, Unit trusts",Black,United Kingdom,United Kingdom,Full-Time
228,1,access,hq_lf,high,low,Ironhall,87b7dfe9,4,20,150.3,14,FALSE,81,6,44,Male,2,3.5454545454545454,4,"Stock Market, Private Equity fund, Venture Capital fund",Asian,India,India,Full-Time
230,5,access,hq_lf,high,low,Sentyl,0566fd88,1,30,149.8,10,FALSE,34,6,21,Male,3,3.090909090909091,2,"ETF or ETC, Government Bonds, Stock Market, Unit trusts, Options, Private Equity fund, Venture Capital fund, Other",White,Brazil,Brazil,Full-Time
233,4,access,hq_lf,high,low,Axonmesh,e6065b1a,4,10,149.9,11,FALSE,96,3,46,Female,2,3.909090909090909,5,"Stock Market, Crowdfunding",White,United Kingdom,United Kingdom,Full-Time
235,2,access,hq_lf,high,low,Curato,cbc833b1,4,5,131.7,14,FALSE,33,3,56,Male,10,3.8181818181818183,6,"ETF or ETC, Stock Market, Angel syndicate, Crowdfunding",White,United Kingdom,United Kingdom,Part-Time
237,3,access,hq_lf,high,low,Servora,574d1367,1,25,127.5,14,FALSE,81,7,51,Male,2,4.363636363636363,3,"ETF or ETC, Stock Market, Government Bonds, Unit trusts, Angel syndicate, Private Equity fund",White,United States,United States,Full-Time
239,6,access,hq_lf,high,low,Paperloom,081e5fb5,4,10,3.6,14,FALSE,53,6,67,Female,12,3.090909090909091,7,"ETF or ETC, Government Bonds, Stock Market, Crowdfunding",White,United Kingdom,Italy,Full-Time
241,6,access,hq_lf,high,low,Paperloom,081e5fb5,3,30,129.2,14,FALSE,21,2,34,Male,1,3.1818181818181817,5,"Government Bonds, Other, Private Equity fund",Other,Canada,Canada,Full-Time
245,5,access,hq_lf,high,low,Sentyl,0566fd88,2,50,113.1,14,FALSE,100,7,40,Male,0,3.8181818181818183,4,"ETF or ETC, Stock Market, Crowdfunding",White,United States,United States,Other
246,6,access,hq_lf,high,low,Paperloom,081e5fb5,3,30,39.1,2,FALSE,26,5,63,Female,8,3.8181818181818183,3,"Stock Market, Unit trusts, Crowdfunding, Venture Capital fund",White,United Kingdom,Ireland,Full-Time
248,8,access,hq_lf,high,low,Foliant,fa1fe22c,4,30,113.3,14,FALSE,42,2,35,Male,2,4.2727272727272725,6,"Private Equity fund, Stock Market, Government Bonds, ETF or ETC",Black,United States,United States,Part-Time
249,6,access,hq_lf,high,low,Paperloom,081e5fb5,1,30,95.4,14,FALSE,62,5,31,Male,1,3.727272727272727,5,"ETF or ETC, Stock Market, Crowdfunding, Other",Mixed,United Kingdom,United Kingdom,Full-Time
250,7,access,hq_lf,high,low,Pulsegrid,f5bfffe5,2,10,124.8,14,FALSE,27,3,25,Male,0,3.7272727272727275,4,"Stock Market, Government Bonds, Private Equity fund",Mixed,Brazil,Brazil,Unemployed (and job seeking)
251,6,access,hq_lf,high,low,Paperloom,081e5fb5,4,20,138.2,14,FALSE,40,4,36,Male,6,4.454545454545454,5,"Stock Market, ETF or ETC, Private Equity fund, Government Bonds",Black,United Kingdom,United Kingdom,Full-Time
252,1,access,hq_lf,high,low,Ironhall,87b7dfe9,3,20,8.5,14,FALSE,78,5,38,Other,1,3.1818181818181817,6,"Government Bonds, Stock Market, ETF or ETC, Options, Private Equity fund, Other",White,United Kingdom,United Kingdom,Full-Time
253,7,access,hq_lf,high,low,Pulsegrid,f5bfffe5,1,20,147.3,14,FALSE,68,6,27,Female,8,3.8181818181818183,4,"Government Bonds, ETF or ETC, Stock Market, Unit trusts, Angel syndicate, Private Equity fund, Options, Venture Capital fund, Crowdfunding",Black,United States,United States,Part-Time
254,5,access,hq_lf,high,low,Sentyl,0566fd88,1,25,150,13,FALSE,81,5,23,Male,0,3.6363636363636362,5,"Government Bonds, Private Equity fund",White,Brazil,Brazil,Unemployed (and job seeking)
255,5,access,hq_lf,high,low,Sentyl,0566fd88,3,20,150,7,FALSE,51,6,39,Female,2,3.727272727272727,7,"ETF or ETC, Stock Market, Crowdfunding, Options",White,United States,United States,Full-Time
256,5,access,hq_lf,high,low,Sentyl,0566fd88,1,50,136.6,14,FALSE,53,5,43,Male,0,3.909090909090909,6,Crowdfunding,White,United Kingdom,United Kingdom,Full-Time
259,5,access,hq_lf,high,low,Sentyl,0566fd88,2,0,63.5,14,FALSE,0,2,60,Male,3,3.090909090909091,5,"ETF or ETC, Government Bonds, Stock Market, Unit trusts, Crowdfunding",Mixed,United States,United States,Part-Time
260,8,access,hq_lf,high,low,Foliant,fa1fe22c,1,35,150,13,FALSE,54,5,40,Male,2,3.8181818181818183,3,"Stock Market, Crowdfunding",White,United Kingdom,United Kingdom,Full-Time
261,5,access,hq_lf,high,low,Sentyl,0566fd88,1,25,124,14,FALSE,30,3,59,Male,0,2.4545454545454546,5,"ETF or ETC, Stock Market, Unit trusts, Private Equity fund, Government Bonds",White,Canada,Canada,Full-Time
262,1,access,hq_lf,high,low,Ironhall,87b7dfe9,2,50,149.9,14,FALSE,53,7,41,Male,0,4.181818181818182,3,Crowdfunding,White,United Kingdom,United Kingdom,Full-Time
263,3,access,hq_lf,high,low,Servora,574d1367,1,30,150.1,14,FALSE,75,5,36,Female,2,4.363636363636363,1,"ETF or ETC, Private Equity fund, Unit trusts, Stock Market, Options",Black,United States,United States,Full-Time
264,5,access,hq_lf,high,low,Sentyl,0566fd88,2,30,80.5,14,FALSE,70,5,32,Male,2,3.6363636363636362,2,"ETF or ETC, Government Bonds, Stock Market, Private Equity fund, Crowdfunding",NA,United Kingdom,United Kingdom,Full-Time
265,5,access,hq_lf,high,low,Sentyl,0566fd88,2,40,137.6,10,FALSE,56,3,30,Male,7,4.636363636363637,3,"Crowdfunding, Private Equity fund, Venture Capital fund, Unit trusts, Stock Market, ETF or ETC, Government Bonds",Black,United States,United States,Unemployed (and job seeking)
266,8,access,hq_lf,high,low,Foliant,fa1fe22c,4,2,26.7,14,FALSE,43,3,53,Male,2,4.636363636363637,4,"Stock Market, Crowdfunding",White,United States,United States,"Not in paid work (e.g. homemaker', 'retired or disabled)"
267,2,access,hq_lf,high,low,Curato,cbc833b1,2,0,150.2,14,FALSE,10,3,47,Male,7,3.272727272727273,2,"ETF or ETC, Government Bonds, Stock Market, Unit trusts, Crowdfunding, Options",White,Canada,Canada,Full-Time
268,2,access,hq_lf,high,low,Curato,cbc833b1,4,25,52.3,14,FALSE,51,4,33,Female,3,3.4545454545454546,5,"ETF or ETC, Government Bonds, Crowdfunding, Venture Capital fund",Asian,United States,United States,Unemployed (and job seeking)
269,5,access,hq_lf,high,low,Sentyl,0566fd88,2,45,37.1,14,FALSE,91,7,34,Male,8,5,4,"ETF or ETC, Government Bonds, Stock Market, Unit trusts, Angel syndicate, Private Equity fund, Venture Capital fund, Crowdfunding",White,United Kingdom,United Kingdom,Part-Time
270,4,access,hq_lf,high,low,Axonmesh,e6065b1a,2,20,90.7,14,FALSE,53,3,47,Male,6,4.363636363636363,3,"Stock Market, Options, Private Equity fund, Venture Capital fund, Government Bonds, ETF or ETC, Unit trusts, Angel syndicate, Crowdfunding",White,United States,United States,Full-Time
271,1,access,hq_lf,high,low,Ironhall,87b7dfe9,1,30,149.9,13,FALSE,57,6,28,Male,0,3,5,"Stock Market, Crowdfunding, Private Equity fund",Other,United Kingdom,Sweden,NA
272,6,access,hq_lf,high,low,Paperloom,081e5fb5,1,15,116,14,FALSE,33,3,50,Male,15,3.727272727272727,4,"Stock Market, Options, Private Equity fund, Venture Capital fund",Mixed,United Kingdom,United Kingdom,Part-Time
273,6,access,hq_lf,high,low,Paperloom,081e5fb5,3,30,27.2,14,FALSE,75,6,34,Female,7,4.181818181818182,7,"Stock Market, Government Bonds, Private Equity fund",Black,United States,United States,Part-Time
274,4,access,hq_lf,high,low,Axonmesh,e6065b1a,4,10,42.9,14,FALSE,94,5,43,Female,5,5,1,"ETF or ETC, Government Bonds, Stock Market, Unit trusts, Angel syndicate, Options, Private Equity fund, Venture Capital fund, Crowdfunding",Black,United States,United States,Full-Time
275,1,access,hq_lf,high,low,Ironhall,87b7dfe9,1,25,150.1,12,FALSE,57,6,27,Male,1,3.909090909090909,5,"Stock Market, Government Bonds, ETF or ETC, Angel syndicate, Options, Private Equity fund, Venture Capital fund, Crowdfunding, Other",Asian,India,India,Full-Time
277,5,access,hq_lf,high,low,Sentyl,0566fd88,1,30,150.5,5,FALSE,79,5,53,Female,0,3.909090909090909,2,"Stock Market, Crowdfunding, ETF or ETC",White,Canada,Canada,Other
278,3,access,hq_lf,high,low,Servora,574d1367,2,60,18.7,14,FALSE,0,7,33,Female,4,3,3,Crowdfunding,White,United Kingdom,United Kingdom,Full-Time
279,7,access,hq_lf,high,low,Pulsegrid,f5bfffe5,2,50,110.6,14,FALSE,69,7,26,Male,2,4.545454545454546,2,"Stock Market, Unit trusts, Private Equity fund, Government Bonds",Prefer not to say,Canada,Canada,Full-Time
280,3,access,hq_lf,high,low,Servora,574d1367,4,15,150.1,12,FALSE,36,2,44,Male,1,4.636363636363637,3,"ETF or ETC, Stock Market, Private Equity fund",Asian,United Kingdom,United Kingdom,Full-Time
282,7,access,hq_lf,high,low,Pulsegrid,f5bfffe5,1,40,107.4,14,FALSE,44,6,23,Male,2,4.363636363636363,5,"Stock Market, Crowdfunding, Government Bonds",Asian,India,India,Part-Time
286,7,access,hq_lf,high,low,Pulsegrid,f5bfffe5,2,62,137.1,14,FALSE,12,3,46,Male,2,3.6363636363636362,6,"ETF or ETC, Stock Market, Unit trusts, Government Bonds, Crowdfunding",White,United Kingdom,United Kingdom,Full-Time
287,5,access,hq_lf,high,low,Sentyl,0566fd88,3,6,61.5,14,FALSE,13,5,39,Male,0,3,2,"ETF or ETC, Stock Market, Venture Capital fund, Options",White,United States,United States,Full-Time
288,3,access,hq_lf,high,low,Servora,574d1367,1,5,91.8,14,FALSE,0,1,44,Male,12,4,5,"ETF or ETC, Government Bonds, Stock Market, Unit trusts, Angel syndicate, Private Equity fund, Crowdfunding",White,United Kingdom,United Kingdom,Full-Time
289,1,access,hq_lf,high,low,Ironhall,87b7dfe9,1,35,142.7,14,FALSE,44,6,30,Female,1,3.909090909090909,5,"Stock Market, Angel syndicate",Black,United Kingdom,Nigeria,Full-Time
290,7,access,hq_lf,high,low,Pulsegrid,f5bfffe5,1,35,95.4,14,FALSE,100,1,39,Male,6,3.909090909090909,5,"Government Bonds, Stock Market, Options, Private Equity fund, Crowdfunding, Other",White,United States,United States,Full-Time
292,7,access,hq_lf,high,low,Pulsegrid,f5bfffe5,2,15,149.9,14,FALSE,100,5,50,Male,2,4.2727272727272725,1,"Stock Market, Crowdfunding, Other",White,United States,United States,Full-Time
293,8,access,hq_lf,high,low,Foliant,fa1fe22c,3,35,41.1,13,FALSE,42,5,32,Male,0,3.1818181818181817,3,"Stock Market, Crowdfunding",White,United States,United States,Other
294,8,access,hq_lf,high,low,Foliant,fa1fe22c,3,25,150,4,FALSE,42,2,33,Male,10,4.818181818181818,3,"ETF or ETC, Stock Market, Options, Crowdfunding",Mixed,United States,United States,Full-Time
295,2,access,hq_lf,high,low,Curato,cbc833b1,2,30,150.2,14,FALSE,84,5,30,Female,2,3.727272727272727,3,"Stock Market, Options, Private Equity fund, Venture Capital fund, ETF or ETC",White,United States,United States,Full-Time
296,8,access,hq_lf,high,low,Foliant,fa1fe22c,1,5,135.8,14,FALSE,26,3,64,Female,5,3.272727272727273,2,"ETF or ETC, Stock Market, Unit trusts, Private Equity fund, Venture Capital fund, Crowdfunding",White,United Kingdom,United Kingdom,"Not in paid work (e.g. homemaker', 'retired or disabled)"
297,1,access,hq_lf,high,low,Ironhall,87b7dfe9,4,40,149.9,8,FALSE,65,6,45,Female,3,3.8181818181818183,5,"Stock Market, Crowdfunding",White,France,Spain,Full-Time
298,7,access,hq_lf,high,low,Pulsegrid,f5bfffe5,3,20,6.8,14,FALSE,65,4,56,Female,7,4,4,"Stock Market, Private Equity fund",White,United States,United States,Part-Time
299,6,access,hq_lf,high,low,Paperloom,081e5fb5,2,30,145.5,14,FALSE,94,6,52,Male,0,3.090909090909091,1,"ETF or ETC, Stock Market, Private Equity fund, Government Bonds",White,Canada,Canada,Full-Time
301,7,access,hq_lf,high,low,Pulsegrid,f5bfffe5,3,30,149.9,12,FALSE,15,3,51,Female,0,3.8181818181818183,7,"Stock Market, Private Equity fund",Asian,United Kingdom,Hong Kong,Other
302,2,access,hq_lf,high,low,Curato,cbc833b1,4,30,150,14,FALSE,54,4,42,Male,6,3.727272727272727,4,"Government Bonds, Stock Market, Crowdfunding",White,United States,United States,Full-Time
303,2,access,hq_lf,high,low,Curato,cbc833b1,2,25,35.6,1,FALSE,10,2,43,Male,3,4.2727272727272725,5,"Private Equity fund, Stock Market, Government Bonds",Black,United States,United States,Full-Time
304,7,access,hq_lf,high,low,Pulsegrid,f5bfffe5,1,25,141.7,14,FALSE,60,5,27,Male,2,4.2727272727272725,5,"Stock Market, Angel syndicate",Asian,India,India,Part-Time
305,4,access,hq_lf,high,low,Axonmesh,e6065b1a,3,50,95.3,14,FALSE,27,4,44,Female,10,3.1818181818181817,5,"ETF or ETC, Stock Market, Crowdfunding",White,United States,United States,Full-Time
306,6,access,hq_lf,high,low,Paperloom,081e5fb5,4,25,70.4,9,FALSE,0,4,72,Male,5,3.5454545454545454,6,"ETF or ETC, Stock Market, Private Equity fund",White,United Kingdom,United Kingdom,"Not in paid work (e.g. homemaker', 'retired or disabled)"
307,8,access,hq_lf,high,low,Foliant,fa1fe22c,4,15,54.5,14,FALSE,65,4,30,Male,2,3.909090909090909,3,"Stock Market, Crowdfunding",Black,United Kingdom,United Kingdom,Part-Time
308,7,access,hq_lf,high,low,Pulsegrid,f5bfffe5,3,35,52.4,14,FALSE,71,6,26,Male,4,3.8181818181818183,6,"Stock Market, Venture Capital fund, Private Equity fund",Black,Canada,Nigeria,Full-Time
309,8,access,hq_lf,high,low,Foliant,fa1fe22c,2,40,150,12,FALSE,28,5,50,Female,6,3.1818181818181817,5,"Stock Market, Crowdfunding",White,United Kingdom,United Kingdom,Full-Time
311,8,access,hq_lf,high,low,Foliant,fa1fe22c,3,30,73.4,13,FALSE,38,3,27,Male,6,3.5454545454545454,3,"ETF or ETC, Stock Market, Options, Private Equity fund, Crowdfunding",White,United States,Panama,Full-Time
313,1,access,hq_lf,high,low,Ironhall,87b7dfe9,3,10,45.6,14,FALSE,72,4,59,Male,5,4.7272727272727275,1,"ETF or ETC, Government Bonds, Stock Market, Crowdfunding",White,United States,United States,Full-Time
314,8,access,hq_lf,high,low,Foliant,fa1fe22c,1,10,150,11,FALSE,42,4,35,Female,8,4.2727272727272725,1,"ETF or ETC, Government Bonds, Stock Market, Unit trusts, Options, Private Equity fund, Venture Capital fund, Crowdfunding",White,Brazil,Brazil,Full-Time
315,6,access,hq_lf,high,low,Paperloom,081e5fb5,2,25,46.6,14,FALSE,21,3,58,Female,2,2.272727272727273,6,"Stock Market, Crowdfunding",White,United Kingdom,United Kingdom,Unemployed (and job seeking)
316,2,access,hq_lf,high,low,Curato,cbc833b1,1,20,150.2,1,FALSE,52,4,39,Male,8,4,3,"Government Bonds, Stock Market, Private Equity fund, Crowdfunding",Black,United States,United States,Full-Time
317,4,access,hq_lf,high,low,Axonmesh,e6065b1a,2,40,140.7,14,FALSE,66,5,50,Male,10,3.8181818181818183,5,"ETF or ETC, Stock Market, Private Equity fund, Crowdfunding",White,United Kingdom,United Kingdom,Full-Time
318,5,access,hq_lf,high,low,Sentyl,0566fd88,1,50,72.6,14,FALSE,33,5,38,Female,0,3.3636363636363638,4,"Stock Market, Crowdfunding, ETF or ETC",White,United States,United States,Full-Time
319,6,access,hq_lf,high,low,Paperloom,081e5fb5,3,10,120.6,14,FALSE,74,5,29,Female,2,4.454545454545454,5,"ETF or ETC, Stock Market, Government Bonds, Private Equity fund",Black,United States,NA,Unemployed (and job seeking)
320,2,access,hq_lf,high,low,Curato,cbc833b1,2,20,150,14,FALSE,79,6,27,Female,2,5,1,"Stock Market, Private Equity fund, Crowdfunding, Venture Capital fund",Black,United Kingdom,United Kingdom,Full-Time
321,5,access,hq_lf,high,low,Sentyl,0566fd88,2,30,139.4,14,FALSE,83,6,26,Male,2,4,6,"Stock Market, Options, Crowdfunding",Black,Canada,Nigeria,Due to start a new job within the next month
323,7,access,hq_lf,high,low,Pulsegrid,f5bfffe5,4,30,150,6,FALSE,14,7,22,Male,1,4.2727272727272725,3,"Stock Market, Private Equity fund",Mixed,United States,United States,Other
325,4,access,hq_lf,high,low,Axonmesh,e6065b1a,4,40,150.1,14,FALSE,56,2,41,Male,2,3.5454545454545454,4,"ETF or ETC, Stock Market, Crowdfunding",White,Germany,Germany,Full-Time
327,8,access,hq_lf,high,low,Foliant,fa1fe22c,4,25,102.7,14,FALSE,0,7,29,Male,5,5,7,"Stock Market, Venture Capital fund, ETF or ETC",Black,United States,United States,Full-Time
329,7,access,hq_lf,high,low,Pulsegrid,f5bfffe5,1,20,17.3,4,FALSE,57,4,30,Female,4,4.363636363636363,5,"ETF or ETC, Government Bonds, Stock Market, Private Equity fund, Crowdfunding, Venture Capital fund",Asian,United States,Taiwan,Full-Time
330,5,access,hq_lf,high,low,Sentyl,0566fd88,3,25,42,14,FALSE,93,7,33,Female,5,4.454545454545454,5,"ETF or ETC, Stock Market, Venture Capital fund, Unit trusts, Government Bonds",Black,United States,United States,Part-Time
331,8,access,hq_lf,high,low,Foliant,fa1fe22c,3,60,129,14,FALSE,90,7,51,Male,15,4.2727272727272725,2,"ETF or ETC, Government Bonds, Stock Market, Crowdfunding",White,United States,United States,Full-Time
332,1,access,hq_lf,high,low,Ironhall,87b7dfe9,1,30,150,5,FALSE,20,5,52,Male,2,3,5,"ETF or ETC, Private Equity fund, Crowdfunding",White,United Kingdom,United Kingdom,Full-Time
333,6,access,hq_lf,high,low,Paperloom,081e5fb5,2,35,139.2,11,FALSE,67,6,37,Male,0,3.5454545454545454,6,"ETF or ETC, Stock Market, Options, Crowdfunding",White,Germany,Germany,Full-Time
335,7,access,hq_lf,high,low,Pulsegrid,f5bfffe5,1,20,78.9,14,FALSE,15,4,67,Female,0,3.5454545454545454,5,"Crowdfunding, Government Bonds, Stock Market",White,Canada,Canada,"Not in paid work (e.g. homemaker', 'retired or disabled)"
339,4,access,hq_lf,high,low,Axonmesh,e6065b1a,2,50,150.2,12,FALSE,5,5,58,Female,0,1.7272727272727273,7,"Angel syndicate, Don't know/Rather not say",White,United States,United States,Full-Time
340,1,access,hq_lf,high,low,Ironhall,87b7dfe9,4,30,9.9,14,FALSE,39,3,36,Male,4,3.1818181818181817,1,"ETF or ETC, Government Bonds, Stock Market, Private Equity fund",White,United Kingdom,United Kingdom,Full-Time
341,3,access,hq_lf,high,low,Servora,574d1367,2,0,150,14,FALSE,20,5,30,Male,0,3.5454545454545454,5,"ETF or ETC, Stock Market, Options, Crowdfunding",White,United States,United States,Full-Time
342,4,access,hq_lf,high,low,Axonmesh,e6065b1a,4,60,112.2,14,FALSE,36,6,41,Male,0,2.6363636363636362,5,"ETF or ETC, Stock Market, Crowdfunding",White,Germany,Germany,Full-Time
344,5,access,hq_lf,high,low,Sentyl,0566fd88,2,30,113.4,14,FALSE,23,5,26,Male,2,4,2,"Government Bonds, Stock Market, Unit trusts, Crowdfunding",White,United Kingdom,United Kingdom,Full-Time
345,2,access,hq_lf,high,low,Curato,cbc833b1,4,40,142.3,14,FALSE,17,6,38,Female,3,3.3636363636363638,4,"Government Bonds, Stock Market, Private Equity fund, Crowdfunding, Venture Capital fund",White,United Kingdom,United Kingdom,Full-Time
346,8,access,hq_lf,high,low,Foliant,fa1fe22c,2,35,150,14,FALSE,83,5,33,Male,5,3.5454545454545454,6,Private Equity fund,Black,United Kingdom,Kenya,Part-Time
347,4,access,hq_lf,high,low,Axonmesh,e6065b1a,3,50,105.4,14,FALSE,66,7,44,Male,2,4.2727272727272725,3,"ETF or ETC, Stock Market, Crowdfunding",White,United States,United States,Unemployed (and job seeking)
348,1,access,hq_lf,high,low,Ironhall,87b7dfe9,4,30,144.6,14,FALSE,43,5,25,Male,1,3.727272727272727,5,"Government Bonds, ETF or ETC, Stock Market, Options, Crowdfunding",Asian,India,India,Unemployed (and job seeking)
349,3,access,hq_lf,high,low,Servora,574d1367,4,20,65.9,14,FALSE,65,5,25,Male,1,4.181818181818182,4,"Stock Market, Crowdfunding",Black,United States,United States,Full-Time
350,2,access,hq_lf,high,low,Curato,cbc833b1,1,10,150.1,14,FALSE,1,1,60,Male,31,4.636363636363637,3,"Stock Market, ETF or ETC, Venture Capital fund",White,Canada,Canada,Full-Time
351,4,access,hq_lf,high,low,Axonmesh,e6065b1a,4,50,61.3,14,FALSE,51,4,38,Female,5,3.5454545454545454,4,"Stock Market, Crowdfunding",White,United States,United States,Full-Time
352,4,access,hq_lf,high,low,Axonmesh,e6065b1a,1,10,150.1,14,FALSE,100,4,32,Male,5,4.454545454545454,1,"Stock Market, Options, ETF or ETC, Government Bonds, Crowdfunding, Other",White,United States,United States,Full-Time
353,4,access,hq_lf,high,low,Axonmesh,e6065b1a,3,10,84.7,13,FALSE,68,5,54,Female,1,3.5454545454545454,3,Crowdfunding,White,United Kingdom,United Kingdom,Full-Time
354,2,access,hq_lf,high,low,Curato,cbc833b1,1,35,150.2,14,FALSE,15,4,33,Male,0,3.727272727272727,6,"ETF or ETC, Stock Market, Government Bonds, Options, Crowdfunding",White,United States,United States,Full-Time
355,3,access,hq_lf,high,low,Servora,574d1367,2,20,149.1,14,FALSE,9,6,35,Male,5,4.181818181818182,2,"Stock Market, Options, Crowdfunding, Government Bonds",Black,United Kingdom,Nigeria,Full-Time
356,4,access,hq_lf,high,low,Axonmesh,e6065b1a,2,35,150.1,14,FALSE,7,7,46,Male,8,4,5,"Government Bonds, Crowdfunding, Stock Market",Mixed,United Kingdom,United Kingdom,Full-Time
357,8,access,hq_lf,high,low,Foliant,fa1fe22c,1,30,150,11,FALSE,34,5,29,Female,4,4,5,"ETF or ETC, Government Bonds, Stock Market, Unit trusts, Angel syndicate, Options, Private Equity fund",White,United States,United States,Part-Time
358,6,access,hq_lf,high,low,Paperloom,081e5fb5,1,45,150.3,14,FALSE,77,6,64,Female,4,3.5454545454545454,5,Private Equity fund,Black,United States,Kenya,Part-Time
359,6,access,hq_lf,high,low,Paperloom,081e5fb5,1,20,132.4,14,FALSE,20,4,42,Female,1,3.727272727272727,7,"Crowdfunding, Stock Market, Government Bonds",Mixed,United Kingdom,United Kingdom,Full-Time
360,5,access,hq_lf,high,low,Sentyl,0566fd88,3,27,96,14,FALSE,15,6,29,Female,1,4.090909090909091,5,"Government Bonds, Stock Market, Private Equity fund",White,United States,United States,Full-Time
361,4,access,hq_lf,high,low,Axonmesh,e6065b1a,3,35,149.9,14,FALSE,100,4,37,Male,3,4.818181818181818,4,"Government Bonds, Stock Market, Private Equity fund, Unit trusts, Angel syndicate",Black,United States,Kenya,Full-Time
362,5,access,hq_lf,high,low,Sentyl,0566fd88,3,30,149.9,14,FALSE,54,5,35,Female,3,4,3,"Stock Market, Government Bonds, Private Equity fund",Asian,India,India,Full-Time
363,7,access,hq_lf,high,low,Pulsegrid,f5bfffe5,2,20,31.7,5,FALSE,63,6,36,Female,0,2.1818181818181817,2,Crowdfunding,White,United States,United States,Unemployed (and job seeking)
364,5,access,hq_lf,high,low,Sentyl,0566fd88,4,44,143.8,14,FALSE,37,4,43,Male,10,2.8181818181818183,5,"ETF or ETC, Government Bonds, Crowdfunding, Stock Market",White,United States,United States,Full-Time
365,1,access,hq_lf,high,low,Ironhall,87b7dfe9,1,20,150,6,FALSE,74,6,36,Male,6,4,3,"Stock Market, Government Bonds, Crowdfunding",White,United Kingdom,United Kingdom,Full-Time
366,1,access,hq_lf,high,low,Ironhall,87b7dfe9,1,15,150.4,14,FALSE,29,2,46,Female,4,4.7272727272727275,2,"Stock Market, Private Equity fund",White,United States,United States,Part-Time
367,8,access,hq_lf,high,low,Foliant,fa1fe22c,1,25,150,14,FALSE,66,7,31,Male,5,5,5,"Stock Market, Government Bonds, Private Equity fund",Black,United States,United States,Unemployed (and job seeking)
368,2,access,hq_lf,high,low,Curato,cbc833b1,4,5,79,14,FALSE,24,4,35,Male,3,4.2727272727272725,6,"ETF or ETC, Stock Market, Crowdfunding",White,United Kingdom,United Kingdom,Full-Time
369,5,access,hq_lf,high,low,Sentyl,0566fd88,1,34,117.1,14,FALSE,65,5,24,Male,3,4,3,"ETF or ETC, Government Bonds, Stock Market, Unit trusts, Angel syndicate, Options, Private Equity fund",Mixed,Canada,Tunisia,Part-Time
371,3,access,hq_lf,high,low,Servora,574d1367,2,35,149.9,14,FALSE,74,4,38,Female,11,4,1,"ETF or ETC, Government Bonds, Stock Market, Private Equity fund",White,United Kingdom,United Kingdom,Full-Time
372,4,access,hq_lf,high,low,Axonmesh,e6065b1a,2,20,106.3,14,FALSE,38,4,29,Female,2,3.6363636363636362,5,"ETF or ETC, Stock Market, Crowdfunding, Venture Capital fund, Private Equity fund, Options",Asian,Canada,Canada,Full-Time
376,2,access,hq_lf,high,low,Curato,cbc833b1,3,25,56.6,14,FALSE,39,4,35,Male,2,4.090909090909091,5,"Stock Market, Crowdfunding",White,United States,United States,Full-Time
377,6,access,hq_lf,high,low,Paperloom,081e5fb5,1,40,150.5,14,FALSE,78,5,39,Male,5,3.909090909090909,1,"Crowdfunding, Stock Market",White,United States,United States,Full-Time
378,4,access,hq_lf,high,low,Axonmesh,e6065b1a,4,20,150,14,FALSE,67,6,26,Male,0,4,3,"Stock Market, Venture Capital fund, Crowdfunding",White,France,France,Full-Time
379,2,access,hq_lf,high,low,Curato,cbc833b1,4,40,99.1,14,FALSE,46,4,48,Male,0,3.4545454545454546,1,"ETF or ETC, Government Bonds, Stock Market, Crowdfunding",White,United States,United States,Full-Time
380,3,access,hq_lf,high,low,Servora,574d1367,1,0,150.1,14,FALSE,15,3,24,Male,0,3.727272727272727,6,"ETF or ETC, Crowdfunding",Asian,United Kingdom,United Kingdom,Other
381,2,access,hq_lf,high,low,Curato,cbc833b1,4,60,133.9,14,FALSE,66,5,42,Male,15,4.454545454545454,2,"ETF or ETC, Government Bonds, Stock Market, Unit trusts, Private Equity fund, Venture Capital fund, Options, Crowdfunding",White,United Kingdom,United Kingdom,Full-Time
382,2,access,hq_lf,high,low,Curato,cbc833b1,4,35,150,14,FALSE,62,6,40,Male,3,3.6363636363636362,5,"Stock Market, Government Bonds, Options, Private Equity fund, ETF or ETC",Asian,India,India,Part-Time
383,8,access,hq_lf,high,low,Foliant,fa1fe22c,4,65,71.7,14,FALSE,42,4,39,Male,10,3.090909090909091,1,"Stock Market, Private Equity fund, Venture Capital fund",Asian,United States,United States,Full-Time
385,6,access,hq_lf,high,low,Paperloom,081e5fb5,2,NA,2.1,1,TRUE,51,5,23,Male,1,3.727272727272727,5,"ETF or ETC, Crowdfunding, Options, Stock Market",Asian,India,India,Unemployed (and job seeking)
386,1,access,hq_lf,high,low,Ironhall,87b7dfe9,2,40,150,13,FALSE,30,6,37,Male,3,4,5,"ETF or ETC, Government Bonds, Stock Market, Unit trusts, Angel syndicate, Options, Crowdfunding, Other",White,United Kingdom,United Kingdom,Full-Time
387,7,access,hq_lf,high,low,Pulsegrid,f5bfffe5,4,30,150.1,14,FALSE,80,6,48,Male,12,4,3,"ETF or ETC, Government Bonds, Stock Market, Crowdfunding, Options, Venture Capital fund, Angel syndicate, Other",Black,United Kingdom,United Kingdom,Full-Time
389,6,access,hq_lf,high,low,Paperloom,081e5fb5,3,20,27.1,14,FALSE,82,6,30,Male,0,4.636363636363637,3,"ETF or ETC, Government Bonds, Stock Market, Options, Crowdfunding, Other",White,United States,United States,Full-Time
393,3,access,hq_lf,high,low,Servora,574d1367,1,32,141.9,14,FALSE,34,5,60,Male,15,3.909090909090909,5,"Government Bonds, Stock Market, Private Equity fund, Crowdfunding, Unit trusts, ETF or ETC",Black,United Kingdom,United Kingdom,Full-Time
394,2,access,hq_lf,high,low,Curato,cbc833b1,4,10,115.7,14,FALSE,48,4,60,Male,15,4.2727272727272725,5,"Government Bonds, Stock Market, Options, Venture Capital fund, Crowdfunding",White,United States,United States,"Not in paid work (e.g. homemaker', 'retired or disabled)"
396,4,access,hq_lf,high,low,Axonmesh,e6065b1a,3,25,24.4,14,FALSE,24,3,40,Male,12,3.909090909090909,5,"ETF or ETC, Government Bonds, Stock Market, Crowdfunding, Venture Capital fund, Other, Options, Angel syndicate",White,Brazil,Brazil,Full-Time
399,1,access,hq_lf,high,low,Ironhall,87b7dfe9,2,20,150.1,14,FALSE,55,6,34,Male,4,4.2727272727272725,4,"Stock Market, Private Equity fund, ETF or ETC, Options",White,United States,United States,Full-Time
401,7,access,hq_lf,high,low,Pulsegrid,f5bfffe5,4,40,139.5,14,FALSE,65,5,32,Male,0,3.909090909090909,3,"Government Bonds, Stock Market, Options, Crowdfunding, Other, ETF or ETC",Black,France,Nigeria,Unemployed (and job seeking)
402,7,access,hq_lf,high,low,Pulsegrid,f5bfffe5,1,40,130.5,14,FALSE,24,6,38,Male,0,3.4545454545454546,3,Crowdfunding,White,United Kingdom,United Kingdom,Full-Time
403,1,access,hq_lf,high,low,Ironhall,87b7dfe9,4,40,27.6,14,FALSE,35,5,41,Male,3,4.363636363636363,3,"Stock Market, Crowdfunding",White,United Kingdom,United Kingdom,Full-Time
405,2,access,hq_lf,high,low,Curato,cbc833b1,2,0,135.7,14,FALSE,68,4,35,Female,2,3.1818181818181817,5,"ETF or ETC, Stock Market, Private Equity fund, Crowdfunding",Mixed,Germany,Germany,Full-Time
406,4,access,hq_lf,high,low,Axonmesh,e6065b1a,4,25,62.8,3,FALSE,77,4,43,Female,5,4,3,Private Equity fund,White,United States,United States,Full-Time
407,5,access,hq_lf,high,low,Sentyl,0566fd88,4,50,61.9,14,FALSE,43,4,43,Male,7,3.6363636363636362,1,"ETF or ETC, Government Bonds, Stock Market, Private Equity fund, Venture Capital fund",White,United States,United States,Other
409,5,access,hq_lf,high,low,Sentyl,0566fd88,3,35,99.7,12,FALSE,80,6,42,Male,1,3.4545454545454546,6,"Government Bonds, Private Equity fund",White,Brazil,Brazil,Full-Time
410,3,access,hq_lf,high,low,Servora,574d1367,1,30,44.7,14,FALSE,69,6,66,Male,0,3.1818181818181817,4,Private Equity fund,White,United States,United States,Part-Time
411,7,access,hq_lf,high,low,Pulsegrid,f5bfffe5,3,50,116.4,14,FALSE,38,3,44,Male,0,3.090909090909091,4,"Stock Market, Crowdfunding",White,United States,United States,Full-Time
412,8,access,hq_lf,high,low,Foliant,fa1fe22c,1,50,150.4,14,FALSE,79,6,37,Male,7,3.3636363636363638,5,"Government Bonds, Stock Market, Crowdfunding",White,United Kingdom,United Kingdom,Full-Time
413,7,access,hq_lf,high,low,Pulsegrid,f5bfffe5,3,50,150,14,FALSE,18,4,56,Male,15,3.5454545454545454,7,"ETF or ETC, Stock Market, Crowdfunding, Options",Asian,United States,United Kingdom,Full-Time
414,8,access,hq_lf,high,low,Foliant,fa1fe22c,3,30,150,14,FALSE,64,5,35,Male,5,4.181818181818182,1,"ETF or ETC, Government Bonds, Stock Market, Options, Private Equity fund, Venture Capital fund",White,United States,United States,Full-Time
415,1,access,hq_lf,high,low,Ironhall,87b7dfe9,3,30,80.7,14,FALSE,51,5,31,Female,3,5,2,"Government Bonds, Stock Market, Private Equity fund",Black,United Kingdom,Nigeria,Full-Time
416,6,access,hq_lf,high,low,Paperloom,081e5fb5,3,0,28.4,14,FALSE,65,5,31,Male,3,3.090909090909091,2,"ETF or ETC, Stock Market, Venture Capital fund, Crowdfunding",White,Canada,Canada,Full-Time
419,8,access,hq_lf,high,low,Foliant,fa1fe22c,3,20,30.4,14,FALSE,37,3,49,Female,1,3.8181818181818183,3,"ETF or ETC, Stock Market, Crowdfunding",White,United States,United States,"Not in paid work (e.g. homemaker', 'retired or disabled)"
420,3,access,hq_lf,high,low,Servora,574d1367,4,30,150,9,FALSE,28,3,28,Female,1,3.3636363636363638,4,"Stock Market, Crowdfunding",Black,United States,United States,Full-Time
421,8,access,hq_lf,high,low,Foliant,fa1fe22c,3,10,123.9,14,FALSE,3,2,36,Male,5,3.6363636363636362,4,"Government Bonds, Stock Market, Private Equity fund",White,United Kingdom,United Kingdom,Full-Time
422,2,access,hq_lf,high,low,Curato,cbc833b1,2,30,150,14,FALSE,57,6,66,Male,10,4.454545454545454,5,"ETF or ETC, Stock Market, Government Bonds, Crowdfunding, Private Equity fund, Venture Capital fund",White,United States,United States,Part-Time
424,3,access,hq_lf,high,low,Servora,574d1367,2,30,149.9,14,FALSE,40,4,59,Female,4,3.6363636363636362,4,"Crowdfunding, Government Bonds",White,United Kingdom,United Kingdom,Full-Time
427,1,access,hq_lf,high,low,Ironhall,87b7dfe9,4,0,59,14,FALSE,2,4,73,Female,12,4.181818181818182,4,"Government Bonds, Stock Market, Private Equity fund, Venture Capital fund",White,United States,United States,"Not in paid work (e.g. homemaker', 'retired or disabled)"
428,7,access,hq_lf,high,low,Pulsegrid,f5bfffe5,4,20,65.7,1,FALSE,64,4,33,Male,0,3.4545454545454546,4,"Stock Market, Crowdfunding",Mixed,Brazil,Brazil,Full-Time
429,5,access,hq_lf,high,low,Sentyl,0566fd88,3,30,66.9,14,FALSE,100,7,36,Male,1,3.727272727272727,2,"Government Bonds, Stock Market, Crowdfunding",White,United Kingdom,United Kingdom,Full-Time
431,6,access,hq_lf,high,low,Paperloom,081e5fb5,2,15,36.3,14,FALSE,93,6,35,Male,15,4,4,"ETF or ETC, Government Bonds, Stock Market, Unit trusts, Angel syndicate, Options, Private Equity fund, Venture Capital fund, Crowdfunding, Other",Mixed,Brazil,Brazil,Full-Time
432,8,access,hq_lf,high,low,Foliant,fa1fe22c,1,10,134.7,14,FALSE,86,6,47,Female,5,4.545454545454546,6,"Government Bonds, Stock Market, Private Equity fund",White,United States,United States,Full-Time
433,1,access,hq_lf,high,low,Ironhall,87b7dfe9,3,30,149.9,10,FALSE,63,5,42,Female,7,4.090909090909091,5,"Government Bonds, Stock Market, Crowdfunding, Other",White,United Kingdom,United Kingdom,Other
434,2,access,hq_lf,high,low,Curato,cbc833b1,4,45,41.4,14,FALSE,38,4,24,Male,1,2.4545454545454546,6,"Stock Market, ETF or ETC, Other, Options, Crowdfunding",Mixed,United Kingdom,United Kingdom,Unemployed (and job seeking)
435,4,access,hq_lf,high,low,Axonmesh,e6065b1a,1,30,150,14,FALSE,15,6,43,Male,6,3.909090909090909,2,"Government Bonds, Stock Market, Options, Crowdfunding",White,United Kingdom,United Kingdom,Full-Time
437,1,access,hq_lf,high,low,Ironhall,87b7dfe9,4,25,150.6,14,FALSE,35,6,42,Female,5,4.090909090909091,6,"Stock Market, Private Equity fund",Black,United States,United States,Full-Time
438,6,access,hq_lf,high,low,Paperloom,081e5fb5,1,40,128.1,14,FALSE,24,7,35,Female,0,3.8181818181818183,7,"Stock Market, Crowdfunding",White,United Kingdom,United Kingdom,Full-Time
441,7,access,hq_lf,high,low,Pulsegrid,f5bfffe5,1,45,131.2,14,FALSE,69,6,47,Male,6,4.363636363636363,5,"ETF or ETC, Government Bonds, Stock Market, Private Equity fund, Venture Capital fund",Black,United States,United States,Full-Time
443,4,access,hq_lf,high,low,Axonmesh,e6065b1a,2,35,100.8,14,FALSE,72,7,22,Female,4,4.545454545454546,5,"ETF or ETC, Government Bonds, Stock Market, Private Equity fund",Black,United States,United States,Full-Time
444,7,access,hq_lf,high,low,Pulsegrid,f5bfffe5,3,0,106.8,14,FALSE,29,3,58,Male,0,4.636363636363637,3,Crowdfunding,White,United States,United States,Full-Time
445,2,access,hq_lf,high,low,Curato,cbc833b1,1,25,146.4,5,FALSE,79,6,28,Male,2,4,6,"Private Equity fund, Stock Market, Government Bonds",Black,France,Ghana,Full-Time
446,8,access,hq_lf,high,low,Foliant,fa1fe22c,2,10,150.2,14,FALSE,5,3,24,Male,5,4.909090909090909,6,"ETF or ETC, Government Bonds, Stock Market, Unit trusts, Options, Angel syndicate, Private Equity fund, Venture Capital fund, Crowdfunding, Other",White,United Kingdom,United Kingdom,Full-Time
447,7,access,hq_lf,high,low,Pulsegrid,f5bfffe5,2,45,138.4,14,FALSE,64,4,41,Male,5,3.6363636363636362,5,"Stock Market, ETF or ETC, Government Bonds, Options, Private Equity fund, Unit trusts, Angel syndicate",White,United States,United States,Full-Time
448,3,access,hq_lf,high,low,Servora,574d1367,2,20,130,14,FALSE,98,7,32,Male,2,4.545454545454546,3,"ETF or ETC, Stock Market, Options, Private Equity fund, Crowdfunding, Venture Capital fund",Black,United States,United States,Full-Time
449,5,access,hq_lf,high,low,Sentyl,0566fd88,3,20,127.3,14,FALSE,49,4,28,Male,2,3.4545454545454546,2,"ETF or ETC, Government Bonds, Stock Market, Crowdfunding",Asian,United States,United States,Full-Time
450,5,access,hq_lf,high,low,Sentyl,0566fd88,3,0,60.5,13,FALSE,60,3,50,Male,5,3.5454545454545454,5,"Stock Market, Crowdfunding",White,United States,United States,"Not in paid work (e.g. homemaker', 'retired or disabled)"
452,2,access,hq_lf,high,low,Curato,cbc833b1,1,20,150,12,FALSE,11,3,22,Male,1,3.4545454545454546,5,"Crowdfunding, Stock Market",White,Brazil,Brazil,Unemployed (and job seeking)
453,1,access,hq_lf,high,low,Ironhall,87b7dfe9,2,25,150.6,4,FALSE,21,3,54,Female,2,3.5454545454545454,2,Crowdfunding,White,United Kingdom,United Kingdom,Part-Time
455,8,access,hq_lf,high,low,Foliant,fa1fe22c,2,15,124.2,8,FALSE,58,5,31,Female,2,3.8181818181818183,5,"ETF or ETC, Government Bonds, Stock Market, Angel syndicate, Options, Unit trusts, Venture Capital fund, Private Equity fund, Crowdfunding, Other",Black,Canada,Canada,Full-Time
458,1,access,hq_lf,high,low,Ironhall,87b7dfe9,4,10,55.2,14,FALSE,92,6,37,Male,2,4.2727272727272725,2,"Stock Market, Private Equity fund",White,United Kingdom,United Kingdom,Full-Time
460,4,access,hq_lf,high,low,Axonmesh,e6065b1a,3,25,128.6,13,FALSE,94,6,37,Male,7,4.2727272727272725,2,"ETF or ETC, Stock Market, Angel syndicate, Venture Capital fund, Crowdfunding",White,United Kingdom,United Kingdom,Full-Time
461,3,access,hq_lf,high,low,Servora,574d1367,3,15,103.6,14,FALSE,23,4,31,Female,0,3.272727272727273,5,"Government Bonds, Stock Market, Venture Capital fund",White,United States,United States,Full-Time
462,7,access,hq_lf,high,low,Pulsegrid,f5bfffe5,1,40,150.4,8,FALSE,57,4,36,Male,7,3.1818181818181817,6,"ETF or ETC, Stock Market, Venture Capital fund",White,United Kingdom,United Kingdom,Full-Time
463,3,access,hq_lf,high,low,Servora,574d1367,4,45,80.1,14,FALSE,84,7,23,Female,4,4.636363636363637,4,"Stock Market, Venture Capital fund, Private Equity fund",Black,United States,United States,Full-Time
464,2,access,hq_lf,high,low,Curato,cbc833b1,2,0,149.9,14,FALSE,3,2,39,Female,10,3.909090909090909,5,"Crowdfunding, Other",White,United Kingdom,United Kingdom,Full-Time
465,6,access,hq_lf,high,low,Paperloom,081e5fb5,3,50,74.8,14,FALSE,26,5,39,Female,3,3.3636363636363638,1,"Crowdfunding, Government Bonds",White,United States,United States,"Not in paid work (e.g. homemaker', 'retired or disabled)"
467,6,access,hq_lf,high,low,Paperloom,081e5fb5,1,35,132.1,14,FALSE,67,5,55,Female,0,3.3636363636363638,2,"Stock Market, Crowdfunding",White,France,Norway,Full-Time
468,1,access,hq_lf,high,low,Ironhall,87b7dfe9,4,20,12.4,14,FALSE,33,3,35,Male,8,4.090909090909091,6,"Crowdfunding, Stock Market",Black,United Kingdom,United Kingdom,Full-Time
469,3,access,hq_lf,high,low,Servora,574d1367,1,10,94.3,14,FALSE,36,6,41,Male,5,4.2727272727272725,3,"Government Bonds, Stock Market, ETF or ETC, Venture Capital fund, Unit trusts",Black,United States,United States,Part-Time
470,3,access,hq_lf,high,low,Servora,574d1367,3,70,150.5,14,FALSE,14,7,35,Male,5,3.4545454545454546,2,"ETF or ETC, Government Bonds, Stock Market, Unit trusts, Angel syndicate, Options, Private Equity fund, Venture Capital fund, Crowdfunding, Other",Mixed,United States,United States,Full-Time
471,3,access,hq_lf,high,low,Servora,574d1367,1,50,142.9,14,FALSE,57,7,45,Male,0,2.3636363636363638,4,"ETF or ETC, Stock Market, Crowdfunding",White,United States,United States,Full-Time
474,1,access,hq_lf,high,low,Ironhall,87b7dfe9,2,10,135.7,14,FALSE,17,2,42,Male,2,3.090909090909091,5,"Government Bonds, ETF or ETC, Stock Market, Options, Private Equity fund, Other",Mixed,Brazil,Brazil,Part-Time
475,5,access,hq_lf,high,low,Sentyl,0566fd88,1,0,128.1,14,FALSE,36,3,53,Male,10,3.6363636363636362,5,"ETF or ETC, Stock Market, Unit trusts, Crowdfunding",White,United Kingdom,United Kingdom,Part-Time
476,5,access,hq_lf,high,low,Sentyl,0566fd88,3,25,121.4,14,FALSE,25,5,29,Male,2,4.2727272727272725,5,"Stock Market, Private Equity fund",Black,Canada,Canada,Part-Time
477,7,access,hq_lf,high,low,Pulsegrid,f5bfffe5,2,35,149.9,14,FALSE,35,5,40,Male,10,3.909090909090909,5,"ETF or ETC, Stock Market, Government Bonds, Options, Private Equity fund",Mixed,United States,United States,Full-Time
479,4,access,hq_lf,high,low,Axonmesh,e6065b1a,1,40,150.6,14,FALSE,93,5,21,Male,1,3.6363636363636362,2,"ETF or ETC, Stock Market, Private Equity fund, Government Bonds",White,United Kingdom,United Kingdom,Full-Time
480,7,access,hq_lf,high,low,Pulsegrid,f5bfffe5,1,30,130.6,14,FALSE,32,5,30,Female,3,4.545454545454546,6,"ETF or ETC, Stock Market, Crowdfunding, Private Equity fund",Asian,United Kingdom,United Kingdom,Part-Time
481,8,access,hq_lf,high,low,Foliant,fa1fe22c,3,30,47.6,14,FALSE,77,6,45,Male,5,4.454545454545454,1,"ETF or ETC, Government Bonds, Stock Market, Unit trusts, Private Equity fund, Crowdfunding",Black,Canada,Canada,Full-Time
483,1,access,hq_lf,high,low,Ironhall,87b7dfe9,1,40,149.1,14,FALSE,96,7,37,Male,3,5,4,"Stock Market, Private Equity fund, Other, Government Bonds, Options",Asian,India,India,Full-Time
485,5,access,hq_lf,high,low,Sentyl,0566fd88,4,30,143.1,14,FALSE,39,3,34,Male,2,3.1818181818181817,4,"Stock Market, Venture Capital fund, Crowdfunding, ETF or ETC",Black,United States,United States,Part-Time
486,5,access,hq_lf,high,low,Sentyl,0566fd88,4,30,133.4,14,FALSE,75,5,46,Female,2,4.545454545454546,3,"Government Bonds, Private Equity fund",Asian,India,India,Unemployed (and job seeking)
487,4,access,hq_lf,high,low,Axonmesh,e6065b1a,1,40,149.9,8,FALSE,63,6,45,Female,0,3.909090909090909,7,"ETF or ETC, Stock Market, Crowdfunding",White,United Kingdom,United Kingdom,Part-Time
491,4,access,hq_lf,high,low,Axonmesh,e6065b1a,2,35,150,14,FALSE,35,6,25,Female,3,4.545454545454546,2,"ETF or ETC, Crowdfunding, Stock Market, Venture Capital fund, Options",Black,United States,Nigeria,Full-Time
493,8,access,hq_lf,high,low,Foliant,fa1fe22c,3,30,147.9,14,FALSE,55,4,53,Female,8,3.727272727272727,2,"Stock Market, ETF or ETC, Private Equity fund",White,United States,United States,Full-Time
495,3,access,hq_lf,high,low,Servora,574d1367,2,35,150.1,14,FALSE,48,4,34,Male,1,3.8181818181818183,1,"Stock Market, Crowdfunding, Options, Private Equity fund",White,United States,United States,Full-Time
497,1,access,hq_lf,high,low,Ironhall,87b7dfe9,2,25,150.1,13,FALSE,86,6,32,Male,1,4.2727272727272725,7,"Government Bonds, Crowdfunding",Black,United States,Kenya,Part-Time
499,5,access,hq_lf,high,low,Sentyl,0566fd88,1,30,149.9,14,FALSE,100,7,31,Male,7,4.090909090909091,1,"ETF or ETC, Stock Market, Unit trusts, Angel syndicate, Private Equity fund",White,United States,United States,Full-Time
500,8,access,hq_lf,high,low,Foliant,fa1fe22c,4,10,120.9,14,FALSE,30,4,59,Male,3,3.3636363636363638,3,"ETF or ETC, Stock Market, Unit trusts, Crowdfunding",White,United Kingdom,United Kingdom,Full-Time
501,6,access,hq_lf,high,low,Paperloom,081e5fb5,2,10,149.9,14,FALSE,38,3,25,Male,2,3,1,"ETF or ETC, Stock Market, Private Equity fund, Crowdfunding",Asian,United Kingdom,United Kingdom,Unemployed (and job seeking)
502,7,access,hq_lf,high,low,Pulsegrid,f5bfffe5,1,NA,89.1,14,TRUE,65,6,37,Male,0,4.181818181818182,2,"ETF or ETC, Government Bonds, Stock Market, Options, Private Equity fund, Venture Capital fund, Crowdfunding",White,United States,United States,Full-Time
503,7,access,hq_lf,high,low,Pulsegrid,f5bfffe5,2,45,150,7,FALSE,48,5,29,Female,0,3.6363636363636362,3,"Government Bonds, Crowdfunding",Black,United Kingdom,United Kingdom,Part-Time
505,3,access,hq_lf,high,low,Servora,574d1367,4,40,150.1,14,FALSE,79,7,39,Female,4,2.909090909090909,6,"Stock Market, Unit trusts, Other, Venture Capital fund",Black,Canada,Canada,Full-Time
507,5,access,hq_lf,high,low,Sentyl,0566fd88,4,15,16.8,14,FALSE,17,2,25,Female,1,3.909090909090909,3,"Stock Market, Crowdfunding, Unit trusts, ETF or ETC, Private Equity fund",Asian,United Kingdom,United Kingdom,Full-Time
511,7,access,hq_lf,high,low,Pulsegrid,f5bfffe5,1,20,150,9,FALSE,66,5,32,Male,7,3.4545454545454546,5,"Stock Market, Private Equity fund, Crowdfunding, Venture Capital fund",Black,United Kingdom,United Kingdom,Full-Time
513,1,access,hq_lf,high,low,Ironhall,87b7dfe9,2,30,106.1,14,FALSE,85,6,30,Male,5,3.8181818181818183,5,"ETF or ETC, Government Bonds, Stock Market, Angel syndicate",Black,United States,United States,Part-Time
518,6,access,hq_lf,high,low,Paperloom,081e5fb5,4,80,94.5,14,FALSE,17,3,27,Male,0,4.181818181818182,5,"ETF or ETC, Stock Market, Private Equity fund",Mixed,United Kingdom,Turkey,Full-Time
521,5,access,hq_lf,high,low,Sentyl,0566fd88,4,35,150.1,14,FALSE,61,4,38,Male,2,3.6363636363636362,5,"Government Bonds, ETF or ETC, Stock Market, Crowdfunding, Private Equity fund, Options",White,Canada,Canada,Full-Time
1,3,access,lq_lf,low,low,Curato,14efa601,1,5,122.5,14,FALSE,24,3,31,Male,0,3.272727272727273,6,"ETF or ETC, Stock Market, Government Bonds, Crowdfunding",White,Germany,Germany,Full-Time
2,4,access,lq_lf,low,low,Servora,e06655dc,4,5,33.6,14,FALSE,12,4,54,Female,5,3.4545454545454546,3,"Stock Market, Crowdfunding, Other",White,United Kingdom,United Kingdom,Other
3,7,access,lq_lf,low,low,Paperloom,e20d4e90,2,5,63.4,14,FALSE,22,2,39,Female,2,2.727272727272727,5,"ETF or ETC, Stock Market, Crowdfunding",White,United Kingdom,United Kingdom,Unemployed (and job seeking)
4,6,access,lq_lf,low,low,Sentyl,bfc6f4d0,1,30,150.1,10,FALSE,70,5,47,Male,10,4.181818181818182,4,"Government Bonds, Stock Market, Crowdfunding",White,United States,United States,Full-Time
5,5,access,lq_lf,low,low,Axonmesh,c7e2221f,4,60,28.9,14,FALSE,71,3,36,Male,1,2.909090909090909,1,"ETF or ETC, Government Bonds, Stock Market, Options, Crowdfunding, Other",White,Germany,Germany,Full-Time
6,7,access,lq_lf,low,low,Paperloom,e20d4e90,2,20,47.2,14,FALSE,65,4,22,Female,1,3.4545454545454546,4,"Unit trusts, Stock Market, ETF or ETC, Options, Government Bonds, Crowdfunding",Asian,Singapore,Singapore,Unemployed (and job seeking)
9,5,access,lq_lf,low,low,Axonmesh,c7e2221f,2,15,112.7,11,FALSE,0,3,40,Female,0,4,6,"Stock Market, Crowdfunding",White,United States,United States,Full-Time
10,3,access,lq_lf,low,low,Curato,14efa601,4,0,43.3,14,FALSE,51,4,31,Male,4,3.909090909090909,3,"ETF or ETC, Stock Market, Unit trusts, Options, Private Equity fund, Venture Capital fund",White,United Kingdom,United Kingdom,Full-Time
11,6,access,lq_lf,low,low,Sentyl,bfc6f4d0,2,10,67.4,14,FALSE,69,7,44,Male,8,4.2727272727272725,1,"Government Bonds, Stock Market, Options, Venture Capital fund",Black,United States,United States,Full-Time
12,8,access,lq_lf,low,low,Pulsegrid,e7f29679,2,5,91.1,14,FALSE,68,2,41,Male,2,3,3,"ETF or ETC, Government Bonds, Crowdfunding, Other, Stock Market",White,United Kingdom,United Kingdom,"Not in paid work (e.g. homemaker', 'retired or disabled)"
13,1,access,lq_lf,low,low,Foliant,3eed90b1,4,20,105.8,14,FALSE,39,4,37,Female,1,2.727272727272727,7,"Stock Market, Crowdfunding, Other",White,France,France,Full-Time
14,8,access,lq_lf,low,low,Pulsegrid,e7f29679,4,10,73.3,14,FALSE,37,3,37,Male,4,3.8181818181818183,2,"Government Bonds, Stock Market, Crowdfunding",White,United States,United States,Unemployed (and job seeking)
15,2,access,lq_lf,low,low,Ironhall,817f1201,2,25,150,14,FALSE,29,5,22,Male,4,4.363636363636363,7,"Options, Angel syndicate, Unit trusts, Stock Market, Government Bonds, ETF or ETC, Crowdfunding",Asian,India,India,Full-Time
16,5,access,lq_lf,low,low,Axonmesh,c7e2221f,1,20,108.3,14,FALSE,1,3,68,Male,0,3.5454545454545454,6,"Stock Market, Private Equity fund",White,United States,United States,"Not in paid work (e.g. homemaker', 'retired or disabled)"
17,2,access,lq_lf,low,low,Ironhall,817f1201,3,25,87.4,14,FALSE,65,4,31,Male,4,3.727272727272727,5,"Stock Market, Private Equity fund, Crowdfunding, Venture Capital fund, Government Bonds, ETF or ETC, Unit trusts",Black,United Kingdom,United Kingdom,Part-Time
18,4,access,lq_lf,low,low,Servora,e06655dc,3,5,150.2,14,FALSE,0,2,33,Female,2,4.454545454545454,4,"Options, Crowdfunding, Stock Market, Government Bonds, ETF or ETC",White,United Kingdom,Hungary,Full-Time
19,3,access,lq_lf,low,low,Curato,14efa601,1,20,111,14,FALSE,6,2,33,Female,4,4.090909090909091,6,"Stock Market, Crowdfunding, Government Bonds",White,United Kingdom,United Kingdom,Full-Time
21,1,access,lq_lf,low,low,Foliant,3eed90b1,2,15,97,14,FALSE,32,4,39,Male,0,3.272727272727273,3,"Stock Market, Crowdfunding",White,United States,United States,Part-Time
22,1,access,lq_lf,low,low,Foliant,3eed90b1,3,20,80.2,14,FALSE,0,5,48,Male,0,4.090909090909091,3,"Stock Market, Private Equity fund, Crowdfunding",White,United States,United States,Full-Time
23,1,access,lq_lf,low,low,Foliant,3eed90b1,4,10,63.8,14,FALSE,63,4,43,Female,2,4.363636363636363,3,"ETF or ETC, Stock Market, Government Bonds, Crowdfunding",Black,United States,United States,Full-Time
24,4,access,lq_lf,low,low,Servora,e06655dc,1,30,107.1,14,FALSE,100,6,37,Male,2,3.909090909090909,1,"ETF or ETC, Stock Market, Private Equity fund",Asian,Germany,Germany,Part-Time
25,8,access,lq_lf,low,low,Pulsegrid,e7f29679,2,10,150,13,FALSE,9,5,59,Female,10,3.8181818181818183,2,Crowdfunding,Other,United Kingdom,United States,NA
27,6,access,lq_lf,low,low,Sentyl,bfc6f4d0,2,28,143.2,14,FALSE,33,3,36,Male,2,3.909090909090909,5,"ETF or ETC, Government Bonds, Stock Market, Private Equity fund, Crowdfunding, Venture Capital fund, Options",Black,United States,United States,Full-Time
29,6,access,lq_lf,low,low,Sentyl,bfc6f4d0,3,15,23.7,14,FALSE,14,4,49,Female,0,2.4545454545454546,4,"ETF or ETC, Crowdfunding",White,United Kingdom,United Kingdom,Full-Time
31,5,access,lq_lf,low,low,Axonmesh,c7e2221f,2,20,25.1,1,FALSE,93,6,37,Male,2,4,2,"Stock Market, Private Equity fund, Government Bonds",Black,United Kingdom,United Kingdom,Full-Time
32,6,access,lq_lf,low,low,Sentyl,bfc6f4d0,1,20,144.6,14,FALSE,68,3,33,Male,4,3.272727272727273,1,Private Equity fund,White,Brazil,Brazil,Full-Time
33,7,access,lq_lf,low,low,Paperloom,e20d4e90,1,0,134.1,14,FALSE,72,3,31,Male,2,3.8181818181818183,3,"ETF or ETC, Government Bonds, Stock Market, Private Equity fund, Venture Capital fund",White,Canada,Canada,Full-Time
34,8,access,lq_lf,low,low,Pulsegrid,e7f29679,4,5,95.1,14,FALSE,32,2,31,Male,2,3,4,"Stock Market, Crowdfunding",White,United Kingdom,United Kingdom,Full-Time
35,6,access,lq_lf,low,low,Sentyl,bfc6f4d0,3,10,127.9,14,FALSE,25,4,36,Female,8,3.727272727272727,4,Crowdfunding,Black,United Kingdom,United Kingdom,Unemployed (and job seeking)
38,6,access,lq_lf,low,low,Sentyl,bfc6f4d0,1,10,84,14,FALSE,32,2,31,Male,5,3.6363636363636362,5,"Government Bonds, ETF or ETC, Stock Market, Unit trusts, Angel syndicate, Options, Private Equity fund, Venture Capital fund, Crowdfunding",Black,United States,United States,Full-Time
39,8,access,lq_lf,low,low,Pulsegrid,e7f29679,1,20,46.9,14,FALSE,43,4,25,Female,2,4.454545454545454,4,"Government Bonds, Stock Market, Private Equity fund, Crowdfunding",Black,United States,United States,Full-Time
41,7,access,lq_lf,low,low,Paperloom,e20d4e90,2,30,138,14,FALSE,45,6,57,Male,0,3.272727272727273,2,"Stock Market, Crowdfunding, ETF or ETC, Options, Other",White,United States,United States,Full-Time
42,1,access,lq_lf,low,low,Foliant,3eed90b1,3,10,70.8,14,FALSE,30,3,55,Female,0,3.272727272727273,2,"Stock Market, Private Equity fund",White,United Kingdom,United Kingdom,Part-Time
43,7,access,lq_lf,low,low,Paperloom,e20d4e90,1,0,42.2,14,FALSE,44,4,65,Female,10,4,5,"ETF or ETC, Government Bonds, Stock Market, Unit trusts, Private Equity fund",White,United States,United States,Full-Time
44,7,access,lq_lf,low,low,Paperloom,e20d4e90,2,3,148.6,14,FALSE,15,3,21,Male,1,3.8181818181818183,5,"Stock Market, Crowdfunding, ETF or ETC",White,United Kingdom,United Kingdom,Part-Time
45,6,access,lq_lf,low,low,Sentyl,bfc6f4d0,3,25,85.3,14,FALSE,40,5,49,Male,9,4.090909090909091,5,"ETF or ETC, Stock Market, Government Bonds, Private Equity fund, Crowdfunding, Venture Capital fund",White,United Kingdom,United Kingdom,Full-Time
46,4,access,lq_lf,low,low,Servora,e06655dc,2,55,148.3,14,FALSE,33,5,34,Male,11,3.4545454545454546,2,"ETF or ETC, Government Bonds, Stock Market, Private Equity fund, Angel syndicate, Venture Capital fund, Crowdfunding",White,United Kingdom,United Kingdom,Full-Time
47,3,access,lq_lf,low,low,Curato,14efa601,3,0,38.7,14,FALSE,17,2,34,Male,2,2.1818181818181817,5,"Stock Market, ETF or ETC, Government Bonds, Unit trusts, Angel syndicate, Options, Private Equity fund, Venture Capital fund, Crowdfunding, Other",White,United Kingdom,United Kingdom,Full-Time
49,4,access,lq_lf,low,low,Servora,e06655dc,4,0,122.5,14,FALSE,49,4,29,Male,3,2.727272727272727,5,"Stock Market, Crowdfunding, Other",Mixed,United Kingdom,United Kingdom,Part-Time
50,1,access,lq_lf,low,low,Foliant,3eed90b1,3,30,110.5,14,FALSE,11,4,35,Male,0,4.363636363636363,5,"Stock Market, Crowdfunding",Asian,United Kingdom,United Kingdom,Full-Time
51,8,access,lq_lf,low,low,Pulsegrid,e7f29679,4,20,49.7,14,FALSE,12,3,32,Male,2,4.636363636363637,5,"ETF or ETC, Government Bonds, Stock Market, Venture Capital fund",White,United States,United States,Part-Time
53,7,access,lq_lf,low,low,Paperloom,e20d4e90,2,30,109.8,14,FALSE,100,7,39,Male,0,3.8181818181818183,3,"Stock Market, Options, Crowdfunding",White,United States,United States,Full-Time
54,1,access,lq_lf,low,low,Foliant,3eed90b1,3,35,100.7,11,FALSE,32,5,31,Male,5,3.4545454545454546,2,"Options, Crowdfunding, Stock Market, Government Bonds, ETF or ETC",White,United States,United States,Part-Time
57,3,access,lq_lf,low,low,Curato,14efa601,3,20,101.8,14,FALSE,29,5,29,Male,1,3.5454545454545454,6,"Crowdfunding, Venture Capital fund, Private Equity fund, Options, Stock Market, Government Bonds, ETF or ETC",Black,United Kingdom,Netherlands,Full-Time
59,7,access,lq_lf,low,low,Paperloom,e20d4e90,4,0,32.5,14,FALSE,3,2,34,Male,10,3.909090909090909,6,"ETF or ETC, Government Bonds, Stock Market, Options, Private Equity fund, Crowdfunding, Other",Asian,United Kingdom,United Kingdom,Full-Time
60,1,access,lq_lf,low,low,Foliant,3eed90b1,4,5,150,14,FALSE,41,3,39,Male,2,3,1,"Stock Market, Private Equity fund",White,United States,United States,Full-Time
61,2,access,lq_lf,low,low,Ironhall,817f1201,1,25,150,14,FALSE,42,3,27,Male,1,3.1818181818181817,5,"Stock Market, Options, Angel syndicate, Private Equity fund, Government Bonds, ETF or ETC, Unit trusts, Crowdfunding",Asian,India,India,Part-Time
62,6,access,lq_lf,low,low,Sentyl,bfc6f4d0,3,10,141.7,14,FALSE,38,2,44,Female,0,3,3,"ETF or ETC, Stock Market, Crowdfunding",White,United States,United States,Full-Time
63,2,access,lq_lf,low,low,Ironhall,817f1201,3,20,25.6,14,FALSE,40,4,28,Female,4,4.2727272727272725,6,"Stock Market, ETF or ETC, Private Equity fund, Government Bonds",Black,Canada,Canada,Full-Time
64,2,access,lq_lf,low,low,Ironhall,817f1201,4,0,22.3,14,FALSE,0,4,68,Female,0,3.1818181818181817,1,"Government Bonds, Crowdfunding",Other,United States,United States,"Not in paid work (e.g. homemaker', 'retired or disabled)"
65,4,access,lq_lf,low,low,Servora,e06655dc,2,25,129.1,14,FALSE,51,4,39,Male,0,4,1,"ETF or ETC, Government Bonds, Stock Market, Private Equity fund, Crowdfunding",Black,United States,United States,Unemployed (and job seeking)
66,8,access,lq_lf,low,low,Pulsegrid,e7f29679,2,0,149.9,13,FALSE,74,2,53,Male,10,4.181818181818182,1,"ETF or ETC, Stock Market, Venture Capital fund, Crowdfunding",White,United Kingdom,United Kingdom,Full-Time
68,3,access,lq_lf,low,low,Curato,14efa601,1,35,83.7,14,FALSE,23,2,38,Male,8,4,4,"ETF or ETC, Government Bonds, Stock Market, Unit trusts, Options, Private Equity fund, Venture Capital fund, Crowdfunding",White,Brazil,Brazil,Part-Time
69,5,access,lq_lf,low,low,Axonmesh,c7e2221f,3,10,119.7,14,FALSE,43,3,26,Female,0,3.6363636363636362,1,"ETF or ETC, Government Bonds, Stock Market, Options, Private Equity fund, Venture Capital fund, Crowdfunding",White,United Kingdom,United Kingdom,Other
71,1,access,lq_lf,low,low,Foliant,3eed90b1,3,15,49.5,14,FALSE,22,3,60,Male,0,4.181818181818182,3,"Government Bonds, Stock Market, Crowdfunding",White,United States,United States,"Not in paid work (e.g. homemaker', 'retired or disabled)"
72,6,access,lq_lf,low,low,Sentyl,bfc6f4d0,1,10,149.9,14,FALSE,43,3,21,Male,1,3.090909090909091,5,"ETF or ETC, Stock Market, Government Bonds, Unit trusts, Options, Angel syndicate, Private Equity fund, Venture Capital fund, Crowdfunding",White,France,France,Part-Time
74,2,access,lq_lf,low,low,Ironhall,817f1201,4,10,150.2,14,FALSE,21,4,28,Female,0,3.090909090909091,4,"Stock Market, Options, Crowdfunding",Asian,United States,United States,Unemployed (and job seeking)
75,2,access,lq_lf,low,low,Ironhall,817f1201,1,15,145.5,14,FALSE,23,4,30,Male,6,3.8181818181818183,2,"ETF or ETC, Stock Market, Options, Private Equity fund, Government Bonds, Crowdfunding",White,Brazil,Brazil,Full-Time
77,3,access,lq_lf,low,low,Curato,14efa601,3,10,74.1,14,FALSE,14,4,64,Female,10,4.090909090909091,6,"Government Bonds, Crowdfunding",White,United Kingdom,United Kingdom,Full-Time
78,3,access,lq_lf,low,low,Curato,14efa601,3,15,114.6,14,FALSE,18,6,50,Male,15,3.909090909090909,5,"Government Bonds, Stock Market, Private Equity fund, Crowdfunding",White,France,France,Full-Time
80,4,access,lq_lf,low,low,Servora,e06655dc,1,10,150.2,9,FALSE,66,5,70,Male,10,3.6363636363636362,3,"Government Bonds, Stock Market, Private Equity fund",White,United Kingdom,United Kingdom,"Not in paid work (e.g. homemaker', 'retired or disabled)"
82,5,access,lq_lf,low,low,Axonmesh,c7e2221f,3,20,85.8,14,FALSE,71,4,26,Male,3,4.2727272727272725,1,"ETF or ETC, Stock Market, Government Bonds, Options, Crowdfunding",Mixed,United Kingdom,United Kingdom,Full-Time
83,6,access,lq_lf,low,low,Sentyl,bfc6f4d0,3,5,150,12,FALSE,12,3,36,Female,1,4.7272727272727275,1,"Government Bonds, Crowdfunding",White,United Kingdom,United Kingdom,Full-Time
84,5,access,lq_lf,low,low,Axonmesh,c7e2221f,3,1,150.5,1,FALSE,33,4,36,Male,2,3.3636363636363638,5,"Government Bonds, Stock Market, Options, Venture Capital fund, Crowdfunding",White,United States,United States,Unemployed (and job seeking)
85,8,access,lq_lf,low,low,Pulsegrid,e7f29679,2,20,146.1,13,FALSE,24,2,41,Male,10,3.6363636363636362,4,"Government Bonds, Stock Market, Options, Private Equity fund, Venture Capital fund",Asian,United Kingdom,United Kingdom,Full-Time
86,8,access,lq_lf,low,low,Pulsegrid,e7f29679,4,20,93.1,14,FALSE,28,3,43,Male,10,3.3636363636363638,5,"Stock Market, ETF or ETC, Private Equity fund, Venture Capital fund, Crowdfunding",White,United Kingdom,United Kingdom,Full-Time
88,1,access,lq_lf,low,low,Foliant,3eed90b1,1,0,84.7,14,FALSE,100,2,55,Male,20,2.6363636363636362,1,"Stock Market, ETF or ETC, Crowdfunding, Other",White,United States,United States,Other
89,4,access,lq_lf,low,low,Servora,e06655dc,2,10,114.8,14,FALSE,27,3,22,Male,0,3.1818181818181817,6,"Crowdfunding, Stock Market, Government Bonds",White,United Kingdom,United Kingdom,Full-Time
90,3,access,lq_lf,low,low,Curato,14efa601,1,22,150.1,14,FALSE,100,5,32,Female,5,4.090909090909091,1,"Stock Market, Private Equity fund, Crowdfunding, Venture Capital fund",Black,United Kingdom,Nigeria,Full-Time
92,3,access,lq_lf,low,low,Curato,14efa601,2,30,129.6,14,FALSE,66,5,50,Male,5,4.545454545454546,1,"Stock Market, Venture Capital fund, Crowdfunding, Government Bonds",White,United States,United States,Full-Time
93,7,access,lq_lf,low,low,Paperloom,e20d4e90,1,10,30.6,14,FALSE,67,3,33,Male,2,3.3636363636363638,4,"Stock Market, Other, Private Equity fund",Black,United States,United States,Full-Time
94,8,access,lq_lf,low,low,Pulsegrid,e7f29679,3,30,7,14,FALSE,72,5,31,Male,4,3.4545454545454546,5,"Government Bonds, Private Equity fund, Venture Capital fund",Black,United Kingdom,Nigeria,Full-Time
96,8,access,lq_lf,low,low,Pulsegrid,e7f29679,2,25,106.7,14,FALSE,71,5,39,Male,4,4.2727272727272725,2,"Stock Market, Private Equity fund, Crowdfunding, Venture Capital fund",Black,United States,Nigeria,Part-Time
97,2,access,lq_lf,low,low,Ironhall,817f1201,1,10,149.8,14,FALSE,10,1,40,Male,0,4.818181818181818,2,"ETF or ETC, Government Bonds, Stock Market, Options, Private Equity fund",Asian,United States,United States,Full-Time
98,5,access,lq_lf,low,low,Axonmesh,c7e2221f,2,20,150.1,14,FALSE,40,6,42,Male,0,3.6363636363636362,3,"Stock Market, Crowdfunding",White,United States,United States,Full-Time
99,7,access,lq_lf,low,low,Paperloom,e20d4e90,3,10,73.9,14,FALSE,100,2,36,Other,18,3.909090909090909,3,"ETF or ETC, Stock Market, Crowdfunding",White,United States,United States,Full-Time
102,6,access,lq_lf,low,low,Sentyl,bfc6f4d0,1,10,101.9,14,FALSE,20,5,38,Male,1,3.1818181818181817,5,"ETF or ETC, Government Bonds, Unit trusts, Crowdfunding, Venture Capital fund, Stock Market",White,United Kingdom,United Kingdom,Full-Time
103,7,access,lq_lf,low,low,Paperloom,e20d4e90,1,10,122.4,14,FALSE,73,5,36,Male,1,3,4,"ETF or ETC, Private Equity fund",Black,Canada,South Africa,Full-Time
104,4,access,lq_lf,low,low,Servora,e06655dc,3,5,149.3,14,FALSE,14,2,39,Male,2,4,4,"Government Bonds, Stock Market, Crowdfunding",White,United States,United States,Full-Time
105,2,access,lq_lf,low,low,Ironhall,817f1201,1,10,150,4,FALSE,35,3,54,Female,10,3.5454545454545454,5,"ETF or ETC, Stock Market, Government Bonds, Options, Private Equity fund",White,United Kingdom,United Kingdom,NA
106,5,access,lq_lf,low,low,Axonmesh,c7e2221f,3,30,110.2,9,FALSE,87,5,32,Male,3,4.363636363636363,2,"Stock Market, ETF or ETC, Private Equity fund",White,United States,United States,Part-Time
107,3,access,lq_lf,low,low,Curato,14efa601,2,35,52.5,14,FALSE,0,1,21,Female,2,5,4,"Government Bonds, Stock Market, Venture Capital fund, Crowdfunding, Private Equity fund, Angel syndicate, Unit trusts, Options, ETF or ETC",Black,United States,United States,Full-Time
108,7,access,lq_lf,low,low,Paperloom,e20d4e90,1,20,149.9,14,FALSE,59,6,30,Male,5,4.090909090909091,3,"ETF or ETC, Government Bonds, Stock Market, Options, Crowdfunding, Other",Asian,India,India,Full-Time
109,3,access,lq_lf,low,low,Curato,14efa601,2,30,72,14,FALSE,52,7,28,Female,4,5,1,"ETF or ETC, Stock Market, Crowdfunding, Private Equity fund, Government Bonds",Black,United States,United States,Unemployed (and job seeking)
110,3,access,lq_lf,low,low,Curato,14efa601,3,20,90.1,14,FALSE,0,4,47,Male,0,3.272727272727273,2,"Private Equity fund, ETF or ETC, Stock Market",White,United States,United States,Part-Time
111,3,access,lq_lf,low,low,Curato,14efa601,4,0,6.2,1,FALSE,32,3,31,Female,5,4.181818181818182,1,"ETF or ETC, Unit trusts, Options, Angel syndicate, Stock Market, Private Equity fund, Crowdfunding, Venture Capital fund",Black,United States,United States,Full-Time
112,5,access,lq_lf,low,low,Axonmesh,c7e2221f,3,80,150.1,12,FALSE,30,7,59,Male,3,3.5454545454545454,5,"ETF or ETC, Government Bonds, Stock Market, Options, Crowdfunding, Other",Mixed,United States,United States,"Not in paid work (e.g. homemaker', 'retired or disabled)"
114,3,access,lq_lf,low,low,Curato,14efa601,4,25,12.7,14,FALSE,53,4,43,Female,1,2.4545454545454546,2,"Stock Market, Crowdfunding",White,United States,United States,Full-Time
115,2,access,lq_lf,low,low,Ironhall,817f1201,4,15,126.4,14,FALSE,47,3,33,Male,0,3.8181818181818183,3,Crowdfunding,White,United Kingdom,United Kingdom,Part-Time
116,5,access,lq_lf,low,low,Axonmesh,c7e2221f,2,25,141.4,14,FALSE,71,6,53,Female,0,2.4545454545454546,5,"Stock Market, Options, Crowdfunding",Mixed,United States,France,Full-Time
119,4,access,lq_lf,low,low,Servora,e06655dc,3,25,66.3,14,FALSE,0,1,22,Male,4,4.090909090909091,1,"ETF or ETC, Private Equity fund, Government Bonds, Other",White,Brazil,Brazil,Full-Time
120,5,access,lq_lf,low,low,Axonmesh,c7e2221f,4,20,6.3,1,FALSE,58,4,27,Female,4,3.4545454545454546,5,"Stock Market, Private Equity fund, Crowdfunding",Black,United Kingdom,United Kingdom,Unemployed (and job seeking)
121,7,access,lq_lf,low,low,Paperloom,e20d4e90,4,0,149.9,14,FALSE,40,4,49,Female,0,3,4,"Crowdfunding, Stock Market",White,United States,United States,Full-Time
122,8,access,lq_lf,low,low,Pulsegrid,e7f29679,2,15,103.6,14,FALSE,31,4,60,Female,15,3.4545454545454546,3,Crowdfunding,White,United Kingdom,United Kingdom,Full-Time
123,4,access,lq_lf,low,low,Servora,e06655dc,4,60,150.1,9,FALSE,28,2,54,Male,3,4.090909090909091,5,"Government Bonds, Stock Market, Crowdfunding",Asian,India,India,Full-Time
124,6,access,lq_lf,low,low,Sentyl,bfc6f4d0,2,10,94.2,14,FALSE,65,5,53,Male,5,4.363636363636363,3,"ETF or ETC, Stock Market, Crowdfunding",White,United Kingdom,United Kingdom,Full-Time
125,8,access,lq_lf,low,low,Pulsegrid,e7f29679,2,20,67,14,FALSE,92,6,35,Male,3,4.2727272727272725,1,"Unit trusts, Stock Market, Venture Capital fund",Black,United States,United States,Unemployed (and job seeking)
127,2,access,lq_lf,low,low,Ironhall,817f1201,4,10,150.2,14,FALSE,35,4,26,Male,0,3.4545454545454546,3,"Stock Market, Crowdfunding",White,United Kingdom,United Kingdom,Other
128,5,access,lq_lf,low,low,Axonmesh,c7e2221f,4,5,141.4,14,FALSE,86,3,36,Male,5,4.090909090909091,1,"Stock Market, Crowdfunding",White,United States,United States,Part-Time
129,4,access,lq_lf,low,low,Servora,e06655dc,1,25,127.1,14,FALSE,62,5,30,Female,4,3.8181818181818183,3,"Private Equity fund, Government Bonds, Stock Market",White,United Kingdom,Poland,NA
132,3,access,lq_lf,low,low,Curato,14efa601,2,10,37.9,14,FALSE,19,4,65,Male,0,3.727272727272727,1,"ETF or ETC, Government Bonds, Stock Market, Crowdfunding",White,United States,United States,Part-Time
133,3,access,lq_lf,low,low,Curato,14efa601,4,0,71.4,14,FALSE,10,2,25,Male,0,4,1,"Stock Market, Government Bonds, ETF or ETC, Crowdfunding",Mixed,United Kingdom,United Kingdom,Full-Time
136,1,access,lq_lf,low,low,Foliant,3eed90b1,1,15,139.1,14,FALSE,23,6,38,Male,1,2.3636363636363638,6,Crowdfunding,White,United States,United States,Full-Time
137,7,access,lq_lf,low,low,Paperloom,e20d4e90,1,20,91.8,14,FALSE,63,6,29,Male,2,4.090909090909091,2,"Crowdfunding, Venture Capital fund, Stock Market, Other",Asian,India,India,Part-Time
138,5,access,lq_lf,low,low,Axonmesh,c7e2221f,3,17,36,14,FALSE,51,5,22,Male,3,4.2727272727272725,3,"Government Bonds, Stock Market, Crowdfunding, Private Equity fund",Black,United States,United States,Full-Time
140,1,access,lq_lf,low,low,Foliant,3eed90b1,2,22,57.5,14,FALSE,45,4,23,Female,1,3,6,"ETF or ETC, Stock Market, Options, Crowdfunding, Government Bonds",White,United States,Romania,Full-Time
141,7,access,lq_lf,low,low,Paperloom,e20d4e90,3,20,140.8,14,FALSE,36,5,44,Male,10,3.4545454545454546,3,"Government Bonds, Stock Market, Private Equity fund",Black,United States,United States,Full-Time
144,4,access,lq_lf,low,low,Servora,e06655dc,3,30,8.3,14,FALSE,61,4,47,Female,2,2.8181818181818183,4,"Stock Market, Government Bonds, Private Equity fund, Crowdfunding",Black,United States,United States,Full-Time
145,1,access,lq_lf,low,low,Foliant,3eed90b1,1,50,112,13,FALSE,12,1,39,Male,2,4.181818181818182,1,"Stock Market, Options, Crowdfunding",White,United Kingdom,United Kingdom,Full-Time
146,1,access,lq_lf,low,low,Foliant,3eed90b1,2,0,150,14,FALSE,58,3,36,Male,0,3.5454545454545454,2,"Stock Market, Government Bonds, Crowdfunding",White,United Kingdom,United Kingdom,Full-Time
147,1,access,lq_lf,low,low,Foliant,3eed90b1,1,40,81.8,4,FALSE,35,5,27,Male,2,3.8181818181818183,5,"Stock Market, Government Bonds, Options, Private Equity fund, ETF or ETC",White,United Kingdom,United Kingdom,Full-Time
148,4,access,lq_lf,low,low,Servora,e06655dc,1,30,132.8,14,FALSE,39,3,25,Female,3,4.090909090909091,5,"Stock Market, Private Equity fund, Government Bonds",Asian,India,India,Full-Time
151,8,access,lq_lf,low,low,Pulsegrid,e7f29679,1,10,123.6,14,FALSE,65,3,47,Male,0,4.181818181818182,4,"ETF or ETC, Stock Market, Government Bonds, Crowdfunding",White,United States,United States,Full-Time
154,4,access,lq_lf,low,low,Servora,e06655dc,4,5,134.1,14,FALSE,66,4,44,Female,0,2.3636363636363638,3,"ETF or ETC, Government Bonds, Crowdfunding, Other",Mixed,France,France,Part-Time
155,8,access,lq_lf,low,low,Pulsegrid,e7f29679,2,7,66.2,14,FALSE,85,6,34,Male,5,4.363636363636363,5,"Stock Market, Private Equity fund, Crowdfunding, Government Bonds, ETF or ETC",Black,Canada,Canada,Full-Time
156,5,access,lq_lf,low,low,Axonmesh,c7e2221f,4,10,149.9,13,FALSE,24,3,49,Male,5,4.818181818181818,6,"Stock Market, Crowdfunding, Private Equity fund",Asian,United States,United Kingdom,Full-Time
159,2,access,lq_lf,low,low,Ironhall,817f1201,4,0,150.3,12,FALSE,25,4,36,Male,7,3.3636363636363638,5,"ETF or ETC, Stock Market, Private Equity fund, Crowdfunding",Asian,Canada,Canada,Full-Time
160,5,access,lq_lf,low,low,Axonmesh,c7e2221f,2,0,28.9,14,FALSE,21,2,34,Female,5,4.545454545454546,1,"Stock Market, ETF or ETC, Options, Venture Capital fund",Asian,India,India,Full-Time
162,3,access,lq_lf,low,low,Curato,14efa601,2,15,63.8,14,FALSE,31,4,32,Female,3,4.181818181818182,1,"Private Equity fund, ETF or ETC, Government Bonds, Stock Market, Options, Other",White,United Kingdom,United Kingdom,Full-Time
163,3,access,lq_lf,low,low,Curato,14efa601,4,45,20.2,14,FALSE,39,5,28,Male,0,3.3636363636363638,4,"Stock Market, Crowdfunding",White,United States,United States,Part-Time
164,7,access,lq_lf,low,low,Paperloom,e20d4e90,2,30,75.1,14,FALSE,37,4,52,Male,8,3.090909090909091,1,"Stock Market, Crowdfunding",White,United Kingdom,United Kingdom,Part-Time
165,8,access,lq_lf,low,low,Pulsegrid,e7f29679,4,30,119.9,14,FALSE,40,4,26,Male,8,4.090909090909091,2,"ETF or ETC, Government Bonds, Stock Market, Venture Capital fund, Crowdfunding",Black,Canada,Canada,Part-Time
166,4,access,lq_lf,low,low,Servora,e06655dc,3,20,150,12,FALSE,95,6,36,Female,4,4.545454545454546,5,"Stock Market, Unit trusts, Venture Capital fund",White,United States,United States,Part-Time
167,2,access,lq_lf,low,low,Ironhall,817f1201,4,5,81.8,14,FALSE,75,5,25,Male,3,4.636363636363637,1,"ETF or ETC, Stock Market, Private Equity fund",Asian,India,India,Part-Time
168,4,access,lq_lf,low,low,Servora,e06655dc,3,5,20.3,14,FALSE,25,4,37,Female,2,4.2727272727272725,1,"Crowdfunding, Other",White,France,France,Full-Time
169,5,access,lq_lf,low,low,Axonmesh,c7e2221f,3,10,67.9,14,FALSE,91,5,42,Female,9,4.454545454545454,2,"Government Bonds, Stock Market, Unit trusts, Private Equity fund, Venture Capital fund, Crowdfunding",White,United Kingdom,United Kingdom,Full-Time
170,8,access,lq_lf,low,low,Pulsegrid,e7f29679,4,35,137.2,14,FALSE,93,6,32,Male,2,4.181818181818182,3,"Stock Market, Government Bonds, Crowdfunding",Black,United Kingdom,United Kingdom,Full-Time
171,4,access,lq_lf,low,low,Servora,e06655dc,4,40,62.6,14,FALSE,50,4,53,Female,4,4,4,"Stock Market, Private Equity fund, Crowdfunding",White,United States,Italy,Full-Time
172,2,access,lq_lf,low,low,Ironhall,817f1201,1,30,150,8,FALSE,91,2,49,Female,2,4.363636363636363,1,"Government Bonds, Stock Market, Private Equity fund, Unit trusts",Asian,India,India,Other
175,8,access,lq_lf,low,low,Pulsegrid,e7f29679,4,10,117.4,14,FALSE,9,1,62,Female,9,3.8181818181818183,1,"Private Equity fund, Stock Market, Government Bonds, Venture Capital fund",White,United Kingdom,United Kingdom,Full-Time
176,7,access,lq_lf,low,low,Paperloom,e20d4e90,2,20,150,13,FALSE,51,4,27,Male,2,3.909090909090909,6,"Stock Market, Government Bonds, Crowdfunding",White,United States,United States,Full-Time
177,5,access,lq_lf,low,low,Axonmesh,c7e2221f,3,20,72,14,FALSE,51,5,38,Male,6,4.909090909090909,1,"ETF or ETC, Government Bonds, Stock Market, Venture Capital fund, Crowdfunding, Private Equity fund",White,United States,United States,Full-Time
178,1,access,lq_lf,low,low,Foliant,3eed90b1,4,25,56.4,14,FALSE,60,5,29,Male,3,3.909090909090909,4,"Stock Market, Private Equity fund, Government Bonds",Black,Canada,Kenya,Full-Time
179,1,access,lq_lf,low,low,Foliant,3eed90b1,3,20,105.3,14,FALSE,36,5,42,Male,5,4.090909090909091,6,"Stock Market, ETF or ETC, Private Equity fund",Black,United States,United States,Part-Time
180,5,access,lq_lf,low,low,Axonmesh,c7e2221f,3,20,63,14,FALSE,47,4,29,Male,2,3.5454545454545454,4,"ETF or ETC, Stock Market, Private Equity fund, Venture Capital fund, Crowdfunding, Options",White,United States,United States,Full-Time
181,6,access,lq_lf,low,low,Sentyl,bfc6f4d0,1,60,150,14,FALSE,90,6,41,Male,5,3.8181818181818183,2,"ETF or ETC, Private Equity fund, Stock Market, Crowdfunding, Unit trusts, Government Bonds",White,United Kingdom,United Kingdom,Full-Time
182,4,access,lq_lf,low,low,Servora,e06655dc,4,10,93.2,10,FALSE,76,2,42,Male,20,3.6363636363636362,5,"ETF or ETC, Government Bonds, Stock Market, Private Equity fund",White,United Kingdom,United Kingdom,Full-Time
184,4,access,lq_lf,low,low,Servora,e06655dc,3,15,47.8,14,FALSE,21,4,70,Male,6,4.181818181818182,1,"Crowdfunding, Options, Unit trusts, Stock Market, Government Bonds",White,United Kingdom,United Kingdom,"Not in paid work (e.g. homemaker', 'retired or disabled)"
185,7,access,lq_lf,low,low,Paperloom,e20d4e90,3,20,47.8,14,FALSE,66,6,38,Female,4,4.090909090909091,5,"Stock Market, Crowdfunding, Government Bonds, ETF or ETC",Black,United States,United States,Full-Time
186,5,access,lq_lf,low,low,Axonmesh,c7e2221f,1,5,150,11,FALSE,80,6,34,Female,7,3.090909090909091,2,"ETF or ETC, Government Bonds, Stock Market, Options, Venture Capital fund, Crowdfunding, Private Equity fund",Black,United States,United States,Part-Time
187,4,access,lq_lf,low,low,Servora,e06655dc,1,24,150.1,8,FALSE,64,5,65,Male,2,3.727272727272727,5,"Stock Market, Private Equity fund, Options",White,United States,United States,Full-Time
188,1,access,lq_lf,low,low,Foliant,3eed90b1,2,30,146.9,14,FALSE,62,5,40,Male,5,3.3636363636363638,1,"Government Bonds, Stock Market, Crowdfunding, Venture Capital fund, Private Equity fund",Black,United Kingdom,United Kingdom,Full-Time
191,6,access,lq_lf,low,low,Sentyl,bfc6f4d0,2,20,80,14,FALSE,75,5,30,Female,4,3.727272727272727,4,"Options, Private Equity fund, Stock Market, Government Bonds, ETF or ETC, Venture Capital fund, Crowdfunding, Other",White,Germany,United States,NA
192,2,access,lq_lf,low,low,Ironhall,817f1201,3,0,23.5,2,FALSE,0,3,47,Female,5,3,5,"Government Bonds, Stock Market, Crowdfunding",White,United Kingdom,United Kingdom,Full-Time
193,3,access,lq_lf,low,low,Curato,14efa601,3,20,28,14,FALSE,45,4,34,Male,6,4.2727272727272725,1,"ETF or ETC, Government Bonds, Stock Market, Options, Private Equity fund",Asian,India,India,Full-Time
194,8,access,lq_lf,low,low,Pulsegrid,e7f29679,3,40,150,14,FALSE,91,6,34,Male,3,3.1818181818181817,1,"Government Bonds, Private Equity fund, Stock Market, ETF or ETC, Crowdfunding, Venture Capital fund, Unit trusts",Black,United Kingdom,United Kingdom,Full-Time
195,1,access,lq_lf,low,low,Foliant,3eed90b1,1,20,58.2,14,FALSE,32,3,24,Female,3,3.909090909090909,6,"ETF or ETC, Government Bonds, Stock Market, Unit trusts, Angel syndicate, Options, Private Equity fund, Venture Capital fund, Crowdfunding",Asian,United Kingdom,Vietnam,Full-Time
196,2,access,lq_lf,low,low,Ironhall,817f1201,1,25,145.7,14,FALSE,71,3,49,Male,12,3.8181818181818183,1,"ETF or ETC, Government Bonds, Stock Market, Options, Crowdfunding, Other",Black,United States,Jamaica,Full-Time
198,3,access,lq_lf,low,low,Curato,14efa601,4,20,11.9,14,FALSE,83,5,35,Male,5,3.5454545454545454,3,"Private Equity fund, ETF or ETC, Stock Market, Government Bonds",Asian,India,India,Part-Time
199,6,access,lq_lf,low,low,Sentyl,bfc6f4d0,1,15,150.1,10,FALSE,97,5,61,Male,6,3.727272727272727,1,"Stock Market, Private Equity fund",Black,United States,United States,Full-Time
200,2,access,lq_lf,low,low,Ironhall,817f1201,3,15,67.7,14,FALSE,13,2,52,Female,3,4,1,"Stock Market, Crowdfunding, Other, ETF or ETC",Black,United States,United States,Part-Time
201,7,access,lq_lf,low,low,Paperloom,e20d4e90,1,30,150.1,12,FALSE,42,6,28,Male,1,3,2,"Stock Market, ETF or ETC, Private Equity fund",Mixed,Canada,Canada,Due to start a new job within the next month
202,5,access,lq_lf,low,low,Axonmesh,c7e2221f,3,25,24.6,14,FALSE,37,4,26,Male,5,4.454545454545454,4,"Government Bonds, Stock Market, Options, Private Equity fund, Venture Capital fund, Crowdfunding, Other, ETF or ETC",Asian,India,India,Full-Time
203,6,access,lq_lf,low,low,Sentyl,bfc6f4d0,3,30,127.5,14,FALSE,15,2,56,Female,4,4,4,"ETF or ETC, Stock Market, Angel syndicate, Crowdfunding",White,United Kingdom,Italy,Full-Time
204,8,access,lq_lf,low,low,Pulsegrid,e7f29679,3,20,29.3,14,FALSE,63,5,36,Male,10,3.909090909090909,3,"Government Bonds, Stock Market, Private Equity fund",Black,Canada,Canada,Full-Time
205,3,access,lq_lf,low,low,Curato,14efa601,3,0,42.3,14,FALSE,13,4,68,Female,2,3.3636363636363638,1,"Stock Market, Private Equity fund, Government Bonds",White,United States,United States,Part-Time
206,2,access,lq_lf,low,low,Ironhall,817f1201,3,5,125.8,14,FALSE,67,4,36,Male,5,3.8181818181818183,6,"ETF or ETC, Government Bonds, Stock Market, Options, Crowdfunding, Venture Capital fund, Private Equity fund",Asian,Canada,Canada,Full-Time
208,6,access,lq_lf,low,low,Sentyl,bfc6f4d0,1,35,149.9,5,FALSE,52,4,34,Male,8,3.1818181818181817,4,"Stock Market, Crowdfunding, Government Bonds",Black,United Kingdom,Nigeria,Full-Time
209,3,access,lq_lf,low,low,Curato,14efa601,4,20,67.2,14,FALSE,35,4,39,Male,0,4.2727272727272725,7,"Stock Market, Crowdfunding",White,United States,United States,Full-Time
210,3,access,lq_lf,low,low,Curato,14efa601,4,25,101.6,14,FALSE,100,7,68,Male,10,4.909090909090909,1,"Stock Market, ETF or ETC, Unit trusts, Private Equity fund, Crowdfunding, Venture Capital fund",Black,United States,United Kingdom,Full-Time
212,6,access,lq_lf,low,low,Sentyl,bfc6f4d0,2,25,139.4,14,FALSE,13,3,37,Male,4,4,6,"ETF or ETC, Government Bonds, Stock Market, Unit trusts, Angel syndicate, Options, Private Equity fund, Venture Capital fund, Crowdfunding, Other",White,United Kingdom,Spain,Full-Time
213,6,access,lq_lf,low,low,Sentyl,bfc6f4d0,2,30,92.6,14,FALSE,80,6,35,Male,5,3.727272727272727,6,"Stock Market, Crowdfunding",Black,United Kingdom,United Kingdom,Full-Time
214,8,access,lq_lf,low,low,Pulsegrid,e7f29679,1,30,56.5,14,FALSE,100,4,29,Male,2,4.090909090909091,4,"Stock Market, Crowdfunding",Black,United States,United States,Part-Time
215,3,access,lq_lf,low,low,Curato,14efa601,3,20,15.6,1,FALSE,37,6,30,Female,6,4.2727272727272725,5,"Government Bonds, Stock Market, ETF or ETC, Angel syndicate, Options, Venture Capital fund, Crowdfunding",Asian,India,India,Full-Time
217,2,access,lq_lf,low,low,Ironhall,817f1201,3,20,14.6,12,FALSE,47,4,57,Female,10,4.181818181818182,1,"Stock Market, Venture Capital fund, Crowdfunding, ETF or ETC",Black,United States,United States,Other
218,3,access,lq_lf,low,low,Curato,14efa601,4,20,20.4,1,FALSE,63,5,44,Male,6,4,6,"Stock Market, Private Equity fund, Crowdfunding",Black,United States,United States,Full-Time
220,8,access,lq_lf,low,low,Pulsegrid,e7f29679,2,15,137,14,FALSE,45,3,48,Female,3,4.2727272727272725,3,"ETF or ETC, Stock Market, Crowdfunding, Private Equity fund",White,United States,United States,Full-Time
221,7,access,lq_lf,low,low,Paperloom,e20d4e90,4,30,60.9,14,FALSE,26,2,24,Male,2,4.2727272727272725,3,"ETF or ETC, Government Bonds, Stock Market, Unit trusts, Options, Private Equity fund, Crowdfunding, Angel syndicate, Venture Capital fund",Asian,India,India,Unemployed (and job seeking)
222,6,access,lq_lf,low,low,Sentyl,bfc6f4d0,4,1,71.9,14,FALSE,19,1,38,Male,12,3.8181818181818183,3,"Stock Market, Government Bonds, Crowdfunding",White,United Kingdom,United Kingdom,Full-Time
223,3,access,lq_lf,low,low,Curato,14efa601,2,10,150.2,14,FALSE,33,3,41,Male,0,4.090909090909091,5,"Government Bonds, Stock Market, Crowdfunding, Other",White,Canada,Canada,"Not in paid work (e.g. homemaker', 'retired or disabled)"
226,7,access,lq_lf,low,low,Paperloom,e20d4e90,1,20,147.2,14,FALSE,37,5,41,Male,5,3.8181818181818183,5,"Crowdfunding, Stock Market",White,United Kingdom,United Kingdom,Full-Time
227,7,access,lq_lf,low,low,Paperloom,e20d4e90,2,25,150,14,FALSE,60,6,30,Male,7,4.636363636363637,3,"ETF or ETC, Government Bonds, Stock Market, Private Equity fund, Unit trusts",Black,United Kingdom,United Kingdom,Full-Time
228,1,access,lq_lf,low,low,Foliant,3eed90b1,3,20,150.1,14,FALSE,71,5,44,Male,2,3.5454545454545454,4,"Stock Market, Private Equity fund, Venture Capital fund",Asian,India,India,Full-Time
230,5,access,lq_lf,low,low,Axonmesh,c7e2221f,4,10,72.5,8,FALSE,42,2,21,Male,3,3.090909090909091,2,"ETF or ETC, Government Bonds, Stock Market, Unit trusts, Options, Private Equity fund, Venture Capital fund, Other",White,Brazil,Brazil,Full-Time
233,4,access,lq_lf,low,low,Servora,e06655dc,2,15,150,14,FALSE,93,4,46,Female,2,3.909090909090909,5,"Stock Market, Crowdfunding",White,United Kingdom,United Kingdom,Full-Time
235,2,access,lq_lf,low,low,Ironhall,817f1201,3,5,117,14,FALSE,23,5,56,Male,10,3.8181818181818183,6,"ETF or ETC, Stock Market, Angel syndicate, Crowdfunding",White,United Kingdom,United Kingdom,Part-Time
237,3,access,lq_lf,low,low,Curato,14efa601,4,20,150.1,14,FALSE,66,5,51,Male,2,4.363636363636363,3,"ETF or ETC, Stock Market, Government Bonds, Unit trusts, Angel syndicate, Private Equity fund",White,United States,United States,Full-Time
239,6,access,lq_lf,low,low,Sentyl,bfc6f4d0,2,25,4,14,FALSE,53,7,67,Female,12,3.090909090909091,7,"ETF or ETC, Government Bonds, Stock Market, Crowdfunding",White,United Kingdom,Italy,Full-Time
241,6,access,lq_lf,low,low,Sentyl,bfc6f4d0,4,20,117.3,14,FALSE,6,2,34,Male,1,3.1818181818181817,5,"Government Bonds, Other, Private Equity fund",Other,Canada,Canada,Full-Time
245,5,access,lq_lf,low,low,Axonmesh,c7e2221f,3,15,149.9,14,FALSE,74,5,40,Male,0,3.8181818181818183,4,"ETF or ETC, Stock Market, Crowdfunding",White,United States,United States,Other
246,6,access,lq_lf,low,low,Sentyl,bfc6f4d0,4,5,33,1,FALSE,15,3,63,Female,8,3.8181818181818183,3,"Stock Market, Unit trusts, Crowdfunding, Venture Capital fund",White,United Kingdom,Ireland,Full-Time
248,8,access,lq_lf,low,low,Pulsegrid,e7f29679,3,25,150.2,14,FALSE,45,6,35,Male,2,4.2727272727272725,6,"Private Equity fund, Stock Market, Government Bonds, ETF or ETC",Black,United States,United States,Part-Time
249,6,access,lq_lf,low,low,Sentyl,bfc6f4d0,3,20,88,14,FALSE,35,4,31,Male,1,3.727272727272727,5,"ETF or ETC, Stock Market, Crowdfunding, Other",Mixed,United Kingdom,United Kingdom,Full-Time
250,7,access,lq_lf,low,low,Paperloom,e20d4e90,4,20,145.6,14,FALSE,23,3,25,Male,0,3.7272727272727275,4,"Stock Market, Government Bonds, Private Equity fund",Mixed,Brazil,Brazil,Unemployed (and job seeking)
251,6,access,lq_lf,low,low,Sentyl,bfc6f4d0,3,35,134.9,14,FALSE,23,4,36,Male,6,4.454545454545454,5,"Stock Market, ETF or ETC, Private Equity fund, Government Bonds",Black,United Kingdom,United Kingdom,Full-Time
252,1,access,lq_lf,low,low,Foliant,3eed90b1,2,30,68.3,14,FALSE,51,4,38,Other,1,3.1818181818181817,6,"Government Bonds, Stock Market, ETF or ETC, Options, Private Equity fund, Other",White,United Kingdom,United Kingdom,Full-Time
253,7,access,lq_lf,low,low,Paperloom,e20d4e90,4,40,129.1,14,FALSE,62,4,27,Female,8,3.8181818181818183,4,"Government Bonds, ETF or ETC, Stock Market, Unit trusts, Angel syndicate, Private Equity fund, Options, Venture Capital fund, Crowdfunding",Black,United States,United States,Part-Time
254,5,access,lq_lf,low,low,Axonmesh,c7e2221f,3,20,150.1,14,FALSE,33,4,23,Male,0,3.6363636363636362,5,"Government Bonds, Private Equity fund",White,Brazil,Brazil,Unemployed (and job seeking)
255,5,access,lq_lf,low,low,Axonmesh,c7e2221f,4,30,150,6,FALSE,27,4,39,Female,2,3.727272727272727,7,"ETF or ETC, Stock Market, Crowdfunding, Options",White,United States,United States,Full-Time
256,5,access,lq_lf,low,low,Axonmesh,c7e2221f,3,10,81,14,FALSE,33,3,43,Male,0,3.909090909090909,6,Crowdfunding,White,United Kingdom,United Kingdom,Full-Time
259,5,access,lq_lf,low,low,Axonmesh,c7e2221f,4,0,63.2,14,FALSE,3,1,60,Male,3,3.090909090909091,5,"ETF or ETC, Government Bonds, Stock Market, Unit trusts, Crowdfunding",Mixed,United States,United States,Part-Time
260,8,access,lq_lf,low,low,Pulsegrid,e7f29679,3,0,85.3,14,FALSE,38,2,40,Male,2,3.8181818181818183,3,"Stock Market, Crowdfunding",White,United Kingdom,United Kingdom,Full-Time
261,5,access,lq_lf,low,low,Axonmesh,c7e2221f,2,40,119.4,14,FALSE,69,5,59,Male,0,2.4545454545454546,5,"ETF or ETC, Stock Market, Unit trusts, Private Equity fund, Government Bonds",White,Canada,Canada,Full-Time
262,1,access,lq_lf,low,low,Foliant,3eed90b1,4,20,136.4,14,FALSE,42,5,41,Male,0,4.181818181818182,3,Crowdfunding,White,United Kingdom,United Kingdom,Full-Time
263,3,access,lq_lf,low,low,Curato,14efa601,3,20,150,14,FALSE,73,6,36,Female,2,4.363636363636363,1,"ETF or ETC, Private Equity fund, Unit trusts, Stock Market, Options",Black,United States,United States,Full-Time
264,5,access,lq_lf,low,low,Axonmesh,c7e2221f,3,20,96.1,14,FALSE,77,6,32,Male,2,3.6363636363636362,2,"ETF or ETC, Government Bonds, Stock Market, Private Equity fund, Crowdfunding",NA,United Kingdom,United Kingdom,Full-Time
265,5,access,lq_lf,low,low,Axonmesh,c7e2221f,4,10,12.4,14,FALSE,59,3,30,Male,7,4.636363636363637,3,"Crowdfunding, Private Equity fund, Venture Capital fund, Unit trusts, Stock Market, ETF or ETC, Government Bonds",Black,United States,United States,Unemployed (and job seeking)
266,8,access,lq_lf,low,low,Pulsegrid,e7f29679,2,3,79.7,14,FALSE,33,2,53,Male,2,4.636363636363637,4,"Stock Market, Crowdfunding",White,United States,United States,"Not in paid work (e.g. homemaker', 'retired or disabled)"
267,2,access,lq_lf,low,low,Ironhall,817f1201,1,20,147.4,14,FALSE,13,5,47,Male,7,3.272727272727273,2,"ETF or ETC, Government Bonds, Stock Market, Unit trusts, Crowdfunding, Options",White,Canada,Canada,Full-Time
268,2,access,lq_lf,low,low,Ironhall,817f1201,1,25,60.3,14,FALSE,38,4,33,Female,3,3.4545454545454546,5,"ETF or ETC, Government Bonds, Crowdfunding, Venture Capital fund",Asian,United States,United States,Unemployed (and job seeking)
269,5,access,lq_lf,low,low,Axonmesh,c7e2221f,1,15,150.5,14,FALSE,95,2,34,Male,8,5,4,"ETF or ETC, Government Bonds, Stock Market, Unit trusts, Angel syndicate, Private Equity fund, Venture Capital fund, Crowdfunding",White,United Kingdom,United Kingdom,Part-Time
270,4,access,lq_lf,low,low,Servora,e06655dc,3,20,48.7,14,FALSE,63,4,47,Male,6,4.363636363636363,3,"Stock Market, Options, Private Equity fund, Venture Capital fund, Government Bonds, ETF or ETC, Unit trusts, Angel syndicate, Crowdfunding",White,United States,United States,Full-Time
271,1,access,lq_lf,low,low,Foliant,3eed90b1,2,20,150,6,FALSE,38,4,28,Male,0,3,5,"Stock Market, Crowdfunding, Private Equity fund",Other,United Kingdom,Sweden,NA
272,6,access,lq_lf,low,low,Sentyl,bfc6f4d0,3,25,76.2,14,FALSE,45,4,50,Male,15,3.727272727272727,4,"Stock Market, Options, Private Equity fund, Venture Capital fund",Mixed,United Kingdom,United Kingdom,Part-Time
273,6,access,lq_lf,low,low,Sentyl,bfc6f4d0,2,15,99.5,14,FALSE,14,4,34,Female,7,4.181818181818182,7,"Stock Market, Government Bonds, Private Equity fund",Black,United States,United States,Part-Time
274,4,access,lq_lf,low,low,Servora,e06655dc,3,20,52.5,14,FALSE,56,4,43,Female,5,5,1,"ETF or ETC, Government Bonds, Stock Market, Unit trusts, Angel syndicate, Options, Private Equity fund, Venture Capital fund, Crowdfunding",Black,United States,United States,Full-Time
275,1,access,lq_lf,low,low,Foliant,3eed90b1,3,25,150,14,FALSE,59,5,27,Male,1,3.909090909090909,5,"Stock Market, Government Bonds, ETF or ETC, Angel syndicate, Options, Private Equity fund, Venture Capital fund, Crowdfunding, Other",Asian,India,India,Full-Time
277,5,access,lq_lf,low,low,Axonmesh,c7e2221f,4,15,150.6,9,FALSE,57,3,53,Female,0,3.909090909090909,2,"Stock Market, Crowdfunding, ETF or ETC",White,Canada,Canada,Other
278,3,access,lq_lf,low,low,Curato,14efa601,4,20,7.7,14,FALSE,4,6,33,Female,4,3,3,Crowdfunding,White,United Kingdom,United Kingdom,Full-Time
279,7,access,lq_lf,low,low,Paperloom,e20d4e90,3,25,116.2,14,FALSE,59,3,26,Male,2,4.545454545454546,2,"Stock Market, Unit trusts, Private Equity fund, Government Bonds",Prefer not to say,Canada,Canada,Full-Time
280,3,access,lq_lf,low,low,Curato,14efa601,1,0,147.9,14,FALSE,22,3,44,Male,1,4.636363636363637,3,"ETF or ETC, Stock Market, Private Equity fund",Asian,United Kingdom,United Kingdom,Full-Time
282,7,access,lq_lf,low,low,Paperloom,e20d4e90,3,9,111.1,14,FALSE,22,4,23,Male,2,4.363636363636363,5,"Stock Market, Crowdfunding, Government Bonds",Asian,India,India,Part-Time
286,7,access,lq_lf,low,low,Paperloom,e20d4e90,3,3,146.6,14,FALSE,27,1,46,Male,2,3.6363636363636362,6,"ETF or ETC, Stock Market, Unit trusts, Government Bonds, Crowdfunding",White,United Kingdom,United Kingdom,Full-Time
287,5,access,lq_lf,low,low,Axonmesh,c7e2221f,2,30,76.6,14,FALSE,22,5,39,Male,0,3,2,"ETF or ETC, Stock Market, Venture Capital fund, Options",White,United States,United States,Full-Time
288,3,access,lq_lf,low,low,Curato,14efa601,3,5,43.9,1,FALSE,1,3,44,Male,12,4,5,"ETF or ETC, Government Bonds, Stock Market, Unit trusts, Angel syndicate, Private Equity fund, Crowdfunding",White,United Kingdom,United Kingdom,Full-Time
289,1,access,lq_lf,low,low,Foliant,3eed90b1,3,20,32.6,14,FALSE,49,4,30,Female,1,3.909090909090909,5,"Stock Market, Angel syndicate",Black,United Kingdom,Nigeria,Full-Time
290,7,access,lq_lf,low,low,Paperloom,e20d4e90,3,15,52.5,14,FALSE,77,7,39,Male,6,3.909090909090909,5,"Government Bonds, Stock Market, Options, Private Equity fund, Crowdfunding, Other",White,United States,United States,Full-Time
292,7,access,lq_lf,low,low,Paperloom,e20d4e90,1,10,150,14,FALSE,0,2,50,Male,2,4.2727272727272725,1,"Stock Market, Crowdfunding, Other",White,United States,United States,Full-Time
293,8,access,lq_lf,low,low,Pulsegrid,e7f29679,4,15,21,14,FALSE,44,3,32,Male,0,3.1818181818181817,3,"Stock Market, Crowdfunding",White,United States,United States,Other
294,8,access,lq_lf,low,low,Pulsegrid,e7f29679,4,30,150.6,14,FALSE,82,6,33,Male,10,4.818181818181818,3,"ETF or ETC, Stock Market, Options, Crowdfunding",Mixed,United States,United States,Full-Time
295,2,access,lq_lf,low,low,Ironhall,817f1201,1,15,150,5,FALSE,74,4,30,Female,2,3.727272727272727,3,"Stock Market, Options, Private Equity fund, Venture Capital fund, ETF or ETC",White,United States,United States,Full-Time
296,8,access,lq_lf,low,low,Pulsegrid,e7f29679,3,25,90.1,14,FALSE,35,3,64,Female,5,3.272727272727273,2,"ETF or ETC, Stock Market, Unit trusts, Private Equity fund, Venture Capital fund, Crowdfunding",White,United Kingdom,United Kingdom,"Not in paid work (e.g. homemaker', 'retired or disabled)"
297,1,access,lq_lf,low,low,Foliant,3eed90b1,3,0,150,9,FALSE,60,2,45,Female,3,3.8181818181818183,5,"Stock Market, Crowdfunding",White,France,Spain,Full-Time
298,7,access,lq_lf,low,low,Paperloom,e20d4e90,2,25,15.6,14,FALSE,74,5,56,Female,7,4,4,"Stock Market, Private Equity fund",White,United States,United States,Part-Time
299,6,access,lq_lf,low,low,Sentyl,bfc6f4d0,1,0,146.3,14,FALSE,8,3,52,Male,0,3.090909090909091,1,"ETF or ETC, Stock Market, Private Equity fund, Government Bonds",White,Canada,Canada,Full-Time
301,7,access,lq_lf,low,low,Paperloom,e20d4e90,4,10,149.9,14,FALSE,37,3,51,Female,0,3.8181818181818183,7,"Stock Market, Private Equity fund",Asian,United Kingdom,Hong Kong,Other
302,2,access,lq_lf,low,low,Ironhall,817f1201,1,20,149.8,14,FALSE,69,5,42,Male,6,3.727272727272727,4,"Government Bonds, Stock Market, Crowdfunding",White,United States,United States,Full-Time
303,2,access,lq_lf,low,low,Ironhall,817f1201,4,5,26.5,1,FALSE,34,3,43,Male,3,4.2727272727272725,5,"Private Equity fund, Stock Market, Government Bonds",Black,United States,United States,Full-Time
304,7,access,lq_lf,low,low,Paperloom,e20d4e90,4,25,137.2,14,FALSE,60,4,27,Male,2,4.2727272727272725,5,"Stock Market, Angel syndicate",Asian,India,India,Part-Time
305,4,access,lq_lf,low,low,Servora,e06655dc,1,0,139.7,14,FALSE,33,3,44,Female,10,3.1818181818181817,5,"ETF or ETC, Stock Market, Crowdfunding",White,United States,United States,Full-Time
306,6,access,lq_lf,low,low,Sentyl,bfc6f4d0,3,25,47,10,FALSE,0,4,72,Male,5,3.5454545454545454,6,"ETF or ETC, Stock Market, Private Equity fund",White,United Kingdom,United Kingdom,"Not in paid work (e.g. homemaker', 'retired or disabled)"
307,8,access,lq_lf,low,low,Pulsegrid,e7f29679,1,20,150,12,FALSE,51,4,30,Male,2,3.909090909090909,3,"Stock Market, Crowdfunding",Black,United Kingdom,United Kingdom,Part-Time
308,7,access,lq_lf,low,low,Paperloom,e20d4e90,2,15,122.5,14,FALSE,20,2,26,Male,4,3.8181818181818183,6,"Stock Market, Venture Capital fund, Private Equity fund",Black,Canada,Nigeria,Full-Time
309,8,access,lq_lf,low,low,Pulsegrid,e7f29679,3,20,150.1,14,FALSE,20,3,50,Female,6,3.1818181818181817,5,"Stock Market, Crowdfunding",White,United Kingdom,United Kingdom,Full-Time
311,8,access,lq_lf,low,low,Pulsegrid,e7f29679,2,20,73.7,11,FALSE,51,4,27,Male,6,3.5454545454545454,3,"ETF or ETC, Stock Market, Options, Private Equity fund, Crowdfunding",White,United States,Panama,Full-Time
313,1,access,lq_lf,low,low,Foliant,3eed90b1,1,10,149.9,8,FALSE,53,4,59,Male,5,4.7272727272727275,1,"ETF or ETC, Government Bonds, Stock Market, Crowdfunding",White,United States,United States,Full-Time
314,8,access,lq_lf,low,low,Pulsegrid,e7f29679,4,50,150,13,FALSE,42,5,35,Female,8,4.2727272727272725,1,"ETF or ETC, Government Bonds, Stock Market, Unit trusts, Options, Private Equity fund, Venture Capital fund, Crowdfunding",White,Brazil,Brazil,Full-Time
315,6,access,lq_lf,low,low,Sentyl,bfc6f4d0,4,25,37.4,14,FALSE,22,3,58,Female,2,2.272727272727273,6,"Stock Market, Crowdfunding",White,United Kingdom,United Kingdom,Unemployed (and job seeking)
316,2,access,lq_lf,low,low,Ironhall,817f1201,4,20,15.2,1,FALSE,51,4,39,Male,8,4,3,"Government Bonds, Stock Market, Private Equity fund, Crowdfunding",Black,United States,United States,Full-Time
317,4,access,lq_lf,low,low,Servora,e06655dc,4,0,87.3,14,FALSE,32,3,50,Male,10,3.8181818181818183,5,"ETF or ETC, Stock Market, Private Equity fund, Crowdfunding",White,United Kingdom,United Kingdom,Full-Time
318,5,access,lq_lf,low,low,Axonmesh,c7e2221f,4,20,28.4,14,FALSE,38,4,38,Female,0,3.3636363636363638,4,"Stock Market, Crowdfunding, ETF or ETC",White,United States,United States,Full-Time
319,6,access,lq_lf,low,low,Sentyl,bfc6f4d0,1,20,150,5,FALSE,63,5,29,Female,2,4.454545454545454,5,"ETF or ETC, Stock Market, Government Bonds, Private Equity fund",Black,United States,NA,Unemployed (and job seeking)
320,2,access,lq_lf,low,low,Ironhall,817f1201,3,40,150,14,FALSE,78,6,27,Female,2,5,1,"Stock Market, Private Equity fund, Crowdfunding, Venture Capital fund",Black,United Kingdom,United Kingdom,Full-Time
321,5,access,lq_lf,low,low,Axonmesh,c7e2221f,4,25,103.4,14,FALSE,71,5,26,Male,2,4,6,"Stock Market, Options, Crowdfunding",Black,Canada,Nigeria,Due to start a new job within the next month
323,7,access,lq_lf,low,low,Paperloom,e20d4e90,1,40,150,6,FALSE,14,6,22,Male,1,4.2727272727272725,3,"Stock Market, Private Equity fund",Mixed,United States,United States,Other
325,4,access,lq_lf,low,low,Servora,e06655dc,2,15,150.2,14,FALSE,60,2,41,Male,2,3.5454545454545454,4,"ETF or ETC, Stock Market, Crowdfunding",White,Germany,Germany,Full-Time
327,8,access,lq_lf,low,low,Pulsegrid,e7f29679,2,25,52.2,14,FALSE,0,7,29,Male,5,5,7,"Stock Market, Venture Capital fund, ETF or ETC",Black,United States,United States,Full-Time
329,7,access,lq_lf,low,low,Paperloom,e20d4e90,3,10,75.4,14,FALSE,39,3,30,Female,4,4.363636363636363,5,"ETF or ETC, Government Bonds, Stock Market, Private Equity fund, Crowdfunding, Venture Capital fund",Asian,United States,Taiwan,Full-Time
330,5,access,lq_lf,low,low,Axonmesh,c7e2221f,1,25,84.1,14,FALSE,53,4,33,Female,5,4.454545454545454,5,"ETF or ETC, Stock Market, Venture Capital fund, Unit trusts, Government Bonds",Black,United States,United States,Part-Time
331,8,access,lq_lf,low,low,Pulsegrid,e7f29679,4,0,83.6,14,FALSE,64,4,51,Male,15,4.2727272727272725,2,"ETF or ETC, Government Bonds, Stock Market, Crowdfunding",White,United States,United States,Full-Time
332,1,access,lq_lf,low,low,Foliant,3eed90b1,3,15,150.1,12,FALSE,26,2,52,Male,2,3,5,"ETF or ETC, Private Equity fund, Crowdfunding",White,United Kingdom,United Kingdom,Full-Time
333,6,access,lq_lf,low,low,Sentyl,bfc6f4d0,1,10,145.3,14,FALSE,22,5,37,Male,0,3.5454545454545454,6,"ETF or ETC, Stock Market, Options, Crowdfunding",White,Germany,Germany,Full-Time
335,7,access,lq_lf,low,low,Paperloom,e20d4e90,3,20,150.1,13,FALSE,31,3,67,Female,0,3.5454545454545454,5,"Crowdfunding, Government Bonds, Stock Market",White,Canada,Canada,"Not in paid work (e.g. homemaker', 'retired or disabled)"
339,4,access,lq_lf,low,low,Servora,e06655dc,3,0,138.2,14,FALSE,12,3,58,Female,0,1.7272727272727273,7,"Angel syndicate, Don't know/Rather not say",White,United States,United States,Full-Time
340,1,access,lq_lf,low,low,Foliant,3eed90b1,3,20,16.2,14,FALSE,29,3,36,Male,4,3.1818181818181817,1,"ETF or ETC, Government Bonds, Stock Market, Private Equity fund",White,United Kingdom,United Kingdom,Full-Time
341,3,access,lq_lf,low,low,Curato,14efa601,3,0,138,14,FALSE,72,5,30,Male,0,3.5454545454545454,5,"ETF or ETC, Stock Market, Options, Crowdfunding",White,United States,United States,Full-Time
342,4,access,lq_lf,low,low,Servora,e06655dc,2,0,140.6,14,FALSE,58,4,41,Male,0,2.6363636363636362,5,"ETF or ETC, Stock Market, Crowdfunding",White,Germany,Germany,Full-Time
344,5,access,lq_lf,low,low,Axonmesh,c7e2221f,4,25,95.2,14,FALSE,11,3,26,Male,2,4,2,"Government Bonds, Stock Market, Unit trusts, Crowdfunding",White,United Kingdom,United Kingdom,Full-Time
345,2,access,lq_lf,low,low,Ironhall,817f1201,3,15,145.3,14,FALSE,37,5,38,Female,3,3.3636363636363638,4,"Government Bonds, Stock Market, Private Equity fund, Crowdfunding, Venture Capital fund",White,United Kingdom,United Kingdom,Full-Time
346,8,access,lq_lf,low,low,Pulsegrid,e7f29679,3,15,150,14,FALSE,51,4,33,Male,5,3.5454545454545454,6,Private Equity fund,Black,United Kingdom,Kenya,Part-Time
347,4,access,lq_lf,low,low,Servora,e06655dc,4,10,87.4,14,FALSE,24,3,44,Male,2,4.2727272727272725,3,"ETF or ETC, Stock Market, Crowdfunding",White,United States,United States,Unemployed (and job seeking)
348,1,access,lq_lf,low,low,Foliant,3eed90b1,1,15,144.5,14,FALSE,56,2,25,Male,1,3.727272727272727,5,"Government Bonds, ETF or ETC, Stock Market, Options, Crowdfunding",Asian,India,India,Unemployed (and job seeking)
349,3,access,lq_lf,low,low,Curato,14efa601,3,30,82.1,14,FALSE,49,4,25,Male,1,4.181818181818182,4,"Stock Market, Crowdfunding",Black,United States,United States,Full-Time
350,2,access,lq_lf,low,low,Ironhall,817f1201,2,30,150,14,FALSE,31,3,60,Male,31,4.636363636363637,3,"Stock Market, ETF or ETC, Venture Capital fund",White,Canada,Canada,Full-Time
351,4,access,lq_lf,low,low,Servora,e06655dc,2,50,102.2,14,FALSE,51,5,38,Female,5,3.5454545454545454,4,"Stock Market, Crowdfunding",White,United States,United States,Full-Time
352,4,access,lq_lf,low,low,Servora,e06655dc,2,30,150.1,14,FALSE,100,4,32,Male,5,4.454545454545454,1,"Stock Market, Options, ETF or ETC, Government Bonds, Crowdfunding, Other",White,United States,United States,Full-Time
353,4,access,lq_lf,low,low,Servora,e06655dc,2,10,112,14,FALSE,0,4,54,Female,1,3.5454545454545454,3,Crowdfunding,White,United Kingdom,United Kingdom,Full-Time
354,2,access,lq_lf,low,low,Ironhall,817f1201,2,15,150.3,14,FALSE,26,6,33,Male,0,3.727272727272727,6,"ETF or ETC, Stock Market, Government Bonds, Options, Crowdfunding",White,United States,United States,Full-Time
355,3,access,lq_lf,low,low,Curato,14efa601,4,30,112.4,14,FALSE,7,5,35,Male,5,4.181818181818182,2,"Stock Market, Options, Crowdfunding, Government Bonds",Black,United Kingdom,Nigeria,Full-Time
356,4,access,lq_lf,low,low,Servora,e06655dc,4,20,149.9,14,FALSE,0,4,46,Male,8,4,5,"Government Bonds, Crowdfunding, Stock Market",Mixed,United Kingdom,United Kingdom,Full-Time
357,8,access,lq_lf,low,low,Pulsegrid,e7f29679,3,25,150.1,14,FALSE,29,3,29,Female,4,4,5,"ETF or ETC, Government Bonds, Stock Market, Unit trusts, Angel syndicate, Options, Private Equity fund",White,United States,United States,Part-Time
358,6,access,lq_lf,low,low,Sentyl,bfc6f4d0,4,15,96.9,14,FALSE,73,4,64,Female,4,3.5454545454545454,5,Private Equity fund,Black,United States,Kenya,Part-Time
359,6,access,lq_lf,low,low,Sentyl,bfc6f4d0,4,20,76.6,14,FALSE,35,3,42,Female,1,3.727272727272727,7,"Crowdfunding, Stock Market, Government Bonds",Mixed,United Kingdom,United Kingdom,Full-Time
360,5,access,lq_lf,low,low,Axonmesh,c7e2221f,2,20,95.1,14,FALSE,37,6,29,Female,1,4.090909090909091,5,"Government Bonds, Stock Market, Private Equity fund",White,United States,United States,Full-Time
361,4,access,lq_lf,low,low,Servora,e06655dc,1,10,150.2,9,FALSE,100,6,37,Male,3,4.818181818181818,4,"Government Bonds, Stock Market, Private Equity fund, Unit trusts, Angel syndicate",Black,United States,Kenya,Full-Time
362,5,access,lq_lf,low,low,Axonmesh,c7e2221f,2,10,149.9,11,FALSE,51,4,35,Female,3,4,3,"Stock Market, Government Bonds, Private Equity fund",Asian,India,India,Full-Time
363,7,access,lq_lf,low,low,Paperloom,e20d4e90,1,30,20.4,10,FALSE,43,4,36,Female,0,2.1818181818181817,2,Crowdfunding,White,United States,United States,Unemployed (and job seeking)
364,5,access,lq_lf,low,low,Axonmesh,c7e2221f,3,2,120.8,14,FALSE,19,3,43,Male,10,2.8181818181818183,5,"ETF or ETC, Government Bonds, Crowdfunding, Stock Market",White,United States,United States,Full-Time
365,1,access,lq_lf,low,low,Foliant,3eed90b1,4,60,63.5,14,FALSE,100,7,36,Male,6,4,3,"Stock Market, Government Bonds, Crowdfunding",White,United Kingdom,United Kingdom,Full-Time
366,1,access,lq_lf,low,low,Foliant,3eed90b1,4,40,150.4,14,FALSE,34,2,46,Female,4,4.7272727272727275,2,"Stock Market, Private Equity fund",White,United States,United States,Part-Time
367,8,access,lq_lf,low,low,Pulsegrid,e7f29679,2,25,130.5,14,FALSE,35,6,31,Male,5,5,5,"Stock Market, Government Bonds, Private Equity fund",Black,United States,United States,Unemployed (and job seeking)
368,2,access,lq_lf,low,low,Ironhall,817f1201,2,10,76.1,14,FALSE,17,4,35,Male,3,4.2727272727272725,6,"ETF or ETC, Stock Market, Crowdfunding",White,United Kingdom,United Kingdom,Full-Time
369,5,access,lq_lf,low,low,Axonmesh,c7e2221f,3,10,106.8,14,FALSE,22,3,24,Male,3,4,3,"ETF or ETC, Government Bonds, Stock Market, Unit trusts, Angel syndicate, Options, Private Equity fund",Mixed,Canada,Tunisia,Part-Time
371,3,access,lq_lf,low,low,Curato,14efa601,1,2,150.3,13,FALSE,57,2,38,Female,11,4,1,"ETF or ETC, Government Bonds, Stock Market, Private Equity fund",White,United Kingdom,United Kingdom,Full-Time
372,4,access,lq_lf,low,low,Servora,e06655dc,4,20,12.4,14,FALSE,44,5,29,Female,2,3.6363636363636362,5,"ETF or ETC, Stock Market, Crowdfunding, Venture Capital fund, Private Equity fund, Options",Asian,Canada,Canada,Full-Time
376,2,access,lq_lf,low,low,Ironhall,817f1201,4,15,57.9,14,FALSE,29,3,35,Male,2,4.090909090909091,5,"Stock Market, Crowdfunding",White,United States,United States,Full-Time
377,6,access,lq_lf,low,low,Sentyl,bfc6f4d0,3,20,150,14,FALSE,74,3,39,Male,5,3.909090909090909,1,"Crowdfunding, Stock Market",White,United States,United States,Full-Time
378,4,access,lq_lf,low,low,Servora,e06655dc,3,35,128.3,14,FALSE,53,6,26,Male,0,4,3,"Stock Market, Venture Capital fund, Crowdfunding",White,France,France,Full-Time
379,2,access,lq_lf,low,low,Ironhall,817f1201,1,10,102.5,14,FALSE,47,5,48,Male,0,3.4545454545454546,1,"ETF or ETC, Government Bonds, Stock Market, Crowdfunding",White,United States,United States,Full-Time
380,3,access,lq_lf,low,low,Curato,14efa601,4,0,79.1,14,FALSE,39,3,24,Male,0,3.727272727272727,6,"ETF or ETC, Crowdfunding",Asian,United Kingdom,United Kingdom,Other
381,2,access,lq_lf,low,low,Ironhall,817f1201,1,0,150,11,FALSE,22,3,42,Male,15,4.454545454545454,2,"ETF or ETC, Government Bonds, Stock Market, Unit trusts, Private Equity fund, Venture Capital fund, Options, Crowdfunding",White,United Kingdom,United Kingdom,Full-Time
382,2,access,lq_lf,low,low,Ironhall,817f1201,1,20,140.7,14,FALSE,55,5,40,Male,3,3.6363636363636362,5,"Stock Market, Government Bonds, Options, Private Equity fund, ETF or ETC",Asian,India,India,Part-Time
383,8,access,lq_lf,low,low,Pulsegrid,e7f29679,3,10,72.4,14,FALSE,19,2,39,Male,10,3.090909090909091,1,"Stock Market, Private Equity fund, Venture Capital fund",Asian,United States,United States,Full-Time
385,6,access,lq_lf,low,low,Sentyl,bfc6f4d0,1,34,113.2,14,FALSE,55,6,23,Male,1,3.727272727272727,5,"ETF or ETC, Crowdfunding, Options, Stock Market",Asian,India,India,Unemployed (and job seeking)
386,1,access,lq_lf,low,low,Foliant,3eed90b1,4,0,97.8,14,FALSE,11,1,37,Male,3,4,5,"ETF or ETC, Government Bonds, Stock Market, Unit trusts, Angel syndicate, Options, Crowdfunding, Other",White,United Kingdom,United Kingdom,Full-Time
387,7,access,lq_lf,low,low,Paperloom,e20d4e90,2,20,149.9,14,FALSE,75,5,48,Male,12,4,3,"ETF or ETC, Government Bonds, Stock Market, Crowdfunding, Options, Venture Capital fund, Angel syndicate, Other",Black,United Kingdom,United Kingdom,Full-Time
389,6,access,lq_lf,low,low,Sentyl,bfc6f4d0,1,5,50.3,14,FALSE,60,5,30,Male,0,4.636363636363637,3,"ETF or ETC, Government Bonds, Stock Market, Options, Crowdfunding, Other",White,United States,United States,Full-Time
393,3,access,lq_lf,low,low,Curato,14efa601,2,13,142.3,14,FALSE,12,3,60,Male,15,3.909090909090909,5,"Government Bonds, Stock Market, Private Equity fund, Crowdfunding, Unit trusts, ETF or ETC",Black,United Kingdom,United Kingdom,Full-Time
394,2,access,lq_lf,low,low,Ironhall,817f1201,3,30,126.2,14,FALSE,36,3,60,Male,15,4.2727272727272725,5,"Government Bonds, Stock Market, Options, Venture Capital fund, Crowdfunding",White,United States,United States,"Not in paid work (e.g. homemaker', 'retired or disabled)"
396,4,access,lq_lf,low,low,Servora,e06655dc,1,25,64.8,14,FALSE,3,2,40,Male,12,3.909090909090909,5,"ETF or ETC, Government Bonds, Stock Market, Crowdfunding, Venture Capital fund, Other, Options, Angel syndicate",White,Brazil,Brazil,Full-Time
399,1,access,lq_lf,low,low,Foliant,3eed90b1,3,20,150,14,FALSE,36,5,34,Male,4,4.2727272727272725,4,"Stock Market, Private Equity fund, ETF or ETC, Options",White,United States,United States,Full-Time
401,7,access,lq_lf,low,low,Paperloom,e20d4e90,1,10,150.1,7,FALSE,12,1,32,Male,0,3.909090909090909,3,"Government Bonds, Stock Market, Options, Crowdfunding, Other, ETF or ETC",Black,France,Nigeria,Unemployed (and job seeking)
402,7,access,lq_lf,low,low,Paperloom,e20d4e90,2,10,93.8,14,FALSE,28,3,38,Male,0,3.4545454545454546,3,Crowdfunding,White,United Kingdom,United Kingdom,Full-Time
403,1,access,lq_lf,low,low,Foliant,3eed90b1,1,20,85.1,14,FALSE,20,3,41,Male,3,4.363636363636363,3,"Stock Market, Crowdfunding",White,United Kingdom,United Kingdom,Full-Time
405,2,access,lq_lf,low,low,Ironhall,817f1201,3,30,134.1,14,FALSE,65,5,35,Female,2,3.1818181818181817,5,"ETF or ETC, Stock Market, Private Equity fund, Crowdfunding",Mixed,Germany,Germany,Full-Time
406,4,access,lq_lf,low,low,Servora,e06655dc,2,25,47.1,7,FALSE,75,5,43,Female,5,4,3,Private Equity fund,White,United States,United States,Full-Time
407,5,access,lq_lf,low,low,Axonmesh,c7e2221f,2,15,78.2,14,FALSE,41,4,43,Male,7,3.6363636363636362,1,"ETF or ETC, Government Bonds, Stock Market, Private Equity fund, Venture Capital fund",White,United States,United States,Other
409,5,access,lq_lf,low,low,Axonmesh,c7e2221f,2,40,86.3,4,FALSE,89,7,42,Male,1,3.4545454545454546,6,"Government Bonds, Private Equity fund",White,Brazil,Brazil,Full-Time
410,3,access,lq_lf,low,low,Curato,14efa601,3,10,43,14,FALSE,46,4,66,Male,0,3.1818181818181817,4,Private Equity fund,White,United States,United States,Part-Time
411,7,access,lq_lf,low,low,Paperloom,e20d4e90,4,0,114.2,14,FALSE,40,5,44,Male,0,3.090909090909091,4,"Stock Market, Crowdfunding",White,United States,United States,Full-Time
412,8,access,lq_lf,low,low,Pulsegrid,e7f29679,2,0,150.1,14,FALSE,68,2,37,Male,7,3.3636363636363638,5,"Government Bonds, Stock Market, Crowdfunding",White,United Kingdom,United Kingdom,Full-Time
413,7,access,lq_lf,low,low,Paperloom,e20d4e90,2,0,150,14,FALSE,18,2,56,Male,15,3.5454545454545454,7,"ETF or ETC, Stock Market, Crowdfunding, Options",Asian,United States,United Kingdom,Full-Time
414,8,access,lq_lf,low,low,Pulsegrid,e7f29679,2,20,150.1,14,FALSE,47,4,35,Male,5,4.181818181818182,1,"ETF or ETC, Government Bonds, Stock Market, Options, Private Equity fund, Venture Capital fund",White,United States,United States,Full-Time
415,1,access,lq_lf,low,low,Foliant,3eed90b1,4,20,56.3,14,FALSE,28,4,31,Female,3,5,2,"Government Bonds, Stock Market, Private Equity fund",Black,United Kingdom,Nigeria,Full-Time
416,6,access,lq_lf,low,low,Sentyl,bfc6f4d0,1,0,59.6,14,FALSE,86,5,31,Male,3,3.090909090909091,2,"ETF or ETC, Stock Market, Venture Capital fund, Crowdfunding",White,Canada,Canada,Full-Time
419,8,access,lq_lf,low,low,Pulsegrid,e7f29679,1,20,46.7,14,FALSE,36,3,49,Female,1,3.8181818181818183,3,"ETF or ETC, Stock Market, Crowdfunding",White,United States,United States,"Not in paid work (e.g. homemaker', 'retired or disabled)"
420,3,access,lq_lf,low,low,Curato,14efa601,1,20,164.1,14,FALSE,60,5,28,Female,1,3.3636363636363638,4,"Stock Market, Crowdfunding",Black,United States,United States,Full-Time
421,8,access,lq_lf,low,low,Pulsegrid,e7f29679,4,40,107.1,14,FALSE,11,2,36,Male,5,3.6363636363636362,4,"Government Bonds, Stock Market, Private Equity fund",White,United Kingdom,United Kingdom,Full-Time
422,2,access,lq_lf,low,low,Ironhall,817f1201,4,15,149.9,13,FALSE,54,7,66,Male,10,4.454545454545454,5,"ETF or ETC, Stock Market, Government Bonds, Crowdfunding, Private Equity fund, Venture Capital fund",White,United States,United States,Part-Time
424,3,access,lq_lf,low,low,Curato,14efa601,4,20,150,14,FALSE,38,3,59,Female,4,3.6363636363636362,4,"Crowdfunding, Government Bonds",White,United Kingdom,United Kingdom,Full-Time
427,1,access,lq_lf,low,low,Foliant,3eed90b1,3,75,88,14,FALSE,0,4,73,Female,12,4.181818181818182,4,"Government Bonds, Stock Market, Private Equity fund, Venture Capital fund",White,United States,United States,"Not in paid work (e.g. homemaker', 'retired or disabled)"
428,7,access,lq_lf,low,low,Paperloom,e20d4e90,3,10,71.7,6,FALSE,62,3,33,Male,0,3.4545454545454546,4,"Stock Market, Crowdfunding",Mixed,Brazil,Brazil,Full-Time
429,5,access,lq_lf,low,low,Axonmesh,c7e2221f,1,20,128.3,14,FALSE,72,4,36,Male,1,3.727272727272727,2,"Government Bonds, Stock Market, Crowdfunding",White,United Kingdom,United Kingdom,Full-Time
431,6,access,lq_lf,low,low,Sentyl,bfc6f4d0,4,35,41.5,14,FALSE,93,6,35,Male,15,4,4,"ETF or ETC, Government Bonds, Stock Market, Unit trusts, Angel syndicate, Options, Private Equity fund, Venture Capital fund, Crowdfunding, Other",Mixed,Brazil,Brazil,Full-Time
432,8,access,lq_lf,low,low,Pulsegrid,e7f29679,3,30,142.3,14,FALSE,84,6,47,Female,5,4.545454545454546,6,"Government Bonds, Stock Market, Private Equity fund",White,United States,United States,Full-Time
433,1,access,lq_lf,low,low,Foliant,3eed90b1,2,10,148,13,FALSE,65,5,42,Female,7,4.090909090909091,5,"Government Bonds, Stock Market, Crowdfunding, Other",White,United Kingdom,United Kingdom,Other
434,2,access,lq_lf,low,low,Ironhall,817f1201,3,15,90.9,14,FALSE,35,2,24,Male,1,2.4545454545454546,6,"Stock Market, ETF or ETC, Other, Options, Crowdfunding",Mixed,United Kingdom,United Kingdom,Unemployed (and job seeking)
435,4,access,lq_lf,low,low,Servora,e06655dc,2,15,150.1,9,FALSE,64,3,43,Male,6,3.909090909090909,2,"Government Bonds, Stock Market, Options, Crowdfunding",White,United Kingdom,United Kingdom,Full-Time
437,1,access,lq_lf,low,low,Foliant,3eed90b1,2,30,148.4,14,FALSE,5,4,42,Female,5,4.090909090909091,6,"Stock Market, Private Equity fund",Black,United States,United States,Full-Time
438,6,access,lq_lf,low,low,Sentyl,bfc6f4d0,3,0,102.8,14,FALSE,14,3,35,Female,0,3.8181818181818183,7,"Stock Market, Crowdfunding",White,United Kingdom,United Kingdom,Full-Time
441,7,access,lq_lf,low,low,Paperloom,e20d4e90,2,40,102.2,14,FALSE,65,3,47,Male,6,4.363636363636363,5,"ETF or ETC, Government Bonds, Stock Market, Private Equity fund, Venture Capital fund",Black,United States,United States,Full-Time
443,4,access,lq_lf,low,low,Servora,e06655dc,1,15,111.4,14,FALSE,19,6,22,Female,4,4.545454545454546,5,"ETF or ETC, Government Bonds, Stock Market, Private Equity fund",Black,United States,United States,Full-Time
444,7,access,lq_lf,low,low,Paperloom,e20d4e90,4,25,136.2,14,FALSE,8,4,58,Male,0,4.636363636363637,3,Crowdfunding,White,United States,United States,Full-Time
445,2,access,lq_lf,low,low,Ironhall,817f1201,3,30,119.6,14,FALSE,80,6,28,Male,2,4,6,"Private Equity fund, Stock Market, Government Bonds",Black,France,Ghana,Full-Time
446,8,access,lq_lf,low,low,Pulsegrid,e7f29679,4,10,138.9,13,FALSE,9,4,24,Male,5,4.909090909090909,6,"ETF or ETC, Government Bonds, Stock Market, Unit trusts, Options, Angel syndicate, Private Equity fund, Venture Capital fund, Crowdfunding, Other",White,United Kingdom,United Kingdom,Full-Time
447,7,access,lq_lf,low,low,Paperloom,e20d4e90,3,15,144.9,14,FALSE,62,5,41,Male,5,3.6363636363636362,5,"Stock Market, ETF or ETC, Government Bonds, Options, Private Equity fund, Unit trusts, Angel syndicate",White,United States,United States,Full-Time
448,3,access,lq_lf,low,low,Curato,14efa601,1,15,123.6,14,FALSE,84,5,32,Male,2,4.545454545454546,3,"ETF or ETC, Stock Market, Options, Private Equity fund, Crowdfunding, Venture Capital fund",Black,United States,United States,Full-Time
449,5,access,lq_lf,low,low,Axonmesh,c7e2221f,1,40,127,7,FALSE,44,5,28,Male,2,3.4545454545454546,2,"ETF or ETC, Government Bonds, Stock Market, Crowdfunding",Asian,United States,United States,Full-Time
450,5,access,lq_lf,low,low,Axonmesh,c7e2221f,2,50,82.8,13,FALSE,69,5,50,Male,5,3.5454545454545454,5,"Stock Market, Crowdfunding",White,United States,United States,"Not in paid work (e.g. homemaker', 'retired or disabled)"
452,2,access,lq_lf,low,low,Ironhall,817f1201,2,35,85.1,14,FALSE,18,5,22,Male,1,3.4545454545454546,5,"Crowdfunding, Stock Market",White,Brazil,Brazil,Unemployed (and job seeking)
453,1,access,lq_lf,low,low,Foliant,3eed90b1,3,0,150.4,14,FALSE,72,2,54,Female,2,3.5454545454545454,2,Crowdfunding,White,United Kingdom,United Kingdom,Part-Time
455,8,access,lq_lf,low,low,Pulsegrid,e7f29679,1,40,102.8,14,FALSE,38,6,31,Female,2,3.8181818181818183,5,"ETF or ETC, Government Bonds, Stock Market, Angel syndicate, Options, Unit trusts, Venture Capital fund, Private Equity fund, Crowdfunding, Other",Black,Canada,Canada,Full-Time
458,1,access,lq_lf,low,low,Foliant,3eed90b1,1,15,103.7,14,FALSE,64,5,37,Male,2,4.2727272727272725,2,"Stock Market, Private Equity fund",White,United Kingdom,United Kingdom,Full-Time
460,4,access,lq_lf,low,low,Servora,e06655dc,4,28,150.1,12,FALSE,86,6,37,Male,7,4.2727272727272725,2,"ETF or ETC, Stock Market, Angel syndicate, Venture Capital fund, Crowdfunding",White,United Kingdom,United Kingdom,Full-Time
461,3,access,lq_lf,low,low,Curato,14efa601,4,20,106.5,14,FALSE,20,3,31,Female,0,3.272727272727273,5,"Government Bonds, Stock Market, Venture Capital fund",White,United States,United States,Full-Time
462,7,access,lq_lf,low,low,Paperloom,e20d4e90,4,15,12.7,14,FALSE,24,2,36,Male,7,3.1818181818181817,6,"ETF or ETC, Stock Market, Venture Capital fund",White,United Kingdom,United Kingdom,Full-Time
463,3,access,lq_lf,low,low,Curato,14efa601,3,15,68.3,14,FALSE,36,3,23,Female,4,4.636363636363637,4,"Stock Market, Venture Capital fund, Private Equity fund",Black,United States,United States,Full-Time
464,2,access,lq_lf,low,low,Ironhall,817f1201,4,0,150,14,FALSE,4,1,39,Female,10,3.909090909090909,5,"Crowdfunding, Other",White,United Kingdom,United Kingdom,Full-Time
465,6,access,lq_lf,low,low,Sentyl,bfc6f4d0,2,25,98,14,FALSE,70,5,39,Female,3,3.3636363636363638,1,"Crowdfunding, Government Bonds",White,United States,United States,"Not in paid work (e.g. homemaker', 'retired or disabled)"
467,6,access,lq_lf,low,low,Sentyl,bfc6f4d0,4,15,150.5,11,FALSE,64,3,55,Female,0,3.3636363636363638,2,"Stock Market, Crowdfunding",White,France,Norway,Full-Time
468,1,access,lq_lf,low,low,Foliant,3eed90b1,1,15,130.1,14,FALSE,58,5,35,Male,8,4.090909090909091,6,"Crowdfunding, Stock Market",Black,United Kingdom,United Kingdom,Full-Time
469,3,access,lq_lf,low,low,Curato,14efa601,2,20,75.3,14,FALSE,27,3,41,Male,5,4.2727272727272725,3,"Government Bonds, Stock Market, ETF or ETC, Venture Capital fund, Unit trusts",Black,United States,United States,Part-Time
470,3,access,lq_lf,low,low,Curato,14efa601,4,2,150.4,14,FALSE,31,3,35,Male,5,3.4545454545454546,2,"ETF or ETC, Government Bonds, Stock Market, Unit trusts, Angel syndicate, Options, Private Equity fund, Venture Capital fund, Crowdfunding, Other",Mixed,United States,United States,Full-Time
471,3,access,lq_lf,low,low,Curato,14efa601,2,0,127.4,14,FALSE,30,3,45,Male,0,2.3636363636363638,4,"ETF or ETC, Stock Market, Crowdfunding",White,United States,United States,Full-Time
474,1,access,lq_lf,low,low,Foliant,3eed90b1,3,20,102.7,14,FALSE,30,2,42,Male,2,3.090909090909091,5,"Government Bonds, ETF or ETC, Stock Market, Options, Private Equity fund, Other",Mixed,Brazil,Brazil,Part-Time
475,5,access,lq_lf,low,low,Axonmesh,c7e2221f,4,20,134.4,14,FALSE,41,3,53,Male,10,3.6363636363636362,5,"ETF or ETC, Stock Market, Unit trusts, Crowdfunding",White,United Kingdom,United Kingdom,Part-Time
476,5,access,lq_lf,low,low,Axonmesh,c7e2221f,1,35,114.4,14,FALSE,17,6,29,Male,2,4.2727272727272725,5,"Stock Market, Private Equity fund",Black,Canada,Canada,Part-Time
477,7,access,lq_lf,low,low,Paperloom,e20d4e90,4,45,150.1,14,FALSE,80,6,40,Male,10,3.909090909090909,5,"ETF or ETC, Stock Market, Government Bonds, Options, Private Equity fund",Mixed,United States,United States,Full-Time
479,4,access,lq_lf,low,low,Servora,e06655dc,3,7,117.3,14,FALSE,89,2,21,Male,1,3.6363636363636362,2,"ETF or ETC, Stock Market, Private Equity fund, Government Bonds",White,United Kingdom,United Kingdom,Full-Time
480,7,access,lq_lf,low,low,Paperloom,e20d4e90,3,20,150,14,FALSE,37,5,30,Female,3,4.545454545454546,6,"ETF or ETC, Stock Market, Crowdfunding, Private Equity fund",Asian,United Kingdom,United Kingdom,Part-Time
481,8,access,lq_lf,low,low,Pulsegrid,e7f29679,2,26,17.3,1,FALSE,53,4,45,Male,5,4.454545454545454,1,"ETF or ETC, Government Bonds, Stock Market, Unit trusts, Private Equity fund, Crowdfunding",Black,Canada,Canada,Full-Time
483,1,access,lq_lf,low,low,Foliant,3eed90b1,3,10,128,14,FALSE,80,5,37,Male,3,5,4,"Stock Market, Private Equity fund, Other, Government Bonds, Options",Asian,India,India,Full-Time
485,5,access,lq_lf,low,low,Axonmesh,c7e2221f,1,10,131.7,14,FALSE,43,4,34,Male,2,3.1818181818181817,4,"Stock Market, Venture Capital fund, Crowdfunding, ETF or ETC",Black,United States,United States,Part-Time
486,5,access,lq_lf,low,low,Axonmesh,c7e2221f,1,25,146.5,14,FALSE,85,6,46,Female,2,4.545454545454546,3,"Government Bonds, Private Equity fund",Asian,India,India,Unemployed (and job seeking)
487,4,access,lq_lf,low,low,Servora,e06655dc,2,0,144.4,14,FALSE,20,4,45,Female,0,3.909090909090909,7,"ETF or ETC, Stock Market, Crowdfunding",White,United Kingdom,United Kingdom,Part-Time
491,4,access,lq_lf,low,low,Servora,e06655dc,4,20,44.3,14,FALSE,34,5,25,Female,3,4.545454545454546,2,"ETF or ETC, Crowdfunding, Stock Market, Venture Capital fund, Options",Black,United States,Nigeria,Full-Time
493,8,access,lq_lf,low,low,Pulsegrid,e7f29679,4,20,112.7,14,FALSE,47,4,53,Female,8,3.727272727272727,2,"Stock Market, ETF or ETC, Private Equity fund",White,United States,United States,Full-Time
495,3,access,lq_lf,low,low,Curato,14efa601,3,20,150.3,14,FALSE,23,2,34,Male,1,3.8181818181818183,1,"Stock Market, Crowdfunding, Options, Private Equity fund",White,United States,United States,Full-Time
497,1,access,lq_lf,low,low,Foliant,3eed90b1,3,25,150.1,8,FALSE,86,6,32,Male,1,4.2727272727272725,7,"Government Bonds, Crowdfunding",Black,United States,Kenya,Part-Time
499,5,access,lq_lf,low,low,Axonmesh,c7e2221f,4,30,98.6,14,FALSE,100,5,31,Male,7,4.090909090909091,1,"ETF or ETC, Stock Market, Unit trusts, Angel syndicate, Private Equity fund",White,United States,United States,Full-Time
500,8,access,lq_lf,low,low,Pulsegrid,e7f29679,2,40,87.8,14,FALSE,41,5,59,Male,3,3.3636363636363638,3,"ETF or ETC, Stock Market, Unit trusts, Crowdfunding",White,United Kingdom,United Kingdom,Full-Time
501,6,access,lq_lf,low,low,Sentyl,bfc6f4d0,4,15,33.8,14,FALSE,43,4,25,Male,2,3,1,"ETF or ETC, Stock Market, Private Equity fund, Crowdfunding",Asian,United Kingdom,United Kingdom,Unemployed (and job seeking)
502,7,access,lq_lf,low,low,Paperloom,e20d4e90,3,NA,102.5,14,TRUE,68,5,37,Male,0,4.181818181818182,2,"ETF or ETC, Government Bonds, Stock Market, Options, Private Equity fund, Venture Capital fund, Crowdfunding",White,United States,United States,Full-Time
503,7,access,lq_lf,low,low,Paperloom,e20d4e90,1,15,150.1,5,FALSE,61,5,29,Female,0,3.6363636363636362,3,"Government Bonds, Crowdfunding",Black,United Kingdom,United Kingdom,Part-Time
505,3,access,lq_lf,low,low,Curato,14efa601,2,10,150.2,14,FALSE,51,3,39,Female,4,2.909090909090909,6,"Stock Market, Unit trusts, Other, Venture Capital fund",Black,Canada,Canada,Full-Time
507,5,access,lq_lf,low,low,Axonmesh,c7e2221f,1,15,28.6,14,FALSE,63,2,25,Female,1,3.909090909090909,3,"Stock Market, Crowdfunding, Unit trusts, ETF or ETC, Private Equity fund",Asian,United Kingdom,United Kingdom,Full-Time
511,7,access,lq_lf,low,low,Paperloom,e20d4e90,4,30,79,14,FALSE,72,5,32,Male,7,3.4545454545454546,5,"Stock Market, Private Equity fund, Crowdfunding, Venture Capital fund",Black,United Kingdom,United Kingdom,Full-Time
513,1,access,lq_lf,low,low,Foliant,3eed90b1,4,20,84.2,10,FALSE,87,5,30,Male,5,3.8181818181818183,5,"ETF or ETC, Government Bonds, Stock Market, Angel syndicate",Black,United States,United States,Part-Time
518,6,access,lq_lf,low,low,Sentyl,bfc6f4d0,1,0,115.2,14,FALSE,0,1,27,Male,0,4.181818181818182,5,"ETF or ETC, Stock Market, Private Equity fund",Mixed,United Kingdom,Turkey,Full-Time
521,5,access,lq_lf,low,low,Axonmesh,c7e2221f,1,25,138.5,10,FALSE,39,6,38,Male,2,3.6363636363636362,5,"Government Bonds, ETF or ETC, Stock Market, Crowdfunding, Private Equity fund, Options",White,Canada,Canada,Full-Time
1,3,evaluation,hq_hf,high,high,Ironhall,b5fef669,1,55,63.6,14,FALSE,72,6,31,Male,0,3.272727272727273,6,"ETF or ETC, Stock Market, Government Bonds, Crowdfunding",White,Germany,Germany,Full-Time
2,4,evaluation,hq_hf,high,high,Curato,6b81ec39,4,40,30.5,14,FALSE,79,5,54,Female,5,3.4545454545454546,3,"Stock Market, Crowdfunding, Other",White,United Kingdom,United Kingdom,Other
3,7,evaluation,hq_hf,high,high,Sentyl,bcd14e91,4,35,37.2,14,FALSE,78,6,39,Female,2,2.727272727272727,5,"ETF or ETC, Stock Market, Crowdfunding",White,United Kingdom,United Kingdom,Unemployed (and job seeking)
4,6,evaluation,hq_hf,high,high,Axonmesh,f36cc003,4,40,20.1,11,FALSE,92,7,47,Male,10,4.181818181818182,4,"Government Bonds, Stock Market, Crowdfunding",White,United States,United States,Full-Time
5,5,evaluation,hq_hf,high,high,Servora,737deb7d,1,50,61.4,14,FALSE,86,6,36,Male,1,2.909090909090909,1,"ETF or ETC, Government Bonds, Stock Market, Options, Crowdfunding, Other",White,Germany,Germany,Full-Time
6,7,evaluation,hq_hf,high,high,Sentyl,bcd14e91,2,30,38.2,14,FALSE,100,4,22,Female,1,3.4545454545454546,4,"Unit trusts, Stock Market, ETF or ETC, Options, Government Bonds, Crowdfunding",Asian,Singapore,Singapore,Unemployed (and job seeking)
9,5,evaluation,hq_hf,high,high,Servora,737deb7d,3,50,22.4,14,FALSE,75,5,40,Female,0,4,6,"Stock Market, Crowdfunding",White,United States,United States,Full-Time
10,3,evaluation,hq_hf,high,high,Ironhall,b5fef669,1,60,26,14,FALSE,91,6,31,Male,4,3.909090909090909,3,"ETF or ETC, Stock Market, Unit trusts, Options, Private Equity fund, Venture Capital fund",White,United Kingdom,United Kingdom,Full-Time
11,6,evaluation,hq_hf,high,high,Axonmesh,f36cc003,4,10,12.9,14,FALSE,60,6,44,Male,8,4.2727272727272725,1,"Government Bonds, Stock Market, Options, Venture Capital fund",Black,United States,United States,Full-Time
12,8,evaluation,hq_hf,high,high,Paperloom,340b9ba1,4,85,25.2,14,FALSE,82,7,41,Male,2,3,3,"ETF or ETC, Government Bonds, Crowdfunding, Other, Stock Market",White,United Kingdom,United Kingdom,"Not in paid work (e.g. homemaker', 'retired or disabled)"
13,1,evaluation,hq_hf,high,high,Pulsegrid,dff2e369,3,30,39,14,FALSE,70,5,37,Female,1,2.727272727272727,7,"Stock Market, Crowdfunding, Other",White,France,France,Full-Time
14,8,evaluation,hq_hf,high,high,Paperloom,340b9ba1,3,70,41.6,14,FALSE,68,6,37,Male,4,3.8181818181818183,2,"Government Bonds, Stock Market, Crowdfunding",White,United States,United States,Unemployed (and job seeking)
15,2,evaluation,hq_hf,high,high,Foliant,46c0bf32,1,25,39.2,14,FALSE,28,6,22,Male,4,4.363636363636363,7,"Options, Angel syndicate, Unit trusts, Stock Market, Government Bonds, ETF or ETC, Crowdfunding",Asian,India,India,Full-Time
16,5,evaluation,hq_hf,high,high,Servora,737deb7d,4,10,169.8,1,FALSE,85,6,68,Male,0,3.5454545454545454,6,"Stock Market, Private Equity fund",White,United States,United States,"Not in paid work (e.g. homemaker', 'retired or disabled)"
17,2,evaluation,hq_hf,high,high,Foliant,46c0bf32,4,10,62.6,14,FALSE,100,7,31,Male,4,3.727272727272727,5,"Stock Market, Private Equity fund, Crowdfunding, Venture Capital fund, Government Bonds, ETF or ETC, Unit trusts",Black,United Kingdom,United Kingdom,Part-Time
18,4,evaluation,hq_hf,high,high,Curato,6b81ec39,2,20,41.1,14,FALSE,59,4,33,Female,2,4.454545454545454,4,"Options, Crowdfunding, Stock Market, Government Bonds, ETF or ETC",White,United Kingdom,Hungary,Full-Time
19,3,evaluation,hq_hf,high,high,Ironhall,b5fef669,2,30,169.8,14,FALSE,94,6,33,Female,4,4.090909090909091,6,"Stock Market, Crowdfunding, Government Bonds",White,United Kingdom,United Kingdom,Full-Time
21,1,evaluation,hq_hf,high,high,Pulsegrid,dff2e369,4,15,15.7,14,FALSE,48,5,39,Male,0,3.272727272727273,3,"Stock Market, Crowdfunding",White,United States,United States,Part-Time
22,1,evaluation,hq_hf,high,high,Pulsegrid,dff2e369,1,10,10.8,14,FALSE,84,6,48,Male,0,4.090909090909091,3,"Stock Market, Private Equity fund, Crowdfunding",White,United States,United States,Full-Time
23,1,evaluation,hq_hf,high,high,Pulsegrid,dff2e369,3,40,57.6,14,FALSE,62,5,43,Female,2,4.363636363636363,3,"ETF or ETC, Stock Market, Government Bonds, Crowdfunding",Black,United States,United States,Full-Time
24,4,evaluation,hq_hf,high,high,Curato,6b81ec39,1,30,157.1,14,FALSE,100,6,37,Male,2,3.909090909090909,1,"ETF or ETC, Stock Market, Private Equity fund",Asian,Germany,Germany,Part-Time
25,8,evaluation,hq_hf,high,high,Paperloom,340b9ba1,3,20,67.1,14,FALSE,87,4,59,Female,10,3.8181818181818183,2,Crowdfunding,Other,United Kingdom,United States,NA
27,6,evaluation,hq_hf,high,high,Axonmesh,f36cc003,4,40,74.8,14,FALSE,76,6,36,Male,2,3.909090909090909,5,"ETF or ETC, Government Bonds, Stock Market, Private Equity fund, Crowdfunding, Venture Capital fund, Options",Black,United States,United States,Full-Time
29,6,evaluation,hq_hf,high,high,Axonmesh,f36cc003,1,50,17.9,14,FALSE,84,7,49,Female,0,2.4545454545454546,4,"ETF or ETC, Crowdfunding",White,United Kingdom,United Kingdom,Full-Time
31,5,evaluation,hq_hf,high,high,Servora,737deb7d,3,25,23.6,14,FALSE,71,6,37,Male,2,4,2,"Stock Market, Private Equity fund, Government Bonds",Black,United Kingdom,United Kingdom,Full-Time
32,6,evaluation,hq_hf,high,high,Axonmesh,f36cc003,4,40,35.6,14,FALSE,100,6,33,Male,4,3.272727272727273,1,Private Equity fund,White,Brazil,Brazil,Full-Time
33,7,evaluation,hq_hf,high,high,Sentyl,bcd14e91,4,20,77.1,14,FALSE,28,4,31,Male,2,3.8181818181818183,3,"ETF or ETC, Government Bonds, Stock Market, Private Equity fund, Venture Capital fund",White,Canada,Canada,Full-Time
34,8,evaluation,hq_hf,high,high,Paperloom,340b9ba1,2,50,101.1,14,FALSE,87,6,31,Male,2,3,4,"Stock Market, Crowdfunding",White,United Kingdom,United Kingdom,Full-Time
35,6,evaluation,hq_hf,high,high,Axonmesh,f36cc003,3,5,62.9,14,FALSE,23,4,36,Female,8,3.727272727272727,4,Crowdfunding,Black,United Kingdom,United Kingdom,Unemployed (and job seeking)
38,6,evaluation,hq_hf,high,high,Axonmesh,f36cc003,4,40,4.3,14,FALSE,67,4,31,Male,5,3.6363636363636362,5,"Government Bonds, ETF or ETC, Stock Market, Unit trusts, Angel syndicate, Options, Private Equity fund, Venture Capital fund, Crowdfunding",Black,United States,United States,Full-Time
39,8,evaluation,hq_hf,high,high,Paperloom,340b9ba1,4,35,23.8,14,FALSE,33,5,25,Female,2,4.454545454545454,4,"Government Bonds, Stock Market, Private Equity fund, Crowdfunding",Black,United States,United States,Full-Time
41,7,evaluation,hq_hf,high,high,Sentyl,bcd14e91,1,40,94.2,14,FALSE,81,7,57,Male,0,3.272727272727273,2,"Stock Market, Crowdfunding, ETF or ETC, Options, Other",White,United States,United States,Full-Time
42,1,evaluation,hq_hf,high,high,Pulsegrid,dff2e369,2,50,147.4,14,FALSE,37,4,55,Female,0,3.272727272727273,2,"Stock Market, Private Equity fund",White,United Kingdom,United Kingdom,Part-Time
43,7,evaluation,hq_hf,high,high,Sentyl,bcd14e91,3,100,18.1,14,FALSE,83,6,65,Female,10,4,5,"ETF or ETC, Government Bonds, Stock Market, Unit trusts, Private Equity fund",White,United States,United States,Full-Time
44,7,evaluation,hq_hf,high,high,Sentyl,bcd14e91,2,10,80.7,13,FALSE,69,4,21,Male,1,3.8181818181818183,5,"Stock Market, Crowdfunding, ETF or ETC",White,United Kingdom,United Kingdom,Part-Time
45,6,evaluation,hq_hf,high,high,Axonmesh,f36cc003,3,30,12.5,14,FALSE,65,6,49,Male,9,4.090909090909091,5,"ETF or ETC, Stock Market, Government Bonds, Private Equity fund, Crowdfunding, Venture Capital fund",White,United Kingdom,United Kingdom,Full-Time
46,4,evaluation,hq_hf,high,high,Curato,6b81ec39,1,45,117.2,14,FALSE,90,6,34,Male,11,3.4545454545454546,2,"ETF or ETC, Government Bonds, Stock Market, Private Equity fund, Angel syndicate, Venture Capital fund, Crowdfunding",White,United Kingdom,United Kingdom,Full-Time
47,3,evaluation,hq_hf,high,high,Ironhall,b5fef669,3,0,47,14,FALSE,100,3,34,Male,2,2.1818181818181817,5,"Stock Market, ETF or ETC, Government Bonds, Unit trusts, Angel syndicate, Options, Private Equity fund, Venture Capital fund, Crowdfunding, Other",White,United Kingdom,United Kingdom,Full-Time
49,4,evaluation,hq_hf,high,high,Curato,6b81ec39,4,20,97.1,14,FALSE,74,5,29,Male,3,2.727272727272727,5,"Stock Market, Crowdfunding, Other",Mixed,United Kingdom,United Kingdom,Part-Time
50,1,evaluation,hq_hf,high,high,Pulsegrid,dff2e369,1,20,110.5,14,FALSE,76,5,35,Male,0,4.363636363636363,5,"Stock Market, Crowdfunding",Asian,United Kingdom,United Kingdom,Full-Time
51,8,evaluation,hq_hf,high,high,Paperloom,340b9ba1,1,30,181.3,14,FALSE,95,7,32,Male,2,4.636363636363637,5,"ETF or ETC, Government Bonds, Stock Market, Venture Capital fund",White,United States,United States,Part-Time
53,7,evaluation,hq_hf,high,high,Sentyl,bcd14e91,3,20,106.7,14,FALSE,80,6,39,Male,0,3.8181818181818183,3,"Stock Market, Options, Crowdfunding",White,United States,United States,Full-Time
54,1,evaluation,hq_hf,high,high,Pulsegrid,dff2e369,2,45,57.4,12,FALSE,72,6,31,Male,5,3.4545454545454546,2,"Options, Crowdfunding, Stock Market, Government Bonds, ETF or ETC",White,United States,United States,Part-Time
57,3,evaluation,hq_hf,high,high,Ironhall,b5fef669,2,10,115.8,14,FALSE,66,3,29,Male,1,3.5454545454545454,6,"Crowdfunding, Venture Capital fund, Private Equity fund, Options, Stock Market, Government Bonds, ETF or ETC",Black,United Kingdom,Netherlands,Full-Time
59,7,evaluation,hq_hf,high,high,Sentyl,bcd14e91,2,70,50.8,14,FALSE,93,5,34,Male,10,3.909090909090909,6,"ETF or ETC, Government Bonds, Stock Market, Options, Private Equity fund, Crowdfunding, Other",Asian,United Kingdom,United Kingdom,Full-Time
60,1,evaluation,hq_hf,high,high,Pulsegrid,dff2e369,4,45,84,14,FALSE,74,6,39,Male,2,3,1,"Stock Market, Private Equity fund",White,United States,United States,Full-Time
61,2,evaluation,hq_hf,high,high,Foliant,46c0bf32,4,40,76.7,14,FALSE,86,7,27,Male,1,3.1818181818181817,5,"Stock Market, Options, Angel syndicate, Private Equity fund, Government Bonds, ETF or ETC, Unit trusts, Crowdfunding",Asian,India,India,Part-Time
62,6,evaluation,hq_hf,high,high,Axonmesh,f36cc003,4,45,163.7,14,FALSE,86,6,44,Female,0,3,3,"ETF or ETC, Stock Market, Crowdfunding",White,United States,United States,Full-Time
63,2,evaluation,hq_hf,high,high,Foliant,46c0bf32,1,20,65.5,14,FALSE,58,5,28,Female,4,4.2727272727272725,6,"Stock Market, ETF or ETC, Private Equity fund, Government Bonds",Black,Canada,Canada,Full-Time
64,2,evaluation,hq_hf,high,high,Foliant,46c0bf32,2,25,22.5,14,FALSE,100,4,68,Female,0,3.1818181818181817,1,"Government Bonds, Crowdfunding",Other,United States,United States,"Not in paid work (e.g. homemaker', 'retired or disabled)"
65,4,evaluation,hq_hf,high,high,Curato,6b81ec39,1,20,290.8,14,FALSE,65,5,39,Male,0,4,1,"ETF or ETC, Government Bonds, Stock Market, Private Equity fund, Crowdfunding",Black,United States,United States,Unemployed (and job seeking)
66,8,evaluation,hq_hf,high,high,Paperloom,340b9ba1,4,80,64,14,FALSE,100,7,53,Male,10,4.181818181818182,1,"ETF or ETC, Stock Market, Venture Capital fund, Crowdfunding",White,United Kingdom,United Kingdom,Full-Time
68,3,evaluation,hq_hf,high,high,Ironhall,b5fef669,1,25,8,14,FALSE,56,4,38,Male,8,4,4,"ETF or ETC, Government Bonds, Stock Market, Unit trusts, Options, Private Equity fund, Venture Capital fund, Crowdfunding",White,Brazil,Brazil,Part-Time
69,5,evaluation,hq_hf,high,high,Servora,737deb7d,1,30,141.1,14,FALSE,87,6,26,Female,0,3.6363636363636362,1,"ETF or ETC, Government Bonds, Stock Market, Options, Private Equity fund, Venture Capital fund, Crowdfunding",White,United Kingdom,United Kingdom,Other
71,1,evaluation,hq_hf,high,high,Pulsegrid,dff2e369,2,40,70.7,14,FALSE,89,6,60,Male,0,4.181818181818182,3,"Government Bonds, Stock Market, Crowdfunding",White,United States,United States,"Not in paid work (e.g. homemaker', 'retired or disabled)"
72,6,evaluation,hq_hf,high,high,Axonmesh,f36cc003,3,60,58.1,14,FALSE,62,5,21,Male,1,3.090909090909091,5,"ETF or ETC, Stock Market, Government Bonds, Unit trusts, Options, Angel syndicate, Private Equity fund, Venture Capital fund, Crowdfunding",White,France,France,Part-Time
74,2,evaluation,hq_hf,high,high,Foliant,46c0bf32,2,40,128.8,14,FALSE,90,6,28,Female,0,3.090909090909091,4,"Stock Market, Options, Crowdfunding",Asian,United States,United States,Unemployed (and job seeking)
75,2,evaluation,hq_hf,high,high,Foliant,46c0bf32,4,20,91.9,14,FALSE,85,5,30,Male,6,3.8181818181818183,2,"ETF or ETC, Stock Market, Options, Private Equity fund, Government Bonds, Crowdfunding",White,Brazil,Brazil,Full-Time
77,3,evaluation,hq_hf,high,high,Ironhall,b5fef669,1,50,71.5,14,FALSE,68,5,64,Female,10,4.090909090909091,6,"Government Bonds, Crowdfunding",White,United Kingdom,United Kingdom,Full-Time
78,3,evaluation,hq_hf,high,high,Ironhall,b5fef669,3,35,115.2,14,FALSE,84,4,50,Male,15,3.909090909090909,5,"Government Bonds, Stock Market, Private Equity fund, Crowdfunding",White,France,France,Full-Time
80,4,evaluation,hq_hf,high,high,Curato,6b81ec39,1,15,59.2,14,FALSE,71,6,70,Male,10,3.6363636363636362,3,"Government Bonds, Stock Market, Private Equity fund",White,United Kingdom,United Kingdom,"Not in paid work (e.g. homemaker', 'retired or disabled)"
82,5,evaluation,hq_hf,high,high,Servora,737deb7d,2,30,49.2,14,FALSE,88,5,26,Male,3,4.2727272727272725,1,"ETF or ETC, Stock Market, Government Bonds, Options, Crowdfunding",Mixed,United Kingdom,United Kingdom,Full-Time
83,6,evaluation,hq_hf,high,high,Axonmesh,f36cc003,1,76,78,14,FALSE,70,6,36,Female,1,4.7272727272727275,1,"Government Bonds, Crowdfunding",White,United Kingdom,United Kingdom,Full-Time
84,5,evaluation,hq_hf,high,high,Servora,737deb7d,2,20,86.8,14,FALSE,65,5,36,Male,2,3.3636363636363638,5,"Government Bonds, Stock Market, Options, Venture Capital fund, Crowdfunding",White,United States,United States,Unemployed (and job seeking)
85,8,evaluation,hq_hf,high,high,Paperloom,340b9ba1,2,60,50.8,14,FALSE,76,6,41,Male,10,3.6363636363636362,4,"Government Bonds, Stock Market, Options, Private Equity fund, Venture Capital fund",Asian,United Kingdom,United Kingdom,Full-Time
86,8,evaluation,hq_hf,high,high,Paperloom,340b9ba1,4,20,57.2,14,FALSE,81,4,43,Male,10,3.3636363636363638,5,"Stock Market, ETF or ETC, Private Equity fund, Venture Capital fund, Crowdfunding",White,United Kingdom,United Kingdom,Full-Time
88,1,evaluation,hq_hf,high,high,Pulsegrid,dff2e369,1,20,50.8,14,FALSE,100,6,55,Male,20,2.6363636363636362,1,"Stock Market, ETF or ETC, Crowdfunding, Other",White,United States,United States,Other
89,4,evaluation,hq_hf,high,high,Curato,6b81ec39,3,30,48,14,FALSE,39,4,22,Male,0,3.1818181818181817,6,"Crowdfunding, Stock Market, Government Bonds",White,United Kingdom,United Kingdom,Full-Time
90,3,evaluation,hq_hf,high,high,Ironhall,b5fef669,2,35,170.3,14,FALSE,100,7,32,Female,5,4.090909090909091,1,"Stock Market, Private Equity fund, Crowdfunding, Venture Capital fund",Black,United Kingdom,Nigeria,Full-Time
92,3,evaluation,hq_hf,high,high,Ironhall,b5fef669,4,45,128.3,14,FALSE,92,6,50,Male,5,4.545454545454546,1,"Stock Market, Venture Capital fund, Crowdfunding, Government Bonds",White,United States,United States,Full-Time
93,7,evaluation,hq_hf,high,high,Sentyl,bcd14e91,2,40,17.4,14,FALSE,28,5,33,Male,2,3.3636363636363638,4,"Stock Market, Other, Private Equity fund",Black,United States,United States,Full-Time
94,8,evaluation,hq_hf,high,high,Paperloom,340b9ba1,3,30,6,14,FALSE,80,5,31,Male,4,3.4545454545454546,5,"Government Bonds, Private Equity fund, Venture Capital fund",Black,United Kingdom,Nigeria,Full-Time
96,8,evaluation,hq_hf,high,high,Paperloom,340b9ba1,3,30,63,14,FALSE,62,6,39,Male,4,4.2727272727272725,2,"Stock Market, Private Equity fund, Crowdfunding, Venture Capital fund",Black,United States,Nigeria,Part-Time
97,2,evaluation,hq_hf,high,high,Foliant,46c0bf32,3,30,7.8,14,FALSE,95,7,40,Male,0,4.818181818181818,2,"ETF or ETC, Government Bonds, Stock Market, Options, Private Equity fund",Asian,United States,United States,Full-Time
98,5,evaluation,hq_hf,high,high,Servora,737deb7d,3,40,177,14,FALSE,96,7,42,Male,0,3.6363636363636362,3,"Stock Market, Crowdfunding",White,United States,United States,Full-Time
99,7,evaluation,hq_hf,high,high,Sentyl,bcd14e91,2,50,63.7,14,FALSE,88,6,36,Other,18,3.909090909090909,3,"ETF or ETC, Stock Market, Crowdfunding",White,United States,United States,Full-Time
102,6,evaluation,hq_hf,high,high,Axonmesh,f36cc003,2,20,78.7,14,FALSE,71,6,38,Male,1,3.1818181818181817,5,"ETF or ETC, Government Bonds, Unit trusts, Crowdfunding, Venture Capital fund, Stock Market",White,United Kingdom,United Kingdom,Full-Time
103,7,evaluation,hq_hf,high,high,Sentyl,bcd14e91,4,40,65.9,14,FALSE,86,6,36,Male,1,3,4,"ETF or ETC, Private Equity fund",Black,Canada,South Africa,Full-Time
104,4,evaluation,hq_hf,high,high,Curato,6b81ec39,1,5,306.2,14,FALSE,84,2,39,Male,2,4,4,"Government Bonds, Stock Market, Crowdfunding",White,United States,United States,Full-Time
105,2,evaluation,hq_hf,high,high,Foliant,46c0bf32,3,60,112.3,14,FALSE,59,6,54,Female,10,3.5454545454545454,5,"ETF or ETC, Stock Market, Government Bonds, Options, Private Equity fund",White,United Kingdom,United Kingdom,NA
106,5,evaluation,hq_hf,high,high,Servora,737deb7d,2,40,26.5,14,FALSE,98,6,32,Male,3,4.363636363636363,2,"Stock Market, ETF or ETC, Private Equity fund",White,United States,United States,Part-Time
107,3,evaluation,hq_hf,high,high,Ironhall,b5fef669,3,30,13.8,14,FALSE,100,6,21,Female,2,5,4,"Government Bonds, Stock Market, Venture Capital fund, Crowdfunding, Private Equity fund, Angel syndicate, Unit trusts, Options, ETF or ETC",Black,United States,United States,Full-Time
108,7,evaluation,hq_hf,high,high,Sentyl,bcd14e91,1,30,126.3,14,FALSE,48,5,30,Male,5,4.090909090909091,3,"ETF or ETC, Government Bonds, Stock Market, Options, Crowdfunding, Other",Asian,India,India,Full-Time
109,3,evaluation,hq_hf,high,high,Ironhall,b5fef669,1,20,152.1,14,FALSE,100,7,28,Female,4,5,1,"ETF or ETC, Stock Market, Crowdfunding, Private Equity fund, Government Bonds",Black,United States,United States,Unemployed (and job seeking)
110,3,evaluation,hq_hf,high,high,Ironhall,b5fef669,3,50,55.3,14,FALSE,100,6,47,Male,0,3.272727272727273,2,"Private Equity fund, ETF or ETC, Stock Market",White,United States,United States,Part-Time
111,3,evaluation,hq_hf,high,high,Ironhall,b5fef669,2,35,7.2,14,FALSE,85,6,31,Female,5,4.181818181818182,1,"ETF or ETC, Unit trusts, Options, Angel syndicate, Stock Market, Private Equity fund, Crowdfunding, Venture Capital fund",Black,United States,United States,Full-Time
112,5,evaluation,hq_hf,high,high,Servora,737deb7d,3,30,121.9,14,FALSE,39,4,59,Male,3,3.5454545454545454,5,"ETF or ETC, Government Bonds, Stock Market, Options, Crowdfunding, Other",Mixed,United States,United States,"Not in paid work (e.g. homemaker', 'retired or disabled)"
114,3,evaluation,hq_hf,high,high,Ironhall,b5fef669,2,25,76.2,13,FALSE,76,5,43,Female,1,2.4545454545454546,2,"Stock Market, Crowdfunding",White,United States,United States,Full-Time
115,2,evaluation,hq_hf,high,high,Foliant,46c0bf32,2,35,109.9,14,FALSE,78,5,33,Male,0,3.8181818181818183,3,Crowdfunding,White,United Kingdom,United Kingdom,Part-Time
116,5,evaluation,hq_hf,high,high,Servora,737deb7d,1,25,168.6,14,FALSE,46,4,53,Female,0,2.4545454545454546,5,"Stock Market, Options, Crowdfunding",Mixed,United States,France,Full-Time
119,4,evaluation,hq_hf,high,high,Curato,6b81ec39,4,20,34.9,14,FALSE,86,7,22,Male,4,4.090909090909091,1,"ETF or ETC, Private Equity fund, Government Bonds, Other",White,Brazil,Brazil,Full-Time
120,5,evaluation,hq_hf,high,high,Servora,737deb7d,4,20,9.5,14,FALSE,34,5,27,Female,4,3.4545454545454546,5,"Stock Market, Private Equity fund, Crowdfunding",Black,United Kingdom,United Kingdom,Unemployed (and job seeking)
121,7,evaluation,hq_hf,high,high,Sentyl,bcd14e91,2,40,240.5,14,FALSE,87,5,49,Female,0,3,4,"Crowdfunding, Stock Market",White,United States,United States,Full-Time
122,8,evaluation,hq_hf,high,high,Paperloom,340b9ba1,2,35,111.3,14,FALSE,67,5,60,Female,15,3.4545454545454546,3,Crowdfunding,White,United Kingdom,United Kingdom,Full-Time
123,4,evaluation,hq_hf,high,high,Curato,6b81ec39,2,30,99.1,14,FALSE,91,6,54,Male,3,4.090909090909091,5,"Government Bonds, Stock Market, Crowdfunding",Asian,India,India,Full-Time
124,6,evaluation,hq_hf,high,high,Axonmesh,f36cc003,4,50,116.2,14,FALSE,85,7,53,Male,5,4.363636363636363,3,"ETF or ETC, Stock Market, Crowdfunding",White,United Kingdom,United Kingdom,Full-Time
125,8,evaluation,hq_hf,high,high,Paperloom,340b9ba1,4,20,22.7,14,FALSE,100,7,35,Male,3,4.2727272727272725,1,"Unit trusts, Stock Market, Venture Capital fund",Black,United States,United States,Unemployed (and job seeking)
127,2,evaluation,hq_hf,high,high,Foliant,46c0bf32,3,50,159.3,14,FALSE,100,7,26,Male,0,3.4545454545454546,3,"Stock Market, Crowdfunding",White,United Kingdom,United Kingdom,Other
128,5,evaluation,hq_hf,high,high,Servora,737deb7d,4,0,13.7,1,FALSE,87,2,36,Male,5,4.090909090909091,1,"Stock Market, Crowdfunding",White,United States,United States,Part-Time
129,4,evaluation,hq_hf,high,high,Curato,6b81ec39,1,70,71.3,14,FALSE,59,4,30,Female,4,3.8181818181818183,3,"Private Equity fund, Government Bonds, Stock Market",White,United Kingdom,Poland,NA
132,3,evaluation,hq_hf,high,high,Ironhall,b5fef669,4,25,39.2,14,FALSE,100,4,65,Male,0,3.727272727272727,1,"ETF or ETC, Government Bonds, Stock Market, Crowdfunding",White,United States,United States,Part-Time
133,3,evaluation,hq_hf,high,high,Ironhall,b5fef669,1,80,182.1,14,FALSE,100,7,25,Male,0,4,1,"Stock Market, Government Bonds, ETF or ETC, Crowdfunding",Mixed,United Kingdom,United Kingdom,Full-Time
136,1,evaluation,hq_hf,high,high,Pulsegrid,dff2e369,2,35,142.5,14,FALSE,59,5,38,Male,1,2.3636363636363638,6,Crowdfunding,White,United States,United States,Full-Time
137,7,evaluation,hq_hf,high,high,Sentyl,bcd14e91,4,15,25.4,14,FALSE,64,6,29,Male,2,4.090909090909091,2,"Crowdfunding, Venture Capital fund, Stock Market, Other",Asian,India,India,Part-Time
138,5,evaluation,hq_hf,high,high,Servora,737deb7d,1,18,120.8,14,FALSE,79,6,22,Male,3,4.2727272727272725,3,"Government Bonds, Stock Market, Crowdfunding, Private Equity fund",Black,United States,United States,Full-Time
140,1,evaluation,hq_hf,high,high,Pulsegrid,dff2e369,3,20,67.7,14,FALSE,41,3,23,Female,1,3,6,"ETF or ETC, Stock Market, Options, Crowdfunding, Government Bonds",White,United States,Romania,Full-Time
141,7,evaluation,hq_hf,high,high,Sentyl,bcd14e91,2,20,121.4,14,FALSE,42,4,44,Male,10,3.4545454545454546,3,"Government Bonds, Stock Market, Private Equity fund",Black,United States,United States,Full-Time
144,4,evaluation,hq_hf,high,high,Curato,6b81ec39,4,30,7.6,14,FALSE,66,3,47,Female,2,2.8181818181818183,4,"Stock Market, Government Bonds, Private Equity fund, Crowdfunding",Black,United States,United States,Full-Time
145,1,evaluation,hq_hf,high,high,Pulsegrid,dff2e369,4,50,20.9,10,FALSE,91,6,39,Male,2,4.181818181818182,1,"Stock Market, Options, Crowdfunding",White,United Kingdom,United Kingdom,Full-Time
146,1,evaluation,hq_hf,high,high,Pulsegrid,dff2e369,3,70,166,14,FALSE,91,6,36,Male,0,3.5454545454545454,2,"Stock Market, Government Bonds, Crowdfunding",White,United Kingdom,United Kingdom,Full-Time
147,1,evaluation,hq_hf,high,high,Pulsegrid,dff2e369,4,20,14.4,14,FALSE,81,5,27,Male,2,3.8181818181818183,5,"Stock Market, Government Bonds, Options, Private Equity fund, ETF or ETC",White,United Kingdom,United Kingdom,Full-Time
148,4,evaluation,hq_hf,high,high,Curato,6b81ec39,4,20,21.2,14,FALSE,100,6,25,Female,3,4.090909090909091,5,"Stock Market, Private Equity fund, Government Bonds",Asian,India,India,Full-Time
151,8,evaluation,hq_hf,high,high,Paperloom,340b9ba1,4,60,20,14,FALSE,77,5,47,Male,0,4.181818181818182,4,"ETF or ETC, Stock Market, Government Bonds, Crowdfunding",White,United States,United States,Full-Time
154,4,evaluation,hq_hf,high,high,Curato,6b81ec39,3,15,102.3,13,FALSE,66,5,44,Female,0,2.3636363636363638,3,"ETF or ETC, Government Bonds, Crowdfunding, Other",Mixed,France,France,Part-Time
155,8,evaluation,hq_hf,high,high,Paperloom,340b9ba1,1,26,84.4,14,FALSE,42,5,34,Male,5,4.363636363636363,5,"Stock Market, Private Equity fund, Crowdfunding, Government Bonds, ETF or ETC",Black,Canada,Canada,Full-Time
156,5,evaluation,hq_hf,high,high,Servora,737deb7d,4,20,64.4,13,FALSE,29,4,49,Male,5,4.818181818181818,6,"Stock Market, Crowdfunding, Private Equity fund",Asian,United States,United Kingdom,Full-Time
159,2,evaluation,hq_hf,high,high,Foliant,46c0bf32,4,65,79.6,14,FALSE,100,7,36,Male,7,3.3636363636363638,5,"ETF or ETC, Stock Market, Private Equity fund, Crowdfunding",Asian,Canada,Canada,Full-Time
160,5,evaluation,hq_hf,high,high,Servora,737deb7d,2,30,6.2,14,FALSE,72,6,34,Female,5,4.545454545454546,1,"Stock Market, ETF or ETC, Options, Venture Capital fund",Asian,India,India,Full-Time
162,3,evaluation,hq_hf,high,high,Ironhall,b5fef669,1,10,81,14,FALSE,72,2,32,Female,3,4.181818181818182,1,"Private Equity fund, ETF or ETC, Government Bonds, Stock Market, Options, Other",White,United Kingdom,United Kingdom,Full-Time
163,3,evaluation,hq_hf,high,high,Ironhall,b5fef669,4,45,52.1,14,FALSE,39,4,28,Male,0,3.3636363636363638,4,"Stock Market, Crowdfunding",White,United States,United States,Part-Time
164,7,evaluation,hq_hf,high,high,Sentyl,bcd14e91,2,30,92.1,14,FALSE,82,6,52,Male,8,3.090909090909091,1,"Stock Market, Crowdfunding",White,United Kingdom,United Kingdom,Part-Time
165,8,evaluation,hq_hf,high,high,Paperloom,340b9ba1,2,20,143.2,14,FALSE,72,5,26,Male,8,4.090909090909091,2,"ETF or ETC, Government Bonds, Stock Market, Venture Capital fund, Crowdfunding",Black,Canada,Canada,Part-Time
166,4,evaluation,hq_hf,high,high,Curato,6b81ec39,3,10,4.3,14,FALSE,78,5,36,Female,4,4.545454545454546,5,"Stock Market, Unit trusts, Venture Capital fund",White,United States,United States,Part-Time
167,2,evaluation,hq_hf,high,high,Foliant,46c0bf32,4,45,55,14,FALSE,100,7,25,Male,3,4.636363636363637,1,"ETF or ETC, Stock Market, Private Equity fund",Asian,India,India,Part-Time
168,4,evaluation,hq_hf,high,high,Curato,6b81ec39,2,40,11.6,14,FALSE,90,6,37,Female,2,4.2727272727272725,1,"Crowdfunding, Other",White,France,France,Full-Time
169,5,evaluation,hq_hf,high,high,Servora,737deb7d,3,5,49.2,14,FALSE,29,5,42,Female,9,4.454545454545454,2,"Government Bonds, Stock Market, Unit trusts, Private Equity fund, Venture Capital fund, Crowdfunding",White,United Kingdom,United Kingdom,Full-Time
170,8,evaluation,hq_hf,high,high,Paperloom,340b9ba1,3,25,70.5,14,FALSE,88,5,32,Male,2,4.181818181818182,3,"Stock Market, Government Bonds, Crowdfunding",Black,United Kingdom,United Kingdom,Full-Time
171,4,evaluation,hq_hf,high,high,Curato,6b81ec39,2,30,28.3,14,FALSE,58,5,53,Female,4,4,4,"Stock Market, Private Equity fund, Crowdfunding",White,United States,Italy,Full-Time
172,2,evaluation,hq_hf,high,high,Foliant,46c0bf32,2,25,37.8,14,FALSE,83,5,49,Female,2,4.363636363636363,1,"Government Bonds, Stock Market, Private Equity fund, Unit trusts",Asian,India,India,Other
175,8,evaluation,hq_hf,high,high,Paperloom,340b9ba1,1,15,103.7,14,FALSE,62,7,62,Female,9,3.8181818181818183,1,"Private Equity fund, Stock Market, Government Bonds, Venture Capital fund",White,United Kingdom,United Kingdom,Full-Time
176,7,evaluation,hq_hf,high,high,Sentyl,bcd14e91,2,30,44.8,14,FALSE,70,6,27,Male,2,3.909090909090909,6,"Stock Market, Government Bonds, Crowdfunding",White,United States,United States,Full-Time
177,5,evaluation,hq_hf,high,high,Servora,737deb7d,4,30,48,14,FALSE,88,5,38,Male,6,4.909090909090909,1,"ETF or ETC, Government Bonds, Stock Market, Venture Capital fund, Crowdfunding, Private Equity fund",White,United States,United States,Full-Time
178,1,evaluation,hq_hf,high,high,Pulsegrid,dff2e369,4,7,70,14,FALSE,38,3,29,Male,3,3.909090909090909,4,"Stock Market, Private Equity fund, Government Bonds",Black,Canada,Kenya,Full-Time
179,1,evaluation,hq_hf,high,high,Pulsegrid,dff2e369,2,25,79.2,14,FALSE,30,6,42,Male,5,4.090909090909091,6,"Stock Market, ETF or ETC, Private Equity fund",Black,United States,United States,Part-Time
180,5,evaluation,hq_hf,high,high,Servora,737deb7d,2,60,73.7,14,FALSE,75,6,29,Male,2,3.5454545454545454,4,"ETF or ETC, Stock Market, Private Equity fund, Venture Capital fund, Crowdfunding, Options",White,United States,United States,Full-Time
181,6,evaluation,hq_hf,high,high,Axonmesh,f36cc003,2,10,81.2,14,FALSE,93,6,41,Male,5,3.8181818181818183,2,"ETF or ETC, Private Equity fund, Stock Market, Crowdfunding, Unit trusts, Government Bonds",White,United Kingdom,United Kingdom,Full-Time
182,4,evaluation,hq_hf,high,high,Curato,6b81ec39,3,10,129.6,14,FALSE,3,2,42,Male,20,3.6363636363636362,5,"ETF or ETC, Government Bonds, Stock Market, Private Equity fund",White,United Kingdom,United Kingdom,Full-Time
184,4,evaluation,hq_hf,high,high,Curato,6b81ec39,2,10,54.3,14,FALSE,19,3,70,Male,6,4.181818181818182,1,"Crowdfunding, Options, Unit trusts, Stock Market, Government Bonds",White,United Kingdom,United Kingdom,"Not in paid work (e.g. homemaker', 'retired or disabled)"
185,7,evaluation,hq_hf,high,high,Sentyl,bcd14e91,4,30,21.5,14,FALSE,72,5,38,Female,4,4.090909090909091,5,"Stock Market, Crowdfunding, Government Bonds, ETF or ETC",Black,United States,United States,Full-Time
186,5,evaluation,hq_hf,high,high,Servora,737deb7d,3,10,54.1,14,FALSE,85,6,34,Female,7,3.090909090909091,2,"ETF or ETC, Government Bonds, Stock Market, Options, Venture Capital fund, Crowdfunding, Private Equity fund",Black,United States,United States,Part-Time
187,4,evaluation,hq_hf,high,high,Curato,6b81ec39,4,30,81.7,14,FALSE,76,6,65,Male,2,3.727272727272727,5,"Stock Market, Private Equity fund, Options",White,United States,United States,Full-Time
188,1,evaluation,hq_hf,high,high,Pulsegrid,dff2e369,3,30,14.3,14,FALSE,41,4,40,Male,5,3.3636363636363638,1,"Government Bonds, Stock Market, Crowdfunding, Venture Capital fund, Private Equity fund",Black,United Kingdom,United Kingdom,Full-Time
191,6,evaluation,hq_hf,high,high,Axonmesh,f36cc003,2,29,71.7,14,FALSE,66,4,30,Female,4,3.727272727272727,4,"Options, Private Equity fund, Stock Market, Government Bonds, ETF or ETC, Venture Capital fund, Crowdfunding, Other",White,Germany,United States,NA
192,2,evaluation,hq_hf,high,high,Foliant,46c0bf32,1,25,60.5,13,FALSE,58,3,47,Female,5,3,5,"Government Bonds, Stock Market, Crowdfunding",White,United Kingdom,United Kingdom,Full-Time
193,3,evaluation,hq_hf,high,high,Ironhall,b5fef669,3,25,27.9,14,FALSE,81,6,34,Male,6,4.2727272727272725,1,"ETF or ETC, Government Bonds, Stock Market, Options, Private Equity fund",Asian,India,India,Full-Time
194,8,evaluation,hq_hf,high,high,Paperloom,340b9ba1,4,15,64.4,14,FALSE,100,3,34,Male,3,3.1818181818181817,1,"Government Bonds, Private Equity fund, Stock Market, ETF or ETC, Crowdfunding, Venture Capital fund, Unit trusts",Black,United Kingdom,United Kingdom,Full-Time
195,1,evaluation,hq_hf,high,high,Pulsegrid,dff2e369,3,30,16.3,12,FALSE,81,5,24,Female,3,3.909090909090909,6,"ETF or ETC, Government Bonds, Stock Market, Unit trusts, Angel syndicate, Options, Private Equity fund, Venture Capital fund, Crowdfunding",Asian,United Kingdom,Vietnam,Full-Time
196,2,evaluation,hq_hf,high,high,Foliant,46c0bf32,3,25,177.6,14,FALSE,38,5,49,Male,12,3.8181818181818183,1,"ETF or ETC, Government Bonds, Stock Market, Options, Crowdfunding, Other",Black,United States,Jamaica,Full-Time
198,3,evaluation,hq_hf,high,high,Ironhall,b5fef669,3,25,23.6,14,FALSE,85,5,35,Male,5,3.5454545454545454,3,"Private Equity fund, ETF or ETC, Stock Market, Government Bonds",Asian,India,India,Part-Time
199,6,evaluation,hq_hf,high,high,Axonmesh,f36cc003,1,25,55.4,14,FALSE,99,6,61,Male,6,3.727272727272727,1,"Stock Market, Private Equity fund",Black,United States,United States,Full-Time
200,2,evaluation,hq_hf,high,high,Foliant,46c0bf32,2,25,51.9,14,FALSE,100,5,52,Female,3,4,1,"Stock Market, Crowdfunding, Other, ETF or ETC",Black,United States,United States,Part-Time
201,7,evaluation,hq_hf,high,high,Sentyl,bcd14e91,4,50,124.5,14,FALSE,63,5,28,Male,1,3,2,"Stock Market, ETF or ETC, Private Equity fund",Mixed,Canada,Canada,Due to start a new job within the next month
202,5,evaluation,hq_hf,high,high,Servora,737deb7d,2,25,26.7,3,FALSE,28,6,26,Male,5,4.454545454545454,4,"Government Bonds, Stock Market, Options, Private Equity fund, Venture Capital fund, Crowdfunding, Other, ETF or ETC",Asian,India,India,Full-Time
203,6,evaluation,hq_hf,high,high,Axonmesh,f36cc003,4,60,193.3,14,FALSE,94,7,56,Female,4,4,4,"ETF or ETC, Stock Market, Angel syndicate, Crowdfunding",White,United Kingdom,Italy,Full-Time
204,8,evaluation,hq_hf,high,high,Paperloom,340b9ba1,1,30,17.6,14,FALSE,61,3,36,Male,10,3.909090909090909,3,"Government Bonds, Stock Market, Private Equity fund",Black,Canada,Canada,Full-Time
205,3,evaluation,hq_hf,high,high,Ironhall,b5fef669,4,70,106.1,14,FALSE,100,5,68,Female,2,3.3636363636363638,1,"Stock Market, Private Equity fund, Government Bonds",White,United States,United States,Part-Time
206,2,evaluation,hq_hf,high,high,Foliant,46c0bf32,2,40,131.9,14,FALSE,75,7,36,Male,5,3.8181818181818183,6,"ETF or ETC, Government Bonds, Stock Market, Options, Crowdfunding, Venture Capital fund, Private Equity fund",Asian,Canada,Canada,Full-Time
208,6,evaluation,hq_hf,high,high,Axonmesh,f36cc003,3,40,63.1,14,FALSE,75,6,34,Male,8,3.1818181818181817,4,"Stock Market, Crowdfunding, Government Bonds",Black,United Kingdom,Nigeria,Full-Time
209,3,evaluation,hq_hf,high,high,Ironhall,b5fef669,1,32,1209.7,14,FALSE,80,4,39,Male,0,4.2727272727272725,7,"Stock Market, Crowdfunding",White,United States,United States,Full-Time
210,3,evaluation,hq_hf,high,high,Ironhall,b5fef669,1,40,118.5,14,FALSE,100,7,68,Male,10,4.909090909090909,1,"Stock Market, ETF or ETC, Unit trusts, Private Equity fund, Crowdfunding, Venture Capital fund",Black,United States,United Kingdom,Full-Time
212,6,evaluation,hq_hf,high,high,Axonmesh,f36cc003,1,30,80.8,14,FALSE,84,5,37,Male,4,4,6,"ETF or ETC, Government Bonds, Stock Market, Unit trusts, Angel syndicate, Options, Private Equity fund, Venture Capital fund, Crowdfunding, Other",White,United Kingdom,Spain,Full-Time
213,6,evaluation,hq_hf,high,high,Axonmesh,f36cc003,3,20,111.8,1,FALSE,76,4,35,Male,5,3.727272727272727,6,"Stock Market, Crowdfunding",Black,United Kingdom,United Kingdom,Full-Time
214,8,evaluation,hq_hf,high,high,Paperloom,340b9ba1,2,35,20.4,14,FALSE,54,4,29,Male,2,4.090909090909091,4,"Stock Market, Crowdfunding",Black,United States,United States,Part-Time
215,3,evaluation,hq_hf,high,high,Ironhall,b5fef669,1,22,44.7,14,FALSE,91,7,30,Female,6,4.2727272727272725,5,"Government Bonds, Stock Market, ETF or ETC, Angel syndicate, Options, Venture Capital fund, Crowdfunding",Asian,India,India,Full-Time
217,2,evaluation,hq_hf,high,high,Foliant,46c0bf32,2,13,4.8,4,FALSE,35,4,57,Female,10,4.181818181818182,1,"Stock Market, Venture Capital fund, Crowdfunding, ETF or ETC",Black,United States,United States,Other
218,3,evaluation,hq_hf,high,high,Ironhall,b5fef669,4,30,50.2,5,FALSE,81,6,44,Male,6,4,6,"Stock Market, Private Equity fund, Crowdfunding",Black,United States,United States,Full-Time
220,8,evaluation,hq_hf,high,high,Paperloom,340b9ba1,2,35,13.9,1,FALSE,65,6,48,Female,3,4.2727272727272725,3,"ETF or ETC, Stock Market, Crowdfunding, Private Equity fund",White,United States,United States,Full-Time
221,7,evaluation,hq_hf,high,high,Sentyl,bcd14e91,2,40,40.1,14,FALSE,91,7,24,Male,2,4.2727272727272725,3,"ETF or ETC, Government Bonds, Stock Market, Unit trusts, Options, Private Equity fund, Crowdfunding, Angel syndicate, Venture Capital fund",Asian,India,India,Unemployed (and job seeking)
222,6,evaluation,hq_hf,high,high,Axonmesh,f36cc003,2,83,39.3,10,FALSE,90,7,38,Male,12,3.8181818181818183,3,"Stock Market, Government Bonds, Crowdfunding",White,United Kingdom,United Kingdom,Full-Time
223,3,evaluation,hq_hf,high,high,Ironhall,b5fef669,1,30,134.7,14,FALSE,74,5,41,Male,0,4.090909090909091,5,"Government Bonds, Stock Market, Crowdfunding, Other",White,Canada,Canada,"Not in paid work (e.g. homemaker', 'retired or disabled)"
226,7,evaluation,hq_hf,high,high,Sentyl,bcd14e91,3,30,79.4,14,FALSE,100,7,41,Male,5,3.8181818181818183,5,"Crowdfunding, Stock Market",White,United Kingdom,United Kingdom,Full-Time
227,7,evaluation,hq_hf,high,high,Sentyl,bcd14e91,4,25,50.5,14,FALSE,68,5,30,Male,7,4.636363636363637,3,"ETF or ETC, Government Bonds, Stock Market, Private Equity fund, Unit trusts",Black,United Kingdom,United Kingdom,Full-Time
228,1,evaluation,hq_hf,high,high,Pulsegrid,dff2e369,2,35,107.5,14,FALSE,59,5,44,Male,2,3.5454545454545454,4,"Stock Market, Private Equity fund, Venture Capital fund",Asian,India,India,Full-Time
230,5,evaluation,hq_hf,high,high,Servora,737deb7d,4,40,238.8,14,FALSE,59,6,21,Male,3,3.090909090909091,2,"ETF or ETC, Government Bonds, Stock Market, Unit trusts, Options, Private Equity fund, Venture Capital fund, Other",White,Brazil,Brazil,Full-Time
233,4,evaluation,hq_hf,high,high,Curato,6b81ec39,4,50,115.7,14,FALSE,84,6,46,Female,2,3.909090909090909,5,"Stock Market, Crowdfunding",White,United Kingdom,United Kingdom,Full-Time
235,2,evaluation,hq_hf,high,high,Foliant,46c0bf32,1,60,232,14,FALSE,90,5,56,Male,10,3.8181818181818183,6,"ETF or ETC, Stock Market, Angel syndicate, Crowdfunding",White,United Kingdom,United Kingdom,Part-Time
237,3,evaluation,hq_hf,high,high,Ironhall,b5fef669,1,45,128.4,14,FALSE,80,7,51,Male,2,4.363636363636363,3,"ETF or ETC, Stock Market, Government Bonds, Unit trusts, Angel syndicate, Private Equity fund",White,United States,United States,Full-Time
239,6,evaluation,hq_hf,high,high,Axonmesh,f36cc003,4,40,4.2,14,FALSE,54,6,67,Female,12,3.090909090909091,7,"ETF or ETC, Government Bonds, Stock Market, Crowdfunding",White,United Kingdom,Italy,Full-Time
241,6,evaluation,hq_hf,high,high,Axonmesh,f36cc003,4,80,69.3,14,FALSE,100,7,34,Male,1,3.1818181818181817,5,"Government Bonds, Other, Private Equity fund",Other,Canada,Canada,Full-Time
245,5,evaluation,hq_hf,high,high,Servora,737deb7d,4,50,54.6,14,FALSE,91,6,40,Male,0,3.8181818181818183,4,"ETF or ETC, Stock Market, Crowdfunding",White,United States,United States,Other
246,6,evaluation,hq_hf,high,high,Axonmesh,f36cc003,2,10,16.7,1,FALSE,71,4,63,Female,8,3.8181818181818183,3,"Stock Market, Unit trusts, Crowdfunding, Venture Capital fund",White,United Kingdom,Ireland,Full-Time
248,8,evaluation,hq_hf,high,high,Paperloom,340b9ba1,1,20,77.6,14,FALSE,55,6,35,Male,2,4.2727272727272725,6,"Private Equity fund, Stock Market, Government Bonds, ETF or ETC",Black,United States,United States,Part-Time
249,6,evaluation,hq_hf,high,high,Axonmesh,f36cc003,3,45,42.8,14,FALSE,68,5,31,Male,1,3.727272727272727,5,"ETF or ETC, Stock Market, Crowdfunding, Other",Mixed,United Kingdom,United Kingdom,Full-Time
250,7,evaluation,hq_hf,high,high,Sentyl,bcd14e91,1,30,263.6,14,FALSE,57,4,25,Male,0,3.7272727272727275,4,"Stock Market, Government Bonds, Private Equity fund",Mixed,Brazil,Brazil,Unemployed (and job seeking)
251,6,evaluation,hq_hf,high,high,Axonmesh,f36cc003,2,35,91.3,13,FALSE,66,6,36,Male,6,4.454545454545454,5,"Stock Market, ETF or ETC, Private Equity fund, Government Bonds",Black,United Kingdom,United Kingdom,Full-Time
252,1,evaluation,hq_hf,high,high,Pulsegrid,dff2e369,3,10,5.6,1,FALSE,62,4,38,Other,1,3.1818181818181817,6,"Government Bonds, Stock Market, ETF or ETC, Options, Private Equity fund, Other",White,United Kingdom,United Kingdom,Full-Time
253,7,evaluation,hq_hf,high,high,Sentyl,bcd14e91,2,30,59.1,14,FALSE,70,5,27,Female,8,3.8181818181818183,4,"Government Bonds, ETF or ETC, Stock Market, Unit trusts, Angel syndicate, Private Equity fund, Options, Venture Capital fund, Crowdfunding",Black,United States,United States,Part-Time
254,5,evaluation,hq_hf,high,high,Servora,737deb7d,2,45,212.5,14,FALSE,61,6,23,Male,0,3.6363636363636362,5,"Government Bonds, Private Equity fund",White,Brazil,Brazil,Unemployed (and job seeking)
255,5,evaluation,hq_hf,high,high,Servora,737deb7d,2,50,192.5,14,FALSE,88,7,39,Female,2,3.727272727272727,7,"ETF or ETC, Stock Market, Crowdfunding, Options",White,United States,United States,Full-Time
256,5,evaluation,hq_hf,high,high,Servora,737deb7d,4,40,28.8,14,FALSE,100,5,43,Male,0,3.909090909090909,6,Crowdfunding,White,United Kingdom,United Kingdom,Full-Time
259,5,evaluation,hq_hf,high,high,Servora,737deb7d,3,50,61.1,14,FALSE,95,6,60,Male,3,3.090909090909091,5,"ETF or ETC, Government Bonds, Stock Market, Unit trusts, Crowdfunding",Mixed,United States,United States,Part-Time
260,8,evaluation,hq_hf,high,high,Paperloom,340b9ba1,4,40,67.4,14,FALSE,72,5,40,Male,2,3.8181818181818183,3,"Stock Market, Crowdfunding",White,United Kingdom,United Kingdom,Full-Time
261,5,evaluation,hq_hf,high,high,Servora,737deb7d,3,0,128,14,FALSE,78,6,59,Male,0,2.4545454545454546,5,"ETF or ETC, Stock Market, Unit trusts, Private Equity fund, Government Bonds",White,Canada,Canada,Full-Time
262,1,evaluation,hq_hf,high,high,Pulsegrid,dff2e369,4,45,92.6,14,FALSE,55,7,41,Male,0,4.181818181818182,3,Crowdfunding,White,United Kingdom,United Kingdom,Full-Time
263,3,evaluation,hq_hf,high,high,Ironhall,b5fef669,4,35,12.8,14,FALSE,64,5,36,Female,2,4.363636363636363,1,"ETF or ETC, Private Equity fund, Unit trusts, Stock Market, Options",Black,United States,United States,Full-Time
264,5,evaluation,hq_hf,high,high,Servora,737deb7d,2,25,90,14,FALSE,86,6,32,Male,2,3.6363636363636362,2,"ETF or ETC, Government Bonds, Stock Market, Private Equity fund, Crowdfunding",NA,United Kingdom,United Kingdom,Full-Time
265,5,evaluation,hq_hf,high,high,Servora,737deb7d,4,20,12,14,FALSE,95,6,30,Male,7,4.636363636363637,3,"Crowdfunding, Private Equity fund, Venture Capital fund, Unit trusts, Stock Market, ETF or ETC, Government Bonds",Black,United States,United States,Unemployed (and job seeking)
266,8,evaluation,hq_hf,high,high,Paperloom,340b9ba1,2,5,34.3,14,FALSE,53,3,53,Male,2,4.636363636363637,4,"Stock Market, Crowdfunding",White,United States,United States,"Not in paid work (e.g. homemaker', 'retired or disabled)"
267,2,evaluation,hq_hf,high,high,Foliant,46c0bf32,4,90,122,14,FALSE,100,7,47,Male,7,3.272727272727273,2,"ETF or ETC, Government Bonds, Stock Market, Unit trusts, Crowdfunding, Options",White,Canada,Canada,Full-Time
268,2,evaluation,hq_hf,high,high,Foliant,46c0bf32,1,25,52.5,14,FALSE,70,4,33,Female,3,3.4545454545454546,5,"ETF or ETC, Government Bonds, Crowdfunding, Venture Capital fund",Asian,United States,United States,Unemployed (and job seeking)
269,5,evaluation,hq_hf,high,high,Servora,737deb7d,1,20,21.1,14,FALSE,89,4,34,Male,8,5,4,"ETF or ETC, Government Bonds, Stock Market, Unit trusts, Angel syndicate, Private Equity fund, Venture Capital fund, Crowdfunding",White,United Kingdom,United Kingdom,Part-Time
270,4,evaluation,hq_hf,high,high,Curato,6b81ec39,4,25,33.2,14,FALSE,55,6,47,Male,6,4.363636363636363,3,"Stock Market, Options, Private Equity fund, Venture Capital fund, Government Bonds, ETF or ETC, Unit trusts, Angel syndicate, Crowdfunding",White,United States,United States,Full-Time
271,1,evaluation,hq_hf,high,high,Pulsegrid,dff2e369,1,25,234.1,14,FALSE,36,5,28,Male,0,3,5,"Stock Market, Crowdfunding, Private Equity fund",Other,United Kingdom,Sweden,NA
272,6,evaluation,hq_hf,high,high,Axonmesh,f36cc003,3,15,56.7,14,FALSE,79,6,50,Male,15,3.727272727272727,4,"Stock Market, Options, Private Equity fund, Venture Capital fund",Mixed,United Kingdom,United Kingdom,Part-Time
273,6,evaluation,hq_hf,high,high,Axonmesh,f36cc003,1,25,12.9,14,FALSE,27,5,34,Female,7,4.181818181818182,7,"Stock Market, Government Bonds, Private Equity fund",Black,United States,United States,Part-Time
274,4,evaluation,hq_hf,high,high,Curato,6b81ec39,1,25,37.4,14,FALSE,51,4,43,Female,5,5,1,"ETF or ETC, Government Bonds, Stock Market, Unit trusts, Angel syndicate, Options, Private Equity fund, Venture Capital fund, Crowdfunding",Black,United States,United States,Full-Time
275,1,evaluation,hq_hf,high,high,Pulsegrid,dff2e369,4,35,60.9,14,FALSE,62,5,27,Male,1,3.909090909090909,5,"Stock Market, Government Bonds, ETF or ETC, Angel syndicate, Options, Private Equity fund, Venture Capital fund, Crowdfunding, Other",Asian,India,India,Full-Time
277,5,evaluation,hq_hf,high,high,Servora,737deb7d,4,40,232.2,14,FALSE,83,7,53,Female,0,3.909090909090909,2,"Stock Market, Crowdfunding, ETF or ETC",White,Canada,Canada,Other
278,3,evaluation,hq_hf,high,high,Ironhall,b5fef669,1,50,8.2,14,FALSE,79,5,33,Female,4,3,3,Crowdfunding,White,United Kingdom,United Kingdom,Full-Time
279,7,evaluation,hq_hf,high,high,Sentyl,bcd14e91,4,62,149.4,14,FALSE,56,6,26,Male,2,4.545454545454546,2,"Stock Market, Unit trusts, Private Equity fund, Government Bonds",Prefer not to say,Canada,Canada,Full-Time
280,3,evaluation,hq_hf,high,high,Ironhall,b5fef669,2,5,263.2,14,FALSE,85,5,44,Male,1,4.636363636363637,3,"ETF or ETC, Stock Market, Private Equity fund",Asian,United Kingdom,United Kingdom,Full-Time
282,7,evaluation,hq_hf,high,high,Sentyl,bcd14e91,2,40,32.1,14,FALSE,84,6,23,Male,2,4.363636363636363,5,"Stock Market, Crowdfunding, Government Bonds",Asian,India,India,Part-Time
286,7,evaluation,hq_hf,high,high,Sentyl,bcd14e91,2,8,66.8,14,FALSE,75,2,46,Male,2,3.6363636363636362,6,"ETF or ETC, Stock Market, Unit trusts, Government Bonds, Crowdfunding",White,United Kingdom,United Kingdom,Full-Time
287,5,evaluation,hq_hf,high,high,Servora,737deb7d,2,65,59,14,FALSE,88,6,39,Male,0,3,2,"ETF or ETC, Stock Market, Venture Capital fund, Options",White,United States,United States,Full-Time
288,3,evaluation,hq_hf,high,high,Ironhall,b5fef669,2,10,530.6,14,FALSE,89,6,44,Male,12,4,5,"ETF or ETC, Government Bonds, Stock Market, Unit trusts, Angel syndicate, Private Equity fund, Crowdfunding",White,United Kingdom,United Kingdom,Full-Time
289,1,evaluation,hq_hf,high,high,Pulsegrid,dff2e369,1,25,51.6,14,FALSE,48,3,30,Female,1,3.909090909090909,5,"Stock Market, Angel syndicate",Black,United Kingdom,Nigeria,Full-Time
290,7,evaluation,hq_hf,high,high,Sentyl,bcd14e91,4,30,48.5,14,FALSE,100,7,39,Male,6,3.909090909090909,5,"Government Bonds, Stock Market, Options, Private Equity fund, Crowdfunding, Other",White,United States,United States,Full-Time
292,7,evaluation,hq_hf,high,high,Sentyl,bcd14e91,3,35,139.5,14,FALSE,100,6,50,Male,2,4.2727272727272725,1,"Stock Market, Crowdfunding, Other",White,United States,United States,Full-Time
293,8,evaluation,hq_hf,high,high,Paperloom,340b9ba1,4,30,19.6,14,FALSE,78,6,32,Male,0,3.1818181818181817,3,"Stock Market, Crowdfunding",White,United States,United States,Other
294,8,evaluation,hq_hf,high,high,Paperloom,340b9ba1,3,30,35.8,14,FALSE,99,7,33,Male,10,4.818181818181818,3,"ETF or ETC, Stock Market, Options, Crowdfunding",Mixed,United States,United States,Full-Time
295,2,evaluation,hq_hf,high,high,Foliant,46c0bf32,4,35,30.1,14,FALSE,74,6,30,Female,2,3.727272727272727,3,"Stock Market, Options, Private Equity fund, Venture Capital fund, ETF or ETC",White,United States,United States,Full-Time
296,8,evaluation,hq_hf,high,high,Paperloom,340b9ba1,2,55,76.2,14,FALSE,80,5,64,Female,5,3.272727272727273,2,"ETF or ETC, Stock Market, Unit trusts, Private Equity fund, Venture Capital fund, Crowdfunding",White,United Kingdom,United Kingdom,"Not in paid work (e.g. homemaker', 'retired or disabled)"
297,1,evaluation,hq_hf,high,high,Pulsegrid,dff2e369,3,20,130,14,FALSE,69,5,45,Female,3,3.8181818181818183,5,"Stock Market, Crowdfunding",White,France,Spain,Full-Time
298,7,evaluation,hq_hf,high,high,Sentyl,bcd14e91,1,30,17,14,FALSE,42,5,56,Female,7,4,4,"Stock Market, Private Equity fund",White,United States,United States,Part-Time
299,6,evaluation,hq_hf,high,high,Axonmesh,f36cc003,1,70,221.7,14,FALSE,86,6,52,Male,0,3.090909090909091,1,"ETF or ETC, Stock Market, Private Equity fund, Government Bonds",White,Canada,Canada,Full-Time
301,7,evaluation,hq_hf,high,high,Sentyl,bcd14e91,2,40,154.6,14,FALSE,82,7,51,Female,0,3.8181818181818183,7,"Stock Market, Private Equity fund",Asian,United Kingdom,Hong Kong,Other
302,2,evaluation,hq_hf,high,high,Foliant,46c0bf32,4,35,44.9,14,FALSE,74,5,42,Male,6,3.727272727272727,4,"Government Bonds, Stock Market, Crowdfunding",White,United States,United States,Full-Time
303,2,evaluation,hq_hf,high,high,Foliant,46c0bf32,1,50,23.1,1,FALSE,73,6,43,Male,3,4.2727272727272725,5,"Private Equity fund, Stock Market, Government Bonds",Black,United States,United States,Full-Time
304,7,evaluation,hq_hf,high,high,Sentyl,bcd14e91,3,25,154.6,14,FALSE,64,5,27,Male,2,4.2727272727272725,5,"Stock Market, Angel syndicate",Asian,India,India,Part-Time
305,4,evaluation,hq_hf,high,high,Curato,6b81ec39,3,30,68.2,14,FALSE,51,4,44,Female,10,3.1818181818181817,5,"ETF or ETC, Stock Market, Crowdfunding",White,United States,United States,Full-Time
306,6,evaluation,hq_hf,high,high,Axonmesh,f36cc003,4,25,49.5,5,FALSE,0,4,72,Male,5,3.5454545454545454,6,"ETF or ETC, Stock Market, Private Equity fund",White,United Kingdom,United Kingdom,"Not in paid work (e.g. homemaker', 'retired or disabled)"
307,8,evaluation,hq_hf,high,high,Paperloom,340b9ba1,3,15,55.8,14,FALSE,54,5,30,Male,2,3.909090909090909,3,"Stock Market, Crowdfunding",Black,United Kingdom,United Kingdom,Part-Time
308,7,evaluation,hq_hf,high,high,Sentyl,bcd14e91,4,32,41.4,14,FALSE,85,6,26,Male,4,3.8181818181818183,6,"Stock Market, Venture Capital fund, Private Equity fund",Black,Canada,Nigeria,Full-Time
309,8,evaluation,hq_hf,high,high,Paperloom,340b9ba1,1,45,261.9,14,FALSE,58,5,50,Female,6,3.1818181818181817,5,"Stock Market, Crowdfunding",White,United Kingdom,United Kingdom,Full-Time
311,8,evaluation,hq_hf,high,high,Paperloom,340b9ba1,1,45,86.8,14,FALSE,87,6,27,Male,6,3.5454545454545454,3,"ETF or ETC, Stock Market, Options, Private Equity fund, Crowdfunding",White,United States,Panama,Full-Time
313,1,evaluation,hq_hf,high,high,Pulsegrid,dff2e369,3,10,68.5,14,FALSE,80,6,59,Male,5,4.7272727272727275,1,"ETF or ETC, Government Bonds, Stock Market, Crowdfunding",White,United States,United States,Full-Time
314,8,evaluation,hq_hf,high,high,Paperloom,340b9ba1,4,40,135.6,14,FALSE,100,7,35,Female,8,4.2727272727272725,1,"ETF or ETC, Government Bonds, Stock Market, Unit trusts, Options, Private Equity fund, Venture Capital fund, Crowdfunding",White,Brazil,Brazil,Full-Time
315,6,evaluation,hq_hf,high,high,Axonmesh,f36cc003,4,25,24.1,14,FALSE,81,5,58,Female,2,2.272727272727273,6,"Stock Market, Crowdfunding",White,United Kingdom,United Kingdom,Unemployed (and job seeking)
316,2,evaluation,hq_hf,high,high,Foliant,46c0bf32,2,20,4.7,1,FALSE,51,4,39,Male,8,4,3,"Government Bonds, Stock Market, Private Equity fund, Crowdfunding",Black,United States,United States,Full-Time
317,4,evaluation,hq_hf,high,high,Curato,6b81ec39,4,45,116.5,14,FALSE,60,5,50,Male,10,3.8181818181818183,5,"ETF or ETC, Stock Market, Private Equity fund, Crowdfunding",White,United Kingdom,United Kingdom,Full-Time
318,5,evaluation,hq_hf,high,high,Servora,737deb7d,3,30,37.7,14,FALSE,51,4,38,Female,0,3.3636363636363638,4,"Stock Market, Crowdfunding, ETF or ETC",White,United States,United States,Full-Time
319,6,evaluation,hq_hf,high,high,Axonmesh,f36cc003,3,40,104.6,14,FALSE,57,4,29,Female,2,4.454545454545454,5,"ETF or ETC, Stock Market, Government Bonds, Private Equity fund",Black,United States,NA,Unemployed (and job seeking)
320,2,evaluation,hq_hf,high,high,Foliant,46c0bf32,4,25,93,14,FALSE,88,6,27,Female,2,5,1,"Stock Market, Private Equity fund, Crowdfunding, Venture Capital fund",Black,United Kingdom,United Kingdom,Full-Time
321,5,evaluation,hq_hf,high,high,Servora,737deb7d,4,25,82.6,14,FALSE,85,6,26,Male,2,4,6,"Stock Market, Options, Crowdfunding",Black,Canada,Nigeria,Due to start a new job within the next month
323,7,evaluation,hq_hf,high,high,Sentyl,bcd14e91,4,30,110.6,14,FALSE,17,6,22,Male,1,4.2727272727272725,3,"Stock Market, Private Equity fund",Mixed,United States,United States,Other
325,4,evaluation,hq_hf,high,high,Curato,6b81ec39,2,50,102.9,14,FALSE,81,6,41,Male,2,3.5454545454545454,4,"ETF or ETC, Stock Market, Crowdfunding",White,Germany,Germany,Full-Time
327,8,evaluation,hq_hf,high,high,Paperloom,340b9ba1,4,25,26.9,14,FALSE,100,7,29,Male,5,5,7,"Stock Market, Venture Capital fund, ETF or ETC",Black,United States,United States,Full-Time
329,7,evaluation,hq_hf,high,high,Sentyl,bcd14e91,3,10,4.3,7,FALSE,78,6,30,Female,4,4.363636363636363,5,"ETF or ETC, Government Bonds, Stock Market, Private Equity fund, Crowdfunding, Venture Capital fund",Asian,United States,Taiwan,Full-Time
330,5,evaluation,hq_hf,high,high,Servora,737deb7d,2,25,135.5,14,FALSE,55,5,33,Female,5,4.454545454545454,5,"ETF or ETC, Stock Market, Venture Capital fund, Unit trusts, Government Bonds",Black,United States,United States,Part-Time
331,8,evaluation,hq_hf,high,high,Paperloom,340b9ba1,3,60,166.3,14,FALSE,96,7,51,Male,15,4.2727272727272725,2,"ETF or ETC, Government Bonds, Stock Market, Crowdfunding",White,United States,United States,Full-Time
332,1,evaluation,hq_hf,high,high,Pulsegrid,dff2e369,4,50,191.2,14,FALSE,63,6,52,Male,2,3,5,"ETF or ETC, Private Equity fund, Crowdfunding",White,United Kingdom,United Kingdom,Full-Time
333,6,evaluation,hq_hf,high,high,Axonmesh,f36cc003,1,45,92.9,14,FALSE,15,6,37,Male,0,3.5454545454545454,6,"ETF or ETC, Stock Market, Options, Crowdfunding",White,Germany,Germany,Full-Time
335,7,evaluation,hq_hf,high,high,Sentyl,bcd14e91,3,40,132,14,FALSE,77,6,67,Female,0,3.5454545454545454,5,"Crowdfunding, Government Bonds, Stock Market",White,Canada,Canada,"Not in paid work (e.g. homemaker', 'retired or disabled)"
339,4,evaluation,hq_hf,high,high,Curato,6b81ec39,1,50,112.8,14,FALSE,91,5,58,Female,0,1.7272727272727273,7,"Angel syndicate, Don't know/Rather not say",White,United States,United States,Full-Time
340,1,evaluation,hq_hf,high,high,Pulsegrid,dff2e369,3,35,5.3,14,FALSE,99,7,36,Male,4,3.1818181818181817,1,"ETF or ETC, Government Bonds, Stock Market, Private Equity fund",White,United Kingdom,United Kingdom,Full-Time
341,3,evaluation,hq_hf,high,high,Ironhall,b5fef669,4,50,188.2,14,FALSE,36,5,30,Male,0,3.5454545454545454,5,"ETF or ETC, Stock Market, Options, Crowdfunding",White,United States,United States,Full-Time
342,4,evaluation,hq_hf,high,high,Curato,6b81ec39,3,50,117.8,14,FALSE,89,6,41,Male,0,2.6363636363636362,5,"ETF or ETC, Stock Market, Crowdfunding",White,Germany,Germany,Full-Time
344,5,evaluation,hq_hf,high,high,Servora,737deb7d,1,10,79.7,14,FALSE,61,5,26,Male,2,4,2,"Government Bonds, Stock Market, Unit trusts, Crowdfunding",White,United Kingdom,United Kingdom,Full-Time
345,2,evaluation,hq_hf,high,high,Foliant,46c0bf32,2,40,129.9,14,FALSE,65,6,38,Female,3,3.3636363636363638,4,"Government Bonds, Stock Market, Private Equity fund, Crowdfunding, Venture Capital fund",White,United Kingdom,United Kingdom,Full-Time
346,8,evaluation,hq_hf,high,high,Paperloom,340b9ba1,4,15,90.8,14,FALSE,40,4,33,Male,5,3.5454545454545454,6,Private Equity fund,Black,United Kingdom,Kenya,Part-Time
347,4,evaluation,hq_hf,high,high,Curato,6b81ec39,3,40,51.3,14,FALSE,84,7,44,Male,2,4.2727272727272725,3,"ETF or ETC, Stock Market, Crowdfunding",White,United States,United States,Unemployed (and job seeking)
348,1,evaluation,hq_hf,high,high,Pulsegrid,dff2e369,3,49,116.7,14,FALSE,77,7,25,Male,1,3.727272727272727,5,"Government Bonds, ETF or ETC, Stock Market, Options, Crowdfunding",Asian,India,India,Unemployed (and job seeking)
349,3,evaluation,hq_hf,high,high,Ironhall,b5fef669,3,30,152.8,14,FALSE,78,6,25,Male,1,4.181818181818182,4,"Stock Market, Crowdfunding",Black,United States,United States,Full-Time
350,2,evaluation,hq_hf,high,high,Foliant,46c0bf32,2,40,153.5,14,FALSE,98,7,60,Male,31,4.636363636363637,3,"Stock Market, ETF or ETC, Venture Capital fund",White,Canada,Canada,Full-Time
351,4,evaluation,hq_hf,high,high,Curato,6b81ec39,4,0,65.5,14,FALSE,51,5,38,Female,5,3.5454545454545454,4,"Stock Market, Crowdfunding",White,United States,United States,Full-Time
352,4,evaluation,hq_hf,high,high,Curato,6b81ec39,3,50,267,14,FALSE,100,6,32,Male,5,4.454545454545454,1,"Stock Market, Options, ETF or ETC, Government Bonds, Crowdfunding, Other",White,United States,United States,Full-Time
353,4,evaluation,hq_hf,high,high,Curato,6b81ec39,2,5,67.3,14,FALSE,6,4,54,Female,1,3.5454545454545454,3,Crowdfunding,White,United Kingdom,United Kingdom,Full-Time
354,2,evaluation,hq_hf,high,high,Foliant,46c0bf32,1,30,277.5,14,FALSE,79,6,33,Male,0,3.727272727272727,6,"ETF or ETC, Stock Market, Government Bonds, Options, Crowdfunding",White,United States,United States,Full-Time
355,3,evaluation,hq_hf,high,high,Ironhall,b5fef669,2,40,149.4,14,FALSE,100,6,35,Male,5,4.181818181818182,2,"Stock Market, Options, Crowdfunding, Government Bonds",Black,United Kingdom,Nigeria,Full-Time
356,4,evaluation,hq_hf,high,high,Curato,6b81ec39,4,30,378.7,14,FALSE,100,6,46,Male,8,4,5,"Government Bonds, Crowdfunding, Stock Market",Mixed,United Kingdom,United Kingdom,Full-Time
357,8,evaluation,hq_hf,high,high,Paperloom,340b9ba1,4,40,122,14,FALSE,80,7,29,Female,4,4,5,"ETF or ETC, Government Bonds, Stock Market, Unit trusts, Angel syndicate, Options, Private Equity fund",White,United States,United States,Part-Time
358,6,evaluation,hq_hf,high,high,Axonmesh,f36cc003,2,10,69.6,14,FALSE,82,5,64,Female,4,3.5454545454545454,5,Private Equity fund,Black,United States,Kenya,Part-Time
359,6,evaluation,hq_hf,high,high,Axonmesh,f36cc003,3,30,73.5,14,FALSE,66,5,42,Female,1,3.727272727272727,7,"Crowdfunding, Stock Market, Government Bonds",Mixed,United Kingdom,United Kingdom,Full-Time
360,5,evaluation,hq_hf,high,high,Servora,737deb7d,4,21,17.3,1,FALSE,73,5,29,Female,1,4.090909090909091,5,"Government Bonds, Stock Market, Private Equity fund",White,United States,United States,Full-Time
361,4,evaluation,hq_hf,high,high,Curato,6b81ec39,2,40,321.4,14,FALSE,100,7,37,Male,3,4.818181818181818,4,"Government Bonds, Stock Market, Private Equity fund, Unit trusts, Angel syndicate",Black,United States,Kenya,Full-Time
362,5,evaluation,hq_hf,high,high,Servora,737deb7d,3,30,239.4,14,FALSE,33,3,35,Female,3,4,3,"Stock Market, Government Bonds, Private Equity fund",Asian,India,India,Full-Time
363,7,evaluation,hq_hf,high,high,Sentyl,bcd14e91,4,50,33.7,5,FALSE,69,5,36,Female,0,2.1818181818181817,2,Crowdfunding,White,United States,United States,Unemployed (and job seeking)
364,5,evaluation,hq_hf,high,high,Servora,737deb7d,2,25,78.3,14,FALSE,36,6,43,Male,10,2.8181818181818183,5,"ETF or ETC, Government Bonds, Crowdfunding, Stock Market",White,United States,United States,Full-Time
365,1,evaluation,hq_hf,high,high,Pulsegrid,dff2e369,4,80,196.1,14,FALSE,95,7,36,Male,6,4,3,"Stock Market, Government Bonds, Crowdfunding",White,United Kingdom,United Kingdom,Full-Time
366,1,evaluation,hq_hf,high,high,Pulsegrid,dff2e369,1,35,77.2,14,FALSE,82,5,46,Female,4,4.7272727272727275,2,"Stock Market, Private Equity fund",White,United States,United States,Part-Time
367,8,evaluation,hq_hf,high,high,Paperloom,340b9ba1,2,25,70.7,13,FALSE,39,7,31,Male,5,5,5,"Stock Market, Government Bonds, Private Equity fund",Black,United States,United States,Unemployed (and job seeking)
368,2,evaluation,hq_hf,high,high,Foliant,46c0bf32,1,40,105.5,14,FALSE,83,7,35,Male,3,4.2727272727272725,6,"ETF or ETC, Stock Market, Crowdfunding",White,United Kingdom,United Kingdom,Full-Time
369,5,evaluation,hq_hf,high,high,Servora,737deb7d,3,17,81.6,14,FALSE,28,5,24,Male,3,4,3,"ETF or ETC, Government Bonds, Stock Market, Unit trusts, Angel syndicate, Options, Private Equity fund",Mixed,Canada,Tunisia,Part-Time
371,3,evaluation,hq_hf,high,high,Ironhall,b5fef669,4,40,111.2,14,FALSE,100,7,38,Female,11,4,1,"ETF or ETC, Government Bonds, Stock Market, Private Equity fund",White,United Kingdom,United Kingdom,Full-Time
372,4,evaluation,hq_hf,high,high,Curato,6b81ec39,4,20,17.4,14,FALSE,60,5,29,Female,2,3.6363636363636362,5,"ETF or ETC, Stock Market, Crowdfunding, Venture Capital fund, Private Equity fund, Options",Asian,Canada,Canada,Full-Time
376,2,evaluation,hq_hf,high,high,Foliant,46c0bf32,3,20,63,14,FALSE,45,5,35,Male,2,4.090909090909091,5,"Stock Market, Crowdfunding",White,United States,United States,Full-Time
377,6,evaluation,hq_hf,high,high,Axonmesh,f36cc003,2,20,37.3,14,FALSE,76,3,39,Male,5,3.909090909090909,1,"Crowdfunding, Stock Market",White,United States,United States,Full-Time
378,4,evaluation,hq_hf,high,high,Curato,6b81ec39,4,28,213.5,14,FALSE,79,6,26,Male,0,4,3,"Stock Market, Venture Capital fund, Crowdfunding",White,France,France,Full-Time
379,2,evaluation,hq_hf,high,high,Foliant,46c0bf32,3,40,107.3,14,FALSE,80,5,48,Male,0,3.4545454545454546,1,"ETF or ETC, Government Bonds, Stock Market, Crowdfunding",White,United States,United States,Full-Time
380,3,evaluation,hq_hf,high,high,Ironhall,b5fef669,2,45,83.1,14,FALSE,60,5,24,Male,0,3.727272727272727,6,"ETF or ETC, Crowdfunding",Asian,United Kingdom,United Kingdom,Other
381,2,evaluation,hq_hf,high,high,Foliant,46c0bf32,4,50,66.6,14,FALSE,87,6,42,Male,15,4.454545454545454,2,"ETF or ETC, Government Bonds, Stock Market, Unit trusts, Private Equity fund, Venture Capital fund, Options, Crowdfunding",White,United Kingdom,United Kingdom,Full-Time
382,2,evaluation,hq_hf,high,high,Foliant,46c0bf32,1,40,162.3,14,FALSE,50,7,40,Male,3,3.6363636363636362,5,"Stock Market, Government Bonds, Options, Private Equity fund, ETF or ETC",Asian,India,India,Part-Time
383,8,evaluation,hq_hf,high,high,Paperloom,340b9ba1,4,70,26.3,14,FALSE,100,7,39,Male,10,3.090909090909091,1,"Stock Market, Private Equity fund, Venture Capital fund",Asian,United States,United States,Full-Time
385,6,evaluation,hq_hf,high,high,Axonmesh,f36cc003,1,20,18.8,14,FALSE,64,5,23,Male,1,3.727272727272727,5,"ETF or ETC, Crowdfunding, Options, Stock Market",Asian,India,India,Unemployed (and job seeking)
386,1,evaluation,hq_hf,high,high,Pulsegrid,dff2e369,3,30,64.5,14,FALSE,88,6,37,Male,3,4,5,"ETF or ETC, Government Bonds, Stock Market, Unit trusts, Angel syndicate, Options, Crowdfunding, Other",White,United Kingdom,United Kingdom,Full-Time
387,7,evaluation,hq_hf,high,high,Sentyl,bcd14e91,1,35,208.7,14,FALSE,77,6,48,Male,12,4,3,"ETF or ETC, Government Bonds, Stock Market, Crowdfunding, Options, Venture Capital fund, Angel syndicate, Other",Black,United Kingdom,United Kingdom,Full-Time
389,6,evaluation,hq_hf,high,high,Axonmesh,f36cc003,3,10,9.9,14,FALSE,87,4,30,Male,0,4.636363636363637,3,"ETF or ETC, Government Bonds, Stock Market, Options, Crowdfunding, Other",White,United States,United States,Full-Time
393,3,evaluation,hq_hf,high,high,Ironhall,b5fef669,1,28,138.2,14,FALSE,74,4,60,Male,15,3.909090909090909,5,"Government Bonds, Stock Market, Private Equity fund, Crowdfunding, Unit trusts, ETF or ETC",Black,United Kingdom,United Kingdom,Full-Time
394,2,evaluation,hq_hf,high,high,Foliant,46c0bf32,4,15,67.2,14,FALSE,77,7,60,Male,15,4.2727272727272725,5,"Government Bonds, Stock Market, Options, Venture Capital fund, Crowdfunding",White,United States,United States,"Not in paid work (e.g. homemaker', 'retired or disabled)"
396,4,evaluation,hq_hf,high,high,Curato,6b81ec39,2,35,99.6,14,FALSE,85,6,40,Male,12,3.909090909090909,5,"ETF or ETC, Government Bonds, Stock Market, Crowdfunding, Venture Capital fund, Other, Options, Angel syndicate",White,Brazil,Brazil,Full-Time
399,1,evaluation,hq_hf,high,high,Pulsegrid,dff2e369,3,20,148.2,14,FALSE,82,7,34,Male,4,4.2727272727272725,4,"Stock Market, Private Equity fund, ETF or ETC, Options",White,United States,United States,Full-Time
401,7,evaluation,hq_hf,high,high,Sentyl,bcd14e91,2,35,84.9,14,FALSE,100,7,32,Male,0,3.909090909090909,3,"Government Bonds, Stock Market, Options, Crowdfunding, Other, ETF or ETC",Black,France,Nigeria,Unemployed (and job seeking)
402,7,evaluation,hq_hf,high,high,Sentyl,bcd14e91,3,30,27.3,14,FALSE,79,5,38,Male,0,3.4545454545454546,3,Crowdfunding,White,United Kingdom,United Kingdom,Full-Time
403,1,evaluation,hq_hf,high,high,Pulsegrid,dff2e369,3,20,16.3,13,FALSE,72,6,41,Male,3,4.363636363636363,3,"Stock Market, Crowdfunding",White,United Kingdom,United Kingdom,Full-Time
405,2,evaluation,hq_hf,high,high,Foliant,46c0bf32,4,45,39.8,14,FALSE,91,6,35,Female,2,3.1818181818181817,5,"ETF or ETC, Stock Market, Private Equity fund, Crowdfunding",Mixed,Germany,Germany,Full-Time
406,4,evaluation,hq_hf,high,high,Curato,6b81ec39,3,30,24.8,14,FALSE,74,5,43,Female,5,4,3,Private Equity fund,White,United States,United States,Full-Time
407,5,evaluation,hq_hf,high,high,Servora,737deb7d,1,5,85.2,14,FALSE,36,3,43,Male,7,3.6363636363636362,1,"ETF or ETC, Government Bonds, Stock Market, Private Equity fund, Venture Capital fund",White,United States,United States,Other
409,5,evaluation,hq_hf,high,high,Servora,737deb7d,2,25,77.3,14,FALSE,64,3,42,Male,1,3.4545454545454546,6,"Government Bonds, Private Equity fund",White,Brazil,Brazil,Full-Time
410,3,evaluation,hq_hf,high,high,Ironhall,b5fef669,1,15,53.9,14,FALSE,64,7,66,Male,0,3.1818181818181817,4,Private Equity fund,White,United States,United States,Part-Time
411,7,evaluation,hq_hf,high,high,Sentyl,bcd14e91,2,0,54.7,11,FALSE,100,2,44,Male,0,3.090909090909091,4,"Stock Market, Crowdfunding",White,United States,United States,Full-Time
412,8,evaluation,hq_hf,high,high,Paperloom,340b9ba1,3,50,115.5,14,FALSE,79,6,37,Male,7,3.3636363636363638,5,"Government Bonds, Stock Market, Crowdfunding",White,United Kingdom,United Kingdom,Full-Time
413,7,evaluation,hq_hf,high,high,Sentyl,bcd14e91,4,40,88.7,14,FALSE,33,4,56,Male,15,3.5454545454545454,7,"ETF or ETC, Stock Market, Crowdfunding, Options",Asian,United States,United Kingdom,Full-Time
414,8,evaluation,hq_hf,high,high,Paperloom,340b9ba1,3,40,184.9,14,FALSE,76,6,35,Male,5,4.181818181818182,1,"ETF or ETC, Government Bonds, Stock Market, Options, Private Equity fund, Venture Capital fund",White,United States,United States,Full-Time
415,1,evaluation,hq_hf,high,high,Pulsegrid,dff2e369,3,40,31.6,11,FALSE,80,6,31,Female,3,5,2,"Government Bonds, Stock Market, Private Equity fund",Black,United Kingdom,Nigeria,Full-Time
416,6,evaluation,hq_hf,high,high,Axonmesh,f36cc003,3,100,29.5,14,FALSE,78,7,31,Male,3,3.090909090909091,2,"ETF or ETC, Stock Market, Venture Capital fund, Crowdfunding",White,Canada,Canada,Full-Time
419,8,evaluation,hq_hf,high,high,Paperloom,340b9ba1,4,20,35.3,14,FALSE,38,5,49,Female,1,3.8181818181818183,3,"ETF or ETC, Stock Market, Crowdfunding",White,United States,United States,"Not in paid work (e.g. homemaker', 'retired or disabled)"
420,3,evaluation,hq_hf,high,high,Ironhall,b5fef669,1,40,305.7,14,FALSE,63,5,28,Female,1,3.3636363636363638,4,"Stock Market, Crowdfunding",Black,United States,United States,Full-Time
421,8,evaluation,hq_hf,high,high,Paperloom,340b9ba1,4,40,85.6,14,FALSE,90,6,36,Male,5,3.6363636363636362,4,"Government Bonds, Stock Market, Private Equity fund",White,United Kingdom,United Kingdom,Full-Time
422,2,evaluation,hq_hf,high,high,Foliant,46c0bf32,4,50,119.1,14,FALSE,56,5,66,Male,10,4.454545454545454,5,"ETF or ETC, Stock Market, Government Bonds, Crowdfunding, Private Equity fund, Venture Capital fund",White,United States,United States,Part-Time
424,3,evaluation,hq_hf,high,high,Ironhall,b5fef669,1,25,194.4,14,FALSE,64,5,59,Female,4,3.6363636363636362,4,"Crowdfunding, Government Bonds",White,United Kingdom,United Kingdom,Full-Time
427,1,evaluation,hq_hf,high,high,Pulsegrid,dff2e369,2,25,50.6,14,FALSE,21,5,73,Female,12,4.181818181818182,4,"Government Bonds, Stock Market, Private Equity fund, Venture Capital fund",White,United States,United States,"Not in paid work (e.g. homemaker', 'retired or disabled)"
428,7,evaluation,hq_hf,high,high,Sentyl,bcd14e91,2,45,125.6,14,FALSE,63,6,33,Male,0,3.4545454545454546,4,"Stock Market, Crowdfunding",Mixed,Brazil,Brazil,Full-Time
429,5,evaluation,hq_hf,high,high,Servora,737deb7d,3,30,31.5,14,FALSE,81,5,36,Male,1,3.727272727272727,2,"Government Bonds, Stock Market, Crowdfunding",White,United Kingdom,United Kingdom,Full-Time
431,6,evaluation,hq_hf,high,high,Axonmesh,f36cc003,3,20,30.3,14,FALSE,93,6,35,Male,15,4,4,"ETF or ETC, Government Bonds, Stock Market, Unit trusts, Angel syndicate, Options, Private Equity fund, Venture Capital fund, Crowdfunding, Other",Mixed,Brazil,Brazil,Full-Time
432,8,evaluation,hq_hf,high,high,Paperloom,340b9ba1,2,20,32,14,FALSE,86,6,47,Female,5,4.545454545454546,6,"Government Bonds, Stock Market, Private Equity fund",White,United States,United States,Full-Time
433,1,evaluation,hq_hf,high,high,Pulsegrid,dff2e369,3,50,142.9,14,FALSE,82,7,42,Female,7,4.090909090909091,5,"Government Bonds, Stock Market, Crowdfunding, Other",White,United Kingdom,United Kingdom,Other
434,2,evaluation,hq_hf,high,high,Foliant,46c0bf32,4,20,28.2,10,FALSE,84,4,24,Male,1,2.4545454545454546,6,"Stock Market, ETF or ETC, Other, Options, Crowdfunding",Mixed,United Kingdom,United Kingdom,Unemployed (and job seeking)
435,4,evaluation,hq_hf,high,high,Curato,6b81ec39,4,5,111.9,14,FALSE,75,2,43,Male,6,3.909090909090909,2,"Government Bonds, Stock Market, Options, Crowdfunding",White,United Kingdom,United Kingdom,Full-Time
437,1,evaluation,hq_hf,high,high,Pulsegrid,dff2e369,3,40,80.2,11,FALSE,95,7,42,Female,5,4.090909090909091,6,"Stock Market, Private Equity fund",Black,United States,United States,Full-Time
438,6,evaluation,hq_hf,high,high,Axonmesh,f36cc003,2,50,90.7,14,FALSE,91,7,35,Female,0,3.8181818181818183,7,"Stock Market, Crowdfunding",White,United Kingdom,United Kingdom,Full-Time
441,7,evaluation,hq_hf,high,high,Sentyl,bcd14e91,3,50,42.7,14,FALSE,59,6,47,Male,6,4.363636363636363,5,"ETF or ETC, Government Bonds, Stock Market, Private Equity fund, Venture Capital fund",Black,United States,United States,Full-Time
443,4,evaluation,hq_hf,high,high,Curato,6b81ec39,3,27,32.7,14,FALSE,98,6,22,Female,4,4.545454545454546,5,"ETF or ETC, Government Bonds, Stock Market, Private Equity fund",Black,United States,United States,Full-Time
444,7,evaluation,hq_hf,high,high,Sentyl,bcd14e91,3,100,181.2,14,FALSE,100,7,58,Male,0,4.636363636363637,3,Crowdfunding,White,United States,United States,Full-Time
445,2,evaluation,hq_hf,high,high,Foliant,46c0bf32,4,30,178.6,14,FALSE,72,7,28,Male,2,4,6,"Private Equity fund, Stock Market, Government Bonds",Black,France,Ghana,Full-Time
446,8,evaluation,hq_hf,high,high,Paperloom,340b9ba1,1,40,123.8,14,FALSE,100,5,24,Male,5,4.909090909090909,6,"ETF or ETC, Government Bonds, Stock Market, Unit trusts, Options, Angel syndicate, Private Equity fund, Venture Capital fund, Crowdfunding, Other",White,United Kingdom,United Kingdom,Full-Time
447,7,evaluation,hq_hf,high,high,Sentyl,bcd14e91,4,20,151,14,FALSE,73,4,41,Male,5,3.6363636363636362,5,"Stock Market, ETF or ETC, Government Bonds, Options, Private Equity fund, Unit trusts, Angel syndicate",White,United States,United States,Full-Time
448,3,evaluation,hq_hf,high,high,Ironhall,b5fef669,4,30,82.8,14,FALSE,87,6,32,Male,2,4.545454545454546,3,"ETF or ETC, Stock Market, Options, Private Equity fund, Crowdfunding, Venture Capital fund",Black,United States,United States,Full-Time
449,5,evaluation,hq_hf,high,high,Servora,737deb7d,2,30,76.3,14,FALSE,76,4,28,Male,2,3.4545454545454546,2,"ETF or ETC, Government Bonds, Stock Market, Crowdfunding",Asian,United States,United States,Full-Time
450,5,evaluation,hq_hf,high,high,Servora,737deb7d,1,0,66.7,9,FALSE,43,3,50,Male,5,3.5454545454545454,5,"Stock Market, Crowdfunding",White,United States,United States,"Not in paid work (e.g. homemaker', 'retired or disabled)"
452,2,evaluation,hq_hf,high,high,Foliant,46c0bf32,1,30,76.5,14,FALSE,66,6,22,Male,1,3.4545454545454546,5,"Crowdfunding, Stock Market",White,Brazil,Brazil,Unemployed (and job seeking)
453,1,evaluation,hq_hf,high,high,Pulsegrid,dff2e369,3,75,345.6,14,FALSE,100,6,54,Female,2,3.5454545454545454,2,Crowdfunding,White,United Kingdom,United Kingdom,Part-Time
455,8,evaluation,hq_hf,high,high,Paperloom,340b9ba1,2,35,83.4,10,FALSE,73,6,31,Female,2,3.8181818181818183,5,"ETF or ETC, Government Bonds, Stock Market, Angel syndicate, Options, Unit trusts, Venture Capital fund, Private Equity fund, Crowdfunding, Other",Black,Canada,Canada,Full-Time
458,1,evaluation,hq_hf,high,high,Pulsegrid,dff2e369,1,10,60.3,14,FALSE,100,7,37,Male,2,4.2727272727272725,2,"Stock Market, Private Equity fund",White,United Kingdom,United Kingdom,Full-Time
460,4,evaluation,hq_hf,high,high,Curato,6b81ec39,3,20,17.8,14,FALSE,83,5,37,Male,7,4.2727272727272725,2,"ETF or ETC, Stock Market, Angel syndicate, Venture Capital fund, Crowdfunding",White,United Kingdom,United Kingdom,Full-Time
461,3,evaluation,hq_hf,high,high,Ironhall,b5fef669,3,45,104,14,FALSE,93,6,31,Female,0,3.272727272727273,5,"Government Bonds, Stock Market, Venture Capital fund",White,United States,United States,Full-Time
462,7,evaluation,hq_hf,high,high,Sentyl,bcd14e91,1,10,8.9,14,FALSE,67,5,36,Male,7,3.1818181818181817,6,"ETF or ETC, Stock Market, Venture Capital fund",White,United Kingdom,United Kingdom,Full-Time
463,3,evaluation,hq_hf,high,high,Ironhall,b5fef669,4,40,68,14,FALSE,75,6,23,Female,4,4.636363636363637,4,"Stock Market, Venture Capital fund, Private Equity fund",Black,United States,United States,Full-Time
464,2,evaluation,hq_hf,high,high,Foliant,46c0bf32,4,50,164.4,14,FALSE,88,6,39,Female,10,3.909090909090909,5,"Crowdfunding, Other",White,United Kingdom,United Kingdom,Full-Time
465,6,evaluation,hq_hf,high,high,Axonmesh,f36cc003,2,50,58.8,14,FALSE,99,7,39,Female,3,3.3636363636363638,1,"Crowdfunding, Government Bonds",White,United States,United States,"Not in paid work (e.g. homemaker', 'retired or disabled)"
467,6,evaluation,hq_hf,high,high,Axonmesh,f36cc003,4,40,102.7,14,FALSE,82,5,55,Female,0,3.3636363636363638,2,"Stock Market, Crowdfunding",White,France,Norway,Full-Time
468,1,evaluation,hq_hf,high,high,Pulsegrid,dff2e369,3,20,67.8,14,FALSE,64,5,35,Male,8,4.090909090909091,6,"Crowdfunding, Stock Market",Black,United Kingdom,United Kingdom,Full-Time
469,3,evaluation,hq_hf,high,high,Ironhall,b5fef669,4,40,14.1,14,FALSE,75,6,41,Male,5,4.2727272727272725,3,"Government Bonds, Stock Market, ETF or ETC, Venture Capital fund, Unit trusts",Black,United States,United States,Part-Time
470,3,evaluation,hq_hf,high,high,Ironhall,b5fef669,4,95,115.5,14,FALSE,100,7,35,Male,5,3.4545454545454546,2,"ETF or ETC, Government Bonds, Stock Market, Unit trusts, Angel syndicate, Options, Private Equity fund, Venture Capital fund, Crowdfunding, Other",Mixed,United States,United States,Full-Time
471,3,evaluation,hq_hf,high,high,Ironhall,b5fef669,2,55,117.5,14,FALSE,40,7,45,Male,0,2.3636363636363638,4,"ETF or ETC, Stock Market, Crowdfunding",White,United States,United States,Full-Time
474,1,evaluation,hq_hf,high,high,Pulsegrid,dff2e369,4,25,60.1,14,FALSE,37,3,42,Male,2,3.090909090909091,5,"Government Bonds, ETF or ETC, Stock Market, Options, Private Equity fund, Other",Mixed,Brazil,Brazil,Part-Time
475,5,evaluation,hq_hf,high,high,Servora,737deb7d,1,40,178.6,14,FALSE,76,6,53,Male,10,3.6363636363636362,5,"ETF or ETC, Stock Market, Unit trusts, Crowdfunding",White,United Kingdom,United Kingdom,Part-Time
476,5,evaluation,hq_hf,high,high,Servora,737deb7d,2,30,95,14,FALSE,100,2,29,Male,2,4.2727272727272725,5,"Stock Market, Private Equity fund",Black,Canada,Canada,Part-Time
477,7,evaluation,hq_hf,high,high,Sentyl,bcd14e91,1,25,103.9,14,FALSE,65,4,40,Male,10,3.909090909090909,5,"ETF or ETC, Stock Market, Government Bonds, Options, Private Equity fund",Mixed,United States,United States,Full-Time
479,4,evaluation,hq_hf,high,high,Curato,6b81ec39,1,30,62.6,14,FALSE,86,6,21,Male,1,3.6363636363636362,2,"ETF or ETC, Stock Market, Private Equity fund, Government Bonds",White,United Kingdom,United Kingdom,Full-Time
480,7,evaluation,hq_hf,high,high,Sentyl,bcd14e91,2,30,39.5,14,FALSE,69,5,30,Female,3,4.545454545454546,6,"ETF or ETC, Stock Market, Crowdfunding, Private Equity fund",Asian,United Kingdom,United Kingdom,Part-Time
481,8,evaluation,hq_hf,high,high,Paperloom,340b9ba1,1,30,81.8,14,FALSE,90,7,45,Male,5,4.454545454545454,1,"ETF or ETC, Government Bonds, Stock Market, Unit trusts, Private Equity fund, Crowdfunding",Black,Canada,Canada,Full-Time
483,1,evaluation,hq_hf,high,high,Pulsegrid,dff2e369,4,30,193.9,14,FALSE,97,7,37,Male,3,5,4,"Stock Market, Private Equity fund, Other, Government Bonds, Options",Asian,India,India,Full-Time
485,5,evaluation,hq_hf,high,high,Servora,737deb7d,4,45,105.5,14,FALSE,82,7,34,Male,2,3.1818181818181817,4,"Stock Market, Venture Capital fund, Crowdfunding, ETF or ETC",Black,United States,United States,Part-Time
486,5,evaluation,hq_hf,high,high,Servora,737deb7d,3,30,52.3,14,FALSE,87,7,46,Female,2,4.545454545454546,3,"Government Bonds, Private Equity fund",Asian,India,India,Unemployed (and job seeking)
487,4,evaluation,hq_hf,high,high,Curato,6b81ec39,1,50,150.2,14,FALSE,56,6,45,Female,0,3.909090909090909,7,"ETF or ETC, Stock Market, Crowdfunding",White,United Kingdom,United Kingdom,Part-Time
491,4,evaluation,hq_hf,high,high,Curato,6b81ec39,2,20,202.6,14,FALSE,88,7,25,Female,3,4.545454545454546,2,"ETF or ETC, Crowdfunding, Stock Market, Venture Capital fund, Options",Black,United States,Nigeria,Full-Time
493,8,evaluation,hq_hf,high,high,Paperloom,340b9ba1,3,25,64.4,14,FALSE,52,5,53,Female,8,3.727272727272727,2,"Stock Market, ETF or ETC, Private Equity fund",White,United States,United States,Full-Time
495,3,evaluation,hq_hf,high,high,Ironhall,b5fef669,2,35,327.5,14,FALSE,73,5,34,Male,1,3.8181818181818183,1,"Stock Market, Crowdfunding, Options, Private Equity fund",White,United States,United States,Full-Time
497,1,evaluation,hq_hf,high,high,Pulsegrid,dff2e369,1,30,114.8,14,FALSE,51,5,32,Male,1,4.2727272727272725,7,"Government Bonds, Crowdfunding",Black,United States,Kenya,Part-Time
499,5,evaluation,hq_hf,high,high,Servora,737deb7d,1,20,70.1,14,FALSE,100,7,31,Male,7,4.090909090909091,1,"ETF or ETC, Stock Market, Unit trusts, Angel syndicate, Private Equity fund",White,United States,United States,Full-Time
500,8,evaluation,hq_hf,high,high,Paperloom,340b9ba1,4,35,67.4,14,FALSE,73,6,59,Male,3,3.3636363636363638,3,"ETF or ETC, Stock Market, Unit trusts, Crowdfunding",White,United Kingdom,United Kingdom,Full-Time
501,6,evaluation,hq_hf,high,high,Axonmesh,f36cc003,2,40,175.6,14,FALSE,88,5,25,Male,2,3,1,"ETF or ETC, Stock Market, Private Equity fund, Crowdfunding",Asian,United Kingdom,United Kingdom,Unemployed (and job seeking)
502,7,evaluation,hq_hf,high,high,Sentyl,bcd14e91,2,NA,40.2,14,TRUE,70,5,37,Male,0,4.181818181818182,2,"ETF or ETC, Government Bonds, Stock Market, Options, Private Equity fund, Venture Capital fund, Crowdfunding",White,United States,United States,Full-Time
503,7,evaluation,hq_hf,high,high,Sentyl,bcd14e91,1,25,236.7,14,FALSE,48,6,29,Female,0,3.6363636363636362,3,"Government Bonds, Crowdfunding",Black,United Kingdom,United Kingdom,Part-Time
505,3,evaluation,hq_hf,high,high,Ironhall,b5fef669,2,40,253.9,14,FALSE,87,7,39,Female,4,2.909090909090909,6,"Stock Market, Unit trusts, Other, Venture Capital fund",Black,Canada,Canada,Full-Time
507,5,evaluation,hq_hf,high,high,Servora,737deb7d,2,30,19.8,14,FALSE,69,4,25,Female,1,3.909090909090909,3,"Stock Market, Crowdfunding, Unit trusts, ETF or ETC, Private Equity fund",Asian,United Kingdom,United Kingdom,Full-Time
511,7,evaluation,hq_hf,high,high,Sentyl,bcd14e91,2,25,72.1,14,FALSE,73,5,32,Male,7,3.4545454545454546,5,"Stock Market, Private Equity fund, Crowdfunding, Venture Capital fund",Black,United Kingdom,United Kingdom,Full-Time
513,1,evaluation,hq_hf,high,high,Pulsegrid,dff2e369,2,35,97.7,10,FALSE,100,7,30,Male,5,3.8181818181818183,5,"ETF or ETC, Government Bonds, Stock Market, Angel syndicate",Black,United States,United States,Part-Time
518,6,evaluation,hq_hf,high,high,Axonmesh,f36cc003,3,0,43.2,14,FALSE,98,7,27,Male,0,4.181818181818182,5,"ETF or ETC, Stock Market, Private Equity fund",Mixed,United Kingdom,Turkey,Full-Time
521,5,evaluation,hq_hf,high,high,Servora,737deb7d,1,30,111.7,14,FALSE,63,5,38,Male,2,3.6363636363636362,5,"Government Bonds, ETF or ETC, Stock Market, Crowdfunding, Private Equity fund, Options",White,Canada,Canada,Full-Time
1,3,evaluation,lq_hf,low,high,Foliant,08321160,3,10,37.1,14,FALSE,68,3,31,Male,0,3.272727272727273,6,"ETF or ETC, Stock Market, Government Bonds, Crowdfunding",White,Germany,Germany,Full-Time
2,4,evaluation,lq_hf,low,high,Ironhall,3e0eedc2,3,40,33.4,14,FALSE,90,5,54,Female,5,3.4545454545454546,3,"Stock Market, Crowdfunding, Other",White,United Kingdom,United Kingdom,Other
3,7,evaluation,lq_hf,low,high,Axonmesh,4fe27fae,1,5,50.3,14,FALSE,70,2,39,Female,2,2.727272727272727,5,"ETF or ETC, Stock Market, Crowdfunding",White,United Kingdom,United Kingdom,Unemployed (and job seeking)
4,6,evaluation,lq_hf,low,high,Servora,e55a120c,2,15,32.9,8,FALSE,72,4,47,Male,10,4.181818181818182,4,"Government Bonds, Stock Market, Crowdfunding",White,United States,United States,Full-Time
5,5,evaluation,lq_hf,low,high,Curato,37c0ca72,4,0,20,14,FALSE,89,5,36,Male,1,2.909090909090909,1,"ETF or ETC, Government Bonds, Stock Market, Options, Crowdfunding, Other",White,Germany,Germany,Full-Time
6,7,evaluation,lq_hf,low,high,Axonmesh,4fe27fae,3,15,31.6,14,FALSE,96,4,22,Female,1,3.4545454545454546,4,"Unit trusts, Stock Market, ETF or ETC, Options, Government Bonds, Crowdfunding",Asian,Singapore,Singapore,Unemployed (and job seeking)
9,5,evaluation,lq_hf,low,high,Curato,37c0ca72,1,20,57.7,14,FALSE,95,7,40,Female,0,4,6,"Stock Market, Crowdfunding",White,United States,United States,Full-Time
10,3,evaluation,lq_hf,low,high,Foliant,08321160,4,0,15.2,14,FALSE,66,5,31,Male,4,3.909090909090909,3,"ETF or ETC, Stock Market, Unit trusts, Options, Private Equity fund, Venture Capital fund",White,United Kingdom,United Kingdom,Full-Time
11,6,evaluation,lq_hf,low,high,Servora,e55a120c,3,5,20.5,14,FALSE,59,5,44,Male,8,4.2727272727272725,1,"Government Bonds, Stock Market, Options, Venture Capital fund",Black,United States,United States,Full-Time
12,8,evaluation,lq_hf,low,high,Sentyl,90a19744,3,5,42.4,14,FALSE,80,6,41,Male,2,3,3,"ETF or ETC, Government Bonds, Crowdfunding, Other, Stock Market",White,United Kingdom,United Kingdom,"Not in paid work (e.g. homemaker', 'retired or disabled)"
13,1,evaluation,lq_hf,low,high,Paperloom,84f4d358,2,20,124.1,14,FALSE,69,4,37,Female,1,2.727272727272727,7,"Stock Market, Crowdfunding, Other",White,France,France,Full-Time
14,8,evaluation,lq_hf,low,high,Sentyl,90a19744,4,0,27.2,14,FALSE,31,3,37,Male,4,3.8181818181818183,2,"Government Bonds, Stock Market, Crowdfunding",White,United States,United States,Unemployed (and job seeking)
15,2,evaluation,lq_hf,low,high,Pulsegrid,2055e10c,2,25,19.5,14,FALSE,17,6,22,Male,4,4.363636363636363,7,"Options, Angel syndicate, Unit trusts, Stock Market, Government Bonds, ETF or ETC, Crowdfunding",Asian,India,India,Full-Time
16,5,evaluation,lq_hf,low,high,Curato,37c0ca72,2,60,18.5,14,FALSE,87,5,68,Male,0,3.5454545454545454,6,"Stock Market, Private Equity fund",White,United States,United States,"Not in paid work (e.g. homemaker', 'retired or disabled)"
17,2,evaluation,lq_hf,low,high,Pulsegrid,2055e10c,1,35,79.1,14,FALSE,65,5,31,Male,4,3.727272727272727,5,"Stock Market, Private Equity fund, Crowdfunding, Venture Capital fund, Government Bonds, ETF or ETC, Unit trusts",Black,United Kingdom,United Kingdom,Part-Time
18,4,evaluation,lq_hf,low,high,Ironhall,3e0eedc2,3,70,37.7,14,FALSE,92,5,33,Female,2,4.454545454545454,4,"Options, Crowdfunding, Stock Market, Government Bonds, ETF or ETC",White,United Kingdom,Hungary,Full-Time
19,3,evaluation,lq_hf,low,high,Foliant,08321160,3,20,67.3,14,FALSE,83,6,33,Female,4,4.090909090909091,6,"Stock Market, Crowdfunding, Government Bonds",White,United Kingdom,United Kingdom,Full-Time
21,1,evaluation,lq_hf,low,high,Paperloom,84f4d358,1,20,36.4,14,FALSE,50,5,39,Male,0,3.272727272727273,3,"Stock Market, Crowdfunding",White,United States,United States,Part-Time
22,1,evaluation,lq_hf,low,high,Paperloom,84f4d358,2,60,28.1,14,FALSE,92,6,48,Male,0,4.090909090909091,3,"Stock Market, Private Equity fund, Crowdfunding",White,United States,United States,Full-Time
23,1,evaluation,lq_hf,low,high,Paperloom,84f4d358,1,20,85,14,FALSE,51,4,43,Female,2,4.363636363636363,3,"ETF or ETC, Stock Market, Government Bonds, Crowdfunding",Black,United States,United States,Full-Time
24,4,evaluation,lq_hf,low,high,Ironhall,3e0eedc2,2,30,58.8,14,FALSE,100,5,37,Male,2,3.909090909090909,1,"ETF or ETC, Stock Market, Private Equity fund",Asian,Germany,Germany,Part-Time
25,8,evaluation,lq_hf,low,high,Sentyl,90a19744,1,30,75.4,14,FALSE,91,6,59,Female,10,3.8181818181818183,2,Crowdfunding,Other,United Kingdom,United States,NA
27,6,evaluation,lq_hf,low,high,Servora,e55a120c,1,15,57.3,14,FALSE,63,6,36,Male,2,3.909090909090909,5,"ETF or ETC, Government Bonds, Stock Market, Private Equity fund, Crowdfunding, Venture Capital fund, Options",Black,United States,United States,Full-Time
29,6,evaluation,lq_hf,low,high,Servora,e55a120c,3,25,18.4,14,FALSE,76,7,49,Female,0,2.4545454545454546,4,"ETF or ETC, Crowdfunding",White,United Kingdom,United Kingdom,Full-Time
31,5,evaluation,lq_hf,low,high,Curato,37c0ca72,1,25,39,14,FALSE,100,6,37,Male,2,4,2,"Stock Market, Private Equity fund, Government Bonds",Black,United Kingdom,United Kingdom,Full-Time
32,6,evaluation,lq_hf,low,high,Servora,e55a120c,2,10,43.4,14,FALSE,100,4,33,Male,4,3.272727272727273,1,Private Equity fund,White,Brazil,Brazil,Full-Time
33,7,evaluation,lq_hf,low,high,Axonmesh,4fe27fae,2,15,121.7,14,FALSE,100,6,31,Male,2,3.8181818181818183,3,"ETF or ETC, Government Bonds, Stock Market, Private Equity fund, Venture Capital fund",White,Canada,Canada,Full-Time
34,8,evaluation,lq_hf,low,high,Sentyl,90a19744,3,20,78.5,14,FALSE,68,5,31,Male,2,3,4,"Stock Market, Crowdfunding",White,United Kingdom,United Kingdom,Full-Time
35,6,evaluation,lq_hf,low,high,Servora,e55a120c,2,15,59.5,14,FALSE,62,5,36,Female,8,3.727272727272727,4,Crowdfunding,Black,United Kingdom,United Kingdom,Unemployed (and job seeking)
38,6,evaluation,lq_hf,low,high,Servora,e55a120c,3,15,5.4,14,FALSE,66,4,31,Male,5,3.6363636363636362,5,"Government Bonds, ETF or ETC, Stock Market, Unit trusts, Angel syndicate, Options, Private Equity fund, Venture Capital fund, Crowdfunding",Black,United States,United States,Full-Time
39,8,evaluation,lq_hf,low,high,Sentyl,90a19744,3,20,23.3,14,FALSE,32,6,25,Female,2,4.454545454545454,4,"Government Bonds, Stock Market, Private Equity fund, Crowdfunding",Black,United States,United States,Full-Time
41,7,evaluation,lq_hf,low,high,Axonmesh,4fe27fae,2,30,63.6,14,FALSE,71,6,57,Male,0,3.272727272727273,2,"Stock Market, Crowdfunding, ETF or ETC, Options, Other",White,United States,United States,Full-Time
42,1,evaluation,lq_hf,low,high,Paperloom,84f4d358,4,0,111.4,14,FALSE,81,1,55,Female,0,3.272727272727273,2,"Stock Market, Private Equity fund",White,United Kingdom,United Kingdom,Part-Time
43,7,evaluation,lq_hf,low,high,Axonmesh,4fe27fae,1,0,13.8,14,FALSE,56,5,65,Female,10,4,5,"ETF or ETC, Government Bonds, Stock Market, Unit trusts, Private Equity fund",White,United States,United States,Full-Time
44,7,evaluation,lq_hf,low,high,Axonmesh,4fe27fae,4,60,55.6,14,FALSE,75,5,21,Male,1,3.8181818181818183,5,"Stock Market, Crowdfunding, ETF or ETC",White,United Kingdom,United Kingdom,Part-Time
45,6,evaluation,lq_hf,low,high,Servora,e55a120c,1,25,26.4,14,FALSE,58,5,49,Male,9,4.090909090909091,5,"ETF or ETC, Stock Market, Government Bonds, Private Equity fund, Crowdfunding, Venture Capital fund",White,United Kingdom,United Kingdom,Full-Time
46,4,evaluation,lq_hf,low,high,Ironhall,3e0eedc2,4,0,116.9,14,FALSE,86,2,34,Male,11,3.4545454545454546,2,"ETF or ETC, Government Bonds, Stock Market, Private Equity fund, Angel syndicate, Venture Capital fund, Crowdfunding",White,United Kingdom,United Kingdom,Full-Time
47,3,evaluation,lq_hf,low,high,Foliant,08321160,1,100,83.8,14,FALSE,100,5,34,Male,2,2.1818181818181817,5,"Stock Market, ETF or ETC, Government Bonds, Unit trusts, Angel syndicate, Options, Private Equity fund, Venture Capital fund, Crowdfunding, Other",White,United Kingdom,United Kingdom,Full-Time
49,4,evaluation,lq_hf,low,high,Ironhall,3e0eedc2,2,0,75.7,14,FALSE,81,6,29,Male,3,2.727272727272727,5,"Stock Market, Crowdfunding, Other",Mixed,United Kingdom,United Kingdom,Part-Time
50,1,evaluation,lq_hf,low,high,Paperloom,84f4d358,2,5,105.7,14,FALSE,94,2,35,Male,0,4.363636363636363,5,"Stock Market, Crowdfunding",Asian,United Kingdom,United Kingdom,Full-Time
51,8,evaluation,lq_hf,low,high,Sentyl,90a19744,4,25,243.9,14,FALSE,70,5,32,Male,2,4.636363636363637,5,"ETF or ETC, Government Bonds, Stock Market, Venture Capital fund",White,United States,United States,Part-Time
53,7,evaluation,lq_hf,low,high,Axonmesh,4fe27fae,2,20,66.4,14,FALSE,85,5,39,Male,0,3.8181818181818183,3,"Stock Market, Options, Crowdfunding",White,United States,United States,Full-Time
54,1,evaluation,lq_hf,low,high,Paperloom,84f4d358,3,15,75.3,13,FALSE,59,5,31,Male,5,3.4545454545454546,2,"Options, Crowdfunding, Stock Market, Government Bonds, ETF or ETC",White,United States,United States,Part-Time
57,3,evaluation,lq_hf,low,high,Foliant,08321160,4,30,186.7,14,FALSE,76,5,29,Male,1,3.5454545454545454,6,"Crowdfunding, Venture Capital fund, Private Equity fund, Options, Stock Market, Government Bonds, ETF or ETC",Black,United Kingdom,Netherlands,Full-Time
59,7,evaluation,lq_hf,low,high,Axonmesh,4fe27fae,3,30,38.2,14,FALSE,69,3,34,Male,10,3.909090909090909,6,"ETF or ETC, Government Bonds, Stock Market, Options, Private Equity fund, Crowdfunding, Other",Asian,United Kingdom,United Kingdom,Full-Time
60,1,evaluation,lq_hf,low,high,Paperloom,84f4d358,2,10,77.4,14,FALSE,98,2,39,Male,2,3,1,"Stock Market, Private Equity fund",White,United States,United States,Full-Time
61,2,evaluation,lq_hf,low,high,Pulsegrid,2055e10c,2,10,115.6,14,FALSE,70,3,27,Male,1,3.1818181818181817,5,"Stock Market, Options, Angel syndicate, Private Equity fund, Government Bonds, ETF or ETC, Unit trusts, Crowdfunding",Asian,India,India,Part-Time
62,6,evaluation,lq_hf,low,high,Servora,e55a120c,2,5,134.1,14,FALSE,21,3,44,Female,0,3,3,"ETF or ETC, Stock Market, Crowdfunding",White,United States,United States,Full-Time
63,2,evaluation,lq_hf,low,high,Pulsegrid,2055e10c,4,40,17.9,14,FALSE,72,6,28,Female,4,4.2727272727272725,6,"Stock Market, ETF or ETC, Private Equity fund, Government Bonds",Black,Canada,Canada,Full-Time
64,2,evaluation,lq_hf,low,high,Pulsegrid,2055e10c,4,0,16.7,14,FALSE,84,4,68,Female,0,3.1818181818181817,1,"Government Bonds, Crowdfunding",Other,United States,United States,"Not in paid work (e.g. homemaker', 'retired or disabled)"
65,4,evaluation,lq_hf,low,high,Ironhall,3e0eedc2,3,10,98.6,14,FALSE,69,5,39,Male,0,4,1,"ETF or ETC, Government Bonds, Stock Market, Private Equity fund, Crowdfunding",Black,United States,United States,Unemployed (and job seeking)
66,8,evaluation,lq_hf,low,high,Sentyl,90a19744,1,0,114.8,14,FALSE,100,4,53,Male,10,4.181818181818182,1,"ETF or ETC, Stock Market, Venture Capital fund, Crowdfunding",White,United Kingdom,United Kingdom,Full-Time
68,3,evaluation,lq_hf,low,high,Foliant,08321160,3,25,8.6,14,FALSE,41,4,38,Male,8,4,4,"ETF or ETC, Government Bonds, Stock Market, Unit trusts, Options, Private Equity fund, Venture Capital fund, Crowdfunding",White,Brazil,Brazil,Part-Time
69,5,evaluation,lq_hf,low,high,Curato,37c0ca72,3,20,105.3,14,FALSE,66,5,26,Female,0,3.6363636363636362,1,"ETF or ETC, Government Bonds, Stock Market, Options, Private Equity fund, Venture Capital fund, Crowdfunding",White,United Kingdom,United Kingdom,Other
71,1,evaluation,lq_hf,low,high,Paperloom,84f4d358,1,5,52.9,14,FALSE,91,1,60,Male,0,4.181818181818182,3,"Government Bonds, Stock Market, Crowdfunding",White,United States,United States,"Not in paid work (e.g. homemaker', 'retired or disabled)"
72,6,evaluation,lq_hf,low,high,Servora,e55a120c,2,10,82.6,14,FALSE,37,3,21,Male,1,3.090909090909091,5,"ETF or ETC, Stock Market, Government Bonds, Unit trusts, Options, Angel syndicate, Private Equity fund, Venture Capital fund, Crowdfunding",White,France,France,Part-Time
74,2,evaluation,lq_hf,low,high,Pulsegrid,2055e10c,1,10,134.4,14,FALSE,76,4,28,Female,0,3.090909090909091,4,"Stock Market, Options, Crowdfunding",Asian,United States,United States,Unemployed (and job seeking)
75,2,evaluation,lq_hf,low,high,Pulsegrid,2055e10c,2,5,121.5,14,FALSE,77,5,30,Male,6,3.8181818181818183,2,"ETF or ETC, Stock Market, Options, Private Equity fund, Government Bonds, Crowdfunding",White,Brazil,Brazil,Full-Time
77,3,evaluation,lq_hf,low,high,Foliant,08321160,2,0,54.2,11,FALSE,73,4,64,Female,10,4.090909090909091,6,"Government Bonds, Crowdfunding",White,United Kingdom,United Kingdom,Full-Time
78,3,evaluation,lq_hf,low,high,Foliant,08321160,4,35,65.7,14,FALSE,76,4,50,Male,15,3.909090909090909,5,"Government Bonds, Stock Market, Private Equity fund, Crowdfunding",White,France,France,Full-Time
80,4,evaluation,lq_hf,low,high,Ironhall,3e0eedc2,3,20,67.1,14,FALSE,82,6,70,Male,10,3.6363636363636362,3,"Government Bonds, Stock Market, Private Equity fund",White,United Kingdom,United Kingdom,"Not in paid work (e.g. homemaker', 'retired or disabled)"
82,5,evaluation,lq_hf,low,high,Curato,37c0ca72,3,20,86.9,14,FALSE,71,4,26,Male,3,4.2727272727272725,1,"ETF or ETC, Stock Market, Government Bonds, Options, Crowdfunding",Mixed,United Kingdom,United Kingdom,Full-Time
83,6,evaluation,lq_hf,low,high,Servora,e55a120c,3,14,125.1,14,FALSE,27,4,36,Female,1,4.7272727272727275,1,"Government Bonds, Crowdfunding",White,United Kingdom,United Kingdom,Full-Time
84,5,evaluation,lq_hf,low,high,Curato,37c0ca72,4,50,19,14,FALSE,59,5,36,Male,2,3.3636363636363638,5,"Government Bonds, Stock Market, Options, Venture Capital fund, Crowdfunding",White,United States,United States,Unemployed (and job seeking)
85,8,evaluation,lq_hf,low,high,Sentyl,90a19744,1,5,195,14,FALSE,57,2,41,Male,10,3.6363636363636362,4,"Government Bonds, Stock Market, Options, Private Equity fund, Venture Capital fund",Asian,United Kingdom,United Kingdom,Full-Time
86,8,evaluation,lq_hf,low,high,Sentyl,90a19744,3,40,81.6,14,FALSE,74,5,43,Male,10,3.3636363636363638,5,"Stock Market, ETF or ETC, Private Equity fund, Venture Capital fund, Crowdfunding",White,United Kingdom,United Kingdom,Full-Time
88,1,evaluation,lq_hf,low,high,Paperloom,84f4d358,4,0,30.4,14,FALSE,100,4,55,Male,20,2.6363636363636362,1,"Stock Market, ETF or ETC, Crowdfunding, Other",White,United States,United States,Other
89,4,evaluation,lq_hf,low,high,Ironhall,3e0eedc2,4,15,73.1,14,FALSE,65,5,22,Male,0,3.1818181818181817,6,"Crowdfunding, Stock Market, Government Bonds",White,United Kingdom,United Kingdom,Full-Time
90,3,evaluation,lq_hf,low,high,Foliant,08321160,1,10,127.8,14,FALSE,94,6,32,Female,5,4.090909090909091,1,"Stock Market, Private Equity fund, Crowdfunding, Venture Capital fund",Black,United Kingdom,Nigeria,Full-Time
92,3,evaluation,lq_hf,low,high,Foliant,08321160,2,20,108.1,14,FALSE,80,5,50,Male,5,4.545454545454546,1,"Stock Market, Venture Capital fund, Crowdfunding, Government Bonds",White,United States,United States,Full-Time
93,7,evaluation,lq_hf,low,high,Axonmesh,4fe27fae,3,20,16.9,14,FALSE,66,5,33,Male,2,3.3636363636363638,4,"Stock Market, Other, Private Equity fund",Black,United States,United States,Full-Time
94,8,evaluation,lq_hf,low,high,Sentyl,90a19744,4,20,6.7,14,FALSE,75,6,31,Male,4,3.4545454545454546,5,"Government Bonds, Private Equity fund, Venture Capital fund",Black,United Kingdom,Nigeria,Full-Time
96,8,evaluation,lq_hf,low,high,Sentyl,90a19744,2,20,115,14,FALSE,70,5,39,Male,4,4.2727272727272725,2,"Stock Market, Private Equity fund, Crowdfunding, Venture Capital fund",Black,United States,Nigeria,Part-Time
97,2,evaluation,lq_hf,low,high,Pulsegrid,2055e10c,2,30,19.6,14,FALSE,79,6,40,Male,0,4.818181818181818,2,"ETF or ETC, Government Bonds, Stock Market, Options, Private Equity fund",Asian,United States,United States,Full-Time
98,5,evaluation,lq_hf,low,high,Curato,37c0ca72,1,10,151.4,14,FALSE,92,5,42,Male,0,3.6363636363636362,3,"Stock Market, Crowdfunding",White,United States,United States,Full-Time
99,7,evaluation,lq_hf,low,high,Axonmesh,4fe27fae,1,0,59.4,14,FALSE,95,2,36,Other,18,3.909090909090909,3,"ETF or ETC, Stock Market, Crowdfunding",White,United States,United States,Full-Time
102,6,evaluation,lq_hf,low,high,Servora,e55a120c,1,10,34.9,14,FALSE,83,6,38,Male,1,3.1818181818181817,5,"ETF or ETC, Government Bonds, Unit trusts, Crowdfunding, Venture Capital fund, Stock Market",White,United Kingdom,United Kingdom,Full-Time
103,7,evaluation,lq_hf,low,high,Axonmesh,4fe27fae,3,5,44.7,14,FALSE,17,5,36,Male,1,3,4,"ETF or ETC, Private Equity fund",Black,Canada,South Africa,Full-Time
104,4,evaluation,lq_hf,low,high,Ironhall,3e0eedc2,2,40,64.7,14,FALSE,90,6,39,Male,2,4,4,"Government Bonds, Stock Market, Crowdfunding",White,United States,United States,Full-Time
105,2,evaluation,lq_hf,low,high,Pulsegrid,2055e10c,4,0,68.9,14,FALSE,24,2,54,Female,10,3.5454545454545454,5,"ETF or ETC, Stock Market, Government Bonds, Options, Private Equity fund",White,United Kingdom,United Kingdom,NA
106,5,evaluation,lq_hf,low,high,Curato,37c0ca72,1,10,50.2,14,FALSE,88,4,32,Male,3,4.363636363636363,2,"Stock Market, ETF or ETC, Private Equity fund",White,United States,United States,Part-Time
107,3,evaluation,lq_hf,low,high,Foliant,08321160,1,40,14.7,14,FALSE,100,6,21,Female,2,5,4,"Government Bonds, Stock Market, Venture Capital fund, Crowdfunding, Private Equity fund, Angel syndicate, Unit trusts, Options, ETF or ETC",Black,United States,United States,Full-Time
108,7,evaluation,lq_hf,low,high,Axonmesh,4fe27fae,4,15,68.6,14,FALSE,70,3,30,Male,5,4.090909090909091,3,"ETF or ETC, Government Bonds, Stock Market, Options, Crowdfunding, Other",Asian,India,India,Full-Time
109,3,evaluation,lq_hf,low,high,Foliant,08321160,2,20,78.5,14,FALSE,100,7,28,Female,4,5,1,"ETF or ETC, Stock Market, Crowdfunding, Private Equity fund, Government Bonds",Black,United States,United States,Unemployed (and job seeking)
110,3,evaluation,lq_hf,low,high,Foliant,08321160,4,0,33.3,14,FALSE,84,3,47,Male,0,3.272727272727273,2,"Private Equity fund, ETF or ETC, Stock Market",White,United States,United States,Part-Time
111,3,evaluation,lq_hf,low,high,Foliant,08321160,4,35,6.1,14,FALSE,97,7,31,Female,5,4.181818181818182,1,"ETF or ETC, Unit trusts, Options, Angel syndicate, Stock Market, Private Equity fund, Crowdfunding, Venture Capital fund",Black,United States,United States,Full-Time
112,5,evaluation,lq_hf,low,high,Curato,37c0ca72,1,10,132.7,14,FALSE,40,3,59,Male,3,3.5454545454545454,5,"ETF or ETC, Government Bonds, Stock Market, Options, Crowdfunding, Other",Mixed,United States,United States,"Not in paid work (e.g. homemaker', 'retired or disabled)"
114,3,evaluation,lq_hf,low,high,Foliant,08321160,4,25,16,14,FALSE,79,5,43,Female,1,2.4545454545454546,2,"Stock Market, Crowdfunding",White,United States,United States,Full-Time
115,2,evaluation,lq_hf,low,high,Pulsegrid,2055e10c,3,15,79.3,14,FALSE,60,4,33,Male,0,3.8181818181818183,3,Crowdfunding,White,United Kingdom,United Kingdom,Part-Time
116,5,evaluation,lq_hf,low,high,Curato,37c0ca72,3,15,141.6,14,FALSE,41,4,53,Female,0,2.4545454545454546,5,"Stock Market, Options, Crowdfunding",Mixed,United States,France,Full-Time
119,4,evaluation,lq_hf,low,high,Ironhall,3e0eedc2,1,20,88.8,14,FALSE,100,7,22,Male,4,4.090909090909091,1,"ETF or ETC, Private Equity fund, Government Bonds, Other",White,Brazil,Brazil,Full-Time
120,5,evaluation,lq_hf,low,high,Curato,37c0ca72,3,30,34.9,14,FALSE,35,5,27,Female,4,3.4545454545454546,5,"Stock Market, Private Equity fund, Crowdfunding",Black,United Kingdom,United Kingdom,Unemployed (and job seeking)
121,7,evaluation,lq_hf,low,high,Axonmesh,4fe27fae,4,10,161.9,14,FALSE,51,3,49,Female,0,3,4,"Crowdfunding, Stock Market",White,United States,United States,Full-Time
122,8,evaluation,lq_hf,low,high,Sentyl,90a19744,4,25,81.6,14,FALSE,47,4,60,Female,15,3.4545454545454546,3,Crowdfunding,White,United Kingdom,United Kingdom,Full-Time
123,4,evaluation,lq_hf,low,high,Ironhall,3e0eedc2,4,5,153.7,14,FALSE,86,2,54,Male,3,4.090909090909091,5,"Government Bonds, Stock Market, Crowdfunding",Asian,India,India,Full-Time
124,6,evaluation,lq_hf,low,high,Servora,e55a120c,1,10,123.6,14,FALSE,83,6,53,Male,5,4.363636363636363,3,"ETF or ETC, Stock Market, Crowdfunding",White,United Kingdom,United Kingdom,Full-Time
125,8,evaluation,lq_hf,low,high,Sentyl,90a19744,1,20,93.6,14,FALSE,88,6,35,Male,3,4.2727272727272725,1,"Unit trusts, Stock Market, Venture Capital fund",Black,United States,United States,Unemployed (and job seeking)
127,2,evaluation,lq_hf,low,high,Pulsegrid,2055e10c,4,15,100,14,FALSE,100,7,26,Male,0,3.4545454545454546,3,"Stock Market, Crowdfunding",White,United Kingdom,United Kingdom,Other
128,5,evaluation,lq_hf,low,high,Curato,37c0ca72,2,5,97.2,12,FALSE,83,3,36,Male,5,4.090909090909091,1,"Stock Market, Crowdfunding",White,United States,United States,Part-Time
129,4,evaluation,lq_hf,low,high,Ironhall,3e0eedc2,3,10,34.8,14,FALSE,38,5,30,Female,4,3.8181818181818183,3,"Private Equity fund, Government Bonds, Stock Market",White,United Kingdom,Poland,NA
132,3,evaluation,lq_hf,low,high,Foliant,08321160,2,25,36.5,14,FALSE,100,5,65,Male,0,3.727272727272727,1,"ETF or ETC, Government Bonds, Stock Market, Crowdfunding",White,United States,United States,Part-Time
133,3,evaluation,lq_hf,low,high,Foliant,08321160,4,0,24.2,14,FALSE,100,3,25,Male,0,4,1,"Stock Market, Government Bonds, ETF or ETC, Crowdfunding",Mixed,United Kingdom,United Kingdom,Full-Time
136,1,evaluation,lq_hf,low,high,Paperloom,84f4d358,4,5,107.5,14,FALSE,85,1,38,Male,1,2.3636363636363638,6,Crowdfunding,White,United States,United States,Full-Time
137,7,evaluation,lq_hf,low,high,Axonmesh,4fe27fae,2,25,49.7,14,FALSE,77,6,29,Male,2,4.090909090909091,2,"Crowdfunding, Venture Capital fund, Stock Market, Other",Asian,India,India,Part-Time
138,5,evaluation,lq_hf,low,high,Curato,37c0ca72,3,27,4.3,1,FALSE,64,5,22,Male,3,4.2727272727272725,3,"Government Bonds, Stock Market, Crowdfunding, Private Equity fund",Black,United States,United States,Full-Time
140,1,evaluation,lq_hf,low,high,Paperloom,84f4d358,1,15,47.1,14,FALSE,48,3,23,Female,1,3,6,"ETF or ETC, Stock Market, Options, Crowdfunding, Government Bonds",White,United States,Romania,Full-Time
141,7,evaluation,lq_hf,low,high,Axonmesh,4fe27fae,1,20,86.3,14,FALSE,64,4,44,Male,10,3.4545454545454546,3,"Government Bonds, Stock Market, Private Equity fund",Black,United States,United States,Full-Time
144,4,evaluation,lq_hf,low,high,Ironhall,3e0eedc2,3,30,13.2,14,FALSE,65,4,47,Female,2,2.8181818181818183,4,"Stock Market, Government Bonds, Private Equity fund, Crowdfunding",Black,United States,United States,Full-Time
145,1,evaluation,lq_hf,low,high,Paperloom,84f4d358,1,0,54,13,FALSE,94,2,39,Male,2,4.181818181818182,1,"Stock Market, Options, Crowdfunding",White,United Kingdom,United Kingdom,Full-Time
146,1,evaluation,lq_hf,low,high,Paperloom,84f4d358,2,20,137.7,14,FALSE,100,4,36,Male,0,3.5454545454545454,2,"Stock Market, Government Bonds, Crowdfunding",White,United Kingdom,United Kingdom,Full-Time
147,1,evaluation,lq_hf,low,high,Paperloom,84f4d358,2,10,26,14,FALSE,26,4,27,Male,2,3.8181818181818183,5,"Stock Market, Government Bonds, Options, Private Equity fund, ETF or ETC",White,United Kingdom,United Kingdom,Full-Time
148,4,evaluation,lq_hf,low,high,Ironhall,3e0eedc2,2,30,17.9,14,FALSE,100,6,25,Female,3,4.090909090909091,5,"Stock Market, Private Equity fund, Government Bonds",Asian,India,India,Full-Time
151,8,evaluation,lq_hf,low,high,Sentyl,90a19744,2,10,19.5,14,FALSE,64,5,47,Male,0,4.181818181818182,4,"ETF or ETC, Stock Market, Government Bonds, Crowdfunding",White,United States,United States,Full-Time
154,4,evaluation,lq_hf,low,high,Ironhall,3e0eedc2,4,5,115.7,11,FALSE,0,4,44,Female,0,2.3636363636363638,3,"ETF or ETC, Government Bonds, Crowdfunding, Other",Mixed,France,France,Part-Time
155,8,evaluation,lq_hf,low,high,Sentyl,90a19744,2,35,56,14,FALSE,45,5,34,Male,5,4.363636363636363,5,"Stock Market, Private Equity fund, Crowdfunding, Government Bonds, ETF or ETC",Black,Canada,Canada,Full-Time
156,5,evaluation,lq_hf,low,high,Curato,37c0ca72,3,30,139.8,11,FALSE,86,6,49,Male,5,4.818181818181818,6,"Stock Market, Crowdfunding, Private Equity fund",Asian,United States,United Kingdom,Full-Time
159,2,evaluation,lq_hf,low,high,Pulsegrid,2055e10c,3,0,82,14,FALSE,55,3,36,Male,7,3.3636363636363638,5,"ETF or ETC, Stock Market, Private Equity fund, Crowdfunding",Asian,Canada,Canada,Full-Time
160,5,evaluation,lq_hf,low,high,Curato,37c0ca72,3,20,7.5,14,FALSE,80,6,34,Female,5,4.545454545454546,1,"Stock Market, ETF or ETC, Options, Venture Capital fund",Asian,India,India,Full-Time
162,3,evaluation,lq_hf,low,high,Foliant,08321160,2,50,52.2,14,FALSE,89,7,32,Female,3,4.181818181818182,1,"Private Equity fund, ETF or ETC, Government Bonds, Stock Market, Options, Other",White,United Kingdom,United Kingdom,Full-Time
163,3,evaluation,lq_hf,low,high,Foliant,08321160,3,15,26.8,14,FALSE,37,4,28,Male,0,3.3636363636363638,4,"Stock Market, Crowdfunding",White,United States,United States,Part-Time
164,7,evaluation,lq_hf,low,high,Axonmesh,4fe27fae,3,35,78.8,14,FALSE,77,6,52,Male,8,3.090909090909091,1,"Stock Market, Crowdfunding",White,United Kingdom,United Kingdom,Part-Time
165,8,evaluation,lq_hf,low,high,Sentyl,90a19744,3,40,99.7,14,FALSE,80,6,26,Male,8,4.090909090909091,2,"ETF or ETC, Government Bonds, Stock Market, Venture Capital fund, Crowdfunding",Black,Canada,Canada,Part-Time
166,4,evaluation,lq_hf,low,high,Ironhall,3e0eedc2,1,40,12.3,14,FALSE,87,7,36,Female,4,4.545454545454546,5,"Stock Market, Unit trusts, Venture Capital fund",White,United States,United States,Part-Time
167,2,evaluation,lq_hf,low,high,Pulsegrid,2055e10c,3,15,38.3,14,FALSE,100,6,25,Male,3,4.636363636363637,1,"ETF or ETC, Stock Market, Private Equity fund",Asian,India,India,Part-Time
168,4,evaluation,lq_hf,low,high,Ironhall,3e0eedc2,4,60,11.7,14,FALSE,95,6,37,Female,2,4.2727272727272725,1,"Crowdfunding, Other",White,France,France,Full-Time
169,5,evaluation,lq_hf,low,high,Curato,37c0ca72,4,38,60.4,14,FALSE,61,5,42,Female,9,4.454545454545454,2,"Government Bonds, Stock Market, Unit trusts, Private Equity fund, Venture Capital fund, Crowdfunding",White,United Kingdom,United Kingdom,Full-Time
170,8,evaluation,lq_hf,low,high,Sentyl,90a19744,2,15,114,14,FALSE,84,5,32,Male,2,4.181818181818182,3,"Stock Market, Government Bonds, Crowdfunding",Black,United Kingdom,United Kingdom,Full-Time
171,4,evaluation,lq_hf,low,high,Ironhall,3e0eedc2,3,20,25.8,14,FALSE,63,5,53,Female,4,4,4,"Stock Market, Private Equity fund, Crowdfunding",White,United States,Italy,Full-Time
172,2,evaluation,lq_hf,low,high,Pulsegrid,2055e10c,1,25,85.1,14,FALSE,100,7,49,Female,2,4.363636363636363,1,"Government Bonds, Stock Market, Private Equity fund, Unit trusts",Asian,India,India,Other
175,8,evaluation,lq_hf,low,high,Sentyl,90a19744,4,25,78.6,14,FALSE,56,5,62,Female,9,3.8181818181818183,1,"Private Equity fund, Stock Market, Government Bonds, Venture Capital fund",White,United Kingdom,United Kingdom,Full-Time
176,7,evaluation,lq_hf,low,high,Axonmesh,4fe27fae,4,40,29.1,1,FALSE,87,6,27,Male,2,3.909090909090909,6,"Stock Market, Government Bonds, Crowdfunding",White,United States,United States,Full-Time
177,5,evaluation,lq_hf,low,high,Curato,37c0ca72,3,30,36.8,14,FALSE,97,5,38,Male,6,4.909090909090909,1,"ETF or ETC, Government Bonds, Stock Market, Venture Capital fund, Crowdfunding, Private Equity fund",White,United States,United States,Full-Time
178,1,evaluation,lq_hf,low,high,Paperloom,84f4d358,2,57,91.4,14,FALSE,82,7,29,Male,3,3.909090909090909,4,"Stock Market, Private Equity fund, Government Bonds",Black,Canada,Kenya,Full-Time
179,1,evaluation,lq_hf,low,high,Paperloom,84f4d358,3,25,70.8,14,FALSE,52,5,42,Male,5,4.090909090909091,6,"Stock Market, ETF or ETC, Private Equity fund",Black,United States,United States,Part-Time
180,5,evaluation,lq_hf,low,high,Curato,37c0ca72,4,30,29.2,14,FALSE,60,4,29,Male,2,3.5454545454545454,4,"ETF or ETC, Stock Market, Private Equity fund, Venture Capital fund, Crowdfunding, Options",White,United States,United States,Full-Time
181,6,evaluation,lq_hf,low,high,Servora,e55a120c,1,60,73.5,14,FALSE,60,4,41,Male,5,3.8181818181818183,2,"ETF or ETC, Private Equity fund, Stock Market, Crowdfunding, Unit trusts, Government Bonds",White,United Kingdom,United Kingdom,Full-Time
182,4,evaluation,lq_hf,low,high,Ironhall,3e0eedc2,2,40,135.4,14,FALSE,9,4,42,Male,20,3.6363636363636362,5,"ETF or ETC, Government Bonds, Stock Market, Private Equity fund",White,United Kingdom,United Kingdom,Full-Time
184,4,evaluation,lq_hf,low,high,Ironhall,3e0eedc2,4,30,66,14,FALSE,84,7,70,Male,6,4.181818181818182,1,"Crowdfunding, Options, Unit trusts, Stock Market, Government Bonds",White,United Kingdom,United Kingdom,"Not in paid work (e.g. homemaker', 'retired or disabled)"
185,7,evaluation,lq_hf,low,high,Axonmesh,4fe27fae,2,30,10.1,14,FALSE,60,5,38,Female,4,4.090909090909091,5,"Stock Market, Crowdfunding, Government Bonds, ETF or ETC",Black,United States,United States,Full-Time
186,5,evaluation,lq_hf,low,high,Curato,37c0ca72,2,20,72.3,14,FALSE,64,6,34,Female,7,3.090909090909091,2,"ETF or ETC, Government Bonds, Stock Market, Options, Venture Capital fund, Crowdfunding, Private Equity fund",Black,United States,United States,Part-Time
187,4,evaluation,lq_hf,low,high,Ironhall,3e0eedc2,1,10,74.6,14,FALSE,20,3,65,Male,2,3.727272727272727,5,"Stock Market, Private Equity fund, Options",White,United States,United States,Full-Time
188,1,evaluation,lq_hf,low,high,Paperloom,84f4d358,1,20,48.9,14,FALSE,86,7,40,Male,5,3.3636363636363638,1,"Government Bonds, Stock Market, Crowdfunding, Venture Capital fund, Private Equity fund",Black,United Kingdom,United Kingdom,Full-Time
191,6,evaluation,lq_hf,low,high,Servora,e55a120c,4,24,45.9,14,FALSE,48,5,30,Female,4,3.727272727272727,4,"Options, Private Equity fund, Stock Market, Government Bonds, ETF or ETC, Venture Capital fund, Crowdfunding, Other",White,Germany,United States,NA
192,2,evaluation,lq_hf,low,high,Pulsegrid,2055e10c,3,0,26,3,FALSE,14,3,47,Female,5,3,5,"Government Bonds, Stock Market, Crowdfunding",White,United Kingdom,United Kingdom,Full-Time
193,3,evaluation,lq_hf,low,high,Foliant,08321160,1,30,26,14,FALSE,70,6,34,Male,6,4.2727272727272725,1,"ETF or ETC, Government Bonds, Stock Market, Options, Private Equity fund",Asian,India,India,Full-Time
194,8,evaluation,lq_hf,low,high,Sentyl,90a19744,1,35,165.5,14,FALSE,89,7,34,Male,3,3.1818181818181817,1,"Government Bonds, Private Equity fund, Stock Market, ETF or ETC, Crowdfunding, Venture Capital fund, Unit trusts",Black,United Kingdom,United Kingdom,Full-Time
195,1,evaluation,lq_hf,low,high,Paperloom,84f4d358,1,20,10.3,4,FALSE,75,5,24,Female,3,3.909090909090909,6,"ETF or ETC, Government Bonds, Stock Market, Unit trusts, Angel syndicate, Options, Private Equity fund, Venture Capital fund, Crowdfunding",Asian,United Kingdom,Vietnam,Full-Time
196,2,evaluation,lq_hf,low,high,Pulsegrid,2055e10c,4,10,183.2,14,FALSE,33,4,49,Male,12,3.8181818181818183,1,"ETF or ETC, Government Bonds, Stock Market, Options, Crowdfunding, Other",Black,United States,Jamaica,Full-Time
198,3,evaluation,lq_hf,low,high,Foliant,08321160,1,30,20.9,14,FALSE,85,5,35,Male,5,3.5454545454545454,3,"Private Equity fund, ETF or ETC, Stock Market, Government Bonds",Asian,India,India,Part-Time
199,6,evaluation,lq_hf,low,high,Servora,e55a120c,2,25,69,14,FALSE,100,4,61,Male,6,3.727272727272727,1,"Stock Market, Private Equity fund",Black,United States,United States,Full-Time
200,2,evaluation,lq_hf,low,high,Pulsegrid,2055e10c,1,50,88.7,14,FALSE,100,7,52,Female,3,4,1,"Stock Market, Crowdfunding, Other, ETF or ETC",Black,United States,United States,Part-Time
201,7,evaluation,lq_hf,low,high,Axonmesh,4fe27fae,2,0,102.7,14,FALSE,100,2,28,Male,1,3,2,"Stock Market, ETF or ETC, Private Equity fund",Mixed,Canada,Canada,Due to start a new job within the next month
202,5,evaluation,lq_hf,low,high,Curato,37c0ca72,4,20,15.6,10,FALSE,79,7,26,Male,5,4.454545454545454,4,"Government Bonds, Stock Market, Options, Private Equity fund, Venture Capital fund, Crowdfunding, Other, ETF or ETC",Asian,India,India,Full-Time
203,6,evaluation,lq_hf,low,high,Servora,e55a120c,3,10,181.7,14,FALSE,40,4,56,Female,4,4,4,"ETF or ETC, Stock Market, Angel syndicate, Crowdfunding",White,United Kingdom,Italy,Full-Time
204,8,evaluation,lq_hf,low,high,Sentyl,90a19744,4,10,5.5,14,FALSE,72,3,36,Male,10,3.909090909090909,3,"Government Bonds, Stock Market, Private Equity fund",Black,Canada,Canada,Full-Time
205,3,evaluation,lq_hf,low,high,Foliant,08321160,3,0,116.6,14,FALSE,92,6,68,Female,2,3.3636363636363638,1,"Stock Market, Private Equity fund, Government Bonds",White,United States,United States,Part-Time
206,2,evaluation,lq_hf,low,high,Pulsegrid,2055e10c,1,0,99.6,14,FALSE,83,6,36,Male,5,3.8181818181818183,6,"ETF or ETC, Government Bonds, Stock Market, Options, Crowdfunding, Venture Capital fund, Private Equity fund",Asian,Canada,Canada,Full-Time
208,6,evaluation,lq_hf,low,high,Servora,e55a120c,4,20,45.6,14,FALSE,61,5,34,Male,8,3.1818181818181817,4,"Stock Market, Crowdfunding, Government Bonds",Black,United Kingdom,Nigeria,Full-Time
209,3,evaluation,lq_hf,low,high,Foliant,08321160,3,38,64.4,14,FALSE,79,4,39,Male,0,4.2727272727272725,7,"Stock Market, Crowdfunding",White,United States,United States,Full-Time
210,3,evaluation,lq_hf,low,high,Foliant,08321160,4,15,53.9,14,FALSE,100,7,68,Male,10,4.909090909090909,1,"Stock Market, ETF or ETC, Unit trusts, Private Equity fund, Crowdfunding, Venture Capital fund",Black,United States,United Kingdom,Full-Time
212,6,evaluation,lq_hf,low,high,Servora,e55a120c,4,50,82.3,14,FALSE,80,5,37,Male,4,4,6,"ETF or ETC, Government Bonds, Stock Market, Unit trusts, Angel syndicate, Options, Private Equity fund, Venture Capital fund, Crowdfunding, Other",White,United Kingdom,Spain,Full-Time
213,6,evaluation,lq_hf,low,high,Servora,e55a120c,1,30,382.4,14,FALSE,82,6,35,Male,5,3.727272727272727,6,"Stock Market, Crowdfunding",Black,United Kingdom,United Kingdom,Full-Time
214,8,evaluation,lq_hf,low,high,Sentyl,90a19744,4,20,26.4,6,FALSE,51,5,29,Male,2,4.090909090909091,4,"Stock Market, Crowdfunding",Black,United States,United States,Part-Time
215,3,evaluation,lq_hf,low,high,Foliant,08321160,4,28,12.2,14,FALSE,82,7,30,Female,6,4.2727272727272725,5,"Government Bonds, Stock Market, ETF or ETC, Angel syndicate, Options, Venture Capital fund, Crowdfunding",Asian,India,India,Full-Time
217,2,evaluation,lq_hf,low,high,Pulsegrid,2055e10c,4,45,5.9,12,FALSE,73,6,57,Female,10,4.181818181818182,1,"Stock Market, Venture Capital fund, Crowdfunding, ETF or ETC",Black,United States,United States,Other
218,3,evaluation,lq_hf,low,high,Foliant,08321160,3,20,134.1,14,FALSE,71,5,44,Male,6,4,6,"Stock Market, Private Equity fund, Crowdfunding",Black,United States,United States,Full-Time
220,8,evaluation,lq_hf,low,high,Sentyl,90a19744,3,15,67.6,14,FALSE,51,4,48,Female,3,4.2727272727272725,3,"ETF or ETC, Stock Market, Crowdfunding, Private Equity fund",White,United States,United States,Full-Time
221,7,evaluation,lq_hf,low,high,Axonmesh,4fe27fae,4,20,17.2,14,FALSE,66,4,24,Male,2,4.2727272727272725,3,"ETF or ETC, Government Bonds, Stock Market, Unit trusts, Options, Private Equity fund, Crowdfunding, Angel syndicate, Venture Capital fund",Asian,India,India,Unemployed (and job seeking)
222,6,evaluation,lq_hf,low,high,Servora,e55a120c,1,1,122,14,FALSE,82,2,38,Male,12,3.8181818181818183,3,"Stock Market, Government Bonds, Crowdfunding",White,United Kingdom,United Kingdom,Full-Time
223,3,evaluation,lq_hf,low,high,Foliant,08321160,3,20,123.3,14,FALSE,88,5,41,Male,0,4.090909090909091,5,"Government Bonds, Stock Market, Crowdfunding, Other",White,Canada,Canada,"Not in paid work (e.g. homemaker', 'retired or disabled)"
226,7,evaluation,lq_hf,low,high,Axonmesh,4fe27fae,4,20,89,14,FALSE,100,5,41,Male,5,3.8181818181818183,5,"Crowdfunding, Stock Market",White,United Kingdom,United Kingdom,Full-Time
227,7,evaluation,lq_hf,low,high,Axonmesh,4fe27fae,1,20,48.9,14,FALSE,93,4,30,Male,7,4.636363636363637,3,"ETF or ETC, Government Bonds, Stock Market, Private Equity fund, Unit trusts",Black,United Kingdom,United Kingdom,Full-Time
228,1,evaluation,lq_hf,low,high,Paperloom,84f4d358,4,30,190.8,14,FALSE,51,4,44,Male,2,3.5454545454545454,4,"Stock Market, Private Equity fund, Venture Capital fund",Asian,India,India,Full-Time
230,5,evaluation,lq_hf,low,high,Curato,37c0ca72,2,25,110.6,10,FALSE,59,4,21,Male,3,3.090909090909091,2,"ETF or ETC, Government Bonds, Stock Market, Unit trusts, Options, Private Equity fund, Venture Capital fund, Other",White,Brazil,Brazil,Full-Time
233,4,evaluation,lq_hf,low,high,Ironhall,3e0eedc2,1,0,127.6,14,FALSE,81,2,46,Female,2,3.909090909090909,5,"Stock Market, Crowdfunding",White,United Kingdom,United Kingdom,Full-Time
235,2,evaluation,lq_hf,low,high,Pulsegrid,2055e10c,2,0,108.9,14,FALSE,85,2,56,Male,10,3.8181818181818183,6,"ETF or ETC, Stock Market, Angel syndicate, Crowdfunding",White,United Kingdom,United Kingdom,Part-Time
237,3,evaluation,lq_hf,low,high,Foliant,08321160,2,14,78.5,14,FALSE,86,7,51,Male,2,4.363636363636363,3,"ETF or ETC, Stock Market, Government Bonds, Unit trusts, Angel syndicate, Private Equity fund",White,United States,United States,Full-Time
239,6,evaluation,lq_hf,low,high,Servora,e55a120c,2,20,3.9,14,FALSE,53,3,67,Female,12,3.090909090909091,7,"ETF or ETC, Government Bonds, Stock Market, Crowdfunding",White,United Kingdom,Italy,Full-Time
241,6,evaluation,lq_hf,low,high,Servora,e55a120c,3,5,120.7,14,FALSE,85,6,34,Male,1,3.1818181818181817,5,"Government Bonds, Other, Private Equity fund",Other,Canada,Canada,Full-Time
245,5,evaluation,lq_hf,low,high,Curato,37c0ca72,3,15,62.2,14,FALSE,78,6,40,Male,0,3.8181818181818183,4,"ETF or ETC, Stock Market, Crowdfunding",White,United States,United States,Other
246,6,evaluation,lq_hf,low,high,Servora,e55a120c,3,50,8.7,1,FALSE,91,6,63,Female,8,3.8181818181818183,3,"Stock Market, Unit trusts, Crowdfunding, Venture Capital fund",White,United Kingdom,Ireland,Full-Time
248,8,evaluation,lq_hf,low,high,Sentyl,90a19744,4,30,98.1,14,FALSE,63,7,35,Male,2,4.2727272727272725,6,"Private Equity fund, Stock Market, Government Bonds, ETF or ETC",Black,United States,United States,Part-Time
249,6,evaluation,lq_hf,low,high,Servora,e55a120c,4,20,68.2,14,FALSE,36,4,31,Male,1,3.727272727272727,5,"ETF or ETC, Stock Market, Crowdfunding, Other",Mixed,United Kingdom,United Kingdom,Full-Time
250,7,evaluation,lq_hf,low,high,Axonmesh,4fe27fae,3,40,175.4,14,FALSE,69,5,25,Male,0,3.7272727272727275,4,"Stock Market, Government Bonds, Private Equity fund",Mixed,Brazil,Brazil,Unemployed (and job seeking)
251,6,evaluation,lq_hf,low,high,Servora,e55a120c,4,15,79.9,14,FALSE,65,5,36,Male,6,4.454545454545454,5,"Stock Market, ETF or ETC, Private Equity fund, Government Bonds",Black,United Kingdom,United Kingdom,Full-Time
252,1,evaluation,lq_hf,low,high,Paperloom,84f4d358,2,40,7.3,1,FALSE,71,3,38,Other,1,3.1818181818181817,6,"Government Bonds, Stock Market, ETF or ETC, Options, Private Equity fund, Other",White,United Kingdom,United Kingdom,Full-Time
253,7,evaluation,lq_hf,low,high,Axonmesh,4fe27fae,3,25,22.9,14,FALSE,78,4,27,Female,8,3.8181818181818183,4,"Government Bonds, ETF or ETC, Stock Market, Unit trusts, Angel syndicate, Private Equity fund, Options, Venture Capital fund, Crowdfunding",Black,United States,United States,Part-Time
254,5,evaluation,lq_hf,low,high,Curato,37c0ca72,3,10,212.9,14,FALSE,93,3,23,Male,0,3.6363636363636362,5,"Government Bonds, Private Equity fund",White,Brazil,Brazil,Unemployed (and job seeking)
255,5,evaluation,lq_hf,low,high,Curato,37c0ca72,3,0,9.2,3,FALSE,100,1,39,Female,2,3.727272727272727,7,"ETF or ETC, Stock Market, Crowdfunding, Options",White,United States,United States,Full-Time
256,5,evaluation,lq_hf,low,high,Curato,37c0ca72,3,20,38.5,14,FALSE,100,5,43,Male,0,3.909090909090909,6,Crowdfunding,White,United Kingdom,United Kingdom,Full-Time
259,5,evaluation,lq_hf,low,high,Curato,37c0ca72,2,0,57.6,14,FALSE,95,4,60,Male,3,3.090909090909091,5,"ETF or ETC, Government Bonds, Stock Market, Unit trusts, Crowdfunding",Mixed,United States,United States,Part-Time
260,8,evaluation,lq_hf,low,high,Sentyl,90a19744,1,20,255.6,14,FALSE,58,3,40,Male,2,3.8181818181818183,3,"Stock Market, Crowdfunding",White,United Kingdom,United Kingdom,Full-Time
261,5,evaluation,lq_hf,low,high,Curato,37c0ca72,2,35,122.4,14,FALSE,35,3,59,Male,0,2.4545454545454546,5,"ETF or ETC, Stock Market, Unit trusts, Private Equity fund, Government Bonds",White,Canada,Canada,Full-Time
262,1,evaluation,lq_hf,low,high,Paperloom,84f4d358,1,5,104.6,14,FALSE,98,2,41,Male,0,4.181818181818182,3,Crowdfunding,White,United Kingdom,United Kingdom,Full-Time
263,3,evaluation,lq_hf,low,high,Foliant,08321160,3,15,52.5,14,FALSE,91,7,36,Female,2,4.363636363636363,1,"ETF or ETC, Private Equity fund, Unit trusts, Stock Market, Options",Black,United States,United States,Full-Time
264,5,evaluation,lq_hf,low,high,Curato,37c0ca72,1,30,225.7,14,FALSE,73,5,32,Male,2,3.6363636363636362,2,"ETF or ETC, Government Bonds, Stock Market, Private Equity fund, Crowdfunding",NA,United Kingdom,United Kingdom,Full-Time
265,5,evaluation,lq_hf,low,high,Curato,37c0ca72,3,10,23.1,13,FALSE,86,5,30,Male,7,4.636363636363637,3,"Crowdfunding, Private Equity fund, Venture Capital fund, Unit trusts, Stock Market, ETF or ETC, Government Bonds",Black,United States,United States,Unemployed (and job seeking)
266,8,evaluation,lq_hf,low,high,Sentyl,90a19744,4,75,37.7,14,FALSE,76,6,53,Male,2,4.636363636363637,4,"Stock Market, Crowdfunding",White,United States,United States,"Not in paid work (e.g. homemaker', 'retired or disabled)"
267,2,evaluation,lq_hf,low,high,Pulsegrid,2055e10c,2,0,111,14,FALSE,100,3,47,Male,7,3.272727272727273,2,"ETF or ETC, Government Bonds, Stock Market, Unit trusts, Crowdfunding, Options",White,Canada,Canada,Full-Time
268,2,evaluation,lq_hf,low,high,Pulsegrid,2055e10c,2,20,48.4,14,FALSE,83,6,33,Female,3,3.4545454545454546,5,"ETF or ETC, Government Bonds, Crowdfunding, Venture Capital fund",Asian,United States,United States,Unemployed (and job seeking)
269,5,evaluation,lq_hf,low,high,Curato,37c0ca72,4,30,14.9,14,FALSE,92,5,34,Male,8,5,4,"ETF or ETC, Government Bonds, Stock Market, Unit trusts, Angel syndicate, Private Equity fund, Venture Capital fund, Crowdfunding",White,United Kingdom,United Kingdom,Part-Time
270,4,evaluation,lq_hf,low,high,Ironhall,3e0eedc2,2,15,46.6,14,FALSE,66,4,47,Male,6,4.363636363636363,3,"Stock Market, Options, Private Equity fund, Venture Capital fund, Government Bonds, ETF or ETC, Unit trusts, Angel syndicate, Crowdfunding",White,United States,United States,Full-Time
271,1,evaluation,lq_hf,low,high,Paperloom,84f4d358,2,25,170.3,14,FALSE,57,6,28,Male,0,3,5,"Stock Market, Crowdfunding, Private Equity fund",Other,United Kingdom,Sweden,NA
272,6,evaluation,lq_hf,low,high,Servora,e55a120c,2,40,51.5,14,FALSE,77,3,50,Male,15,3.727272727272727,4,"Stock Market, Options, Private Equity fund, Venture Capital fund",Mixed,United Kingdom,United Kingdom,Part-Time
273,6,evaluation,lq_hf,low,high,Servora,e55a120c,3,30,72.1,14,FALSE,85,6,34,Female,7,4.181818181818182,7,"Stock Market, Government Bonds, Private Equity fund",Black,United States,United States,Part-Time
274,4,evaluation,lq_hf,low,high,Ironhall,3e0eedc2,2,35,22,14,FALSE,51,3,43,Female,5,5,1,"ETF or ETC, Government Bonds, Stock Market, Unit trusts, Angel syndicate, Options, Private Equity fund, Venture Capital fund, Crowdfunding",Black,United States,United States,Full-Time
275,1,evaluation,lq_hf,low,high,Paperloom,84f4d358,2,20,66.8,14,FALSE,54,6,27,Male,1,3.909090909090909,5,"Stock Market, Government Bonds, ETF or ETC, Angel syndicate, Options, Private Equity fund, Venture Capital fund, Crowdfunding, Other",Asian,India,India,Full-Time
277,5,evaluation,lq_hf,low,high,Curato,37c0ca72,3,5,192.4,14,FALSE,26,2,53,Female,0,3.909090909090909,2,"Stock Market, Crowdfunding, ETF or ETC",White,Canada,Canada,Other
278,3,evaluation,lq_hf,low,high,Foliant,08321160,3,0,9.8,14,FALSE,94,3,33,Female,4,3,3,Crowdfunding,White,United Kingdom,United Kingdom,Full-Time
279,7,evaluation,lq_hf,low,high,Axonmesh,4fe27fae,2,2,58.3,14,FALSE,75,4,26,Male,2,4.545454545454546,2,"Stock Market, Unit trusts, Private Equity fund, Government Bonds",Prefer not to say,Canada,Canada,Full-Time
280,3,evaluation,lq_hf,low,high,Foliant,08321160,3,70,106.5,14,FALSE,100,7,44,Male,1,4.636363636363637,3,"ETF or ETC, Stock Market, Private Equity fund",Asian,United Kingdom,United Kingdom,Full-Time
282,7,evaluation,lq_hf,low,high,Axonmesh,4fe27fae,1,12,34,14,FALSE,26,3,23,Male,2,4.363636363636363,5,"Stock Market, Crowdfunding, Government Bonds",Asian,India,India,Part-Time
286,7,evaluation,lq_hf,low,high,Axonmesh,4fe27fae,3,2,77.1,14,FALSE,35,1,46,Male,2,3.6363636363636362,6,"ETF or ETC, Stock Market, Unit trusts, Government Bonds, Crowdfunding",White,United Kingdom,United Kingdom,Full-Time
287,5,evaluation,lq_hf,low,high,Curato,37c0ca72,3,10,183.5,14,FALSE,81,3,39,Male,0,3,2,"ETF or ETC, Stock Market, Venture Capital fund, Options",White,United States,United States,Full-Time
288,3,evaluation,lq_hf,low,high,Foliant,08321160,4,40,8.9,14,FALSE,75,4,44,Male,12,4,5,"ETF or ETC, Government Bonds, Stock Market, Unit trusts, Angel syndicate, Private Equity fund, Crowdfunding",White,United Kingdom,United Kingdom,Full-Time
289,1,evaluation,lq_hf,low,high,Paperloom,84f4d358,4,20,28.3,14,FALSE,100,6,30,Female,1,3.909090909090909,5,"Stock Market, Angel syndicate",Black,United Kingdom,Nigeria,Full-Time
290,7,evaluation,lq_hf,low,high,Axonmesh,4fe27fae,1,10,126.2,14,FALSE,84,1,39,Male,6,3.909090909090909,5,"Government Bonds, Stock Market, Options, Private Equity fund, Crowdfunding, Other",White,United States,United States,Full-Time
292,7,evaluation,lq_hf,low,high,Axonmesh,4fe27fae,1,35,195.5,14,FALSE,100,7,50,Male,2,4.2727272727272725,1,"Stock Market, Crowdfunding, Other",White,United States,United States,Full-Time
293,8,evaluation,lq_hf,low,high,Sentyl,90a19744,1,20,70.6,14,FALSE,84,3,32,Male,0,3.1818181818181817,3,"Stock Market, Crowdfunding",White,United States,United States,Other
294,8,evaluation,lq_hf,low,high,Sentyl,90a19744,1,10,128.7,9,FALSE,81,6,33,Male,10,4.818181818181818,3,"ETF or ETC, Stock Market, Options, Crowdfunding",Mixed,United States,United States,Full-Time
295,2,evaluation,lq_hf,low,high,Pulsegrid,2055e10c,3,20,33,14,FALSE,79,4,30,Female,2,3.727272727272727,3,"Stock Market, Options, Private Equity fund, Venture Capital fund, ETF or ETC",White,United States,United States,Full-Time
296,8,evaluation,lq_hf,low,high,Sentyl,90a19744,3,10,94.3,14,FALSE,63,4,64,Female,5,3.272727272727273,2,"ETF or ETC, Stock Market, Unit trusts, Private Equity fund, Venture Capital fund, Crowdfunding",White,United Kingdom,United Kingdom,"Not in paid work (e.g. homemaker', 'retired or disabled)"
297,1,evaluation,lq_hf,low,high,Paperloom,84f4d358,2,0,149,14,FALSE,59,3,45,Female,3,3.8181818181818183,5,"Stock Market, Crowdfunding",White,France,Spain,Full-Time
298,7,evaluation,lq_hf,low,high,Axonmesh,4fe27fae,3,20,7,2,FALSE,80,6,56,Female,7,4,4,"Stock Market, Private Equity fund",White,United States,United States,Part-Time
299,6,evaluation,lq_hf,low,high,Servora,e55a120c,4,30,168.3,14,FALSE,8,3,52,Male,0,3.090909090909091,1,"ETF or ETC, Stock Market, Private Equity fund, Government Bonds",White,Canada,Canada,Full-Time
301,7,evaluation,lq_hf,low,high,Axonmesh,4fe27fae,4,30,146.4,14,FALSE,80,6,51,Female,0,3.8181818181818183,7,"Stock Market, Private Equity fund",Asian,United Kingdom,Hong Kong,Other
302,2,evaluation,lq_hf,low,high,Pulsegrid,2055e10c,3,10,104.5,14,FALSE,80,5,42,Male,6,3.727272727272727,4,"Government Bonds, Stock Market, Crowdfunding",White,United States,United States,Full-Time
303,2,evaluation,lq_hf,low,high,Pulsegrid,2055e10c,2,0,20.8,1,FALSE,11,2,43,Male,3,4.2727272727272725,5,"Private Equity fund, Stock Market, Government Bonds",Black,United States,United States,Full-Time
304,7,evaluation,lq_hf,low,high,Axonmesh,4fe27fae,2,20,164.9,14,FALSE,61,6,27,Male,2,4.2727272727272725,5,"Stock Market, Angel syndicate",Asian,India,India,Part-Time
305,4,evaluation,lq_hf,low,high,Ironhall,3e0eedc2,2,0,60.2,14,FALSE,52,3,44,Female,10,3.1818181818181817,5,"ETF or ETC, Stock Market, Crowdfunding",White,United States,United States,Full-Time
306,6,evaluation,lq_hf,low,high,Servora,e55a120c,2,25,72.9,9,FALSE,0,4,72,Male,5,3.5454545454545454,6,"ETF or ETC, Stock Market, Private Equity fund",White,United Kingdom,United Kingdom,"Not in paid work (e.g. homemaker', 'retired or disabled)"
307,8,evaluation,lq_hf,low,high,Sentyl,90a19744,4,40,121.6,14,FALSE,63,5,30,Male,2,3.909090909090909,3,"Stock Market, Crowdfunding",Black,United Kingdom,United Kingdom,Part-Time
308,7,evaluation,lq_hf,low,high,Axonmesh,4fe27fae,1,25,55.7,14,FALSE,83,6,26,Male,4,3.8181818181818183,6,"Stock Market, Venture Capital fund, Private Equity fund",Black,Canada,Nigeria,Full-Time
309,8,evaluation,lq_hf,low,high,Sentyl,90a19744,4,10,167.5,14,FALSE,42,3,50,Female,6,3.1818181818181817,5,"Stock Market, Crowdfunding",White,United Kingdom,United Kingdom,Full-Time
311,8,evaluation,lq_hf,low,high,Sentyl,90a19744,4,10,106.8,14,FALSE,71,5,27,Male,6,3.5454545454545454,3,"ETF or ETC, Stock Market, Options, Private Equity fund, Crowdfunding",White,United States,Panama,Full-Time
313,1,evaluation,lq_hf,low,high,Paperloom,84f4d358,2,35,45.7,14,FALSE,100,6,59,Male,5,4.7272727272727275,1,"ETF or ETC, Government Bonds, Stock Market, Crowdfunding",White,United States,United States,Full-Time
314,8,evaluation,lq_hf,low,high,Sentyl,90a19744,1,10,92.6,14,FALSE,100,7,35,Female,8,4.2727272727272725,1,"ETF or ETC, Government Bonds, Stock Market, Unit trusts, Options, Private Equity fund, Venture Capital fund, Crowdfunding",White,Brazil,Brazil,Full-Time
315,6,evaluation,lq_hf,low,high,Servora,e55a120c,1,25,33.1,14,FALSE,57,4,58,Female,2,2.272727272727273,6,"Stock Market, Crowdfunding",White,United Kingdom,United Kingdom,Unemployed (and job seeking)
316,2,evaluation,lq_hf,low,high,Pulsegrid,2055e10c,4,40,4.9,2,FALSE,51,4,39,Male,8,4,3,"Government Bonds, Stock Market, Private Equity fund, Crowdfunding",Black,United States,United States,Full-Time
317,4,evaluation,lq_hf,low,high,Ironhall,3e0eedc2,1,0,97.2,14,FALSE,33,3,50,Male,10,3.8181818181818183,5,"ETF or ETC, Stock Market, Private Equity fund, Crowdfunding",White,United Kingdom,United Kingdom,Full-Time
318,5,evaluation,lq_hf,low,high,Curato,37c0ca72,4,10,9.1,14,FALSE,67,2,38,Female,0,3.3636363636363638,4,"Stock Market, Crowdfunding, ETF or ETC",White,United States,United States,Full-Time
319,6,evaluation,lq_hf,low,high,Servora,e55a120c,2,15,151.7,14,FALSE,28,5,29,Female,2,4.454545454545454,5,"ETF or ETC, Stock Market, Government Bonds, Private Equity fund",Black,United States,NA,Unemployed (and job seeking)
320,2,evaluation,lq_hf,low,high,Pulsegrid,2055e10c,2,25,70,14,FALSE,80,6,27,Female,2,5,1,"Stock Market, Private Equity fund, Crowdfunding, Venture Capital fund",Black,United Kingdom,United Kingdom,Full-Time
321,5,evaluation,lq_hf,low,high,Curato,37c0ca72,2,25,91.7,14,FALSE,83,6,26,Male,2,4,6,"Stock Market, Options, Crowdfunding",Black,Canada,Nigeria,Due to start a new job within the next month
323,7,evaluation,lq_hf,low,high,Axonmesh,4fe27fae,3,15,228.8,14,FALSE,20,5,22,Male,1,4.2727272727272725,3,"Stock Market, Private Equity fund",Mixed,United States,United States,Other
325,4,evaluation,lq_hf,low,high,Ironhall,3e0eedc2,1,10,129,14,FALSE,72,3,41,Male,2,3.5454545454545454,4,"ETF or ETC, Stock Market, Crowdfunding",White,Germany,Germany,Full-Time
327,8,evaluation,lq_hf,low,high,Sentyl,90a19744,3,25,29.5,14,FALSE,100,1,29,Male,5,5,7,"Stock Market, Venture Capital fund, ETF or ETC",Black,United States,United States,Full-Time
329,7,evaluation,lq_hf,low,high,Axonmesh,4fe27fae,1,30,8.2,1,FALSE,74,5,30,Female,4,4.363636363636363,5,"ETF or ETC, Government Bonds, Stock Market, Private Equity fund, Crowdfunding, Venture Capital fund",Asian,United States,Taiwan,Full-Time
330,5,evaluation,lq_hf,low,high,Curato,37c0ca72,1,25,118.3,14,FALSE,81,6,33,Female,5,4.454545454545454,5,"ETF or ETC, Stock Market, Venture Capital fund, Unit trusts, Government Bonds",Black,United States,United States,Part-Time
331,8,evaluation,lq_hf,low,high,Sentyl,90a19744,1,20,140.2,14,FALSE,83,6,51,Male,15,4.2727272727272725,2,"ETF or ETC, Government Bonds, Stock Market, Crowdfunding",White,United States,United States,Full-Time
332,1,evaluation,lq_hf,low,high,Paperloom,84f4d358,2,0,171.5,14,FALSE,69,1,52,Male,2,3,5,"ETF or ETC, Private Equity fund, Crowdfunding",White,United Kingdom,United Kingdom,Full-Time
333,6,evaluation,lq_hf,low,high,Servora,e55a120c,4,25,78.6,14,FALSE,36,6,37,Male,0,3.5454545454545454,6,"ETF or ETC, Stock Market, Options, Crowdfunding",White,Germany,Germany,Full-Time
335,7,evaluation,lq_hf,low,high,Axonmesh,4fe27fae,4,20,131.9,14,FALSE,74,2,67,Female,0,3.5454545454545454,5,"Crowdfunding, Government Bonds, Stock Market",White,Canada,Canada,"Not in paid work (e.g. homemaker', 'retired or disabled)"
339,4,evaluation,lq_hf,low,high,Ironhall,3e0eedc2,3,0,112.2,14,FALSE,97,4,58,Female,0,1.7272727272727273,7,"Angel syndicate, Don't know/Rather not say",White,United States,United States,Full-Time
340,1,evaluation,lq_hf,low,high,Paperloom,84f4d358,4,20,6.8,14,FALSE,66,5,36,Male,4,3.1818181818181817,1,"ETF or ETC, Government Bonds, Stock Market, Private Equity fund",White,United Kingdom,United Kingdom,Full-Time
341,3,evaluation,lq_hf,low,high,Foliant,08321160,3,50,69.7,14,FALSE,75,6,30,Male,0,3.5454545454545454,5,"ETF or ETC, Stock Market, Options, Crowdfunding",White,United States,United States,Full-Time
342,4,evaluation,lq_hf,low,high,Ironhall,3e0eedc2,1,0,126.2,14,FALSE,86,5,41,Male,0,2.6363636363636362,5,"ETF or ETC, Stock Market, Crowdfunding",White,Germany,Germany,Full-Time
344,5,evaluation,lq_hf,low,high,Curato,37c0ca72,2,20,89.2,14,FALSE,39,5,26,Male,2,4,2,"Government Bonds, Stock Market, Unit trusts, Crowdfunding",White,United Kingdom,United Kingdom,Full-Time
345,2,evaluation,lq_hf,low,high,Pulsegrid,2055e10c,1,5,154.9,14,FALSE,100,2,38,Female,3,3.3636363636363638,4,"Government Bonds, Stock Market, Private Equity fund, Crowdfunding, Venture Capital fund",White,United Kingdom,United Kingdom,Full-Time
346,8,evaluation,lq_hf,low,high,Sentyl,90a19744,3,35,69,14,FALSE,66,5,33,Male,5,3.5454545454545454,6,Private Equity fund,Black,United Kingdom,Kenya,Part-Time
347,4,evaluation,lq_hf,low,high,Ironhall,3e0eedc2,1,10,80.2,14,FALSE,30,2,44,Male,2,4.2727272727272725,3,"ETF or ETC, Stock Market, Crowdfunding",White,United States,United States,Unemployed (and job seeking)
348,1,evaluation,lq_hf,low,high,Paperloom,84f4d358,4,1,104.2,14,FALSE,95,1,25,Male,1,3.727272727272727,5,"Government Bonds, ETF or ETC, Stock Market, Options, Crowdfunding",Asian,India,India,Unemployed (and job seeking)
349,3,evaluation,lq_hf,low,high,Foliant,08321160,2,20,169.4,14,FALSE,79,6,25,Male,1,4.181818181818182,4,"Stock Market, Crowdfunding",Black,United States,United States,Full-Time
350,2,evaluation,lq_hf,low,high,Pulsegrid,2055e10c,4,30,148.3,14,FALSE,100,6,60,Male,31,4.636363636363637,3,"Stock Market, ETF or ETC, Venture Capital fund",White,Canada,Canada,Full-Time
351,4,evaluation,lq_hf,low,high,Ironhall,3e0eedc2,2,50,93.7,14,FALSE,51,4,38,Female,5,3.5454545454545454,4,"Stock Market, Crowdfunding",White,United States,United States,Full-Time
352,4,evaluation,lq_hf,low,high,Ironhall,3e0eedc2,4,35,159.8,14,FALSE,100,3,32,Male,5,4.454545454545454,1,"Stock Market, Options, ETF or ETC, Government Bonds, Crowdfunding, Other",White,United States,United States,Full-Time
353,4,evaluation,lq_hf,low,high,Ironhall,3e0eedc2,1,10,82.9,14,FALSE,55,4,54,Female,1,3.5454545454545454,3,Crowdfunding,White,United Kingdom,United Kingdom,Full-Time
354,2,evaluation,lq_hf,low,high,Pulsegrid,2055e10c,2,30,214.5,14,FALSE,47,6,33,Male,0,3.727272727272727,6,"ETF or ETC, Stock Market, Government Bonds, Options, Crowdfunding",White,United States,United States,Full-Time
355,3,evaluation,lq_hf,low,high,Foliant,08321160,3,15,100.7,14,FALSE,100,4,35,Male,5,4.181818181818182,2,"Stock Market, Options, Crowdfunding, Government Bonds",Black,United Kingdom,Nigeria,Full-Time
356,4,evaluation,lq_hf,low,high,Ironhall,3e0eedc2,3,40,104.5,14,FALSE,100,6,46,Male,8,4,5,"Government Bonds, Crowdfunding, Stock Market",Mixed,United Kingdom,United Kingdom,Full-Time
357,8,evaluation,lq_hf,low,high,Sentyl,90a19744,2,20,49.3,14,FALSE,63,5,29,Female,4,4,5,"ETF or ETC, Government Bonds, Stock Market, Unit trusts, Angel syndicate, Options, Private Equity fund",White,United States,United States,Part-Time
358,6,evaluation,lq_hf,low,high,Servora,e55a120c,4,35,77.8,14,FALSE,80,6,64,Female,4,3.5454545454545454,5,Private Equity fund,Black,United States,Kenya,Part-Time
359,6,evaluation,lq_hf,low,high,Servora,e55a120c,4,20,68.5,14,FALSE,88,4,42,Female,1,3.727272727272727,7,"Crowdfunding, Stock Market, Government Bonds",Mixed,United Kingdom,United Kingdom,Full-Time
360,5,evaluation,lq_hf,low,high,Curato,37c0ca72,2,21,100.6,14,FALSE,86,2,29,Female,1,4.090909090909091,5,"Government Bonds, Stock Market, Private Equity fund",White,United States,United States,Full-Time
361,4,evaluation,lq_hf,low,high,Ironhall,3e0eedc2,1,10,273.8,14,FALSE,100,3,37,Male,3,4.818181818181818,4,"Government Bonds, Stock Market, Private Equity fund, Unit trusts, Angel syndicate",Black,United States,Kenya,Full-Time
362,5,evaluation,lq_hf,low,high,Curato,37c0ca72,2,30,81.5,5,FALSE,39,4,35,Female,3,4,3,"Stock Market, Government Bonds, Private Equity fund",Asian,India,India,Full-Time
363,7,evaluation,lq_hf,low,high,Axonmesh,4fe27fae,1,10,25.6,8,FALSE,41,5,36,Female,0,2.1818181818181817,2,Crowdfunding,White,United States,United States,Unemployed (and job seeking)
364,5,evaluation,lq_hf,low,high,Curato,37c0ca72,1,22,115.1,14,FALSE,13,4,43,Male,10,2.8181818181818183,5,"ETF or ETC, Government Bonds, Crowdfunding, Stock Market",White,United States,United States,Full-Time
365,1,evaluation,lq_hf,low,high,Paperloom,84f4d358,2,20,174.9,14,FALSE,81,5,36,Male,6,4,3,"Stock Market, Government Bonds, Crowdfunding",White,United Kingdom,United Kingdom,Full-Time
366,1,evaluation,lq_hf,low,high,Paperloom,84f4d358,2,20,67.7,14,FALSE,80,5,46,Female,4,4.7272727272727275,2,"Stock Market, Private Equity fund",White,United States,United States,Part-Time
367,8,evaluation,lq_hf,low,high,Sentyl,90a19744,4,25,22.9,2,FALSE,63,6,31,Male,5,5,5,"Stock Market, Government Bonds, Private Equity fund",Black,United States,United States,Unemployed (and job seeking)
368,2,evaluation,lq_hf,low,high,Pulsegrid,2055e10c,3,5,33.3,14,FALSE,36,2,35,Male,3,4.2727272727272725,6,"ETF or ETC, Stock Market, Crowdfunding",White,United Kingdom,United Kingdom,Full-Time
369,5,evaluation,lq_hf,low,high,Curato,37c0ca72,2,65,80.1,14,FALSE,69,5,24,Male,3,4,3,"ETF or ETC, Government Bonds, Stock Market, Unit trusts, Angel syndicate, Options, Private Equity fund",Mixed,Canada,Tunisia,Part-Time
371,3,evaluation,lq_hf,low,high,Foliant,08321160,2,8,102.3,14,FALSE,100,4,38,Female,11,4,1,"ETF or ETC, Government Bonds, Stock Market, Private Equity fund",White,United Kingdom,United Kingdom,Full-Time
372,4,evaluation,lq_hf,low,high,Ironhall,3e0eedc2,1,20,12.5,14,FALSE,74,6,29,Female,2,3.6363636363636362,5,"ETF or ETC, Stock Market, Crowdfunding, Venture Capital fund, Private Equity fund, Options",Asian,Canada,Canada,Full-Time
376,2,evaluation,lq_hf,low,high,Pulsegrid,2055e10c,4,20,80.4,14,FALSE,41,4,35,Male,2,4.090909090909091,5,"Stock Market, Crowdfunding",White,United States,United States,Full-Time
377,6,evaluation,lq_hf,low,high,Servora,e55a120c,3,40,60.9,14,FALSE,100,6,39,Male,5,3.909090909090909,1,"Crowdfunding, Stock Market",White,United States,United States,Full-Time
378,4,evaluation,lq_hf,low,high,Ironhall,3e0eedc2,1,30,149.1,14,FALSE,94,6,26,Male,0,4,3,"Stock Market, Venture Capital fund, Crowdfunding",White,France,France,Full-Time
379,2,evaluation,lq_hf,low,high,Pulsegrid,2055e10c,2,0,87.2,14,FALSE,77,2,48,Male,0,3.4545454545454546,1,"ETF or ETC, Government Bonds, Stock Market, Crowdfunding",White,United States,United States,Full-Time
380,3,evaluation,lq_hf,low,high,Foliant,08321160,1,20,107.3,14,FALSE,74,6,24,Male,0,3.727272727272727,6,"ETF or ETC, Crowdfunding",Asian,United Kingdom,United Kingdom,Other
381,2,evaluation,lq_hf,low,high,Pulsegrid,2055e10c,1,0,91.4,14,FALSE,24,2,42,Male,15,4.454545454545454,2,"ETF or ETC, Government Bonds, Stock Market, Unit trusts, Private Equity fund, Venture Capital fund, Options, Crowdfunding",White,United Kingdom,United Kingdom,Full-Time
382,2,evaluation,lq_hf,low,high,Pulsegrid,2055e10c,3,10,170.5,14,FALSE,42,4,40,Male,3,3.6363636363636362,5,"Stock Market, Government Bonds, Options, Private Equity fund, ETF or ETC",Asian,India,India,Part-Time
383,8,evaluation,lq_hf,low,high,Sentyl,90a19744,3,20,24.8,14,FALSE,100,7,39,Male,10,3.090909090909091,1,"Stock Market, Private Equity fund, Venture Capital fund",Asian,United States,United States,Full-Time
385,6,evaluation,lq_hf,low,high,Servora,e55a120c,3,35,12.8,14,FALSE,55,6,23,Male,1,3.727272727272727,5,"ETF or ETC, Crowdfunding, Options, Stock Market",Asian,India,India,Unemployed (and job seeking)
386,1,evaluation,lq_hf,low,high,Paperloom,84f4d358,1,0,85.3,14,FALSE,99,1,37,Male,3,4,5,"ETF or ETC, Government Bonds, Stock Market, Unit trusts, Angel syndicate, Options, Crowdfunding, Other",White,United Kingdom,United Kingdom,Full-Time
387,7,evaluation,lq_hf,low,high,Axonmesh,4fe27fae,4,15,147.8,14,FALSE,80,5,48,Male,12,4,3,"ETF or ETC, Government Bonds, Stock Market, Crowdfunding, Options, Venture Capital fund, Angel syndicate, Other",Black,United Kingdom,United Kingdom,Full-Time
389,6,evaluation,lq_hf,low,high,Servora,e55a120c,1,20,29.3,14,FALSE,99,6,30,Male,0,4.636363636363637,3,"ETF or ETC, Government Bonds, Stock Market, Options, Crowdfunding, Other",White,United States,United States,Full-Time
393,3,evaluation,lq_hf,low,high,Foliant,08321160,2,15,204,14,FALSE,67,3,60,Male,15,3.909090909090909,5,"Government Bonds, Stock Market, Private Equity fund, Crowdfunding, Unit trusts, ETF or ETC",Black,United Kingdom,United Kingdom,Full-Time
394,2,evaluation,lq_hf,low,high,Pulsegrid,2055e10c,3,5,63.5,14,FALSE,68,5,60,Male,15,4.2727272727272725,5,"Government Bonds, Stock Market, Options, Venture Capital fund, Crowdfunding",White,United States,United States,"Not in paid work (e.g. homemaker', 'retired or disabled)"
396,4,evaluation,lq_hf,low,high,Ironhall,3e0eedc2,4,20,11.6,14,FALSE,73,6,40,Male,12,3.909090909090909,5,"ETF or ETC, Government Bonds, Stock Market, Crowdfunding, Venture Capital fund, Other, Options, Angel syndicate",White,Brazil,Brazil,Full-Time
399,1,evaluation,lq_hf,low,high,Paperloom,84f4d358,1,25,135.5,14,FALSE,99,7,34,Male,4,4.2727272727272725,4,"Stock Market, Private Equity fund, ETF or ETC, Options",White,United States,United States,Full-Time
401,7,evaluation,lq_hf,low,high,Axonmesh,4fe27fae,4,25,17.2,14,FALSE,92,7,32,Male,0,3.909090909090909,3,"Government Bonds, Stock Market, Options, Crowdfunding, Other, ETF or ETC",Black,France,Nigeria,Unemployed (and job seeking)
402,7,evaluation,lq_hf,low,high,Axonmesh,4fe27fae,4,40,65.3,14,FALSE,68,4,38,Male,0,3.4545454545454546,3,Crowdfunding,White,United Kingdom,United Kingdom,Full-Time
403,1,evaluation,lq_hf,low,high,Paperloom,84f4d358,1,0,21.6,14,FALSE,78,6,41,Male,3,4.363636363636363,3,"Stock Market, Crowdfunding",White,United Kingdom,United Kingdom,Full-Time
405,2,evaluation,lq_hf,low,high,Pulsegrid,2055e10c,3,5,61.1,14,FALSE,60,3,35,Female,2,3.1818181818181817,5,"ETF or ETC, Stock Market, Private Equity fund, Crowdfunding",Mixed,Germany,Germany,Full-Time
406,4,evaluation,lq_hf,low,high,Ironhall,3e0eedc2,2,25,21.9,14,FALSE,74,5,43,Female,5,4,3,Private Equity fund,White,United States,United States,Full-Time
407,5,evaluation,lq_hf,low,high,Curato,37c0ca72,4,45,56.8,14,FALSE,9,2,43,Male,7,3.6363636363636362,1,"ETF or ETC, Government Bonds, Stock Market, Private Equity fund, Venture Capital fund",White,United States,United States,Other
409,5,evaluation,lq_hf,low,high,Curato,37c0ca72,3,45,98.6,14,FALSE,94,6,42,Male,1,3.4545454545454546,6,"Government Bonds, Private Equity fund",White,Brazil,Brazil,Full-Time
410,3,evaluation,lq_hf,low,high,Foliant,08321160,3,40,24.9,14,FALSE,61,6,66,Male,0,3.1818181818181817,4,Private Equity fund,White,United States,United States,Part-Time
411,7,evaluation,lq_hf,low,high,Axonmesh,4fe27fae,4,25,71.5,14,FALSE,100,5,44,Male,0,3.090909090909091,4,"Stock Market, Crowdfunding",White,United States,United States,Full-Time
412,8,evaluation,lq_hf,low,high,Sentyl,90a19744,1,0,171.6,14,FALSE,3,2,37,Male,7,3.3636363636363638,5,"Government Bonds, Stock Market, Crowdfunding",White,United Kingdom,United Kingdom,Full-Time
413,7,evaluation,lq_hf,low,high,Axonmesh,4fe27fae,1,0,116.1,14,FALSE,30,2,56,Male,15,3.5454545454545454,7,"ETF or ETC, Stock Market, Crowdfunding, Options",Asian,United States,United Kingdom,Full-Time
414,8,evaluation,lq_hf,low,high,Sentyl,90a19744,2,20,208.2,14,FALSE,53,4,35,Male,5,4.181818181818182,1,"ETF or ETC, Government Bonds, Stock Market, Options, Private Equity fund, Venture Capital fund",White,United States,United States,Full-Time
415,1,evaluation,lq_hf,low,high,Paperloom,84f4d358,4,30,51.4,14,FALSE,80,6,31,Female,3,5,2,"Government Bonds, Stock Market, Private Equity fund",Black,United Kingdom,Nigeria,Full-Time
416,6,evaluation,lq_hf,low,high,Servora,e55a120c,4,0,11.1,14,FALSE,69,3,31,Male,3,3.090909090909091,2,"ETF or ETC, Stock Market, Venture Capital fund, Crowdfunding",White,Canada,Canada,Full-Time
419,8,evaluation,lq_hf,low,high,Sentyl,90a19744,2,30,36.7,14,FALSE,63,5,49,Female,1,3.8181818181818183,3,"ETF or ETC, Stock Market, Crowdfunding",White,United States,United States,"Not in paid work (e.g. homemaker', 'retired or disabled)"
420,3,evaluation,lq_hf,low,high,Foliant,08321160,2,10,158.6,14,FALSE,69,5,28,Female,1,3.3636363636363638,4,"Stock Market, Crowdfunding",Black,United States,United States,Full-Time
421,8,evaluation,lq_hf,low,high,Sentyl,90a19744,3,40,90.5,14,FALSE,91,6,36,Male,5,3.6363636363636362,4,"Government Bonds, Stock Market, Private Equity fund",White,United Kingdom,United Kingdom,Full-Time
422,2,evaluation,lq_hf,low,high,Pulsegrid,2055e10c,2,15,532.3,14,FALSE,56,6,66,Male,10,4.454545454545454,5,"ETF or ETC, Stock Market, Government Bonds, Crowdfunding, Private Equity fund, Venture Capital fund",White,United States,United States,Part-Time
424,3,evaluation,lq_hf,low,high,Foliant,08321160,4,30,317.7,14,FALSE,61,5,59,Female,4,3.6363636363636362,4,"Crowdfunding, Government Bonds",White,United Kingdom,United Kingdom,Full-Time
427,1,evaluation,lq_hf,low,high,Paperloom,84f4d358,1,75,71.3,14,FALSE,95,6,73,Female,12,4.181818181818182,4,"Government Bonds, Stock Market, Private Equity fund, Venture Capital fund",White,United States,United States,"Not in paid work (e.g. homemaker', 'retired or disabled)"
428,7,evaluation,lq_hf,low,high,Axonmesh,4fe27fae,4,35,104.4,14,FALSE,64,3,33,Male,0,3.4545454545454546,4,"Stock Market, Crowdfunding",Mixed,Brazil,Brazil,Full-Time
429,5,evaluation,lq_hf,low,high,Curato,37c0ca72,1,25,92.4,14,FALSE,88,7,36,Male,1,3.727272727272727,2,"Government Bonds, Stock Market, Crowdfunding",White,United Kingdom,United Kingdom,Full-Time
431,6,evaluation,lq_hf,low,high,Servora,e55a120c,2,35,27.1,14,FALSE,92,6,35,Male,15,4,4,"ETF or ETC, Government Bonds, Stock Market, Unit trusts, Angel syndicate, Options, Private Equity fund, Venture Capital fund, Crowdfunding, Other",Mixed,Brazil,Brazil,Full-Time
432,8,evaluation,lq_hf,low,high,Sentyl,90a19744,3,30,17,14,FALSE,100,7,47,Female,5,4.545454545454546,6,"Government Bonds, Stock Market, Private Equity fund",White,United States,United States,Full-Time
433,1,evaluation,lq_hf,low,high,Paperloom,84f4d358,4,25,155.7,14,FALSE,79,6,42,Female,7,4.090909090909091,5,"Government Bonds, Stock Market, Crowdfunding, Other",White,United Kingdom,United Kingdom,Other
434,2,evaluation,lq_hf,low,high,Pulsegrid,2055e10c,1,30,30,14,FALSE,53,4,24,Male,1,2.4545454545454546,6,"Stock Market, ETF or ETC, Other, Options, Crowdfunding",Mixed,United Kingdom,United Kingdom,Unemployed (and job seeking)
435,4,evaluation,lq_hf,low,high,Ironhall,3e0eedc2,3,5,107.3,14,FALSE,69,2,43,Male,6,3.909090909090909,2,"Government Bonds, Stock Market, Options, Crowdfunding",White,United Kingdom,United Kingdom,Full-Time
437,1,evaluation,lq_hf,low,high,Paperloom,84f4d358,2,10,105.4,14,FALSE,100,3,42,Female,5,4.090909090909091,6,"Stock Market, Private Equity fund",Black,United States,United States,Full-Time
438,6,evaluation,lq_hf,low,high,Servora,e55a120c,1,0,70.5,14,FALSE,91,7,35,Female,0,3.8181818181818183,7,"Stock Market, Crowdfunding",White,United Kingdom,United Kingdom,Full-Time
441,7,evaluation,lq_hf,low,high,Axonmesh,4fe27fae,1,5,177.3,14,FALSE,59,3,47,Male,6,4.363636363636363,5,"ETF or ETC, Government Bonds, Stock Market, Private Equity fund, Venture Capital fund",Black,United States,United States,Full-Time
443,4,evaluation,lq_hf,low,high,Ironhall,3e0eedc2,2,30,27.6,14,FALSE,42,6,22,Female,4,4.545454545454546,5,"ETF or ETC, Government Bonds, Stock Market, Private Equity fund",Black,United States,United States,Full-Time
444,7,evaluation,lq_hf,low,high,Axonmesh,4fe27fae,1,0,171.2,14,FALSE,86,6,58,Male,0,4.636363636363637,3,Crowdfunding,White,United States,United States,Full-Time
445,2,evaluation,lq_hf,low,high,Pulsegrid,2055e10c,2,20,78.4,14,FALSE,66,5,28,Male,2,4,6,"Private Equity fund, Stock Market, Government Bonds",Black,France,Ghana,Full-Time
446,8,evaluation,lq_hf,low,high,Sentyl,90a19744,4,20,92.9,11,FALSE,77,5,24,Male,5,4.909090909090909,6,"ETF or ETC, Government Bonds, Stock Market, Unit trusts, Options, Angel syndicate, Private Equity fund, Venture Capital fund, Crowdfunding, Other",White,United Kingdom,United Kingdom,Full-Time
447,7,evaluation,lq_hf,low,high,Axonmesh,4fe27fae,1,25,86.5,14,FALSE,73,4,41,Male,5,3.6363636363636362,5,"Stock Market, ETF or ETC, Government Bonds, Options, Private Equity fund, Unit trusts, Angel syndicate",White,United States,United States,Full-Time
448,3,evaluation,lq_hf,low,high,Foliant,08321160,3,25,183.1,14,FALSE,77,5,32,Male,2,4.545454545454546,3,"ETF or ETC, Stock Market, Options, Private Equity fund, Crowdfunding, Venture Capital fund",Black,United States,United States,Full-Time
449,5,evaluation,lq_hf,low,high,Curato,37c0ca72,4,20,73.6,14,FALSE,64,4,28,Male,2,3.4545454545454546,2,"ETF or ETC, Government Bonds, Stock Market, Crowdfunding",Asian,United States,United States,Full-Time
450,5,evaluation,lq_hf,low,high,Curato,37c0ca72,4,0,24.4,7,FALSE,61,2,50,Male,5,3.5454545454545454,5,"Stock Market, Crowdfunding",White,United States,United States,"Not in paid work (e.g. homemaker', 'retired or disabled)"
452,2,evaluation,lq_hf,low,high,Pulsegrid,2055e10c,3,22,49.5,14,FALSE,63,5,22,Male,1,3.4545454545454546,5,"Crowdfunding, Stock Market",White,Brazil,Brazil,Unemployed (and job seeking)
453,1,evaluation,lq_hf,low,high,Paperloom,84f4d358,1,0,407.3,14,FALSE,80,2,54,Female,2,3.5454545454545454,2,Crowdfunding,White,United Kingdom,United Kingdom,Part-Time
455,8,evaluation,lq_hf,low,high,Sentyl,90a19744,1,10,197.6,11,FALSE,66,3,31,Female,2,3.8181818181818183,5,"ETF or ETC, Government Bonds, Stock Market, Angel syndicate, Options, Unit trusts, Venture Capital fund, Private Equity fund, Crowdfunding, Other",Black,Canada,Canada,Full-Time
458,1,evaluation,lq_hf,low,high,Paperloom,84f4d358,2,20,49.4,14,FALSE,86,6,37,Male,2,4.2727272727272725,2,"Stock Market, Private Equity fund",White,United Kingdom,United Kingdom,Full-Time
460,4,evaluation,lq_hf,low,high,Ironhall,3e0eedc2,1,15,74.6,14,FALSE,85,5,37,Male,7,4.2727272727272725,2,"ETF or ETC, Stock Market, Angel syndicate, Venture Capital fund, Crowdfunding",White,United Kingdom,United Kingdom,Full-Time
461,3,evaluation,lq_hf,low,high,Foliant,08321160,1,15,211.4,14,FALSE,85,6,31,Female,0,3.272727272727273,5,"Government Bonds, Stock Market, Venture Capital fund",White,United States,United States,Full-Time
462,7,evaluation,lq_hf,low,high,Axonmesh,4fe27fae,3,70,7.2,14,FALSE,87,6,36,Male,7,3.1818181818181817,6,"ETF or ETC, Stock Market, Venture Capital fund",White,United Kingdom,United Kingdom,Full-Time
463,3,evaluation,lq_hf,low,high,Foliant,08321160,1,10,85.6,14,FALSE,49,4,23,Female,4,4.636363636363637,4,"Stock Market, Venture Capital fund, Private Equity fund",Black,United States,United States,Full-Time
464,2,evaluation,lq_hf,low,high,Pulsegrid,2055e10c,2,50,133.2,14,FALSE,99,6,39,Female,10,3.909090909090909,5,"Crowdfunding, Other",White,United Kingdom,United Kingdom,Full-Time
465,6,evaluation,lq_hf,low,high,Servora,e55a120c,4,0,46,14,FALSE,90,3,39,Female,3,3.3636363636363638,1,"Crowdfunding, Government Bonds",White,United States,United States,"Not in paid work (e.g. homemaker', 'retired or disabled)"
467,6,evaluation,lq_hf,low,high,Servora,e55a120c,3,15,153.4,14,FALSE,63,3,55,Female,0,3.3636363636363638,2,"Stock Market, Crowdfunding",White,France,Norway,Full-Time
468,1,evaluation,lq_hf,low,high,Paperloom,84f4d358,1,20,13.9,14,FALSE,45,3,35,Male,8,4.090909090909091,6,"Crowdfunding, Stock Market",Black,United Kingdom,United Kingdom,Full-Time
469,3,evaluation,lq_hf,low,high,Foliant,08321160,1,30,43.8,14,FALSE,86,6,41,Male,5,4.2727272727272725,3,"Government Bonds, Stock Market, ETF or ETC, Venture Capital fund, Unit trusts",Black,United States,United States,Part-Time
470,3,evaluation,lq_hf,low,high,Foliant,08321160,3,1,224.7,14,FALSE,98,1,35,Male,5,3.4545454545454546,2,"ETF or ETC, Government Bonds, Stock Market, Unit trusts, Angel syndicate, Options, Private Equity fund, Venture Capital fund, Crowdfunding, Other",Mixed,United States,United States,Full-Time
471,3,evaluation,lq_hf,low,high,Foliant,08321160,3,5,100.6,14,FALSE,45,4,45,Male,0,2.3636363636363638,4,"ETF or ETC, Stock Market, Crowdfunding",White,United States,United States,Full-Time
474,1,evaluation,lq_hf,low,high,Paperloom,84f4d358,2,20,54.4,14,FALSE,74,5,42,Male,2,3.090909090909091,5,"Government Bonds, ETF or ETC, Stock Market, Options, Private Equity fund, Other",Mixed,Brazil,Brazil,Part-Time
475,5,evaluation,lq_hf,low,high,Curato,37c0ca72,4,40,264.7,14,FALSE,96,7,53,Male,10,3.6363636363636362,5,"ETF or ETC, Stock Market, Unit trusts, Crowdfunding",White,United Kingdom,United Kingdom,Part-Time
476,5,evaluation,lq_hf,low,high,Curato,37c0ca72,1,10,173.7,14,FALSE,93,4,29,Male,2,4.2727272727272725,5,"Stock Market, Private Equity fund",Black,Canada,Canada,Part-Time
477,7,evaluation,lq_hf,low,high,Axonmesh,4fe27fae,2,70,251.3,14,FALSE,92,6,40,Male,10,3.909090909090909,5,"ETF or ETC, Stock Market, Government Bonds, Options, Private Equity fund",Mixed,United States,United States,Full-Time
479,4,evaluation,lq_hf,low,high,Ironhall,3e0eedc2,4,5,54.4,14,FALSE,89,2,21,Male,1,3.6363636363636362,2,"ETF or ETC, Stock Market, Private Equity fund, Government Bonds",White,United Kingdom,United Kingdom,Full-Time
480,7,evaluation,lq_hf,low,high,Axonmesh,4fe27fae,4,30,147.1,14,FALSE,88,7,30,Female,3,4.545454545454546,6,"ETF or ETC, Stock Market, Crowdfunding, Private Equity fund",Asian,United Kingdom,United Kingdom,Part-Time
481,8,evaluation,lq_hf,low,high,Sentyl,90a19744,2,50,70.4,14,FALSE,100,7,45,Male,5,4.454545454545454,1,"ETF or ETC, Government Bonds, Stock Market, Unit trusts, Private Equity fund, Crowdfunding",Black,Canada,Canada,Full-Time
483,1,evaluation,lq_hf,low,high,Paperloom,84f4d358,1,10,94.3,14,FALSE,97,5,37,Male,3,5,4,"Stock Market, Private Equity fund, Other, Government Bonds, Options",Asian,India,India,Full-Time
485,5,evaluation,lq_hf,low,high,Curato,37c0ca72,3,20,125,14,FALSE,78,5,34,Male,2,3.1818181818181817,4,"Stock Market, Venture Capital fund, Crowdfunding, ETF or ETC",Black,United States,United States,Part-Time
486,5,evaluation,lq_hf,low,high,Curato,37c0ca72,1,20,72.5,14,FALSE,84,6,46,Female,2,4.545454545454546,3,"Government Bonds, Private Equity fund",Asian,India,India,Unemployed (and job seeking)
487,4,evaluation,lq_hf,low,high,Ironhall,3e0eedc2,4,0,93.8,14,FALSE,30,4,45,Female,0,3.909090909090909,7,"ETF or ETC, Stock Market, Crowdfunding",White,United Kingdom,United Kingdom,Part-Time
491,4,evaluation,lq_hf,low,high,Ironhall,3e0eedc2,3,25,111.9,14,FALSE,93,5,25,Female,3,4.545454545454546,2,"ETF or ETC, Crowdfunding, Stock Market, Venture Capital fund, Options",Black,United States,Nigeria,Full-Time
493,8,evaluation,lq_hf,low,high,Sentyl,90a19744,1,20,214.7,14,FALSE,55,4,53,Female,8,3.727272727272727,2,"Stock Market, ETF or ETC, Private Equity fund",White,United States,United States,Full-Time
495,3,evaluation,lq_hf,low,high,Foliant,08321160,1,20,285.4,14,FALSE,92,7,34,Male,1,3.8181818181818183,1,"Stock Market, Crowdfunding, Options, Private Equity fund",White,United States,United States,Full-Time
497,1,evaluation,lq_hf,low,high,Paperloom,84f4d358,4,20,43.3,14,FALSE,51,5,32,Male,1,4.2727272727272725,7,"Government Bonds, Crowdfunding",Black,United States,Kenya,Part-Time
499,5,evaluation,lq_hf,low,high,Curato,37c0ca72,2,40,65.6,14,FALSE,100,6,31,Male,7,4.090909090909091,1,"ETF or ETC, Stock Market, Unit trusts, Angel syndicate, Private Equity fund",White,United States,United States,Full-Time
500,8,evaluation,lq_hf,low,high,Sentyl,90a19744,2,40,99.5,14,FALSE,90,7,59,Male,3,3.3636363636363638,3,"ETF or ETC, Stock Market, Unit trusts, Crowdfunding",White,United Kingdom,United Kingdom,Full-Time
501,6,evaluation,lq_hf,low,high,Servora,e55a120c,1,15,64.9,14,FALSE,98,4,25,Male,2,3,1,"ETF or ETC, Stock Market, Private Equity fund, Crowdfunding",Asian,United Kingdom,United Kingdom,Unemployed (and job seeking)
502,7,evaluation,lq_hf,low,high,Axonmesh,4fe27fae,4,NA,68.5,14,TRUE,65,4,37,Male,0,4.181818181818182,2,"ETF or ETC, Government Bonds, Stock Market, Options, Private Equity fund, Venture Capital fund, Crowdfunding",White,United States,United States,Full-Time
503,7,evaluation,lq_hf,low,high,Axonmesh,4fe27fae,4,30,88.9,14,FALSE,60,6,29,Female,0,3.6363636363636362,3,"Government Bonds, Crowdfunding",Black,United Kingdom,United Kingdom,Part-Time
505,3,evaluation,lq_hf,low,high,Foliant,08321160,1,20,245.5,14,FALSE,93,4,39,Female,4,2.909090909090909,6,"Stock Market, Unit trusts, Other, Venture Capital fund",Black,Canada,Canada,Full-Time
507,5,evaluation,lq_hf,low,high,Curato,37c0ca72,3,40,8.5,14,FALSE,88,6,25,Female,1,3.909090909090909,3,"Stock Market, Crowdfunding, Unit trusts, ETF or ETC, Private Equity fund",Asian,United Kingdom,United Kingdom,Full-Time
511,7,evaluation,lq_hf,low,high,Axonmesh,4fe27fae,3,25,29.1,14,FALSE,59,4,32,Male,7,3.4545454545454546,5,"Stock Market, Private Equity fund, Crowdfunding, Venture Capital fund",Black,United Kingdom,United Kingdom,Full-Time
513,1,evaluation,lq_hf,low,high,Paperloom,84f4d358,1,25,75.8,10,FALSE,94,4,30,Male,5,3.8181818181818183,5,"ETF or ETC, Government Bonds, Stock Market, Angel syndicate",Black,United States,United States,Part-Time
518,6,evaluation,lq_hf,low,high,Servora,e55a120c,1,0,811.1,14,FALSE,87,6,27,Male,0,4.181818181818182,5,"ETF or ETC, Stock Market, Private Equity fund",Mixed,United Kingdom,Turkey,Full-Time
521,5,evaluation,lq_hf,low,high,Curato,37c0ca72,3,30,101.4,14,FALSE,73,3,38,Male,2,3.6363636363636362,5,"Government Bonds, ETF or ETC, Stock Market, Crowdfunding, Private Equity fund, Options",White,Canada,Canada,Full-Time
1,3,evaluation,hq_lf,high,low,Pulsegrid,f5bfffe5,2,30,45.7,14,FALSE,51,4,31,Male,0,3.272727272727273,6,"ETF or ETC, Stock Market, Government Bonds, Crowdfunding",White,Germany,Germany,Full-Time
2,4,evaluation,hq_lf,high,low,Foliant,fa1fe22c,2,10,35.1,14,FALSE,3,3,54,Female,5,3.4545454545454546,3,"Stock Market, Crowdfunding, Other",White,United Kingdom,United Kingdom,Other
3,7,evaluation,hq_lf,high,low,Servora,574d1367,2,40,79.9,14,FALSE,23,5,39,Female,2,2.727272727272727,5,"ETF or ETC, Stock Market, Crowdfunding",White,United Kingdom,United Kingdom,Unemployed (and job seeking)
4,6,evaluation,hq_lf,high,low,Curato,cbc833b1,3,30,22.2,14,FALSE,68,7,47,Male,10,4.181818181818182,4,"Government Bonds, Stock Market, Crowdfunding",White,United States,United States,Full-Time
5,5,evaluation,hq_lf,high,low,Ironhall,87b7dfe9,2,40,24.2,14,FALSE,73,2,36,Male,1,2.909090909090909,1,"ETF or ETC, Government Bonds, Stock Market, Options, Crowdfunding, Other",White,Germany,Germany,Full-Time
6,7,evaluation,hq_lf,high,low,Servora,574d1367,4,30,23.9,14,FALSE,70,4,22,Female,1,3.4545454545454546,4,"Unit trusts, Stock Market, ETF or ETC, Options, Government Bonds, Crowdfunding",Asian,Singapore,Singapore,Unemployed (and job seeking)
9,5,evaluation,hq_lf,high,low,Ironhall,87b7dfe9,4,20,76.2,14,FALSE,8,4,40,Female,0,4,6,"Stock Market, Crowdfunding",White,United States,United States,Full-Time
10,3,evaluation,hq_lf,high,low,Pulsegrid,f5bfffe5,3,40,17.6,14,FALSE,55,4,31,Male,4,3.909090909090909,3,"ETF or ETC, Stock Market, Unit trusts, Options, Private Equity fund, Venture Capital fund",White,United Kingdom,United Kingdom,Full-Time
11,6,evaluation,hq_lf,high,low,Curato,cbc833b1,1,15,42.3,14,FALSE,72,3,44,Male,8,4.2727272727272725,1,"Government Bonds, Stock Market, Options, Venture Capital fund",Black,United States,United States,Full-Time
12,8,evaluation,hq_lf,high,low,Axonmesh,e6065b1a,1,5,164.8,14,FALSE,78,2,41,Male,2,3,3,"ETF or ETC, Government Bonds, Crowdfunding, Other, Stock Market",White,United Kingdom,United Kingdom,"Not in paid work (e.g. homemaker', 'retired or disabled)"
13,1,evaluation,hq_lf,high,low,Sentyl,0566fd88,4,30,29.3,14,FALSE,39,5,37,Female,1,2.727272727272727,7,"Stock Market, Crowdfunding, Other",White,France,France,Full-Time
14,8,evaluation,hq_lf,high,low,Axonmesh,e6065b1a,1,30,67.9,14,FALSE,27,4,37,Male,4,3.8181818181818183,2,"Government Bonds, Stock Market, Crowdfunding",White,United States,United States,Unemployed (and job seeking)
15,2,evaluation,hq_lf,high,low,Paperloom,081e5fb5,4,25,14.6,14,FALSE,21,6,22,Male,4,4.363636363636363,7,"Options, Angel syndicate, Unit trusts, Stock Market, Government Bonds, ETF or ETC, Crowdfunding",Asian,India,India,Full-Time
16,5,evaluation,hq_lf,high,low,Ironhall,87b7dfe9,3,20,79.7,8,FALSE,26,3,68,Male,0,3.5454545454545454,6,"Stock Market, Private Equity fund",White,United States,United States,"Not in paid work (e.g. homemaker', 'retired or disabled)"
17,2,evaluation,hq_lf,high,low,Paperloom,081e5fb5,3,40,61.4,14,FALSE,84,6,31,Male,4,3.727272727272727,5,"Stock Market, Private Equity fund, Crowdfunding, Venture Capital fund, Government Bonds, ETF or ETC, Unit trusts",Black,United Kingdom,United Kingdom,Part-Time
18,4,evaluation,hq_lf,high,low,Foliant,fa1fe22c,1,5,40.4,14,FALSE,21,3,33,Female,2,4.454545454545454,4,"Options, Crowdfunding, Stock Market, Government Bonds, ETF or ETC",White,United Kingdom,Hungary,Full-Time
19,3,evaluation,hq_lf,high,low,Pulsegrid,f5bfffe5,1,35,341.1,14,FALSE,7,2,33,Female,4,4.090909090909091,6,"Stock Market, Crowdfunding, Government Bonds",White,United Kingdom,United Kingdom,Full-Time
21,1,evaluation,hq_lf,high,low,Sentyl,0566fd88,2,30,50.3,14,FALSE,77,6,39,Male,0,3.272727272727273,3,"Stock Market, Crowdfunding",White,United States,United States,Part-Time
22,1,evaluation,hq_lf,high,low,Sentyl,0566fd88,4,10,321.3,14,FALSE,0,5,48,Male,0,4.090909090909091,3,"Stock Market, Private Equity fund, Crowdfunding",White,United States,United States,Full-Time
23,1,evaluation,hq_lf,high,low,Sentyl,0566fd88,2,20,46.4,14,FALSE,63,5,43,Female,2,4.363636363636363,3,"ETF or ETC, Stock Market, Government Bonds, Crowdfunding",Black,United States,United States,Full-Time
24,4,evaluation,hq_lf,high,low,Foliant,fa1fe22c,4,10,38.3,14,FALSE,100,3,37,Male,2,3.909090909090909,1,"ETF or ETC, Stock Market, Private Equity fund",Asian,Germany,Germany,Part-Time
25,8,evaluation,hq_lf,high,low,Axonmesh,e6065b1a,2,20,67.8,14,FALSE,14,6,59,Female,10,3.8181818181818183,2,Crowdfunding,Other,United Kingdom,United States,NA
27,6,evaluation,hq_lf,high,low,Curato,cbc833b1,2,30,58.2,14,FALSE,20,3,36,Male,2,3.909090909090909,5,"ETF or ETC, Government Bonds, Stock Market, Private Equity fund, Crowdfunding, Venture Capital fund, Options",Black,United States,United States,Full-Time
29,6,evaluation,hq_lf,high,low,Curato,cbc833b1,4,0,8.9,14,FALSE,19,3,49,Female,0,2.4545454545454546,4,"ETF or ETC, Crowdfunding",White,United Kingdom,United Kingdom,Full-Time
31,5,evaluation,hq_lf,high,low,Ironhall,87b7dfe9,4,25,20.2,14,FALSE,98,5,37,Male,2,4,2,"Stock Market, Private Equity fund, Government Bonds",Black,United Kingdom,United Kingdom,Full-Time
32,6,evaluation,hq_lf,high,low,Curato,cbc833b1,3,35,48.4,14,FALSE,100,4,33,Male,4,3.272727272727273,1,Private Equity fund,White,Brazil,Brazil,Full-Time
33,7,evaluation,hq_lf,high,low,Servora,574d1367,1,40,79.4,14,FALSE,28,6,31,Male,2,3.8181818181818183,3,"ETF or ETC, Government Bonds, Stock Market, Private Equity fund, Venture Capital fund",White,Canada,Canada,Full-Time
34,8,evaluation,hq_lf,high,low,Axonmesh,e6065b1a,4,25,75.8,14,FALSE,37,4,31,Male,2,3,4,"Stock Market, Crowdfunding",White,United Kingdom,United Kingdom,Full-Time
35,6,evaluation,hq_lf,high,low,Curato,cbc833b1,1,40,70.3,14,FALSE,50,4,36,Female,8,3.727272727272727,4,Crowdfunding,Black,United Kingdom,United Kingdom,Unemployed (and job seeking)
38,6,evaluation,hq_lf,high,low,Curato,cbc833b1,1,20,25.9,14,FALSE,39,3,31,Male,5,3.6363636363636362,5,"Government Bonds, ETF or ETC, Stock Market, Unit trusts, Angel syndicate, Options, Private Equity fund, Venture Capital fund, Crowdfunding",Black,United States,United States,Full-Time
39,8,evaluation,hq_lf,high,low,Axonmesh,e6065b1a,1,20,36.8,14,FALSE,36,6,25,Female,2,4.454545454545454,4,"Government Bonds, Stock Market, Private Equity fund, Crowdfunding",Black,United States,United States,Full-Time
41,7,evaluation,hq_lf,high,low,Servora,574d1367,4,20,60.5,14,FALSE,38,4,57,Male,0,3.272727272727273,2,"Stock Market, Crowdfunding, ETF or ETC, Options, Other",White,United States,United States,Full-Time
42,1,evaluation,hq_lf,high,low,Sentyl,0566fd88,3,15,148.1,14,FALSE,13,2,55,Female,0,3.272727272727273,2,"Stock Market, Private Equity fund",White,United Kingdom,United Kingdom,Part-Time
43,7,evaluation,hq_lf,high,low,Servora,574d1367,2,0,14.8,14,FALSE,61,3,65,Female,10,4,5,"ETF or ETC, Government Bonds, Stock Market, Unit trusts, Private Equity fund",White,United States,United States,Full-Time
44,7,evaluation,hq_lf,high,low,Servora,574d1367,3,10,261.9,14,FALSE,57,5,21,Male,1,3.8181818181818183,5,"Stock Market, Crowdfunding, ETF or ETC",White,United Kingdom,United Kingdom,Part-Time
45,6,evaluation,hq_lf,high,low,Curato,cbc833b1,2,20,8.8,14,FALSE,43,4,49,Male,9,4.090909090909091,5,"ETF or ETC, Stock Market, Government Bonds, Private Equity fund, Crowdfunding, Venture Capital fund",White,United Kingdom,United Kingdom,Full-Time
46,4,evaluation,hq_lf,high,low,Foliant,fa1fe22c,2,25,139.1,14,FALSE,36,4,34,Male,11,3.4545454545454546,2,"ETF or ETC, Government Bonds, Stock Market, Private Equity fund, Angel syndicate, Venture Capital fund, Crowdfunding",White,United Kingdom,United Kingdom,Full-Time
47,3,evaluation,hq_lf,high,low,Pulsegrid,f5bfffe5,4,0,26.1,14,FALSE,12,2,34,Male,2,2.1818181818181817,5,"Stock Market, ETF or ETC, Government Bonds, Unit trusts, Angel syndicate, Options, Private Equity fund, Venture Capital fund, Crowdfunding, Other",White,United Kingdom,United Kingdom,Full-Time
49,4,evaluation,hq_lf,high,low,Foliant,fa1fe22c,1,80,107.8,14,FALSE,65,1,29,Male,3,2.727272727272727,5,"Stock Market, Crowdfunding, Other",Mixed,United Kingdom,United Kingdom,Part-Time
50,1,evaluation,hq_lf,high,low,Sentyl,0566fd88,4,35,65.2,14,FALSE,13,6,35,Male,0,4.363636363636363,5,"Stock Market, Crowdfunding",Asian,United Kingdom,United Kingdom,Full-Time
51,8,evaluation,hq_lf,high,low,Axonmesh,e6065b1a,3,30,105.3,14,FALSE,13,6,32,Male,2,4.636363636363637,5,"ETF or ETC, Government Bonds, Stock Market, Venture Capital fund",White,United States,United States,Part-Time
53,7,evaluation,hq_lf,high,low,Servora,574d1367,4,30,82.7,14,FALSE,43,5,39,Male,0,3.8181818181818183,3,"Stock Market, Options, Crowdfunding",White,United States,United States,Full-Time
54,1,evaluation,hq_lf,high,low,Sentyl,0566fd88,4,40,49.6,11,FALSE,60,5,31,Male,5,3.4545454545454546,2,"Options, Crowdfunding, Stock Market, Government Bonds, ETF or ETC",White,United States,United States,Part-Time
57,3,evaluation,hq_lf,high,low,Pulsegrid,f5bfffe5,3,60,158.4,14,FALSE,26,5,29,Male,1,3.5454545454545454,6,"Crowdfunding, Venture Capital fund, Private Equity fund, Options, Stock Market, Government Bonds, ETF or ETC",Black,United Kingdom,Netherlands,Full-Time
59,7,evaluation,hq_lf,high,low,Servora,574d1367,4,0,10.9,14,FALSE,9,1,34,Male,10,3.909090909090909,6,"ETF or ETC, Government Bonds, Stock Market, Options, Private Equity fund, Crowdfunding, Other",Asian,United Kingdom,United Kingdom,Full-Time
60,1,evaluation,hq_lf,high,low,Sentyl,0566fd88,3,41,67.5,14,FALSE,30,5,39,Male,2,3,1,"Stock Market, Private Equity fund",White,United States,United States,Full-Time
61,2,evaluation,hq_lf,high,low,Paperloom,081e5fb5,3,25,68.1,14,FALSE,31,5,27,Male,1,3.1818181818181817,5,"Stock Market, Options, Angel syndicate, Private Equity fund, Government Bonds, ETF or ETC, Unit trusts, Crowdfunding",Asian,India,India,Part-Time
62,6,evaluation,hq_lf,high,low,Curato,cbc833b1,1,35,154.3,14,FALSE,78,5,44,Female,0,3,3,"ETF or ETC, Stock Market, Crowdfunding",White,United States,United States,Full-Time
63,2,evaluation,hq_lf,high,low,Paperloom,081e5fb5,3,20,19.8,14,FALSE,62,4,28,Female,4,4.2727272727272725,6,"Stock Market, ETF or ETC, Private Equity fund, Government Bonds",Black,Canada,Canada,Full-Time
64,2,evaluation,hq_lf,high,low,Paperloom,081e5fb5,3,0,10.4,14,FALSE,0,4,68,Female,0,3.1818181818181817,1,"Government Bonds, Crowdfunding",Other,United States,United States,"Not in paid work (e.g. homemaker', 'retired or disabled)"
65,4,evaluation,hq_lf,high,low,Foliant,fa1fe22c,4,30,180.6,14,FALSE,59,5,39,Male,0,4,1,"ETF or ETC, Government Bonds, Stock Market, Private Equity fund, Crowdfunding",Black,United States,United States,Unemployed (and job seeking)
66,8,evaluation,hq_lf,high,low,Axonmesh,e6065b1a,2,20,79.5,14,FALSE,100,6,53,Male,10,4.181818181818182,1,"ETF or ETC, Stock Market, Venture Capital fund, Crowdfunding",White,United Kingdom,United Kingdom,Full-Time
68,3,evaluation,hq_lf,high,low,Pulsegrid,f5bfffe5,4,30,9.8,14,FALSE,56,2,38,Male,8,4,4,"ETF or ETC, Government Bonds, Stock Market, Unit trusts, Options, Private Equity fund, Venture Capital fund, Crowdfunding",White,Brazil,Brazil,Part-Time
69,5,evaluation,hq_lf,high,low,Ironhall,87b7dfe9,2,30,121.9,14,FALSE,59,4,26,Female,0,3.6363636363636362,1,"ETF or ETC, Government Bonds, Stock Market, Options, Private Equity fund, Venture Capital fund, Crowdfunding",White,United Kingdom,United Kingdom,Other
71,1,evaluation,hq_lf,high,low,Sentyl,0566fd88,3,30,59.2,14,FALSE,13,5,60,Male,0,4.181818181818182,3,"Government Bonds, Stock Market, Crowdfunding",White,United States,United States,"Not in paid work (e.g. homemaker', 'retired or disabled)"
72,6,evaluation,hq_lf,high,low,Curato,cbc833b1,1,15,112.2,14,FALSE,28,3,21,Male,1,3.090909090909091,5,"ETF or ETC, Stock Market, Government Bonds, Unit trusts, Options, Angel syndicate, Private Equity fund, Venture Capital fund, Crowdfunding",White,France,France,Part-Time
74,2,evaluation,hq_lf,high,low,Paperloom,081e5fb5,4,40,86.1,14,FALSE,34,6,28,Female,0,3.090909090909091,4,"Stock Market, Options, Crowdfunding",Asian,United States,United States,Unemployed (and job seeking)
75,2,evaluation,hq_lf,high,low,Paperloom,081e5fb5,1,55,123,14,FALSE,92,6,30,Male,6,3.8181818181818183,2,"ETF or ETC, Stock Market, Options, Private Equity fund, Government Bonds, Crowdfunding",White,Brazil,Brazil,Full-Time
77,3,evaluation,hq_lf,high,low,Pulsegrid,f5bfffe5,4,0,32,14,FALSE,22,4,64,Female,10,4.090909090909091,6,"Government Bonds, Crowdfunding",White,United Kingdom,United Kingdom,Full-Time
78,3,evaluation,hq_lf,high,low,Pulsegrid,f5bfffe5,1,15,109.9,14,FALSE,21,6,50,Male,15,3.909090909090909,5,"Government Bonds, Stock Market, Private Equity fund, Crowdfunding",White,France,France,Full-Time
80,4,evaluation,hq_lf,high,low,Foliant,fa1fe22c,2,55,47.2,14,FALSE,79,6,70,Male,10,3.6363636363636362,3,"Government Bonds, Stock Market, Private Equity fund",White,United Kingdom,United Kingdom,"Not in paid work (e.g. homemaker', 'retired or disabled)"
82,5,evaluation,hq_lf,high,low,Ironhall,87b7dfe9,1,20,144.2,14,FALSE,88,4,26,Male,3,4.2727272727272725,1,"ETF or ETC, Stock Market, Government Bonds, Options, Crowdfunding",Mixed,United Kingdom,United Kingdom,Full-Time
83,6,evaluation,hq_lf,high,low,Curato,cbc833b1,4,6,95.9,14,FALSE,34,3,36,Female,1,4.7272727272727275,1,"Government Bonds, Crowdfunding",White,United Kingdom,United Kingdom,Full-Time
84,5,evaluation,hq_lf,high,low,Ironhall,87b7dfe9,3,10,66.8,14,FALSE,59,4,36,Male,2,3.3636363636363638,5,"Government Bonds, Stock Market, Options, Venture Capital fund, Crowdfunding",White,United States,United States,Unemployed (and job seeking)
85,8,evaluation,hq_lf,high,low,Axonmesh,e6065b1a,4,30,131.3,14,FALSE,35,5,41,Male,10,3.6363636363636362,4,"Government Bonds, Stock Market, Options, Private Equity fund, Venture Capital fund",Asian,United Kingdom,United Kingdom,Full-Time
86,8,evaluation,hq_lf,high,low,Axonmesh,e6065b1a,2,30,42,14,FALSE,30,5,43,Male,10,3.3636363636363638,5,"Stock Market, ETF or ETC, Private Equity fund, Venture Capital fund, Crowdfunding",White,United Kingdom,United Kingdom,Full-Time
88,1,evaluation,hq_lf,high,low,Sentyl,0566fd88,2,60,25.2,14,FALSE,100,5,55,Male,20,2.6363636363636362,1,"Stock Market, ETF or ETC, Crowdfunding, Other",White,United States,United States,Other
89,4,evaluation,hq_lf,high,low,Foliant,fa1fe22c,2,15,78.6,14,FALSE,65,3,22,Male,0,3.1818181818181817,6,"Crowdfunding, Stock Market, Government Bonds",White,United Kingdom,United Kingdom,Full-Time
90,3,evaluation,hq_lf,high,low,Pulsegrid,f5bfffe5,4,35,31.5,14,FALSE,94,6,32,Female,5,4.090909090909091,1,"Stock Market, Private Equity fund, Crowdfunding, Venture Capital fund",Black,United Kingdom,Nigeria,Full-Time
92,3,evaluation,hq_lf,high,low,Pulsegrid,f5bfffe5,1,20,110.5,14,FALSE,61,4,50,Male,5,4.545454545454546,1,"Stock Market, Venture Capital fund, Crowdfunding, Government Bonds",White,United States,United States,Full-Time
93,7,evaluation,hq_lf,high,low,Servora,574d1367,1,NA,21.8,14,TRUE,42,6,33,Male,2,3.3636363636363638,4,"Stock Market, Other, Private Equity fund",Black,United States,United States,Full-Time
94,8,evaluation,hq_lf,high,low,Axonmesh,e6065b1a,2,20,5.9,14,FALSE,75,6,31,Male,4,3.4545454545454546,5,"Government Bonds, Private Equity fund, Venture Capital fund",Black,United Kingdom,Nigeria,Full-Time
96,8,evaluation,hq_lf,high,low,Axonmesh,e6065b1a,1,25,31.7,14,FALSE,73,6,39,Male,4,4.2727272727272725,2,"Stock Market, Private Equity fund, Crowdfunding, Venture Capital fund",Black,United States,Nigeria,Part-Time
97,2,evaluation,hq_lf,high,low,Paperloom,081e5fb5,4,10,6.7,14,FALSE,15,1,40,Male,0,4.818181818181818,2,"ETF or ETC, Government Bonds, Stock Market, Options, Private Equity fund",Asian,United States,United States,Full-Time
98,5,evaluation,hq_lf,high,low,Ironhall,87b7dfe9,2,40,191.9,14,FALSE,41,6,42,Male,0,3.6363636363636362,3,"Stock Market, Crowdfunding",White,United States,United States,Full-Time
99,7,evaluation,hq_lf,high,low,Servora,574d1367,4,50,43.5,14,FALSE,70,6,36,Other,18,3.909090909090909,3,"ETF or ETC, Stock Market, Crowdfunding",White,United States,United States,Full-Time
102,6,evaluation,hq_lf,high,low,Curato,cbc833b1,4,35,36.6,14,FALSE,39,5,38,Male,1,3.1818181818181817,5,"ETF or ETC, Government Bonds, Unit trusts, Crowdfunding, Venture Capital fund, Stock Market",White,United Kingdom,United Kingdom,Full-Time
103,7,evaluation,hq_lf,high,low,Servora,574d1367,1,40,86.4,14,FALSE,33,4,36,Male,1,3,4,"ETF or ETC, Private Equity fund",Black,Canada,South Africa,Full-Time
104,4,evaluation,hq_lf,high,low,Foliant,fa1fe22c,4,50,32.3,14,FALSE,95,6,39,Male,2,4,4,"Government Bonds, Stock Market, Crowdfunding",White,United States,United States,Full-Time
105,2,evaluation,hq_lf,high,low,Paperloom,081e5fb5,1,40,231.7,14,FALSE,55,5,54,Female,10,3.5454545454545454,5,"ETF or ETC, Stock Market, Government Bonds, Options, Private Equity fund",White,United Kingdom,United Kingdom,NA
106,5,evaluation,hq_lf,high,low,Ironhall,87b7dfe9,3,40,37.9,14,FALSE,98,7,32,Male,3,4.363636363636363,2,"Stock Market, ETF or ETC, Private Equity fund",White,United States,United States,Part-Time
107,3,evaluation,hq_lf,high,low,Pulsegrid,f5bfffe5,2,20,11.7,14,FALSE,1,3,21,Female,2,5,4,"Government Bonds, Stock Market, Venture Capital fund, Crowdfunding, Private Equity fund, Angel syndicate, Unit trusts, Options, ETF or ETC",Black,United States,United States,Full-Time
108,7,evaluation,hq_lf,high,low,Servora,574d1367,2,45,108.8,14,FALSE,45,5,30,Male,5,4.090909090909091,3,"ETF or ETC, Government Bonds, Stock Market, Options, Crowdfunding, Other",Asian,India,India,Full-Time
109,3,evaluation,hq_lf,high,low,Pulsegrid,f5bfffe5,4,40,37.9,14,FALSE,100,5,28,Female,4,5,1,"ETF or ETC, Stock Market, Crowdfunding, Private Equity fund, Government Bonds",Black,United States,United States,Unemployed (and job seeking)
110,3,evaluation,hq_lf,high,low,Pulsegrid,f5bfffe5,1,50,76.3,14,FALSE,26,7,47,Male,0,3.272727272727273,2,"Private Equity fund, ETF or ETC, Stock Market",White,United States,United States,Part-Time
111,3,evaluation,hq_lf,high,low,Pulsegrid,f5bfffe5,3,10,7.2,14,FALSE,39,4,31,Female,5,4.181818181818182,1,"ETF or ETC, Unit trusts, Options, Angel syndicate, Stock Market, Private Equity fund, Crowdfunding, Venture Capital fund",Black,United States,United States,Full-Time
112,5,evaluation,hq_lf,high,low,Ironhall,87b7dfe9,2,30,107.2,14,FALSE,26,2,59,Male,3,3.5454545454545454,5,"ETF or ETC, Government Bonds, Stock Market, Options, Crowdfunding, Other",Mixed,United States,United States,"Not in paid work (e.g. homemaker', 'retired or disabled)"
114,3,evaluation,hq_lf,high,low,Pulsegrid,f5bfffe5,3,25,16.5,14,FALSE,60,5,43,Female,1,2.4545454545454546,2,"Stock Market, Crowdfunding",White,United States,United States,Full-Time
115,2,evaluation,hq_lf,high,low,Paperloom,081e5fb5,1,35,180.7,14,FALSE,58,3,33,Male,0,3.8181818181818183,3,Crowdfunding,White,United Kingdom,United Kingdom,Part-Time
116,5,evaluation,hq_lf,high,low,Ironhall,87b7dfe9,2,25,165.3,14,FALSE,56,6,53,Female,0,2.4545454545454546,5,"Stock Market, Options, Crowdfunding",Mixed,United States,France,Full-Time
119,4,evaluation,hq_lf,high,low,Foliant,fa1fe22c,2,15,101.9,14,FALSE,0,1,22,Male,4,4.090909090909091,1,"ETF or ETC, Private Equity fund, Government Bonds, Other",White,Brazil,Brazil,Full-Time
120,5,evaluation,hq_lf,high,low,Ironhall,87b7dfe9,2,20,10.6,14,FALSE,66,4,27,Female,4,3.4545454545454546,5,"Stock Market, Private Equity fund, Crowdfunding",Black,United Kingdom,United Kingdom,Unemployed (and job seeking)
121,7,evaluation,hq_lf,high,low,Servora,574d1367,3,40,140.9,14,FALSE,58,3,49,Female,0,3,4,"Crowdfunding, Stock Market",White,United States,United States,Full-Time
122,8,evaluation,hq_lf,high,low,Axonmesh,e6065b1a,3,20,134.4,14,FALSE,45,4,60,Female,15,3.4545454545454546,3,Crowdfunding,White,United Kingdom,United Kingdom,Full-Time
123,4,evaluation,hq_lf,high,low,Foliant,fa1fe22c,3,50,123.9,14,FALSE,13,6,54,Male,3,4.090909090909091,5,"Government Bonds, Stock Market, Crowdfunding",Asian,India,India,Full-Time
124,6,evaluation,hq_lf,high,low,Curato,cbc833b1,2,35,111.9,14,FALSE,61,4,53,Male,5,4.363636363636363,3,"ETF or ETC, Stock Market, Crowdfunding",White,United Kingdom,United Kingdom,Full-Time
125,8,evaluation,hq_lf,high,low,Axonmesh,e6065b1a,2,30,16.6,14,FALSE,100,7,35,Male,3,4.2727272727272725,1,"Unit trusts, Stock Market, Venture Capital fund",Black,United States,United States,Unemployed (and job seeking)
127,2,evaluation,hq_lf,high,low,Paperloom,081e5fb5,1,30,157.8,14,FALSE,72,7,26,Male,0,3.4545454545454546,3,"Stock Market, Crowdfunding",White,United Kingdom,United Kingdom,Other
128,5,evaluation,hq_lf,high,low,Ironhall,87b7dfe9,3,0,35.2,14,FALSE,79,3,36,Male,5,4.090909090909091,1,"Stock Market, Crowdfunding",White,United States,United States,Part-Time
129,4,evaluation,hq_lf,high,low,Foliant,fa1fe22c,4,10,41.7,14,FALSE,60,4,30,Female,4,3.8181818181818183,3,"Private Equity fund, Government Bonds, Stock Market",White,United Kingdom,Poland,NA
132,3,evaluation,hq_lf,high,low,Pulsegrid,f5bfffe5,1,25,13.7,10,FALSE,28,4,65,Male,0,3.727272727272727,1,"ETF or ETC, Government Bonds, Stock Market, Crowdfunding",White,United States,United States,Part-Time
133,3,evaluation,hq_lf,high,low,Pulsegrid,f5bfffe5,3,20,82,14,FALSE,44,6,25,Male,0,4,1,"Stock Market, Government Bonds, ETF or ETC, Crowdfunding",Mixed,United Kingdom,United Kingdom,Full-Time
136,1,evaluation,hq_lf,high,low,Sentyl,0566fd88,3,45,126.5,14,FALSE,23,5,38,Male,1,2.3636363636363638,6,Crowdfunding,White,United States,United States,Full-Time
137,7,evaluation,hq_lf,high,low,Servora,574d1367,1,38,101.6,14,FALSE,64,7,29,Male,2,4.090909090909091,2,"Crowdfunding, Venture Capital fund, Stock Market, Other",Asian,India,India,Part-Time
138,5,evaluation,hq_lf,high,low,Ironhall,87b7dfe9,2,21,8.5,14,FALSE,52,4,22,Male,3,4.2727272727272725,3,"Government Bonds, Stock Market, Crowdfunding, Private Equity fund",Black,United States,United States,Full-Time
140,1,evaluation,hq_lf,high,low,Sentyl,0566fd88,2,45,47,14,FALSE,57,4,23,Female,1,3,6,"ETF or ETC, Stock Market, Options, Crowdfunding, Government Bonds",White,United States,Romania,Full-Time
141,7,evaluation,hq_lf,high,low,Servora,574d1367,4,30,42.9,14,FALSE,37,6,44,Male,10,3.4545454545454546,3,"Government Bonds, Stock Market, Private Equity fund",Black,United States,United States,Full-Time
144,4,evaluation,hq_lf,high,low,Foliant,fa1fe22c,2,25,11.2,14,FALSE,63,4,47,Female,2,2.8181818181818183,4,"Stock Market, Government Bonds, Private Equity fund, Crowdfunding",Black,United States,United States,Full-Time
145,1,evaluation,hq_lf,high,low,Sentyl,0566fd88,3,0,30.5,14,FALSE,92,7,39,Male,2,4.181818181818182,1,"Stock Market, Options, Crowdfunding",White,United Kingdom,United Kingdom,Full-Time
146,1,evaluation,hq_lf,high,low,Sentyl,0566fd88,1,10,201.3,14,FALSE,83,5,36,Male,0,3.5454545454545454,2,"Stock Market, Government Bonds, Crowdfunding",White,United Kingdom,United Kingdom,Full-Time
147,1,evaluation,hq_lf,high,low,Sentyl,0566fd88,3,60,27,14,FALSE,76,6,27,Male,2,3.8181818181818183,5,"Stock Market, Government Bonds, Options, Private Equity fund, ETF or ETC",White,United Kingdom,United Kingdom,Full-Time
148,4,evaluation,hq_lf,high,low,Foliant,fa1fe22c,3,30,70.8,14,FALSE,71,3,25,Female,3,4.090909090909091,5,"Stock Market, Private Equity fund, Government Bonds",Asian,India,India,Full-Time
151,8,evaluation,hq_lf,high,low,Axonmesh,e6065b1a,1,20,33.7,14,FALSE,18,2,47,Male,0,4.181818181818182,4,"ETF or ETC, Stock Market, Government Bonds, Crowdfunding",White,United States,United States,Full-Time
154,4,evaluation,hq_lf,high,low,Foliant,fa1fe22c,2,40,103.7,13,FALSE,61,7,44,Female,0,2.3636363636363638,3,"ETF or ETC, Government Bonds, Crowdfunding, Other",Mixed,France,France,Part-Time
155,8,evaluation,hq_lf,high,low,Axonmesh,e6065b1a,4,29,47.9,14,FALSE,59,5,34,Male,5,4.363636363636363,5,"Stock Market, Private Equity fund, Crowdfunding, Government Bonds, ETF or ETC",Black,Canada,Canada,Full-Time
156,5,evaluation,hq_lf,high,low,Ironhall,87b7dfe9,1,20,69.2,12,FALSE,33,5,49,Male,5,4.818181818181818,6,"Stock Market, Crowdfunding, Private Equity fund",Asian,United States,United Kingdom,Full-Time
159,2,evaluation,hq_lf,high,low,Paperloom,081e5fb5,1,25,134.2,14,FALSE,7,5,36,Male,7,3.3636363636363638,5,"ETF or ETC, Stock Market, Private Equity fund, Crowdfunding",Asian,Canada,Canada,Full-Time
160,5,evaluation,hq_lf,high,low,Ironhall,87b7dfe9,1,20,9.1,14,FALSE,30,3,34,Female,5,4.545454545454546,1,"Stock Market, ETF or ETC, Options, Venture Capital fund",Asian,India,India,Full-Time
162,3,evaluation,hq_lf,high,low,Pulsegrid,f5bfffe5,3,10,56.7,14,FALSE,23,5,32,Female,3,4.181818181818182,1,"Private Equity fund, ETF or ETC, Government Bonds, Stock Market, Options, Other",White,United Kingdom,United Kingdom,Full-Time
163,3,evaluation,hq_lf,high,low,Pulsegrid,f5bfffe5,1,35,62,14,FALSE,39,5,28,Male,0,3.3636363636363638,4,"Stock Market, Crowdfunding",White,United States,United States,Part-Time
164,7,evaluation,hq_lf,high,low,Servora,574d1367,1,10,64.4,14,FALSE,26,3,52,Male,8,3.090909090909091,1,"Stock Market, Crowdfunding",White,United Kingdom,United Kingdom,Part-Time
165,8,evaluation,hq_lf,high,low,Axonmesh,e6065b1a,4,20,51.5,14,FALSE,68,5,26,Male,8,4.090909090909091,2,"ETF or ETC, Government Bonds, Stock Market, Venture Capital fund, Crowdfunding",Black,Canada,Canada,Part-Time
166,4,evaluation,hq_lf,high,low,Foliant,fa1fe22c,4,20,5.6,14,FALSE,86,5,36,Female,4,4.545454545454546,5,"Stock Market, Unit trusts, Venture Capital fund",White,United States,United States,Part-Time
167,2,evaluation,hq_lf,high,low,Paperloom,081e5fb5,1,15,70.6,14,FALSE,100,7,25,Male,3,4.636363636363637,1,"ETF or ETC, Stock Market, Private Equity fund",Asian,India,India,Part-Time
168,4,evaluation,hq_lf,high,low,Foliant,fa1fe22c,3,0,13.6,14,FALSE,17,5,37,Female,2,4.2727272727272725,1,"Crowdfunding, Other",White,France,France,Full-Time
169,5,evaluation,hq_lf,high,low,Ironhall,87b7dfe9,1,30,63.1,4,FALSE,100,3,42,Female,9,4.454545454545454,2,"Government Bonds, Stock Market, Unit trusts, Private Equity fund, Venture Capital fund, Crowdfunding",White,United Kingdom,United Kingdom,Full-Time
170,8,evaluation,hq_lf,high,low,Axonmesh,e6065b1a,1,60,127.1,14,FALSE,83,6,32,Male,2,4.181818181818182,3,"Stock Market, Government Bonds, Crowdfunding",Black,United Kingdom,United Kingdom,Full-Time
171,4,evaluation,hq_lf,high,low,Foliant,fa1fe22c,4,40,17.7,14,FALSE,49,3,53,Female,4,4,4,"Stock Market, Private Equity fund, Crowdfunding",White,United States,Italy,Full-Time
172,2,evaluation,hq_lf,high,low,Paperloom,081e5fb5,4,25,98.9,14,FALSE,99,7,49,Female,2,4.363636363636363,1,"Government Bonds, Stock Market, Private Equity fund, Unit trusts",Asian,India,India,Other
175,8,evaluation,hq_lf,high,low,Axonmesh,e6065b1a,2,35,95.9,14,FALSE,23,2,62,Female,9,3.8181818181818183,1,"Private Equity fund, Stock Market, Government Bonds, Venture Capital fund",White,United Kingdom,United Kingdom,Full-Time
176,7,evaluation,hq_lf,high,low,Servora,574d1367,1,10,36.6,14,FALSE,51,4,27,Male,2,3.909090909090909,6,"Stock Market, Government Bonds, Crowdfunding",White,United States,United States,Full-Time
177,5,evaluation,hq_lf,high,low,Ironhall,87b7dfe9,1,20,46.4,14,FALSE,51,6,38,Male,6,4.909090909090909,1,"ETF or ETC, Government Bonds, Stock Market, Venture Capital fund, Crowdfunding, Private Equity fund",White,United States,United States,Full-Time
178,1,evaluation,hq_lf,high,low,Sentyl,0566fd88,3,30,52.4,14,FALSE,33,3,29,Male,3,3.909090909090909,4,"Stock Market, Private Equity fund, Government Bonds",Black,Canada,Kenya,Full-Time
179,1,evaluation,hq_lf,high,low,Sentyl,0566fd88,1,30,38.1,14,FALSE,34,5,42,Male,5,4.090909090909091,6,"Stock Market, ETF or ETC, Private Equity fund",Black,United States,United States,Part-Time
180,5,evaluation,hq_lf,high,low,Ironhall,87b7dfe9,3,10,50.4,14,FALSE,47,4,29,Male,2,3.5454545454545454,4,"ETF or ETC, Stock Market, Private Equity fund, Venture Capital fund, Crowdfunding, Options",White,United States,United States,Full-Time
181,6,evaluation,hq_lf,high,low,Curato,cbc833b1,3,20,64.4,14,FALSE,65,5,41,Male,5,3.8181818181818183,2,"ETF or ETC, Private Equity fund, Stock Market, Crowdfunding, Unit trusts, Government Bonds",White,United Kingdom,United Kingdom,Full-Time
182,4,evaluation,hq_lf,high,low,Foliant,fa1fe22c,1,20,123.4,14,FALSE,41,4,42,Male,20,3.6363636363636362,5,"ETF or ETC, Government Bonds, Stock Market, Private Equity fund",White,United Kingdom,United Kingdom,Full-Time
184,4,evaluation,hq_lf,high,low,Foliant,fa1fe22c,1,50,77,14,FALSE,25,7,70,Male,6,4.181818181818182,1,"Crowdfunding, Options, Unit trusts, Stock Market, Government Bonds",White,United Kingdom,United Kingdom,"Not in paid work (e.g. homemaker', 'retired or disabled)"
185,7,evaluation,hq_lf,high,low,Servora,574d1367,3,30,7.5,14,FALSE,73,6,38,Female,4,4.090909090909091,5,"Stock Market, Crowdfunding, Government Bonds, ETF or ETC",Black,United States,United States,Full-Time
186,5,evaluation,hq_lf,high,low,Ironhall,87b7dfe9,1,30,60.6,14,FALSE,76,5,34,Female,7,3.090909090909091,2,"ETF or ETC, Government Bonds, Stock Market, Options, Venture Capital fund, Crowdfunding, Private Equity fund",Black,United States,United States,Part-Time
187,4,evaluation,hq_lf,high,low,Foliant,fa1fe22c,2,45,85.3,14,FALSE,74,6,65,Male,2,3.727272727272727,5,"Stock Market, Private Equity fund, Options",White,United States,United States,Full-Time
188,1,evaluation,hq_lf,high,low,Sentyl,0566fd88,4,30,13.9,14,FALSE,57,6,40,Male,5,3.3636363636363638,1,"Government Bonds, Stock Market, Crowdfunding, Venture Capital fund, Private Equity fund",Black,United Kingdom,United Kingdom,Full-Time
191,6,evaluation,hq_lf,high,low,Curato,cbc833b1,1,24,40.3,14,FALSE,60,4,30,Female,4,3.727272727272727,4,"Options, Private Equity fund, Stock Market, Government Bonds, ETF or ETC, Venture Capital fund, Crowdfunding, Other",White,Germany,United States,NA
192,2,evaluation,hq_lf,high,low,Paperloom,081e5fb5,2,75,34.9,5,FALSE,72,6,47,Female,5,3,5,"Government Bonds, Stock Market, Crowdfunding",White,United Kingdom,United Kingdom,Full-Time
193,3,evaluation,hq_lf,high,low,Pulsegrid,f5bfffe5,2,25,40.9,14,FALSE,56,5,34,Male,6,4.2727272727272725,1,"ETF or ETC, Government Bonds, Stock Market, Options, Private Equity fund",Asian,India,India,Full-Time
194,8,evaluation,hq_lf,high,low,Axonmesh,e6065b1a,2,15,88.4,14,FALSE,43,4,34,Male,3,3.1818181818181817,1,"Government Bonds, Private Equity fund, Stock Market, ETF or ETC, Crowdfunding, Venture Capital fund, Unit trusts",Black,United Kingdom,United Kingdom,Full-Time
195,1,evaluation,hq_lf,high,low,Sentyl,0566fd88,2,20,14.2,10,FALSE,25,4,24,Female,3,3.909090909090909,6,"ETF or ETC, Government Bonds, Stock Market, Unit trusts, Angel syndicate, Options, Private Equity fund, Venture Capital fund, Crowdfunding",Asian,United Kingdom,Vietnam,Full-Time
196,2,evaluation,hq_lf,high,low,Paperloom,081e5fb5,2,30,168.9,14,FALSE,83,7,49,Male,12,3.8181818181818183,1,"ETF or ETC, Government Bonds, Stock Market, Options, Crowdfunding, Other",Black,United States,Jamaica,Full-Time
198,3,evaluation,hq_lf,high,low,Pulsegrid,f5bfffe5,2,20,39.9,14,FALSE,87,6,35,Male,5,3.5454545454545454,3,"Private Equity fund, ETF or ETC, Stock Market, Government Bonds",Asian,India,India,Part-Time
199,6,evaluation,hq_lf,high,low,Curato,cbc833b1,3,40,38.4,14,FALSE,100,6,61,Male,6,3.727272727272727,1,"Stock Market, Private Equity fund",Black,United States,United States,Full-Time
200,2,evaluation,hq_lf,high,low,Paperloom,081e5fb5,4,15,66.8,14,FALSE,33,4,52,Female,3,4,1,"Stock Market, Crowdfunding, Other, ETF or ETC",Black,United States,United States,Part-Time
201,7,evaluation,hq_lf,high,low,Servora,574d1367,1,0,148,14,FALSE,53,4,28,Male,1,3,2,"Stock Market, ETF or ETC, Private Equity fund",Mixed,Canada,Canada,Due to start a new job within the next month
202,5,evaluation,hq_lf,high,low,Ironhall,87b7dfe9,1,20,24,14,FALSE,91,4,26,Male,5,4.454545454545454,4,"Government Bonds, Stock Market, Options, Private Equity fund, Venture Capital fund, Crowdfunding, Other, ETF or ETC",Asian,India,India,Full-Time
203,6,evaluation,hq_lf,high,low,Curato,cbc833b1,1,30,150.2,14,FALSE,8,2,56,Female,4,4,4,"ETF or ETC, Stock Market, Angel syndicate, Crowdfunding",White,United Kingdom,Italy,Full-Time
204,8,evaluation,hq_lf,high,low,Axonmesh,e6065b1a,3,40,11,14,FALSE,74,5,36,Male,10,3.909090909090909,3,"Government Bonds, Stock Market, Private Equity fund",Black,Canada,Canada,Full-Time
205,3,evaluation,hq_lf,high,low,Pulsegrid,f5bfffe5,2,30,47.3,14,FALSE,19,4,68,Female,2,3.3636363636363638,1,"Stock Market, Private Equity fund, Government Bonds",White,United States,United States,Part-Time
206,2,evaluation,hq_lf,high,low,Paperloom,081e5fb5,4,40,95.7,14,FALSE,84,7,36,Male,5,3.8181818181818183,6,"ETF or ETC, Government Bonds, Stock Market, Options, Crowdfunding, Venture Capital fund, Private Equity fund",Asian,Canada,Canada,Full-Time
208,6,evaluation,hq_lf,high,low,Curato,cbc833b1,1,30,142.9,14,FALSE,51,4,34,Male,8,3.1818181818181817,4,"Stock Market, Crowdfunding, Government Bonds",Black,United Kingdom,Nigeria,Full-Time
209,3,evaluation,hq_lf,high,low,Pulsegrid,f5bfffe5,2,18,72.7,14,FALSE,23,4,39,Male,0,4.2727272727272725,7,"Stock Market, Crowdfunding",White,United States,United States,Full-Time
210,3,evaluation,hq_lf,high,low,Pulsegrid,f5bfffe5,2,30,83.1,14,FALSE,100,6,68,Male,10,4.909090909090909,1,"Stock Market, ETF or ETC, Unit trusts, Private Equity fund, Crowdfunding, Venture Capital fund",Black,United States,United Kingdom,Full-Time
212,6,evaluation,hq_lf,high,low,Curato,cbc833b1,2,10,98.2,14,FALSE,13,4,37,Male,4,4,6,"ETF or ETC, Government Bonds, Stock Market, Unit trusts, Angel syndicate, Options, Private Equity fund, Venture Capital fund, Crowdfunding, Other",White,United Kingdom,Spain,Full-Time
213,6,evaluation,hq_lf,high,low,Curato,cbc833b1,2,20,104.5,14,FALSE,63,2,35,Male,5,3.727272727272727,6,"Stock Market, Crowdfunding",Black,United Kingdom,United Kingdom,Full-Time
214,8,evaluation,hq_lf,high,low,Axonmesh,e6065b1a,1,15,22.9,14,FALSE,51,5,29,Male,2,4.090909090909091,4,"Stock Market, Crowdfunding",Black,United States,United States,Part-Time
215,3,evaluation,hq_lf,high,low,Pulsegrid,f5bfffe5,2,20,18.1,14,FALSE,56,5,30,Female,6,4.2727272727272725,5,"Government Bonds, Stock Market, ETF or ETC, Angel syndicate, Options, Venture Capital fund, Crowdfunding",Asian,India,India,Full-Time
217,2,evaluation,hq_lf,high,low,Paperloom,081e5fb5,1,20,4.7,9,FALSE,74,7,57,Female,10,4.181818181818182,1,"Stock Market, Venture Capital fund, Crowdfunding, ETF or ETC",Black,United States,United States,Other
218,3,evaluation,hq_lf,high,low,Pulsegrid,f5bfffe5,2,25,47.5,9,FALSE,72,5,44,Male,6,4,6,"Stock Market, Private Equity fund, Crowdfunding",Black,United States,United States,Full-Time
220,8,evaluation,hq_lf,high,low,Axonmesh,e6065b1a,1,35,131.9,14,FALSE,59,5,48,Female,3,4.2727272727272725,3,"ETF or ETC, Stock Market, Crowdfunding, Private Equity fund",White,United States,United States,Full-Time
221,7,evaluation,hq_lf,high,low,Servora,574d1367,1,20,11.1,1,FALSE,61,5,24,Male,2,4.2727272727272725,3,"ETF or ETC, Government Bonds, Stock Market, Unit trusts, Options, Private Equity fund, Crowdfunding, Angel syndicate, Venture Capital fund",Asian,India,India,Unemployed (and job seeking)
222,6,evaluation,hq_lf,high,low,Curato,cbc833b1,4,15,47.1,13,FALSE,21,1,38,Male,12,3.8181818181818183,3,"Stock Market, Government Bonds, Crowdfunding",White,United Kingdom,United Kingdom,Full-Time
223,3,evaluation,hq_lf,high,low,Pulsegrid,f5bfffe5,4,40,138.2,14,FALSE,44,6,41,Male,0,4.090909090909091,5,"Government Bonds, Stock Market, Crowdfunding, Other",White,Canada,Canada,"Not in paid work (e.g. homemaker', 'retired or disabled)"
226,7,evaluation,hq_lf,high,low,Servora,574d1367,1,30,102.1,14,FALSE,37,7,41,Male,5,3.8181818181818183,5,"Crowdfunding, Stock Market",White,United Kingdom,United Kingdom,Full-Time
227,7,evaluation,hq_lf,high,low,Servora,574d1367,2,20,36.6,14,FALSE,92,7,30,Male,7,4.636363636363637,3,"ETF or ETC, Government Bonds, Stock Market, Private Equity fund, Unit trusts",Black,United Kingdom,United Kingdom,Full-Time
228,1,evaluation,hq_lf,high,low,Sentyl,0566fd88,1,15,202.4,14,FALSE,37,3,44,Male,2,3.5454545454545454,4,"Stock Market, Private Equity fund, Venture Capital fund",Asian,India,India,Full-Time
230,5,evaluation,hq_lf,high,low,Ironhall,87b7dfe9,1,5,75.6,11,FALSE,39,3,21,Male,3,3.090909090909091,2,"ETF or ETC, Government Bonds, Stock Market, Unit trusts, Options, Private Equity fund, Venture Capital fund, Other",White,Brazil,Brazil,Full-Time
233,4,evaluation,hq_lf,high,low,Foliant,fa1fe22c,2,40,109.9,14,FALSE,93,7,46,Female,2,3.909090909090909,5,"Stock Market, Crowdfunding",White,United Kingdom,United Kingdom,Full-Time
235,2,evaluation,hq_lf,high,low,Paperloom,081e5fb5,3,30,153.5,14,FALSE,16,6,56,Male,10,3.8181818181818183,6,"ETF or ETC, Stock Market, Angel syndicate, Crowdfunding",White,United Kingdom,United Kingdom,Part-Time
237,3,evaluation,hq_lf,high,low,Pulsegrid,f5bfffe5,4,25,101.3,14,FALSE,79,5,51,Male,2,4.363636363636363,3,"ETF or ETC, Stock Market, Government Bonds, Unit trusts, Angel syndicate, Private Equity fund",White,United States,United States,Full-Time
239,6,evaluation,hq_lf,high,low,Curato,cbc833b1,1,20,4.1,14,FALSE,53,4,67,Female,12,3.090909090909091,7,"ETF or ETC, Government Bonds, Stock Market, Crowdfunding",White,United Kingdom,Italy,Full-Time
241,6,evaluation,hq_lf,high,low,Curato,cbc833b1,2,10,99,14,FALSE,0,1,34,Male,1,3.1818181818181817,5,"Government Bonds, Other, Private Equity fund",Other,Canada,Canada,Full-Time
245,5,evaluation,hq_lf,high,low,Ironhall,87b7dfe9,2,15,59.2,14,FALSE,77,5,40,Male,0,3.8181818181818183,4,"ETF or ETC, Stock Market, Crowdfunding",White,United States,United States,Other
246,6,evaluation,hq_lf,high,low,Curato,cbc833b1,1,30,13,1,FALSE,32,4,63,Female,8,3.8181818181818183,3,"Stock Market, Unit trusts, Crowdfunding, Venture Capital fund",White,United Kingdom,Ireland,Full-Time
248,8,evaluation,hq_lf,high,low,Axonmesh,e6065b1a,3,30,48.1,14,FALSE,41,3,35,Male,2,4.2727272727272725,6,"Private Equity fund, Stock Market, Government Bonds, ETF or ETC",Black,United States,United States,Part-Time
249,6,evaluation,hq_lf,high,low,Curato,cbc833b1,1,15,32.1,14,FALSE,36,4,31,Male,1,3.727272727272727,5,"ETF or ETC, Stock Market, Crowdfunding, Other",Mixed,United Kingdom,United Kingdom,Full-Time
250,7,evaluation,hq_lf,high,low,Servora,574d1367,2,25,157.7,14,FALSE,38,3,25,Male,0,3.7272727272727275,4,"Stock Market, Government Bonds, Private Equity fund",Mixed,Brazil,Brazil,Unemployed (and job seeking)
251,6,evaluation,hq_lf,high,low,Curato,cbc833b1,3,35,79.6,14,FALSE,31,6,36,Male,6,4.454545454545454,5,"Stock Market, ETF or ETC, Private Equity fund, Government Bonds",Black,United Kingdom,United Kingdom,Full-Time
252,1,evaluation,hq_lf,high,low,Sentyl,0566fd88,4,10,6.4,1,FALSE,82,6,38,Other,1,3.1818181818181817,6,"Government Bonds, Stock Market, ETF or ETC, Options, Private Equity fund, Other",White,United Kingdom,United Kingdom,Full-Time
253,7,evaluation,hq_lf,high,low,Servora,574d1367,4,25,82.6,14,FALSE,58,4,27,Female,8,3.8181818181818183,4,"Government Bonds, ETF or ETC, Stock Market, Unit trusts, Angel syndicate, Private Equity fund, Options, Venture Capital fund, Crowdfunding",Black,United States,United States,Part-Time
254,5,evaluation,hq_lf,high,low,Ironhall,87b7dfe9,1,30,292,14,FALSE,73,6,23,Male,0,3.6363636363636362,5,"Government Bonds, Private Equity fund",White,Brazil,Brazil,Unemployed (and job seeking)
255,5,evaluation,hq_lf,high,low,Ironhall,87b7dfe9,1,50,357.3,14,FALSE,30,7,39,Female,2,3.727272727272727,7,"ETF or ETC, Stock Market, Crowdfunding, Options",White,United States,United States,Full-Time
256,5,evaluation,hq_lf,high,low,Ironhall,87b7dfe9,2,20,49.7,14,FALSE,37,4,43,Male,0,3.909090909090909,6,Crowdfunding,White,United Kingdom,United Kingdom,Full-Time
259,5,evaluation,hq_lf,high,low,Ironhall,87b7dfe9,4,50,58.2,14,FALSE,16,6,60,Male,3,3.090909090909091,5,"ETF or ETC, Government Bonds, Stock Market, Unit trusts, Crowdfunding",Mixed,United States,United States,Part-Time
260,8,evaluation,hq_lf,high,low,Axonmesh,e6065b1a,3,35,77.4,14,FALSE,77,6,40,Male,2,3.8181818181818183,3,"Stock Market, Crowdfunding",White,United Kingdom,United Kingdom,Full-Time
261,5,evaluation,hq_lf,high,low,Ironhall,87b7dfe9,4,30,89.1,14,FALSE,58,5,59,Male,0,2.4545454545454546,5,"ETF or ETC, Stock Market, Unit trusts, Private Equity fund, Government Bonds",White,Canada,Canada,Full-Time
262,1,evaluation,hq_lf,high,low,Sentyl,0566fd88,3,30,100.8,14,FALSE,7,6,41,Male,0,4.181818181818182,3,Crowdfunding,White,United Kingdom,United Kingdom,Full-Time
263,3,evaluation,hq_lf,high,low,Pulsegrid,f5bfffe5,2,30,54.4,1,FALSE,86,6,36,Female,2,4.363636363636363,1,"ETF or ETC, Private Equity fund, Unit trusts, Stock Market, Options",Black,United States,United States,Full-Time
264,5,evaluation,hq_lf,high,low,Ironhall,87b7dfe9,4,20,89.2,14,FALSE,52,4,32,Male,2,3.6363636363636362,2,"ETF or ETC, Government Bonds, Stock Market, Private Equity fund, Crowdfunding",NA,United Kingdom,United Kingdom,Full-Time
265,5,evaluation,hq_lf,high,low,Ironhall,87b7dfe9,2,30,34.5,14,FALSE,73,5,30,Male,7,4.636363636363637,3,"Crowdfunding, Private Equity fund, Venture Capital fund, Unit trusts, Stock Market, ETF or ETC, Government Bonds",Black,United States,United States,Unemployed (and job seeking)
266,8,evaluation,hq_lf,high,low,Axonmesh,e6065b1a,1,5,35,14,FALSE,64,2,53,Male,2,4.636363636363637,4,"Stock Market, Crowdfunding",White,United States,United States,"Not in paid work (e.g. homemaker', 'retired or disabled)"
267,2,evaluation,hq_lf,high,low,Paperloom,081e5fb5,1,10,102.8,14,FALSE,10,5,47,Male,7,3.272727272727273,2,"ETF or ETC, Government Bonds, Stock Market, Unit trusts, Crowdfunding, Options",White,Canada,Canada,Full-Time
268,2,evaluation,hq_lf,high,low,Paperloom,081e5fb5,4,30,50.7,14,FALSE,61,5,33,Female,3,3.4545454545454546,5,"ETF or ETC, Government Bonds, Crowdfunding, Venture Capital fund",Asian,United States,United States,Unemployed (and job seeking)
269,5,evaluation,hq_lf,high,low,Ironhall,87b7dfe9,2,15,13,14,FALSE,90,4,34,Male,8,5,4,"ETF or ETC, Government Bonds, Stock Market, Unit trusts, Angel syndicate, Private Equity fund, Venture Capital fund, Crowdfunding",White,United Kingdom,United Kingdom,Part-Time
270,4,evaluation,hq_lf,high,low,Foliant,fa1fe22c,1,40,251.2,14,FALSE,69,7,47,Male,6,4.363636363636363,3,"Stock Market, Options, Private Equity fund, Venture Capital fund, Government Bonds, ETF or ETC, Unit trusts, Angel syndicate, Crowdfunding",White,United States,United States,Full-Time
271,1,evaluation,hq_lf,high,low,Sentyl,0566fd88,3,40,187.4,14,FALSE,41,5,28,Male,0,3,5,"Stock Market, Crowdfunding, Private Equity fund",Other,United Kingdom,Sweden,NA
272,6,evaluation,hq_lf,high,low,Curato,cbc833b1,4,30,33.6,14,FALSE,45,6,50,Male,15,3.727272727272727,4,"Stock Market, Options, Private Equity fund, Venture Capital fund",Mixed,United Kingdom,United Kingdom,Part-Time
273,6,evaluation,hq_lf,high,low,Curato,cbc833b1,2,20,13.6,14,FALSE,100,7,34,Female,7,4.181818181818182,7,"Stock Market, Government Bonds, Private Equity fund",Black,United States,United States,Part-Time
274,4,evaluation,hq_lf,high,low,Foliant,fa1fe22c,4,20,29.6,14,FALSE,57,4,43,Female,5,5,1,"ETF or ETC, Government Bonds, Stock Market, Unit trusts, Angel syndicate, Options, Private Equity fund, Venture Capital fund, Crowdfunding",Black,United States,United States,Full-Time
275,1,evaluation,hq_lf,high,low,Sentyl,0566fd88,3,25,70.2,14,FALSE,58,5,27,Male,1,3.909090909090909,5,"Stock Market, Government Bonds, ETF or ETC, Angel syndicate, Options, Private Equity fund, Venture Capital fund, Crowdfunding, Other",Asian,India,India,Full-Time
277,5,evaluation,hq_lf,high,low,Ironhall,87b7dfe9,2,35,319.2,14,FALSE,94,7,53,Female,0,3.909090909090909,2,"Stock Market, Crowdfunding, ETF or ETC",White,Canada,Canada,Other
278,3,evaluation,hq_lf,high,low,Pulsegrid,f5bfffe5,2,50,8,14,FALSE,0,6,33,Female,4,3,3,Crowdfunding,White,United Kingdom,United Kingdom,Full-Time
279,7,evaluation,hq_lf,high,low,Servora,574d1367,3,34,38.6,14,FALSE,64,7,26,Male,2,4.545454545454546,2,"Stock Market, Unit trusts, Private Equity fund, Government Bonds",Prefer not to say,Canada,Canada,Full-Time
280,3,evaluation,hq_lf,high,low,Pulsegrid,f5bfffe5,4,20,74.7,14,FALSE,38,3,44,Male,1,4.636363636363637,3,"ETF or ETC, Stock Market, Private Equity fund",Asian,United Kingdom,United Kingdom,Full-Time
282,7,evaluation,hq_lf,high,low,Servora,574d1367,4,35,232,14,FALSE,79,6,23,Male,2,4.363636363636363,5,"Stock Market, Crowdfunding, Government Bonds",Asian,India,India,Part-Time
286,7,evaluation,hq_lf,high,low,Servora,574d1367,1,15,217.5,14,FALSE,32,6,46,Male,2,3.6363636363636362,6,"ETF or ETC, Stock Market, Unit trusts, Government Bonds, Crowdfunding",White,United Kingdom,United Kingdom,Full-Time
287,5,evaluation,hq_lf,high,low,Ironhall,87b7dfe9,4,5,12.4,14,FALSE,19,4,39,Male,0,3,2,"ETF or ETC, Stock Market, Venture Capital fund, Options",White,United States,United States,Full-Time
288,3,evaluation,hq_lf,high,low,Pulsegrid,f5bfffe5,1,40,108.2,14,FALSE,3,2,44,Male,12,4,5,"ETF or ETC, Government Bonds, Stock Market, Unit trusts, Angel syndicate, Private Equity fund, Crowdfunding",White,United Kingdom,United Kingdom,Full-Time
289,1,evaluation,hq_lf,high,low,Sentyl,0566fd88,2,45,30.6,14,FALSE,75,7,30,Female,1,3.909090909090909,5,"Stock Market, Angel syndicate",Black,United Kingdom,Nigeria,Full-Time
290,7,evaluation,hq_lf,high,low,Servora,574d1367,2,30,87.4,14,FALSE,74,7,39,Male,6,3.909090909090909,5,"Government Bonds, Stock Market, Options, Private Equity fund, Crowdfunding, Other",White,United States,United States,Full-Time
292,7,evaluation,hq_lf,high,low,Servora,574d1367,2,25,191.9,14,FALSE,35,7,50,Male,2,4.2727272727272725,1,"Stock Market, Crowdfunding, Other",White,United States,United States,Full-Time
293,8,evaluation,hq_lf,high,low,Axonmesh,e6065b1a,2,10,35.7,12,FALSE,66,4,32,Male,0,3.1818181818181817,3,"Stock Market, Crowdfunding",White,United States,United States,Other
294,8,evaluation,hq_lf,high,low,Axonmesh,e6065b1a,2,50,86.3,10,FALSE,90,5,33,Male,10,4.818181818181818,3,"ETF or ETC, Stock Market, Options, Crowdfunding",Mixed,United States,United States,Full-Time
295,2,evaluation,hq_lf,high,low,Paperloom,081e5fb5,2,30,28.3,14,FALSE,86,5,30,Female,2,3.727272727272727,3,"Stock Market, Options, Private Equity fund, Venture Capital fund, ETF or ETC",White,United States,United States,Full-Time
296,8,evaluation,hq_lf,high,low,Axonmesh,e6065b1a,4,30,71.1,14,FALSE,61,5,64,Female,5,3.272727272727273,2,"ETF or ETC, Stock Market, Unit trusts, Private Equity fund, Venture Capital fund, Crowdfunding",White,United Kingdom,United Kingdom,"Not in paid work (e.g. homemaker', 'retired or disabled)"
297,1,evaluation,hq_lf,high,low,Sentyl,0566fd88,1,50,180.6,14,FALSE,70,6,45,Female,3,3.8181818181818183,5,"Stock Market, Crowdfunding",White,France,Spain,Full-Time
298,7,evaluation,hq_lf,high,low,Servora,574d1367,4,30,10.2,1,FALSE,38,4,56,Female,7,4,4,"Stock Market, Private Equity fund",White,United States,United States,Part-Time
299,6,evaluation,hq_lf,high,low,Curato,cbc833b1,2,0,152.6,14,FALSE,0,1,52,Male,0,3.090909090909091,1,"ETF or ETC, Stock Market, Private Equity fund, Government Bonds",White,Canada,Canada,Full-Time
301,7,evaluation,hq_lf,high,low,Servora,574d1367,3,30,142.3,14,FALSE,73,7,51,Female,0,3.8181818181818183,7,"Stock Market, Private Equity fund",Asian,United Kingdom,Hong Kong,Other
302,2,evaluation,hq_lf,high,low,Paperloom,081e5fb5,2,40,36.5,14,FALSE,32,4,42,Male,6,3.727272727272727,4,"Government Bonds, Stock Market, Crowdfunding",White,United States,United States,Full-Time
303,2,evaluation,hq_lf,high,low,Paperloom,081e5fb5,4,35,14.6,1,FALSE,5,1,43,Male,3,4.2727272727272725,5,"Private Equity fund, Stock Market, Government Bonds",Black,United States,United States,Full-Time
304,7,evaluation,hq_lf,high,low,Servora,574d1367,4,30,163.4,14,FALSE,61,5,27,Male,2,4.2727272727272725,5,"Stock Market, Angel syndicate",Asian,India,India,Part-Time
305,4,evaluation,hq_lf,high,low,Foliant,fa1fe22c,4,70,43,14,FALSE,32,6,44,Female,10,3.1818181818181817,5,"ETF or ETC, Stock Market, Crowdfunding",White,United States,United States,Full-Time
306,6,evaluation,hq_lf,high,low,Curato,cbc833b1,1,25,76.1,11,FALSE,0,4,72,Male,5,3.5454545454545454,6,"ETF or ETC, Stock Market, Private Equity fund",White,United Kingdom,United Kingdom,"Not in paid work (e.g. homemaker', 'retired or disabled)"
307,8,evaluation,hq_lf,high,low,Axonmesh,e6065b1a,1,25,54.8,14,FALSE,44,4,30,Male,2,3.909090909090909,3,"Stock Market, Crowdfunding",Black,United Kingdom,United Kingdom,Part-Time
308,7,evaluation,hq_lf,high,low,Servora,574d1367,3,26,49.6,14,FALSE,37,4,26,Male,4,3.8181818181818183,6,"Stock Market, Venture Capital fund, Private Equity fund",Black,Canada,Nigeria,Full-Time
309,8,evaluation,hq_lf,high,low,Axonmesh,e6065b1a,2,35,201.5,14,FALSE,42,5,50,Female,6,3.1818181818181817,5,"Stock Market, Crowdfunding",White,United Kingdom,United Kingdom,Full-Time
311,8,evaluation,hq_lf,high,low,Axonmesh,e6065b1a,2,15,103.9,14,FALSE,28,3,27,Male,6,3.5454545454545454,3,"ETF or ETC, Stock Market, Options, Private Equity fund, Crowdfunding",White,United States,Panama,Full-Time
313,1,evaluation,hq_lf,high,low,Sentyl,0566fd88,4,45,45.2,14,FALSE,100,7,59,Male,5,4.7272727272727275,1,"ETF or ETC, Government Bonds, Stock Market, Crowdfunding",White,United States,United States,Full-Time
314,8,evaluation,hq_lf,high,low,Axonmesh,e6065b1a,2,40,103.4,14,FALSE,49,4,35,Female,8,4.2727272727272725,1,"ETF or ETC, Government Bonds, Stock Market, Unit trusts, Options, Private Equity fund, Venture Capital fund, Crowdfunding",White,Brazil,Brazil,Full-Time
315,6,evaluation,hq_lf,high,low,Curato,cbc833b1,3,25,35.6,14,FALSE,28,3,58,Female,2,2.272727272727273,6,"Stock Market, Crowdfunding",White,United Kingdom,United Kingdom,Unemployed (and job seeking)
316,2,evaluation,hq_lf,high,low,Paperloom,081e5fb5,3,30,161.4,1,FALSE,51,4,39,Male,8,4,3,"Government Bonds, Stock Market, Private Equity fund, Crowdfunding",Black,United States,United States,Full-Time
317,4,evaluation,hq_lf,high,low,Foliant,fa1fe22c,3,55,99.8,14,FALSE,66,6,50,Male,10,3.8181818181818183,5,"ETF or ETC, Stock Market, Private Equity fund, Crowdfunding",White,United Kingdom,United Kingdom,Full-Time
318,5,evaluation,hq_lf,high,low,Ironhall,87b7dfe9,1,40,35.8,14,FALSE,44,4,38,Female,0,3.3636363636363638,4,"Stock Market, Crowdfunding, ETF or ETC",White,United States,United States,Full-Time
319,6,evaluation,hq_lf,high,low,Curato,cbc833b1,4,30,78.4,14,FALSE,90,3,29,Female,2,4.454545454545454,5,"ETF or ETC, Stock Market, Government Bonds, Private Equity fund",Black,United States,NA,Unemployed (and job seeking)
320,2,evaluation,hq_lf,high,low,Paperloom,081e5fb5,1,20,122.1,14,FALSE,74,6,27,Female,2,5,1,"Stock Market, Private Equity fund, Crowdfunding, Venture Capital fund",Black,United Kingdom,United Kingdom,Full-Time
321,5,evaluation,hq_lf,high,low,Ironhall,87b7dfe9,3,25,91.4,14,FALSE,55,6,26,Male,2,4,6,"Stock Market, Options, Crowdfunding",Black,Canada,Nigeria,Due to start a new job within the next month
323,7,evaluation,hq_lf,high,low,Servora,574d1367,2,35,184.8,14,FALSE,34,7,22,Male,1,4.2727272727272725,3,"Stock Market, Private Equity fund",Mixed,United States,United States,Other
325,4,evaluation,hq_lf,high,low,Foliant,fa1fe22c,3,35,82.7,14,FALSE,75,6,41,Male,2,3.5454545454545454,4,"ETF or ETC, Stock Market, Crowdfunding",White,Germany,Germany,Full-Time
327,8,evaluation,hq_lf,high,low,Axonmesh,e6065b1a,2,25,31.7,14,FALSE,0,7,29,Male,5,5,7,"Stock Market, Venture Capital fund, ETF or ETC",Black,United States,United States,Full-Time
329,7,evaluation,hq_lf,high,low,Servora,574d1367,2,40,4.2,2,FALSE,40,4,30,Female,4,4.363636363636363,5,"ETF or ETC, Government Bonds, Stock Market, Private Equity fund, Crowdfunding, Venture Capital fund",Asian,United States,Taiwan,Full-Time
330,5,evaluation,hq_lf,high,low,Ironhall,87b7dfe9,4,25,273.6,14,FALSE,69,5,33,Female,5,4.454545454545454,5,"ETF or ETC, Stock Market, Venture Capital fund, Unit trusts, Government Bonds",Black,United States,United States,Part-Time
331,8,evaluation,hq_lf,high,low,Axonmesh,e6065b1a,2,20,128.4,14,FALSE,79,5,51,Male,15,4.2727272727272725,2,"ETF or ETC, Government Bonds, Stock Market, Crowdfunding",White,United States,United States,Full-Time
332,1,evaluation,hq_lf,high,low,Sentyl,0566fd88,3,50,205.7,14,FALSE,57,6,52,Male,2,3,5,"ETF or ETC, Private Equity fund, Crowdfunding",White,United Kingdom,United Kingdom,Full-Time
333,6,evaluation,hq_lf,high,low,Curato,cbc833b1,2,20,88.2,14,FALSE,41,5,37,Male,0,3.5454545454545454,6,"ETF or ETC, Stock Market, Options, Crowdfunding",White,Germany,Germany,Full-Time
335,7,evaluation,hq_lf,high,low,Servora,574d1367,1,25,117.9,14,FALSE,43,5,67,Female,0,3.5454545454545454,5,"Crowdfunding, Government Bonds, Stock Market",White,Canada,Canada,"Not in paid work (e.g. homemaker', 'retired or disabled)"
339,4,evaluation,hq_lf,high,low,Foliant,fa1fe22c,4,50,105,14,FALSE,8,6,58,Female,0,1.7272727272727273,7,"Angel syndicate, Don't know/Rather not say",White,United States,United States,Full-Time
340,1,evaluation,hq_lf,high,low,Sentyl,0566fd88,1,20,12.6,14,FALSE,18,3,36,Male,4,3.1818181818181817,1,"ETF or ETC, Government Bonds, Stock Market, Private Equity fund",White,United Kingdom,United Kingdom,Full-Time
341,3,evaluation,hq_lf,high,low,Pulsegrid,f5bfffe5,1,0,196.6,14,FALSE,50,4,30,Male,0,3.5454545454545454,5,"ETF or ETC, Stock Market, Options, Crowdfunding",White,United States,United States,Full-Time
342,4,evaluation,hq_lf,high,low,Foliant,fa1fe22c,2,50,124.6,14,FALSE,49,6,41,Male,0,2.6363636363636362,5,"ETF or ETC, Stock Market, Crowdfunding",White,Germany,Germany,Full-Time
344,5,evaluation,hq_lf,high,low,Ironhall,87b7dfe9,4,30,100.9,14,FALSE,11,3,26,Male,2,4,2,"Government Bonds, Stock Market, Unit trusts, Crowdfunding",White,United Kingdom,United Kingdom,Full-Time
345,2,evaluation,hq_lf,high,low,Paperloom,081e5fb5,3,40,107.8,14,FALSE,20,6,38,Female,3,3.3636363636363638,4,"Government Bonds, Stock Market, Private Equity fund, Crowdfunding, Venture Capital fund",White,United Kingdom,United Kingdom,Full-Time
346,8,evaluation,hq_lf,high,low,Axonmesh,e6065b1a,2,30,140.6,14,FALSE,69,4,33,Male,5,3.5454545454545454,6,Private Equity fund,Black,United Kingdom,Kenya,Part-Time
347,4,evaluation,hq_lf,high,low,Foliant,fa1fe22c,4,40,68.5,14,FALSE,77,7,44,Male,2,4.2727272727272725,3,"ETF or ETC, Stock Market, Crowdfunding",White,United States,United States,Unemployed (and job seeking)
348,1,evaluation,hq_lf,high,low,Sentyl,0566fd88,1,49,179.5,14,FALSE,59,7,25,Male,1,3.727272727272727,5,"Government Bonds, ETF or ETC, Stock Market, Options, Crowdfunding",Asian,India,India,Unemployed (and job seeking)
349,3,evaluation,hq_lf,high,low,Pulsegrid,f5bfffe5,4,30,74.4,14,FALSE,58,5,25,Male,1,4.181818181818182,4,"Stock Market, Crowdfunding",Black,United States,United States,Full-Time
350,2,evaluation,hq_lf,high,low,Paperloom,081e5fb5,3,20,105.7,14,FALSE,94,4,60,Male,31,4.636363636363637,3,"Stock Market, ETF or ETC, Venture Capital fund",White,Canada,Canada,Full-Time
351,4,evaluation,hq_lf,high,low,Foliant,fa1fe22c,3,50,128,14,FALSE,51,6,38,Female,5,3.5454545454545454,4,"Stock Market, Crowdfunding",White,United States,United States,Full-Time
352,4,evaluation,hq_lf,high,low,Foliant,fa1fe22c,2,10,290.7,14,FALSE,100,6,32,Male,5,4.454545454545454,1,"Stock Market, Options, ETF or ETC, Government Bonds, Crowdfunding, Other",White,United States,United States,Full-Time
353,4,evaluation,hq_lf,high,low,Foliant,fa1fe22c,3,80,54.5,14,FALSE,100,7,54,Female,1,3.5454545454545454,3,Crowdfunding,White,United Kingdom,United Kingdom,Full-Time
354,2,evaluation,hq_lf,high,low,Paperloom,081e5fb5,3,20,165.7,14,FALSE,34,5,33,Male,0,3.727272727272727,6,"ETF or ETC, Stock Market, Government Bonds, Options, Crowdfunding",White,United States,United States,Full-Time
355,3,evaluation,hq_lf,high,low,Pulsegrid,f5bfffe5,1,25,119.9,14,FALSE,23,4,35,Male,5,4.181818181818182,2,"Stock Market, Options, Crowdfunding, Government Bonds",Black,United Kingdom,Nigeria,Full-Time
356,4,evaluation,hq_lf,high,low,Foliant,fa1fe22c,1,10,176,14,FALSE,12,5,46,Male,8,4,5,"Government Bonds, Crowdfunding, Stock Market",Mixed,United Kingdom,United Kingdom,Full-Time
357,8,evaluation,hq_lf,high,low,Axonmesh,e6065b1a,1,30,392.6,8,FALSE,44,5,29,Female,4,4,5,"ETF or ETC, Government Bonds, Stock Market, Unit trusts, Angel syndicate, Options, Private Equity fund",White,United States,United States,Part-Time
358,6,evaluation,hq_lf,high,low,Curato,cbc833b1,3,40,88.7,14,FALSE,83,5,64,Female,4,3.5454545454545454,5,Private Equity fund,Black,United States,Kenya,Part-Time
359,6,evaluation,hq_lf,high,low,Curato,cbc833b1,1,20,106.6,14,FALSE,5,4,42,Female,1,3.727272727272727,7,"Crowdfunding, Stock Market, Government Bonds",Mixed,United Kingdom,United Kingdom,Full-Time
360,5,evaluation,hq_lf,high,low,Ironhall,87b7dfe9,1,30,72.8,14,FALSE,26,6,29,Female,1,4.090909090909091,5,"Government Bonds, Stock Market, Private Equity fund",White,United States,United States,Full-Time
361,4,evaluation,hq_lf,high,low,Foliant,fa1fe22c,4,45,201.6,14,FALSE,100,7,37,Male,3,4.818181818181818,4,"Government Bonds, Stock Market, Private Equity fund, Unit trusts, Angel syndicate",Black,United States,Kenya,Full-Time
362,5,evaluation,hq_lf,high,low,Ironhall,87b7dfe9,1,20,179.2,14,FALSE,69,5,35,Female,3,4,3,"Stock Market, Government Bonds, Private Equity fund",Asian,India,India,Full-Time
363,7,evaluation,hq_lf,high,low,Servora,574d1367,2,30,13.4,4,FALSE,31,4,36,Female,0,2.1818181818181817,2,Crowdfunding,White,United States,United States,Unemployed (and job seeking)
364,5,evaluation,hq_lf,high,low,Ironhall,87b7dfe9,4,20,68.1,14,FALSE,28,4,43,Male,10,2.8181818181818183,5,"ETF or ETC, Government Bonds, Crowdfunding, Stock Market",White,United States,United States,Full-Time
365,1,evaluation,hq_lf,high,low,Sentyl,0566fd88,3,0,58.1,14,FALSE,28,3,36,Male,6,4,3,"Stock Market, Government Bonds, Crowdfunding",White,United Kingdom,United Kingdom,Full-Time
366,1,evaluation,hq_lf,high,low,Sentyl,0566fd88,3,10,40.6,14,FALSE,41,3,46,Female,4,4.7272727272727275,2,"Stock Market, Private Equity fund",White,United States,United States,Part-Time
367,8,evaluation,hq_lf,high,low,Axonmesh,e6065b1a,1,25,60.6,14,FALSE,38,5,31,Male,5,5,5,"Stock Market, Government Bonds, Private Equity fund",Black,United States,United States,Unemployed (and job seeking)
368,2,evaluation,hq_lf,high,low,Paperloom,081e5fb5,4,45,31.7,14,FALSE,7,7,35,Male,3,4.2727272727272725,6,"ETF or ETC, Stock Market, Crowdfunding",White,United Kingdom,United Kingdom,Full-Time
369,5,evaluation,hq_lf,high,low,Ironhall,87b7dfe9,4,10,14.2,14,FALSE,79,4,24,Male,3,4,3,"ETF or ETC, Government Bonds, Stock Market, Unit trusts, Angel syndicate, Options, Private Equity fund",Mixed,Canada,Tunisia,Part-Time
371,3,evaluation,hq_lf,high,low,Pulsegrid,f5bfffe5,1,50,185,14,FALSE,85,6,38,Female,11,4,1,"ETF or ETC, Government Bonds, Stock Market, Private Equity fund",White,United Kingdom,United Kingdom,Full-Time
372,4,evaluation,hq_lf,high,low,Foliant,fa1fe22c,2,30,9.5,14,FALSE,56,6,29,Female,2,3.6363636363636362,5,"ETF or ETC, Stock Market, Crowdfunding, Venture Capital fund, Private Equity fund, Options",Asian,Canada,Canada,Full-Time
376,2,evaluation,hq_lf,high,low,Paperloom,081e5fb5,1,30,90.9,13,FALSE,79,5,35,Male,2,4.090909090909091,5,"Stock Market, Crowdfunding",White,United States,United States,Full-Time
377,6,evaluation,hq_lf,high,low,Curato,cbc833b1,4,20,192.2,14,FALSE,62,5,39,Male,5,3.909090909090909,1,"Crowdfunding, Stock Market",White,United States,United States,Full-Time
378,4,evaluation,hq_lf,high,low,Foliant,fa1fe22c,2,20,219.6,14,FALSE,82,6,26,Male,0,4,3,"Stock Market, Venture Capital fund, Crowdfunding",White,France,France,Full-Time
379,2,evaluation,hq_lf,high,low,Paperloom,081e5fb5,4,60,57.6,14,FALSE,50,6,48,Male,0,3.4545454545454546,1,"ETF or ETC, Government Bonds, Stock Market, Crowdfunding",White,United States,United States,Full-Time
380,3,evaluation,hq_lf,high,low,Pulsegrid,f5bfffe5,4,35,78,14,FALSE,17,4,24,Male,0,3.727272727272727,6,"ETF or ETC, Crowdfunding",Asian,United Kingdom,United Kingdom,Other
381,2,evaluation,hq_lf,high,low,Paperloom,081e5fb5,3,50,83.3,14,FALSE,31,6,42,Male,15,4.454545454545454,2,"ETF or ETC, Government Bonds, Stock Market, Unit trusts, Private Equity fund, Venture Capital fund, Options, Crowdfunding",White,United Kingdom,United Kingdom,Full-Time
382,2,evaluation,hq_lf,high,low,Paperloom,081e5fb5,4,45,189.3,14,FALSE,54,7,40,Male,3,3.6363636363636362,5,"Stock Market, Government Bonds, Options, Private Equity fund, ETF or ETC",Asian,India,India,Part-Time
383,8,evaluation,hq_lf,high,low,Axonmesh,e6065b1a,2,5,18.4,14,FALSE,39,3,39,Male,10,3.090909090909091,1,"Stock Market, Private Equity fund, Venture Capital fund",Asian,United States,United States,Full-Time
385,6,evaluation,hq_lf,high,low,Curato,cbc833b1,4,15,6.6,14,FALSE,51,5,23,Male,1,3.727272727272727,5,"ETF or ETC, Crowdfunding, Options, Stock Market",Asian,India,India,Unemployed (and job seeking)
386,1,evaluation,hq_lf,high,low,Sentyl,0566fd88,2,70,97.8,14,FALSE,21,7,37,Male,3,4,5,"ETF or ETC, Government Bonds, Stock Market, Unit trusts, Angel syndicate, Options, Crowdfunding, Other",White,United Kingdom,United Kingdom,Full-Time
387,7,evaluation,hq_lf,high,low,Servora,574d1367,3,35,391.4,14,FALSE,77,6,48,Male,12,4,3,"ETF or ETC, Government Bonds, Stock Market, Crowdfunding, Options, Venture Capital fund, Angel syndicate, Other",Black,United Kingdom,United Kingdom,Full-Time
389,6,evaluation,hq_lf,high,low,Curato,cbc833b1,4,20,8.6,14,FALSE,69,6,30,Male,0,4.636363636363637,3,"ETF or ETC, Government Bonds, Stock Market, Options, Crowdfunding, Other",White,United States,United States,Full-Time
393,3,evaluation,hq_lf,high,low,Pulsegrid,f5bfffe5,4,39,158.8,14,FALSE,82,7,60,Male,15,3.909090909090909,5,"Government Bonds, Stock Market, Private Equity fund, Crowdfunding, Unit trusts, ETF or ETC",Black,United Kingdom,United Kingdom,Full-Time
394,2,evaluation,hq_lf,high,low,Paperloom,081e5fb5,2,40,81.5,14,FALSE,41,4,60,Male,15,4.2727272727272725,5,"Government Bonds, Stock Market, Options, Venture Capital fund, Crowdfunding",White,United States,United States,"Not in paid work (e.g. homemaker', 'retired or disabled)"
396,4,evaluation,hq_lf,high,low,Foliant,fa1fe22c,1,10,41.3,14,FALSE,41,4,40,Male,12,3.909090909090909,5,"ETF or ETC, Government Bonds, Stock Market, Crowdfunding, Venture Capital fund, Other, Options, Angel syndicate",White,Brazil,Brazil,Full-Time
399,1,evaluation,hq_lf,high,low,Sentyl,0566fd88,2,25,127.4,14,FALSE,44,5,34,Male,4,4.2727272727272725,4,"Stock Market, Private Equity fund, ETF or ETC, Options",White,United States,United States,Full-Time
401,7,evaluation,hq_lf,high,low,Servora,574d1367,3,20,32,14,FALSE,5,5,32,Male,0,3.909090909090909,3,"Government Bonds, Stock Market, Options, Crowdfunding, Other, ETF or ETC",Black,France,Nigeria,Unemployed (and job seeking)
402,7,evaluation,hq_lf,high,low,Servora,574d1367,1,20,95,14,FALSE,16,4,38,Male,0,3.4545454545454546,3,Crowdfunding,White,United Kingdom,United Kingdom,Full-Time
403,1,evaluation,hq_lf,high,low,Sentyl,0566fd88,2,50,16.8,14,FALSE,42,4,41,Male,3,4.363636363636363,3,"Stock Market, Crowdfunding",White,United Kingdom,United Kingdom,Full-Time
405,2,evaluation,hq_lf,high,low,Paperloom,081e5fb5,2,45,63.3,14,FALSE,91,6,35,Female,2,3.1818181818181817,5,"ETF or ETC, Stock Market, Private Equity fund, Crowdfunding",Mixed,Germany,Germany,Full-Time
406,4,evaluation,hq_lf,high,low,Foliant,fa1fe22c,4,20,45.4,14,FALSE,76,5,43,Female,5,4,3,Private Equity fund,White,United States,United States,Full-Time
407,5,evaluation,hq_lf,high,low,Ironhall,87b7dfe9,3,25,64.7,14,FALSE,65,5,43,Male,7,3.6363636363636362,1,"ETF or ETC, Government Bonds, Stock Market, Private Equity fund, Venture Capital fund",White,United States,United States,Other
409,5,evaluation,hq_lf,high,low,Ironhall,87b7dfe9,1,20,72.4,14,FALSE,80,3,42,Male,1,3.4545454545454546,6,"Government Bonds, Private Equity fund",White,Brazil,Brazil,Full-Time
410,3,evaluation,hq_lf,high,low,Pulsegrid,f5bfffe5,2,20,140,14,FALSE,40,3,66,Male,0,3.1818181818181817,4,Private Equity fund,White,United States,United States,Part-Time
411,7,evaluation,hq_lf,high,low,Servora,574d1367,1,75,102.6,13,FALSE,19,6,44,Male,0,3.090909090909091,4,"Stock Market, Crowdfunding",White,United States,United States,Full-Time
412,8,evaluation,hq_lf,high,low,Axonmesh,e6065b1a,4,50,70.4,14,FALSE,68,6,37,Male,7,3.3636363636363638,5,"Government Bonds, Stock Market, Crowdfunding",White,United Kingdom,United Kingdom,Full-Time
413,7,evaluation,hq_lf,high,low,Servora,574d1367,3,60,98.8,14,FALSE,13,4,56,Male,15,3.5454545454545454,7,"ETF or ETC, Stock Market, Crowdfunding, Options",Asian,United States,United Kingdom,Full-Time
414,8,evaluation,hq_lf,high,low,Axonmesh,e6065b1a,1,30,210.3,14,FALSE,73,5,35,Male,5,4.181818181818182,1,"ETF or ETC, Government Bonds, Stock Market, Options, Private Equity fund, Venture Capital fund",White,United States,United States,Full-Time
415,1,evaluation,hq_lf,high,low,Sentyl,0566fd88,1,25,59.6,14,FALSE,65,5,31,Female,3,5,2,"Government Bonds, Stock Market, Private Equity fund",Black,United Kingdom,Nigeria,Full-Time
416,6,evaluation,hq_lf,high,low,Curato,cbc833b1,2,0,26.7,14,FALSE,65,5,31,Male,3,3.090909090909091,2,"ETF or ETC, Stock Market, Venture Capital fund, Crowdfunding",White,Canada,Canada,Full-Time
419,8,evaluation,hq_lf,high,low,Axonmesh,e6065b1a,1,25,29.4,14,FALSE,58,6,49,Female,1,3.8181818181818183,3,"ETF or ETC, Stock Market, Crowdfunding",White,United States,United States,"Not in paid work (e.g. homemaker', 'retired or disabled)"
420,3,evaluation,hq_lf,high,low,Pulsegrid,f5bfffe5,4,30,151.6,14,FALSE,67,5,28,Female,1,3.3636363636363638,4,"Stock Market, Crowdfunding",Black,United States,United States,Full-Time
421,8,evaluation,hq_lf,high,low,Axonmesh,e6065b1a,1,10,82.1,14,FALSE,26,2,36,Male,5,3.6363636363636362,4,"Government Bonds, Stock Market, Private Equity fund",White,United Kingdom,United Kingdom,Full-Time
422,2,evaluation,hq_lf,high,low,Paperloom,081e5fb5,1,25,174.2,14,FALSE,100,5,66,Male,10,4.454545454545454,5,"ETF or ETC, Stock Market, Government Bonds, Crowdfunding, Private Equity fund, Venture Capital fund",White,United States,United States,Part-Time
424,3,evaluation,hq_lf,high,low,Pulsegrid,f5bfffe5,2,15,128.7,14,FALSE,43,3,59,Female,4,3.6363636363636362,4,"Crowdfunding, Government Bonds",White,United Kingdom,United Kingdom,Full-Time
427,1,evaluation,hq_lf,high,low,Sentyl,0566fd88,4,0,33.5,14,FALSE,0,4,73,Female,12,4.181818181818182,4,"Government Bonds, Stock Market, Private Equity fund, Venture Capital fund",White,United States,United States,"Not in paid work (e.g. homemaker', 'retired or disabled)"
428,7,evaluation,hq_lf,high,low,Servora,574d1367,3,5,119.1,14,FALSE,86,6,33,Male,0,3.4545454545454546,4,"Stock Market, Crowdfunding",Mixed,Brazil,Brazil,Full-Time
429,5,evaluation,hq_lf,high,low,Ironhall,87b7dfe9,4,10,46.7,14,FALSE,79,5,36,Male,1,3.727272727272727,2,"Government Bonds, Stock Market, Crowdfunding",White,United Kingdom,United Kingdom,Full-Time
431,6,evaluation,hq_lf,high,low,Curato,cbc833b1,1,15,52.1,14,FALSE,92,6,35,Male,15,4,4,"ETF or ETC, Government Bonds, Stock Market, Unit trusts, Angel syndicate, Options, Private Equity fund, Venture Capital fund, Crowdfunding, Other",Mixed,Brazil,Brazil,Full-Time
432,8,evaluation,hq_lf,high,low,Axonmesh,e6065b1a,1,30,43.4,14,FALSE,84,5,47,Female,5,4.545454545454546,6,"Government Bonds, Stock Market, Private Equity fund",White,United States,United States,Full-Time
433,1,evaluation,hq_lf,high,low,Sentyl,0566fd88,1,15,212.4,14,FALSE,70,5,42,Female,7,4.090909090909091,5,"Government Bonds, Stock Market, Crowdfunding, Other",White,United Kingdom,United Kingdom,Other
434,2,evaluation,hq_lf,high,low,Paperloom,081e5fb5,3,20,20.4,14,FALSE,46,4,24,Male,1,2.4545454545454546,6,"Stock Market, ETF or ETC, Other, Options, Crowdfunding",Mixed,United Kingdom,United Kingdom,Unemployed (and job seeking)
435,4,evaluation,hq_lf,high,low,Foliant,fa1fe22c,1,60,128.1,14,FALSE,38,6,43,Male,6,3.909090909090909,2,"Government Bonds, Stock Market, Options, Crowdfunding",White,United Kingdom,United Kingdom,Full-Time
437,1,evaluation,hq_lf,high,low,Sentyl,0566fd88,1,30,132.1,14,FALSE,3,6,42,Female,5,4.090909090909091,6,"Stock Market, Private Equity fund",Black,United States,United States,Full-Time
438,6,evaluation,hq_lf,high,low,Curato,cbc833b1,4,50,74.3,14,FALSE,22,7,35,Female,0,3.8181818181818183,7,"Stock Market, Crowdfunding",White,United Kingdom,United Kingdom,Full-Time
441,7,evaluation,hq_lf,high,low,Servora,574d1367,2,40,34.5,14,FALSE,79,7,47,Male,6,4.363636363636363,5,"ETF or ETC, Government Bonds, Stock Market, Private Equity fund, Venture Capital fund",Black,United States,United States,Full-Time
443,4,evaluation,hq_lf,high,low,Foliant,fa1fe22c,4,18,57.6,14,FALSE,57,7,22,Female,4,4.545454545454546,5,"ETF or ETC, Government Bonds, Stock Market, Private Equity fund",Black,United States,United States,Full-Time
444,7,evaluation,hq_lf,high,low,Servora,574d1367,4,0,89.5,14,FALSE,23,3,58,Male,0,4.636363636363637,3,Crowdfunding,White,United States,United States,Full-Time
445,2,evaluation,hq_lf,high,low,Paperloom,081e5fb5,1,20,98.4,14,FALSE,78,6,28,Male,2,4,6,"Private Equity fund, Stock Market, Government Bonds",Black,France,Ghana,Full-Time
446,8,evaluation,hq_lf,high,low,Axonmesh,e6065b1a,3,20,80.1,14,FALSE,9,5,24,Male,5,4.909090909090909,6,"ETF or ETC, Government Bonds, Stock Market, Unit trusts, Options, Angel syndicate, Private Equity fund, Venture Capital fund, Crowdfunding, Other",White,United Kingdom,United Kingdom,Full-Time
447,7,evaluation,hq_lf,high,low,Servora,574d1367,3,20,58.2,14,FALSE,19,3,41,Male,5,3.6363636363636362,5,"Stock Market, ETF or ETC, Government Bonds, Options, Private Equity fund, Unit trusts, Angel syndicate",White,United States,United States,Full-Time
448,3,evaluation,hq_lf,high,low,Pulsegrid,f5bfffe5,1,20,173.7,14,FALSE,86,7,32,Male,2,4.545454545454546,3,"ETF or ETC, Stock Market, Options, Private Equity fund, Crowdfunding, Venture Capital fund",Black,United States,United States,Full-Time
449,5,evaluation,hq_lf,high,low,Ironhall,87b7dfe9,3,40,85.5,14,FALSE,51,5,28,Male,2,3.4545454545454546,2,"ETF or ETC, Government Bonds, Stock Market, Crowdfunding",Asian,United States,United States,Full-Time
450,5,evaluation,hq_lf,high,low,Ironhall,87b7dfe9,2,75,34,8,FALSE,58,3,50,Male,5,3.5454545454545454,5,"Stock Market, Crowdfunding",White,United States,United States,"Not in paid work (e.g. homemaker', 'retired or disabled)"
452,2,evaluation,hq_lf,high,low,Paperloom,081e5fb5,4,35,29.1,14,FALSE,64,5,22,Male,1,3.4545454545454546,5,"Crowdfunding, Stock Market",White,Brazil,Brazil,Unemployed (and job seeking)
453,1,evaluation,hq_lf,high,low,Sentyl,0566fd88,4,25,269.4,14,FALSE,68,6,54,Female,2,3.5454545454545454,2,Crowdfunding,White,United Kingdom,United Kingdom,Part-Time
455,8,evaluation,hq_lf,high,low,Axonmesh,e6065b1a,3,45,49.3,14,FALSE,37,6,31,Female,2,3.8181818181818183,5,"ETF or ETC, Government Bonds, Stock Market, Angel syndicate, Options, Unit trusts, Venture Capital fund, Private Equity fund, Crowdfunding, Other",Black,Canada,Canada,Full-Time
458,1,evaluation,hq_lf,high,low,Sentyl,0566fd88,3,40,80.5,14,FALSE,91,5,37,Male,2,4.2727272727272725,2,"Stock Market, Private Equity fund",White,United Kingdom,United Kingdom,Full-Time
460,4,evaluation,hq_lf,high,low,Foliant,fa1fe22c,2,40,71.2,14,FALSE,100,7,37,Male,7,4.2727272727272725,2,"ETF or ETC, Stock Market, Angel syndicate, Venture Capital fund, Crowdfunding",White,United Kingdom,United Kingdom,Full-Time
461,3,evaluation,hq_lf,high,low,Pulsegrid,f5bfffe5,4,20,112.4,14,FALSE,16,5,31,Female,0,3.272727272727273,5,"Government Bonds, Stock Market, Venture Capital fund",White,United States,United States,Full-Time
462,7,evaluation,hq_lf,high,low,Servora,574d1367,4,10,6.1,14,FALSE,26,4,36,Male,7,3.1818181818181817,6,"ETF or ETC, Stock Market, Venture Capital fund",White,United Kingdom,United Kingdom,Full-Time
463,3,evaluation,hq_lf,high,low,Pulsegrid,f5bfffe5,2,35,77.9,14,FALSE,83,6,23,Female,4,4.636363636363637,4,"Stock Market, Venture Capital fund, Private Equity fund",Black,United States,United States,Full-Time
464,2,evaluation,hq_lf,high,low,Paperloom,081e5fb5,1,0,144.4,14,FALSE,3,2,39,Female,10,3.909090909090909,5,"Crowdfunding, Other",White,United Kingdom,United Kingdom,Full-Time
465,6,evaluation,hq_lf,high,low,Curato,cbc833b1,3,50,44.5,14,FALSE,38,6,39,Female,3,3.3636363636363638,1,"Crowdfunding, Government Bonds",White,United States,United States,"Not in paid work (e.g. homemaker', 'retired or disabled)"
467,6,evaluation,hq_lf,high,low,Curato,cbc833b1,1,30,159.1,14,FALSE,61,4,55,Female,0,3.3636363636363638,2,"Stock Market, Crowdfunding",White,France,Norway,Full-Time
468,1,evaluation,hq_lf,high,low,Sentyl,0566fd88,4,20,6.6,14,FALSE,40,3,35,Male,8,4.090909090909091,6,"Crowdfunding, Stock Market",Black,United Kingdom,United Kingdom,Full-Time
469,3,evaluation,hq_lf,high,low,Pulsegrid,f5bfffe5,3,10,38.7,14,FALSE,35,4,41,Male,5,4.2727272727272725,3,"Government Bonds, Stock Market, ETF or ETC, Venture Capital fund, Unit trusts",Black,United States,United States,Part-Time
470,3,evaluation,hq_lf,high,low,Pulsegrid,f5bfffe5,1,3,235,14,FALSE,20,4,35,Male,5,3.4545454545454546,2,"ETF or ETC, Government Bonds, Stock Market, Unit trusts, Angel syndicate, Options, Private Equity fund, Venture Capital fund, Crowdfunding, Other",Mixed,United States,United States,Full-Time
471,3,evaluation,hq_lf,high,low,Pulsegrid,f5bfffe5,1,35,100.1,14,FALSE,36,6,45,Male,0,2.3636363636363638,4,"ETF or ETC, Stock Market, Crowdfunding",White,United States,United States,Full-Time
474,1,evaluation,hq_lf,high,low,Sentyl,0566fd88,3,25,56.8,14,FALSE,38,3,42,Male,2,3.090909090909091,5,"Government Bonds, ETF or ETC, Stock Market, Options, Private Equity fund, Other",Mixed,Brazil,Brazil,Part-Time
475,5,evaluation,hq_lf,high,low,Ironhall,87b7dfe9,3,0,133.7,14,FALSE,36,5,53,Male,10,3.6363636363636362,5,"ETF or ETC, Stock Market, Unit trusts, Crowdfunding",White,United Kingdom,United Kingdom,Part-Time
476,5,evaluation,hq_lf,high,low,Ironhall,87b7dfe9,4,35,60.2,14,FALSE,31,7,29,Male,2,4.2727272727272725,5,"Stock Market, Private Equity fund",Black,Canada,Canada,Part-Time
477,7,evaluation,hq_lf,high,low,Servora,574d1367,4,5,71,14,FALSE,8,3,40,Male,10,3.909090909090909,5,"ETF or ETC, Stock Market, Government Bonds, Options, Private Equity fund",Mixed,United States,United States,Full-Time
479,4,evaluation,hq_lf,high,low,Foliant,fa1fe22c,2,60,73.8,13,FALSE,92,7,21,Male,1,3.6363636363636362,2,"ETF or ETC, Stock Market, Private Equity fund, Government Bonds",White,United Kingdom,United Kingdom,Full-Time
480,7,evaluation,hq_lf,high,low,Servora,574d1367,1,20,45,14,FALSE,54,6,30,Female,3,4.545454545454546,6,"ETF or ETC, Stock Market, Crowdfunding, Private Equity fund",Asian,United Kingdom,United Kingdom,Part-Time
481,8,evaluation,hq_lf,high,low,Axonmesh,e6065b1a,3,10,34.5,14,FALSE,25,2,45,Male,5,4.454545454545454,1,"ETF or ETC, Government Bonds, Stock Market, Unit trusts, Private Equity fund, Crowdfunding",Black,Canada,Canada,Full-Time
483,1,evaluation,hq_lf,high,low,Sentyl,0566fd88,3,40,113,14,FALSE,99,7,37,Male,3,5,4,"Stock Market, Private Equity fund, Other, Government Bonds, Options",Asian,India,India,Full-Time
485,5,evaluation,hq_lf,high,low,Ironhall,87b7dfe9,1,10,85,14,FALSE,37,3,34,Male,2,3.1818181818181817,4,"Stock Market, Venture Capital fund, Crowdfunding, ETF or ETC",Black,United States,United States,Part-Time
486,5,evaluation,hq_lf,high,low,Ironhall,87b7dfe9,4,30,51.7,14,FALSE,81,6,46,Female,2,4.545454545454546,3,"Government Bonds, Private Equity fund",Asian,India,India,Unemployed (and job seeking)
487,4,evaluation,hq_lf,high,low,Foliant,fa1fe22c,3,50,122.6,14,FALSE,63,6,45,Female,0,3.909090909090909,7,"ETF or ETC, Stock Market, Crowdfunding",White,United Kingdom,United Kingdom,Part-Time
491,4,evaluation,hq_lf,high,low,Foliant,fa1fe22c,1,25,514.9,14,FALSE,35,6,25,Female,3,4.545454545454546,2,"ETF or ETC, Crowdfunding, Stock Market, Venture Capital fund, Options",Black,United States,Nigeria,Full-Time
493,8,evaluation,hq_lf,high,low,Axonmesh,e6065b1a,4,25,62.6,14,FALSE,52,5,53,Female,8,3.727272727272727,2,"Stock Market, ETF or ETC, Private Equity fund",White,United States,United States,Full-Time
495,3,evaluation,hq_lf,high,low,Pulsegrid,f5bfffe5,3,20,307.3,14,FALSE,36,3,34,Male,1,3.8181818181818183,1,"Stock Market, Crowdfunding, Options, Private Equity fund",White,United States,United States,Full-Time
497,1,evaluation,hq_lf,high,low,Sentyl,0566fd88,3,40,48.8,14,FALSE,51,5,32,Male,1,4.2727272727272725,7,"Government Bonds, Crowdfunding",Black,United States,Kenya,Part-Time
499,5,evaluation,hq_lf,high,low,Ironhall,87b7dfe9,3,25,74.8,14,FALSE,92,7,31,Male,7,4.090909090909091,1,"ETF or ETC, Stock Market, Unit trusts, Angel syndicate, Private Equity fund",White,United States,United States,Full-Time
500,8,evaluation,hq_lf,high,low,Axonmesh,e6065b1a,3,15,85.7,14,FALSE,37,3,59,Male,3,3.3636363636363638,3,"ETF or ETC, Stock Market, Unit trusts, Crowdfunding",White,United Kingdom,United Kingdom,Full-Time
501,6,evaluation,hq_lf,high,low,Curato,cbc833b1,4,25,55.3,14,FALSE,71,4,25,Male,2,3,1,"ETF or ETC, Stock Market, Private Equity fund, Crowdfunding",Asian,United Kingdom,United Kingdom,Unemployed (and job seeking)
502,7,evaluation,hq_lf,high,low,Servora,574d1367,3,NA,46.8,14,TRUE,35,3,37,Male,0,4.181818181818182,2,"ETF or ETC, Government Bonds, Stock Market, Options, Private Equity fund, Venture Capital fund, Crowdfunding",White,United States,United States,Full-Time
503,7,evaluation,hq_lf,high,low,Servora,574d1367,3,25,185.5,14,FALSE,48,6,29,Female,0,3.6363636363636362,3,"Government Bonds, Crowdfunding",Black,United Kingdom,United Kingdom,Part-Time
505,3,evaluation,hq_lf,high,low,Pulsegrid,f5bfffe5,3,30,205.4,14,FALSE,81,6,39,Female,4,2.909090909090909,6,"Stock Market, Unit trusts, Other, Venture Capital fund",Black,Canada,Canada,Full-Time
507,5,evaluation,hq_lf,high,low,Ironhall,87b7dfe9,1,15,8.3,14,FALSE,21,2,25,Female,1,3.909090909090909,3,"Stock Market, Crowdfunding, Unit trusts, ETF or ETC, Private Equity fund",Asian,United Kingdom,United Kingdom,Full-Time
511,7,evaluation,hq_lf,high,low,Servora,574d1367,1,40,198.4,14,FALSE,72,5,32,Male,7,3.4545454545454546,5,"Stock Market, Private Equity fund, Crowdfunding, Venture Capital fund",Black,United Kingdom,United Kingdom,Full-Time
513,1,evaluation,hq_lf,high,low,Sentyl,0566fd88,3,30,76.4,14,FALSE,26,4,30,Male,5,3.8181818181818183,5,"ETF or ETC, Government Bonds, Stock Market, Angel syndicate",Black,United States,United States,Part-Time
518,6,evaluation,hq_lf,high,low,Curato,cbc833b1,2,100,61.2,14,FALSE,5,2,27,Male,0,4.181818181818182,5,"ETF or ETC, Stock Market, Private Equity fund",Mixed,United Kingdom,Turkey,Full-Time
521,5,evaluation,hq_lf,high,low,Ironhall,87b7dfe9,2,25,104.8,14,FALSE,63,5,38,Male,2,3.6363636363636362,5,"Government Bonds, ETF or ETC, Stock Market, Crowdfunding, Private Equity fund, Options",White,Canada,Canada,Full-Time
1,3,evaluation,lq_lf,low,low,Paperloom,e20d4e90,4,5,41,14,FALSE,23,2,31,Male,0,3.272727272727273,6,"ETF or ETC, Stock Market, Government Bonds, Crowdfunding",White,Germany,Germany,Full-Time
2,4,evaluation,lq_lf,low,low,Pulsegrid,e7f29679,1,10,46.1,14,FALSE,13,3,54,Female,5,3.4545454545454546,3,"Stock Market, Crowdfunding, Other",White,United Kingdom,United Kingdom,Other
3,7,evaluation,lq_lf,low,low,Curato,14efa601,3,20,43.2,14,FALSE,16,3,39,Female,2,2.727272727272727,5,"ETF or ETC, Stock Market, Crowdfunding",White,United Kingdom,United Kingdom,Unemployed (and job seeking)
4,6,evaluation,lq_lf,low,low,Ironhall,817f1201,1,15,49.5,13,FALSE,74,4,47,Male,10,4.181818181818182,4,"Government Bonds, Stock Market, Crowdfunding",White,United States,United States,Full-Time
5,5,evaluation,lq_lf,low,low,Foliant,3eed90b1,3,10,17.2,14,FALSE,87,2,36,Male,1,2.909090909090909,1,"ETF or ETC, Government Bonds, Stock Market, Options, Crowdfunding, Other",White,Germany,Germany,Full-Time
6,7,evaluation,lq_lf,low,low,Curato,14efa601,1,25,70.5,14,FALSE,56,5,22,Female,1,3.4545454545454546,4,"Unit trusts, Stock Market, ETF or ETC, Options, Government Bonds, Crowdfunding",Asian,Singapore,Singapore,Unemployed (and job seeking)
9,5,evaluation,lq_lf,low,low,Foliant,3eed90b1,2,10,11.7,4,FALSE,6,2,40,Female,0,4,6,"Stock Market, Crowdfunding",White,United States,United States,Full-Time
10,3,evaluation,lq_lf,low,low,Paperloom,e20d4e90,2,0,22.8,14,FALSE,69,3,31,Male,4,3.909090909090909,3,"ETF or ETC, Stock Market, Unit trusts, Options, Private Equity fund, Venture Capital fund",White,United Kingdom,United Kingdom,Full-Time
11,6,evaluation,lq_lf,low,low,Ironhall,817f1201,2,70,17.5,14,FALSE,53,6,44,Male,8,4.2727272727272725,1,"Government Bonds, Stock Market, Options, Venture Capital fund",Black,United States,United States,Full-Time
12,8,evaluation,lq_lf,low,low,Servora,e06655dc,2,5,37.3,14,FALSE,72,5,41,Male,2,3,3,"ETF or ETC, Government Bonds, Crowdfunding, Other, Stock Market",White,United Kingdom,United Kingdom,"Not in paid work (e.g. homemaker', 'retired or disabled)"
13,1,evaluation,lq_lf,low,low,Axonmesh,c7e2221f,1,20,86.7,14,FALSE,27,5,37,Female,1,2.727272727272727,7,"Stock Market, Crowdfunding, Other",White,France,France,Full-Time
14,8,evaluation,lq_lf,low,low,Servora,e06655dc,2,0,49.8,14,FALSE,27,5,37,Male,4,3.8181818181818183,2,"Government Bonds, Stock Market, Crowdfunding",White,United States,United States,Unemployed (and job seeking)
15,2,evaluation,lq_lf,low,low,Sentyl,bfc6f4d0,3,25,16.3,14,FALSE,30,5,22,Male,4,4.363636363636363,7,"Options, Angel syndicate, Unit trusts, Stock Market, Government Bonds, ETF or ETC, Crowdfunding",Asian,India,India,Full-Time
16,5,evaluation,lq_lf,low,low,Foliant,3eed90b1,1,10,66.4,14,FALSE,17,4,68,Male,0,3.5454545454545454,6,"Stock Market, Private Equity fund",White,United States,United States,"Not in paid work (e.g. homemaker', 'retired or disabled)"
17,2,evaluation,lq_lf,low,low,Sentyl,bfc6f4d0,2,15,72.6,14,FALSE,76,5,31,Male,4,3.727272727272727,5,"Stock Market, Private Equity fund, Crowdfunding, Venture Capital fund, Government Bonds, ETF or ETC, Unit trusts",Black,United Kingdom,United Kingdom,Part-Time
18,4,evaluation,lq_lf,low,low,Pulsegrid,e7f29679,4,5,45.6,14,FALSE,27,3,33,Female,2,4.454545454545454,4,"Options, Crowdfunding, Stock Market, Government Bonds, ETF or ETC",White,United Kingdom,Hungary,Full-Time
19,3,evaluation,lq_lf,low,low,Paperloom,e20d4e90,4,15,43.1,14,FALSE,10,2,33,Female,4,4.090909090909091,6,"Stock Market, Crowdfunding, Government Bonds",White,United Kingdom,United Kingdom,Full-Time
21,1,evaluation,lq_lf,low,low,Axonmesh,c7e2221f,3,35,33.6,14,FALSE,66,4,39,Male,0,3.272727272727273,3,"Stock Market, Crowdfunding",White,United States,United States,Part-Time
22,1,evaluation,lq_lf,low,low,Axonmesh,c7e2221f,3,20,7.3,14,FALSE,1,4,48,Male,0,4.090909090909091,3,"Stock Market, Private Equity fund, Crowdfunding",White,United States,United States,Full-Time
23,1,evaluation,lq_lf,low,low,Axonmesh,c7e2221f,4,20,36.3,14,FALSE,57,5,43,Female,2,4.363636363636363,3,"ETF or ETC, Stock Market, Government Bonds, Crowdfunding",Black,United States,United States,Full-Time
24,4,evaluation,lq_lf,low,low,Pulsegrid,e7f29679,3,30,47.3,14,FALSE,100,6,37,Male,2,3.909090909090909,1,"ETF or ETC, Stock Market, Private Equity fund",Asian,Germany,Germany,Part-Time
25,8,evaluation,lq_lf,low,low,Servora,e06655dc,4,30,70.9,14,FALSE,13,6,59,Female,10,3.8181818181818183,2,Crowdfunding,Other,United Kingdom,United States,NA
27,6,evaluation,lq_lf,low,low,Ironhall,817f1201,3,15,43.2,14,FALSE,0,1,36,Male,2,3.909090909090909,5,"ETF or ETC, Government Bonds, Stock Market, Private Equity fund, Crowdfunding, Venture Capital fund, Options",Black,United States,United States,Full-Time
29,6,evaluation,lq_lf,low,low,Ironhall,817f1201,2,25,12.4,14,FALSE,21,4,49,Female,0,2.4545454545454546,4,"ETF or ETC, Crowdfunding",White,United Kingdom,United Kingdom,Full-Time
31,5,evaluation,lq_lf,low,low,Foliant,3eed90b1,2,25,48,14,FALSE,51,4,37,Male,2,4,2,"Stock Market, Private Equity fund, Government Bonds",Black,United Kingdom,United Kingdom,Full-Time
32,6,evaluation,lq_lf,low,low,Ironhall,817f1201,1,15,52.2,14,FALSE,79,3,33,Male,4,3.272727272727273,1,Private Equity fund,White,Brazil,Brazil,Full-Time
33,7,evaluation,lq_lf,low,low,Curato,14efa601,3,25,32,1,FALSE,72,5,31,Male,2,3.8181818181818183,3,"ETF or ETC, Government Bonds, Stock Market, Private Equity fund, Venture Capital fund",White,Canada,Canada,Full-Time
34,8,evaluation,lq_lf,low,low,Servora,e06655dc,1,5,81.7,14,FALSE,30,2,31,Male,2,3,4,"Stock Market, Crowdfunding",White,United Kingdom,United Kingdom,Full-Time
35,6,evaluation,lq_lf,low,low,Ironhall,817f1201,4,40,54.5,14,FALSE,35,4,36,Female,8,3.727272727272727,4,Crowdfunding,Black,United Kingdom,United Kingdom,Unemployed (and job seeking)
38,6,evaluation,lq_lf,low,low,Ironhall,817f1201,2,25,4.7,14,FALSE,78,4,31,Male,5,3.6363636363636362,5,"Government Bonds, ETF or ETC, Stock Market, Unit trusts, Angel syndicate, Options, Private Equity fund, Venture Capital fund, Crowdfunding",Black,United States,United States,Full-Time
39,8,evaluation,lq_lf,low,low,Servora,e06655dc,2,25,19.9,14,FALSE,29,6,25,Female,2,4.454545454545454,4,"Government Bonds, Stock Market, Private Equity fund, Crowdfunding",Black,United States,United States,Full-Time
41,7,evaluation,lq_lf,low,low,Curato,14efa601,3,10,73.4,14,FALSE,41,4,57,Male,0,3.272727272727273,2,"Stock Market, Crowdfunding, ETF or ETC, Options, Other",White,United States,United States,Full-Time
42,1,evaluation,lq_lf,low,low,Axonmesh,c7e2221f,1,35,74.8,12,FALSE,42,3,55,Female,0,3.272727272727273,2,"Stock Market, Private Equity fund",White,United Kingdom,United Kingdom,Part-Time
43,7,evaluation,lq_lf,low,low,Curato,14efa601,4,0,19.6,14,FALSE,51,3,65,Female,10,4,5,"ETF or ETC, Government Bonds, Stock Market, Unit trusts, Private Equity fund",White,United States,United States,Full-Time
44,7,evaluation,lq_lf,low,low,Curato,14efa601,1,20,109.4,13,FALSE,56,5,21,Male,1,3.8181818181818183,5,"Stock Market, Crowdfunding, ETF or ETC",White,United Kingdom,United Kingdom,Part-Time
45,6,evaluation,lq_lf,low,low,Ironhall,817f1201,4,25,4.1,1,FALSE,45,4,49,Male,9,4.090909090909091,5,"ETF or ETC, Stock Market, Government Bonds, Private Equity fund, Crowdfunding, Venture Capital fund",White,United Kingdom,United Kingdom,Full-Time
46,4,evaluation,lq_lf,low,low,Pulsegrid,e7f29679,3,30,130.6,14,FALSE,44,3,34,Male,11,3.4545454545454546,2,"ETF or ETC, Government Bonds, Stock Market, Private Equity fund, Angel syndicate, Venture Capital fund, Crowdfunding",White,United Kingdom,United Kingdom,Full-Time
47,3,evaluation,lq_lf,low,low,Paperloom,e20d4e90,2,0,54.3,14,FALSE,13,2,34,Male,2,2.1818181818181817,5,"Stock Market, ETF or ETC, Government Bonds, Unit trusts, Angel syndicate, Options, Private Equity fund, Venture Capital fund, Crowdfunding, Other",White,United Kingdom,United Kingdom,Full-Time
49,4,evaluation,lq_lf,low,low,Pulsegrid,e7f29679,3,0,76.1,14,FALSE,49,2,29,Male,3,2.727272727272727,5,"Stock Market, Crowdfunding, Other",Mixed,United Kingdom,United Kingdom,Part-Time
50,1,evaluation,lq_lf,low,low,Axonmesh,c7e2221f,3,40,89.3,14,FALSE,22,7,35,Male,0,4.363636363636363,5,"Stock Market, Crowdfunding",Asian,United Kingdom,United Kingdom,Full-Time
51,8,evaluation,lq_lf,low,low,Servora,e06655dc,2,15,74.6,14,FALSE,13,5,32,Male,2,4.636363636363637,5,"ETF or ETC, Government Bonds, Stock Market, Venture Capital fund",White,United States,United States,Part-Time
53,7,evaluation,lq_lf,low,low,Curato,14efa601,1,30,83.1,14,FALSE,25,4,39,Male,0,3.8181818181818183,3,"Stock Market, Options, Crowdfunding",White,United States,United States,Full-Time
54,1,evaluation,lq_lf,low,low,Axonmesh,c7e2221f,1,0,57.4,11,FALSE,12,3,31,Male,5,3.4545454545454546,2,"Options, Crowdfunding, Stock Market, Government Bonds, ETF or ETC",White,United States,United States,Part-Time
57,3,evaluation,lq_lf,low,low,Paperloom,e20d4e90,1,0,149.9,14,FALSE,5,1,29,Male,1,3.5454545454545454,6,"Crowdfunding, Venture Capital fund, Private Equity fund, Options, Stock Market, Government Bonds, ETF or ETC",Black,United Kingdom,Netherlands,Full-Time
59,7,evaluation,lq_lf,low,low,Curato,14efa601,1,0,25.1,14,FALSE,0,1,34,Male,10,3.909090909090909,6,"ETF or ETC, Government Bonds, Stock Market, Options, Private Equity fund, Crowdfunding, Other",Asian,United Kingdom,United Kingdom,Full-Time
60,1,evaluation,lq_lf,low,low,Axonmesh,c7e2221f,1,4,117,14,FALSE,18,3,39,Male,2,3,1,"Stock Market, Private Equity fund",White,United States,United States,Full-Time
61,2,evaluation,lq_lf,low,low,Sentyl,bfc6f4d0,1,25,131.6,14,FALSE,41,4,27,Male,1,3.1818181818181817,5,"Stock Market, Options, Angel syndicate, Private Equity fund, Government Bonds, ETF or ETC, Unit trusts, Crowdfunding",Asian,India,India,Part-Time
62,6,evaluation,lq_lf,low,low,Ironhall,817f1201,3,15,186.8,14,FALSE,91,4,44,Female,0,3,3,"ETF or ETC, Stock Market, Crowdfunding",White,United States,United States,Full-Time
63,2,evaluation,lq_lf,low,low,Sentyl,bfc6f4d0,2,20,41.6,14,FALSE,30,4,28,Female,4,4.2727272727272725,6,"Stock Market, ETF or ETC, Private Equity fund, Government Bonds",Black,Canada,Canada,Full-Time
64,2,evaluation,lq_lf,low,low,Sentyl,bfc6f4d0,1,75,12.8,14,FALSE,0,4,68,Female,0,3.1818181818181817,1,"Government Bonds, Crowdfunding",Other,United States,United States,"Not in paid work (e.g. homemaker', 'retired or disabled)"
65,4,evaluation,lq_lf,low,low,Pulsegrid,e7f29679,2,40,144.2,14,FALSE,80,6,39,Male,0,4,1,"ETF or ETC, Government Bonds, Stock Market, Private Equity fund, Crowdfunding",Black,United States,United States,Unemployed (and job seeking)
66,8,evaluation,lq_lf,low,low,Servora,e06655dc,3,0,115.7,14,FALSE,100,5,53,Male,10,4.181818181818182,1,"ETF or ETC, Stock Market, Venture Capital fund, Crowdfunding",White,United Kingdom,United Kingdom,Full-Time
68,3,evaluation,lq_lf,low,low,Paperloom,e20d4e90,2,20,6.2,14,FALSE,33,3,38,Male,8,4,4,"ETF or ETC, Government Bonds, Stock Market, Unit trusts, Options, Private Equity fund, Venture Capital fund, Crowdfunding",White,Brazil,Brazil,Part-Time
69,5,evaluation,lq_lf,low,low,Foliant,3eed90b1,4,20,137.4,14,FALSE,48,3,26,Female,0,3.6363636363636362,1,"ETF or ETC, Government Bonds, Stock Market, Options, Private Equity fund, Venture Capital fund, Crowdfunding",White,United Kingdom,United Kingdom,Other
71,1,evaluation,lq_lf,low,low,Axonmesh,c7e2221f,4,25,58.6,14,FALSE,24,2,60,Male,0,4.181818181818182,3,"Government Bonds, Stock Market, Crowdfunding",White,United States,United States,"Not in paid work (e.g. homemaker', 'retired or disabled)"
72,6,evaluation,lq_lf,low,low,Ironhall,817f1201,4,15,39.8,14,FALSE,44,3,21,Male,1,3.090909090909091,5,"ETF or ETC, Stock Market, Government Bonds, Unit trusts, Options, Angel syndicate, Private Equity fund, Venture Capital fund, Crowdfunding",White,France,France,Part-Time
74,2,evaluation,lq_lf,low,low,Sentyl,bfc6f4d0,3,10,93.6,14,FALSE,13,4,28,Female,0,3.090909090909091,4,"Stock Market, Options, Crowdfunding",Asian,United States,United States,Unemployed (and job seeking)
75,2,evaluation,lq_lf,low,low,Sentyl,bfc6f4d0,3,20,67.7,14,FALSE,29,5,30,Male,6,3.8181818181818183,2,"ETF or ETC, Stock Market, Options, Private Equity fund, Government Bonds, Crowdfunding",White,Brazil,Brazil,Full-Time
77,3,evaluation,lq_lf,low,low,Paperloom,e20d4e90,3,50,57.4,14,FALSE,23,3,64,Female,10,4.090909090909091,6,"Government Bonds, Crowdfunding",White,United Kingdom,United Kingdom,Full-Time
78,3,evaluation,lq_lf,low,low,Paperloom,e20d4e90,2,15,92.4,14,FALSE,37,4,50,Male,15,3.909090909090909,5,"Government Bonds, Stock Market, Private Equity fund, Crowdfunding",White,France,France,Full-Time
80,4,evaluation,lq_lf,low,low,Pulsegrid,e7f29679,4,10,47.6,14,FALSE,38,3,70,Male,10,3.6363636363636362,3,"Government Bonds, Stock Market, Private Equity fund",White,United Kingdom,United Kingdom,"Not in paid work (e.g. homemaker', 'retired or disabled)"
82,5,evaluation,lq_lf,low,low,Foliant,3eed90b1,4,30,22.3,14,FALSE,55,4,26,Male,3,4.2727272727272725,1,"ETF or ETC, Stock Market, Government Bonds, Options, Crowdfunding",Mixed,United Kingdom,United Kingdom,Full-Time
83,6,evaluation,lq_lf,low,low,Ironhall,817f1201,2,4,68.1,14,FALSE,77,7,36,Female,1,4.7272727272727275,1,"Government Bonds, Crowdfunding",White,United Kingdom,United Kingdom,Full-Time
84,5,evaluation,lq_lf,low,low,Foliant,3eed90b1,1,20,63.7,14,FALSE,24,3,36,Male,2,3.3636363636363638,5,"Government Bonds, Stock Market, Options, Venture Capital fund, Crowdfunding",White,United States,United States,Unemployed (and job seeking)
85,8,evaluation,lq_lf,low,low,Servora,e06655dc,3,5,77.6,14,FALSE,39,4,41,Male,10,3.6363636363636362,4,"Government Bonds, Stock Market, Options, Private Equity fund, Venture Capital fund",Asian,United Kingdom,United Kingdom,Full-Time
86,8,evaluation,lq_lf,low,low,Servora,e06655dc,1,10,42.6,14,FALSE,27,3,43,Male,10,3.3636363636363638,5,"Stock Market, ETF or ETC, Private Equity fund, Venture Capital fund, Crowdfunding",White,United Kingdom,United Kingdom,Full-Time
88,1,evaluation,lq_lf,low,low,Axonmesh,c7e2221f,3,20,31.5,14,FALSE,100,3,55,Male,20,2.6363636363636362,1,"Stock Market, ETF or ETC, Crowdfunding, Other",White,United States,United States,Other
89,4,evaluation,lq_lf,low,low,Pulsegrid,e7f29679,1,40,89.6,14,FALSE,57,4,22,Male,0,3.1818181818181817,6,"Crowdfunding, Stock Market, Government Bonds",White,United Kingdom,United Kingdom,Full-Time
90,3,evaluation,lq_lf,low,low,Paperloom,e20d4e90,3,20,39.1,14,FALSE,78,4,32,Female,5,4.090909090909091,1,"Stock Market, Private Equity fund, Crowdfunding, Venture Capital fund",Black,United Kingdom,Nigeria,Full-Time
92,3,evaluation,lq_lf,low,low,Paperloom,e20d4e90,3,15,145.7,14,FALSE,61,4,50,Male,5,4.545454545454546,1,"Stock Market, Venture Capital fund, Crowdfunding, Government Bonds",White,United States,United States,Full-Time
93,7,evaluation,lq_lf,low,low,Curato,14efa601,4,30,19.4,14,FALSE,41,6,33,Male,2,3.3636363636363638,4,"Stock Market, Other, Private Equity fund",Black,United States,United States,Full-Time
94,8,evaluation,lq_lf,low,low,Servora,e06655dc,1,30,6.5,14,FALSE,80,6,31,Male,4,3.4545454545454546,5,"Government Bonds, Private Equity fund, Venture Capital fund",Black,United Kingdom,Nigeria,Full-Time
96,8,evaluation,lq_lf,low,low,Servora,e06655dc,4,25,41.6,14,FALSE,76,7,39,Male,4,4.2727272727272725,2,"Stock Market, Private Equity fund, Crowdfunding, Venture Capital fund",Black,United States,Nigeria,Part-Time
97,2,evaluation,lq_lf,low,low,Sentyl,bfc6f4d0,1,30,15.3,14,FALSE,69,6,40,Male,0,4.818181818181818,2,"ETF or ETC, Government Bonds, Stock Market, Options, Private Equity fund",Asian,United States,United States,Full-Time
98,5,evaluation,lq_lf,low,low,Foliant,3eed90b1,4,10,80.9,14,FALSE,27,3,42,Male,0,3.6363636363636362,3,"Stock Market, Crowdfunding",White,United States,United States,Full-Time
99,7,evaluation,lq_lf,low,low,Curato,14efa601,3,0,75.3,14,FALSE,88,3,36,Other,18,3.909090909090909,3,"ETF or ETC, Stock Market, Crowdfunding",White,United States,United States,Full-Time
102,6,evaluation,lq_lf,low,low,Ironhall,817f1201,3,35,133.9,14,FALSE,19,5,38,Male,1,3.1818181818181817,5,"ETF or ETC, Government Bonds, Unit trusts, Crowdfunding, Venture Capital fund, Stock Market",White,United Kingdom,United Kingdom,Full-Time
103,7,evaluation,lq_lf,low,low,Curato,14efa601,2,15,58.4,14,FALSE,22,3,36,Male,1,3,4,"ETF or ETC, Private Equity fund",Black,Canada,South Africa,Full-Time
104,4,evaluation,lq_lf,low,low,Pulsegrid,e7f29679,3,5,80,14,FALSE,9,2,39,Male,2,4,4,"Government Bonds, Stock Market, Crowdfunding",White,United States,United States,Full-Time
105,2,evaluation,lq_lf,low,low,Sentyl,bfc6f4d0,2,0,121.8,14,FALSE,24,2,54,Female,10,3.5454545454545454,5,"ETF or ETC, Stock Market, Government Bonds, Options, Private Equity fund",White,United Kingdom,United Kingdom,NA
106,5,evaluation,lq_lf,low,low,Foliant,3eed90b1,4,10,19.7,14,FALSE,98,6,32,Male,3,4.363636363636363,2,"Stock Market, ETF or ETC, Private Equity fund",White,United States,United States,Part-Time
107,3,evaluation,lq_lf,low,low,Paperloom,e20d4e90,4,10,13.8,14,FALSE,0,1,21,Female,2,5,4,"Government Bonds, Stock Market, Venture Capital fund, Crowdfunding, Private Equity fund, Angel syndicate, Unit trusts, Options, ETF or ETC",Black,United States,United States,Full-Time
108,7,evaluation,lq_lf,low,low,Curato,14efa601,3,10,69.9,14,FALSE,57,2,30,Male,5,4.090909090909091,3,"ETF or ETC, Government Bonds, Stock Market, Options, Crowdfunding, Other",Asian,India,India,Full-Time
109,3,evaluation,lq_lf,low,low,Paperloom,e20d4e90,3,20,74.8,14,FALSE,50,5,28,Female,4,5,1,"ETF or ETC, Stock Market, Crowdfunding, Private Equity fund, Government Bonds",Black,United States,United States,Unemployed (and job seeking)
110,3,evaluation,lq_lf,low,low,Paperloom,e20d4e90,2,0,41.6,14,FALSE,15,2,47,Male,0,3.272727272727273,2,"Private Equity fund, ETF or ETC, Stock Market",White,United States,United States,Part-Time
111,3,evaluation,lq_lf,low,low,Paperloom,e20d4e90,1,20,42.9,14,FALSE,10,2,31,Female,5,4.181818181818182,1,"ETF or ETC, Unit trusts, Options, Angel syndicate, Stock Market, Private Equity fund, Crowdfunding, Venture Capital fund",Black,United States,United States,Full-Time
112,5,evaluation,lq_lf,low,low,Foliant,3eed90b1,4,30,102.5,14,FALSE,22,3,59,Male,3,3.5454545454545454,5,"ETF or ETC, Government Bonds, Stock Market, Options, Crowdfunding, Other",Mixed,United States,United States,"Not in paid work (e.g. homemaker', 'retired or disabled)"
114,3,evaluation,lq_lf,low,low,Paperloom,e20d4e90,1,25,36.9,14,FALSE,52,4,43,Female,1,2.4545454545454546,2,"Stock Market, Crowdfunding",White,United States,United States,Full-Time
115,2,evaluation,lq_lf,low,low,Sentyl,bfc6f4d0,4,15,84.6,14,FALSE,38,4,33,Male,0,3.8181818181818183,3,Crowdfunding,White,United Kingdom,United Kingdom,Part-Time
116,5,evaluation,lq_lf,low,low,Foliant,3eed90b1,4,35,140.2,14,FALSE,71,6,53,Female,0,2.4545454545454546,5,"Stock Market, Options, Crowdfunding",Mixed,United States,France,Full-Time
119,4,evaluation,lq_lf,low,low,Pulsegrid,e7f29679,3,45,49.8,14,FALSE,0,1,22,Male,4,4.090909090909091,1,"ETF or ETC, Private Equity fund, Government Bonds, Other",White,Brazil,Brazil,Full-Time
120,5,evaluation,lq_lf,low,low,Foliant,3eed90b1,1,30,16.4,14,FALSE,73,4,27,Female,4,3.4545454545454546,5,"Stock Market, Private Equity fund, Crowdfunding",Black,United Kingdom,United Kingdom,Unemployed (and job seeking)
121,7,evaluation,lq_lf,low,low,Curato,14efa601,1,10,83.3,14,FALSE,14,4,49,Female,0,3,4,"Crowdfunding, Stock Market",White,United States,United States,Full-Time
122,8,evaluation,lq_lf,low,low,Servora,e06655dc,1,20,73.4,14,FALSE,39,4,60,Female,15,3.4545454545454546,3,Crowdfunding,White,United Kingdom,United Kingdom,Full-Time
123,4,evaluation,lq_lf,low,low,Pulsegrid,e7f29679,1,15,105.8,14,FALSE,12,2,54,Male,3,4.090909090909091,5,"Government Bonds, Stock Market, Crowdfunding",Asian,India,India,Full-Time
124,6,evaluation,lq_lf,low,low,Ironhall,817f1201,3,5,121.4,14,FALSE,35,3,53,Male,5,4.363636363636363,3,"ETF or ETC, Stock Market, Crowdfunding",White,United Kingdom,United Kingdom,Full-Time
125,8,evaluation,lq_lf,low,low,Servora,e06655dc,3,30,40.8,14,FALSE,100,7,35,Male,3,4.2727272727272725,1,"Unit trusts, Stock Market, Venture Capital fund",Black,United States,United States,Unemployed (and job seeking)
127,2,evaluation,lq_lf,low,low,Sentyl,bfc6f4d0,2,5,96.3,14,FALSE,35,5,26,Male,0,3.4545454545454546,3,"Stock Market, Crowdfunding",White,United Kingdom,United Kingdom,Other
128,5,evaluation,lq_lf,low,low,Foliant,3eed90b1,1,95,140.3,14,FALSE,83,5,36,Male,5,4.090909090909091,1,"Stock Market, Crowdfunding",White,United States,United States,Part-Time
129,4,evaluation,lq_lf,low,low,Pulsegrid,e7f29679,2,10,34.4,14,FALSE,64,4,30,Female,4,3.8181818181818183,3,"Private Equity fund, Government Bonds, Stock Market",White,United Kingdom,Poland,NA
132,3,evaluation,lq_lf,low,low,Paperloom,e20d4e90,3,25,6.5,3,FALSE,25,4,65,Male,0,3.727272727272727,1,"ETF or ETC, Government Bonds, Stock Market, Crowdfunding",White,United States,United States,Part-Time
133,3,evaluation,lq_lf,low,low,Paperloom,e20d4e90,2,0,64.2,14,FALSE,26,3,25,Male,0,4,1,"Stock Market, Government Bonds, ETF or ETC, Crowdfunding",Mixed,United Kingdom,United Kingdom,Full-Time
136,1,evaluation,lq_lf,low,low,Axonmesh,c7e2221f,1,15,114.7,14,FALSE,37,2,38,Male,1,2.3636363636363638,6,Crowdfunding,White,United States,United States,Full-Time
137,7,evaluation,lq_lf,low,low,Curato,14efa601,3,22,32.9,14,FALSE,71,6,29,Male,2,4.090909090909091,2,"Crowdfunding, Venture Capital fund, Stock Market, Other",Asian,India,India,Part-Time
138,5,evaluation,lq_lf,low,low,Foliant,3eed90b1,4,34,8.9,14,FALSE,64,4,22,Male,3,4.2727272727272725,3,"Government Bonds, Stock Market, Crowdfunding, Private Equity fund",Black,United States,United States,Full-Time
140,1,evaluation,lq_lf,low,low,Axonmesh,c7e2221f,4,20,126.7,14,FALSE,39,5,23,Female,1,3,6,"ETF or ETC, Stock Market, Options, Crowdfunding, Government Bonds",White,United States,Romania,Full-Time
141,7,evaluation,lq_lf,low,low,Curato,14efa601,3,30,55,14,FALSE,61,5,44,Male,10,3.4545454545454546,3,"Government Bonds, Stock Market, Private Equity fund",Black,United States,United States,Full-Time
144,4,evaluation,lq_lf,low,low,Pulsegrid,e7f29679,1,15,9.7,14,FALSE,59,4,47,Female,2,2.8181818181818183,4,"Stock Market, Government Bonds, Private Equity fund, Crowdfunding",Black,United States,United States,Full-Time
145,1,evaluation,lq_lf,low,low,Axonmesh,c7e2221f,2,50,42,13,FALSE,33,6,39,Male,2,4.181818181818182,1,"Stock Market, Options, Crowdfunding",White,United Kingdom,United Kingdom,Full-Time
146,1,evaluation,lq_lf,low,low,Axonmesh,c7e2221f,4,0,177.5,14,FALSE,87,6,36,Male,0,3.5454545454545454,2,"Stock Market, Government Bonds, Crowdfunding",White,United Kingdom,United Kingdom,Full-Time
147,1,evaluation,lq_lf,low,low,Axonmesh,c7e2221f,1,10,23.4,14,FALSE,46,3,27,Male,2,3.8181818181818183,5,"Stock Market, Government Bonds, Options, Private Equity fund, ETF or ETC",White,United Kingdom,United Kingdom,Full-Time
148,4,evaluation,lq_lf,low,low,Pulsegrid,e7f29679,1,20,69.3,14,FALSE,80,6,25,Female,3,4.090909090909091,5,"Stock Market, Private Equity fund, Government Bonds",Asian,India,India,Full-Time
151,8,evaluation,lq_lf,low,low,Servora,e06655dc,3,10,16.1,14,FALSE,27,3,47,Male,0,4.181818181818182,4,"ETF or ETC, Stock Market, Government Bonds, Crowdfunding",White,United States,United States,Full-Time
154,4,evaluation,lq_lf,low,low,Pulsegrid,e7f29679,1,40,124.4,14,FALSE,30,5,44,Female,0,2.3636363636363638,3,"ETF or ETC, Government Bonds, Crowdfunding, Other",Mixed,France,France,Part-Time
155,8,evaluation,lq_lf,low,low,Servora,e06655dc,3,10,46.5,14,FALSE,56,5,34,Male,5,4.363636363636363,5,"Stock Market, Private Equity fund, Crowdfunding, Government Bonds, ETF or ETC",Black,Canada,Canada,Full-Time
156,5,evaluation,lq_lf,low,low,Foliant,3eed90b1,2,30,139.3,14,FALSE,10,6,49,Male,5,4.818181818181818,6,"Stock Market, Crowdfunding, Private Equity fund",Asian,United States,United Kingdom,Full-Time
159,2,evaluation,lq_lf,low,low,Sentyl,bfc6f4d0,2,10,128.1,14,FALSE,25,6,36,Male,7,3.3636363636363638,5,"ETF or ETC, Stock Market, Private Equity fund, Crowdfunding",Asian,Canada,Canada,Full-Time
160,5,evaluation,lq_lf,low,low,Foliant,3eed90b1,4,30,5,14,FALSE,67,5,34,Female,5,4.545454545454546,1,"Stock Market, ETF or ETC, Options, Venture Capital fund",Asian,India,India,Full-Time
162,3,evaluation,lq_lf,low,low,Paperloom,e20d4e90,4,30,41.8,14,FALSE,67,7,32,Female,3,4.181818181818182,1,"Private Equity fund, ETF or ETC, Government Bonds, Stock Market, Options, Other",White,United Kingdom,United Kingdom,Full-Time
163,3,evaluation,lq_lf,low,low,Paperloom,e20d4e90,2,5,44.6,14,FALSE,41,3,28,Male,0,3.3636363636363638,4,"Stock Market, Crowdfunding",White,United States,United States,Part-Time
164,7,evaluation,lq_lf,low,low,Curato,14efa601,4,25,84.4,14,FALSE,24,4,52,Male,8,3.090909090909091,1,"Stock Market, Crowdfunding",White,United Kingdom,United Kingdom,Part-Time
165,8,evaluation,lq_lf,low,low,Servora,e06655dc,1,20,73.4,14,FALSE,71,5,26,Male,8,4.090909090909091,2,"ETF or ETC, Government Bonds, Stock Market, Venture Capital fund, Crowdfunding",Black,Canada,Canada,Part-Time
166,4,evaluation,lq_lf,low,low,Pulsegrid,e7f29679,2,30,5.6,14,FALSE,68,5,36,Female,4,4.545454545454546,5,"Stock Market, Unit trusts, Venture Capital fund",White,United States,United States,Part-Time
167,2,evaluation,lq_lf,low,low,Sentyl,bfc6f4d0,2,25,47,14,FALSE,100,7,25,Male,3,4.636363636363637,1,"ETF or ETC, Stock Market, Private Equity fund",Asian,India,India,Part-Time
168,4,evaluation,lq_lf,low,low,Pulsegrid,e7f29679,1,0,17.4,14,FALSE,37,5,37,Female,2,4.2727272727272725,1,"Crowdfunding, Other",White,France,France,Full-Time
169,5,evaluation,lq_lf,low,low,Foliant,3eed90b1,2,27,35.7,14,FALSE,75,5,42,Female,9,4.454545454545454,2,"Government Bonds, Stock Market, Unit trusts, Private Equity fund, Venture Capital fund, Crowdfunding",White,United Kingdom,United Kingdom,Full-Time
170,8,evaluation,lq_lf,low,low,Servora,e06655dc,4,0,49.9,14,FALSE,41,5,32,Male,2,4.181818181818182,3,"Stock Market, Government Bonds, Crowdfunding",Black,United Kingdom,United Kingdom,Full-Time
171,4,evaluation,lq_lf,low,low,Pulsegrid,e7f29679,1,10,81.2,14,FALSE,45,3,53,Female,4,4,4,"Stock Market, Private Equity fund, Crowdfunding",White,United States,Italy,Full-Time
172,2,evaluation,lq_lf,low,low,Sentyl,bfc6f4d0,3,25,63.3,14,FALSE,44,6,49,Female,2,4.363636363636363,1,"Government Bonds, Stock Market, Private Equity fund, Unit trusts",Asian,India,India,Other
175,8,evaluation,lq_lf,low,low,Servora,e06655dc,3,25,55.8,14,FALSE,23,1,62,Female,9,3.8181818181818183,1,"Private Equity fund, Stock Market, Government Bonds, Venture Capital fund",White,United Kingdom,United Kingdom,Full-Time
176,7,evaluation,lq_lf,low,low,Curato,14efa601,3,20,42.5,14,FALSE,51,5,27,Male,2,3.909090909090909,6,"Stock Market, Government Bonds, Crowdfunding",White,United States,United States,Full-Time
177,5,evaluation,lq_lf,low,low,Foliant,3eed90b1,2,20,42.2,14,FALSE,71,5,38,Male,6,4.909090909090909,1,"ETF or ETC, Government Bonds, Stock Market, Venture Capital fund, Crowdfunding, Private Equity fund",White,United States,United States,Full-Time
178,1,evaluation,lq_lf,low,low,Axonmesh,c7e2221f,1,6,126.6,14,FALSE,69,6,29,Male,3,3.909090909090909,4,"Stock Market, Private Equity fund, Government Bonds",Black,Canada,Kenya,Full-Time
179,1,evaluation,lq_lf,low,low,Axonmesh,c7e2221f,4,20,64.9,14,FALSE,34,5,42,Male,5,4.090909090909091,6,"Stock Market, ETF or ETC, Private Equity fund",Black,United States,United States,Part-Time
180,5,evaluation,lq_lf,low,low,Foliant,3eed90b1,1,0,126,14,FALSE,40,4,29,Male,2,3.5454545454545454,4,"ETF or ETC, Stock Market, Private Equity fund, Venture Capital fund, Crowdfunding, Options",White,United States,United States,Full-Time
181,6,evaluation,lq_lf,low,low,Ironhall,817f1201,4,10,194.9,14,FALSE,58,5,41,Male,5,3.8181818181818183,2,"ETF or ETC, Private Equity fund, Stock Market, Crowdfunding, Unit trusts, Government Bonds",White,United Kingdom,United Kingdom,Full-Time
182,4,evaluation,lq_lf,low,low,Pulsegrid,e7f29679,4,30,117.3,14,FALSE,2,3,42,Male,20,3.6363636363636362,5,"ETF or ETC, Government Bonds, Stock Market, Private Equity fund",White,United Kingdom,United Kingdom,Full-Time
184,4,evaluation,lq_lf,low,low,Pulsegrid,e7f29679,3,10,46.8,14,FALSE,15,5,70,Male,6,4.181818181818182,1,"Crowdfunding, Options, Unit trusts, Stock Market, Government Bonds",White,United Kingdom,United Kingdom,"Not in paid work (e.g. homemaker', 'retired or disabled)"
185,7,evaluation,lq_lf,low,low,Curato,14efa601,1,10,11.2,14,FALSE,67,5,38,Female,4,4.090909090909091,5,"Stock Market, Crowdfunding, Government Bonds, ETF or ETC",Black,United States,United States,Full-Time
186,5,evaluation,lq_lf,low,low,Foliant,3eed90b1,4,40,93.2,14,FALSE,80,5,34,Female,7,3.090909090909091,2,"ETF or ETC, Government Bonds, Stock Market, Options, Venture Capital fund, Crowdfunding, Private Equity fund",Black,United States,United States,Part-Time
187,4,evaluation,lq_lf,low,low,Pulsegrid,e7f29679,3,15,88.6,14,FALSE,61,4,65,Male,2,3.727272727272727,5,"Stock Market, Private Equity fund, Options",White,United States,United States,Full-Time
188,1,evaluation,lq_lf,low,low,Axonmesh,c7e2221f,2,20,15.1,14,FALSE,74,6,40,Male,5,3.3636363636363638,1,"Government Bonds, Stock Market, Crowdfunding, Venture Capital fund, Private Equity fund",Black,United Kingdom,United Kingdom,Full-Time
191,6,evaluation,lq_lf,low,low,Ironhall,817f1201,3,23,42,14,FALSE,51,4,30,Female,4,3.727272727272727,4,"Options, Private Equity fund, Stock Market, Government Bonds, ETF or ETC, Venture Capital fund, Crowdfunding, Other",White,Germany,United States,NA
192,2,evaluation,lq_lf,low,low,Sentyl,bfc6f4d0,4,0,55.4,14,FALSE,6,3,47,Female,5,3,5,"Government Bonds, Stock Market, Crowdfunding",White,United Kingdom,United Kingdom,Full-Time
193,3,evaluation,lq_lf,low,low,Paperloom,e20d4e90,4,20,14.5,14,FALSE,40,4,34,Male,6,4.2727272727272725,1,"ETF or ETC, Government Bonds, Stock Market, Options, Private Equity fund",Asian,India,India,Full-Time
194,8,evaluation,lq_lf,low,low,Servora,e06655dc,3,35,121.8,14,FALSE,66,7,34,Male,3,3.1818181818181817,1,"Government Bonds, Private Equity fund, Stock Market, ETF or ETC, Crowdfunding, Venture Capital fund, Unit trusts",Black,United Kingdom,United Kingdom,Full-Time
195,1,evaluation,lq_lf,low,low,Axonmesh,c7e2221f,4,30,15.3,9,FALSE,46,4,24,Female,3,3.909090909090909,6,"ETF or ETC, Government Bonds, Stock Market, Unit trusts, Angel syndicate, Options, Private Equity fund, Venture Capital fund, Crowdfunding",Asian,United Kingdom,Vietnam,Full-Time
196,2,evaluation,lq_lf,low,low,Sentyl,bfc6f4d0,1,35,124.3,14,FALSE,28,2,49,Male,12,3.8181818181818183,1,"ETF or ETC, Government Bonds, Stock Market, Options, Crowdfunding, Other",Black,United States,Jamaica,Full-Time
198,3,evaluation,lq_lf,low,low,Paperloom,e20d4e90,4,25,13.2,1,FALSE,70,5,35,Male,5,3.5454545454545454,3,"Private Equity fund, ETF or ETC, Stock Market, Government Bonds",Asian,India,India,Part-Time
199,6,evaluation,lq_lf,low,low,Ironhall,817f1201,4,10,36.2,14,FALSE,99,3,61,Male,6,3.727272727272727,1,"Stock Market, Private Equity fund",Black,United States,United States,Full-Time
200,2,evaluation,lq_lf,low,low,Sentyl,bfc6f4d0,3,10,56.2,14,FALSE,25,3,52,Female,3,4,1,"Stock Market, Crowdfunding, Other, ETF or ETC",Black,United States,United States,Part-Time
201,7,evaluation,lq_lf,low,low,Curato,14efa601,3,50,90,14,FALSE,38,2,28,Male,1,3,2,"Stock Market, ETF or ETC, Private Equity fund",Mixed,Canada,Canada,Due to start a new job within the next month
202,5,evaluation,lq_lf,low,low,Foliant,3eed90b1,3,35,23.1,14,FALSE,82,5,26,Male,5,4.454545454545454,4,"Government Bonds, Stock Market, Options, Private Equity fund, Venture Capital fund, Crowdfunding, Other, ETF or ETC",Asian,India,India,Full-Time
203,6,evaluation,lq_lf,low,low,Ironhall,817f1201,2,0,140.2,14,FALSE,51,5,56,Female,4,4,4,"ETF or ETC, Stock Market, Angel syndicate, Crowdfunding",White,United Kingdom,Italy,Full-Time
204,8,evaluation,lq_lf,low,low,Servora,e06655dc,2,20,6.2,14,FALSE,78,6,36,Male,10,3.909090909090909,3,"Government Bonds, Stock Market, Private Equity fund",Black,Canada,Canada,Full-Time
205,3,evaluation,lq_lf,low,low,Paperloom,e20d4e90,1,0,26.3,14,FALSE,10,4,68,Female,2,3.3636363636363638,1,"Stock Market, Private Equity fund, Government Bonds",White,United States,United States,Part-Time
206,2,evaluation,lq_lf,low,low,Sentyl,bfc6f4d0,3,20,138.7,14,FALSE,62,5,36,Male,5,3.8181818181818183,6,"ETF or ETC, Government Bonds, Stock Market, Options, Crowdfunding, Venture Capital fund, Private Equity fund",Asian,Canada,Canada,Full-Time
208,6,evaluation,lq_lf,low,low,Ironhall,817f1201,2,10,99.2,14,FALSE,33,3,34,Male,8,3.1818181818181817,4,"Stock Market, Crowdfunding, Government Bonds",Black,United Kingdom,Nigeria,Full-Time
209,3,evaluation,lq_lf,low,low,Paperloom,e20d4e90,4,12,56.4,14,FALSE,24,4,39,Male,0,4.2727272727272725,7,"Stock Market, Crowdfunding",White,United States,United States,Full-Time
210,3,evaluation,lq_lf,low,low,Paperloom,e20d4e90,3,15,98.7,14,FALSE,100,7,68,Male,10,4.909090909090909,1,"Stock Market, ETF or ETC, Unit trusts, Private Equity fund, Crowdfunding, Venture Capital fund",Black,United States,United Kingdom,Full-Time
212,6,evaluation,lq_lf,low,low,Ironhall,817f1201,3,10,77,14,FALSE,13,3,37,Male,4,4,6,"ETF or ETC, Government Bonds, Stock Market, Unit trusts, Angel syndicate, Options, Private Equity fund, Venture Capital fund, Crowdfunding, Other",White,United Kingdom,Spain,Full-Time
213,6,evaluation,lq_lf,low,low,Ironhall,817f1201,4,30,19.8,14,FALSE,26,4,35,Male,5,3.727272727272727,6,"Stock Market, Crowdfunding",Black,United Kingdom,United Kingdom,Full-Time
214,8,evaluation,lq_lf,low,low,Servora,e06655dc,3,30,18.5,4,FALSE,51,6,29,Male,2,4.090909090909091,4,"Stock Market, Crowdfunding",Black,United States,United States,Part-Time
215,3,evaluation,lq_lf,low,low,Paperloom,e20d4e90,3,30,14.4,14,FALSE,70,4,30,Female,6,4.2727272727272725,5,"Government Bonds, Stock Market, ETF or ETC, Angel syndicate, Options, Venture Capital fund, Crowdfunding",Asian,India,India,Full-Time
217,2,evaluation,lq_lf,low,low,Sentyl,bfc6f4d0,3,22,4.5,13,FALSE,26,5,57,Female,10,4.181818181818182,1,"Stock Market, Venture Capital fund, Crowdfunding, ETF or ETC",Black,United States,United States,Other
218,3,evaluation,lq_lf,low,low,Paperloom,e20d4e90,1,25,99.2,8,FALSE,71,5,44,Male,6,4,6,"Stock Market, Private Equity fund, Crowdfunding",Black,United States,United States,Full-Time
220,8,evaluation,lq_lf,low,low,Servora,e06655dc,4,15,38.9,14,FALSE,35,3,48,Female,3,4.2727272727272725,3,"ETF or ETC, Stock Market, Crowdfunding, Private Equity fund",White,United States,United States,Full-Time
221,7,evaluation,lq_lf,low,low,Curato,14efa601,3,20,25.4,14,FALSE,30,6,24,Male,2,4.2727272727272725,3,"ETF or ETC, Government Bonds, Stock Market, Unit trusts, Options, Private Equity fund, Crowdfunding, Angel syndicate, Venture Capital fund",Asian,India,India,Unemployed (and job seeking)
222,6,evaluation,lq_lf,low,low,Ironhall,817f1201,3,1,27.8,11,FALSE,31,2,38,Male,12,3.8181818181818183,3,"Stock Market, Government Bonds, Crowdfunding",White,United Kingdom,United Kingdom,Full-Time
223,3,evaluation,lq_lf,low,low,Paperloom,e20d4e90,2,10,130.9,14,FALSE,30,2,41,Male,0,4.090909090909091,5,"Government Bonds, Stock Market, Crowdfunding, Other",White,Canada,Canada,"Not in paid work (e.g. homemaker', 'retired or disabled)"
226,7,evaluation,lq_lf,low,low,Curato,14efa601,2,20,124.2,14,FALSE,32,4,41,Male,5,3.8181818181818183,5,"Crowdfunding, Stock Market",White,United Kingdom,United Kingdom,Full-Time
227,7,evaluation,lq_lf,low,low,Curato,14efa601,3,35,32.6,14,FALSE,37,5,30,Male,7,4.636363636363637,3,"ETF or ETC, Government Bonds, Stock Market, Private Equity fund, Unit trusts",Black,United Kingdom,United Kingdom,Full-Time
228,1,evaluation,lq_lf,low,low,Axonmesh,c7e2221f,3,20,152.2,14,FALSE,30,2,44,Male,2,3.5454545454545454,4,"Stock Market, Private Equity fund, Venture Capital fund",Asian,India,India,Full-Time
230,5,evaluation,lq_lf,low,low,Foliant,3eed90b1,3,30,127,11,FALSE,42,6,21,Male,3,3.090909090909091,2,"ETF or ETC, Government Bonds, Stock Market, Unit trusts, Options, Private Equity fund, Venture Capital fund, Other",White,Brazil,Brazil,Full-Time
233,4,evaluation,lq_lf,low,low,Pulsegrid,e7f29679,3,10,123.6,14,FALSE,64,4,46,Female,2,3.909090909090909,5,"Stock Market, Crowdfunding",White,United Kingdom,United Kingdom,Full-Time
235,2,evaluation,lq_lf,low,low,Sentyl,bfc6f4d0,4,10,102.6,14,FALSE,16,5,56,Male,10,3.8181818181818183,6,"ETF or ETC, Stock Market, Angel syndicate, Crowdfunding",White,United Kingdom,United Kingdom,Part-Time
237,3,evaluation,lq_lf,low,low,Paperloom,e20d4e90,3,16,104,14,FALSE,80,6,51,Male,2,4.363636363636363,3,"ETF or ETC, Stock Market, Government Bonds, Unit trusts, Angel syndicate, Private Equity fund",White,United States,United States,Full-Time
239,6,evaluation,lq_lf,low,low,Ironhall,817f1201,3,20,3.9,14,FALSE,77,6,67,Female,12,3.090909090909091,7,"ETF or ETC, Government Bonds, Stock Market, Crowdfunding",White,United Kingdom,Italy,Full-Time
241,6,evaluation,lq_lf,low,low,Ironhall,817f1201,1,5,108.8,14,FALSE,9,2,34,Male,1,3.1818181818181817,5,"Government Bonds, Other, Private Equity fund",Other,Canada,Canada,Full-Time
245,5,evaluation,lq_lf,low,low,Foliant,3eed90b1,1,20,72.9,14,FALSE,98,6,40,Male,0,3.8181818181818183,4,"ETF or ETC, Stock Market, Crowdfunding",White,United States,United States,Other
246,6,evaluation,lq_lf,low,low,Ironhall,817f1201,4,10,16.9,1,FALSE,17,3,63,Female,8,3.8181818181818183,3,"Stock Market, Unit trusts, Crowdfunding, Venture Capital fund",White,United Kingdom,Ireland,Full-Time
248,8,evaluation,lq_lf,low,low,Servora,e06655dc,2,20,53.7,14,FALSE,72,7,35,Male,2,4.2727272727272725,6,"Private Equity fund, Stock Market, Government Bonds, ETF or ETC",Black,United States,United States,Part-Time
249,6,evaluation,lq_lf,low,low,Ironhall,817f1201,2,20,115.6,14,FALSE,50,3,31,Male,1,3.727272727272727,5,"ETF or ETC, Stock Market, Crowdfunding, Other",Mixed,United Kingdom,United Kingdom,Full-Time
250,7,evaluation,lq_lf,low,low,Curato,14efa601,4,5,135.7,14,FALSE,22,2,25,Male,0,3.7272727272727275,4,"Stock Market, Government Bonds, Private Equity fund",Mixed,Brazil,Brazil,Unemployed (and job seeking)
251,6,evaluation,lq_lf,low,low,Ironhall,817f1201,1,15,124.8,14,FALSE,55,5,36,Male,6,4.454545454545454,5,"Stock Market, ETF or ETC, Private Equity fund, Government Bonds",Black,United Kingdom,United Kingdom,Full-Time
252,1,evaluation,lq_lf,low,low,Axonmesh,c7e2221f,1,40,28,9,FALSE,33,5,38,Other,1,3.1818181818181817,6,"Government Bonds, Stock Market, ETF or ETC, Options, Private Equity fund, Other",White,United Kingdom,United Kingdom,Full-Time
253,7,evaluation,lq_lf,low,low,Curato,14efa601,1,20,55.6,14,FALSE,69,4,27,Female,8,3.8181818181818183,4,"Government Bonds, ETF or ETC, Stock Market, Unit trusts, Angel syndicate, Private Equity fund, Options, Venture Capital fund, Crowdfunding",Black,United States,United States,Part-Time
254,5,evaluation,lq_lf,low,low,Foliant,3eed90b1,4,15,193.2,14,FALSE,71,2,23,Male,0,3.6363636363636362,5,"Government Bonds, Private Equity fund",White,Brazil,Brazil,Unemployed (and job seeking)
255,5,evaluation,lq_lf,low,low,Foliant,3eed90b1,4,0,18.2,8,FALSE,29,2,39,Female,2,3.727272727272727,7,"ETF or ETC, Stock Market, Crowdfunding, Options",White,United States,United States,Full-Time
256,5,evaluation,lq_lf,low,low,Foliant,3eed90b1,1,20,61,14,FALSE,33,4,43,Male,0,3.909090909090909,6,Crowdfunding,White,United Kingdom,United Kingdom,Full-Time
259,5,evaluation,lq_lf,low,low,Foliant,3eed90b1,1,0,58.6,14,FALSE,0,2,60,Male,3,3.090909090909091,5,"ETF or ETC, Government Bonds, Stock Market, Unit trusts, Crowdfunding",Mixed,United States,United States,Part-Time
260,8,evaluation,lq_lf,low,low,Servora,e06655dc,2,5,116.2,14,FALSE,20,3,40,Male,2,3.8181818181818183,3,"Stock Market, Crowdfunding",White,United Kingdom,United Kingdom,Full-Time
261,5,evaluation,lq_lf,low,low,Foliant,3eed90b1,1,35,89.3,14,FALSE,51,4,59,Male,0,2.4545454545454546,5,"ETF or ETC, Stock Market, Unit trusts, Private Equity fund, Government Bonds",White,Canada,Canada,Full-Time
262,1,evaluation,lq_lf,low,low,Axonmesh,c7e2221f,2,20,88.4,14,FALSE,19,5,41,Male,0,4.181818181818182,3,Crowdfunding,White,United Kingdom,United Kingdom,Full-Time
263,3,evaluation,lq_lf,low,low,Paperloom,e20d4e90,1,20,177.8,14,FALSE,88,7,36,Female,2,4.363636363636363,1,"ETF or ETC, Private Equity fund, Unit trusts, Stock Market, Options",Black,United States,United States,Full-Time
264,5,evaluation,lq_lf,low,low,Foliant,3eed90b1,3,25,94.8,14,FALSE,66,5,32,Male,2,3.6363636363636362,2,"ETF or ETC, Government Bonds, Stock Market, Private Equity fund, Crowdfunding",NA,United Kingdom,United Kingdom,Full-Time
265,5,evaluation,lq_lf,low,low,Foliant,3eed90b1,1,40,45.4,14,FALSE,98,7,30,Male,7,4.636363636363637,3,"Crowdfunding, Private Equity fund, Venture Capital fund, Unit trusts, Stock Market, ETF or ETC, Government Bonds",Black,United States,United States,Unemployed (and job seeking)
266,8,evaluation,lq_lf,low,low,Servora,e06655dc,3,15,26.5,14,FALSE,55,6,53,Male,2,4.636363636363637,4,"Stock Market, Crowdfunding",White,United States,United States,"Not in paid work (e.g. homemaker', 'retired or disabled)"
267,2,evaluation,lq_lf,low,low,Sentyl,bfc6f4d0,3,0,91.6,14,FALSE,18,3,47,Male,7,3.272727272727273,2,"ETF or ETC, Government Bonds, Stock Market, Unit trusts, Crowdfunding, Options",White,Canada,Canada,Full-Time
268,2,evaluation,lq_lf,low,low,Sentyl,bfc6f4d0,3,25,54.9,14,FALSE,45,4,33,Female,3,3.4545454545454546,5,"ETF or ETC, Government Bonds, Crowdfunding, Venture Capital fund",Asian,United States,United States,Unemployed (and job seeking)
269,5,evaluation,lq_lf,low,low,Foliant,3eed90b1,3,35,15.6,14,FALSE,87,6,34,Male,8,5,4,"ETF or ETC, Government Bonds, Stock Market, Unit trusts, Angel syndicate, Private Equity fund, Venture Capital fund, Crowdfunding",White,United Kingdom,United Kingdom,Part-Time
270,4,evaluation,lq_lf,low,low,Pulsegrid,e7f29679,3,20,30.2,14,FALSE,60,2,47,Male,6,4.363636363636363,3,"Stock Market, Options, Private Equity fund, Venture Capital fund, Government Bonds, ETF or ETC, Unit trusts, Angel syndicate, Crowdfunding",White,United States,United States,Full-Time
271,1,evaluation,lq_lf,low,low,Axonmesh,c7e2221f,4,10,192.9,14,FALSE,41,5,28,Male,0,3,5,"Stock Market, Crowdfunding, Private Equity fund",Other,United Kingdom,Sweden,NA
272,6,evaluation,lq_lf,low,low,Ironhall,817f1201,1,15,54.2,14,FALSE,58,4,50,Male,15,3.727272727272727,4,"Stock Market, Options, Private Equity fund, Venture Capital fund",Mixed,United Kingdom,United Kingdom,Part-Time
273,6,evaluation,lq_lf,low,low,Ironhall,817f1201,4,25,18.3,14,FALSE,78,6,34,Female,7,4.181818181818182,7,"Stock Market, Government Bonds, Private Equity fund",Black,United States,United States,Part-Time
274,4,evaluation,lq_lf,low,low,Pulsegrid,e7f29679,3,20,50.3,14,FALSE,79,5,43,Female,5,5,1,"ETF or ETC, Government Bonds, Stock Market, Unit trusts, Angel syndicate, Options, Private Equity fund, Venture Capital fund, Crowdfunding",Black,United States,United States,Full-Time
275,1,evaluation,lq_lf,low,low,Axonmesh,c7e2221f,1,20,121.8,14,FALSE,55,5,27,Male,1,3.909090909090909,5,"Stock Market, Government Bonds, ETF or ETC, Angel syndicate, Options, Private Equity fund, Venture Capital fund, Crowdfunding, Other",Asian,India,India,Full-Time
277,5,evaluation,lq_lf,low,low,Foliant,3eed90b1,1,20,320.5,14,FALSE,68,4,53,Female,0,3.909090909090909,2,"Stock Market, Crowdfunding, ETF or ETC",White,Canada,Canada,Other
278,3,evaluation,lq_lf,low,low,Paperloom,e20d4e90,4,0,12.4,14,FALSE,0,4,33,Female,4,3,3,Crowdfunding,White,United Kingdom,United Kingdom,Full-Time
279,7,evaluation,lq_lf,low,low,Curato,14efa601,1,2,90.3,14,FALSE,63,4,26,Male,2,4.545454545454546,2,"Stock Market, Unit trusts, Private Equity fund, Government Bonds",Prefer not to say,Canada,Canada,Full-Time
280,3,evaluation,lq_lf,low,low,Paperloom,e20d4e90,1,5,73.5,14,FALSE,33,3,44,Male,1,4.636363636363637,3,"ETF or ETC, Stock Market, Private Equity fund",Asian,United Kingdom,United Kingdom,Full-Time
282,7,evaluation,lq_lf,low,low,Curato,14efa601,3,13,27.6,14,FALSE,76,3,23,Male,2,4.363636363636363,5,"Stock Market, Crowdfunding, Government Bonds",Asian,India,India,Part-Time
286,7,evaluation,lq_lf,low,low,Curato,14efa601,4,75,61.1,14,FALSE,14,6,46,Male,2,3.6363636363636362,6,"ETF or ETC, Stock Market, Unit trusts, Government Bonds, Crowdfunding",White,United Kingdom,United Kingdom,Full-Time
287,5,evaluation,lq_lf,low,low,Foliant,3eed90b1,1,20,129.2,14,FALSE,17,4,39,Male,0,3,2,"ETF or ETC, Stock Market, Venture Capital fund, Options",White,United States,United States,Full-Time
288,3,evaluation,lq_lf,low,low,Paperloom,e20d4e90,3,10,7.5,14,FALSE,1,1,44,Male,12,4,5,"ETF or ETC, Government Bonds, Stock Market, Unit trusts, Angel syndicate, Private Equity fund, Crowdfunding",White,United Kingdom,United Kingdom,Full-Time
289,1,evaluation,lq_lf,low,low,Axonmesh,c7e2221f,3,10,19.9,13,FALSE,23,5,30,Female,1,3.909090909090909,5,"Stock Market, Angel syndicate",Black,United Kingdom,Nigeria,Full-Time
290,7,evaluation,lq_lf,low,low,Curato,14efa601,3,30,90.2,14,FALSE,83,7,39,Male,6,3.909090909090909,5,"Government Bonds, Stock Market, Options, Private Equity fund, Crowdfunding, Other",White,United States,United States,Full-Time
292,7,evaluation,lq_lf,low,low,Curato,14efa601,4,5,161,14,FALSE,21,1,50,Male,2,4.2727272727272725,1,"Stock Market, Crowdfunding, Other",White,United States,United States,Full-Time
293,8,evaluation,lq_lf,low,low,Servora,e06655dc,3,40,14.6,14,FALSE,85,6,32,Male,0,3.1818181818181817,3,"Stock Market, Crowdfunding",White,United States,United States,Other
294,8,evaluation,lq_lf,low,low,Servora,e06655dc,4,10,33.9,14,FALSE,10,2,33,Male,10,4.818181818181818,3,"ETF or ETC, Stock Market, Options, Crowdfunding",Mixed,United States,United States,Full-Time
295,2,evaluation,lq_lf,low,low,Sentyl,bfc6f4d0,1,15,31.2,13,FALSE,71,4,30,Female,2,3.727272727272727,3,"Stock Market, Options, Private Equity fund, Venture Capital fund, ETF or ETC",White,United States,United States,Full-Time
296,8,evaluation,lq_lf,low,low,Servora,e06655dc,1,5,60.8,14,FALSE,58,4,64,Female,5,3.272727272727273,2,"ETF or ETC, Stock Market, Unit trusts, Private Equity fund, Venture Capital fund, Crowdfunding",White,United Kingdom,United Kingdom,"Not in paid work (e.g. homemaker', 'retired or disabled)"
297,1,evaluation,lq_lf,low,low,Axonmesh,c7e2221f,4,30,110.2,14,FALSE,68,6,45,Female,3,3.8181818181818183,5,"Stock Market, Crowdfunding",White,France,Spain,Full-Time
298,7,evaluation,lq_lf,low,low,Curato,14efa601,2,NA,23.3,14,TRUE,64,5,56,Female,7,4,4,"Stock Market, Private Equity fund",White,United States,United States,Part-Time
299,6,evaluation,lq_lf,low,low,Ironhall,817f1201,3,0,128.1,14,FALSE,6,2,52,Male,0,3.090909090909091,1,"ETF or ETC, Stock Market, Private Equity fund, Government Bonds",White,Canada,Canada,Full-Time
301,7,evaluation,lq_lf,low,low,Curato,14efa601,1,0,218.5,14,FALSE,12,2,51,Female,0,3.8181818181818183,7,"Stock Market, Private Equity fund",Asian,United Kingdom,Hong Kong,Other
302,2,evaluation,lq_lf,low,low,Sentyl,bfc6f4d0,1,15,117.2,14,FALSE,27,3,42,Male,6,3.727272727272727,4,"Government Bonds, Stock Market, Crowdfunding",White,United States,United States,Full-Time
303,2,evaluation,lq_lf,low,low,Sentyl,bfc6f4d0,3,15,20.1,1,FALSE,13,1,43,Male,3,4.2727272727272725,5,"Private Equity fund, Stock Market, Government Bonds",Black,United States,United States,Full-Time
304,7,evaluation,lq_lf,low,low,Curato,14efa601,1,25,205.8,14,FALSE,69,6,27,Male,2,4.2727272727272725,5,"Stock Market, Angel syndicate",Asian,India,India,Part-Time
305,4,evaluation,lq_lf,low,low,Pulsegrid,e7f29679,1,0,55.7,14,FALSE,27,2,44,Female,10,3.1818181818181817,5,"ETF or ETC, Stock Market, Crowdfunding",White,United States,United States,Full-Time
306,6,evaluation,lq_lf,low,low,Ironhall,817f1201,3,25,41.5,5,FALSE,0,4,72,Male,5,3.5454545454545454,6,"ETF or ETC, Stock Market, Private Equity fund",White,United Kingdom,United Kingdom,"Not in paid work (e.g. homemaker', 'retired or disabled)"
307,8,evaluation,lq_lf,low,low,Servora,e06655dc,2,20,31.8,14,FALSE,56,4,30,Male,2,3.909090909090909,3,"Stock Market, Crowdfunding",Black,United Kingdom,United Kingdom,Part-Time
308,7,evaluation,lq_lf,low,low,Curato,14efa601,2,17,43.8,14,FALSE,29,3,26,Male,4,3.8181818181818183,6,"Stock Market, Venture Capital fund, Private Equity fund",Black,Canada,Nigeria,Full-Time
309,8,evaluation,lq_lf,low,low,Servora,e06655dc,3,10,192.1,14,FALSE,26,3,50,Female,6,3.1818181818181817,5,"Stock Market, Crowdfunding",White,United Kingdom,United Kingdom,Full-Time
311,8,evaluation,lq_lf,low,low,Servora,e06655dc,3,30,112,14,FALSE,67,4,27,Male,6,3.5454545454545454,3,"ETF or ETC, Stock Market, Options, Private Equity fund, Crowdfunding",White,United States,Panama,Full-Time
313,1,evaluation,lq_lf,low,low,Axonmesh,c7e2221f,1,10,44.8,14,FALSE,54,5,59,Male,5,4.7272727272727275,1,"ETF or ETC, Government Bonds, Stock Market, Crowdfunding",White,United States,United States,Full-Time
314,8,evaluation,lq_lf,low,low,Servora,e06655dc,3,10,90.7,14,FALSE,42,4,35,Female,8,4.2727272727272725,1,"ETF or ETC, Government Bonds, Stock Market, Unit trusts, Options, Private Equity fund, Venture Capital fund, Crowdfunding",White,Brazil,Brazil,Full-Time
315,6,evaluation,lq_lf,low,low,Ironhall,817f1201,2,25,28.5,14,FALSE,16,3,58,Female,2,2.272727272727273,6,"Stock Market, Crowdfunding",White,United Kingdom,United Kingdom,Unemployed (and job seeking)
316,2,evaluation,lq_lf,low,low,Sentyl,bfc6f4d0,1,10,7.6,1,FALSE,51,4,39,Male,8,4,3,"Government Bonds, Stock Market, Private Equity fund, Crowdfunding",Black,United States,United States,Full-Time
317,4,evaluation,lq_lf,low,low,Pulsegrid,e7f29679,2,0,88.4,14,FALSE,66,3,50,Male,10,3.8181818181818183,5,"ETF or ETC, Stock Market, Private Equity fund, Crowdfunding",White,United Kingdom,United Kingdom,Full-Time
318,5,evaluation,lq_lf,low,low,Foliant,3eed90b1,2,20,41.9,14,FALSE,50,4,38,Female,0,3.3636363636363638,4,"Stock Market, Crowdfunding, ETF or ETC",White,United States,United States,Full-Time
319,6,evaluation,lq_lf,low,low,Ironhall,817f1201,1,15,176.6,14,FALSE,18,3,29,Female,2,4.454545454545454,5,"ETF or ETC, Stock Market, Government Bonds, Private Equity fund",Black,United States,NA,Unemployed (and job seeking)
320,2,evaluation,lq_lf,low,low,Sentyl,bfc6f4d0,3,30,73,14,FALSE,60,5,27,Female,2,5,1,"Stock Market, Private Equity fund, Crowdfunding, Venture Capital fund",Black,United Kingdom,United Kingdom,Full-Time
321,5,evaluation,lq_lf,low,low,Foliant,3eed90b1,1,25,84.8,14,FALSE,36,5,26,Male,2,4,6,"Stock Market, Options, Crowdfunding",Black,Canada,Nigeria,Due to start a new job within the next month
323,7,evaluation,lq_lf,low,low,Curato,14efa601,1,20,358.4,14,FALSE,28,6,22,Male,1,4.2727272727272725,3,"Stock Market, Private Equity fund",Mixed,United States,United States,Other
325,4,evaluation,lq_lf,low,low,Pulsegrid,e7f29679,4,5,69.4,14,FALSE,27,1,41,Male,2,3.5454545454545454,4,"ETF or ETC, Stock Market, Crowdfunding",White,Germany,Germany,Full-Time
327,8,evaluation,lq_lf,low,low,Servora,e06655dc,1,25,51.5,14,FALSE,0,7,29,Male,5,5,7,"Stock Market, Venture Capital fund, ETF or ETC",Black,United States,United States,Full-Time
329,7,evaluation,lq_lf,low,low,Curato,14efa601,4,20,3.7,7,FALSE,23,4,30,Female,4,4.363636363636363,5,"ETF or ETC, Government Bonds, Stock Market, Private Equity fund, Crowdfunding, Venture Capital fund",Asian,United States,Taiwan,Full-Time
330,5,evaluation,lq_lf,low,low,Foliant,3eed90b1,3,25,174.6,14,FALSE,72,6,33,Female,5,4.454545454545454,5,"ETF or ETC, Stock Market, Venture Capital fund, Unit trusts, Government Bonds",Black,United States,United States,Part-Time
331,8,evaluation,lq_lf,low,low,Servora,e06655dc,4,0,61.4,14,FALSE,69,4,51,Male,15,4.2727272727272725,2,"ETF or ETC, Government Bonds, Stock Market, Crowdfunding",White,United States,United States,Full-Time
332,1,evaluation,lq_lf,low,low,Axonmesh,c7e2221f,1,0,200.5,14,FALSE,62,3,52,Male,2,3,5,"ETF or ETC, Private Equity fund, Crowdfunding",White,United Kingdom,United Kingdom,Full-Time
333,6,evaluation,lq_lf,low,low,Ironhall,817f1201,3,10,48.4,14,FALSE,26,4,37,Male,0,3.5454545454545454,6,"ETF or ETC, Stock Market, Options, Crowdfunding",White,Germany,Germany,Full-Time
335,7,evaluation,lq_lf,low,low,Curato,14efa601,2,15,99.5,14,FALSE,32,3,67,Female,0,3.5454545454545454,5,"Crowdfunding, Government Bonds, Stock Market",White,Canada,Canada,"Not in paid work (e.g. homemaker', 'retired or disabled)"
339,4,evaluation,lq_lf,low,low,Pulsegrid,e7f29679,2,0,105.5,14,FALSE,19,4,58,Female,0,1.7272727272727273,7,"Angel syndicate, Don't know/Rather not say",White,United States,United States,Full-Time
340,1,evaluation,lq_lf,low,low,Axonmesh,c7e2221f,2,25,6.2,14,FALSE,32,3,36,Male,4,3.1818181818181817,1,"ETF or ETC, Government Bonds, Stock Market, Private Equity fund",White,United Kingdom,United Kingdom,Full-Time
341,3,evaluation,lq_lf,low,low,Paperloom,e20d4e90,2,0,244.8,14,FALSE,53,4,30,Male,0,3.5454545454545454,5,"ETF or ETC, Stock Market, Options, Crowdfunding",White,United States,United States,Full-Time
342,4,evaluation,lq_lf,low,low,Pulsegrid,e7f29679,4,0,100.2,14,FALSE,57,5,41,Male,0,2.6363636363636362,5,"ETF or ETC, Stock Market, Crowdfunding",White,Germany,Germany,Full-Time
344,5,evaluation,lq_lf,low,low,Foliant,3eed90b1,3,40,123.7,14,FALSE,5,6,26,Male,2,4,2,"Government Bonds, Stock Market, Unit trusts, Crowdfunding",White,United Kingdom,United Kingdom,Full-Time
345,2,evaluation,lq_lf,low,low,Sentyl,bfc6f4d0,4,15,106.5,14,FALSE,100,2,38,Female,3,3.3636363636363638,4,"Government Bonds, Stock Market, Private Equity fund, Crowdfunding, Venture Capital fund",White,United Kingdom,United Kingdom,Full-Time
346,8,evaluation,lq_lf,low,low,Servora,e06655dc,1,20,526.9,14,FALSE,64,5,33,Male,5,3.5454545454545454,6,Private Equity fund,Black,United Kingdom,Kenya,Part-Time
347,4,evaluation,lq_lf,low,low,Pulsegrid,e7f29679,2,10,65.8,14,FALSE,34,3,44,Male,2,4.2727272727272725,3,"ETF or ETC, Stock Market, Crowdfunding",White,United States,United States,Unemployed (and job seeking)
348,1,evaluation,lq_lf,low,low,Axonmesh,c7e2221f,2,1,140.7,14,FALSE,76,1,25,Male,1,3.727272727272727,5,"Government Bonds, ETF or ETC, Stock Market, Options, Crowdfunding",Asian,India,India,Unemployed (and job seeking)
349,3,evaluation,lq_lf,low,low,Paperloom,e20d4e90,1,20,155.2,14,FALSE,57,5,25,Male,1,4.181818181818182,4,"Stock Market, Crowdfunding",Black,United States,United States,Full-Time
350,2,evaluation,lq_lf,low,low,Sentyl,bfc6f4d0,1,10,126.5,14,FALSE,88,3,60,Male,31,4.636363636363637,3,"Stock Market, ETF or ETC, Venture Capital fund",White,Canada,Canada,Full-Time
351,4,evaluation,lq_lf,low,low,Pulsegrid,e7f29679,1,0,93.7,14,FALSE,51,4,38,Female,5,3.5454545454545454,4,"Stock Market, Crowdfunding",White,United States,United States,Full-Time
352,4,evaluation,lq_lf,low,low,Pulsegrid,e7f29679,1,5,244.5,14,FALSE,100,4,32,Male,5,4.454545454545454,1,"Stock Market, Options, ETF or ETC, Government Bonds, Crowdfunding, Other",White,United States,United States,Full-Time
353,4,evaluation,lq_lf,low,low,Pulsegrid,e7f29679,4,5,36.9,14,FALSE,62,4,54,Female,1,3.5454545454545454,3,Crowdfunding,White,United Kingdom,United Kingdom,Full-Time
354,2,evaluation,lq_lf,low,low,Sentyl,bfc6f4d0,4,20,120.8,14,FALSE,25,4,33,Male,0,3.727272727272727,6,"ETF or ETC, Stock Market, Government Bonds, Options, Crowdfunding",White,United States,United States,Full-Time
355,3,evaluation,lq_lf,low,low,Paperloom,e20d4e90,4,20,137.5,14,FALSE,10,6,35,Male,5,4.181818181818182,2,"Stock Market, Options, Crowdfunding, Government Bonds",Black,United Kingdom,Nigeria,Full-Time
356,4,evaluation,lq_lf,low,low,Pulsegrid,e7f29679,2,20,127.8,14,FALSE,37,5,46,Male,8,4,5,"Government Bonds, Crowdfunding, Stock Market",Mixed,United Kingdom,United Kingdom,Full-Time
357,8,evaluation,lq_lf,low,low,Servora,e06655dc,3,10,67.5,14,FALSE,68,6,29,Female,4,4,5,"ETF or ETC, Government Bonds, Stock Market, Unit trusts, Angel syndicate, Options, Private Equity fund",White,United States,United States,Part-Time
358,6,evaluation,lq_lf,low,low,Ironhall,817f1201,1,15,167.7,14,FALSE,75,5,64,Female,4,3.5454545454545454,5,Private Equity fund,Black,United States,Kenya,Part-Time
359,6,evaluation,lq_lf,low,low,Ironhall,817f1201,2,30,55.4,14,FALSE,41,4,42,Female,1,3.727272727272727,7,"Crowdfunding, Stock Market, Government Bonds",Mixed,United Kingdom,United Kingdom,Full-Time
360,5,evaluation,lq_lf,low,low,Foliant,3eed90b1,3,28,52.5,14,FALSE,31,4,29,Female,1,4.090909090909091,5,"Government Bonds, Stock Market, Private Equity fund",White,United States,United States,Full-Time
361,4,evaluation,lq_lf,low,low,Pulsegrid,e7f29679,3,5,251,14,FALSE,100,3,37,Male,3,4.818181818181818,4,"Government Bonds, Stock Market, Private Equity fund, Unit trusts, Angel syndicate",Black,United States,Kenya,Full-Time
362,5,evaluation,lq_lf,low,low,Foliant,3eed90b1,4,20,233.7,14,FALSE,30,3,35,Female,3,4,3,"Stock Market, Government Bonds, Private Equity fund",Asian,India,India,Full-Time
363,7,evaluation,lq_lf,low,low,Curato,14efa601,3,10,22.2,1,FALSE,32,4,36,Female,0,2.1818181818181817,2,Crowdfunding,White,United States,United States,Unemployed (and job seeking)
364,5,evaluation,lq_lf,low,low,Foliant,3eed90b1,3,33,78.3,14,FALSE,44,6,43,Male,10,2.8181818181818183,5,"ETF or ETC, Government Bonds, Crowdfunding, Stock Market",White,United States,United States,Full-Time
365,1,evaluation,lq_lf,low,low,Axonmesh,c7e2221f,1,0,358.6,14,FALSE,63,5,36,Male,6,4,3,"Stock Market, Government Bonds, Crowdfunding",White,United Kingdom,United Kingdom,Full-Time
366,1,evaluation,lq_lf,low,low,Axonmesh,c7e2221f,4,35,44.4,14,FALSE,23,3,46,Female,4,4.7272727272727275,2,"Stock Market, Private Equity fund",White,United States,United States,Part-Time
367,8,evaluation,lq_lf,low,low,Servora,e06655dc,3,25,22.3,14,FALSE,36,6,31,Male,5,5,5,"Stock Market, Government Bonds, Private Equity fund",Black,United States,United States,Unemployed (and job seeking)
368,2,evaluation,lq_lf,low,low,Sentyl,bfc6f4d0,2,10,35,14,FALSE,8,5,35,Male,3,4.2727272727272725,6,"ETF or ETC, Stock Market, Crowdfunding",White,United Kingdom,United Kingdom,Full-Time
369,5,evaluation,lq_lf,low,low,Foliant,3eed90b1,1,8,101.6,14,FALSE,17,5,24,Male,3,4,3,"ETF or ETC, Government Bonds, Stock Market, Unit trusts, Angel syndicate, Options, Private Equity fund",Mixed,Canada,Tunisia,Part-Time
371,3,evaluation,lq_lf,low,low,Paperloom,e20d4e90,3,2,89.2,14,FALSE,65,2,38,Female,11,4,1,"ETF or ETC, Government Bonds, Stock Market, Private Equity fund",White,United Kingdom,United Kingdom,Full-Time
372,4,evaluation,lq_lf,low,low,Pulsegrid,e7f29679,3,30,25.6,14,FALSE,28,3,29,Female,2,3.6363636363636362,5,"ETF or ETC, Stock Market, Crowdfunding, Venture Capital fund, Private Equity fund, Options",Asian,Canada,Canada,Full-Time
376,2,evaluation,lq_lf,low,low,Sentyl,bfc6f4d0,2,30,38.6,13,FALSE,41,4,35,Male,2,4.090909090909091,5,"Stock Market, Crowdfunding",White,United States,United States,Full-Time
377,6,evaluation,lq_lf,low,low,Ironhall,817f1201,1,20,48.8,14,FALSE,86,5,39,Male,5,3.909090909090909,1,"Crowdfunding, Stock Market",White,United States,United States,Full-Time
378,4,evaluation,lq_lf,low,low,Pulsegrid,e7f29679,3,22,222.7,14,FALSE,67,6,26,Male,0,4,3,"Stock Market, Venture Capital fund, Crowdfunding",White,France,France,Full-Time
379,2,evaluation,lq_lf,low,low,Sentyl,bfc6f4d0,1,0,80.6,14,FALSE,53,2,48,Male,0,3.4545454545454546,1,"ETF or ETC, Government Bonds, Stock Market, Crowdfunding",White,United States,United States,Full-Time
380,3,evaluation,lq_lf,low,low,Paperloom,e20d4e90,3,0,60.8,14,FALSE,31,3,24,Male,0,3.727272727272727,6,"ETF or ETC, Crowdfunding",Asian,United Kingdom,United Kingdom,Other
381,2,evaluation,lq_lf,low,low,Sentyl,bfc6f4d0,2,0,62.4,14,FALSE,22,2,42,Male,15,4.454545454545454,2,"ETF or ETC, Government Bonds, Stock Market, Unit trusts, Private Equity fund, Venture Capital fund, Options, Crowdfunding",White,United Kingdom,United Kingdom,Full-Time
382,2,evaluation,lq_lf,low,low,Sentyl,bfc6f4d0,2,5,146.8,14,FALSE,47,4,40,Male,3,3.6363636363636362,5,"Stock Market, Government Bonds, Options, Private Equity fund, ETF or ETC",Asian,India,India,Part-Time
383,8,evaluation,lq_lf,low,low,Servora,e06655dc,1,5,32.1,14,FALSE,50,4,39,Male,10,3.090909090909091,1,"Stock Market, Private Equity fund, Venture Capital fund",Asian,United States,United States,Full-Time
385,6,evaluation,lq_lf,low,low,Ironhall,817f1201,2,30,10.1,14,FALSE,51,6,23,Male,1,3.727272727272727,5,"ETF or ETC, Crowdfunding, Options, Stock Market",Asian,India,India,Unemployed (and job seeking)
386,1,evaluation,lq_lf,low,low,Axonmesh,c7e2221f,4,0,48.3,14,FALSE,34,5,37,Male,3,4,5,"ETF or ETC, Government Bonds, Stock Market, Unit trusts, Angel syndicate, Options, Crowdfunding, Other",White,United Kingdom,United Kingdom,Full-Time
387,7,evaluation,lq_lf,low,low,Curato,14efa601,2,15,240.4,14,FALSE,75,4,48,Male,12,4,3,"ETF or ETC, Government Bonds, Stock Market, Crowdfunding, Options, Venture Capital fund, Angel syndicate, Other",Black,United Kingdom,United Kingdom,Full-Time
389,6,evaluation,lq_lf,low,low,Ironhall,817f1201,2,50,11.3,14,FALSE,69,7,30,Male,0,4.636363636363637,3,"ETF or ETC, Government Bonds, Stock Market, Options, Crowdfunding, Other",White,United States,United States,Full-Time
393,3,evaluation,lq_lf,low,low,Paperloom,e20d4e90,3,18,112.6,14,FALSE,24,2,60,Male,15,3.909090909090909,5,"Government Bonds, Stock Market, Private Equity fund, Crowdfunding, Unit trusts, ETF or ETC",Black,United Kingdom,United Kingdom,Full-Time
394,2,evaluation,lq_lf,low,low,Sentyl,bfc6f4d0,1,40,67.4,14,FALSE,22,2,60,Male,15,4.2727272727272725,5,"Government Bonds, Stock Market, Options, Venture Capital fund, Crowdfunding",White,United States,United States,"Not in paid work (e.g. homemaker', 'retired or disabled)"
396,4,evaluation,lq_lf,low,low,Pulsegrid,e7f29679,3,35,16.2,14,FALSE,38,4,40,Male,12,3.909090909090909,5,"ETF or ETC, Government Bonds, Stock Market, Crowdfunding, Venture Capital fund, Other, Options, Angel syndicate",White,Brazil,Brazil,Full-Time
399,1,evaluation,lq_lf,low,low,Axonmesh,c7e2221f,4,30,147.5,14,FALSE,59,5,34,Male,4,4.2727272727272725,4,"Stock Market, Private Equity fund, ETF or ETC, Options",White,United States,United States,Full-Time
401,7,evaluation,lq_lf,low,low,Curato,14efa601,1,20,105.1,13,FALSE,18,6,32,Male,0,3.909090909090909,3,"Government Bonds, Stock Market, Options, Crowdfunding, Other, ETF or ETC",Black,France,Nigeria,Unemployed (and job seeking)
402,7,evaluation,lq_lf,low,low,Curato,14efa601,2,10,72,14,FALSE,25,3,38,Male,0,3.4545454545454546,3,Crowdfunding,White,United Kingdom,United Kingdom,Full-Time
403,1,evaluation,lq_lf,low,low,Axonmesh,c7e2221f,4,30,17.8,14,FALSE,65,5,41,Male,3,4.363636363636363,3,"Stock Market, Crowdfunding",White,United Kingdom,United Kingdom,Full-Time
405,2,evaluation,lq_lf,low,low,Sentyl,bfc6f4d0,1,5,65.9,14,FALSE,65,3,35,Female,2,3.1818181818181817,5,"ETF or ETC, Stock Market, Private Equity fund, Crowdfunding",Mixed,Germany,Germany,Full-Time
406,4,evaluation,lq_lf,low,low,Pulsegrid,e7f29679,1,25,157.1,14,FALSE,85,6,43,Female,5,4,3,Private Equity fund,White,United States,United States,Full-Time
407,5,evaluation,lq_lf,low,low,Foliant,3eed90b1,2,25,56.2,14,FALSE,24,3,43,Male,7,3.6363636363636362,1,"ETF or ETC, Government Bonds, Stock Market, Private Equity fund, Venture Capital fund",White,United States,United States,Other
409,5,evaluation,lq_lf,low,low,Foliant,3eed90b1,4,10,34.3,14,FALSE,78,4,42,Male,1,3.4545454545454546,6,"Government Bonds, Private Equity fund",White,Brazil,Brazil,Full-Time
410,3,evaluation,lq_lf,low,low,Paperloom,e20d4e90,4,25,26.3,14,FALSE,23,3,66,Male,0,3.1818181818181817,4,Private Equity fund,White,United States,United States,Part-Time
411,7,evaluation,lq_lf,low,low,Curato,14efa601,3,0,39.2,11,FALSE,16,2,44,Male,0,3.090909090909091,4,"Stock Market, Crowdfunding",White,United States,United States,Full-Time
412,8,evaluation,lq_lf,low,low,Servora,e06655dc,2,0,99.2,14,FALSE,61,2,37,Male,7,3.3636363636363638,5,"Government Bonds, Stock Market, Crowdfunding",White,United Kingdom,United Kingdom,Full-Time
413,7,evaluation,lq_lf,low,low,Curato,14efa601,2,0,91.4,14,FALSE,13,2,56,Male,15,3.5454545454545454,7,"ETF or ETC, Stock Market, Crowdfunding, Options",Asian,United States,United Kingdom,Full-Time
414,8,evaluation,lq_lf,low,low,Servora,e06655dc,4,10,212.3,14,FALSE,60,3,35,Male,5,4.181818181818182,1,"ETF or ETC, Government Bonds, Stock Market, Options, Private Equity fund, Venture Capital fund",White,United States,United States,Full-Time
415,1,evaluation,lq_lf,low,low,Axonmesh,c7e2221f,2,5,29.2,14,FALSE,36,3,31,Female,3,5,2,"Government Bonds, Stock Market, Private Equity fund",Black,United Kingdom,Nigeria,Full-Time
416,6,evaluation,lq_lf,low,low,Ironhall,817f1201,1,0,32.9,14,FALSE,62,4,31,Male,3,3.090909090909091,2,"ETF or ETC, Stock Market, Venture Capital fund, Crowdfunding",White,Canada,Canada,Full-Time
419,8,evaluation,lq_lf,low,low,Servora,e06655dc,3,25,27.5,14,FALSE,42,5,49,Female,1,3.8181818181818183,3,"ETF or ETC, Stock Market, Crowdfunding",White,United States,United States,"Not in paid work (e.g. homemaker', 'retired or disabled)"
420,3,evaluation,lq_lf,low,low,Paperloom,e20d4e90,3,20,167.3,14,FALSE,42,3,28,Female,1,3.3636363636363638,4,"Stock Market, Crowdfunding",Black,United States,United States,Full-Time
421,8,evaluation,lq_lf,low,low,Servora,e06655dc,2,10,91.4,14,FALSE,8,2,36,Male,5,3.6363636363636362,4,"Government Bonds, Stock Market, Private Equity fund",White,United Kingdom,United Kingdom,Full-Time
422,2,evaluation,lq_lf,low,low,Sentyl,bfc6f4d0,3,10,162,14,FALSE,57,5,66,Male,10,4.454545454545454,5,"ETF or ETC, Stock Market, Government Bonds, Crowdfunding, Private Equity fund, Venture Capital fund",White,United States,United States,Part-Time
424,3,evaluation,lq_lf,low,low,Paperloom,e20d4e90,3,30,260.6,14,FALSE,67,5,59,Female,4,3.6363636363636362,4,"Crowdfunding, Government Bonds",White,United Kingdom,United Kingdom,Full-Time
427,1,evaluation,lq_lf,low,low,Axonmesh,c7e2221f,3,0,31.3,14,FALSE,4,4,73,Female,12,4.181818181818182,4,"Government Bonds, Stock Market, Private Equity fund, Venture Capital fund",White,United States,United States,"Not in paid work (e.g. homemaker', 'retired or disabled)"
428,7,evaluation,lq_lf,low,low,Curato,14efa601,1,15,121.9,14,FALSE,51,4,33,Male,0,3.4545454545454546,4,"Stock Market, Crowdfunding",Mixed,Brazil,Brazil,Full-Time
429,5,evaluation,lq_lf,low,low,Foliant,3eed90b1,2,35,85.8,14,FALSE,87,7,36,Male,1,3.727272727272727,2,"Government Bonds, Stock Market, Crowdfunding",White,United Kingdom,United Kingdom,Full-Time
431,6,evaluation,lq_lf,low,low,Ironhall,817f1201,4,30,32.8,14,FALSE,92,6,35,Male,15,4,4,"ETF or ETC, Government Bonds, Stock Market, Unit trusts, Angel syndicate, Options, Private Equity fund, Venture Capital fund, Crowdfunding, Other",Mixed,Brazil,Brazil,Full-Time
432,8,evaluation,lq_lf,low,low,Servora,e06655dc,4,20,16.5,1,FALSE,22,5,47,Female,5,4.545454545454546,6,"Government Bonds, Stock Market, Private Equity fund",White,United States,United States,Full-Time
433,1,evaluation,lq_lf,low,low,Axonmesh,c7e2221f,2,10,120.3,14,FALSE,56,5,42,Female,7,4.090909090909091,5,"Government Bonds, Stock Market, Crowdfunding, Other",White,United Kingdom,United Kingdom,Other
434,2,evaluation,lq_lf,low,low,Sentyl,bfc6f4d0,2,30,20.7,14,FALSE,39,4,24,Male,1,2.4545454545454546,6,"Stock Market, ETF or ETC, Other, Options, Crowdfunding",Mixed,United Kingdom,United Kingdom,Unemployed (and job seeking)
435,4,evaluation,lq_lf,low,low,Pulsegrid,e7f29679,2,30,120.9,14,FALSE,19,4,43,Male,6,3.909090909090909,2,"Government Bonds, Stock Market, Options, Crowdfunding",White,United Kingdom,United Kingdom,Full-Time
437,1,evaluation,lq_lf,low,low,Axonmesh,c7e2221f,4,20,59.4,14,FALSE,18,3,42,Female,5,4.090909090909091,6,"Stock Market, Private Equity fund",Black,United States,United States,Full-Time
438,6,evaluation,lq_lf,low,low,Ironhall,817f1201,3,0,60.1,14,FALSE,46,3,35,Female,0,3.8181818181818183,7,"Stock Market, Crowdfunding",White,United Kingdom,United Kingdom,Full-Time
441,7,evaluation,lq_lf,low,low,Curato,14efa601,4,5,26.2,14,FALSE,51,2,47,Male,6,4.363636363636363,5,"ETF or ETC, Government Bonds, Stock Market, Private Equity fund, Venture Capital fund",Black,United States,United States,Full-Time
443,4,evaluation,lq_lf,low,low,Pulsegrid,e7f29679,1,25,47.5,14,FALSE,38,5,22,Female,4,4.545454545454546,5,"ETF or ETC, Government Bonds, Stock Market, Private Equity fund",Black,United States,United States,Full-Time
444,7,evaluation,lq_lf,low,low,Curato,14efa601,2,0,127.4,14,FALSE,20,2,58,Male,0,4.636363636363637,3,Crowdfunding,White,United States,United States,Full-Time
445,2,evaluation,lq_lf,low,low,Sentyl,bfc6f4d0,3,30,104.1,14,FALSE,75,6,28,Male,2,4,6,"Private Equity fund, Stock Market, Government Bonds",Black,France,Ghana,Full-Time
446,8,evaluation,lq_lf,low,low,Servora,e06655dc,2,20,104.5,13,FALSE,10,5,24,Male,5,4.909090909090909,6,"ETF or ETC, Government Bonds, Stock Market, Unit trusts, Options, Angel syndicate, Private Equity fund, Venture Capital fund, Crowdfunding, Other",White,United Kingdom,United Kingdom,Full-Time
447,7,evaluation,lq_lf,low,low,Curato,14efa601,2,35,61.4,14,FALSE,21,3,41,Male,5,3.6363636363636362,5,"Stock Market, ETF or ETC, Government Bonds, Options, Private Equity fund, Unit trusts, Angel syndicate",White,United States,United States,Full-Time
448,3,evaluation,lq_lf,low,low,Paperloom,e20d4e90,2,25,115.9,14,FALSE,85,6,32,Male,2,4.545454545454546,3,"ETF or ETC, Stock Market, Options, Private Equity fund, Crowdfunding, Venture Capital fund",Black,United States,United States,Full-Time
449,5,evaluation,lq_lf,low,low,Foliant,3eed90b1,1,10,74.7,14,FALSE,48,3,28,Male,2,3.4545454545454546,2,"ETF or ETC, Government Bonds, Stock Market, Crowdfunding",Asian,United States,United States,Full-Time
450,5,evaluation,lq_lf,low,low,Foliant,3eed90b1,3,25,48.8,10,FALSE,56,4,50,Male,5,3.5454545454545454,5,"Stock Market, Crowdfunding",White,United States,United States,"Not in paid work (e.g. homemaker', 'retired or disabled)"
452,2,evaluation,lq_lf,low,low,Sentyl,bfc6f4d0,2,13,47.5,14,FALSE,20,3,22,Male,1,3.4545454545454546,5,"Crowdfunding, Stock Market",White,Brazil,Brazil,Unemployed (and job seeking)
453,1,evaluation,lq_lf,low,low,Axonmesh,c7e2221f,2,0,204.4,14,FALSE,68,3,54,Female,2,3.5454545454545454,2,Crowdfunding,White,United Kingdom,United Kingdom,Part-Time
455,8,evaluation,lq_lf,low,low,Servora,e06655dc,4,10,27.4,12,FALSE,70,4,31,Female,2,3.8181818181818183,5,"ETF or ETC, Government Bonds, Stock Market, Angel syndicate, Options, Unit trusts, Venture Capital fund, Private Equity fund, Crowdfunding, Other",Black,Canada,Canada,Full-Time
458,1,evaluation,lq_lf,low,low,Axonmesh,c7e2221f,4,30,48.3,14,FALSE,82,5,37,Male,2,4.2727272727272725,2,"Stock Market, Private Equity fund",White,United Kingdom,United Kingdom,Full-Time
460,4,evaluation,lq_lf,low,low,Pulsegrid,e7f29679,4,25,17.4,14,FALSE,91,7,37,Male,7,4.2727272727272725,2,"ETF or ETC, Stock Market, Angel syndicate, Venture Capital fund, Crowdfunding",White,United Kingdom,United Kingdom,Full-Time
461,3,evaluation,lq_lf,low,low,Paperloom,e20d4e90,2,20,124.5,14,FALSE,20,3,31,Female,0,3.272727272727273,5,"Government Bonds, Stock Market, Venture Capital fund",White,United States,United States,Full-Time
462,7,evaluation,lq_lf,low,low,Curato,14efa601,2,10,15.7,14,FALSE,30,3,36,Male,7,3.1818181818181817,6,"ETF or ETC, Stock Market, Venture Capital fund",White,United Kingdom,United Kingdom,Full-Time
463,3,evaluation,lq_lf,low,low,Paperloom,e20d4e90,3,15,65.9,14,FALSE,49,4,23,Female,4,4.636363636363637,4,"Stock Market, Venture Capital fund, Private Equity fund",Black,United States,United States,Full-Time
464,2,evaluation,lq_lf,low,low,Sentyl,bfc6f4d0,3,0,112.9,14,FALSE,4,1,39,Female,10,3.909090909090909,5,"Crowdfunding, Other",White,United Kingdom,United Kingdom,Full-Time
465,6,evaluation,lq_lf,low,low,Ironhall,817f1201,1,0,75.8,14,FALSE,46,7,39,Female,3,3.3636363636363638,1,"Crowdfunding, Government Bonds",White,United States,United States,"Not in paid work (e.g. homemaker', 'retired or disabled)"
467,6,evaluation,lq_lf,low,low,Ironhall,817f1201,2,15,137.9,14,FALSE,63,3,55,Female,0,3.3636363636363638,2,"Stock Market, Crowdfunding",White,France,Norway,Full-Time
468,1,evaluation,lq_lf,low,low,Axonmesh,c7e2221f,2,40,7.8,14,FALSE,36,3,35,Male,8,4.090909090909091,6,"Crowdfunding, Stock Market",Black,United Kingdom,United Kingdom,Full-Time
469,3,evaluation,lq_lf,low,low,Paperloom,e20d4e90,2,20,44.3,14,FALSE,69,5,41,Male,5,4.2727272727272725,3,"Government Bonds, Stock Market, ETF or ETC, Venture Capital fund, Unit trusts",Black,United States,United States,Part-Time
470,3,evaluation,lq_lf,low,low,Paperloom,e20d4e90,2,1,123.3,14,FALSE,6,1,35,Male,5,3.4545454545454546,2,"ETF or ETC, Government Bonds, Stock Market, Unit trusts, Angel syndicate, Options, Private Equity fund, Venture Capital fund, Crowdfunding, Other",Mixed,United States,United States,Full-Time
471,3,evaluation,lq_lf,low,low,Paperloom,e20d4e90,4,5,98.3,12,FALSE,91,4,45,Male,0,2.3636363636363638,4,"ETF or ETC, Stock Market, Crowdfunding",White,United States,United States,Full-Time
474,1,evaluation,lq_lf,low,low,Axonmesh,c7e2221f,1,30,84.2,14,FALSE,30,2,42,Male,2,3.090909090909091,5,"Government Bonds, ETF or ETC, Stock Market, Options, Private Equity fund, Other",Mixed,Brazil,Brazil,Part-Time
475,5,evaluation,lq_lf,low,low,Foliant,3eed90b1,2,20,129.9,14,FALSE,14,4,53,Male,10,3.6363636363636362,5,"ETF or ETC, Stock Market, Unit trusts, Crowdfunding",White,United Kingdom,United Kingdom,Part-Time
476,5,evaluation,lq_lf,low,low,Foliant,3eed90b1,3,25,67.8,14,FALSE,12,5,29,Male,2,4.2727272727272725,5,"Stock Market, Private Equity fund",Black,Canada,Canada,Part-Time
477,7,evaluation,lq_lf,low,low,Curato,14efa601,3,0,242.6,14,FALSE,17,2,40,Male,10,3.909090909090909,5,"ETF or ETC, Stock Market, Government Bonds, Options, Private Equity fund",Mixed,United States,United States,Full-Time
479,4,evaluation,lq_lf,low,low,Pulsegrid,e7f29679,3,5,47,14,FALSE,86,2,21,Male,1,3.6363636363636362,2,"ETF or ETC, Stock Market, Private Equity fund, Government Bonds",White,United Kingdom,United Kingdom,Full-Time
480,7,evaluation,lq_lf,low,low,Curato,14efa601,3,20,217.8,14,FALSE,19,5,30,Female,3,4.545454545454546,6,"ETF or ETC, Stock Market, Crowdfunding, Private Equity fund",Asian,United Kingdom,United Kingdom,Part-Time
481,8,evaluation,lq_lf,low,low,Servora,e06655dc,4,10,204.3,14,FALSE,58,5,45,Male,5,4.454545454545454,1,"ETF or ETC, Government Bonds, Stock Market, Unit trusts, Private Equity fund, Crowdfunding",Black,Canada,Canada,Full-Time
483,1,evaluation,lq_lf,low,low,Axonmesh,c7e2221f,2,20,106.4,14,FALSE,93,7,37,Male,3,5,4,"Stock Market, Private Equity fund, Other, Government Bonds, Options",Asian,India,India,Full-Time
485,5,evaluation,lq_lf,low,low,Foliant,3eed90b1,2,25,151.6,14,FALSE,62,5,34,Male,2,3.1818181818181817,4,"Stock Market, Venture Capital fund, Crowdfunding, ETF or ETC",Black,United States,United States,Part-Time
486,5,evaluation,lq_lf,low,low,Foliant,3eed90b1,2,20,81.5,14,FALSE,96,6,46,Female,2,4.545454545454546,3,"Government Bonds, Private Equity fund",Asian,India,India,Unemployed (and job seeking)
487,4,evaluation,lq_lf,low,low,Pulsegrid,e7f29679,2,0,123.3,14,FALSE,19,4,45,Female,0,3.909090909090909,7,"ETF or ETC, Stock Market, Crowdfunding",White,United Kingdom,United Kingdom,Part-Time
491,4,evaluation,lq_lf,low,low,Pulsegrid,e7f29679,4,30,152.9,14,FALSE,43,6,25,Female,3,4.545454545454546,2,"ETF or ETC, Crowdfunding, Stock Market, Venture Capital fund, Options",Black,United States,Nigeria,Full-Time
493,8,evaluation,lq_lf,low,low,Servora,e06655dc,2,30,283.3,14,FALSE,55,5,53,Female,8,3.727272727272727,2,"Stock Market, ETF or ETC, Private Equity fund",White,United States,United States,Full-Time
495,3,evaluation,lq_lf,low,low,Paperloom,e20d4e90,4,25,158,14,FALSE,34,3,34,Male,1,3.8181818181818183,1,"Stock Market, Crowdfunding, Options, Private Equity fund",White,United States,United States,Full-Time
497,1,evaluation,lq_lf,low,low,Axonmesh,c7e2221f,2,10,46.1,14,FALSE,75,6,32,Male,1,4.2727272727272725,7,"Government Bonds, Crowdfunding",Black,United States,Kenya,Part-Time
499,5,evaluation,lq_lf,low,low,Foliant,3eed90b1,4,15,57.5,14,FALSE,100,5,31,Male,7,4.090909090909091,1,"ETF or ETC, Stock Market, Unit trusts, Angel syndicate, Private Equity fund",White,United States,United States,Full-Time
500,8,evaluation,lq_lf,low,low,Servora,e06655dc,1,10,234.8,14,FALSE,43,5,59,Male,3,3.3636363636363638,3,"ETF or ETC, Stock Market, Unit trusts, Crowdfunding",White,United Kingdom,United Kingdom,Full-Time
501,6,evaluation,lq_lf,low,low,Ironhall,817f1201,3,20,94.7,14,FALSE,60,4,25,Male,2,3,1,"ETF or ETC, Stock Market, Private Equity fund, Crowdfunding",Asian,United Kingdom,United Kingdom,Unemployed (and job seeking)
502,7,evaluation,lq_lf,low,low,Curato,14efa601,1,NA,90.5,13,TRUE,77,6,37,Male,0,4.181818181818182,2,"ETF or ETC, Government Bonds, Stock Market, Options, Private Equity fund, Venture Capital fund, Crowdfunding",White,United States,United States,Full-Time
503,7,evaluation,lq_lf,low,low,Curato,14efa601,2,20,276.4,14,FALSE,63,5,29,Female,0,3.6363636363636362,3,"Government Bonds, Crowdfunding",Black,United Kingdom,United Kingdom,Part-Time
505,3,evaluation,lq_lf,low,low,Paperloom,e20d4e90,4,10,189.1,14,FALSE,56,3,39,Female,4,2.909090909090909,6,"Stock Market, Unit trusts, Other, Venture Capital fund",Black,Canada,Canada,Full-Time
507,5,evaluation,lq_lf,low,low,Foliant,3eed90b1,4,15,8.2,14,FALSE,18,2,25,Female,1,3.909090909090909,3,"Stock Market, Crowdfunding, Unit trusts, ETF or ETC, Private Equity fund",Asian,United Kingdom,United Kingdom,Full-Time
511,7,evaluation,lq_lf,low,low,Curato,14efa601,4,10,49,14,FALSE,71,5,32,Male,7,3.4545454545454546,5,"Stock Market, Private Equity fund, Crowdfunding, Venture Capital fund",Black,United Kingdom,United Kingdom,Full-Time
513,1,evaluation,lq_lf,low,low,Axonmesh,c7e2221f,4,10,74.9,7,FALSE,60,3,30,Male,5,3.8181818181818183,5,"ETF or ETC, Government Bonds, Stock Market, Angel syndicate",Black,United States,United States,Part-Time
518,6,evaluation,lq_lf,low,low,Ironhall,817f1201,4,0,80.5,5,FALSE,0,1,27,Male,0,4.181818181818182,5,"ETF or ETC, Stock Market, Private Equity fund",Mixed,United Kingdom,Turkey,Full-Time
521,5,evaluation,lq_lf,low,low,Foliant,3eed90b1,4,15,83.9,14,FALSE,75,3,38,Male,2,3.6363636363636362,5,"Government Bonds, ETF or ETC, Stock Market, Crowdfunding, Private Equity fund, Options",White,Canada,Canada,Full-Time
