ID,pattern,p1_venture_hq_hf,p1_venture_lq_hf,p1_venture_hq_lf,p1_venture_lq_lf,p2_venture_hq_hf,p2_venture_lq_hf,p2_venture_hq_lf,p2_venture_lq_lf,p1_deck_hq_hf,p1_deck_lq_hf,p1_deck_hq_lf,p1_deck_lq_lf,p2_deck_hq_hf,p2_deck_lq_hf,p2_deck_hq_lf,p2_deck_lq_lf,p1_sector_hq_hf,p1_sector_lq_hf,p1_sector_hq_lf,p1_sector_lq_lf,p2_sector_hq_hf,p2_sector_lq_hf,p2_sector_hq_lf,p2_sector_lq_lf,p1_order_hq_hf,p1_order_lq_hf,p1_order_hq_lf,p1_order_lq_lf,p2_order_hq_hf,p2_order_lq_hf,p2_order_hq_lf,p2_order_lq_lf,mc_order_p1_hq_hf,mc_order_p1_lq_hf,mc_order_p1_hq_lf,mc_order_p1_lq_lf,mc_order_p2_hq_hf,mc_order_p2_lq_hf,mc_order_p2_hq_lf,mc_order_p2_lq_lf,p1_tokens_hq_hf,p1_tokens_lq_hf,p1_tokens_hq_lf,p1_tokens_lq_lf,p2_capital_hq_hf,p2_capital_lq_hf,p2_capital_hq_lf,p2_capital_lq_lf,fluency_contrast_p1,quality_contrast_p1,fluency_contrast_p2,quality_contrast_p2,stage_x_fluency_contrast,mc_ease_p1_hq_hf,mc_ease_p1_lq_hf,mc_ease_p1_hq_lf,mc_ease_p1_lq_lf,mc_ease_p2_hq_hf,mc_ease_p2_lq_hf,mc_ease_p2_hq_lf,mc_ease_p2_lq_lf,mc_quality_p1_hq_hf,mc_quality_p1_lq_hf,mc_quality_p1_hq_lf,mc_quality_p1_lq_lf,mc_quality_p2_hq_hf,mc_quality_p2_lq_hf,mc_quality_p2_hq_lf,mc_quality_p2_lq_lf,p1_viewtime_hq_hf,p1_viewtime_lq_hf,p1_viewtime_hq_lf,p1_viewtime_lq_lf,p2_viewtime_hq_hf,p2_viewtime_lq_hf,p2_viewtime_hq_lf,p2_viewtime_lq_lf,p1_pagetime_hq_hf,p1_pagetime_lq_hf,p1_pagetime_hq_lf,p1_pagetime_lq_lf,p2_pagetime_hq_hf,p2_pagetime_lq_hf,p2_pagetime_hq_lf,p2_pagetime_lq_lf,p1_slides_seen_hq_hf,p1_slides_seen_lq_hf,p1_slides_seen_hq_lf,p1_slides_seen_lq_lf,p2_slides_seen_hq_hf,p2_slides_seen_lq_hf,p2_slides_seen_hq_lf,p2_slides_seen_lq_lf,p1_images_ok_hq_hf,p1_images_ok_lq_hf,p1_images_ok_hq_lf,p1_images_ok_lq_lf,p2_images_ok_hq_hf,p2_images_ok_lq_hf,p2_images_ok_hq_lf,p2_images_ok_lq_lf,p1_timeleft_hq_hf,p1_timeleft_lq_hf,p1_timeleft_hq_lf,p1_timeleft_lq_lf,p1_invalid_hq_hf,p1_invalid_lq_hf,p1_invalid_hq_lf,p1_invalid_lq_lf,p2_invalid_hq_hf,p2_invalid_lq_hf,p2_invalid_hq_lf,p2_invalid_lq_lf,age,gender,invest_experience,CVPA,fatigue,investment_types,ethnicity,country,nationality,employment,suspicion_probe,design_influence,design_influence_maybe_text,design_influence_yes_text,funnel_about,funnel_unusual,duration_study,viewport_width,viewport_height
1,3,Sentyl,Axonmesh,Servora,Curato,Ironhall,Foliant,Pulsegrid,Paperloom,bcd14e91,4fe27fae,574d1367,14efa601,b5fef669,08321160,f5bfffe5,e20d4e90,AI Security,Robotics Orchestration,AI Inference Infrastructure,AI Training Data,Edge-AI Hardware,Enterprise Knowledge Retrieval,AI Observability,Document Automation,3,2,4,1,1,3,2,4,7,8,1,3,2,6,5,4,40,15,40,5,55,10,30,5,5,30,15,35,-10,71,56,33,24,72,68,51,23,5,4,5,3,6,3,4,2,55.1,87.1,36.3,122.5,63.6,37.1,45.7,41,55.109,87.065,36.245,122.579,63.608,37.094,45.69,40.943,14,14,14,14,14,14,14,14,TRUE,TRUE,TRUE,TRUE,TRUE,TRUE,TRUE,TRUE,95,63,114,28,FALSE,FALSE,FALSE,FALSE,FALSE,FALSE,FALSE,FALSE,31,Male,0,3.272727272727273,6,"ETF or ETC, Stock Market, Government Bonds, Crowdfunding",White,Germany,Germany,Full-Time,Maybe a little,No,NA,NA,How exhausting multiple similiar inputs can be and influence further reading time,"They look very similar in terms of designs, KPIs",986,1680,915
2,4,Paperloom,Sentyl,Axonmesh,Servora,Curato,Ironhall,Foliant,Pulsegrid,340b9ba1,90a19744,e6065b1a,e06655dc,6b81ec39,3e0eedc2,fa1fe22c,e7f29679,Document Automation,AI Security,Robotics Orchestration,AI Inference Infrastructure,AI Training Data,Edge-AI Hardware,Enterprise Knowledge Retrieval,AI Observability,1,3,2,4,4,3,2,1,5,1,6,8,7,4,2,3,80,10,5,5,40,40,10,10,40,35,30,0,10,99,51,19,12,79,90,3,13,6,4,3,4,5,5,3,3,150.1,71.8,69.8,33.6,30.5,33.4,35.1,46.1,150.029,71.807,69.926,33.671,30.499,33.441,35.086,45.964,7,14,14,14,14,14,14,14,TRUE,TRUE,TRUE,TRUE,TRUE,TRUE,TRUE,TRUE,0,79,81,117,FALSE,FALSE,FALSE,FALSE,FALSE,FALSE,FALSE,FALSE,54,Female,5,3.4545454545454546,3,"Stock Market, Crowdfunding, Other",White,United Kingdom,United Kingdom,Other,Maybe a little,Yes,NA,The ones that were difficult to read meant I had little confidence in the ability of the company,"what difference having a time constraint on decisions has, and what difference the readability of the text makes","The colours were really difficult to read on some, for example, light grey on grey backgrounds.",1062,1280,665
3,7,Ironhall,Foliant,Pulsegrid,Paperloom,Sentyl,Axonmesh,Servora,Curato,b5fef669,08321160,f5bfffe5,e20d4e90,bcd14e91,4fe27fae,574d1367,14efa601,Edge-AI Hardware,Enterprise Knowledge Retrieval,AI Observability,Document Automation,AI Security,Robotics Orchestration,AI Inference Infrastructure,AI Training Data,4,3,1,2,4,1,2,3,1,7,5,4,6,2,3,8,40,35,20,5,35,5,40,20,25,10,-10,25,35,85,83,26,22,78,70,23,16,5,5,4,2,6,2,5,3,74.3,73.7,90.7,63.4,37.2,50.3,79.9,43.2,74.293,73.649,90.55,63.339,37.179,50.29,79.605,68.854,14,14,14,14,14,14,14,14,TRUE,TRUE,TRUE,TRUE,TRUE,TRUE,TRUE,TRUE,76,77,60,87,FALSE,FALSE,FALSE,FALSE,FALSE,FALSE,FALSE,FALSE,39,Female,2,2.727272727272727,5,"ETF or ETC, Stock Market, Crowdfunding",White,United Kingdom,United Kingdom,Unemployed (and job seeking),No,Maybe,Potentially. There were 2 that were almost greyed out and i struggled to take that info in as well as others. Bolder decks worked better/contrasts between colours,NA,Getting peoples initial thoughts on business ideas?,"Some of them were really similar, in the last batch 2 looked identical",896,1536,730
4,6,Foliant,Pulsegrid,Paperloom,Sentyl,Axonmesh,Servora,Curato,Ironhall,46c0bf32,2055e10c,081e5fb5,bfc6f4d0,f36cc003,e55a120c,cbc833b1,817f1201,Enterprise Knowledge Retrieval,AI Observability,Document Automation,AI Security,Robotics Orchestration,AI Inference Infrastructure,AI Training Data,Edge-AI Hardware,3,2,4,1,4,2,3,1,8,3,7,6,4,5,2,1,50,10,10,30,40,15,30,15,10,10,5,20,5,89,72,68,70,92,72,68,74,7,5,5,5,7,4,7,4,85.6,105.4,83.2,150.1,20.1,32.9,22.2,49.5,88.391,105.337,83.214,150.027,20.093,32.836,22.096,49.342,14,14,14,10,11,8,14,13,TRUE,TRUE,TRUE,TRUE,TRUE,TRUE,TRUE,TRUE,62,45,67,0,FALSE,FALSE,FALSE,FALSE,FALSE,FALSE,FALSE,FALSE,47,Male,10,4.181818181818182,4,"Government Bonds, Stock Market, Crowdfunding",White,United States,United States,Full-Time,No,No,NA,NA,first impressions of startup ideas?,no,1053,1920,945
5,5,Pulsegrid,Paperloom,Sentyl,Axonmesh,Servora,Curato,Ironhall,Foliant,dff2e369,84f4d358,0566fd88,c7e2221f,737deb7d,37c0ca72,87b7dfe9,3eed90b1,AI Observability,Document Automation,AI Security,Robotics Orchestration,AI Inference Infrastructure,AI Training Data,Edge-AI Hardware,Enterprise Knowledge Retrieval,2,1,3,4,1,4,2,3,1,8,7,4,2,3,5,6,40,0,0,60,50,0,40,10,-10,-10,0,40,-10,89,88,82,71,86,89,73,87,6,6,4,3,6,5,2,2,67,123.1,42.6,28.9,61.4,20,24.2,17.2,66.886,123.071,42.769,28.763,61.258,19.959,24.098,17.178,14,14,14,14,14,14,14,14,TRUE,TRUE,TRUE,TRUE,TRUE,TRUE,TRUE,TRUE,84,27,108,122,FALSE,FALSE,FALSE,FALSE,FALSE,FALSE,FALSE,FALSE,36,Male,1,2.909090909090909,1,"ETF or ETC, Government Bonds, Stock Market, Options, Crowdfunding, Other",White,Germany,Germany,Full-Time,No,No,NA,NA,If there is a rating difference between the first impression of a slide and a more thorough look.,Somew of them felt like greyed out.,1073,1699,968
6,7,Ironhall,Foliant,Pulsegrid,Paperloom,Sentyl,Axonmesh,Servora,Curato,b5fef669,08321160,f5bfffe5,e20d4e90,bcd14e91,4fe27fae,574d1367,14efa601,Edge-AI Hardware,Enterprise Knowledge Retrieval,AI Observability,Document Automation,AI Security,Robotics Orchestration,AI Inference Infrastructure,AI Training Data,4,3,1,2,2,3,4,1,6,5,7,4,3,2,1,8,60,0,20,20,30,15,30,25,10,30,-5,10,15,98,100,59,65,100,96,70,56,5,5,3,4,4,4,4,5,43.5,32.6,74.1,47.2,38.2,31.6,23.9,70.5,50.499,32.527,78.962,55.85,42.873,34.74,27.652,76.36,14,14,14,14,14,14,14,14,TRUE,TRUE,TRUE,TRUE,TRUE,TRUE,TRUE,TRUE,100,118,72,95,FALSE,FALSE,FALSE,FALSE,FALSE,FALSE,FALSE,FALSE,22,Female,1,3.4545454545454546,4,"Unit trusts, Stock Market, ETF or ETC, Options, Government Bonds, Crowdfunding",Asian,Singapore,Singapore,Unemployed (and job seeking),No,Maybe,"At most it would have impacted my decision by a few %, but I try to refer to the facts stated instead of how they look since it was explicitly mentioned to ignore how they look",NA,"I have no clue honestly, I felt like I was reading similar things over and over","Yeah, some had weird brightness/shading/presentation
It seems like only a few were presented normally",854,1536,826
9,5,Pulsegrid,Paperloom,Sentyl,Axonmesh,Servora,Curato,Ironhall,Foliant,dff2e369,84f4d358,0566fd88,c7e2221f,737deb7d,37c0ca72,87b7dfe9,3eed90b1,AI Observability,Document Automation,AI Security,Robotics Orchestration,AI Inference Infrastructure,AI Training Data,Edge-AI Hardware,Enterprise Knowledge Retrieval,3,1,4,2,3,1,4,2,6,4,8,7,2,5,1,3,20,20,45,15,50,20,20,10,-10,15,20,20,-30,92,90,15,0,75,95,8,6,5,6,5,3,5,7,4,2,57.7,64.6,98.8,112.7,22.4,57.7,76.2,11.7,134.685,150.026,150.011,150.021,22.317,61.051,76.324,11.632,14,5,14,11,14,14,14,4,TRUE,TRUE,TRUE,TRUE,TRUE,TRUE,TRUE,TRUE,16,0,0,0,FALSE,FALSE,FALSE,FALSE,FALSE,FALSE,FALSE,FALSE,40,Female,0,4,6,"Stock Market, Crowdfunding",White,United States,United States,Full-Time,No,Maybe,NA,NA,"If we would actually take the time to read the decks,  They were very challening to grasp and get an undestanding of,  This is not my field of expertise so my eyes almost immediately glazed over, but I did my best to choose the one I would like based on little knowledge",Some of them were difficult to read,1237,2408,1097
10,3,Sentyl,Axonmesh,Servora,Curato,Ironhall,Foliant,Pulsegrid,Paperloom,bcd14e91,4fe27fae,574d1367,14efa601,b5fef669,08321160,f5bfffe5,e20d4e90,AI Security,Robotics Orchestration,AI Inference Infrastructure,AI Training Data,Edge-AI Hardware,Enterprise Knowledge Retrieval,AI Observability,Document Automation,3,2,1,4,1,4,3,2,2,7,4,8,6,1,5,3,30,50,20,0,60,0,40,0,30,0,10,50,20,87,100,92,51,91,66,55,69,6,7,7,4,6,5,4,3,69.6,78.3,143.9,43.3,26,15.2,17.6,22.8,69.501,78.326,143.763,43.387,25.934,15.201,17.635,22.932,14,14,14,14,14,14,14,14,TRUE,TRUE,TRUE,TRUE,TRUE,TRUE,TRUE,TRUE,81,72,7,107,FALSE,FALSE,FALSE,FALSE,FALSE,FALSE,FALSE,FALSE,31,Male,4,3.909090909090909,3,"ETF or ETC, Stock Market, Unit trusts, Options, Private Equity fund, Venture Capital fund",White,United Kingdom,United Kingdom,Full-Time,No,No,NA,NA,Impressions of company portfolios,About half of them were 'greyed out',807,1366,633
11,6,Foliant,Pulsegrid,Paperloom,Sentyl,Axonmesh,Servora,Curato,Ironhall,46c0bf32,2055e10c,081e5fb5,bfc6f4d0,f36cc003,e55a120c,cbc833b1,817f1201,Enterprise Knowledge Retrieval,AI Observability,Document Automation,AI Security,Robotics Orchestration,AI Inference Infrastructure,AI Training Data,Edge-AI Hardware,3,4,1,2,4,3,1,2,4,5,1,7,6,8,3,2,5,80,5,10,10,5,15,70,35,-40,-35,-25,70,72,59,64,69,60,59,72,53,4,6,5,7,6,5,3,6,72.2,99.9,150.1,67.4,12.9,20.5,42.3,17.5,72.304,99.989,149.904,67.378,13.03,20.472,42.232,17.647,14,14,8,14,14,14,14,14,TRUE,TRUE,TRUE,TRUE,TRUE,TRUE,TRUE,TRUE,78,51,0,83,FALSE,FALSE,FALSE,FALSE,FALSE,FALSE,FALSE,FALSE,44,Male,8,4.2727272727272725,1,"Government Bonds, Stock Market, Options, Venture Capital fund",Black,United States,United States,Full-Time,No,Maybe,"The grey, simple ones didn't seem as enthusiastic.",NA,How you value start-ups.,no,1036,1920,953
12,8,Curato,Ironhall,Foliant,Pulsegrid,Paperloom,Sentyl,Axonmesh,Servora,6b81ec39,3e0eedc2,fa1fe22c,e7f29679,340b9ba1,90a19744,e6065b1a,e06655dc,AI Training Data,Edge-AI Hardware,Enterprise Knowledge Retrieval,AI Observability,Document Automation,AI Security,Robotics Orchestration,AI Inference Infrastructure,3,1,4,2,4,3,1,2,8,4,2,7,5,6,1,3,40,5,50,5,85,5,5,5,-5,40,40,40,-45,77,75,71,68,82,80,78,72,5,2,6,2,7,6,2,5,73.4,122.1,49.9,91.1,25.2,42.4,164.8,37.3,73.552,121.928,49.951,91.066,25.074,42.28,164.698,37.215,14,14,14,14,14,14,14,14,TRUE,TRUE,TRUE,TRUE,TRUE,TRUE,TRUE,TRUE,77,29,101,59,FALSE,FALSE,FALSE,FALSE,FALSE,FALSE,FALSE,FALSE,41,Male,2,3,3,"ETF or ETC, Government Bonds, Crowdfunding, Other, Stock Market",White,United Kingdom,United Kingdom,"Not in paid work (e.g. homemaker', 'retired or disabled)",No,No,NA,NA,I have absolutely no idea.,"I just focussed on the returns, the margins, how long until money could be made etc",1258,2560,1271
13,1,Servora,Curato,Ironhall,Foliant,Pulsegrid,Paperloom,Sentyl,Axonmesh,737deb7d,37c0ca72,87b7dfe9,3eed90b1,dff2e369,84f4d358,0566fd88,c7e2221f,AI Inference Infrastructure,AI Training Data,Edge-AI Hardware,Enterprise Knowledge Retrieval,AI Observability,Document Automation,AI Security,Robotics Orchestration,2,1,3,4,3,2,4,1,1,5,4,8,3,6,7,2,15,15,50,20,30,20,30,20,-20,15,0,10,-20,71,69,30,39,70,69,39,27,4,3,5,4,5,4,5,5,150.3,150.2,150.4,105.8,39,124.1,29.3,86.7,150.228,150.247,150.271,150.5,39.063,127.901,38.938,93.475,14,14,14,14,14,14,14,14,TRUE,TRUE,TRUE,TRUE,TRUE,TRUE,TRUE,TRUE,0,0,0,0,FALSE,FALSE,FALSE,FALSE,FALSE,FALSE,FALSE,FALSE,37,Female,1,2.727272727272727,7,"Stock Market, Crowdfunding, Other",White,France,France,Full-Time,No,Maybe,"It wqs discouraging to read the ones that were hard to read, it made me skip some parts",NA,I think it was about seeing if people would judge pitches differently if there's a sense of urgency or not,Some were barely readable,1279,1280,533
14,8,Curato,Ironhall,Foliant,Pulsegrid,Paperloom,Sentyl,Axonmesh,Servora,6b81ec39,3e0eedc2,fa1fe22c,e7f29679,340b9ba1,90a19744,e6065b1a,e06655dc,AI Training Data,Edge-AI Hardware,Enterprise Knowledge Retrieval,AI Observability,Document Automation,AI Security,Robotics Orchestration,AI Inference Infrastructure,1,3,2,4,3,4,1,2,7,6,2,4,3,8,1,5,0,70,20,10,70,0,30,0,20,-30,20,50,0,73,79,37,37,68,31,27,27,2,5,3,3,6,3,4,5,117.4,112.3,81.3,73.3,41.6,27.2,67.9,49.8,117.478,112.445,81.403,73.366,41.561,27.155,67.79,49.697,14,14,14,14,14,14,14,14,TRUE,TRUE,TRUE,TRUE,TRUE,TRUE,TRUE,TRUE,33,38,69,77,FALSE,FALSE,FALSE,FALSE,FALSE,FALSE,FALSE,FALSE,37,Male,4,3.8181818181818183,2,"Government Bonds, Stock Market, Crowdfunding",White,United States,United States,Unemployed (and job seeking),No,Yes,NA,If they were hard to read or appeared to have little effort in the information they gave I didn't want to support them,To see what projects people would support or put interest into,The smaller print was little hard to read but otherwise no problems,1096,1366,599
15,2,Axonmesh,Servora,Curato,Ironhall,Foliant,Pulsegrid,Paperloom,Sentyl,f36cc003,e55a120c,cbc833b1,817f1201,46c0bf32,2055e10c,081e5fb5,bfc6f4d0,Robotics Orchestration,AI Inference Infrastructure,AI Training Data,Edge-AI Hardware,Enterprise Knowledge Retrieval,AI Observability,Document Automation,AI Security,1,3,4,2,1,2,4,3,5,4,6,1,2,3,8,7,30,25,20,25,25,25,25,25,5,0,0,0,5,20,11,14,29,28,17,21,30,5,4,6,5,6,6,6,5,150.1,150.1,128,150,39.2,19.5,14.6,16.3,150.032,150.038,150.034,150.036,39.139,19.375,14.304,16.249,14,14,14,14,14,14,14,14,TRUE,TRUE,TRUE,TRUE,TRUE,TRUE,TRUE,TRUE,0,0,0,0,FALSE,FALSE,FALSE,FALSE,FALSE,FALSE,FALSE,FALSE,22,Male,4,4.363636363636363,7,"Options, Angel syndicate, Unit trusts, Stock Market, Government Bonds, ETF or ETC, Crowdfunding",Asian,India,India,Full-Time,Maybe a little,No,NA,NA,About memory and investing Skills,No,1221,1280,585
16,5,Pulsegrid,Paperloom,Sentyl,Axonmesh,Servora,Curato,Ironhall,Foliant,dff2e369,84f4d358,0566fd88,c7e2221f,737deb7d,37c0ca72,87b7dfe9,3eed90b1,AI Observability,Document Automation,AI Security,Robotics Orchestration,AI Inference Infrastructure,AI Training Data,Edge-AI Hardware,Enterprise Knowledge Retrieval,3,4,2,1,4,2,3,1,4,1,8,6,3,7,2,5,20,20,40,20,10,60,20,10,-10,10,20,-20,-30,100,84,0,1,85,87,26,17,6,5,3,3,6,5,3,4,65.7,81.1,91.9,108.3,169.8,18.5,79.7,66.4,128.388,150.021,150.029,150.03,169.812,18.637,79.618,71.631,13,14,8,14,1,14,8,14,TRUE,TRUE,TRUE,TRUE,TRUE,TRUE,TRUE,TRUE,22,0,0,0,FALSE,FALSE,FALSE,FALSE,FALSE,FALSE,FALSE,FALSE,68,Male,0,3.5454545454545454,6,"Stock Market, Private Equity fund",White,United States,United States,"Not in paid work (e.g. homemaker', 'retired or disabled)",No,Maybe,NA,NA,"I am not sure, I am not sure if some of the decks were off color a bit","Yes, it seemed almost like some of the decks had a grey tint to them, I thought maybe I had clicked something",1317,2408,1097
17,2,Axonmesh,Servora,Curato,Ironhall,Foliant,Pulsegrid,Paperloom,Sentyl,f36cc003,e55a120c,cbc833b1,817f1201,46c0bf32,2055e10c,081e5fb5,bfc6f4d0,Robotics Orchestration,AI Inference Infrastructure,AI Training Data,Edge-AI Hardware,Enterprise Knowledge Retrieval,AI Observability,Document Automation,AI Security,2,1,4,3,4,1,3,2,7,8,5,2,4,1,6,3,20,30,25,25,10,35,40,15,0,-5,-5,0,5,100,100,63,65,100,65,84,76,7,7,5,4,7,5,6,5,71.2,89.4,64.8,87.4,62.6,79.1,61.4,72.6,71.011,89.4,64.726,87.21,62.694,79.175,61.453,72.694,14,14,14,14,14,14,14,14,TRUE,TRUE,TRUE,TRUE,TRUE,TRUE,TRUE,TRUE,80,61,86,63,FALSE,FALSE,FALSE,FALSE,FALSE,FALSE,FALSE,FALSE,31,Male,4,3.727272727272727,5,"Stock Market, Private Equity fund, Crowdfunding, Venture Capital fund, Government Bonds, ETF or ETC, Unit trusts",Black,United Kingdom,United Kingdom,Part-Time,No,No,NA,NA,i'd say it was about evalauting early stage ai start ups,umm yeah they all followed the same slide format,1258,1366,599
18,4,Paperloom,Sentyl,Axonmesh,Servora,Curato,Ironhall,Foliant,Pulsegrid,340b9ba1,90a19744,e6065b1a,e06655dc,6b81ec39,3e0eedc2,fa1fe22c,e7f29679,Document Automation,AI Security,Robotics Orchestration,AI Inference Infrastructure,AI Training Data,Edge-AI Hardware,Enterprise Knowledge Retrieval,AI Observability,1,2,4,3,2,3,1,4,8,7,3,1,4,5,2,6,75,15,5,5,20,70,5,5,40,30,40,-25,0,81,50,25,0,59,92,21,27,5,4,2,2,4,5,3,3,149.9,150,145.7,150.2,41.1,37.7,40.4,45.6,150.017,150.025,150.028,150.027,41.071,37.597,40.63,45.619,14,14,14,14,14,14,14,14,TRUE,TRUE,TRUE,TRUE,TRUE,TRUE,TRUE,TRUE,0,0,0,0,FALSE,FALSE,FALSE,FALSE,FALSE,FALSE,FALSE,FALSE,33,Female,2,4.454545454545454,4,"Options, Crowdfunding, Stock Market, Government Bonds, ETF or ETC",White,United Kingdom,Hungary,Full-Time,Maybe a little,Yes,NA,I found myself preferring the decks with nicer designs.,The relationship between colour/design/theme and content and how much visual impression influences attention to content.,Some were very faded and low contrast with odd spacing.,1229,1920,1065
19,3,Sentyl,Axonmesh,Servora,Curato,Ironhall,Foliant,Pulsegrid,Paperloom,bcd14e91,4fe27fae,574d1367,14efa601,b5fef669,08321160,f5bfffe5,e20d4e90,AI Security,Robotics Orchestration,AI Inference Infrastructure,AI Training Data,Edge-AI Hardware,Enterprise Knowledge Retrieval,AI Observability,Document Automation,3,2,4,1,2,3,1,4,1,7,8,6,4,5,3,2,30,15,35,20,30,20,35,15,-5,15,0,15,-5,73,91,3,6,94,83,7,10,6,6,2,2,6,6,2,2,72.7,85.7,79.3,111,169.8,67.3,341.1,43.1,72.629,85.84,79.002,110.901,169.832,67.287,341.015,42.743,14,14,14,14,14,14,14,14,TRUE,TRUE,TRUE,TRUE,TRUE,TRUE,TRUE,TRUE,78,65,72,40,FALSE,FALSE,FALSE,FALSE,FALSE,FALSE,FALSE,FALSE,33,Female,4,4.090909090909091,6,"Stock Market, Crowdfunding, Government Bonds",White,United Kingdom,United Kingdom,Full-Time,No,Yes,NA,yes as I obviously couldn't get the same information from the blurry decks,"evaluating startups under uncertainty, identifying promising companies from investor pitch decks","yes, about half of them were blurry and couldn't make out the text properly",1416,1280,713
21,1,Servora,Curato,Ironhall,Foliant,Pulsegrid,Paperloom,Sentyl,Axonmesh,737deb7d,37c0ca72,87b7dfe9,3eed90b1,dff2e369,84f4d358,0566fd88,c7e2221f,AI Inference Infrastructure,AI Training Data,Edge-AI Hardware,Enterprise Knowledge Retrieval,AI Observability,Document Automation,AI Security,Robotics Orchestration,1,4,3,2,4,1,2,3,6,4,3,7,8,2,1,5,10,25,50,15,15,20,30,35,-15,10,-15,-5,0,33,54,82,32,48,50,77,66,5,4,6,4,5,5,6,4,84.2,79.1,59.9,97,15.7,36.4,50.3,33.6,83.902,78.933,59.938,97.145,15.781,36.302,50.362,33.547,14,14,14,14,14,14,14,14,TRUE,TRUE,TRUE,TRUE,TRUE,TRUE,TRUE,TRUE,67,72,91,53,FALSE,FALSE,FALSE,FALSE,FALSE,FALSE,FALSE,FALSE,39,Male,0,3.272727272727273,3,"Stock Market, Crowdfunding",White,United States,United States,Part-Time,No,No,NA,NA,Judging a proposal/task with and without a time limit.,They used very similar templates/data,957,1536,695
22,1,Servora,Curato,Ironhall,Foliant,Pulsegrid,Paperloom,Sentyl,Axonmesh,737deb7d,37c0ca72,87b7dfe9,3eed90b1,dff2e369,84f4d358,0566fd88,c7e2221f,AI Inference Infrastructure,AI Training Data,Edge-AI Hardware,Enterprise Knowledge Retrieval,AI Observability,Document Automation,AI Security,Robotics Orchestration,1,4,2,3,1,2,4,3,6,5,7,2,1,8,4,3,20,50,10,20,10,60,10,20,20,-20,20,-30,0,99,81,21,0,84,92,0,1,6,5,5,5,6,6,5,4,105.3,12.4,52.8,80.2,10.8,28.1,321.3,7.3,151.653,58.236,150.015,143.632,81.854,71.017,321.357,7.377,14,11,4,14,14,14,14,14,TRUE,TRUE,TRUE,TRUE,TRUE,TRUE,TRUE,TRUE,0,92,0,7,FALSE,FALSE,FALSE,FALSE,FALSE,FALSE,FALSE,FALSE,48,Male,0,4.090909090909091,3,"Stock Market, Private Equity fund, Crowdfunding",White,United States,United States,Full-Time,Maybe a little,No,NA,NA,"I am not sure, at this point I am wondering if maybe you are just testing if we would actually go through with reading the decks",Some of them had a tint to them,1405,2560,1271
23,1,Servora,Curato,Ironhall,Foliant,Pulsegrid,Paperloom,Sentyl,Axonmesh,737deb7d,37c0ca72,87b7dfe9,3eed90b1,dff2e369,84f4d358,0566fd88,c7e2221f,AI Inference Infrastructure,AI Training Data,Edge-AI Hardware,Enterprise Knowledge Retrieval,AI Observability,Document Automation,AI Security,Robotics Orchestration,3,2,1,4,3,1,2,4,6,5,4,2,7,8,1,3,40,20,30,10,40,20,20,20,10,20,10,10,0,60,67,68,63,62,51,63,57,4,3,6,4,5,4,5,5,112.8,122.5,150.6,63.8,57.6,85,46.4,36.3,112.901,122.558,150.402,63.746,57.44,87.502,46.207,36.514,14,14,12,14,14,14,14,14,TRUE,TRUE,TRUE,TRUE,TRUE,TRUE,TRUE,TRUE,38,28,0,87,FALSE,FALSE,FALSE,FALSE,FALSE,FALSE,FALSE,FALSE,43,Female,2,4.363636363636363,3,"ETF or ETC, Stock Market, Government Bonds, Crowdfunding",Black,United States,United States,Full-Time,No,No,NA,NA,To understand how people evaluate startup companies.,no,1275,1280,649
24,4,Paperloom,Sentyl,Axonmesh,Servora,Curato,Ironhall,Foliant,Pulsegrid,340b9ba1,90a19744,e6065b1a,e06655dc,6b81ec39,3e0eedc2,fa1fe22c,e7f29679,Document Automation,AI Security,Robotics Orchestration,AI Inference Infrastructure,AI Training Data,Edge-AI Hardware,Enterprise Knowledge Retrieval,AI Observability,4,2,3,1,1,2,4,3,1,3,6,8,7,2,5,4,40,15,15,30,30,30,10,30,5,5,10,-10,-5,100,100,100,100,100,100,100,100,7,5,4,6,6,5,3,6,102.2,79.2,49.1,107.1,157.1,58.8,38.3,47.3,102.356,104.709,75.742,111.875,157.132,58.701,38.243,47.489,14,14,14,14,14,14,14,14,TRUE,TRUE,TRUE,TRUE,TRUE,TRUE,TRUE,TRUE,48,46,75,39,FALSE,FALSE,FALSE,FALSE,FALSE,FALSE,FALSE,FALSE,37,Male,2,3.909090909090909,1,"ETF or ETC, Stock Market, Private Equity fund",Asian,Germany,Germany,Part-Time,No,Maybe,I tried to understand the main idea behind the business plan. They were quite interesting.,NA,"Comparing business plans, target market, and how well the business sound to others",They were well organized and prepared to be presented,1315,2560,1313
25,8,Curato,Ironhall,Foliant,Pulsegrid,Paperloom,Sentyl,Axonmesh,Servora,6b81ec39,3e0eedc2,fa1fe22c,e7f29679,340b9ba1,90a19744,e6065b1a,e06655dc,AI Training Data,Edge-AI Hardware,Enterprise Knowledge Retrieval,AI Observability,Document Automation,AI Security,Robotics Orchestration,AI Inference Infrastructure,3,1,4,2,3,1,2,4,8,1,7,2,3,4,6,5,50,30,10,10,20,30,20,30,30,10,0,-10,30,85,73,35,9,87,91,14,13,6,5,3,5,4,6,6,6,150,150,150.2,150,67.1,75.4,67.8,70.9,149.902,150.016,150.015,149.901,67.082,75.481,67.669,70.857,14,12,14,13,14,14,14,14,TRUE,TRUE,TRUE,TRUE,TRUE,TRUE,TRUE,TRUE,0,0,0,0,FALSE,FALSE,FALSE,FALSE,FALSE,FALSE,FALSE,FALSE,59,Female,10,3.8181818181818183,2,Crowdfunding,Other,United Kingdom,United States,NA,No,Yes,NA,Some of them I could not read well at all and so had a very hard time judging them,How the appearance of the pitch decks impacts on our decision making process and on how we judge the stacks,"Yes, some of the decks were grey and had tiny type, making them very hard to read, while others were in black print on white and had larger lettering.",1363,1433,713
27,6,Foliant,Pulsegrid,Paperloom,Sentyl,Axonmesh,Servora,Curato,Ironhall,46c0bf32,2055e10c,081e5fb5,bfc6f4d0,f36cc003,e55a120c,cbc833b1,817f1201,Enterprise Knowledge Retrieval,AI Observability,Document Automation,AI Security,Robotics Orchestration,AI Inference Infrastructure,AI Training Data,Edge-AI Hardware,1,3,4,2,4,1,2,3,5,8,2,4,1,3,6,7,2,25,45,28,40,15,30,15,-23,-3,5,20,-28,80,55,66,33,76,63,20,0,7,5,5,3,6,6,3,1,115.7,149.9,104.3,143.2,74.8,57.3,58.2,43.2,115.743,149.77,104.006,143.239,74.7,57.253,58.138,43.079,14,14,14,14,14,14,14,14,TRUE,TRUE,TRUE,TRUE,TRUE,TRUE,TRUE,TRUE,35,1,46,7,FALSE,FALSE,FALSE,FALSE,FALSE,FALSE,FALSE,FALSE,36,Male,2,3.909090909090909,5,"ETF or ETC, Government Bonds, Stock Market, Private Equity fund, Crowdfunding, Venture Capital fund, Options",Black,United States,United States,Full-Time,Maybe a little,Maybe,"The dark colored ones were not very appealing. But generally, i mostly considered the serviceable market to award points",NA,How people analyze startups and what considerations they make to approximate its worth,no,1472,1280,585
29,6,Foliant,Pulsegrid,Paperloom,Sentyl,Axonmesh,Servora,Curato,Ironhall,46c0bf32,2055e10c,081e5fb5,bfc6f4d0,f36cc003,e55a120c,cbc833b1,817f1201,Enterprise Knowledge Retrieval,AI Observability,Document Automation,AI Security,Robotics Orchestration,AI Inference Infrastructure,AI Training Data,Edge-AI Hardware,2,4,1,3,1,3,4,2,2,4,5,1,3,6,7,8,45,15,25,15,50,25,0,25,10,20,25,0,-15,85,84,19,14,84,76,19,21,4,4,5,4,7,7,3,4,35.2,81.2,76.9,23.7,17.9,18.4,8.9,12.4,35.19,81.298,76.689,23.728,20.26,18.378,8.964,12.409,14,14,14,14,14,14,14,14,TRUE,TRUE,TRUE,TRUE,TRUE,TRUE,TRUE,TRUE,115,69,74,127,FALSE,FALSE,FALSE,FALSE,FALSE,FALSE,FALSE,FALSE,49,Female,0,2.4545454545454546,4,"ETF or ETC, Crowdfunding",White,United Kingdom,United Kingdom,Full-Time,No,No,NA,NA,not sure,some hard to read due to filter over them in grey,1334,1464,657
31,5,Pulsegrid,Paperloom,Sentyl,Axonmesh,Servora,Curato,Ironhall,Foliant,dff2e369,84f4d358,0566fd88,c7e2221f,737deb7d,37c0ca72,87b7dfe9,3eed90b1,AI Observability,Document Automation,AI Security,Robotics Orchestration,AI Inference Infrastructure,AI Training Data,Edge-AI Hardware,Enterprise Knowledge Retrieval,3,1,4,2,3,1,4,2,3,7,6,5,8,2,1,4,30,20,30,20,25,25,25,25,0,10,0,0,0,100,100,98,93,71,100,98,51,7,4,7,6,6,6,5,4,41.3,147.6,25.8,25.1,23.6,39,20.2,48,41.246,147.686,25.961,25.136,23.574,38.878,20.161,48.028,14,14,14,1,14,14,14,14,TRUE,TRUE,TRUE,TRUE,TRUE,TRUE,TRUE,TRUE,109,3,125,125,FALSE,FALSE,FALSE,FALSE,FALSE,FALSE,FALSE,FALSE,37,Male,2,4,2,"Stock Market, Private Equity fund, Government Bonds",Black,United Kingdom,United Kingdom,Full-Time,No,No,NA,NA,it was about judging how i evaluate startups pitchdecks,everyone had a unique way of telling us about their startups,1160,1362,595
32,6,Foliant,Pulsegrid,Paperloom,Sentyl,Axonmesh,Servora,Curato,Ironhall,46c0bf32,2055e10c,081e5fb5,bfc6f4d0,f36cc003,e55a120c,cbc833b1,817f1201,Enterprise Knowledge Retrieval,AI Observability,Document Automation,AI Security,Robotics Orchestration,AI Inference Infrastructure,AI Training Data,Edge-AI Hardware,4,3,2,1,4,2,3,1,2,4,7,6,1,3,8,5,45,5,30,20,40,10,35,15,0,25,0,25,0,100,91,100,68,100,100,100,79,6,4,6,3,6,4,4,3,78.4,80.4,138.6,144.6,35.6,43.4,48.4,52.2,78.511,80.242,138.587,144.657,35.501,43.216,48.418,52.353,14,14,14,14,14,14,14,14,TRUE,TRUE,TRUE,TRUE,TRUE,TRUE,TRUE,TRUE,72,70,12,6,FALSE,FALSE,FALSE,FALSE,FALSE,FALSE,FALSE,FALSE,33,Male,4,3.272727272727273,1,Private Equity fund,White,Brazil,Brazil,Full-Time,Maybe a little,No,NA,NA,"Evaluating startups you might potentially invest in, or that are worth keeping an eye on for future investments, besides of course measuring that attention.",All presentations followed the same structure.,1283,2327,1155
33,7,Ironhall,Foliant,Pulsegrid,Paperloom,Sentyl,Axonmesh,Servora,Curato,b5fef669,08321160,f5bfffe5,e20d4e90,bcd14e91,4fe27fae,574d1367,14efa601,Edge-AI Hardware,Enterprise Knowledge Retrieval,AI Observability,Document Automation,AI Security,Robotics Orchestration,AI Inference Infrastructure,AI Training Data,2,3,4,1,4,2,1,3,6,3,4,5,8,2,1,7,70,0,30,0,20,15,40,25,20,50,-15,10,35,99,100,32,72,28,100,28,72,7,3,7,3,4,6,6,5,150,129.7,127.8,134.1,77.1,121.7,79.4,32,150.032,129.829,127.872,134.188,77.067,121.736,80.435,32.038,14,14,14,14,14,14,14,1,TRUE,TRUE,TRUE,TRUE,TRUE,TRUE,TRUE,TRUE,0,21,23,16,FALSE,FALSE,FALSE,FALSE,FALSE,FALSE,FALSE,FALSE,31,Male,2,3.8181818181818183,3,"ETF or ETC, Government Bonds, Stock Market, Private Equity fund, Venture Capital fund",White,Canada,Canada,Full-Time,No,No,NA,NA,Evaluating AI startup ideas to further start an actual company.,They all seemed very similar.,1150,1920,911
34,8,Curato,Ironhall,Foliant,Pulsegrid,Paperloom,Sentyl,Axonmesh,Servora,6b81ec39,3e0eedc2,fa1fe22c,e7f29679,340b9ba1,90a19744,e6065b1a,e06655dc,AI Training Data,Edge-AI Hardware,Enterprise Knowledge Retrieval,AI Observability,Document Automation,AI Security,Robotics Orchestration,AI Inference Infrastructure,3,1,2,4,2,3,4,1,8,1,5,6,7,4,3,2,5,30,60,5,50,20,25,5,-15,15,20,25,-35,62,74,36,32,87,68,37,30,4,4,6,2,6,5,4,2,114.1,132.4,148.8,95.1,101.1,78.5,75.8,81.7,114.323,132.24,148.744,95.179,101.021,78.645,75.661,81.901,14,14,14,14,14,14,14,14,TRUE,TRUE,TRUE,TRUE,TRUE,TRUE,TRUE,TRUE,36,18,2,55,FALSE,FALSE,FALSE,FALSE,FALSE,FALSE,FALSE,FALSE,31,Male,2,3,4,"Stock Market, Crowdfunding",White,United Kingdom,United Kingdom,Full-Time,No,No,NA,NA,The impact removing the time limit to view the pitch decks had on our ability to opt for quality choices.,Nothing - beyond they all followed the same general pattern.,1144,1920,911
35,6,Foliant,Pulsegrid,Paperloom,Sentyl,Axonmesh,Servora,Curato,Ironhall,46c0bf32,2055e10c,081e5fb5,bfc6f4d0,f36cc003,e55a120c,cbc833b1,817f1201,Enterprise Knowledge Retrieval,AI Observability,Document Automation,AI Security,Robotics Orchestration,AI Inference Infrastructure,AI Training Data,Edge-AI Hardware,1,2,4,3,3,2,1,4,5,3,4,7,6,2,8,1,15,30,45,10,5,15,40,40,-5,10,-30,-5,25,92,78,89,25,23,62,50,35,7,6,7,4,4,5,4,4,120.2,90,89.3,127.9,62.9,59.5,70.3,54.5,120.02,90.067,89.255,127.97,62.822,59.273,70.181,54.258,14,14,14,14,14,14,14,14,TRUE,TRUE,TRUE,TRUE,TRUE,TRUE,TRUE,TRUE,30,60,61,23,FALSE,FALSE,FALSE,FALSE,FALSE,FALSE,FALSE,FALSE,36,Female,8,3.727272727272727,4,Crowdfunding,Black,United Kingdom,United Kingdom,Unemployed (and job seeking),No,Yes,NA,The brighter the deck was the more my attention was captured,"Absorbing the information from decks and proposals and scoring them, also taking note of how tiring the amount of information can be.",They were all AI focused and had similar services and tools being provided. And the colour schemes,1147,1447,854
38,6,Foliant,Pulsegrid,Paperloom,Sentyl,Axonmesh,Servora,Curato,Ironhall,46c0bf32,2055e10c,081e5fb5,bfc6f4d0,f36cc003,e55a120c,cbc833b1,817f1201,Enterprise Knowledge Retrieval,AI Observability,Document Automation,AI Security,Robotics Orchestration,AI Inference Infrastructure,AI Training Data,Edge-AI Hardware,2,3,4,1,4,3,1,2,4,8,3,7,5,1,6,2,40,30,20,10,40,15,20,25,20,10,5,10,15,24,36,16,32,67,66,39,78,5,3,6,2,4,4,3,4,58.9,5.4,5.1,84,4.3,5.4,25.9,4.7,58.83,5.533,4.964,84.06,4.596,5.323,25.87,4.6,14,14,14,14,14,14,14,14,TRUE,TRUE,TRUE,TRUE,TRUE,TRUE,TRUE,TRUE,92,145,146,66,FALSE,FALSE,FALSE,FALSE,FALSE,FALSE,FALSE,FALSE,31,Male,5,3.6363636363636362,5,"Government Bonds, ETF or ETC, Stock Market, Unit trusts, Angel syndicate, Options, Private Equity fund, Venture Capital fund, Crowdfunding",Black,United States,United States,Full-Time,No,No,NA,NA,"This study simulates how investors triage startup pitches under time pressure, testing whether we can spot real quality over flashy design when our own bonus depends on picking winners.",none,713,1536,776
39,8,Curato,Ironhall,Foliant,Pulsegrid,Paperloom,Sentyl,Axonmesh,Servora,6b81ec39,3e0eedc2,fa1fe22c,e7f29679,340b9ba1,90a19744,e6065b1a,e06655dc,AI Training Data,Edge-AI Hardware,Enterprise Knowledge Retrieval,AI Observability,Document Automation,AI Security,Robotics Orchestration,AI Inference Infrastructure,3,2,4,1,4,3,1,2,3,8,1,5,7,6,4,2,30,25,25,20,35,20,20,25,5,5,5,5,0,47,60,35,43,33,32,36,29,4,4,5,4,5,6,6,6,25,31.4,21.6,46.9,23.8,23.3,36.8,19.9,25.077,31.504,21.506,46.602,23.563,23.406,40.901,19.863,14,14,14,14,14,14,14,14,TRUE,TRUE,TRUE,TRUE,TRUE,TRUE,TRUE,TRUE,125,119,129,104,FALSE,FALSE,FALSE,FALSE,FALSE,FALSE,FALSE,FALSE,25,Female,2,4.454545454545454,4,"Government Bonds, Stock Market, Private Equity fund, Crowdfunding",Black,United States,United States,Full-Time,No,No,NA,NA,Judging start ups and allocating points based on available information.,NONE,865,1177,574
41,7,Ironhall,Foliant,Pulsegrid,Paperloom,Sentyl,Axonmesh,Servora,Curato,b5fef669,08321160,f5bfffe5,e20d4e90,bcd14e91,4fe27fae,574d1367,14efa601,Edge-AI Hardware,Enterprise Knowledge Retrieval,AI Observability,Document Automation,AI Security,Robotics Orchestration,AI Inference Infrastructure,AI Training Data,3,1,4,2,1,2,4,3,3,4,8,6,7,2,1,5,10,10,50,30,40,30,20,10,-30,10,20,10,-50,60,47,60,45,81,71,38,41,5,4,6,6,7,6,4,4,81.3,147.9,95,138,94.2,63.6,60.5,73.4,81.303,147.964,94.798,137.834,94.192,63.543,60.381,73.346,7,14,14,14,14,14,14,14,TRUE,TRUE,TRUE,TRUE,TRUE,TRUE,TRUE,TRUE,69,3,56,13,FALSE,FALSE,FALSE,FALSE,FALSE,FALSE,FALSE,FALSE,57,Male,0,3.272727272727273,2,"Stock Market, Crowdfunding, ETF or ETC, Options, Other",White,United States,United States,Full-Time,No,Maybe,The grayish shading had a negative effect but I tried to discard that feeling so as to concentrate on the actual data.,NA,To see if the type of presentation has any effect on the quality of the data being reviewed.,Just that the shading was different on the decks.,1419,1154,519
42,1,Servora,Curato,Ironhall,Foliant,Pulsegrid,Paperloom,Sentyl,Axonmesh,737deb7d,37c0ca72,87b7dfe9,3eed90b1,dff2e369,84f4d358,0566fd88,c7e2221f,AI Inference Infrastructure,AI Training Data,Edge-AI Hardware,Enterprise Knowledge Retrieval,AI Observability,Document Automation,AI Security,Robotics Orchestration,1,2,4,3,2,4,3,1,5,2,6,1,7,8,4,3,60,4,26,10,50,0,15,35,14,36,0,15,14,77,5,36,30,37,81,13,42,4,2,4,3,4,1,2,3,131.3,85.8,7.5,70.8,147.4,111.4,148.1,74.8,131.306,85.714,7.474,70.778,147.432,111.274,147.91,75.028,14,14,1,14,14,14,14,12,TRUE,TRUE,TRUE,TRUE,TRUE,TRUE,TRUE,TRUE,19,65,143,80,FALSE,FALSE,FALSE,FALSE,FALSE,FALSE,FALSE,FALSE,55,Female,0,3.272727272727273,2,"Stock Market, Private Equity fund",White,United Kingdom,United Kingdom,Part-Time,No,Maybe,I was less likely to persist in trying to evaluate the forms which were least readable in terms of poor contrast etc as mentioned on the previous page. Also the time in the first block made me feel obliged to rush,NA,Looking at which factors people give the most weight to when evaluating start up potential,I am not familiar with these documents in real life but I did think some of them seemed to have been deliberately presented as visually unattractive and hard-to-read (low contrast between text and background etc).,1566,1920,919
43,7,Ironhall,Foliant,Pulsegrid,Paperloom,Sentyl,Axonmesh,Servora,Curato,b5fef669,08321160,f5bfffe5,e20d4e90,bcd14e91,4fe27fae,574d1367,14efa601,Edge-AI Hardware,Enterprise Knowledge Retrieval,AI Observability,Document Automation,AI Security,Robotics Orchestration,AI Inference Infrastructure,AI Training Data,2,4,3,1,3,1,2,4,3,2,6,4,8,7,1,5,50,50,0,0,100,0,0,0,50,0,50,50,0,74,55,46,44,83,56,61,51,6,4,3,4,6,5,3,3,17.7,16.4,15.8,42.2,18.1,13.8,14.8,19.6,17.916,16.402,15.898,42.004,17.922,13.727,14.788,19.702,14,14,14,14,14,14,14,14,TRUE,TRUE,TRUE,TRUE,TRUE,TRUE,TRUE,TRUE,133,134,135,109,FALSE,FALSE,FALSE,FALSE,FALSE,FALSE,FALSE,FALSE,65,Female,10,4,5,"ETF or ETC, Government Bonds, Stock Market, Unit trusts, Private Equity fund",White,United States,United States,Full-Time,No,No,NA,NA,assessing one's interest level on investing in companies where limited data and potential earnings are given.,no,1566,1366,599
44,7,Ironhall,Foliant,Pulsegrid,Paperloom,Sentyl,Axonmesh,Servora,Curato,b5fef669,08321160,f5bfffe5,e20d4e90,bcd14e91,4fe27fae,574d1367,14efa601,Edge-AI Hardware,Enterprise Knowledge Retrieval,AI Observability,Document Automation,AI Security,Robotics Orchestration,AI Inference Infrastructure,AI Training Data,1,4,3,2,2,4,3,1,2,6,8,3,4,1,5,7,80,2,15,3,10,60,10,20,32,45,20,-30,12,86,71,60,15,69,75,57,56,7,2,4,3,4,5,5,5,98.4,114,142.8,148.6,80.7,55.6,261.9,109.4,101.743,114.692,149.214,148.513,80.572,56.307,261.793,122.457,14,14,14,14,13,14,14,13,TRUE,TRUE,TRUE,TRUE,TRUE,TRUE,TRUE,TRUE,49,36,2,2,FALSE,FALSE,FALSE,FALSE,FALSE,FALSE,FALSE,FALSE,21,Male,1,3.8181818181818183,5,"Stock Market, Crowdfunding, ETF or ETC",White,United Kingdom,United Kingdom,Part-Time,Maybe a little,Yes,NA,I didn't like the ones that were hard to see,About choosing the right investment,Some were harder to see than others,1632,2560,1279
45,6,Foliant,Pulsegrid,Paperloom,Sentyl,Axonmesh,Servora,Curato,Ironhall,46c0bf32,2055e10c,081e5fb5,bfc6f4d0,f36cc003,e55a120c,cbc833b1,817f1201,Enterprise Knowledge Retrieval,AI Observability,Document Automation,AI Security,Robotics Orchestration,AI Inference Infrastructure,AI Training Data,Edge-AI Hardware,1,4,2,3,3,1,2,4,6,5,1,4,7,3,2,8,5,65,5,25,30,25,20,25,20,-40,5,0,15,80,57,45,40,65,58,43,45,6,6,4,5,6,5,4,4,72.8,150,48.8,85.3,12.5,26.4,8.8,4.1,72.735,150.022,57.221,85.199,29.909,26.371,19.2,6.868,14,1,14,14,14,14,14,1,TRUE,TRUE,TRUE,TRUE,TRUE,TRUE,TRUE,TRUE,78,0,93,65,FALSE,FALSE,FALSE,FALSE,FALSE,FALSE,FALSE,FALSE,49,Male,9,4.090909090909091,5,"ETF or ETC, Stock Market, Government Bonds, Private Equity fund, Crowdfunding, Venture Capital fund",White,United Kingdom,United Kingdom,Full-Time,No,Maybe,Some were quiet basic which surprised me,NA,We had to complete two exercises and had the pressure of time on the first one which was a taxing exercise and then had to do it again without the pressure of time. I think it was if we felt more tired for the second part,They looked standard in regards to impact/costs/pay back time frames. Etc,1610,1600,731
46,4,Paperloom,Sentyl,Axonmesh,Servora,Curato,Ironhall,Foliant,Pulsegrid,340b9ba1,90a19744,e6065b1a,e06655dc,6b81ec39,3e0eedc2,fa1fe22c,e7f29679,Document Automation,AI Security,Robotics Orchestration,AI Inference Infrastructure,AI Training Data,Edge-AI Hardware,Enterprise Knowledge Retrieval,AI Observability,1,3,4,2,1,4,2,3,8,5,7,1,3,6,2,4,10,10,25,55,45,0,25,30,-30,-15,-5,20,-25,93,52,61,33,90,86,36,44,5,4,4,5,6,2,4,3,139.4,146.5,139.8,148.3,117.2,116.9,139.1,130.6,139.402,146.615,139.684,148.351,117.173,116.929,139.074,130.637,14,14,14,14,14,14,14,14,TRUE,TRUE,TRUE,TRUE,TRUE,TRUE,TRUE,TRUE,11,4,11,2,FALSE,FALSE,FALSE,FALSE,FALSE,FALSE,FALSE,FALSE,34,Male,11,3.4545454545454546,2,"ETF or ETC, Government Bonds, Stock Market, Private Equity fund, Angel syndicate, Venture Capital fund, Crowdfunding",White,United Kingdom,United Kingdom,Full-Time,No,No,NA,NA,to see if being timed effects how decisions are made?,no i did not.,1571,1920,945
47,3,Sentyl,Axonmesh,Servora,Curato,Ironhall,Foliant,Pulsegrid,Paperloom,bcd14e91,4fe27fae,574d1367,14efa601,b5fef669,08321160,f5bfffe5,e20d4e90,AI Security,Robotics Orchestration,AI Inference Infrastructure,AI Training Data,Edge-AI Hardware,Enterprise Knowledge Retrieval,AI Observability,Document Automation,1,2,4,3,3,1,4,2,3,2,1,6,8,5,4,7,0,100,0,0,0,100,0,0,50,-50,50,-50,0,100,100,26,17,100,100,12,13,2,7,2,2,3,5,2,2,118,102.6,71.7,38.7,47,83.8,26.1,54.3,118.091,102.367,71.526,38.57,46.895,83.507,49.267,54.165,14,14,14,14,14,14,14,14,TRUE,TRUE,TRUE,TRUE,TRUE,TRUE,TRUE,TRUE,32,48,79,112,FALSE,FALSE,FALSE,FALSE,FALSE,FALSE,FALSE,FALSE,34,Male,2,2.1818181818181817,5,"Stock Market, ETF or ETC, Government Bonds, Unit trusts, Angel syndicate, Options, Private Equity fund, Venture Capital fund, Crowdfunding, Other",White,United Kingdom,United Kingdom,Full-Time,Maybe a little,No,NA,NA,Not sure,Different colour gradients and quality levels,958,1528,698
49,4,Paperloom,Sentyl,Axonmesh,Servora,Curato,Ironhall,Foliant,Pulsegrid,340b9ba1,90a19744,e6065b1a,e06655dc,6b81ec39,3e0eedc2,fa1fe22c,e7f29679,Document Automation,AI Security,Robotics Orchestration,AI Inference Infrastructure,AI Training Data,Edge-AI Hardware,Enterprise Knowledge Retrieval,AI Observability,1,3,2,4,4,2,1,3,1,3,2,6,4,7,5,8,60,0,40,0,20,0,80,0,10,50,-30,50,40,82,51,39,49,74,81,65,49,7,5,3,4,5,6,1,2,119.9,34.6,84.5,122.5,97.1,75.7,107.8,76.1,120.021,34.639,84.504,122.575,97.245,75.744,107.821,76.191,14,1,14,14,14,14,14,14,TRUE,TRUE,TRUE,TRUE,TRUE,TRUE,TRUE,TRUE,30,116,66,28,FALSE,FALSE,FALSE,FALSE,FALSE,FALSE,FALSE,FALSE,29,Male,3,2.727272727272727,5,"Stock Market, Crowdfunding, Other",Mixed,United Kingdom,United Kingdom,Part-Time,Maybe a little,Maybe,Some were quite hard to read due to shading so this may have had some bearing,NA,To see how people discern which startup is best vs professional opinions,There was usually a very good one and a quite good one and two bad ones,1362,1920,991
50,1,Servora,Curato,Ironhall,Foliant,Pulsegrid,Paperloom,Sentyl,Axonmesh,737deb7d,37c0ca72,87b7dfe9,3eed90b1,dff2e369,84f4d358,0566fd88,c7e2221f,AI Inference Infrastructure,AI Training Data,Edge-AI Hardware,Enterprise Knowledge Retrieval,AI Observability,Document Automation,AI Security,Robotics Orchestration,2,4,1,3,1,2,4,3,7,4,2,1,3,6,5,8,30,10,30,30,20,5,35,40,-10,10,-25,5,15,71,87,26,11,76,94,13,22,5,5,5,4,5,2,6,7,109.2,133.5,149.9,110.5,110.5,105.7,65.2,89.3,109.077,133.582,150.017,110.597,131.36,105.634,64.997,89.374,14,14,14,14,14,14,14,14,TRUE,TRUE,TRUE,TRUE,TRUE,TRUE,TRUE,TRUE,41,17,0,40,FALSE,FALSE,FALSE,FALSE,FALSE,FALSE,FALSE,FALSE,35,Male,0,4.363636363636363,5,"Stock Market, Crowdfunding",Asian,United Kingdom,United Kingdom,Full-Time,No,No,NA,NA,Mental wakeness while evaluating long documents,Many decks are muted grey,1342,1920,911
51,8,Curato,Ironhall,Foliant,Pulsegrid,Paperloom,Sentyl,Axonmesh,Servora,6b81ec39,3e0eedc2,fa1fe22c,e7f29679,340b9ba1,90a19744,e6065b1a,e06655dc,AI Training Data,Edge-AI Hardware,Enterprise Knowledge Retrieval,AI Observability,Document Automation,AI Security,Robotics Orchestration,AI Inference Infrastructure,3,1,2,4,1,4,3,2,2,7,1,6,8,3,5,4,50,25,5,20,30,25,30,15,25,5,5,10,20,86,83,11,12,95,70,13,13,7,6,4,3,7,5,6,5,114,149.9,84.1,49.7,181.3,243.9,105.3,74.6,113.77,149.914,94.823,49.565,198.853,290.77,107.947,74.36,14,9,14,14,14,14,14,14,TRUE,TRUE,TRUE,TRUE,TRUE,TRUE,TRUE,TRUE,37,0,56,101,FALSE,FALSE,FALSE,FALSE,FALSE,FALSE,FALSE,FALSE,32,Male,2,4.636363636363637,5,"ETF or ETC, Government Bonds, Stock Market, Venture Capital fund",White,United States,United States,Part-Time,Maybe a little,Maybe,NA,NA,Assessing pith decks,Some were hard to read because of the color and contrast,1487,1366,599
53,7,Ironhall,Foliant,Pulsegrid,Paperloom,Sentyl,Axonmesh,Servora,Curato,b5fef669,08321160,f5bfffe5,e20d4e90,bcd14e91,4fe27fae,574d1367,14efa601,Edge-AI Hardware,Enterprise Knowledge Retrieval,AI Observability,Document Automation,AI Security,Robotics Orchestration,AI Inference Infrastructure,AI Training Data,4,1,3,2,3,2,4,1,6,7,3,8,1,5,4,2,15,30,25,30,20,20,30,30,-5,-10,-10,0,5,69,43,90,100,80,85,43,25,4,4,7,7,6,5,5,4,150,150.1,21.2,109.8,106.7,66.4,82.7,83.1,150.013,150.025,21.202,148.694,106.665,481.909,82.442,180.076,14,12,3,14,14,14,14,14,TRUE,TRUE,TRUE,TRUE,TRUE,TRUE,TRUE,TRUE,0,0,129,2,FALSE,FALSE,FALSE,FALSE,FALSE,FALSE,FALSE,FALSE,39,Male,0,3.8181818181818183,3,"Stock Market, Options, Crowdfunding",White,United States,United States,Full-Time,No,No,NA,NA,"How we viewed 8 different investment options in 2 separate tasks. Also, how pressured we felt to take it in because one was timed and the other wasn't.",The first pitch deck was timed and the other one wasn't.,1750,1237,910
54,1,Servora,Curato,Ironhall,Foliant,Pulsegrid,Paperloom,Sentyl,Axonmesh,737deb7d,37c0ca72,87b7dfe9,3eed90b1,dff2e369,84f4d358,0566fd88,c7e2221f,AI Inference Infrastructure,AI Training Data,Edge-AI Hardware,Enterprise Knowledge Retrieval,AI Observability,Document Automation,AI Security,Robotics Orchestration,4,2,1,3,2,3,4,1,3,5,1,2,6,7,4,8,15,0,50,35,45,15,40,0,-35,15,10,35,-45,8,2,35,32,72,59,60,12,3,2,5,5,6,5,5,3,76.6,99.4,150.5,100.7,57.4,75.3,49.6,57.4,76.519,99.216,150.402,100.797,57.278,75.335,49.686,57.404,12,13,9,11,12,13,11,11,TRUE,TRUE,TRUE,TRUE,TRUE,TRUE,TRUE,TRUE,74,52,0,50,FALSE,FALSE,FALSE,FALSE,FALSE,FALSE,FALSE,FALSE,31,Male,5,3.4545454545454546,2,"Options, Crowdfunding, Stock Market, Government Bonds, ETF or ETC",White,United States,United States,Part-Time,No,Maybe,Some of them were difficult to read or view through the dark gray and textured backgrounds.,NA,"Not entirely sure. Assuming these decks were created by your research team, it must be studying the factors that make an appealing deck.",They followed the same general formats/layouts and I believe the teams/member names were repeated or close to it.,1121,1440,687
57,3,Sentyl,Axonmesh,Servora,Curato,Ironhall,Foliant,Pulsegrid,Paperloom,bcd14e91,4fe27fae,574d1367,14efa601,b5fef669,08321160,f5bfffe5,e20d4e90,AI Security,Robotics Orchestration,AI Inference Infrastructure,AI Training Data,Edge-AI Hardware,Enterprise Knowledge Retrieval,AI Observability,Document Automation,1,2,4,3,2,4,3,1,5,1,7,2,4,3,8,6,60,10,10,20,10,30,60,0,20,20,-10,20,30,84,60,22,29,66,76,26,5,7,4,5,5,3,5,5,1,150.1,102.3,141.5,101.8,115.8,186.7,158.4,149.9,150.031,102.277,141.544,101.843,115.702,186.601,158.26,149.92,9,14,14,14,14,14,14,14,TRUE,TRUE,TRUE,TRUE,TRUE,TRUE,TRUE,TRUE,0,48,9,49,FALSE,FALSE,FALSE,FALSE,FALSE,FALSE,FALSE,FALSE,29,Male,1,3.5454545454545454,6,"Crowdfunding, Venture Capital fund, Private Equity fund, Options, Stock Market, Government Bonds, ETF or ETC",Black,United Kingdom,Netherlands,Full-Time,No,No,NA,NA,How much time limits effect our tiredness levels and how much time limits affect how much information we take in.,Some pitch decks had grey overlay over them which made it hard to read.,1778,1536,776
59,7,Ironhall,Foliant,Pulsegrid,Paperloom,Sentyl,Axonmesh,Servora,Curato,b5fef669,08321160,f5bfffe5,e20d4e90,bcd14e91,4fe27fae,574d1367,14efa601,Edge-AI Hardware,Enterprise Knowledge Retrieval,AI Observability,Document Automation,AI Security,Robotics Orchestration,AI Inference Infrastructure,AI Training Data,2,3,1,4,2,3,4,1,5,6,8,7,4,1,2,3,80,15,5,0,70,30,0,0,45,35,50,20,-5,66,77,0,3,93,69,9,0,7,4,1,2,5,3,1,1,117.6,109.1,135.2,32.5,50.8,38.2,10.9,25.1,117.554,108.99,135.111,32.404,50.833,49.832,10.894,51.835,14,14,14,14,14,14,14,14,TRUE,TRUE,TRUE,TRUE,TRUE,TRUE,TRUE,TRUE,33,42,15,118,FALSE,FALSE,FALSE,FALSE,FALSE,FALSE,FALSE,FALSE,34,Male,10,3.909090909090909,6,"ETF or ETC, Government Bonds, Stock Market, Options, Private Equity fund, Crowdfunding, Other",Asian,United Kingdom,United Kingdom,Full-Time,No,Yes,NA,Definitely less willing to engage with the poorly laid out ones,"How layout / design choices impact the time someone is willing to spend on a document (e.g. less accessible - the heavily grey ones - were too hard to read and easy to skip, especially when there was no time obligation to stay looking at them)","Lots of similarities (e.g. founder pages, structure, layout) and some really badly fomatted one (grey text on grey background, small graphs etc)",1246,1366,647
60,1,Servora,Curato,Ironhall,Foliant,Pulsegrid,Paperloom,Sentyl,Axonmesh,737deb7d,37c0ca72,87b7dfe9,3eed90b1,dff2e369,84f4d358,0566fd88,c7e2221f,AI Inference Infrastructure,AI Training Data,Edge-AI Hardware,Enterprise Knowledge Retrieval,AI Observability,Document Automation,AI Security,Robotics Orchestration,1,2,3,4,4,2,3,1,1,4,5,7,3,8,2,6,60,5,30,5,45,10,41,4,15,40,5,36,10,66,81,42,41,74,98,30,18,6,4,4,3,6,2,5,3,150.1,150,150,150,84,77.4,67.5,117,150.016,150.02,150.025,150.02,84.099,77.245,67.556,116.948,13,14,14,14,14,14,14,14,TRUE,TRUE,TRUE,TRUE,TRUE,TRUE,TRUE,TRUE,0,0,0,0,FALSE,FALSE,FALSE,FALSE,FALSE,FALSE,FALSE,FALSE,39,Male,2,3,1,"Stock Market, Private Equity fund",White,United States,United States,Full-Time,No,No,NA,NA,How people evaluate pitch decks if that was there only source for determining investment into a startup.,"They were all presented in a pretty similar format depending on the company, there were only 2 I think that weren't related to AI.",1497,1536,826
61,2,Axonmesh,Servora,Curato,Ironhall,Foliant,Pulsegrid,Paperloom,Sentyl,f36cc003,e55a120c,cbc833b1,817f1201,46c0bf32,2055e10c,081e5fb5,bfc6f4d0,Robotics Orchestration,AI Inference Infrastructure,AI Training Data,Edge-AI Hardware,Enterprise Knowledge Retrieval,AI Observability,Document Automation,AI Security,4,2,3,1,4,2,3,1,2,4,1,8,5,7,6,3,25,20,30,25,40,10,25,25,-5,5,0,15,-5,72,70,75,42,86,70,31,41,4,5,5,3,7,3,5,4,150.1,150,149.9,150,76.7,115.6,68.1,131.6,149.914,150.032,149.904,150.03,76.829,115.537,68.056,131.601,14,14,14,14,14,14,14,14,TRUE,TRUE,TRUE,TRUE,TRUE,TRUE,TRUE,TRUE,0,0,0,0,FALSE,FALSE,FALSE,FALSE,FALSE,FALSE,FALSE,FALSE,27,Male,1,3.1818181818181817,5,"Stock Market, Options, Angel syndicate, Private Equity fund, Government Bonds, ETF or ETC, Unit trusts, Crowdfunding",Asian,India,India,Part-Time,Yes,No,NA,NA,How efficiently people handle data-intensive work.,Some of them were somewhat unorganized.,1789,1536,730
62,6,Foliant,Pulsegrid,Paperloom,Sentyl,Axonmesh,Servora,Curato,Ironhall,46c0bf32,2055e10c,081e5fb5,bfc6f4d0,f36cc003,e55a120c,cbc833b1,817f1201,Enterprise Knowledge Retrieval,AI Observability,Document Automation,AI Security,Robotics Orchestration,AI Inference Infrastructure,AI Training Data,Edge-AI Hardware,1,2,4,3,4,2,1,3,7,5,1,2,8,3,6,4,35,5,50,10,45,5,35,15,-10,35,0,30,-10,69,47,64,38,86,21,78,91,5,4,6,2,6,3,5,4,150.2,127.5,150.2,141.7,163.7,134.1,154.3,186.8,150.192,127.512,150.156,141.641,163.552,133.98,154.392,186.885,14,14,14,14,14,14,14,14,TRUE,TRUE,TRUE,TRUE,TRUE,TRUE,TRUE,TRUE,0,23,0,9,FALSE,FALSE,FALSE,FALSE,FALSE,FALSE,FALSE,FALSE,44,Female,0,3,3,"ETF or ETC, Stock Market, Crowdfunding",White,United States,United States,Full-Time,No,No,NA,NA,It was about quickly evaluating startup pitch decks and determining the best ones.,no issues,1739,1920,947
63,2,Axonmesh,Servora,Curato,Ironhall,Foliant,Pulsegrid,Paperloom,Sentyl,f36cc003,e55a120c,cbc833b1,817f1201,46c0bf32,2055e10c,081e5fb5,bfc6f4d0,Robotics Orchestration,AI Inference Infrastructure,AI Training Data,Edge-AI Hardware,Enterprise Knowledge Retrieval,AI Observability,Document Automation,AI Security,1,2,4,3,1,4,3,2,1,5,7,2,4,8,6,3,30,20,30,20,20,40,20,20,0,10,10,-10,-10,56,59,59,40,58,72,62,30,5,5,5,4,5,6,4,4,42.3,24.3,16.9,25.6,65.5,17.9,19.8,41.6,42.202,24.281,16.828,25.378,65.508,17.891,19.839,41.672,14,14,14,14,14,14,14,14,TRUE,TRUE,TRUE,TRUE,TRUE,TRUE,TRUE,TRUE,108,126,134,125,FALSE,FALSE,FALSE,FALSE,FALSE,FALSE,FALSE,FALSE,28,Female,4,4.2727272727272725,6,"Stock Market, ETF or ETC, Private Equity fund, Government Bonds",Black,Canada,Canada,Full-Time,No,Yes,NA,"Yes, some of the pitch decks looked very ancient",maybe to decide which pitch deck looks the nicest,NO,817,1280,585
64,2,Axonmesh,Servora,Curato,Ironhall,Foliant,Pulsegrid,Paperloom,Sentyl,f36cc003,e55a120c,cbc833b1,817f1201,46c0bf32,2055e10c,081e5fb5,bfc6f4d0,Robotics Orchestration,AI Inference Infrastructure,AI Training Data,Edge-AI Hardware,Enterprise Knowledge Retrieval,AI Observability,Document Automation,AI Security,1,3,2,4,2,4,3,1,4,1,2,6,8,3,7,5,50,50,0,0,25,0,0,75,50,0,-25,-25,75,100,100,0,0,100,84,0,0,4,4,4,4,4,4,4,4,38.8,65,73.1,22.3,22.5,16.7,10.4,12.8,38.835,64.866,72.759,22.249,22.479,16.402,10.435,12.813,1,14,14,14,14,14,14,14,TRUE,TRUE,TRUE,TRUE,TRUE,TRUE,TRUE,TRUE,112,86,78,128,FALSE,FALSE,FALSE,FALSE,FALSE,FALSE,FALSE,FALSE,68,Female,0,3.1818181818181817,1,"Government Bonds, Crowdfunding",Other,United States,United States,"Not in paid work (e.g. homemaker', 'retired or disabled)",No,Yes,NA,I chose ones I could see.,"You said it was about evaluating pitch decks. I didn't understand what any of them were about, so I chose the ones I could read.","Yes, some were gray and I had trouble seeing them.",647,1093,544
65,4,Paperloom,Sentyl,Axonmesh,Servora,Curato,Ironhall,Foliant,Pulsegrid,340b9ba1,90a19744,e6065b1a,e06655dc,6b81ec39,3e0eedc2,fa1fe22c,e7f29679,Document Automation,AI Security,Robotics Orchestration,AI Inference Infrastructure,AI Training Data,Edge-AI Hardware,Enterprise Knowledge Retrieval,AI Observability,1,4,3,2,1,3,4,2,4,1,5,2,8,7,3,6,35,15,25,25,20,10,30,40,0,10,-20,0,20,38,66,64,51,65,69,59,80,3,6,5,4,5,5,5,6,150.1,117.8,103.5,129.1,290.8,98.6,180.6,144.2,150.029,130.243,103.206,129.001,290.911,98.775,180.501,144.322,11,14,14,14,14,14,14,14,TRUE,TRUE,TRUE,TRUE,TRUE,TRUE,TRUE,TRUE,0,20,47,21,FALSE,FALSE,FALSE,FALSE,FALSE,FALSE,FALSE,FALSE,39,Male,0,4,1,"ETF or ETC, Government Bonds, Stock Market, Private Equity fund, Crowdfunding",Black,United States,United States,Unemployed (and job seeking),No,No,NA,NA,"This study was about evaluating startup pitch decks and deciding which startups deserve more attention from investors. Participants reviewed different startup presentations, considered factors like business potential, market position, financial outlook, and competitive advantages, and then allocated attention tokens to indicate which companies they believed were most promising.",NO,1782,1366,633
66,8,Curato,Ironhall,Foliant,Pulsegrid,Paperloom,Sentyl,Axonmesh,Servora,6b81ec39,3e0eedc2,fa1fe22c,e7f29679,340b9ba1,90a19744,e6065b1a,e06655dc,AI Training Data,Edge-AI Hardware,Enterprise Knowledge Retrieval,AI Observability,Document Automation,AI Security,Robotics Orchestration,AI Inference Infrastructure,3,4,1,2,4,1,2,3,2,7,6,8,3,5,4,1,0,100,0,0,80,0,20,0,50,-50,30,50,20,40,100,100,74,100,100,100,100,2,4,3,2,7,4,6,5,138.5,146.5,149.9,149.9,64,114.8,79.5,115.7,150.014,150.014,150.013,150.011,63.928,117.691,79.418,115.821,14,14,14,13,14,14,14,14,TRUE,TRUE,TRUE,TRUE,TRUE,TRUE,TRUE,TRUE,0,0,0,0,FALSE,FALSE,FALSE,FALSE,FALSE,FALSE,FALSE,FALSE,53,Male,10,4.181818181818182,1,"ETF or ETC, Stock Market, Venture Capital fund, Crowdfunding",White,United Kingdom,United Kingdom,Full-Time,No,No,NA,NA,My perception of the value of startups?,"They all followed a similar template, nothing stood out in particular",1453,1440,900
68,3,Sentyl,Axonmesh,Servora,Curato,Ironhall,Foliant,Pulsegrid,Paperloom,bcd14e91,4fe27fae,574d1367,14efa601,b5fef669,08321160,f5bfffe5,e20d4e90,AI Security,Robotics Orchestration,AI Inference Infrastructure,AI Training Data,Edge-AI Hardware,Enterprise Knowledge Retrieval,AI Observability,Document Automation,2,4,3,1,1,3,4,2,4,8,1,7,3,6,2,5,20,10,35,35,25,25,30,20,-20,5,0,5,-20,80,59,79,23,56,41,56,33,6,5,3,2,4,4,2,3,16.6,16.9,9.8,83.7,8,8.6,9.8,6.2,16.787,16.81,9.884,83.6,7.925,8.553,9.992,6.223,14,14,14,14,14,14,14,14,TRUE,TRUE,TRUE,TRUE,TRUE,TRUE,TRUE,TRUE,134,134,141,67,FALSE,FALSE,FALSE,FALSE,FALSE,FALSE,FALSE,FALSE,38,Male,8,4,4,"ETF or ETC, Government Bonds, Stock Market, Unit trusts, Options, Private Equity fund, Venture Capital fund, Crowdfunding",White,Brazil,Brazil,Part-Time,Maybe a little,Yes,NA,"Yes, those with friendlier colors received better funding because they were more visually appealing.",This work is actually a test of attention and how one behaves in complex decision-making.,"Unusual color schemes that are not very attractive and end up making presentations tiring to read, hindering attention to the information presented, in addition to the pressure of the countdown timer.",862,1280,585
69,5,Pulsegrid,Paperloom,Sentyl,Axonmesh,Servora,Curato,Ironhall,Foliant,dff2e369,84f4d358,0566fd88,c7e2221f,737deb7d,37c0ca72,87b7dfe9,3eed90b1,AI Observability,Document Automation,AI Security,Robotics Orchestration,AI Inference Infrastructure,AI Training Data,Edge-AI Hardware,Enterprise Knowledge Retrieval,4,1,2,3,1,3,2,4,1,7,8,6,5,4,2,3,30,20,40,10,30,20,30,20,0,20,0,10,0,79,95,92,43,87,66,59,48,5,6,7,3,6,5,4,3,146.4,150.3,131.6,119.7,141.1,105.3,121.9,137.4,150.018,150.402,131.58,119.7,141.001,105.381,121.854,137.425,13,14,14,14,14,14,14,14,TRUE,TRUE,TRUE,TRUE,TRUE,TRUE,TRUE,TRUE,0,0,19,31,FALSE,FALSE,FALSE,FALSE,FALSE,FALSE,FALSE,FALSE,26,Female,0,3.6363636363636362,1,"ETF or ETC, Government Bonds, Stock Market, Options, Private Equity fund, Venture Capital fund, Crowdfunding",White,United Kingdom,United Kingdom,Other,No,Maybe,the appearance did likely influence my decision without my realisation however i tried to only go by the information being provided,NA,im not very sure to be honest.  Id imagine not having a time constraint on task two for the slides may have influence on how alert someone is and their ability to absorb the information on the slides,nothing unusual however it appeared as though some were a picture of the actual slide show instead of the slide show itself,1778,1680,962
71,1,Servora,Curato,Ironhall,Foliant,Pulsegrid,Paperloom,Sentyl,Axonmesh,737deb7d,37c0ca72,87b7dfe9,3eed90b1,dff2e369,84f4d358,0566fd88,c7e2221f,AI Inference Infrastructure,AI Training Data,Edge-AI Hardware,Enterprise Knowledge Retrieval,AI Observability,Document Automation,AI Security,Robotics Orchestration,4,2,1,3,2,1,3,4,6,1,2,8,4,7,3,5,35,15,35,15,40,5,30,25,0,20,-5,20,5,94,100,26,22,89,91,13,24,6,5,5,3,6,1,5,2,63,70.6,50.4,49.5,70.7,52.9,59.2,58.6,63.001,70.762,50.381,49.426,70.749,52.953,59.033,58.598,14,14,1,14,14,14,14,14,TRUE,TRUE,TRUE,TRUE,TRUE,TRUE,TRUE,TRUE,88,80,100,101,FALSE,FALSE,FALSE,FALSE,FALSE,FALSE,FALSE,FALSE,60,Male,0,4.181818181818182,3,"Government Bonds, Stock Market, Crowdfunding",White,United States,United States,"Not in paid work (e.g. homemaker', 'retired or disabled)",Maybe a little,Maybe,The ones that were harder to read (darker) probably didn't get my full attention,NA,How we evaluate a startup's potential for investment based on how the principal executives (the founders) have committed to the idea.,"Some of them seemed very hard to read, they were too dark. But also some of them were vague and made claims that were basically unverifiable. Some of the founders worked on the businesses as a side project to their regualr jobs, some went all in and did this full time.",1316,2103,1248
72,6,Foliant,Pulsegrid,Paperloom,Sentyl,Axonmesh,Servora,Curato,Ironhall,46c0bf32,2055e10c,081e5fb5,bfc6f4d0,f36cc003,e55a120c,cbc833b1,817f1201,Enterprise Knowledge Retrieval,AI Observability,Document Automation,AI Security,Robotics Orchestration,AI Inference Infrastructure,AI Training Data,Edge-AI Hardware,4,3,2,1,3,2,1,4,5,4,6,2,1,7,8,3,40,10,40,10,60,10,15,15,0,30,20,25,-20,85,65,49,43,62,37,28,44,6,5,5,3,5,3,3,3,138.2,150.1,150.2,149.9,58.1,82.6,112.2,39.8,138.001,149.901,150.015,150.02,59.687,82.471,112.078,39.735,14,14,14,14,14,14,14,14,TRUE,TRUE,TRUE,TRUE,TRUE,TRUE,TRUE,TRUE,12,0,0,0,FALSE,FALSE,FALSE,FALSE,FALSE,FALSE,FALSE,FALSE,21,Male,1,3.090909090909091,5,"ETF or ETC, Stock Market, Government Bonds, Unit trusts, Options, Angel syndicate, Private Equity fund, Venture Capital fund, Crowdfunding",White,France,France,Part-Time,No,No,NA,NA,How reflexion evolve in front of a lot of information.,No,1328,1280,565
74,2,Axonmesh,Servora,Curato,Ironhall,Foliant,Pulsegrid,Paperloom,Sentyl,f36cc003,e55a120c,cbc833b1,817f1201,46c0bf32,2055e10c,081e5fb5,bfc6f4d0,Robotics Orchestration,AI Inference Infrastructure,AI Training Data,Edge-AI Hardware,Enterprise Knowledge Retrieval,AI Observability,Document Automation,AI Security,2,3,1,4,2,1,4,3,6,5,3,4,7,1,2,8,15,35,40,10,40,10,40,10,0,5,0,30,0,80,85,32,21,90,76,34,13,5,3,5,4,6,4,6,4,150.2,150.3,150.2,150.2,128.8,134.4,86.1,93.6,150.238,150.251,150.251,150.223,128.862,134.269,85.966,93.571,14,14,13,14,14,14,14,14,TRUE,TRUE,TRUE,TRUE,TRUE,TRUE,TRUE,TRUE,0,0,0,0,FALSE,FALSE,FALSE,FALSE,FALSE,FALSE,FALSE,FALSE,28,Female,0,3.090909090909091,4,"Stock Market, Options, Crowdfunding",Asian,United States,United States,Unemployed (and job seeking),No,Maybe,I tried to read all of them thoroughly but the black and white ones were harder to read so I'd skim through those faster and just read the key points,NA,"If time limit makes a difference in reviewing how good a pitch is, and if removing the color or making it harder to read changes how someone views a pitch",some of them were in black and white and had a filter over them that made them harder to read,1575,1264,795
75,2,Axonmesh,Servora,Curato,Ironhall,Foliant,Pulsegrid,Paperloom,Sentyl,f36cc003,e55a120c,cbc833b1,817f1201,46c0bf32,2055e10c,081e5fb5,bfc6f4d0,Robotics Orchestration,AI Inference Infrastructure,AI Training Data,Edge-AI Hardware,Enterprise Knowledge Retrieval,AI Observability,Document Automation,AI Security,4,2,3,1,4,2,1,3,7,1,2,5,8,4,3,6,20,25,40,15,20,5,55,20,-5,10,-25,25,20,11,100,41,23,85,77,92,29,2,4,5,4,5,5,6,5,116.4,126.4,121.5,145.5,91.9,121.5,123,67.7,122.767,131.354,126.796,145.409,94.899,128.713,134.269,71.873,14,14,14,14,14,14,14,14,TRUE,TRUE,TRUE,TRUE,TRUE,TRUE,TRUE,TRUE,28,19,24,5,FALSE,FALSE,FALSE,FALSE,FALSE,FALSE,FALSE,FALSE,30,Male,6,3.8181818181818183,2,"ETF or ETC, Stock Market, Options, Private Equity fund, Government Bonds, Crowdfunding",White,Brazil,Brazil,Full-Time,No,Yes,NA,Some were darker and harder to read,How we could make better decisions and alocations when given more time to analyse the data.,No,1551,1920,911
77,3,Sentyl,Axonmesh,Servora,Curato,Ironhall,Foliant,Pulsegrid,Paperloom,bcd14e91,4fe27fae,574d1367,14efa601,b5fef669,08321160,f5bfffe5,e20d4e90,AI Security,Robotics Orchestration,AI Inference Infrastructure,AI Training Data,Edge-AI Hardware,Enterprise Knowledge Retrieval,AI Observability,Document Automation,4,1,2,3,1,2,4,3,5,6,7,8,4,3,2,1,50,25,15,10,50,0,0,50,25,15,0,0,25,5,65,24,14,68,73,22,23,3,4,5,4,5,4,4,3,9.2,129.1,82.4,74.1,71.5,54.2,32,57.4,9.226,128.809,82.441,74.061,71.418,54.108,32.036,57.332,1,14,14,14,14,11,14,14,TRUE,TRUE,TRUE,TRUE,TRUE,TRUE,TRUE,TRUE,141,22,68,76,FALSE,FALSE,FALSE,FALSE,FALSE,FALSE,FALSE,FALSE,64,Female,10,4.090909090909091,6,"Government Bonds, Crowdfunding",White,United Kingdom,United Kingdom,Full-Time,No,Maybe,The darker coloured ones were harder to focus on,NA,seeing what start ups were the best .See if I understood data,There wasnt a lot of information and they said what the faults were,1075,1536,730
78,3,Sentyl,Axonmesh,Servora,Curato,Ironhall,Foliant,Pulsegrid,Paperloom,bcd14e91,4fe27fae,574d1367,14efa601,b5fef669,08321160,f5bfffe5,e20d4e90,AI Security,Robotics Orchestration,AI Inference Infrastructure,AI Training Data,Edge-AI Hardware,Enterprise Knowledge Retrieval,AI Observability,Document Automation,4,1,2,3,3,4,1,2,7,3,6,5,4,8,1,2,30,40,15,15,35,35,15,15,20,-5,20,0,0,44,73,27,18,84,76,21,37,5,4,6,6,4,4,6,4,150.1,150.3,140.9,114.6,115.2,65.7,109.9,92.4,150.117,150.122,140.952,114.75,115.264,65.541,109.758,92.272,12,6,14,14,14,14,14,14,TRUE,TRUE,TRUE,TRUE,TRUE,TRUE,TRUE,TRUE,0,0,10,36,FALSE,FALSE,FALSE,FALSE,FALSE,FALSE,FALSE,FALSE,50,Male,15,3.909090909090909,5,"Government Bonds, Stock Market, Private Equity fund, Crowdfunding",White,France,France,Full-Time,No,Yes,NA,"Very likely, even if I tried to focus on the content, maintaining attention is much easier with a legible and pleasant layout. Low contrast yields reading fatigue and impairs attention.","Assessing the effect of visual presentation and legibility of corporate documentation (colours, contrast...) on the appreciation of a capital venture.",Some of them were obviously designed to be difficult to read like the Servora's one showing with an unpleasant grey text on grey background.,1943,1056,416
80,4,Paperloom,Sentyl,Axonmesh,Servora,Curato,Ironhall,Foliant,Pulsegrid,340b9ba1,90a19744,e6065b1a,e06655dc,6b81ec39,3e0eedc2,fa1fe22c,e7f29679,Document Automation,AI Security,Robotics Orchestration,AI Inference Infrastructure,AI Training Data,Edge-AI Hardware,Enterprise Knowledge Retrieval,AI Observability,3,4,2,1,1,3,2,4,4,1,3,2,8,6,5,7,25,25,40,10,15,20,55,10,0,15,-15,20,15,81,43,70,66,71,82,79,38,6,4,6,5,6,6,6,3,10.9,52.5,79.9,150.2,59.2,67.1,47.2,47.6,10.913,52.745,79.784,150.124,59.001,67.109,47.084,47.548,1,14,14,9,14,14,14,14,TRUE,TRUE,TRUE,TRUE,TRUE,TRUE,TRUE,TRUE,140,98,71,0,FALSE,FALSE,FALSE,FALSE,FALSE,FALSE,FALSE,FALSE,70,Male,10,3.6363636363636362,3,"Government Bonds, Stock Market, Private Equity fund",White,United Kingdom,United Kingdom,"Not in paid work (e.g. homemaker', 'retired or disabled)",Maybe a little,Yes,NA,Pretty sure it did even sub consciously,Was it actually visually presentation... hard to read some of the content....,Visually hard to read some compared to others... also difficult to think 'what is this actually doing...??,1040,1731,796
82,5,Pulsegrid,Paperloom,Sentyl,Axonmesh,Servora,Curato,Ironhall,Foliant,dff2e369,84f4d358,0566fd88,c7e2221f,737deb7d,37c0ca72,87b7dfe9,3eed90b1,AI Observability,Document Automation,AI Security,Robotics Orchestration,AI Inference Infrastructure,AI Training Data,Edge-AI Hardware,Enterprise Knowledge Retrieval,4,1,2,3,2,3,1,4,6,7,5,8,1,3,2,4,60,10,10,20,30,20,20,30,20,20,0,0,20,98,69,77,71,88,71,88,55,7,4,6,4,5,4,4,4,36.8,90.8,72.4,85.8,49.2,86.9,144.2,22.3,36.798,90.601,72.431,85.739,49.198,86.762,144.349,22.001,14,14,14,14,14,14,14,14,TRUE,TRUE,TRUE,TRUE,TRUE,TRUE,TRUE,TRUE,114,60,78,65,FALSE,FALSE,FALSE,FALSE,FALSE,FALSE,FALSE,FALSE,26,Male,3,4.2727272727272725,1,"ETF or ETC, Stock Market, Government Bonds, Options, Crowdfunding",Mixed,United Kingdom,United Kingdom,Full-Time,No,No,NA,NA,Evaluating peoples perceptions of enterprise slide decks.,Not at all.,778,1536,730
83,6,Foliant,Pulsegrid,Paperloom,Sentyl,Axonmesh,Servora,Curato,Ironhall,46c0bf32,2055e10c,081e5fb5,bfc6f4d0,f36cc003,e55a120c,cbc833b1,817f1201,Enterprise Knowledge Retrieval,AI Observability,Document Automation,AI Security,Robotics Orchestration,AI Inference Infrastructure,AI Training Data,Edge-AI Hardware,2,4,1,3,1,3,4,2,7,1,3,2,4,6,8,5,30,5,60,5,76,14,6,4,-15,40,40,32,-55,73,62,93,12,70,27,34,77,5,5,7,3,6,4,3,7,150,150.1,150.1,150,78,125.1,95.9,68.1,150.015,150.025,150.023,150.013,77.961,125.1,108.826,68.098,11,11,8,12,14,14,14,14,TRUE,TRUE,TRUE,TRUE,TRUE,TRUE,TRUE,TRUE,0,0,0,0,FALSE,FALSE,FALSE,FALSE,FALSE,FALSE,FALSE,FALSE,36,Female,1,4.7272727272727275,1,"Government Bonds, Crowdfunding",White,United Kingdom,United Kingdom,Full-Time,Maybe a little,No,NA,NA,Whether people rate things differently when under time pressure,They were all very low coloured/drab in design,1406,2560,1305
84,5,Pulsegrid,Paperloom,Sentyl,Axonmesh,Servora,Curato,Ironhall,Foliant,dff2e369,84f4d358,0566fd88,c7e2221f,737deb7d,37c0ca72,87b7dfe9,3eed90b1,AI Observability,Document Automation,AI Security,Robotics Orchestration,AI Inference Infrastructure,AI Training Data,Edge-AI Hardware,Enterprise Knowledge Retrieval,2,4,1,3,2,4,3,1,2,5,7,6,8,1,4,3,25,9,65,1,20,50,10,20,-16,40,20,-20,-36,87,58,83,33,65,59,59,24,6,4,7,4,5,5,4,3,150.5,76.7,150.5,150.5,86.8,19,66.8,63.7,150.501,76.741,150.5,150.401,86.802,19.033,241.363,71.687,11,8,4,1,14,14,14,14,TRUE,TRUE,TRUE,TRUE,TRUE,TRUE,TRUE,TRUE,0,74,0,0,FALSE,FALSE,FALSE,FALSE,FALSE,FALSE,FALSE,FALSE,36,Male,2,3.3636363636363638,5,"Government Bonds, Stock Market, Options, Venture Capital fund, Crowdfunding",White,United States,United States,Unemployed (and job seeking),No,Maybe,"having them all plain and grayscale perhaps removed the catchy eye bias, and instead left us no choice but to focus on the same visuals with different information and data per presentation/start up",NA,how presentations of startups appeal to entrepreneurs and  investors,they were all greyscale and bland,1731,1461,843
85,8,Curato,Ironhall,Foliant,Pulsegrid,Paperloom,Sentyl,Axonmesh,Servora,6b81ec39,3e0eedc2,fa1fe22c,e7f29679,340b9ba1,90a19744,e6065b1a,e06655dc,AI Training Data,Edge-AI Hardware,Enterprise Knowledge Retrieval,AI Observability,Document Automation,AI Security,Robotics Orchestration,AI Inference Infrastructure,1,4,3,2,2,1,4,3,7,8,3,4,1,5,6,2,10,20,50,20,60,5,30,5,-20,10,15,40,-35,57,59,85,24,76,57,35,39,3,4,6,2,6,2,5,4,144.8,150.2,145,146.1,50.8,195,131.3,77.6,150.028,149.915,145.1,150.023,50.712,195.078,131.238,77.679,14,14,14,13,14,14,14,14,TRUE,TRUE,TRUE,TRUE,TRUE,TRUE,TRUE,TRUE,0,0,5,0,FALSE,FALSE,FALSE,FALSE,FALSE,FALSE,FALSE,FALSE,41,Male,10,3.6363636363636362,4,"Government Bonds, Stock Market, Options, Private Equity fund, Venture Capital fund",Asian,United Kingdom,United Kingdom,Full-Time,Maybe a little,Yes,NA,Each deck presented information differently so certain things were more eye catching. I think some people were more influenced by the decks that stood out more in terms of presentation.,How people evaluate information and make decisions based on data available. Judgements and decisions based on limited time.,Formatting and presentation changed for each pitch.,1696,2048,983
86,8,Curato,Ironhall,Foliant,Pulsegrid,Paperloom,Sentyl,Axonmesh,Servora,6b81ec39,3e0eedc2,fa1fe22c,e7f29679,340b9ba1,90a19744,e6065b1a,e06655dc,AI Training Data,Edge-AI Hardware,Enterprise Knowledge Retrieval,AI Observability,Document Automation,AI Security,Robotics Orchestration,AI Inference Infrastructure,2,1,3,4,4,3,2,1,7,1,8,5,4,6,3,2,30,30,20,20,20,40,30,10,10,0,10,0,0,74,80,30,28,81,74,30,27,4,5,3,3,4,5,5,3,150,150.1,120.9,93.1,57.2,81.6,42,42.6,150.03,150.028,120.808,93.255,57.309,81.712,42.1,42.795,14,9,14,14,14,14,14,14,TRUE,TRUE,TRUE,TRUE,TRUE,TRUE,TRUE,TRUE,0,0,30,57,FALSE,FALSE,FALSE,FALSE,FALSE,FALSE,FALSE,FALSE,43,Male,10,3.3636363636363638,5,"Stock Market, ETF or ETC, Private Equity fund, Venture Capital fund, Crowdfunding",White,United Kingdom,United Kingdom,Full-Time,Yes,Maybe,no they didn't as i looked past the issues with the second set being illegible with bad colour palettes and treated both sets the same,NA,how time limits affect overall POV of decks alongside the varying KPIs of each deck,very similar if not the same formats,1429,1920,945
88,1,Servora,Curato,Ironhall,Foliant,Pulsegrid,Paperloom,Sentyl,Axonmesh,737deb7d,37c0ca72,87b7dfe9,3eed90b1,dff2e369,84f4d358,0566fd88,c7e2221f,AI Inference Infrastructure,AI Training Data,Edge-AI Hardware,Enterprise Knowledge Retrieval,AI Observability,Document Automation,AI Security,Robotics Orchestration,4,2,3,1,1,4,2,3,2,4,7,8,6,5,1,3,20,0,80,0,20,0,60,20,-30,50,-30,30,0,100,100,100,100,100,100,100,100,6,2,7,2,6,4,5,3,19.4,74.3,31.1,84.7,50.8,30.4,25.2,31.5,19.303,74.259,31.377,84.706,50.879,30.393,25.211,31.307,14,14,14,14,14,14,14,14,TRUE,TRUE,TRUE,TRUE,TRUE,TRUE,TRUE,TRUE,131,76,119,66,FALSE,FALSE,FALSE,FALSE,FALSE,FALSE,FALSE,FALSE,55,Male,20,2.6363636363636362,1,"Stock Market, ETF or ETC, Crowdfunding, Other",White,United States,United States,Other,No,No,NA,NA,"Most studies involve some form of deception. Usually its really painfully obvious like ""golly gee ""Alex"" and ""Sam"" are not real people!"" no sheet, we all know that. 

These are likely not real companies either but they are pretty realistic. Which makes me think this might actually be exactly what it says on the tin, you all actually want to know which AI businesses we think might be genuinely viable.","The color schemes were awful and nearly illegible, either that is the ruse or your designer is terrible and its likely all AI slop anyway, generated straight out of Claude Design.",951,1920,963
89,4,Paperloom,Sentyl,Axonmesh,Servora,Curato,Ironhall,Foliant,Pulsegrid,340b9ba1,90a19744,e6065b1a,e06655dc,6b81ec39,3e0eedc2,fa1fe22c,e7f29679,Document Automation,AI Security,Robotics Orchestration,AI Inference Infrastructure,AI Training Data,Edge-AI Hardware,Enterprise Knowledge Retrieval,AI Observability,4,3,1,2,3,4,2,1,3,8,2,6,4,1,7,5,60,10,20,10,30,15,15,40,20,30,-5,-5,25,88,63,32,27,39,65,65,57,6,5,5,3,4,5,3,4,142,102.6,150.2,114.8,48,73.1,78.6,89.6,142.039,102.475,150.023,114.69,49.324,73.073,78.609,89.509,14,14,14,14,14,14,14,14,TRUE,TRUE,TRUE,TRUE,TRUE,TRUE,TRUE,TRUE,8,48,0,36,FALSE,FALSE,FALSE,FALSE,FALSE,FALSE,FALSE,FALSE,22,Male,0,3.1818181818181817,6,"Crowdfunding, Stock Market, Government Bonds",White,United Kingdom,United Kingdom,Full-Time,No,No,NA,NA,"to see how people react to investment decisions based on looks and format, and the order in which they see them","some were ugly black and white with weird format, others were more bold and colourful",1207,1432,734
90,3,Sentyl,Axonmesh,Servora,Curato,Ironhall,Foliant,Pulsegrid,Paperloom,bcd14e91,4fe27fae,574d1367,14efa601,b5fef669,08321160,f5bfffe5,e20d4e90,AI Security,Robotics Orchestration,AI Inference Infrastructure,AI Training Data,Edge-AI Hardware,Enterprise Knowledge Retrieval,AI Observability,Document Automation,3,2,4,1,2,1,4,3,2,4,8,1,7,6,3,5,32,18,28,22,35,10,35,20,0,10,-5,20,5,94,100,84,100,100,94,94,78,4,6,4,5,7,6,6,4,150.1,150,150.1,150.1,170.3,127.8,31.5,39.1,150.016,150.012,150.015,150.017,170.366,127.601,31.322,39.32,14,14,14,14,14,14,14,14,TRUE,TRUE,TRUE,TRUE,TRUE,TRUE,TRUE,TRUE,0,0,0,0,FALSE,FALSE,FALSE,FALSE,FALSE,FALSE,FALSE,FALSE,32,Female,5,4.090909090909091,1,"Stock Market, Private Equity fund, Crowdfunding, Venture Capital fund",Black,United Kingdom,Nigeria,Full-Time,No,No,NA,NA,Evaluation of startup pitch decks,no,1777,1637,902
92,3,Sentyl,Axonmesh,Servora,Curato,Ironhall,Foliant,Pulsegrid,Paperloom,bcd14e91,4fe27fae,574d1367,14efa601,b5fef669,08321160,f5bfffe5,e20d4e90,AI Security,Robotics Orchestration,AI Inference Infrastructure,AI Training Data,Edge-AI Hardware,Enterprise Knowledge Retrieval,AI Observability,Document Automation,4,3,1,2,4,2,1,3,7,8,6,1,4,3,2,5,15,10,45,30,45,20,20,15,-25,10,15,15,-40,81,72,75,66,92,80,61,61,5,5,6,5,6,5,4,4,138.6,149.1,145.2,129.6,128.3,108.1,110.5,145.7,138.645,149.044,145.014,129.572,128.195,108.197,112.699,145.59,14,14,14,14,14,14,14,14,TRUE,TRUE,TRUE,TRUE,TRUE,TRUE,TRUE,TRUE,12,1,5,21,FALSE,FALSE,FALSE,FALSE,FALSE,FALSE,FALSE,FALSE,50,Male,5,4.545454545454546,1,"Stock Market, Venture Capital fund, Crowdfunding, Government Bonds",White,United States,United States,Full-Time,No,Maybe,More professional looking decks might have influenced how I read the data,NA,review of startups for possible investment,"Some where computer screen captures, others were ppt decks",1716,1920,945
93,7,Ironhall,Foliant,Pulsegrid,Paperloom,Sentyl,Axonmesh,Servora,Curato,b5fef669,08321160,f5bfffe5,e20d4e90,bcd14e91,4fe27fae,574d1367,14efa601,Edge-AI Hardware,Enterprise Knowledge Retrieval,AI Observability,Document Automation,AI Security,Robotics Orchestration,AI Inference Infrastructure,AI Training Data,2,3,4,1,2,3,1,4,7,4,2,5,3,8,6,1,20,40,30,10,40,20,NA,30,10,0,NA,NA,NA,81,69,60,67,28,66,42,41,7,4,5,3,5,5,6,6,47.8,20.3,54.8,30.6,17.4,16.9,21.8,19.4,47.73,20.301,54.774,30.544,17.285,16.801,27.006,19.365,14,14,14,14,14,14,14,14,TRUE,TRUE,TRUE,TRUE,TRUE,TRUE,FALSE,TRUE,103,130,96,120,FALSE,FALSE,FALSE,FALSE,FALSE,FALSE,TRUE,FALSE,33,Male,2,3.3636363636363638,4,"Stock Market, Other, Private Equity fund",Black,United States,United States,Full-Time,No,No,NA,NA,I feel this task was meant to get peoples opinion about investing in startups.,"Not really, although the fonts were quite small.",1294,1366,633
94,8,Curato,Ironhall,Foliant,Pulsegrid,Paperloom,Sentyl,Axonmesh,Servora,6b81ec39,3e0eedc2,fa1fe22c,e7f29679,340b9ba1,90a19744,e6065b1a,e06655dc,AI Training Data,Edge-AI Hardware,Enterprise Knowledge Retrieval,AI Observability,Document Automation,AI Security,Robotics Orchestration,AI Inference Infrastructure,2,4,1,3,3,4,2,1,8,4,7,2,6,3,5,1,40,10,20,30,30,20,20,30,0,10,0,0,0,85,80,80,72,80,75,75,80,6,6,6,5,5,6,6,6,56.7,7,150.1,7,6,6.7,5.9,6.5,56.845,6.916,150.024,7.064,5.802,6.677,5.814,6.479,14,14,2,14,14,14,14,14,TRUE,TRUE,TRUE,TRUE,TRUE,TRUE,TRUE,TRUE,94,144,0,143,FALSE,FALSE,FALSE,FALSE,FALSE,FALSE,FALSE,FALSE,31,Male,4,3.4545454545454546,5,"Government Bonds, Private Equity fund, Venture Capital fund",Black,United Kingdom,Nigeria,Full-Time,Yes,Yes,NA,The design,It was about pitching,Not at all,1033,1280,551
96,8,Curato,Ironhall,Foliant,Pulsegrid,Paperloom,Sentyl,Axonmesh,Servora,6b81ec39,3e0eedc2,fa1fe22c,e7f29679,340b9ba1,90a19744,e6065b1a,e06655dc,AI Training Data,Edge-AI Hardware,Enterprise Knowledge Retrieval,AI Observability,Document Automation,AI Security,Robotics Orchestration,AI Inference Infrastructure,3,1,4,2,3,2,1,4,7,2,3,5,8,1,4,6,25,NA,25,25,30,20,25,25,NA,NA,0,5,NA,59,62,62,71,62,70,73,76,6,6,6,5,6,5,6,7,110.8,137.9,105.3,106.7,63,115,31.7,41.6,110.762,141.653,109.472,106.67,96.043,115.001,33.299,41.701,14,10,14,14,14,14,14,14,TRUE,FALSE,TRUE,TRUE,TRUE,TRUE,TRUE,TRUE,40,0,41,44,FALSE,TRUE,FALSE,FALSE,FALSE,FALSE,FALSE,FALSE,39,Male,4,4.2727272727272725,2,"Stock Market, Private Equity fund, Crowdfunding, Venture Capital fund",Black,United States,Nigeria,Part-Time,Maybe a little,No,NA,NA,its about an AI data labeling startup that uses synthetic data and also human reviewers,"None, everything was fine",1733,1920,945
97,2,Axonmesh,Servora,Curato,Ironhall,Foliant,Pulsegrid,Paperloom,Sentyl,f36cc003,e55a120c,cbc833b1,817f1201,46c0bf32,2055e10c,081e5fb5,bfc6f4d0,Robotics Orchestration,AI Inference Infrastructure,AI Training Data,Edge-AI Hardware,Enterprise Knowledge Retrieval,AI Observability,Document Automation,AI Security,3,2,4,1,3,2,4,1,2,6,7,5,4,8,1,3,40,40,10,10,30,30,10,30,30,0,10,-10,20,92,95,8,10,95,79,15,69,7,7,2,1,7,6,1,6,150,150.1,150,149.8,7.8,19.6,6.7,15.3,150.034,150.035,149.905,149.906,7.753,19.505,6.845,15.485,14,14,14,14,14,14,14,14,TRUE,TRUE,TRUE,TRUE,TRUE,TRUE,TRUE,TRUE,0,0,0,0,FALSE,FALSE,FALSE,FALSE,FALSE,FALSE,FALSE,FALSE,40,Male,0,4.818181818181818,2,"ETF or ETC, Government Bonds, Stock Market, Options, Private Equity fund",Asian,United States,United States,Full-Time,No,Yes,NA,I liked the ones that looked like more effort was put into it.,Evaluating the quality of startup ideas based on their pitch slide decks.,I thought it was odd that some of them were more vibrant than others that were kind of greyed out.,1341,1278,910
98,5,Pulsegrid,Paperloom,Sentyl,Axonmesh,Servora,Curato,Ironhall,Foliant,dff2e369,84f4d358,0566fd88,c7e2221f,737deb7d,37c0ca72,87b7dfe9,3eed90b1,AI Observability,Document Automation,AI Security,Robotics Orchestration,AI Inference Infrastructure,AI Training Data,Edge-AI Hardware,Enterprise Knowledge Retrieval,1,3,4,2,3,1,2,4,6,4,1,2,8,5,3,7,35,10,35,20,40,10,40,10,-5,20,0,30,-5,94,94,34,40,96,92,41,27,6,4,6,6,7,5,6,3,150.4,150.3,150.1,150.1,177,151.4,191.9,80.9,150.214,150.104,150.105,150.235,177.14,155.442,191.899,80.733,14,14,13,14,14,14,14,14,TRUE,TRUE,TRUE,TRUE,TRUE,TRUE,TRUE,TRUE,0,0,0,0,FALSE,FALSE,FALSE,FALSE,FALSE,FALSE,FALSE,FALSE,42,Male,0,3.6363636363636362,3,"Stock Market, Crowdfunding",White,United States,United States,Full-Time,Maybe a little,Maybe,"I did consider it, but I tried hard to look past the appearance issues.",NA,How much time would be spent on the second group of slides.,Yes four out of the eight were visually very low quality.,1775,1710,1073
99,7,Ironhall,Foliant,Pulsegrid,Paperloom,Sentyl,Axonmesh,Servora,Curato,b5fef669,08321160,f5bfffe5,e20d4e90,bcd14e91,4fe27fae,574d1367,14efa601,Edge-AI Hardware,Enterprise Knowledge Retrieval,AI Observability,Document Automation,AI Security,Robotics Orchestration,AI Inference Infrastructure,AI Training Data,2,1,4,3,2,1,4,3,7,4,6,5,1,2,3,8,40,15,35,10,50,0,50,0,5,25,0,50,5,65,100,75,100,88,95,70,88,7,3,5,2,6,2,6,3,121.3,141.4,88,73.9,63.7,59.4,43.5,75.3,121.195,141.336,93.487,73.802,63.869,59.211,55.703,75.278,14,14,14,14,14,14,14,14,TRUE,TRUE,TRUE,TRUE,TRUE,TRUE,TRUE,TRUE,29,9,57,77,FALSE,FALSE,FALSE,FALSE,FALSE,FALSE,FALSE,FALSE,36,Other,18,3.909090909090909,3,"ETF or ETC, Stock Market, Crowdfunding",White,United States,United States,Full-Time,Maybe a little,No,NA,NA,I think this study is about how much weight is given to different variables when evaluating startups.,Some seemed to be overlayed with a dark layer that made them more difficult to read.,1117,1920,991
102,6,Foliant,Pulsegrid,Paperloom,Sentyl,Axonmesh,Servora,Curato,Ironhall,46c0bf32,2055e10c,081e5fb5,bfc6f4d0,f36cc003,e55a120c,cbc833b1,817f1201,Enterprise Knowledge Retrieval,AI Observability,Document Automation,AI Security,Robotics Orchestration,AI Inference Infrastructure,AI Training Data,Edge-AI Hardware,3,2,4,1,2,1,4,3,8,2,1,5,6,3,7,4,45,20,25,10,20,10,35,35,15,20,-20,5,35,23,83,65,20,71,83,39,19,2,6,5,5,6,6,5,5,77.3,79.1,93.5,101.9,78.7,34.9,36.6,133.9,77.335,138.162,93.303,101.865,78.5,34.705,36.779,134.024,14,14,14,14,14,14,14,14,TRUE,TRUE,TRUE,TRUE,TRUE,TRUE,TRUE,TRUE,73,0,57,49,FALSE,FALSE,FALSE,FALSE,FALSE,FALSE,FALSE,FALSE,38,Male,1,3.1818181818181817,5,"ETF or ETC, Government Bonds, Unit trusts, Crowdfunding, Venture Capital fund, Stock Market",White,United Kingdom,United Kingdom,Full-Time,No,Yes,NA,Some where very blend/no colour/hard to read on contrast.,"I would love to know, but have no real idea.",They are clearly generated by AI,1143,1432,768
103,7,Ironhall,Foliant,Pulsegrid,Paperloom,Sentyl,Axonmesh,Servora,Curato,b5fef669,08321160,f5bfffe5,e20d4e90,bcd14e91,4fe27fae,574d1367,14efa601,Edge-AI Hardware,Enterprise Knowledge Retrieval,AI Observability,Document Automation,AI Security,Robotics Orchestration,AI Inference Infrastructure,AI Training Data,4,2,3,1,4,3,1,2,4,3,2,5,1,8,7,6,45,25,20,10,40,5,40,15,20,15,-5,30,25,39,100,87,73,86,17,33,22,7,5,3,5,6,5,4,3,69.2,108.4,57.1,122.4,65.9,44.7,86.4,58.4,151.898,151.992,152.002,151.263,205.463,108.251,120.178,98.999,14,14,14,14,14,14,14,14,TRUE,TRUE,TRUE,TRUE,TRUE,TRUE,TRUE,TRUE,0,0,0,0,FALSE,FALSE,FALSE,FALSE,FALSE,FALSE,FALSE,FALSE,36,Male,1,3,4,"ETF or ETC, Private Equity fund",Black,Canada,South Africa,Full-Time,No,Maybe,Some ideas were novel but drab and barely legible slide decks. The visuals may have influenced my weights.,NA,How laymen weight the importance of AI startups.,"Most had the exact same format, mostly tied around AI. Most were low on the funding front.",1694,1920,925
104,4,Paperloom,Sentyl,Axonmesh,Servora,Curato,Ironhall,Foliant,Pulsegrid,340b9ba1,90a19744,e6065b1a,e06655dc,6b81ec39,3e0eedc2,fa1fe22c,e7f29679,Document Automation,AI Security,Robotics Orchestration,AI Inference Infrastructure,AI Training Data,Edge-AI Hardware,Enterprise Knowledge Retrieval,AI Observability,4,1,2,3,1,2,4,3,7,6,8,2,5,1,3,4,70,20,5,5,5,40,50,5,40,25,-5,5,45,94,92,8,14,84,90,95,9,7,7,2,2,2,6,6,2,124.7,148.6,149.3,149.3,306.2,64.7,32.3,80,125.25,150.025,150.021,150.029,308.106,65.121,32.987,80.652,14,12,14,14,14,14,14,14,TRUE,TRUE,TRUE,TRUE,TRUE,TRUE,TRUE,TRUE,25,0,0,0,FALSE,FALSE,FALSE,FALSE,FALSE,FALSE,FALSE,FALSE,39,Male,2,4,4,"Government Bonds, Stock Market, Crowdfunding",White,United States,United States,Full-Time,Maybe a little,Yes,NA,Definitely as some of them were just hard to follow.,I believe it was about evaluations under time pressure.,Some of the designs were visually terrible,1784,3840,1431
105,2,Axonmesh,Servora,Curato,Ironhall,Foliant,Pulsegrid,Paperloom,Sentyl,f36cc003,e55a120c,cbc833b1,817f1201,46c0bf32,2055e10c,081e5fb5,bfc6f4d0,Robotics Orchestration,AI Inference Infrastructure,AI Training Data,Edge-AI Hardware,Enterprise Knowledge Retrieval,AI Observability,Document Automation,AI Security,4,2,3,1,3,4,1,2,7,5,1,6,3,4,8,2,40,10,40,10,60,0,40,0,0,30,10,50,-10,63,60,41,35,59,24,55,24,4,4,5,3,6,2,5,2,150,150.1,149.9,150,112.3,68.9,231.7,121.8,150.023,150.033,150.032,150.02,112.32,69.033,231.884,121.877,12,13,14,4,14,14,14,14,TRUE,TRUE,TRUE,TRUE,TRUE,TRUE,TRUE,TRUE,0,0,0,0,FALSE,FALSE,FALSE,FALSE,FALSE,FALSE,FALSE,FALSE,54,Female,10,3.5454545454545454,5,"ETF or ETC, Stock Market, Government Bonds, Options, Private Equity fund",White,United Kingdom,United Kingdom,NA,No,Maybe,it was def easier to read the important facts on the clearer slides,NA,"analysing the startups, seeing the difference between being time capped and not on decision making",the better pitches were backed on a white screen with much clearer layout bigger type alot easier to read,1852,1920,911
106,5,Pulsegrid,Paperloom,Sentyl,Axonmesh,Servora,Curato,Ironhall,Foliant,dff2e369,84f4d358,0566fd88,c7e2221f,737deb7d,37c0ca72,87b7dfe9,3eed90b1,AI Observability,Document Automation,AI Security,Robotics Orchestration,AI Inference Infrastructure,AI Training Data,Edge-AI Hardware,Enterprise Knowledge Retrieval,4,1,2,3,2,1,3,4,8,1,3,2,7,4,6,5,20,10,40,30,40,10,40,10,-20,10,0,30,-20,95,98,99,87,98,88,98,98,6,3,7,5,6,4,7,6,38.5,145.7,93.3,110.2,26.5,50.2,37.9,19.7,38.657,150.033,93.44,110.194,26.402,54.152,37.966,19.701,14,14,14,9,14,14,14,14,TRUE,TRUE,TRUE,TRUE,TRUE,TRUE,TRUE,TRUE,112,0,57,40,FALSE,FALSE,FALSE,FALSE,FALSE,FALSE,FALSE,FALSE,32,Male,3,4.363636363636363,2,"Stock Market, ETF or ETC, Private Equity fund",White,United States,United States,Part-Time,No,No,NA,NA,This study seeks to understand my understanding on company annual projections and comparing  revenue targets for each company.,Some companies presented their pitch desk excellently well.,1145,1366,607
107,3,Sentyl,Axonmesh,Servora,Curato,Ironhall,Foliant,Pulsegrid,Paperloom,bcd14e91,4fe27fae,574d1367,14efa601,b5fef669,08321160,f5bfffe5,e20d4e90,AI Security,Robotics Orchestration,AI Inference Infrastructure,AI Training Data,Edge-AI Hardware,Enterprise Knowledge Retrieval,AI Observability,Document Automation,3,4,1,2,3,1,2,4,4,5,6,7,1,8,2,3,20,20,25,35,30,40,20,10,-10,-5,20,0,-30,76,100,0,0,100,100,1,0,5,6,2,1,6,6,3,1,32.2,15.2,115.2,52.5,13.8,14.7,11.7,13.8,32.355,15.238,118.093,52.402,13.726,14.878,11.697,13.754,14,14,14,14,14,14,14,14,TRUE,TRUE,TRUE,TRUE,TRUE,TRUE,TRUE,TRUE,118,135,32,98,FALSE,FALSE,FALSE,FALSE,FALSE,FALSE,FALSE,FALSE,21,Female,2,5,4,"Government Bonds, Stock Market, Venture Capital fund, Crowdfunding, Private Equity fund, Angel syndicate, Unit trusts, Options, ETF or ETC",Black,United States,United States,Full-Time,No,Yes,NA,The appearance of the decks influenced my decisions and I gave the higher number those that had a good appearance.,I think the study was about comparing the layout of different sites that are yet to be launched.,"The only thing that was unusual about how the pitch decks were presented was about their alignment. Since they look like website pages, they should be scrolling downwards or have a smooth effect when scrolling.",1044,1366,679
108,7,Ironhall,Foliant,Pulsegrid,Paperloom,Sentyl,Axonmesh,Servora,Curato,b5fef669,08321160,f5bfffe5,e20d4e90,bcd14e91,4fe27fae,574d1367,14efa601,Edge-AI Hardware,Enterprise Knowledge Retrieval,AI Observability,Document Automation,AI Security,Robotics Orchestration,AI Inference Infrastructure,AI Training Data,2,4,3,1,1,4,2,3,8,7,6,4,1,3,2,5,15,15,50,20,30,15,45,10,-20,15,-5,25,-15,59,59,42,59,48,70,45,57,4,5,6,6,5,3,5,2,150,128.4,143.2,149.9,126.3,68.6,108.8,69.9,149.901,128.101,143.002,149.9,126.163,68.497,108.577,69.702,14,14,14,14,14,14,14,14,TRUE,TRUE,TRUE,TRUE,TRUE,TRUE,TRUE,TRUE,0,22,7,0,FALSE,FALSE,FALSE,FALSE,FALSE,FALSE,FALSE,FALSE,30,Male,5,4.090909090909091,3,"ETF or ETC, Government Bonds, Stock Market, Options, Crowdfunding, Other",Asian,India,India,Full-Time,No,No,NA,NA,It might be to understand how people or investors feel while selecting businesses to invest in a fixed time and in case of without time and to know how much their judgement is effective in these cases.,They were made like good proposals were not visually great and bad proposals were made very attractive.,2015,980,1819
109,3,Sentyl,Axonmesh,Servora,Curato,Ironhall,Foliant,Pulsegrid,Paperloom,bcd14e91,4fe27fae,574d1367,14efa601,b5fef669,08321160,f5bfffe5,e20d4e90,AI Security,Robotics Orchestration,AI Inference Infrastructure,AI Training Data,Edge-AI Hardware,Enterprise Knowledge Retrieval,AI Observability,Document Automation,3,4,1,2,1,2,4,3,2,4,8,7,6,5,1,3,30,10,30,30,20,20,40,20,-10,10,-10,10,0,100,100,52,52,100,100,100,50,7,7,5,7,7,7,5,5,78.6,76.6,79.7,72,152.1,78.5,37.9,74.8,78.66,76.482,80.761,72.048,154.168,78.463,37.922,74.758,14,14,14,14,14,14,14,14,TRUE,TRUE,TRUE,TRUE,TRUE,TRUE,TRUE,TRUE,72,74,70,78,FALSE,FALSE,FALSE,FALSE,FALSE,FALSE,FALSE,FALSE,28,Female,4,5,1,"ETF or ETC, Stock Market, Crowdfunding, Private Equity fund, Government Bonds",Black,United States,United States,Unemployed (and job seeking),No,No,NA,NA,The study is all about business start up. It is all about the beginning phase,They were all nice and detailed,1309,1536,753
110,3,Sentyl,Axonmesh,Servora,Curato,Ironhall,Foliant,Pulsegrid,Paperloom,bcd14e91,4fe27fae,574d1367,14efa601,b5fef669,08321160,f5bfffe5,e20d4e90,AI Security,Robotics Orchestration,AI Inference Infrastructure,AI Training Data,Edge-AI Hardware,Enterprise Knowledge Retrieval,AI Observability,Document Automation,2,1,4,3,3,4,1,2,6,3,7,8,5,2,1,4,40,10,30,20,50,0,50,0,0,20,0,50,0,100,100,14,0,100,84,26,15,7,5,6,4,6,3,7,2,120.5,150.3,132.7,90.1,55.3,33.3,76.3,41.6,120.304,150.219,132.495,92.051,55.259,33.32,77.759,41.571,14,14,14,14,14,14,14,14,TRUE,TRUE,TRUE,TRUE,TRUE,TRUE,TRUE,TRUE,31,0,18,59,FALSE,FALSE,FALSE,FALSE,FALSE,FALSE,FALSE,FALSE,47,Male,0,3.272727272727273,2,"Private Equity fund, ETF or ETC, Stock Market",White,United States,United States,Part-Time,No,No,NA,NA,"Seeing that half were hard to read (like grayish overcast), I think it was trying to determine if content outweighed readability & presentation.","Yes, half had a washed out grey look to them.",1123,1579,847
111,3,Sentyl,Axonmesh,Servora,Curato,Ironhall,Foliant,Pulsegrid,Paperloom,bcd14e91,4fe27fae,574d1367,14efa601,b5fef669,08321160,f5bfffe5,e20d4e90,AI Security,Robotics Orchestration,AI Inference Infrastructure,AI Training Data,Edge-AI Hardware,Enterprise Knowledge Retrieval,AI Observability,Document Automation,2,3,1,4,2,4,3,1,6,7,1,5,4,2,3,8,60,30,10,0,35,35,10,20,40,20,20,-5,20,76,84,19,32,85,97,39,10,5,7,2,3,6,7,4,2,16.1,62.9,27.7,6.2,7.2,6.1,7.2,42.9,16.131,63.142,27.783,6.168,7.284,6.088,7.246,43.219,14,14,14,1,14,14,14,14,TRUE,TRUE,TRUE,TRUE,TRUE,TRUE,TRUE,TRUE,134,87,123,144,FALSE,FALSE,FALSE,FALSE,FALSE,FALSE,FALSE,FALSE,31,Female,5,4.181818181818182,1,"ETF or ETC, Unit trusts, Options, Angel syndicate, Stock Market, Private Equity fund, Crowdfunding, Venture Capital fund",Black,United States,United States,Full-Time,No,No,NA,NA,It was about rating progects and allocating points according to how impressive they were.,No not really,964,1280,603
112,5,Pulsegrid,Paperloom,Sentyl,Axonmesh,Servora,Curato,Ironhall,Foliant,dff2e369,84f4d358,0566fd88,c7e2221f,737deb7d,37c0ca72,87b7dfe9,3eed90b1,AI Observability,Document Automation,AI Security,Robotics Orchestration,AI Inference Infrastructure,AI Training Data,Edge-AI Hardware,Enterprise Knowledge Retrieval,4,1,2,3,3,1,2,4,2,3,5,1,8,4,6,7,10,0,10,80,30,10,30,30,-40,-30,-10,10,-30,42,42,18,30,39,40,26,22,4,1,6,7,4,3,2,3,60.9,150,135.1,150.1,121.9,132.7,107.2,102.5,60.931,150.012,135.138,150.026,122.137,132.576,107.382,102.351,14,4,14,12,14,14,14,14,TRUE,TRUE,TRUE,TRUE,TRUE,TRUE,TRUE,TRUE,90,0,15,0,FALSE,FALSE,FALSE,FALSE,FALSE,FALSE,FALSE,FALSE,59,Male,3,3.5454545454545454,5,"ETF or ETC, Government Bonds, Stock Market, Options, Crowdfunding, Other",Mixed,United States,United States,"Not in paid work (e.g. homemaker', 'retired or disabled)",No,Maybe,Some were difficult to read and that will affect decision making even unconsciously.,NA,How fatigue affects consumer choices.,The founders were always a women and a man so obviously made up which showed the companies were fake which seemed to make me care less than I had at first. I still put my best effort in but realising that these companies were fake made real world knowledge irrelevant. What I see as long term profitable will probably not be in the research choices and that is disheartening.,1959,1536,791
114,3,Sentyl,Axonmesh,Servora,Curato,Ironhall,Foliant,Pulsegrid,Paperloom,bcd14e91,4fe27fae,574d1367,14efa601,b5fef669,08321160,f5bfffe5,e20d4e90,AI Security,Robotics Orchestration,AI Inference Infrastructure,AI Training Data,Edge-AI Hardware,Enterprise Knowledge Retrieval,AI Observability,Document Automation,2,1,3,4,2,4,3,1,6,8,2,5,1,7,4,3,50,0,25,25,25,25,25,25,0,25,0,0,0,82,62,49,53,76,79,60,52,5,4,5,4,5,5,5,4,30,83.9,26,12.7,76.2,16,16.5,36.9,29.957,83.852,25.961,39.265,76.16,15.938,16.537,36.884,14,14,14,14,13,14,14,14,TRUE,TRUE,TRUE,TRUE,TRUE,TRUE,TRUE,TRUE,121,67,125,111,FALSE,FALSE,FALSE,FALSE,FALSE,FALSE,FALSE,FALSE,43,Female,1,2.4545454545454546,2,"Stock Market, Crowdfunding",White,United States,United States,Full-Time,No,No,NA,NA,AI startup investment,no,1364,1604,734
115,2,Axonmesh,Servora,Curato,Ironhall,Foliant,Pulsegrid,Paperloom,Sentyl,f36cc003,e55a120c,cbc833b1,817f1201,46c0bf32,2055e10c,081e5fb5,bfc6f4d0,Robotics Orchestration,AI Inference Infrastructure,AI Training Data,Edge-AI Hardware,Enterprise Knowledge Retrieval,AI Observability,Document Automation,AI Security,2,3,1,4,2,3,1,4,1,2,7,5,4,6,8,3,40,15,30,15,35,15,35,15,5,20,0,20,5,57,60,41,47,78,60,58,38,6,6,5,3,5,4,3,4,130.9,109.7,143.2,126.4,109.9,79.3,180.7,84.6,130.9,109.693,143.11,126.22,109.834,79.507,183.745,84.416,14,14,14,14,14,14,14,14,TRUE,TRUE,TRUE,TRUE,TRUE,TRUE,TRUE,TRUE,20,41,7,24,FALSE,FALSE,FALSE,FALSE,FALSE,FALSE,FALSE,FALSE,33,Male,0,3.8181818181818183,3,Crowdfunding,White,United Kingdom,United Kingdom,Part-Time,No,Maybe,Enlarged numbers and the way information was presented could have made a difference. Key points clearly highlighted or bolded for example.,NA,I'm not entirely sure but is it to do with pressure and digesting information between those who have previously sold big companies vs new start up ventures (who never sold).,The only unusual thing I noticed was that they all appeared to look the same and followed the same structure.,1566,1564,908
116,5,Pulsegrid,Paperloom,Sentyl,Axonmesh,Servora,Curato,Ironhall,Foliant,dff2e369,84f4d358,0566fd88,c7e2221f,737deb7d,37c0ca72,87b7dfe9,3eed90b1,AI Observability,Document Automation,AI Security,Robotics Orchestration,AI Inference Infrastructure,AI Training Data,Edge-AI Hardware,Enterprise Knowledge Retrieval,4,3,1,2,1,3,2,4,3,8,6,4,1,5,2,7,40,15,20,25,25,15,25,35,5,10,-10,0,15,58,62,42,71,46,41,56,71,5,5,4,6,4,4,6,6,150.1,150.1,149.9,141.4,168.6,141.6,165.3,140.2,149.902,149.902,150.012,141.411,168.61,141.474,165.1,140.174,14,14,13,14,14,14,14,14,TRUE,TRUE,TRUE,TRUE,TRUE,TRUE,TRUE,TRUE,0,0,0,10,FALSE,FALSE,FALSE,FALSE,FALSE,FALSE,FALSE,FALSE,53,Female,0,2.4545454545454546,5,"Stock Market, Options, Crowdfunding",Mixed,United States,France,Full-Time,Maybe a little,Maybe,"Some were more appealing, I was more paying attention to the funding already secured and the idea",NA,evaluating how tiresome it is to go through decks to evaluate potential companies investment venture,"It was always a team composed by one men and one women, coached by a professional and a professor. Each deck was presented int he same fashion",1881,1710,951
119,4,Paperloom,Sentyl,Axonmesh,Servora,Curato,Ironhall,Foliant,Pulsegrid,340b9ba1,90a19744,e6065b1a,e06655dc,6b81ec39,3e0eedc2,fa1fe22c,e7f29679,Document Automation,AI Security,Robotics Orchestration,AI Inference Infrastructure,AI Training Data,Edge-AI Hardware,Enterprise Knowledge Retrieval,AI Observability,1,2,4,3,4,1,2,3,7,6,1,4,2,3,5,8,40,15,20,25,20,20,15,45,5,10,-10,-15,15,70,77,24,0,86,100,0,0,5,6,1,1,7,7,1,1,77.3,113.3,42.9,66.3,34.9,88.8,101.9,49.8,77.328,116.93,85.299,72.6,57.674,88.965,116.538,78.761,14,14,14,14,14,14,14,14,TRUE,TRUE,TRUE,TRUE,TRUE,TRUE,TRUE,TRUE,73,34,65,78,FALSE,FALSE,FALSE,FALSE,FALSE,FALSE,FALSE,FALSE,22,Male,4,4.090909090909091,1,"ETF or ETC, Private Equity fund, Government Bonds, Other",White,Brazil,Brazil,Full-Time,Yes,Yes,NA,"The visual presentation of both the project and the pitch is extremely important. When a pitch is visually appealing and well-structured, it requires less effort to stay engaged and pay attention. In my view, the most interesting pitches were also the easiest to follow and focus on. However, that is not always a good indicator of the quality or viability of the project itself.","Critical analysis of startup projects and/or the ability to maintain resilience and continuous focus while reading more technical and demanding material, involving the evaluation of various startup pitches, some of which come close to being almost impossible or unfeasible given the financial resources presented.","Yes, some of the pitches were very difficult to read because of the lack of contrast between the background color and the text, making it more challenging to identify the information presented. This increased the difficulty of reading and led to greater visual fatigue. However, it was fun
",1550,1320,644
120,5,Pulsegrid,Paperloom,Sentyl,Axonmesh,Servora,Curato,Ironhall,Foliant,dff2e369,84f4d358,0566fd88,c7e2221f,737deb7d,37c0ca72,87b7dfe9,3eed90b1,AI Observability,Document Automation,AI Security,Robotics Orchestration,AI Inference Infrastructure,AI Training Data,Edge-AI Hardware,Enterprise Knowledge Retrieval,2,1,3,4,4,3,2,1,1,2,4,3,8,6,5,7,20,30,30,20,20,30,20,30,0,0,0,-10,0,65,64,32,58,34,35,66,73,4,5,4,4,5,5,4,4,18,60,14.5,6.3,9.5,34.9,10.6,16.4,17.905,59.983,14.642,6.341,9.555,34.887,10.588,16.346,14,5,14,1,14,14,14,14,TRUE,TRUE,TRUE,TRUE,TRUE,TRUE,TRUE,TRUE,133,91,136,144,FALSE,FALSE,FALSE,FALSE,FALSE,FALSE,FALSE,FALSE,27,Female,4,3.4545454545454546,5,"Stock Market, Private Equity fund, Crowdfunding",Black,United Kingdom,United Kingdom,Unemployed (and job seeking),No,No,NA,NA,GOOD EXPERIENCE.,N/A,1167,1366,633
121,7,Ironhall,Foliant,Pulsegrid,Paperloom,Sentyl,Axonmesh,Servora,Curato,b5fef669,08321160,f5bfffe5,e20d4e90,bcd14e91,4fe27fae,574d1367,14efa601,Edge-AI Hardware,Enterprise Knowledge Retrieval,AI Observability,Document Automation,AI Security,Robotics Orchestration,AI Inference Infrastructure,AI Training Data,1,3,2,4,2,4,3,1,1,5,6,2,3,4,7,8,40,30,30,0,40,10,40,10,20,20,0,30,20,65,87,51,40,87,51,58,14,4,6,4,4,5,3,3,4,150,150.1,116.6,149.9,240.5,161.9,140.9,83.3,150.018,150.028,116.629,149.9,240.403,161.811,140.938,83.192,7,14,14,14,14,14,14,14,TRUE,TRUE,TRUE,TRUE,TRUE,TRUE,TRUE,TRUE,0,0,34,0,FALSE,FALSE,FALSE,FALSE,FALSE,FALSE,FALSE,FALSE,49,Female,0,3,4,"Crowdfunding, Stock Market",White,United States,United States,Full-Time,Maybe a little,Yes,NA,i was less inclined to allocate tokens to the poorly presenting (looks) ones,"i'm not sure - at first i though it was about the quality of the decks, but by the end of the second round i was no longer confident about that idea.",i noticed some seemed to be poor image quality and others seems very polished,1636,1920,911
122,8,Curato,Ironhall,Foliant,Pulsegrid,Paperloom,Sentyl,Axonmesh,Servora,6b81ec39,3e0eedc2,fa1fe22c,e7f29679,340b9ba1,90a19744,e6065b1a,e06655dc,AI Training Data,Edge-AI Hardware,Enterprise Knowledge Retrieval,AI Observability,Document Automation,AI Security,Robotics Orchestration,AI Inference Infrastructure,3,1,4,2,2,4,3,1,2,3,5,6,1,7,8,4,35,25,25,15,35,25,20,20,10,10,10,5,0,59,61,39,31,67,47,45,39,5,5,4,4,5,4,4,4,143.6,150.1,100,103.6,111.3,81.6,134.4,73.4,143.563,150.009,99.933,103.519,111.243,81.606,134.405,64.055,14,14,14,14,14,14,14,14,TRUE,TRUE,TRUE,TRUE,TRUE,TRUE,TRUE,TRUE,7,0,51,47,FALSE,FALSE,FALSE,FALSE,FALSE,FALSE,FALSE,FALSE,60,Female,15,3.4545454545454546,3,Crowdfunding,White,United Kingdom,United Kingdom,Full-Time,No,Yes,NA,I moved on quickly,attention span,some were very hard to read,1308,1920,911
123,4,Paperloom,Sentyl,Axonmesh,Servora,Curato,Ironhall,Foliant,Pulsegrid,340b9ba1,90a19744,e6065b1a,e06655dc,6b81ec39,3e0eedc2,fa1fe22c,e7f29679,Document Automation,AI Security,Robotics Orchestration,AI Inference Infrastructure,AI Training Data,Edge-AI Hardware,Enterprise Knowledge Retrieval,AI Observability,1,2,3,4,2,4,3,1,2,4,7,1,3,6,5,8,0,30,10,60,30,5,50,15,-20,-40,-15,30,-5,94,11,14,28,91,86,13,12,6,6,5,2,6,2,6,2,150,150,150,150.1,99.1,153.7,123.9,105.8,150.03,150.018,150.022,149.903,99.344,168.141,123.907,105.724,8,13,14,9,14,14,14,14,TRUE,TRUE,TRUE,TRUE,TRUE,TRUE,TRUE,TRUE,0,0,0,0,FALSE,FALSE,FALSE,FALSE,FALSE,FALSE,FALSE,FALSE,54,Male,3,4.090909090909091,5,"Government Bonds, Stock Market, Crowdfunding",Asian,India,India,Full-Time,No,No,NA,NA,I think the study was supposed to examine the impact of pitch deck design and layout on investors' decision fatigue.,A few pitch decks were very dull in design. I felt a little stressed looking at them.,2002,1920,1031
124,6,Foliant,Pulsegrid,Paperloom,Sentyl,Axonmesh,Servora,Curato,Ironhall,46c0bf32,2055e10c,081e5fb5,bfc6f4d0,f36cc003,e55a120c,cbc833b1,817f1201,Enterprise Knowledge Retrieval,AI Observability,Document Automation,AI Security,Robotics Orchestration,AI Inference Infrastructure,AI Training Data,Edge-AI Hardware,3,1,4,2,4,1,2,3,5,4,8,7,6,1,3,2,40,10,40,10,50,10,35,5,0,30,10,35,-10,67,70,60,65,85,83,61,35,5,2,4,5,7,6,4,3,127,150.2,97.5,94.2,116.2,123.6,111.9,121.4,127.016,150.024,97.552,94.366,116.22,123.36,111.775,121.201,14,14,14,14,14,14,14,14,TRUE,TRUE,TRUE,TRUE,TRUE,TRUE,TRUE,TRUE,23,0,53,56,FALSE,FALSE,FALSE,FALSE,FALSE,FALSE,FALSE,FALSE,53,Male,5,4.363636363636363,3,"ETF or ETC, Stock Market, Crowdfunding",White,United Kingdom,United Kingdom,Full-Time,No,Maybe,"Possibly yes, I think it reflects poorly on the team but I wouldn't reject a strong pitch because of a poor colour choice",NA,How pitch decks are processed when under time constraints or not and what factors are taken into consideration in each group,"Yes, some of them were colourful and higher contrast and others were grey and low contrast",1539,3200,1712
125,8,Curato,Ironhall,Foliant,Pulsegrid,Paperloom,Sentyl,Axonmesh,Servora,6b81ec39,3e0eedc2,fa1fe22c,e7f29679,340b9ba1,90a19744,e6065b1a,e06655dc,AI Training Data,Edge-AI Hardware,Enterprise Knowledge Retrieval,AI Observability,Document Automation,AI Security,Robotics Orchestration,AI Inference Infrastructure,4,3,1,2,4,1,2,3,7,5,4,2,3,6,1,8,30,30,20,20,20,20,30,30,10,0,-10,0,20,100,89,100,92,100,88,100,100,7,6,7,6,7,6,7,7,65.8,100.8,147.2,67,22.7,93.6,16.6,40.8,65.802,100.67,147.122,67.157,22.659,93.495,16.666,40.725,14,14,14,14,14,14,14,14,TRUE,TRUE,TRUE,TRUE,TRUE,TRUE,TRUE,TRUE,85,50,3,83,FALSE,FALSE,FALSE,FALSE,FALSE,FALSE,FALSE,FALSE,35,Male,3,4.2727272727272725,1,"Unit trusts, Stock Market, Venture Capital fund",Black,United States,United States,Unemployed (and job seeking),No,No,NA,NA,Evaluating startups,none,1170,1680,923
127,2,Axonmesh,Servora,Curato,Ironhall,Foliant,Pulsegrid,Paperloom,Sentyl,f36cc003,e55a120c,cbc833b1,817f1201,46c0bf32,2055e10c,081e5fb5,bfc6f4d0,Robotics Orchestration,AI Inference Infrastructure,AI Training Data,Edge-AI Hardware,Enterprise Knowledge Retrieval,AI Observability,Document Automation,AI Security,1,3,2,4,3,4,1,2,5,1,2,4,3,8,6,7,45,35,10,10,50,15,30,5,30,5,15,30,15,100,69,23,35,100,100,72,35,7,5,2,4,7,7,7,5,88.8,150,150.1,150.2,159.3,100,157.8,96.3,88.801,149.902,150.018,150.027,159.134,100.101,157.683,96.283,5,14,11,14,14,14,14,14,TRUE,TRUE,TRUE,TRUE,TRUE,TRUE,TRUE,TRUE,62,0,0,0,FALSE,FALSE,FALSE,FALSE,FALSE,FALSE,FALSE,FALSE,26,Male,0,3.4545454545454546,3,"Stock Market, Crowdfunding",White,United Kingdom,United Kingdom,Other,Maybe a little,Yes,NA,I think I was more engaged with the pitch when they were brighter and had a clear message about the company.,How certain pitches can be less interesting and filled with jargon and how that affects potential investors.,Some of them were very grey and dull.,1754,1920,953
128,5,Pulsegrid,Paperloom,Sentyl,Axonmesh,Servora,Curato,Ironhall,Foliant,dff2e369,84f4d358,0566fd88,c7e2221f,737deb7d,37c0ca72,87b7dfe9,3eed90b1,AI Observability,Document Automation,AI Security,Robotics Orchestration,AI Inference Infrastructure,AI Training Data,Edge-AI Hardware,Enterprise Knowledge Retrieval,1,2,3,4,4,2,3,1,1,7,8,5,6,4,3,2,0,95,0,5,0,5,0,95,45,-50,-45,-50,90,76,88,91,86,87,83,79,83,3,6,3,3,2,3,3,5,149.4,150,74.6,141.4,13.7,97.2,35.2,140.3,149.503,150.035,74.362,141.537,13.646,97.101,35.157,140.362,11,7,14,14,1,12,14,14,TRUE,TRUE,TRUE,TRUE,TRUE,TRUE,TRUE,TRUE,1,0,76,9,FALSE,FALSE,FALSE,FALSE,FALSE,FALSE,FALSE,FALSE,36,Male,5,4.090909090909091,1,"Stock Market, Crowdfunding",White,United States,United States,Part-Time,No,Maybe,"The decks were extremely small for viewing, so it was mostly just in general, what these are about.",NA,"You said it was about how people evaluate startups, I took you at your word.","They were all almost entirely about Ai. That was unexpected. I noticed they all bragged about how many billions in revenue the markets were making, but none mentioned the trillions spent developing AI so far.",1727,1024,465
129,4,Paperloom,Sentyl,Axonmesh,Servora,Curato,Ironhall,Foliant,Pulsegrid,340b9ba1,90a19744,e6065b1a,e06655dc,6b81ec39,3e0eedc2,fa1fe22c,e7f29679,Document Automation,AI Security,Robotics Orchestration,AI Inference Infrastructure,AI Training Data,Edge-AI Hardware,Enterprise Knowledge Retrieval,AI Observability,2,4,3,1,1,3,4,2,6,8,7,2,5,4,3,1,25,25,25,25,70,10,10,10,0,0,30,30,-30,39,37,63,62,59,38,60,64,5,5,3,5,4,5,4,4,113.5,101.2,121.8,127.1,71.3,34.8,41.7,34.4,113.439,100.949,121.785,126.96,71.173,34.74,41.729,49.241,14,14,14,14,14,14,14,14,TRUE,TRUE,TRUE,TRUE,TRUE,TRUE,TRUE,TRUE,37,50,29,24,FALSE,FALSE,FALSE,FALSE,FALSE,FALSE,FALSE,FALSE,30,Female,4,3.8181818181818183,3,"Private Equity fund, Government Bonds, Stock Market",White,United Kingdom,Poland,NA,Maybe a little,No,NA,NA,public assassment of the startup,some were not very clear,1260,1536,731
132,3,Sentyl,Axonmesh,Servora,Curato,Ironhall,Foliant,Pulsegrid,Paperloom,bcd14e91,4fe27fae,574d1367,14efa601,b5fef669,08321160,f5bfffe5,e20d4e90,AI Security,Robotics Orchestration,AI Inference Infrastructure,AI Training Data,Edge-AI Hardware,Enterprise Knowledge Retrieval,AI Observability,Document Automation,3,1,4,2,4,2,1,3,6,4,1,7,8,5,3,2,50,30,10,10,25,25,25,25,30,10,0,0,30,73,100,32,19,100,100,28,25,5,4,4,4,4,5,4,4,25.8,71.9,12.8,37.9,39.2,36.5,13.7,6.5,25.73,71.974,12.72,37.837,39.154,36.217,13.757,6.583,11,14,6,14,14,14,10,3,TRUE,TRUE,TRUE,TRUE,TRUE,TRUE,TRUE,TRUE,125,79,138,113,FALSE,FALSE,FALSE,FALSE,FALSE,FALSE,FALSE,FALSE,65,Male,0,3.727272727272727,1,"ETF or ETC, Government Bonds, Stock Market, Crowdfunding",White,United States,United States,Part-Time,No,Maybe,I wasn't inclined to spend time on the grey ones that were harder to read,NA,Perception of redundant information both visually and text.,Some were a grey tone hard to read.,595,1536,791
133,3,Sentyl,Axonmesh,Servora,Curato,Ironhall,Foliant,Pulsegrid,Paperloom,bcd14e91,4fe27fae,574d1367,14efa601,b5fef669,08321160,f5bfffe5,e20d4e90,AI Security,Robotics Orchestration,AI Inference Infrastructure,AI Training Data,Edge-AI Hardware,Enterprise Knowledge Retrieval,AI Observability,Document Automation,2,3,1,4,1,4,3,2,2,8,5,1,6,4,3,7,0,40,60,0,80,0,20,0,-10,10,30,50,-40,42,65,23,10,100,100,44,26,4,6,7,2,7,3,6,3,129.1,123.2,137.1,71.4,182.1,24.2,82,64.2,128.982,123.197,137.044,71.327,182.11,24.167,82.087,65.096,14,14,14,14,14,14,14,14,TRUE,TRUE,TRUE,TRUE,TRUE,TRUE,TRUE,TRUE,22,27,13,79,FALSE,FALSE,FALSE,FALSE,FALSE,FALSE,FALSE,FALSE,25,Male,0,4,1,"Stock Market, Government Bonds, ETF or ETC, Crowdfunding",Mixed,United Kingdom,United Kingdom,Full-Time,No,Maybe,Harder to read designs with less contrast were more difficult to be enthusiastic about.,NA,How effective different themes and presentation styles were at convincing the general population to invest.,"They all seemed AI generated, and some of the styles were poorly made.",1170,1512,743
136,1,Servora,Curato,Ironhall,Foliant,Pulsegrid,Paperloom,Sentyl,Axonmesh,737deb7d,37c0ca72,87b7dfe9,3eed90b1,dff2e369,84f4d358,0566fd88,c7e2221f,AI Inference Infrastructure,AI Training Data,Edge-AI Hardware,Enterprise Knowledge Retrieval,AI Observability,Document Automation,AI Security,Robotics Orchestration,2,4,3,1,2,4,3,1,5,2,1,4,6,8,3,7,50,0,35,15,35,5,45,15,0,35,-10,30,10,66,64,59,23,59,85,23,37,5,2,2,6,5,1,5,2,150.1,148.5,150,139.1,142.5,107.5,126.5,114.7,150.013,148.366,150.014,139.077,142.299,107.474,126.461,114.459,14,14,14,14,14,14,14,14,TRUE,TRUE,TRUE,TRUE,TRUE,TRUE,TRUE,TRUE,0,2,0,11,FALSE,FALSE,FALSE,FALSE,FALSE,FALSE,FALSE,FALSE,38,Male,1,2.3636363636363638,6,Crowdfunding,White,United States,United States,Full-Time,Maybe a little,Yes,NA,Harder to read and focus on the text with monochrome shades of gray on gray for some of the pitch decks,If we can better focus on data when given a struct time limit versus when we have unlimited time.,Some were much more difficult to read based on the monochrome text on backgrounds,1548,1601,739
137,7,Ironhall,Foliant,Pulsegrid,Paperloom,Sentyl,Axonmesh,Servora,Curato,b5fef669,08321160,f5bfffe5,e20d4e90,bcd14e91,4fe27fae,574d1367,14efa601,Edge-AI Hardware,Enterprise Knowledge Retrieval,AI Observability,Document Automation,AI Security,Robotics Orchestration,AI Inference Infrastructure,AI Training Data,4,3,2,1,4,2,1,3,6,1,8,5,2,4,3,7,30,30,20,20,15,25,38,22,10,0,-10,3,20,81,41,49,63,64,77,64,71,7,6,7,6,6,6,7,6,17.3,90,91.5,91.8,25.4,49.7,101.6,32.9,17.297,90.085,91.454,91.84,25.187,49.652,101.492,32.757,1,14,14,14,14,14,14,14,TRUE,TRUE,TRUE,TRUE,TRUE,TRUE,TRUE,TRUE,133,60,59,59,FALSE,FALSE,FALSE,FALSE,FALSE,FALSE,FALSE,FALSE,29,Male,2,4.090909090909091,2,"Crowdfunding, Venture Capital fund, Stock Market, Other",Asian,India,India,Part-Time,Yes,Maybe,I am not sure but I got to know about various important words and terminologies of business,NA,"According to what I went through reading across the data provided I got to learn about various firms , their marginal profit, annual turnover and  so many other things related to the field of business mostly numerical data.",I don't know about the authenticity of the data that I went through reading about different firms but got to know about various terminologies related to business acumen and how all these are important and how businesses operate,1105,1280,754
138,5,Pulsegrid,Paperloom,Sentyl,Axonmesh,Servora,Curato,Ironhall,Foliant,dff2e369,84f4d358,0566fd88,c7e2221f,737deb7d,37c0ca72,87b7dfe9,3eed90b1,AI Observability,Document Automation,AI Security,Robotics Orchestration,AI Inference Infrastructure,AI Training Data,Edge-AI Hardware,Enterprise Knowledge Retrieval,2,1,4,3,1,3,2,4,5,2,4,7,6,8,3,1,28,25,30,17,18,27,21,34,3,8,-5,-11,8,53,64,68,51,79,64,52,64,4,5,5,5,6,5,4,4,38.8,51.9,103.1,36,120.8,4.3,8.5,8.9,38.933,51.915,103.135,36.094,120.658,4.265,8.225,8.951,14,1,14,14,14,1,14,14,TRUE,TRUE,TRUE,TRUE,TRUE,TRUE,TRUE,TRUE,112,99,47,114,FALSE,FALSE,FALSE,FALSE,FALSE,FALSE,FALSE,FALSE,22,Male,3,4.2727272727272725,3,"Government Bonds, Stock Market, Crowdfunding, Private Equity fund",Black,United States,United States,Full-Time,No,No,NA,NA,Evaluating presentations of entrepreneurs.,No,905,1920,945
140,1,Servora,Curato,Ironhall,Foliant,Pulsegrid,Paperloom,Sentyl,Axonmesh,737deb7d,37c0ca72,87b7dfe9,3eed90b1,dff2e369,84f4d358,0566fd88,c7e2221f,AI Inference Infrastructure,AI Training Data,Edge-AI Hardware,Enterprise Knowledge Retrieval,AI Observability,Document Automation,AI Security,Robotics Orchestration,3,4,1,2,3,1,2,4,6,8,3,2,4,7,5,1,15,8,55,22,20,15,45,20,-27,20,-15,15,-12,55,40,57,45,41,48,57,39,4,3,5,4,3,3,4,5,56.9,49.5,64.5,57.5,67.7,47.1,47,126.7,56.809,49.573,64.475,57.409,67.746,47.063,46.795,126.431,14,14,14,14,14,14,14,14,TRUE,TRUE,TRUE,TRUE,TRUE,TRUE,TRUE,TRUE,94,101,86,93,FALSE,FALSE,FALSE,FALSE,FALSE,FALSE,FALSE,FALSE,23,Female,1,3,6,"ETF or ETC, Stock Market, Options, Crowdfunding, Government Bonds",White,United States,Romania,Full-Time,Maybe a little,Maybe,Unsure,NA,Evaluating startups,No,857,1425,773
141,7,Ironhall,Foliant,Pulsegrid,Paperloom,Sentyl,Axonmesh,Servora,Curato,b5fef669,08321160,f5bfffe5,e20d4e90,bcd14e91,4fe27fae,574d1367,14efa601,Edge-AI Hardware,Enterprise Knowledge Retrieval,AI Observability,Document Automation,AI Security,Robotics Orchestration,AI Inference Infrastructure,AI Training Data,4,2,1,3,2,1,4,3,7,1,5,6,4,8,2,3,20,20,40,20,20,20,30,30,-10,10,-10,0,0,60,44,39,36,42,64,37,61,5,5,5,5,4,4,6,5,110.9,150,37.4,140.8,121.4,86.3,42.9,55,110.794,150.016,37.405,140.736,121.181,84.008,42.997,54.962,14,1,14,14,14,14,14,14,TRUE,TRUE,TRUE,TRUE,TRUE,TRUE,TRUE,TRUE,40,0,113,10,FALSE,FALSE,FALSE,FALSE,FALSE,FALSE,FALSE,FALSE,44,Male,10,3.4545454545454546,3,"Government Bonds, Stock Market, Private Equity fund",Black,United States,United States,Full-Time,No,No,NA,NA,Reading company start up pitches to see what makes sense,not really,1212,1366,641
144,4,Paperloom,Sentyl,Axonmesh,Servora,Curato,Ironhall,Foliant,Pulsegrid,340b9ba1,90a19744,e6065b1a,e06655dc,6b81ec39,3e0eedc2,fa1fe22c,e7f29679,Document Automation,AI Security,Robotics Orchestration,AI Inference Infrastructure,AI Training Data,Edge-AI Hardware,Enterprise Knowledge Retrieval,AI Observability,4,1,2,3,4,3,2,1,7,3,2,4,5,1,6,8,20,25,25,30,30,30,25,15,-5,-5,10,5,-15,36,63,59,61,66,65,63,59,5,4,3,4,3,4,4,4,8.5,14.2,9.2,8.3,7.6,13.2,11.2,9.7,8.509,14.202,9.127,8.355,7.704,13.118,11.22,8.862,14,14,14,14,14,14,14,14,TRUE,TRUE,TRUE,TRUE,TRUE,TRUE,TRUE,TRUE,142,136,141,142,FALSE,FALSE,FALSE,FALSE,FALSE,FALSE,FALSE,FALSE,47,Female,2,2.8181818181818183,4,"Stock Market, Government Bonds, Private Equity fund, Crowdfunding",Black,United States,United States,Full-Time,No,Yes,NA,the design,nil,none,446,1920,945
145,1,Servora,Curato,Ironhall,Foliant,Pulsegrid,Paperloom,Sentyl,Axonmesh,737deb7d,37c0ca72,87b7dfe9,3eed90b1,dff2e369,84f4d358,0566fd88,c7e2221f,AI Inference Infrastructure,AI Training Data,Edge-AI Hardware,Enterprise Knowledge Retrieval,AI Observability,Document Automation,AI Security,Robotics Orchestration,4,2,3,1,4,1,3,2,3,4,5,6,7,2,8,1,0,0,50,50,50,0,0,50,-50,0,0,0,-50,89,90,8,12,91,94,92,33,6,3,7,1,6,2,7,6,58.9,105.7,61.2,112,20.9,54,30.5,42,58.831,105.775,61.246,111.902,21.011,53.925,30.541,41.922,14,14,13,13,10,13,14,13,TRUE,TRUE,TRUE,TRUE,TRUE,TRUE,TRUE,TRUE,92,45,89,39,FALSE,FALSE,FALSE,FALSE,FALSE,FALSE,FALSE,FALSE,39,Male,2,4.181818181818182,1,"Stock Market, Options, Crowdfunding",White,United Kingdom,United Kingdom,Full-Time,No,No,NA,NA,Seeing the effect time pressure has on evaluating data,"Some of them were quite difficult to read, the colours were not right",1120,1459,1021
146,1,Servora,Curato,Ironhall,Foliant,Pulsegrid,Paperloom,Sentyl,Axonmesh,737deb7d,37c0ca72,87b7dfe9,3eed90b1,dff2e369,84f4d358,0566fd88,c7e2221f,AI Inference Infrastructure,AI Training Data,Edge-AI Hardware,Enterprise Knowledge Retrieval,AI Observability,Document Automation,AI Security,Robotics Orchestration,3,4,1,2,3,2,1,4,1,6,5,4,3,2,8,7,70,30,0,0,70,20,10,0,50,20,40,30,10,66,100,92,58,91,100,83,87,6,3,5,3,6,4,5,6,149.9,129.9,150.1,150,166,137.7,201.3,177.5,150.015,129.828,150.024,150.009,165.87,137.769,201.328,177.364,13,14,12,14,14,14,14,14,TRUE,TRUE,TRUE,TRUE,TRUE,TRUE,TRUE,TRUE,0,21,0,0,FALSE,FALSE,FALSE,FALSE,FALSE,FALSE,FALSE,FALSE,36,Male,0,3.5454545454545454,2,"Stock Market, Government Bonds, Crowdfunding",White,United Kingdom,United Kingdom,Full-Time,No,Maybe,"i had to focus harder on the darker slides because it was so hard to read so maybe i took more notice of those compared to the white or maybe because the white was much easier to read, i took more notice of those since it was easier to take in. i don't think i was biased based on the colors but maybe i was and didnt notice.",NA,to see what i thought of each company.,just the dark and light colors but i dont know what it means that there was 2 in light and 2 in dark each time.,1783,1488,743
147,1,Servora,Curato,Ironhall,Foliant,Pulsegrid,Paperloom,Sentyl,Axonmesh,737deb7d,37c0ca72,87b7dfe9,3eed90b1,dff2e369,84f4d358,0566fd88,c7e2221f,AI Inference Infrastructure,AI Training Data,Edge-AI Hardware,Enterprise Knowledge Retrieval,AI Observability,Document Automation,AI Security,Robotics Orchestration,2,4,3,1,4,2,3,1,7,2,5,8,1,4,3,6,15,40,5,40,20,10,60,10,5,-30,-20,30,25,88,33,33,35,81,26,76,46,5,4,3,5,5,4,6,3,92,148.8,146.9,81.8,14.4,26,27,23.4,92.069,150.009,149.913,81.776,14.354,25.998,26.954,23.313,14,2,2,4,14,14,14,14,TRUE,TRUE,TRUE,TRUE,TRUE,TRUE,TRUE,TRUE,58,0,0,69,FALSE,FALSE,FALSE,FALSE,FALSE,FALSE,FALSE,FALSE,27,Male,2,3.8181818181818183,5,"Stock Market, Government Bonds, Options, Private Equity fund, ETF or ETC",White,United Kingdom,United Kingdom,Full-Time,No,Maybe,Not sure whether it was a positive or negative bias,NA,"Not sure, time limits?",Some were overly dark and hard to read,777,1912,948
148,4,Paperloom,Sentyl,Axonmesh,Servora,Curato,Ironhall,Foliant,Pulsegrid,340b9ba1,90a19744,e6065b1a,e06655dc,6b81ec39,3e0eedc2,fa1fe22c,e7f29679,Document Automation,AI Security,Robotics Orchestration,AI Inference Infrastructure,AI Training Data,Edge-AI Hardware,Enterprise Knowledge Retrieval,AI Observability,2,3,4,1,4,2,3,1,2,8,4,5,7,3,1,6,20,20,30,30,20,30,30,20,-10,0,0,0,-10,100,100,33,39,100,100,71,80,6,7,4,3,6,6,3,6,60,14.2,12.1,132.8,21.2,17.9,70.8,69.3,59.993,20.036,12.104,132.746,21.056,17.932,70.809,7.846,14,1,2,14,14,14,14,14,TRUE,TRUE,TRUE,TRUE,TRUE,TRUE,TRUE,TRUE,91,130,138,18,FALSE,FALSE,FALSE,FALSE,FALSE,FALSE,FALSE,FALSE,25,Female,3,4.090909090909091,5,"Stock Market, Private Equity fund, Government Bonds",Asian,India,India,Full-Time,Maybe a little,Yes,NA,NA,This study is about evaluation of the startup pitch and distributing decks or numbers based on the startup idea.,Some decks were not much clearly visible.,1475,1366,641
151,8,Curato,Ironhall,Foliant,Pulsegrid,Paperloom,Sentyl,Axonmesh,Servora,6b81ec39,3e0eedc2,fa1fe22c,e7f29679,340b9ba1,90a19744,e6065b1a,e06655dc,AI Training Data,Edge-AI Hardware,Enterprise Knowledge Retrieval,AI Observability,Document Automation,AI Security,Robotics Orchestration,AI Inference Infrastructure,4,3,2,1,4,2,1,3,2,8,4,5,6,3,7,1,10,20,60,10,60,10,20,10,-20,20,20,30,-40,66,74,91,65,77,64,18,27,4,5,6,3,5,5,2,3,42.9,97,62.1,123.6,20,19.5,33.7,16.1,42.964,97.075,61.895,123.596,20.171,19.359,33.633,15.998,14,14,14,14,14,14,14,14,TRUE,TRUE,TRUE,TRUE,TRUE,TRUE,TRUE,TRUE,108,53,89,27,FALSE,FALSE,FALSE,FALSE,FALSE,FALSE,FALSE,FALSE,47,Male,0,4.181818181818182,4,"ETF or ETC, Stock Market, Government Bonds, Crowdfunding",White,United States,United States,Full-Time,Maybe a little,Yes,NA,bolder designs were more impactful,How people respond to more visually bold presentations,Similar content,884,1694,1307
154,4,Paperloom,Sentyl,Axonmesh,Servora,Curato,Ironhall,Foliant,Pulsegrid,340b9ba1,90a19744,e6065b1a,e06655dc,6b81ec39,3e0eedc2,fa1fe22c,e7f29679,Document Automation,AI Security,Robotics Orchestration,AI Inference Infrastructure,AI Training Data,Edge-AI Hardware,Enterprise Knowledge Retrieval,AI Observability,1,2,3,4,3,4,2,1,2,3,8,1,6,7,5,4,50,15,30,5,15,5,40,40,15,30,-30,5,45,85,80,76,66,66,0,61,30,6,6,7,4,5,4,7,5,150.1,105.2,138.2,134.1,102.3,115.7,103.7,124.4,149.901,105.415,138.101,133.973,102.429,115.601,103.677,124.236,14,13,14,14,13,11,13,14,TRUE,TRUE,TRUE,TRUE,TRUE,TRUE,TRUE,TRUE,0,45,12,17,FALSE,FALSE,FALSE,FALSE,FALSE,FALSE,FALSE,FALSE,44,Female,0,2.3636363636363638,3,"ETF or ETC, Government Bonds, Crowdfunding, Other",Mixed,France,France,Part-Time,No,No,NA,NA,How well can we focus on retening key information on these companies and rating them depending on our liking.,I think they all have the same subscription plan.,1933,1280,551
155,8,Curato,Ironhall,Foliant,Pulsegrid,Paperloom,Sentyl,Axonmesh,Servora,6b81ec39,3e0eedc2,fa1fe22c,e7f29679,340b9ba1,90a19744,e6065b1a,e06655dc,AI Training Data,Edge-AI Hardware,Enterprise Knowledge Retrieval,AI Observability,Document Automation,AI Security,Robotics Orchestration,AI Inference Infrastructure,3,4,1,2,1,2,4,3,5,2,8,6,3,1,7,4,63,9,21,7,26,35,29,10,22,34,11,5,11,37,62,42,85,42,45,59,56,6,5,6,6,5,5,5,5,53.7,53,150.1,66.2,84.4,56,47.9,46.5,53.694,53.011,150.007,66.335,84.522,56.196,47.97,46.523,14,14,14,14,14,14,14,14,TRUE,TRUE,TRUE,TRUE,TRUE,TRUE,TRUE,TRUE,97,97,0,84,FALSE,FALSE,FALSE,FALSE,FALSE,FALSE,FALSE,FALSE,34,Male,5,4.363636363636363,5,"Stock Market, Private Equity fund, Crowdfunding, Government Bonds, ETF or ETC",Black,Canada,Canada,Full-Time,Maybe a little,Yes,NA,The layout made easier to read.,Reviewing about companies and how they operate.,Nothing was unusual.,1816,1536,730
156,5,Pulsegrid,Paperloom,Sentyl,Axonmesh,Servora,Curato,Ironhall,Foliant,dff2e369,84f4d358,0566fd88,c7e2221f,737deb7d,37c0ca72,87b7dfe9,3eed90b1,AI Observability,Document Automation,AI Security,Robotics Orchestration,AI Inference Infrastructure,AI Training Data,Edge-AI Hardware,Enterprise Knowledge Retrieval,3,1,2,4,4,3,1,2,6,7,4,8,1,2,5,3,30,30,30,10,20,30,20,30,10,10,0,-10,10,81,92,32,24,29,86,33,10,6,6,4,3,4,6,5,6,149.8,150,150.1,149.9,64.4,139.8,69.2,139.3,149.902,150.023,150.027,150.032,70.147,139.962,82.319,139.248,13,14,13,13,13,11,12,14,TRUE,TRUE,TRUE,TRUE,TRUE,TRUE,TRUE,TRUE,0,0,0,0,FALSE,FALSE,FALSE,FALSE,FALSE,FALSE,FALSE,FALSE,49,Male,5,4.818181818181818,6,"Stock Market, Crowdfunding, Private Equity fund",Asian,United States,United Kingdom,Full-Time,No,Yes,NA,Yes - some that seemed a bit blurry were difficult to read/follow and probably skipped.,Its probably about memory and retaining data received from multiple sources but have a similar pattern.,Some of the pitch deck designs were a little hard to read - but they followed a similar structure.,1605,1920,963
159,2,Axonmesh,Servora,Curato,Ironhall,Foliant,Pulsegrid,Paperloom,Sentyl,f36cc003,e55a120c,cbc833b1,817f1201,46c0bf32,2055e10c,081e5fb5,bfc6f4d0,Robotics Orchestration,AI Inference Infrastructure,AI Training Data,Edge-AI Hardware,Enterprise Knowledge Retrieval,AI Observability,Document Automation,AI Security,2,3,1,4,4,3,1,2,2,8,3,6,5,7,4,1,40,35,25,0,65,0,25,10,25,15,15,40,10,69,62,0,25,100,55,7,25,6,5,3,4,7,3,5,6,150.1,150,145.7,150.3,79.6,82,134.2,128.1,149.978,150.008,150.014,150.013,79.562,81.851,134.233,142.679,14,12,14,12,14,14,14,14,TRUE,TRUE,TRUE,TRUE,TRUE,TRUE,TRUE,TRUE,1,0,0,0,FALSE,FALSE,FALSE,FALSE,FALSE,FALSE,FALSE,FALSE,36,Male,7,3.3636363636363638,5,"ETF or ETC, Stock Market, Private Equity fund, Crowdfunding",Asian,Canada,Canada,Full-Time,No,Yes,NA,It is a very obvious convenience. If i can read it i can appraise it!,Executive attention span when faced with cognitive volume and ability to pick the best possible winners from the plethora of options all while ensuring you don't overlook too many of them,Yes some of them were really bright and colorful and more likely to be easier to read while others were grayscale and hard to read,1721,2560,1305
160,5,Pulsegrid,Paperloom,Sentyl,Axonmesh,Servora,Curato,Ironhall,Foliant,dff2e369,84f4d358,0566fd88,c7e2221f,737deb7d,37c0ca72,87b7dfe9,3eed90b1,AI Observability,Document Automation,AI Security,Robotics Orchestration,AI Inference Infrastructure,AI Training Data,Edge-AI Hardware,Enterprise Knowledge Retrieval,4,1,3,2,2,3,1,4,3,6,2,8,5,4,7,1,0,100,0,0,30,20,20,30,50,-50,0,0,50,72,63,73,21,72,80,30,67,5,5,5,2,6,6,3,5,8.6,71,14.4,28.9,6.2,7.5,9.1,5,8.664,151.985,55.333,35.32,6.192,7.496,9.194,5.069,14,8,14,14,14,14,14,14,TRUE,TRUE,TRUE,TRUE,TRUE,TRUE,TRUE,TRUE,142,0,95,115,FALSE,FALSE,FALSE,FALSE,FALSE,FALSE,FALSE,FALSE,34,Female,5,4.545454545454546,1,"Stock Market, ETF or ETC, Options, Venture Capital fund",Asian,India,India,Full-Time,Yes,No,NA,NA,"this study was looking at how people size up startup pitch decks and decide where to put their money or attention when choices are limited. it tests how we process information on the fly, what stands out to us in a pitch, and how we make decisions under pressure.",the decks themselves looked super polished-like real professional templates but a lot the data and metrics felt a bit cookie-cutter once you started reading closely. cut off by that strict timer on the first task made it feel half like an investment test and half like a speed-reading challenge.,1547,1920,911
162,3,Sentyl,Axonmesh,Servora,Curato,Ironhall,Foliant,Pulsegrid,Paperloom,bcd14e91,4fe27fae,574d1367,14efa601,b5fef669,08321160,f5bfffe5,e20d4e90,AI Security,Robotics Orchestration,AI Inference Infrastructure,AI Training Data,Edge-AI Hardware,Enterprise Knowledge Retrieval,AI Observability,Document Automation,3,1,4,2,1,2,3,4,5,6,7,8,3,1,2,4,50,25,10,15,10,50,10,30,25,10,10,-30,15,76,15,14,31,72,89,23,67,2,2,2,4,2,7,5,7,58,118.4,39.2,63.8,81,52.2,56.7,41.8,58.219,118.431,43.832,63.708,81.155,52.151,117.099,122.019,14,14,14,14,14,14,14,14,TRUE,TRUE,TRUE,TRUE,TRUE,TRUE,TRUE,TRUE,92,32,107,87,FALSE,FALSE,FALSE,FALSE,FALSE,FALSE,FALSE,FALSE,32,Female,3,4.181818181818182,1,"Private Equity fund, ETF or ETC, Government Bonds, Stock Market, Options, Other",White,United Kingdom,United Kingdom,Full-Time,No,Maybe,"Not much, but I do prefer it when information is laid out more simply and visually appealing and easy to digest",NA,I think it was about which pitch deck had the best idea and business model,No,1107,1528,740
163,3,Sentyl,Axonmesh,Servora,Curato,Ironhall,Foliant,Pulsegrid,Paperloom,bcd14e91,4fe27fae,574d1367,14efa601,b5fef669,08321160,f5bfffe5,e20d4e90,AI Security,Robotics Orchestration,AI Inference Infrastructure,AI Training Data,Edge-AI Hardware,Enterprise Knowledge Retrieval,AI Observability,Document Automation,3,2,1,4,4,3,1,2,7,3,1,2,8,4,6,5,5,5,45,45,45,15,35,5,-40,0,10,30,-50,41,38,43,39,39,37,39,41,4,5,6,5,4,4,5,3,38.3,56.6,150.1,20.2,52.1,26.8,62,44.6,38.253,56.533,150.021,20.183,52.179,26.799,62.935,44.564,14,14,13,14,14,14,14,14,TRUE,TRUE,TRUE,TRUE,TRUE,TRUE,TRUE,TRUE,112,94,0,130,FALSE,FALSE,FALSE,FALSE,FALSE,FALSE,FALSE,FALSE,28,Male,0,3.3636363636363638,4,"Stock Market, Crowdfunding",White,United States,United States,Part-Time,No,No,NA,NA,seeing how people rate startups based off of PowerPoint presentations,"not to my knowledge, no",1132,1536,695
164,7,Ironhall,Foliant,Pulsegrid,Paperloom,Sentyl,Axonmesh,Servora,Curato,b5fef669,08321160,f5bfffe5,e20d4e90,bcd14e91,4fe27fae,574d1367,14efa601,Edge-AI Hardware,Enterprise Knowledge Retrieval,AI Observability,Document Automation,AI Security,Robotics Orchestration,AI Inference Infrastructure,AI Training Data,3,1,4,2,2,3,1,4,1,4,8,2,3,6,7,5,30,30,10,30,30,35,10,25,10,-10,15,-10,-5,82,63,34,37,82,77,26,24,5,5,3,4,6,6,3,4,64.7,85.8,56.3,75.1,92.1,78.8,64.4,84.4,64.701,85.928,56.139,75,91.901,78.789,64.502,84.201,14,14,14,14,14,14,14,14,TRUE,TRUE,TRUE,TRUE,TRUE,TRUE,TRUE,TRUE,86,65,94,75,FALSE,FALSE,FALSE,FALSE,FALSE,FALSE,FALSE,FALSE,52,Male,8,3.090909090909091,1,"Stock Market, Crowdfunding",White,United Kingdom,United Kingdom,Part-Time,No,No,NA,NA,Memorising and recalling information relating to value of companies spread over multiple pages and presented in a similar manner.,They were all obviously generated by Ai and were all similar in most aspects .,1075,980,1867
165,8,Curato,Ironhall,Foliant,Pulsegrid,Paperloom,Sentyl,Axonmesh,Servora,6b81ec39,3e0eedc2,fa1fe22c,e7f29679,340b9ba1,90a19744,e6065b1a,e06655dc,AI Training Data,Edge-AI Hardware,Enterprise Knowledge Retrieval,AI Observability,Document Automation,AI Security,Robotics Orchestration,AI Inference Infrastructure,3,2,1,4,2,3,4,1,8,4,1,7,3,6,2,5,20,35,15,30,20,40,20,20,5,-15,10,-10,-5,68,67,32,40,72,80,68,71,6,4,4,4,5,6,5,5,150,122.1,147,119.9,143.2,99.7,51.5,73.4,150.015,122.134,148.113,120.008,145.91,99.831,51.476,73.335,11,8,14,14,14,14,14,14,TRUE,TRUE,TRUE,TRUE,TRUE,TRUE,TRUE,TRUE,0,28,2,31,FALSE,FALSE,FALSE,FALSE,FALSE,FALSE,FALSE,FALSE,26,Male,8,4.090909090909091,2,"ETF or ETC, Government Bonds, Stock Market, Venture Capital fund, Crowdfunding",Black,Canada,Canada,Part-Time,No,Yes,NA,Some where able to present their business model in a very good way and it influenced my decision.,checking the business model of start ups and their potentials,no,1627,1280,551
166,4,Paperloom,Sentyl,Axonmesh,Servora,Curato,Ironhall,Foliant,Pulsegrid,340b9ba1,90a19744,e6065b1a,e06655dc,6b81ec39,3e0eedc2,fa1fe22c,e7f29679,Document Automation,AI Security,Robotics Orchestration,AI Inference Infrastructure,AI Training Data,Edge-AI Hardware,Enterprise Knowledge Retrieval,AI Observability,4,2,1,3,3,1,4,2,5,4,7,3,2,8,1,6,30,10,40,20,10,40,20,30,-10,20,0,-20,-10,81,91,89,95,78,87,86,68,6,5,6,6,5,7,5,5,150.1,150.1,150.1,150,4.3,12.3,5.6,5.6,149.915,149.914,149.918,149.926,4.474,12.307,5.972,5.796,11,13,12,12,14,14,14,14,TRUE,TRUE,TRUE,TRUE,TRUE,TRUE,TRUE,TRUE,0,0,0,0,FALSE,FALSE,FALSE,FALSE,FALSE,FALSE,FALSE,FALSE,36,Female,4,4.545454545454546,5,"Stock Market, Unit trusts, Venture Capital fund",White,United States,United States,Part-Time,Maybe a little,No,NA,NA,I think the study was examining how people evaluate startup pitch decks and decide which companies deserve more attention or investment.,Nothing stood out as unusual.,2635,1280,585
167,2,Axonmesh,Servora,Curato,Ironhall,Foliant,Pulsegrid,Paperloom,Sentyl,f36cc003,e55a120c,cbc833b1,817f1201,46c0bf32,2055e10c,081e5fb5,bfc6f4d0,Robotics Orchestration,AI Inference Infrastructure,AI Training Data,Edge-AI Hardware,Enterprise Knowledge Retrieval,AI Observability,Document Automation,AI Security,2,3,1,4,4,3,1,2,1,6,8,3,7,2,4,5,40,50,5,5,45,15,15,25,40,-5,10,10,30,100,90,85,75,100,100,100,100,7,6,5,5,7,6,7,7,143,147.2,149.9,81.8,55,38.3,70.6,47,150.024,150.048,150.019,81.749,54.961,38.473,70.401,54.088,14,14,14,14,14,14,14,14,TRUE,TRUE,TRUE,TRUE,TRUE,TRUE,TRUE,TRUE,0,0,0,69,FALSE,FALSE,FALSE,FALSE,FALSE,FALSE,FALSE,FALSE,25,Male,3,4.636363636363637,1,"ETF or ETC, Stock Market, Private Equity fund",Asian,India,India,Part-Time,No,Yes,NA,"Yes, to be honest for me it's 100% matters. Before even reading what the idea is, our eyes catches the design and how much less effort my eye have to do to read it actually. So, yes","The agenda here is understanding how people evaluate startups and also according to the current market trends or new tech systems including AI.

I also learned something about my evaluation factors and how good am I in terms of evaluation and thank you so much for showing what people are building and how to present the idea and how make people believe in your idea or product.",Idk if the 1-2 decks are itself not readable or good looking enough or the researcher capture it in a way that made it. Apart from it all looks good.,1638,1728,896
168,4,Paperloom,Sentyl,Axonmesh,Servora,Curato,Ironhall,Foliant,Pulsegrid,340b9ba1,90a19744,e6065b1a,e06655dc,6b81ec39,3e0eedc2,fa1fe22c,e7f29679,Document Automation,AI Security,Robotics Orchestration,AI Inference Infrastructure,AI Training Data,Edge-AI Hardware,Enterprise Knowledge Retrieval,AI Observability,2,1,4,3,2,4,3,1,3,5,2,6,1,4,7,8,5,80,10,5,40,60,0,0,35,-35,50,-10,-15,54,86,32,25,90,95,17,37,6,5,4,4,6,6,5,5,20.3,86.6,18.4,20.3,11.6,11.7,13.6,17.4,20.193,86.385,18.487,20.199,11.524,11.573,13.501,17.438,14,14,14,14,14,14,14,14,TRUE,TRUE,TRUE,TRUE,TRUE,TRUE,TRUE,TRUE,130,64,132,130,FALSE,FALSE,FALSE,FALSE,FALSE,FALSE,FALSE,FALSE,37,Female,2,4.2727272727272725,1,"Crowdfunding, Other",White,France,France,Full-Time,Maybe a little,Yes,NA,The design needs to be attractive to make people want to discover the startup and find out more.,It serves to see which startup presentation is chosen based on its name and explanatory slides.,Some were illegible or barely legible due to the background color.,1366,1536,695
169,5,Pulsegrid,Paperloom,Sentyl,Axonmesh,Servora,Curato,Ironhall,Foliant,dff2e369,84f4d358,0566fd88,c7e2221f,737deb7d,37c0ca72,87b7dfe9,3eed90b1,AI Observability,Document Automation,AI Security,Robotics Orchestration,AI Inference Infrastructure,AI Training Data,Edge-AI Hardware,Enterprise Knowledge Retrieval,1,4,2,3,3,4,1,2,5,2,7,1,4,3,8,6,0,45,45,10,5,38,30,27,-5,-5,-7,-15,2,37,100,76,91,29,61,100,75,6,7,6,5,5,5,3,5,88.5,58.4,56.9,67.9,49.2,60.4,63.1,35.7,88.255,58.384,56.909,67.84,60.46,60.43,63.139,35.642,14,14,14,14,14,14,4,14,TRUE,TRUE,TRUE,TRUE,TRUE,TRUE,TRUE,TRUE,62,92,94,83,FALSE,FALSE,FALSE,FALSE,FALSE,FALSE,FALSE,FALSE,42,Female,9,4.454545454545454,2,"Government Bonds, Stock Market, Unit trusts, Private Equity fund, Venture Capital fund, Crowdfunding",White,United Kingdom,United Kingdom,Full-Time,No,No,NA,NA,"evaluating business startups before investments 
",No (they were potentially AI made just by the similar design/format),879,1912,956
170,8,Curato,Ironhall,Foliant,Pulsegrid,Paperloom,Sentyl,Axonmesh,Servora,6b81ec39,3e0eedc2,fa1fe22c,e7f29679,340b9ba1,90a19744,e6065b1a,e06655dc,AI Training Data,Edge-AI Hardware,Enterprise Knowledge Retrieval,AI Observability,Document Automation,AI Security,Robotics Orchestration,AI Inference Infrastructure,3,2,1,4,3,2,1,4,2,4,3,8,5,7,1,6,40,20,5,35,25,15,60,0,10,-5,-10,35,20,91,72,23,93,88,84,83,41,5,4,3,6,5,5,6,5,150,150.2,150.1,137.2,70.5,114,127.1,49.9,150.039,150.041,150.02,136.991,70.478,114.036,126.936,49.839,12,14,14,14,14,14,14,14,TRUE,TRUE,TRUE,TRUE,TRUE,TRUE,TRUE,TRUE,0,0,0,14,FALSE,FALSE,FALSE,FALSE,FALSE,FALSE,FALSE,FALSE,32,Male,2,4.181818181818182,3,"Stock Market, Government Bonds, Crowdfunding",Black,United Kingdom,United Kingdom,Full-Time,No,No,NA,NA,Time pressure and how it affects decision making,No,1566,1271,576
171,4,Paperloom,Sentyl,Axonmesh,Servora,Curato,Ironhall,Foliant,Pulsegrid,340b9ba1,90a19744,e6065b1a,e06655dc,6b81ec39,3e0eedc2,fa1fe22c,e7f29679,Document Automation,AI Security,Robotics Orchestration,AI Inference Infrastructure,AI Training Data,Edge-AI Hardware,Enterprise Knowledge Retrieval,AI Observability,2,1,3,4,2,3,4,1,7,1,6,5,8,3,2,4,20,25,15,40,30,20,40,10,-5,-15,0,20,-5,64,50,47,50,58,63,49,45,5,4,4,4,5,5,3,3,48.2,128.7,54.7,62.6,28.3,25.8,17.7,81.2,48.192,128.608,54.729,62.695,28.332,25.844,17.598,60.709,14,14,14,14,14,14,14,14,TRUE,TRUE,TRUE,TRUE,TRUE,TRUE,TRUE,TRUE,102,22,96,88,FALSE,FALSE,FALSE,FALSE,FALSE,FALSE,FALSE,FALSE,53,Female,4,4,4,"Stock Market, Private Equity fund, Crowdfunding",White,United States,Italy,Full-Time,No,No,NA,NA,it's about evaluating startup pitch decks,not that i could reckon,1175,958,910
172,2,Axonmesh,Servora,Curato,Ironhall,Foliant,Pulsegrid,Paperloom,Sentyl,f36cc003,e55a120c,cbc833b1,817f1201,46c0bf32,2055e10c,081e5fb5,bfc6f4d0,Robotics Orchestration,AI Inference Infrastructure,AI Training Data,Edge-AI Hardware,Enterprise Knowledge Retrieval,AI Observability,Document Automation,AI Security,2,3,4,1,2,1,4,3,3,4,1,5,7,8,6,2,20,20,30,30,25,25,25,25,-10,0,0,0,-10,38,42,99,91,83,100,99,44,7,7,3,2,5,7,7,6,69.9,60.9,71,150,37.8,85.1,98.9,63.3,69.839,60.92,71.071,149.909,37.591,85.244,98.729,63.372,14,14,14,8,14,14,14,14,TRUE,TRUE,TRUE,TRUE,TRUE,TRUE,TRUE,TRUE,81,90,79,0,FALSE,FALSE,FALSE,FALSE,FALSE,FALSE,FALSE,FALSE,49,Female,2,4.363636363636363,1,"Government Bonds, Stock Market, Private Equity fund, Unit trusts",Asian,India,India,Other,No,Maybe,"in some decks, extracting information was hard. Fonts were light and small. In such cases, I did not try to stare at it or collect more details.",NA,How much we remember the name and how far we like the name. How much attention the name draws.,"Some were not readable, fonts were light, some pages were blank here and there. On the whole, it was not structured.",1942,1114,493
175,8,Curato,Ironhall,Foliant,Pulsegrid,Paperloom,Sentyl,Axonmesh,Servora,6b81ec39,3e0eedc2,fa1fe22c,e7f29679,340b9ba1,90a19744,e6065b1a,e06655dc,AI Training Data,Edge-AI Hardware,Enterprise Knowledge Retrieval,AI Observability,Document Automation,AI Security,Robotics Orchestration,AI Inference Infrastructure,2,1,3,4,1,4,2,3,8,5,6,1,4,2,7,3,40,20,30,10,15,25,35,25,10,20,-10,0,20,80,89,58,9,62,56,23,23,7,7,2,1,7,5,2,1,127.4,138,113.3,117.4,103.7,78.6,95.9,55.8,127.545,138.063,113.185,117.459,120.25,78.457,95.939,55.767,14,13,14,14,14,14,14,14,TRUE,TRUE,TRUE,TRUE,TRUE,TRUE,TRUE,TRUE,23,12,37,33,FALSE,FALSE,FALSE,FALSE,FALSE,FALSE,FALSE,FALSE,62,Female,9,3.8181818181818183,1,"Private Equity fund, Stock Market, Government Bonds, Venture Capital fund",White,United Kingdom,United Kingdom,Full-Time,No,Yes,NA,I preferred the ones you could read properly with a clear background rather than grey / dark,"I believe this study was about anaylsing data on business start ups and using the information provided to make a decision on which will be the best investment, there were diffrerent factors to consider for each one",Some of the lightning was hard to understand and made the desk hard to read so you had to focus properly on them,1438,853,390
176,7,Ironhall,Foliant,Pulsegrid,Paperloom,Sentyl,Axonmesh,Servora,Curato,b5fef669,08321160,f5bfffe5,e20d4e90,bcd14e91,4fe27fae,574d1367,14efa601,Edge-AI Hardware,Enterprise Knowledge Retrieval,AI Observability,Document Automation,AI Security,Robotics Orchestration,AI Inference Infrastructure,AI Training Data,1,4,3,2,2,4,1,3,7,2,6,3,8,5,4,1,40,20,20,20,30,40,10,20,10,10,20,-10,-10,96,85,51,51,70,87,51,51,7,7,5,4,6,6,4,5,150.1,10.5,4.4,150,44.8,29.1,36.6,42.5,149.915,10.154,4.355,150.046,44.574,29.002,36.475,42.209,2,14,1,13,14,1,14,14,TRUE,TRUE,TRUE,TRUE,TRUE,TRUE,TRUE,TRUE,0,140,146,0,FALSE,FALSE,FALSE,FALSE,FALSE,FALSE,FALSE,FALSE,27,Male,2,3.909090909090909,6,"Stock Market, Government Bonds, Crowdfunding",White,United States,United States,Full-Time,Yes,Maybe,NA,NA,My evaluation ability,NO,1446,1366,607
177,5,Pulsegrid,Paperloom,Sentyl,Axonmesh,Servora,Curato,Ironhall,Foliant,dff2e369,84f4d358,0566fd88,c7e2221f,737deb7d,37c0ca72,87b7dfe9,3eed90b1,AI Observability,Document Automation,AI Security,Robotics Orchestration,AI Inference Infrastructure,AI Training Data,Edge-AI Hardware,Enterprise Knowledge Retrieval,4,1,2,3,4,3,1,2,2,7,1,4,3,5,6,8,30,30,20,20,30,30,20,20,10,0,10,0,0,100,100,48,51,88,97,51,71,7,6,6,5,5,5,6,5,67.8,134.1,87.7,72,48,36.8,46.4,42.2,67.758,133.884,87.57,71.913,47.792,39.372,46.392,42.149,14,14,14,14,14,14,14,14,TRUE,TRUE,TRUE,TRUE,TRUE,TRUE,TRUE,TRUE,83,17,63,79,FALSE,FALSE,FALSE,FALSE,FALSE,FALSE,FALSE,FALSE,38,Male,6,4.909090909090909,1,"ETF or ETC, Government Bonds, Stock Market, Venture Capital fund, Crowdfunding, Private Equity fund",White,United States,United States,Full-Time,No,Yes,NA,i was inclined to how simple and easy to read the information,this study was about start up business and decision making,no,1449,1366,679
178,1,Servora,Curato,Ironhall,Foliant,Pulsegrid,Paperloom,Sentyl,Axonmesh,737deb7d,37c0ca72,87b7dfe9,3eed90b1,dff2e369,84f4d358,0566fd88,c7e2221f,AI Inference Infrastructure,AI Training Data,Edge-AI Hardware,Enterprise Knowledge Retrieval,AI Observability,Document Automation,AI Security,Robotics Orchestration,1,2,3,4,4,2,3,1,4,7,1,5,2,8,3,6,25,25,25,25,7,57,30,6,0,0,14,-13,-14,42,57,42,60,38,82,33,69,5,5,4,5,3,7,3,6,107.1,60.1,56.5,56.4,70,91.4,52.4,126.6,107.076,60.054,56.385,56.277,69.966,91.456,52.326,126.681,14,14,14,14,14,14,14,14,TRUE,TRUE,TRUE,TRUE,TRUE,TRUE,TRUE,TRUE,43,90,94,94,FALSE,FALSE,FALSE,FALSE,FALSE,FALSE,FALSE,FALSE,29,Male,3,3.909090909090909,4,"Stock Market, Private Equity fund, Government Bonds",Black,Canada,Kenya,Full-Time,No,Yes,NA,Positively,"The study explored how people evaluate start ups ventures by reviewing pitch deck allocating attention tokens  and  completing decision task to measure judgement ,preferences and investments  related decision  making process",Nothing cought my attention that was unusual .How they presented themselves was splendid,1772,1366,641
179,1,Servora,Curato,Ironhall,Foliant,Pulsegrid,Paperloom,Sentyl,Axonmesh,737deb7d,37c0ca72,87b7dfe9,3eed90b1,dff2e369,84f4d358,0566fd88,c7e2221f,AI Inference Infrastructure,AI Training Data,Edge-AI Hardware,Enterprise Knowledge Retrieval,AI Observability,Document Automation,AI Security,Robotics Orchestration,2,1,4,3,2,3,1,4,3,5,7,8,1,6,2,4,40,20,20,20,25,25,30,20,10,10,0,5,10,52,70,39,36,30,52,34,34,6,6,5,5,6,5,5,5,150,150,47,105.3,79.2,70.8,38.1,64.9,149.902,149.9,46.949,105.327,79.018,70.673,38.257,64.803,11,9,7,14,14,14,14,14,TRUE,TRUE,TRUE,TRUE,TRUE,TRUE,TRUE,TRUE,0,0,104,45,FALSE,FALSE,FALSE,FALSE,FALSE,FALSE,FALSE,FALSE,42,Male,5,4.090909090909091,6,"Stock Market, ETF or ETC, Private Equity fund",Black,United States,United States,Part-Time,No,No,NA,NA,Desicion making and judgement on  information,not more fudamental details,1534,1920,953
180,5,Pulsegrid,Paperloom,Sentyl,Axonmesh,Servora,Curato,Ironhall,Foliant,dff2e369,84f4d358,0566fd88,c7e2221f,737deb7d,37c0ca72,87b7dfe9,3eed90b1,AI Observability,Document Automation,AI Security,Robotics Orchestration,AI Inference Infrastructure,AI Training Data,Edge-AI Hardware,Enterprise Knowledge Retrieval,1,4,2,3,2,4,3,1,4,6,5,7,1,8,2,3,20,0,60,20,60,30,10,0,-30,30,40,20,-70,64,37,80,47,75,60,47,40,5,3,6,4,6,4,4,4,92.7,41.6,54.1,63,73.7,29.2,50.4,126,92.726,41.656,54.132,63.175,73.649,29.268,53.102,126.048,14,14,14,14,14,14,14,14,TRUE,TRUE,TRUE,TRUE,TRUE,TRUE,TRUE,TRUE,58,109,96,87,FALSE,FALSE,FALSE,FALSE,FALSE,FALSE,FALSE,FALSE,29,Male,2,3.5454545454545454,4,"ETF or ETC, Stock Market, Private Equity fund, Venture Capital fund, Crowdfunding, Options",White,United States,United States,Full-Time,Maybe a little,No,NA,NA,Perceptions of various niche AI startups and their value in the market.,Some seemed purposefully like bad in terms of color and formatting.,1170,1280,585
181,6,Foliant,Pulsegrid,Paperloom,Sentyl,Axonmesh,Servora,Curato,Ironhall,46c0bf32,2055e10c,081e5fb5,bfc6f4d0,f36cc003,e55a120c,cbc833b1,817f1201,Enterprise Knowledge Retrieval,AI Observability,Document Automation,AI Security,Robotics Orchestration,AI Inference Infrastructure,AI Training Data,Edge-AI Hardware,2,3,4,1,2,1,3,4,8,6,4,1,3,5,2,7,15,10,15,60,10,60,20,10,-25,-20,20,-20,-45,32,72,33,90,93,60,65,58,2,5,5,6,6,4,5,5,150.1,150,150,150,81.2,73.5,64.4,194.9,150.014,150.017,150.019,150.024,81.275,78.648,65.915,201.015,14,14,14,14,14,14,14,14,TRUE,TRUE,TRUE,TRUE,TRUE,TRUE,TRUE,TRUE,0,0,0,0,FALSE,FALSE,FALSE,FALSE,FALSE,FALSE,FALSE,FALSE,41,Male,5,3.8181818181818183,2,"ETF or ETC, Private Equity fund, Stock Market, Crowdfunding, Unit trusts, Government Bonds",White,United Kingdom,United Kingdom,Full-Time,No,No,NA,NA,Evaluate and invest in new companies.,No.,1833,1920,945
182,4,Paperloom,Sentyl,Axonmesh,Servora,Curato,Ironhall,Foliant,Pulsegrid,340b9ba1,90a19744,e6065b1a,e06655dc,6b81ec39,3e0eedc2,fa1fe22c,e7f29679,Document Automation,AI Security,Robotics Orchestration,AI Inference Infrastructure,AI Training Data,Edge-AI Hardware,Enterprise Knowledge Retrieval,AI Observability,2,3,1,4,3,2,1,4,4,7,3,1,6,2,8,5,50,10,30,10,10,40,20,30,10,30,0,-20,10,99,26,100,76,3,9,41,2,6,2,5,2,2,4,4,3,150.2,108.1,142.6,93.2,129.6,135.4,123.4,117.3,149.901,107.877,150.014,101.271,135.276,135.425,124.999,119.15,14,14,14,10,14,14,14,14,TRUE,TRUE,TRUE,TRUE,TRUE,TRUE,TRUE,TRUE,0,43,0,49,FALSE,FALSE,FALSE,FALSE,FALSE,FALSE,FALSE,FALSE,42,Male,20,3.6363636363636362,5,"ETF or ETC, Government Bonds, Stock Market, Private Equity fund",White,United Kingdom,United Kingdom,Full-Time,No,No,NA,NA,"How reactions and intentions differ when presented with two different groups of proposals. One time-limited and with clear information, the other without a limit and with more obscure, harder to understand information.","The second batch seemed more technically complex, they weren't written to be understood by a lay person. If the information was real and correct, it would only be fully understood by someone already working in those sectors.",1596,1470,717
184,4,Paperloom,Sentyl,Axonmesh,Servora,Curato,Ironhall,Foliant,Pulsegrid,340b9ba1,90a19744,e6065b1a,e06655dc,6b81ec39,3e0eedc2,fa1fe22c,e7f29679,Document Automation,AI Security,Robotics Orchestration,AI Inference Infrastructure,AI Training Data,Edge-AI Hardware,Enterprise Knowledge Retrieval,AI Observability,2,1,4,3,2,4,1,3,6,4,5,2,8,1,3,7,10,65,10,15,10,30,50,10,25,-30,-10,10,35,100,43,5,21,19,84,25,15,3,7,2,4,3,7,7,5,89.9,150.1,114.3,47.8,54.3,66,77,46.8,89.787,150.023,114.317,47.822,54.307,65.975,77.039,46.846,14,10,14,14,14,14,14,14,TRUE,TRUE,TRUE,TRUE,TRUE,TRUE,TRUE,TRUE,61,0,36,103,FALSE,FALSE,FALSE,FALSE,FALSE,FALSE,FALSE,FALSE,70,Male,6,4.181818181818182,1,"Crowdfunding, Options, Unit trusts, Stock Market, Government Bonds",White,United Kingdom,United Kingdom,"Not in paid work (e.g. homemaker', 'retired or disabled)",No,Maybe,Visual design is really important in order to maintain the attention of the reader and possibly to make a bond or connection.,NA,"Ability to process and retain information under two scenarios. The first was under time pressure, the second without.","Generally followed a standard format, some displayed visually much better than others.  More effort on the size of market to be tackled rather than the product solution",1313,1920,953
185,7,Ironhall,Foliant,Pulsegrid,Paperloom,Sentyl,Axonmesh,Servora,Curato,b5fef669,08321160,f5bfffe5,e20d4e90,bcd14e91,4fe27fae,574d1367,14efa601,Edge-AI Hardware,Enterprise Knowledge Retrieval,AI Observability,Document Automation,AI Security,Robotics Orchestration,AI Inference Infrastructure,AI Training Data,4,2,1,3,4,2,3,1,1,4,2,8,5,7,6,3,30,20,30,20,30,30,30,10,0,10,10,10,-10,65,67,63,66,72,60,73,67,6,5,5,6,5,5,6,5,44.9,111.1,150,47.8,21.5,10.1,7.5,11.2,45.081,111.008,150.035,47.658,21.455,9.807,7.405,15.648,14,14,8,14,14,14,14,14,TRUE,TRUE,TRUE,TRUE,TRUE,TRUE,TRUE,TRUE,105,40,0,103,FALSE,FALSE,FALSE,FALSE,FALSE,FALSE,FALSE,FALSE,38,Female,4,4.090909090909091,5,"Stock Market, Crowdfunding, Government Bonds, ETF or ETC",Black,United States,United States,Full-Time,No,No,NA,NA,about start ups,no,1732,1010,992
186,5,Pulsegrid,Paperloom,Sentyl,Axonmesh,Servora,Curato,Ironhall,Foliant,dff2e369,84f4d358,0566fd88,c7e2221f,737deb7d,37c0ca72,87b7dfe9,3eed90b1,AI Observability,Document Automation,AI Security,Robotics Orchestration,AI Inference Infrastructure,AI Training Data,Edge-AI Hardware,Enterprise Knowledge Retrieval,4,2,3,1,3,2,1,4,3,7,4,1,5,8,2,6,40,25,30,5,10,20,30,40,15,20,-20,-10,35,26,37,76,80,85,64,76,80,5,3,5,6,6,6,5,5,135.4,82.8,150,150,54.1,72.3,60.6,93.2,150.017,82.634,150.022,149.909,54.154,72.501,60.797,93.178,14,14,14,11,14,14,14,14,TRUE,TRUE,TRUE,TRUE,TRUE,TRUE,TRUE,TRUE,0,68,0,0,FALSE,FALSE,FALSE,FALSE,FALSE,FALSE,FALSE,FALSE,34,Female,7,3.090909090909091,2,"ETF or ETC, Government Bonds, Stock Market, Options, Venture Capital fund, Crowdfunding, Private Equity fund",Black,United States,United States,Part-Time,No,No,NA,NA,Study on how I would invest based on various fictions companies.,No I didn't,1559,1920,945
187,4,Paperloom,Sentyl,Axonmesh,Servora,Curato,Ironhall,Foliant,Pulsegrid,340b9ba1,90a19744,e6065b1a,e06655dc,6b81ec39,3e0eedc2,fa1fe22c,e7f29679,Document Automation,AI Security,Robotics Orchestration,AI Inference Infrastructure,AI Training Data,Edge-AI Hardware,Enterprise Knowledge Retrieval,AI Observability,4,2,3,1,4,1,2,3,2,8,5,4,3,1,7,6,26,25,25,24,30,10,45,15,1,1,-10,25,11,43,88,28,64,76,20,74,61,5,5,3,5,6,3,6,4,131.8,145,150.1,150.1,81.7,74.6,85.3,88.6,131.805,150.038,149.957,150.04,81.619,74.448,85.339,88.4,14,12,14,8,14,14,14,14,TRUE,TRUE,TRUE,TRUE,TRUE,TRUE,TRUE,TRUE,19,0,0,0,FALSE,FALSE,FALSE,FALSE,FALSE,FALSE,FALSE,FALSE,65,Male,2,3.727272727272727,5,"Stock Market, Private Equity fund, Options",White,United States,United States,Full-Time,No,No,NA,NA,it is an investment study to know how people allocate capitals,i dont think the study is about evaluating real companies but some controlled psychological experiment,1749,1536,738
188,1,Servora,Curato,Ironhall,Foliant,Pulsegrid,Paperloom,Sentyl,Axonmesh,737deb7d,37c0ca72,87b7dfe9,3eed90b1,dff2e369,84f4d358,0566fd88,c7e2221f,AI Inference Infrastructure,AI Training Data,Edge-AI Hardware,Enterprise Knowledge Retrieval,AI Observability,Document Automation,AI Security,Robotics Orchestration,4,1,3,2,3,1,4,2,8,6,3,1,7,5,4,2,25,25,20,30,30,20,30,20,0,-5,0,10,0,56,68,44,62,41,86,57,74,5,5,5,5,4,7,6,6,18.9,150.1,44.4,146.9,14.3,48.9,13.9,15.1,49.302,150.014,44.308,150.021,14.377,192.595,13.915,15.009,14,4,14,14,14,14,14,14,TRUE,TRUE,TRUE,TRUE,TRUE,TRUE,TRUE,TRUE,101,0,106,0,FALSE,FALSE,FALSE,FALSE,FALSE,FALSE,FALSE,FALSE,40,Male,5,3.3636363636363638,1,"Government Bonds, Stock Market, Crowdfunding, Venture Capital fund, Private Equity fund",Black,United Kingdom,United Kingdom,Full-Time,No,Yes,NA,The visuals presented very clear data for each start up,The study was meant to understand how people evaluate startup ideas based on the pitch,"Nothing Unusual  was noticed, the information was presented in a very clear and understandable format",1704,1536,742
191,6,Foliant,Pulsegrid,Paperloom,Sentyl,Axonmesh,Servora,Curato,Ironhall,46c0bf32,2055e10c,081e5fb5,bfc6f4d0,f36cc003,e55a120c,cbc833b1,817f1201,Enterprise Knowledge Retrieval,AI Observability,Document Automation,AI Security,Robotics Orchestration,AI Inference Infrastructure,AI Training Data,Edge-AI Hardware,3,1,4,2,2,4,1,3,4,6,5,2,7,3,1,8,22,38,20,20,29,24,24,23,10,-8,3,3,7,66,40,80,75,66,48,60,51,4,4,5,5,4,5,4,4,7.4,15.2,80.2,80,71.7,45.9,40.3,42,7.301,15.13,79.926,80.087,71.618,45.802,40.366,41.984,1,1,14,14,14,14,14,14,TRUE,TRUE,TRUE,TRUE,TRUE,TRUE,TRUE,TRUE,143,135,70,70,FALSE,FALSE,FALSE,FALSE,FALSE,FALSE,FALSE,FALSE,30,Female,4,3.727272727272727,4,"Options, Private Equity fund, Stock Market, Government Bonds, ETF or ETC, Venture Capital fund, Crowdfunding, Other",White,Germany,United States,NA,No,No,NA,NA,This study wants to see if a given time limit influences one's decision.,"No, I found nothing unusual",1180,980,1780
192,2,Axonmesh,Servora,Curato,Ironhall,Foliant,Pulsegrid,Paperloom,Sentyl,f36cc003,e55a120c,cbc833b1,817f1201,46c0bf32,2055e10c,081e5fb5,bfc6f4d0,Robotics Orchestration,AI Inference Infrastructure,AI Training Data,Edge-AI Hardware,Enterprise Knowledge Retrieval,AI Observability,Document Automation,AI Security,4,2,1,3,1,3,2,4,4,8,1,6,3,7,2,5,100,0,0,0,25,0,75,0,50,50,-25,50,75,33,15,13,0,58,14,72,6,5,4,2,3,3,3,6,3,48.2,68.8,79.4,23.5,60.5,26,34.9,55.4,81.588,68.701,150.224,64.07,118.294,63.189,143.677,97.308,8,14,8,2,13,3,5,14,TRUE,TRUE,TRUE,TRUE,TRUE,TRUE,TRUE,TRUE,69,82,0,87,FALSE,FALSE,FALSE,FALSE,FALSE,FALSE,FALSE,FALSE,47,Female,5,3,5,"Government Bonds, Stock Market, Crowdfunding",White,United Kingdom,United Kingdom,Full-Time,No,Yes,NA,Some were clearer to read and understand than others,"The survey was described as a study into how people evaluate start ups, but it could also have been some sort of psychology study.",There was A LOT of jargon in some of the pitches that wasn't easy to understand. They were all AI based.,1612,992,435
193,3,Sentyl,Axonmesh,Servora,Curato,Ironhall,Foliant,Pulsegrid,Paperloom,bcd14e91,4fe27fae,574d1367,14efa601,b5fef669,08321160,f5bfffe5,e20d4e90,AI Security,Robotics Orchestration,AI Inference Infrastructure,AI Training Data,Edge-AI Hardware,Enterprise Knowledge Retrieval,AI Observability,Document Automation,4,2,1,3,3,1,2,4,1,5,8,7,3,2,4,6,30,25,25,20,25,30,25,20,5,5,5,0,0,38,65,55,45,81,70,56,40,5,5,5,4,6,6,5,4,23.5,30,76.8,28,27.9,26,40.9,14.5,23.493,29.936,76.75,28.14,27.859,26.228,41.063,14.426,14,14,14,14,14,14,14,14,TRUE,TRUE,TRUE,TRUE,TRUE,TRUE,TRUE,TRUE,127,121,74,122,FALSE,FALSE,FALSE,FALSE,FALSE,FALSE,FALSE,FALSE,34,Male,6,4.2727272727272725,1,"ETF or ETC, Government Bonds, Stock Market, Options, Private Equity fund",Asian,India,India,Full-Time,No,Yes,NA,"Decks colour were not used properly as very dull colour were used. i could barely see some of the font used in the decks. information were scattered, not arranged properly.",This study about to find the best pitch in terms of business idea and presentation prepared by the participating company.,"decks were not visually attractive as colour used for the font, graphics were very dull. Information presented in the decks were also scattered.",1356,1366,641
194,8,Curato,Ironhall,Foliant,Pulsegrid,Paperloom,Sentyl,Axonmesh,Servora,6b81ec39,3e0eedc2,fa1fe22c,e7f29679,340b9ba1,90a19744,e6065b1a,e06655dc,AI Training Data,Edge-AI Hardware,Enterprise Knowledge Retrieval,AI Observability,Document Automation,AI Security,Robotics Orchestration,AI Inference Infrastructure,1,4,2,3,4,1,2,3,7,5,8,6,4,2,3,1,25,10,25,40,15,35,15,35,-15,0,0,-20,-15,79,83,68,91,100,89,43,66,6,4,5,6,3,7,4,7,150,150,150.2,150,64.4,165.5,88.4,121.8,149.902,150.021,150.019,149.904,64.443,166.909,88.366,121.87,14,14,14,14,14,14,14,14,TRUE,TRUE,TRUE,TRUE,TRUE,TRUE,TRUE,TRUE,0,0,0,0,FALSE,FALSE,FALSE,FALSE,FALSE,FALSE,FALSE,FALSE,34,Male,3,3.1818181818181817,1,"Government Bonds, Private Equity fund, Stock Market, ETF or ETC, Crowdfunding, Venture Capital fund, Unit trusts",Black,United Kingdom,United Kingdom,Full-Time,No,No,NA,NA,I think the stidy was about reviewing pitch decks and awarding higher attention points to the most attention catching pitch deck and fewer attention points to the least attentin grabbing pitch deck.,Some pitchdecks designs have color pallete that made you want to read more about their pitches.,1802,1600,811
195,1,Servora,Curato,Ironhall,Foliant,Pulsegrid,Paperloom,Sentyl,Axonmesh,737deb7d,37c0ca72,87b7dfe9,3eed90b1,dff2e369,84f4d358,0566fd88,c7e2221f,AI Inference Infrastructure,AI Training Data,Edge-AI Hardware,Enterprise Knowledge Retrieval,AI Observability,Document Automation,AI Security,Robotics Orchestration,3,4,2,1,3,1,2,4,1,8,7,2,4,5,6,3,30,30,20,20,30,20,20,30,10,0,0,0,10,62,79,40,32,81,75,25,46,5,6,4,3,5,5,4,4,41.8,29.7,9.9,58.2,16.3,10.3,14.2,15.3,57.057,68.87,134.409,58.25,47.81,53.095,74.796,15.193,10,14,1,14,12,4,10,9,TRUE,TRUE,TRUE,TRUE,TRUE,TRUE,TRUE,TRUE,94,82,17,93,FALSE,FALSE,FALSE,FALSE,FALSE,FALSE,FALSE,FALSE,24,Female,3,3.909090909090909,6,"ETF or ETC, Government Bonds, Stock Market, Unit trusts, Angel syndicate, Options, Private Equity fund, Venture Capital fund, Crowdfunding",Asian,United Kingdom,Vietnam,Full-Time,Maybe a little,Yes,NA,I prefer those with comparison visuals,Test visuals and content for investor pitching,"Some of them look the same, just change the numbers",698,1178,788
196,2,Axonmesh,Servora,Curato,Ironhall,Foliant,Pulsegrid,Paperloom,Sentyl,f36cc003,e55a120c,cbc833b1,817f1201,46c0bf32,2055e10c,081e5fb5,bfc6f4d0,Robotics Orchestration,AI Inference Infrastructure,AI Training Data,Edge-AI Hardware,Enterprise Knowledge Retrieval,AI Observability,Document Automation,AI Security,2,4,3,1,3,4,2,1,2,4,6,1,3,5,7,8,35,10,30,25,25,10,30,35,-5,15,-15,5,10,96,4,78,71,38,33,83,28,7,1,6,3,5,4,7,2,150,149.3,150,145.7,177.6,183.2,168.9,124.3,150.034,149.382,149.918,145.9,177.656,183.342,168.785,124.162,14,14,14,14,14,14,14,14,TRUE,TRUE,TRUE,TRUE,TRUE,TRUE,TRUE,TRUE,0,1,0,5,FALSE,FALSE,FALSE,FALSE,FALSE,FALSE,FALSE,FALSE,49,Male,12,3.8181818181818183,1,"ETF or ETC, Government Bonds, Stock Market, Options, Crowdfunding, Other",Black,United States,Jamaica,Full-Time,Maybe a little,No,NA,NA,"Well, I think it was about how certain people judge startup pitches by looking at the most available information from the startup looking at slides presentation.","Besides some slides of startups were darker than other slides of other company startups. Also, besides of the company names being different, they all seemed to have the basic statistic metrics like market size and waitlists. Plus, the attention and Investment part. Finally, they all look like they are in the same stages of how far they have gotten",2650,1600,777
198,3,Sentyl,Axonmesh,Servora,Curato,Ironhall,Foliant,Pulsegrid,Paperloom,bcd14e91,4fe27fae,574d1367,14efa601,b5fef669,08321160,f5bfffe5,e20d4e90,AI Security,Robotics Orchestration,AI Inference Infrastructure,AI Training Data,Edge-AI Hardware,Enterprise Knowledge Retrieval,AI Observability,Document Automation,3,1,2,4,3,1,2,4,6,1,7,5,8,3,4,2,30,20,30,20,25,30,20,25,0,10,5,-5,-5,85,87,84,83,85,85,87,70,6,6,5,5,5,5,6,5,19.5,75,43.4,11.9,23.6,20.9,39.9,13.2,71.071,75.198,76.382,54.692,26.816,27.395,44.542,13.238,14,14,14,14,14,14,14,1,TRUE,TRUE,TRUE,TRUE,TRUE,TRUE,TRUE,TRUE,79,75,74,96,FALSE,FALSE,FALSE,FALSE,FALSE,FALSE,FALSE,FALSE,35,Male,5,3.5454545454545454,3,"Private Equity fund, ETF or ETC, Stock Market, Government Bonds",Asian,India,India,Part-Time,No,Maybe,the presentation helps to determine about the company,NA,this study is about how people think about desk and pitch up.pitch desks are short presentation slide to think about the desk,no.the desk descrine the details of the slide.everything was normal,1230,1352,682
199,6,Foliant,Pulsegrid,Paperloom,Sentyl,Axonmesh,Servora,Curato,Ironhall,46c0bf32,2055e10c,081e5fb5,bfc6f4d0,f36cc003,e55a120c,cbc833b1,817f1201,Enterprise Knowledge Retrieval,AI Observability,Document Automation,AI Security,Robotics Orchestration,AI Inference Infrastructure,AI Training Data,Edge-AI Hardware,2,4,3,1,1,2,3,4,4,7,3,5,6,8,1,2,35,5,45,15,25,25,40,10,-10,30,0,15,-10,95,100,96,97,99,100,100,99,6,2,7,5,6,4,6,3,87.4,39.2,142.1,150.1,55.4,69,38.4,36.2,87.201,39.213,142.044,150.049,55.349,68.812,38.506,36.149,6,3,14,10,14,14,14,14,TRUE,TRUE,TRUE,TRUE,TRUE,TRUE,TRUE,TRUE,63,111,8,0,FALSE,FALSE,FALSE,FALSE,FALSE,FALSE,FALSE,FALSE,61,Male,6,3.727272727272727,1,"Stock Market, Private Equity fund",Black,United States,United States,Full-Time,Maybe a little,Yes,NA,"Because cleaner, more professional decks felt more credible, but I tried to focus on traction metrics like revenue, customers, and committed funding instead.

",testing how well we spot real business traction versus just slick pitch decks.,"Yes, the weaker decks showed their low committed funding upfront, almost signalling the answer. Also, a few slide numbers seemed inconsistent between pages.

",1388,1131,948
200,2,Axonmesh,Servora,Curato,Ironhall,Foliant,Pulsegrid,Paperloom,Sentyl,f36cc003,e55a120c,cbc833b1,817f1201,46c0bf32,2055e10c,081e5fb5,bfc6f4d0,Robotics Orchestration,AI Inference Infrastructure,AI Training Data,Edge-AI Hardware,Enterprise Knowledge Retrieval,AI Observability,Document Automation,AI Security,2,1,4,3,2,1,4,3,4,3,8,1,7,2,5,6,25,25,35,15,25,50,15,10,0,10,25,-10,-25,89,100,81,13,100,100,33,25,6,6,4,2,5,7,4,3,69.7,98.5,56.2,67.7,51.9,88.7,66.8,56.2,69.659,98.405,56.151,67.624,51.902,88.463,66.846,56.357,14,14,14,14,14,14,14,14,TRUE,TRUE,TRUE,TRUE,TRUE,TRUE,TRUE,TRUE,81,52,94,83,FALSE,FALSE,FALSE,FALSE,FALSE,FALSE,FALSE,FALSE,52,Female,3,4,1,"Stock Market, Crowdfunding, Other, ETF or ETC",Black,United States,United States,Part-Time,Maybe a little,Yes,NA,"I definitely do because some of the decks were hard to see and some of the colors were dark and didn't flow with the company and the description of what they do. People would want to see something visually pleasing, nothing that is too out there or dull.",Comparison of potential start-ups.,"I did notice that some decks were more visually pleasing with colors and backgrounds, and some were darker with light words or fonts.",1282,1360,599
201,7,Ironhall,Foliant,Pulsegrid,Paperloom,Sentyl,Axonmesh,Servora,Curato,b5fef669,08321160,f5bfffe5,e20d4e90,bcd14e91,4fe27fae,574d1367,14efa601,Edge-AI Hardware,Enterprise Knowledge Retrieval,AI Observability,Document Automation,AI Security,Robotics Orchestration,AI Inference Infrastructure,AI Training Data,4,3,2,1,4,2,1,3,2,8,5,6,1,3,7,4,40,10,20,30,50,0,0,50,0,10,0,0,0,100,100,53,42,63,100,53,38,6,4,3,6,5,2,4,2,149.9,150,147.5,150.1,124.5,102.7,148,90,150.032,150.028,147.361,150.039,141.159,102.524,148.097,89.996,10,14,14,12,14,14,14,14,TRUE,TRUE,TRUE,TRUE,TRUE,TRUE,TRUE,TRUE,0,0,3,0,FALSE,FALSE,FALSE,FALSE,FALSE,FALSE,FALSE,FALSE,28,Male,1,3,2,"Stock Market, ETF or ETC, Private Equity fund",Mixed,Canada,Canada,Due to start a new job within the next month,Maybe a little,Maybe,"They held my attention slightly better, but once I understood what the business was about, I did not feel inclined in any particular way.",NA,"A part of this study made me feel like an actual Venture Capitalist trying to find a gem among so many pitch decks. I noticed my attention span increased if the pitch decks were using aesthetic slides or were actually solving a problem. For instance, Paperloom stuck out to me as it was something I could see working, although their pitch deck was harder to read. To me, this study was about analyzing how my attention span differs across various types of pitch decks in order to study what information, format, and color schemes help keep the attention of a potential investor.","Some of them were unusually difficult to read, and many were in the field of AI. I found that some pitch decks were presented well, but the underlying business was not something I was convinced of investing in. In contrast, some pitch decks looked awful, but the underlying business had great potential - Paperloom was a great example of this.",2069,1280,559
202,5,Pulsegrid,Paperloom,Sentyl,Axonmesh,Servora,Curato,Ironhall,Foliant,dff2e369,84f4d358,0566fd88,c7e2221f,737deb7d,37c0ca72,87b7dfe9,3eed90b1,AI Observability,Document Automation,AI Security,Robotics Orchestration,AI Inference Infrastructure,AI Training Data,Edge-AI Hardware,Enterprise Knowledge Retrieval,4,1,2,3,2,4,1,3,1,8,4,7,3,5,2,6,25,25,25,25,25,20,20,35,0,0,-5,-5,5,79,41,22,37,28,79,91,82,6,7,3,4,6,7,4,5,9.3,73.3,45.6,24.6,26.7,15.6,24,23.1,17.838,73.262,49.056,68.867,64.798,27.865,28.215,38.081,1,14,14,14,3,10,14,14,TRUE,TRUE,TRUE,TRUE,TRUE,TRUE,TRUE,TRUE,133,77,101,82,FALSE,FALSE,FALSE,FALSE,FALSE,FALSE,FALSE,FALSE,26,Male,5,4.454545454545454,4,"Government Bonds, Stock Market, Options, Private Equity fund, Venture Capital fund, Crowdfunding, Other, ETF or ETC",Asian,India,India,Full-Time,Maybe a little,Maybe,"The design may have had a small influence because clear, well-organized decks were easier to follow. However, I mainly based my decisions on the startup idea, market potential, and the information presented rather than the visual style.",NA,I think the study was about how people evaluate startup pitch decks and decide which startups deserve more attention or investment. It seemed to examine what information people use to judge a startup's potential and how they allocate limited resources between different companies.,"The pitch decks were presented in a very consistent and professional format, with similar layouts and structure. I didn't notice anything particularly unusual, although some decks highlighted different metrics or achievements more prominently than others.",1815,980,463
203,6,Foliant,Pulsegrid,Paperloom,Sentyl,Axonmesh,Servora,Curato,Ironhall,46c0bf32,2055e10c,081e5fb5,bfc6f4d0,f36cc003,e55a120c,cbc833b1,817f1201,Enterprise Knowledge Retrieval,AI Observability,Document Automation,AI Security,Robotics Orchestration,AI Inference Infrastructure,AI Training Data,Edge-AI Hardware,4,2,1,3,4,3,1,2,6,4,8,3,7,1,2,5,70,0,0,30,60,10,30,0,20,20,20,40,0,66,33,68,15,94,40,8,51,6,4,5,2,7,4,2,5,143.1,132.7,125.5,127.5,193.3,181.7,150.2,140.2,143.174,132.863,125.658,127.298,198.438,181.435,163.441,159.61,14,14,14,14,14,14,14,14,TRUE,TRUE,TRUE,TRUE,TRUE,TRUE,TRUE,TRUE,7,18,25,23,FALSE,FALSE,FALSE,FALSE,FALSE,FALSE,FALSE,FALSE,56,Female,4,4,4,"ETF or ETC, Stock Market, Angel syndicate, Crowdfunding",White,United Kingdom,Italy,Full-Time,No,Maybe,"slightly, I suppose, as it was frustrating reading small text",NA,Time pressure when evaluating pitch decks,"some where extremely hard to read, presented in dark backgrounds and small text, some extremely easy to read, presented in light background and large text",1763,1920,911
204,8,Curato,Ironhall,Foliant,Pulsegrid,Paperloom,Sentyl,Axonmesh,Servora,6b81ec39,3e0eedc2,fa1fe22c,e7f29679,340b9ba1,90a19744,e6065b1a,e06655dc,AI Training Data,Edge-AI Hardware,Enterprise Knowledge Retrieval,AI Observability,Document Automation,AI Security,Robotics Orchestration,AI Inference Infrastructure,1,2,4,3,1,4,3,2,6,4,3,7,8,5,2,1,30,30,20,20,30,10,40,20,10,0,-10,20,20,63,82,70,63,61,72,74,78,3,5,5,5,3,3,5,6,138.5,50.7,13.6,29.3,17.6,5.5,11,6.2,138.517,50.762,13.642,29.387,17.589,5.49,10.835,6.175,14,14,14,14,14,14,14,14,TRUE,TRUE,TRUE,TRUE,TRUE,TRUE,TRUE,TRUE,12,100,137,121,FALSE,FALSE,FALSE,FALSE,FALSE,FALSE,FALSE,FALSE,36,Male,10,3.909090909090909,3,"Government Bonds, Stock Market, Private Equity fund",Black,Canada,Canada,Full-Time,No,No,NA,NA,The study was about pitch desks which communicated a summary of business plan.,"Nothing was unusual, the pattern was almost the same.",1070,1360,641
205,3,Sentyl,Axonmesh,Servora,Curato,Ironhall,Foliant,Pulsegrid,Paperloom,bcd14e91,4fe27fae,574d1367,14efa601,b5fef669,08321160,f5bfffe5,e20d4e90,AI Security,Robotics Orchestration,AI Inference Infrastructure,AI Training Data,Edge-AI Hardware,Enterprise Knowledge Retrieval,AI Observability,Document Automation,4,1,2,3,4,3,2,1,6,7,3,5,1,4,2,8,0,40,60,0,70,0,30,0,-10,10,20,50,-30,100,84,6,13,100,92,19,10,6,5,4,4,5,6,4,4,97.4,150.4,32.6,42.3,106.1,116.6,47.3,26.3,97.201,150.236,32.664,42.192,105.933,116.536,47.301,26.479,14,11,14,14,14,14,14,14,TRUE,TRUE,TRUE,TRUE,TRUE,TRUE,TRUE,TRUE,53,0,118,108,FALSE,FALSE,FALSE,FALSE,FALSE,FALSE,FALSE,FALSE,68,Female,2,3.3636363636363638,1,"Stock Market, Private Equity fund, Government Bonds",White,United States,United States,Part-Time,Maybe a little,Yes,NA,some of the blurred were impossible to judge,well the visuals on half were barely legible so quality of final deck pilot slides are important,half were blurred to a certain extent,1031,1440,797
206,2,Axonmesh,Servora,Curato,Ironhall,Foliant,Pulsegrid,Paperloom,Sentyl,f36cc003,e55a120c,cbc833b1,817f1201,46c0bf32,2055e10c,081e5fb5,bfc6f4d0,Robotics Orchestration,AI Inference Infrastructure,AI Training Data,Edge-AI Hardware,Enterprise Knowledge Retrieval,AI Observability,Document Automation,AI Security,2,4,1,3,2,1,4,3,5,3,2,4,7,1,6,8,50,5,40,5,40,0,40,20,5,40,-10,30,15,100,61,45,67,75,83,84,62,7,4,5,4,7,6,7,5,135,91.9,149.9,125.8,131.9,99.6,95.7,138.7,135.044,100.554,150.023,125.56,131.892,101.196,101.015,143.047,14,14,14,14,14,14,14,14,TRUE,TRUE,TRUE,TRUE,TRUE,TRUE,TRUE,TRUE,15,50,0,25,FALSE,FALSE,FALSE,FALSE,FALSE,FALSE,FALSE,FALSE,36,Male,5,3.8181818181818183,6,"ETF or ETC, Government Bonds, Stock Market, Options, Crowdfunding, Venture Capital fund, Private Equity fund",Asian,Canada,Canada,Full-Time,Maybe a little,Maybe,Some pitch decks were grey with patterns across that made it difficult to read the text. I tried my best to not let it influence my decision but I do think it ultimately made them less attractive especially for the first task with time constraints.,NA,"Differences in assessment when given time constraints vs. no constraints
Differences when actual investment capital is involved vs. quick visual first pass",No,1722,1920,911
208,6,Foliant,Pulsegrid,Paperloom,Sentyl,Axonmesh,Servora,Curato,Ironhall,46c0bf32,2055e10c,081e5fb5,bfc6f4d0,f36cc003,e55a120c,cbc833b1,817f1201,Enterprise Knowledge Retrieval,AI Observability,Document Automation,AI Security,Robotics Orchestration,AI Inference Infrastructure,AI Training Data,Edge-AI Hardware,3,2,4,1,3,4,1,2,7,8,1,3,4,2,5,6,20,35,10,35,40,20,30,10,5,-20,10,20,-5,79,69,50,52,75,61,51,33,5,6,3,4,6,5,4,3,150.1,150.2,150,149.9,63.1,45.6,142.9,99.2,150.02,149.9,150.025,150.017,63.01,45.48,142.89,99.23,13,14,13,5,14,14,14,14,TRUE,TRUE,TRUE,TRUE,TRUE,TRUE,TRUE,TRUE,0,0,0,0,FALSE,FALSE,FALSE,FALSE,FALSE,FALSE,FALSE,FALSE,34,Male,8,3.1818181818181817,4,"Stock Market, Crowdfunding, Government Bonds",Black,United Kingdom,Nigeria,Full-Time,No,No,NA,NA,Assessing startups potential and market valuation to aid investment decision,"Only noticed that some of the pitch information were blurry, it may be intentional or formatting issue",1973,1280,585
209,3,Sentyl,Axonmesh,Servora,Curato,Ironhall,Foliant,Pulsegrid,Paperloom,bcd14e91,4fe27fae,574d1367,14efa601,b5fef669,08321160,f5bfffe5,e20d4e90,AI Security,Robotics Orchestration,AI Inference Infrastructure,AI Training Data,Edge-AI Hardware,Enterprise Knowledge Retrieval,AI Observability,Document Automation,2,3,1,4,1,3,2,4,7,4,6,1,2,3,5,8,30,15,35,20,32,38,18,12,-5,15,20,0,-25,71,79,24,35,80,79,23,24,4,4,4,4,4,4,4,4,62.7,63.7,60.2,67.2,1209.7,64.4,72.7,56.4,62.4,63.461,60.386,67.192,62.152,68.522,72.639,56.475,14,14,14,14,14,14,14,14,TRUE,TRUE,TRUE,TRUE,TRUE,TRUE,TRUE,TRUE,88,87,90,83,FALSE,FALSE,FALSE,FALSE,FALSE,FALSE,FALSE,FALSE,39,Male,0,4.2727272727272725,7,"Stock Market, Crowdfunding",White,United States,United States,Full-Time,No,No,NA,NA,evaluating startup investment opportunities,they were very standardized like a template,2336,1755,879
210,3,Sentyl,Axonmesh,Servora,Curato,Ironhall,Foliant,Pulsegrid,Paperloom,bcd14e91,4fe27fae,574d1367,14efa601,b5fef669,08321160,f5bfffe5,e20d4e90,AI Security,Robotics Orchestration,AI Inference Infrastructure,AI Training Data,Edge-AI Hardware,Enterprise Knowledge Retrieval,AI Observability,Document Automation,3,2,1,4,1,4,2,3,7,8,3,1,2,5,4,6,25,25,25,25,40,15,30,15,0,0,5,20,-5,83,100,100,100,100,100,100,100,7,7,7,7,7,7,6,7,124.8,105.3,150.1,101.6,118.5,53.9,83.1,98.7,124.816,105.44,150.016,101.633,118.402,54.05,82.786,98.716,14,14,14,14,14,14,14,14,TRUE,TRUE,TRUE,TRUE,TRUE,TRUE,TRUE,TRUE,26,45,0,49,FALSE,FALSE,FALSE,FALSE,FALSE,FALSE,FALSE,FALSE,68,Male,10,4.909090909090909,1,"Stock Market, ETF or ETC, Unit trusts, Private Equity fund, Crowdfunding, Venture Capital fund",Black,United States,United Kingdom,Full-Time,No,No,NA,NA,Evaluating startups business  plan,nothing unusual,1650,1920,945
212,6,Foliant,Pulsegrid,Paperloom,Sentyl,Axonmesh,Servora,Curato,Ironhall,46c0bf32,2055e10c,081e5fb5,bfc6f4d0,f36cc003,e55a120c,cbc833b1,817f1201,Enterprise Knowledge Retrieval,AI Observability,Document Automation,AI Security,Robotics Orchestration,AI Inference Infrastructure,AI Training Data,Edge-AI Hardware,3,1,4,2,1,4,2,3,2,1,3,7,8,6,5,4,30,20,25,25,30,50,10,10,0,5,30,-10,-30,81,66,12,13,84,80,13,13,6,4,5,3,5,5,4,3,139.3,150.1,14.7,139.4,80.8,82.3,98.2,77,139.355,150.022,14.733,139.308,80.819,82.2,97.984,76.984,14,14,1,14,14,14,14,14,TRUE,TRUE,TRUE,TRUE,TRUE,TRUE,TRUE,TRUE,11,0,136,11,FALSE,FALSE,FALSE,FALSE,FALSE,FALSE,FALSE,FALSE,37,Male,4,4,6,"ETF or ETC, Government Bonds, Stock Market, Unit trusts, Angel syndicate, Options, Private Equity fund, Venture Capital fund, Crowdfunding, Other",White,United Kingdom,Spain,Full-Time,No,Yes,NA,"The more visually attractive the deck is, the more effort you put to understand the numbers, and you probably get a more positive view of the company.","It's hard to guess. Some of the decks had grey backgrounds and were hard to read. I don't know if this was intentionally done. It could be that when someone reviews several decks, the more visually attractive decks tend to get more attention of funding.",Some of the decks had grey backgrounds and were hard to read. I don't know if this was intentional.,1751,1745,828
213,6,Foliant,Pulsegrid,Paperloom,Sentyl,Axonmesh,Servora,Curato,Ironhall,46c0bf32,2055e10c,081e5fb5,bfc6f4d0,f36cc003,e55a120c,cbc833b1,817f1201,Enterprise Knowledge Retrieval,AI Observability,Document Automation,AI Security,Robotics Orchestration,AI Inference Infrastructure,AI Training Data,Edge-AI Hardware,3,1,4,2,3,1,2,4,7,2,6,5,4,3,1,8,5,20,45,30,20,30,20,30,-25,0,0,-10,-25,77,68,20,80,76,82,63,26,7,5,5,6,4,6,2,4,150,106.4,150,92.6,111.8,382.4,104.5,19.8,150.039,106.433,150.039,92.692,206.066,382.422,191.407,19.73,1,14,8,14,1,14,14,14,TRUE,TRUE,TRUE,TRUE,TRUE,TRUE,TRUE,TRUE,0,44,0,58,FALSE,FALSE,FALSE,FALSE,FALSE,FALSE,FALSE,FALSE,35,Male,5,3.727272727272727,6,"Stock Market, Crowdfunding",Black,United Kingdom,United Kingdom,Full-Time,Maybe a little,Yes,NA,Its easier to read when clear and direct,How people evaluate investment opportunities,NA,2127,1366,645
214,8,Curato,Ironhall,Foliant,Pulsegrid,Paperloom,Sentyl,Axonmesh,Servora,6b81ec39,3e0eedc2,fa1fe22c,e7f29679,340b9ba1,90a19744,e6065b1a,e06655dc,AI Training Data,Edge-AI Hardware,Enterprise Knowledge Retrieval,AI Observability,Document Automation,AI Security,Robotics Orchestration,AI Inference Infrastructure,3,4,2,1,2,4,1,3,1,4,8,2,3,6,5,7,10,35,25,30,35,20,15,30,-5,-15,5,0,-10,100,51,100,100,54,51,51,51,6,5,6,4,4,5,5,6,57.8,14.9,29.7,56.5,20.4,26.4,22.9,18.5,59.485,14.879,29.614,59.245,20.425,26.306,22.996,20.497,14,1,14,14,14,6,14,4,TRUE,TRUE,TRUE,TRUE,TRUE,TRUE,TRUE,TRUE,91,136,121,91,FALSE,FALSE,FALSE,FALSE,FALSE,FALSE,FALSE,FALSE,29,Male,2,4.090909090909091,4,"Stock Market, Crowdfunding",Black,United States,United States,Part-Time,No,Yes,NA,yes to some extent the visual design influenced my first impression such as some decks appear more professional polished or credible however I tried to base the final decision mainly on the business information provided such as market size traction revenue indicators and growth potential rather than the appearance alone,The study appeared to be about evaluating how people assess and prioritize startup investment opportunities based on pitch decks it examined how participants distribute limited attention or investment resources among different startups by judging factors like market size traction technology growth potential and overall business quality it also looked at how people make decisions when they have limited time and information similar to how investors screen many startup proposals,Yes a few seemed unusual the pitch decks were very similar instructor and style with clean minimalist designs and a focus on a few headline metrics some startups had limited information available on the first slide making it difficult to judge them without seeing the full deck the companies appeared to be fictional or created specifically for the study rather than well known real startups the presentation order was controlled and the traversable meaning you could not go back to review earlier decks which made the decision more like a real time investment screening task,985,706,608
215,3,Sentyl,Axonmesh,Servora,Curato,Ironhall,Foliant,Pulsegrid,Paperloom,bcd14e91,4fe27fae,574d1367,14efa601,b5fef669,08321160,f5bfffe5,e20d4e90,AI Security,Robotics Orchestration,AI Inference Infrastructure,AI Training Data,Edge-AI Hardware,Enterprise Knowledge Retrieval,AI Observability,Document Automation,1,4,2,3,1,4,2,3,3,1,6,4,7,5,2,8,35,20,25,20,22,28,20,30,5,10,0,-8,5,78,57,70,37,91,82,56,70,6,5,5,6,7,7,5,4,150.1,4.5,119,15.6,44.7,12.2,18.1,14.4,149.901,4.54,118.8,15.5,44.5,12.092,17.99,14.201,14,2,14,1,14,14,14,14,TRUE,TRUE,TRUE,TRUE,TRUE,TRUE,TRUE,TRUE,0,146,32,135,FALSE,FALSE,FALSE,FALSE,FALSE,FALSE,FALSE,FALSE,30,Female,6,4.2727272727272725,5,"Government Bonds, Stock Market, ETF or ETC, Angel syndicate, Options, Venture Capital fund, Crowdfunding",Asian,India,India,Full-Time,No,Yes,NA,Some slides are dark in colour that influence my decision while assigning the token.,This study was about how we see the decks and give points from hundred tokens according to my point of view.,"Nothing unusual I noticed about the pitch decks and they were presented in very well mannered, easy to understand.",1575,980,1834
217,2,Axonmesh,Servora,Curato,Ironhall,Foliant,Pulsegrid,Paperloom,Sentyl,f36cc003,e55a120c,cbc833b1,817f1201,46c0bf32,2055e10c,081e5fb5,bfc6f4d0,Robotics Orchestration,AI Inference Infrastructure,AI Training Data,Edge-AI Hardware,Enterprise Knowledge Retrieval,AI Observability,Document Automation,AI Security,2,4,1,3,2,4,1,3,8,1,6,5,7,3,4,2,10,40,30,20,13,45,20,22,0,-10,8,-17,-8,78,31,37,47,35,73,74,26,5,6,5,4,4,6,7,5,9.2,26.1,44.3,14.6,4.8,5.9,4.7,4.5,9.11,26.04,44.125,14.524,4.797,5.825,4.564,4.194,14,14,14,12,4,12,9,13,TRUE,TRUE,TRUE,TRUE,TRUE,TRUE,TRUE,TRUE,141,124,106,136,FALSE,FALSE,FALSE,FALSE,FALSE,FALSE,FALSE,FALSE,57,Female,10,4.181818181818182,1,"Stock Market, Venture Capital fund, Crowdfunding, ETF or ETC",Black,United States,United States,Other,No,No,NA,NA,Evaluating start-up pitch decks.,No,663,1366,651
218,3,Sentyl,Axonmesh,Servora,Curato,Ironhall,Foliant,Pulsegrid,Paperloom,bcd14e91,4fe27fae,574d1367,14efa601,b5fef669,08321160,f5bfffe5,e20d4e90,AI Security,Robotics Orchestration,AI Inference Infrastructure,AI Training Data,Edge-AI Hardware,Enterprise Knowledge Retrieval,AI Observability,Document Automation,3,1,2,4,4,3,2,1,6,1,3,2,8,4,5,7,20,20,40,20,30,20,25,25,-10,10,0,5,-10,68,71,72,63,81,71,72,71,5,6,5,5,6,5,5,5,114.8,150.1,95.2,20.4,50.2,134.1,47.5,99.2,114.965,150.033,94.986,27.32,50.197,134.225,85.712,99.295,14,8,14,1,5,14,9,8,TRUE,TRUE,TRUE,TRUE,TRUE,TRUE,TRUE,TRUE,36,0,56,123,FALSE,FALSE,FALSE,FALSE,FALSE,FALSE,FALSE,FALSE,44,Male,6,4,6,"Stock Market, Private Equity fund, Crowdfunding",Black,United States,United States,Full-Time,No,No,NA,NA,evaluating startup pitch and remembering their names,no,1385,1920,945
220,8,Curato,Ironhall,Foliant,Pulsegrid,Paperloom,Sentyl,Axonmesh,Servora,6b81ec39,3e0eedc2,fa1fe22c,e7f29679,340b9ba1,90a19744,e6065b1a,e06655dc,AI Training Data,Edge-AI Hardware,Enterprise Knowledge Retrieval,AI Observability,Document Automation,AI Security,Robotics Orchestration,AI Inference Infrastructure,4,1,3,2,2,3,1,4,8,2,3,6,4,5,7,1,30,15,40,15,35,15,35,15,-5,20,0,20,-5,67,71,51,45,65,51,59,35,6,3,6,3,6,4,5,3,138.6,120.6,146.4,137,13.9,67.6,131.9,38.9,138.207,120.743,146.111,136.957,13.893,67.443,131.703,38.891,14,14,14,14,1,14,14,14,TRUE,TRUE,TRUE,TRUE,TRUE,TRUE,TRUE,TRUE,12,30,4,14,FALSE,FALSE,FALSE,FALSE,FALSE,FALSE,FALSE,FALSE,48,Female,3,4.2727272727272725,3,"ETF or ETC, Stock Market, Crowdfunding, Private Equity fund",White,United States,United States,Full-Time,No,No,NA,NA,Understand how i evaluate and allocate points for startups,"Yes, there some pitch decks that were not very clear",1572,818,632
221,7,Ironhall,Foliant,Pulsegrid,Paperloom,Sentyl,Axonmesh,Servora,Curato,b5fef669,08321160,f5bfffe5,e20d4e90,bcd14e91,4fe27fae,574d1367,14efa601,Edge-AI Hardware,Enterprise Knowledge Retrieval,AI Observability,Document Automation,AI Security,Robotics Orchestration,AI Inference Infrastructure,AI Training Data,1,3,2,4,2,4,1,3,2,4,7,8,5,3,6,1,20,20,30,30,40,20,20,20,-10,0,10,10,-20,65,25,57,26,91,66,61,30,6,4,3,2,7,4,5,6,106.2,43.7,50.3,60.9,40.1,17.2,11.1,25.4,106.193,43.666,50.297,61.038,40.043,17.05,11.058,25.536,14,14,14,14,14,14,1,14,TRUE,TRUE,TRUE,TRUE,TRUE,TRUE,TRUE,TRUE,44,107,100,89,FALSE,FALSE,FALSE,FALSE,FALSE,FALSE,FALSE,FALSE,24,Male,2,4.2727272727272725,3,"ETF or ETC, Government Bonds, Stock Market, Unit trusts, Options, Private Equity fund, Crowdfunding, Angel syndicate, Venture Capital fund",Asian,India,India,Unemployed (and job seeking),No,Maybe,Maybe to think they were better than other ones and also it made me look into the presentation much longer.,NA,To evaluate pitches depending on the features given. Mainly their business potential in future and financial evaluation.,Most very similar to each other.,910,1536,695
222,6,Foliant,Pulsegrid,Paperloom,Sentyl,Axonmesh,Servora,Curato,Ironhall,46c0bf32,2055e10c,081e5fb5,bfc6f4d0,f36cc003,e55a120c,cbc833b1,817f1201,Enterprise Knowledge Retrieval,AI Observability,Document Automation,AI Security,Robotics Orchestration,AI Inference Infrastructure,AI Training Data,Edge-AI Hardware,3,1,2,4,2,1,4,3,5,2,1,4,6,3,7,8,49,1,49,1,83,1,15,1,0,48,34,48,-34,87,87,46,19,90,82,21,31,7,1,7,1,7,2,1,2,142.3,139.8,126.4,71.9,39.3,122,47.1,27.8,142.287,139.846,126.477,71.767,39.242,121.883,47.101,27.905,14,14,14,14,10,14,13,11,TRUE,TRUE,TRUE,TRUE,TRUE,TRUE,TRUE,TRUE,8,11,24,79,FALSE,FALSE,FALSE,FALSE,FALSE,FALSE,FALSE,FALSE,38,Male,12,3.8181818181818183,3,"Stock Market, Government Bonds, Crowdfunding",White,United Kingdom,United Kingdom,Full-Time,Maybe a little,No,NA,NA,The second set of pitch decks didn't have a timer so I wonder if it's to see if people behave differently when the pitch decks have timers compared to unlimited amount of time?,Some of them seemed to be very light grey in colour which made them harder to read. But they were all similar in terms of being young tech companies.,1292,1396,679
223,3,Sentyl,Axonmesh,Servora,Curato,Ironhall,Foliant,Pulsegrid,Paperloom,bcd14e91,4fe27fae,574d1367,14efa601,b5fef669,08321160,f5bfffe5,e20d4e90,AI Security,Robotics Orchestration,AI Inference Infrastructure,AI Training Data,Edge-AI Hardware,Enterprise Knowledge Retrieval,AI Observability,Document Automation,4,1,3,2,1,3,4,2,3,6,8,4,1,5,7,2,35,10,45,10,30,20,40,10,-5,30,0,20,-5,65,62,30,33,74,88,44,30,5,3,5,3,5,5,6,2,150.1,150.1,150.1,150.2,134.7,123.3,138.2,130.9,150.012,150.016,150.018,150.022,134.702,123.228,138.15,130.777,14,13,14,14,14,14,14,14,TRUE,TRUE,TRUE,TRUE,TRUE,TRUE,TRUE,TRUE,0,0,0,0,FALSE,FALSE,FALSE,FALSE,FALSE,FALSE,FALSE,FALSE,41,Male,0,4.090909090909091,5,"Government Bonds, Stock Market, Crowdfunding, Other",White,Canada,Canada,"Not in paid work (e.g. homemaker', 'retired or disabled)",No,Maybe,I feel like I perked up and paid slightly more attention to the data when the deck was prettier. I felt the urge to click through faster when it was ugly and difficult to read. (The grey on grey was especially bad.) But I tried to pay attention to only the data.,NA,How much data someone can retain without mixing it up after seeing similar data repeatedly in a short timespan.,Just that the format for each deck was basically the same every time with different data swapped out.,1976,1745,828
226,7,Ironhall,Foliant,Pulsegrid,Paperloom,Sentyl,Axonmesh,Servora,Curato,b5fef669,08321160,f5bfffe5,e20d4e90,bcd14e91,4fe27fae,574d1367,14efa601,Edge-AI Hardware,Enterprise Knowledge Retrieval,AI Observability,Document Automation,AI Security,Robotics Orchestration,AI Inference Infrastructure,AI Training Data,2,4,3,1,3,4,1,2,2,8,6,5,4,1,7,3,25,30,25,20,30,20,30,20,5,0,0,10,5,100,100,37,37,100,100,37,32,6,5,6,5,7,5,7,4,123.9,118.8,115.5,147.2,79.4,89,102.1,124.2,123.817,118.898,115.417,147.003,100.65,88.989,105.459,124.098,14,14,14,14,14,14,14,14,TRUE,TRUE,TRUE,TRUE,TRUE,TRUE,TRUE,TRUE,27,32,35,3,FALSE,FALSE,FALSE,FALSE,FALSE,FALSE,FALSE,FALSE,41,Male,5,3.8181818181818183,5,"Crowdfunding, Stock Market",White,United Kingdom,United Kingdom,Full-Time,No,No,NA,NA,How people evaluate AI startups in their early stage and how they perceive them despite their appearance,some were difficult to read and were very dark,1437,1536,730
227,7,Ironhall,Foliant,Pulsegrid,Paperloom,Sentyl,Axonmesh,Servora,Curato,b5fef669,08321160,f5bfffe5,e20d4e90,bcd14e91,4fe27fae,574d1367,14efa601,Edge-AI Hardware,Enterprise Knowledge Retrieval,AI Observability,Document Automation,AI Security,Robotics Orchestration,AI Inference Infrastructure,AI Training Data,1,3,4,2,4,1,2,3,7,3,2,5,8,4,6,1,30,20,25,25,25,20,20,35,0,5,-5,-5,5,81,77,62,60,68,93,92,37,6,6,6,6,5,4,7,5,150,149.7,150.1,150,50.5,48.9,36.6,32.6,149.908,150.018,150.014,150.019,50.491,48.687,36.65,32.776,13,14,14,14,14,14,14,14,TRUE,TRUE,TRUE,TRUE,TRUE,TRUE,TRUE,TRUE,0,0,0,0,FALSE,FALSE,FALSE,FALSE,FALSE,FALSE,FALSE,FALSE,30,Male,7,4.636363636363637,3,"ETF or ETC, Government Bonds, Stock Market, Private Equity fund, Unit trusts",Black,United Kingdom,United Kingdom,Full-Time,No,No,NA,NA,How people evaluate startup pitch decks and decide which ventures deserve further attention.,"No, nothing seemed unusual.",2135,1366,617
228,1,Servora,Curato,Ironhall,Foliant,Pulsegrid,Paperloom,Sentyl,Axonmesh,737deb7d,37c0ca72,87b7dfe9,3eed90b1,dff2e369,84f4d358,0566fd88,c7e2221f,AI Inference Infrastructure,AI Training Data,Edge-AI Hardware,Enterprise Knowledge Retrieval,AI Observability,Document Automation,AI Security,Robotics Orchestration,1,2,4,3,2,4,1,3,2,1,8,5,6,4,7,3,30,30,20,20,35,30,15,20,10,0,15,0,-5,95,76,81,71,59,51,37,30,7,4,6,5,5,4,3,2,150,150.1,150.3,150.1,107.5,190.8,202.4,152.2,150.037,150.049,150.041,149.91,107.289,190.801,202.311,152.145,14,14,14,14,14,14,14,14,TRUE,TRUE,TRUE,TRUE,TRUE,TRUE,TRUE,TRUE,0,0,0,0,FALSE,FALSE,FALSE,FALSE,FALSE,FALSE,FALSE,FALSE,44,Male,2,3.5454545454545454,4,"Stock Market, Private Equity fund, Venture Capital fund",Asian,India,India,Full-Time,Yes,Maybe,more visual was required,NA,The study was about how effective how convincing the startup made the deck in order to secure or procure investment or investor,many didnt made sense rather the decks are lengthy too many slides while raising funds or getting investors you cannot have lengthy slides instead to the point slides are much more appreciated. More of visuyal then text would also have been better.,1822,2133,985
230,5,Pulsegrid,Paperloom,Sentyl,Axonmesh,Servora,Curato,Ironhall,Foliant,dff2e369,84f4d358,0566fd88,c7e2221f,737deb7d,37c0ca72,87b7dfe9,3eed90b1,AI Observability,Document Automation,AI Security,Robotics Orchestration,AI Inference Infrastructure,AI Training Data,Edge-AI Hardware,Enterprise Knowledge Retrieval,3,2,1,4,4,2,1,3,2,3,1,4,6,5,7,8,20,40,30,10,40,25,5,30,10,0,15,-5,-5,69,80,34,42,59,59,39,42,5,7,6,2,6,4,3,6,150.1,150,149.8,72.5,238.8,110.6,75.6,127,150.014,150.018,150.014,72.374,238.875,110.401,77.069,127.47,11,14,10,8,14,10,11,11,TRUE,TRUE,TRUE,TRUE,TRUE,TRUE,TRUE,TRUE,0,0,0,78,FALSE,FALSE,FALSE,FALSE,FALSE,FALSE,FALSE,FALSE,21,Male,3,3.090909090909091,2,"ETF or ETC, Government Bonds, Stock Market, Unit trusts, Options, Private Equity fund, Venture Capital fund, Other",White,Brazil,Brazil,Full-Time,No,No,NA,NA,"As for that last question perhaps it was a test to see how fatigued people feel with this type of project, but up until then, I thought it was a survey to gauge interest in certain kinds of projects.","I noticed that they seem incomplete, as if they lack formatting. I also noticed that basically all of them are about AI and most have a similar layout.",1938,1878,923
233,4,Paperloom,Sentyl,Axonmesh,Servora,Curato,Ironhall,Foliant,Pulsegrid,340b9ba1,90a19744,e6065b1a,e06655dc,6b81ec39,3e0eedc2,fa1fe22c,e7f29679,Document Automation,AI Security,Robotics Orchestration,AI Inference Infrastructure,AI Training Data,Edge-AI Hardware,Enterprise Knowledge Retrieval,AI Observability,3,1,4,2,4,1,2,3,5,8,3,7,6,1,2,4,40,35,10,15,50,0,40,10,25,0,0,40,25,62,23,96,93,84,81,93,64,6,3,3,4,6,2,7,4,150.1,150,149.9,150,115.7,127.6,109.9,123.6,149.901,149.9,149.9,149.901,115.699,127.454,109.7,123.558,14,10,11,14,14,14,14,14,TRUE,TRUE,TRUE,TRUE,TRUE,TRUE,TRUE,TRUE,0,0,0,0,FALSE,FALSE,FALSE,FALSE,FALSE,FALSE,FALSE,FALSE,46,Female,2,3.909090909090909,5,"Stock Market, Crowdfunding",White,United Kingdom,United Kingdom,Full-Time,No,No,NA,NA,what people look for in start ups when deciding who to invest in? and how tiresome the process is,no i thought they were similar in layout and information order.,1490,1517,684
235,2,Axonmesh,Servora,Curato,Ironhall,Foliant,Pulsegrid,Paperloom,Sentyl,f36cc003,e55a120c,cbc833b1,817f1201,46c0bf32,2055e10c,081e5fb5,bfc6f4d0,Robotics Orchestration,AI Inference Infrastructure,AI Training Data,Edge-AI Hardware,Enterprise Knowledge Retrieval,AI Observability,Document Automation,AI Security,2,1,4,3,1,2,3,4,8,6,3,1,2,5,7,4,60,30,5,5,60,0,30,10,40,15,10,40,30,87,89,33,23,90,85,16,16,5,4,3,5,5,2,6,5,150.3,150.3,131.7,117,232,108.9,153.5,102.6,150.102,150.102,131.634,116.936,231.955,108.903,153.34,102.638,14,14,14,14,14,14,14,14,TRUE,TRUE,TRUE,TRUE,TRUE,TRUE,TRUE,TRUE,0,0,19,34,FALSE,FALSE,FALSE,FALSE,FALSE,FALSE,FALSE,FALSE,56,Male,10,3.8181818181818183,6,"ETF or ETC, Stock Market, Angel syndicate, Crowdfunding",White,United Kingdom,United Kingdom,Part-Time,No,Maybe,"I struggled to get the information I wanted from the greyed out decks and that may have meant I was less persuaded by them,",NA,How easy it is to separate usable business information from presentational style?,"The second two decks in each pass were greyed out and indistinct, which made it harder to pull the information from them, especially in the time-limited pass",1753,1653,983
237,3,Sentyl,Axonmesh,Servora,Curato,Ironhall,Foliant,Pulsegrid,Paperloom,bcd14e91,4fe27fae,574d1367,14efa601,b5fef669,08321160,f5bfffe5,e20d4e90,AI Security,Robotics Orchestration,AI Inference Infrastructure,AI Training Data,Edge-AI Hardware,Enterprise Knowledge Retrieval,AI Observability,Document Automation,2,3,1,4,1,2,4,3,8,6,1,2,4,3,7,5,20,35,25,20,45,14,25,16,5,-5,9,20,-4,89,81,81,66,80,86,79,80,6,6,7,5,7,7,5,6,139.9,143.9,127.5,150.1,128.4,78.5,101.3,104,139.826,143.686,127.283,150.032,128.425,78.502,101.263,104.037,14,14,14,14,14,14,14,14,TRUE,TRUE,TRUE,TRUE,TRUE,TRUE,TRUE,TRUE,11,7,23,0,FALSE,FALSE,FALSE,FALSE,FALSE,FALSE,FALSE,FALSE,51,Male,2,4.363636363636363,3,"ETF or ETC, Stock Market, Government Bonds, Unit trusts, Angel syndicate, Private Equity fund",White,United States,United States,Full-Time,No,No,NA,NA,evaluation of a startup pitch decks,no,1924,1536,730
239,6,Foliant,Pulsegrid,Paperloom,Sentyl,Axonmesh,Servora,Curato,Ironhall,46c0bf32,2055e10c,081e5fb5,bfc6f4d0,f36cc003,e55a120c,cbc833b1,817f1201,Enterprise Knowledge Retrieval,AI Observability,Document Automation,AI Security,Robotics Orchestration,AI Inference Infrastructure,AI Training Data,Edge-AI Hardware,3,1,4,2,4,2,1,3,6,7,3,2,8,4,5,1,25,40,10,25,40,20,20,20,15,-15,10,10,5,53,54,53,53,54,53,53,77,4,3,6,7,6,3,4,6,3.9,5.6,3.6,4,4.2,3.9,4.1,3.9,3.892,5.654,3.695,4.063,4.309,4.026,5.579,4.098,14,14,14,14,14,14,14,14,TRUE,TRUE,TRUE,TRUE,TRUE,TRUE,TRUE,TRUE,147,145,147,146,FALSE,FALSE,FALSE,FALSE,FALSE,FALSE,FALSE,FALSE,67,Female,12,3.090909090909091,7,"ETF or ETC, Government Bonds, Stock Market, Crowdfunding",White,United Kingdom,Italy,Full-Time,No,No,NA,NA,how people judge startup pitch decks and decide which businesses deserve more attention or investment.,Some were more feminine looking.,2349,1244,590
241,6,Foliant,Pulsegrid,Paperloom,Sentyl,Axonmesh,Servora,Curato,Ironhall,46c0bf32,2055e10c,081e5fb5,bfc6f4d0,f36cc003,e55a120c,cbc833b1,817f1201,Enterprise Knowledge Retrieval,AI Observability,Document Automation,AI Security,Robotics Orchestration,AI Inference Infrastructure,AI Training Data,Edge-AI Hardware,2,1,3,4,4,3,2,1,3,7,8,5,4,1,2,6,40,10,30,20,80,5,10,5,0,20,35,40,-35,89,65,21,6,100,85,0,9,6,5,2,2,7,6,1,2,98.6,111.5,129.2,117.3,69.3,120.7,99,108.8,98.614,111.494,129.239,117.317,69.304,120.64,99.055,108.928,14,14,14,14,14,14,14,14,TRUE,TRUE,TRUE,TRUE,TRUE,TRUE,TRUE,TRUE,52,39,21,33,FALSE,FALSE,FALSE,FALSE,FALSE,FALSE,FALSE,FALSE,34,Male,1,3.1818181818181817,5,"Government Bonds, Other, Private Equity fund",Other,Canada,Canada,Full-Time,Maybe a little,Maybe,"I tried to focus on the info, not the design, but it might affect my selection.",NA,"It is about evaluating and comparing startup pitch decks in AI, infrastructure, and robotics. After the analysis, I created a portfolio.","Some of them were very hard to read because of the color selection. Also, some of them look very similar.",1738,1920,919
245,5,Pulsegrid,Paperloom,Sentyl,Axonmesh,Servora,Curato,Ironhall,Foliant,dff2e369,84f4d358,0566fd88,c7e2221f,737deb7d,37c0ca72,87b7dfe9,3eed90b1,AI Observability,Document Automation,AI Security,Robotics Orchestration,AI Inference Infrastructure,AI Training Data,Edge-AI Hardware,Enterprise Knowledge Retrieval,1,4,2,3,4,3,2,1,8,5,4,1,6,3,2,7,25,10,50,15,50,15,15,20,-15,25,15,15,-30,67,100,100,74,91,78,77,98,5,6,7,5,6,6,5,6,149.8,150,113.1,149.9,54.6,62.2,59.2,72.9,150.027,150.024,112.915,150.024,54.467,73.672,61.308,75.962,13,14,14,14,14,14,14,14,TRUE,TRUE,TRUE,TRUE,TRUE,TRUE,TRUE,TRUE,0,0,38,0,FALSE,FALSE,FALSE,FALSE,FALSE,FALSE,FALSE,FALSE,40,Male,0,3.8181818181818183,4,"ETF or ETC, Stock Market, Crowdfunding",White,United States,United States,Other,No,No,NA,NA,How time limits effect decision making,No,1422,2328,1185
246,6,Foliant,Pulsegrid,Paperloom,Sentyl,Axonmesh,Servora,Curato,Ironhall,46c0bf32,2055e10c,081e5fb5,bfc6f4d0,f36cc003,e55a120c,cbc833b1,817f1201,Enterprise Knowledge Retrieval,AI Observability,Document Automation,AI Security,Robotics Orchestration,AI Inference Infrastructure,AI Training Data,Edge-AI Hardware,1,2,3,4,2,3,1,4,8,5,4,3,7,2,6,1,40,25,30,5,10,50,30,10,15,20,10,-10,5,84,75,26,15,71,91,32,17,6,6,5,3,4,6,4,3,105.6,33.9,39.1,33,16.7,8.7,13,16.9,105.639,33.879,39.114,33.027,16.708,8.712,12.956,16.937,1,1,2,1,1,1,1,1,TRUE,TRUE,TRUE,TRUE,TRUE,TRUE,TRUE,TRUE,45,117,111,117,FALSE,FALSE,FALSE,FALSE,FALSE,FALSE,FALSE,FALSE,63,Female,8,3.8181818181818183,3,"Stock Market, Unit trusts, Crowdfunding, Venture Capital fund",White,United Kingdom,Ireland,Full-Time,No,Maybe,"The ones which were easier to read,  influenced my decisions regarding better performance and outcome, to some extent.",NA,"Is there a correlation between a persons performance, in rating the scales in the first and second set of companies.",The market data was unavailable in some pitch decks. Some pitch decks had poor quality colours and were visually more challenging to read.,1182,1920,911
248,8,Curato,Ironhall,Foliant,Pulsegrid,Paperloom,Sentyl,Axonmesh,Servora,6b81ec39,3e0eedc2,fa1fe22c,e7f29679,340b9ba1,90a19744,e6065b1a,e06655dc,AI Training Data,Edge-AI Hardware,Enterprise Knowledge Retrieval,AI Observability,Document Automation,AI Security,Robotics Orchestration,AI Inference Infrastructure,2,1,4,3,1,4,3,2,7,2,8,6,3,4,1,5,30,15,30,25,20,30,30,20,-5,10,0,0,-5,51,48,42,45,55,63,41,72,5,6,2,6,6,7,3,7,139.3,150,113.3,150.2,77.6,98.1,48.1,53.7,139.377,150.013,113.101,149.901,77.552,98.118,47.981,53.836,14,7,14,14,14,14,14,14,TRUE,TRUE,TRUE,TRUE,TRUE,TRUE,TRUE,TRUE,11,0,37,0,FALSE,FALSE,FALSE,FALSE,FALSE,FALSE,FALSE,FALSE,35,Male,2,4.2727272727272725,6,"Private Equity fund, Stock Market, Government Bonds, ETF or ETC",Black,United States,United States,Part-Time,No,Maybe,Those with elaborate graphs seemed more professional and thus more attractive,NA,Analysing people's critical thinking when it comes to evaluating startups for investment,No. I did not notice any issues.,1946,1280,594
249,6,Foliant,Pulsegrid,Paperloom,Sentyl,Axonmesh,Servora,Curato,Ironhall,46c0bf32,2055e10c,081e5fb5,bfc6f4d0,f36cc003,e55a120c,cbc833b1,817f1201,Enterprise Knowledge Retrieval,AI Observability,Document Automation,AI Security,Robotics Orchestration,AI Inference Infrastructure,AI Training Data,Edge-AI Hardware,4,2,1,3,3,4,1,2,4,1,8,6,7,2,3,5,20,30,30,20,45,20,15,20,0,0,15,10,-15,40,25,62,35,68,36,36,50,5,4,5,4,5,4,4,3,61.5,86.4,95.4,88,42.8,68.2,32.1,115.6,141.828,116.109,106.025,121.095,135.576,155.807,204.299,140.486,14,14,14,14,14,14,14,14,TRUE,TRUE,TRUE,TRUE,TRUE,TRUE,TRUE,TRUE,9,34,44,29,FALSE,FALSE,FALSE,FALSE,FALSE,FALSE,FALSE,FALSE,31,Male,1,3.727272727272727,5,"ETF or ETC, Stock Market, Crowdfunding, Other",Mixed,United Kingdom,United Kingdom,Full-Time,No,Yes,NA,i think design is very important and will have a big impact on how the company is viewed,"i'm not quite sure, i think it has something to do with the timing. Perhaps the link between who long we read about a company and how favouribly we looked apon them",not much colour,1598,1920,1065
250,7,Ironhall,Foliant,Pulsegrid,Paperloom,Sentyl,Axonmesh,Servora,Curato,b5fef669,08321160,f5bfffe5,e20d4e90,bcd14e91,4fe27fae,574d1367,14efa601,Edge-AI Hardware,Enterprise Knowledge Retrieval,AI Observability,Document Automation,AI Security,Robotics Orchestration,AI Inference Infrastructure,AI Training Data,1,3,2,4,1,3,2,4,3,1,4,5,8,7,6,2,30,40,10,20,30,40,25,5,20,-10,20,5,0,85,77,27,23,57,69,38,22,5,5,3,3,4,5,3,2,150.1,133.6,124.8,145.6,263.6,175.4,157.7,135.7,150.017,133.564,124.925,145.636,266.904,177.199,170.477,147.338,4,14,14,14,14,14,14,14,TRUE,TRUE,TRUE,TRUE,TRUE,TRUE,TRUE,TRUE,0,17,26,5,FALSE,FALSE,FALSE,FALSE,FALSE,FALSE,FALSE,FALSE,25,Male,0,3.7272727272727275,4,"Stock Market, Government Bonds, Private Equity fund",Mixed,Brazil,Brazil,Unemployed (and job seeking),Maybe a little,No,NA,NA,Discover tendencies by seeing how the public evaluate pitchs,"All of them had a very similar format. Their general structure seem to be made from a mutual template, and their graphic design, even though varying a lot on fonts and colors, also had a strong resemblance to each other",2401,1528,732
251,6,Foliant,Pulsegrid,Paperloom,Sentyl,Axonmesh,Servora,Curato,Ironhall,46c0bf32,2055e10c,081e5fb5,bfc6f4d0,f36cc003,e55a120c,cbc833b1,817f1201,Enterprise Knowledge Retrieval,AI Observability,Document Automation,AI Security,Robotics Orchestration,AI Inference Infrastructure,AI Training Data,Edge-AI Hardware,2,1,4,3,2,4,3,1,8,7,4,5,1,6,2,3,25,20,20,35,35,15,35,15,-5,-5,0,20,-5,80,48,40,23,66,65,31,55,6,4,4,4,6,5,6,5,130.2,137.8,138.2,134.9,91.3,79.9,79.6,124.8,132.801,150.032,138.086,134.803,91.465,79.863,79.413,159.835,14,14,14,14,13,14,14,14,TRUE,TRUE,TRUE,TRUE,TRUE,TRUE,TRUE,TRUE,18,0,12,16,FALSE,FALSE,FALSE,FALSE,FALSE,FALSE,FALSE,FALSE,36,Male,6,4.454545454545454,5,"Stock Market, ETF or ETC, Private Equity fund, Government Bonds",Black,United Kingdom,United Kingdom,Full-Time,No,No,NA,NA,Investing in the right start up,No,1798,1536,776
252,1,Servora,Curato,Ironhall,Foliant,Pulsegrid,Paperloom,Sentyl,Axonmesh,737deb7d,37c0ca72,87b7dfe9,3eed90b1,dff2e369,84f4d358,0566fd88,c7e2221f,AI Inference Infrastructure,AI Training Data,Edge-AI Hardware,Enterprise Knowledge Retrieval,AI Observability,Document Automation,AI Security,Robotics Orchestration,4,1,3,2,3,2,4,1,8,5,6,4,1,3,7,2,20,30,20,30,10,40,10,40,0,-10,0,-30,0,51,20,78,51,62,71,82,33,4,2,5,4,4,3,6,5,150.1,32.8,8.5,68.3,5.6,7.3,6.4,28,150.018,41.214,86.112,68.432,5.647,7.276,6.394,27.982,14,14,14,14,1,1,1,9,TRUE,TRUE,TRUE,TRUE,TRUE,TRUE,TRUE,TRUE,0,109,64,82,FALSE,FALSE,FALSE,FALSE,FALSE,FALSE,FALSE,FALSE,38,Other,1,3.1818181818181817,6,"Government Bonds, Stock Market, ETF or ETC, Options, Private Equity fund, Other",White,United Kingdom,United Kingdom,Full-Time,No,No,NA,NA,Choosing the best AI start up/ company to invest in,No I didn't,1718,2134,1073
253,7,Ironhall,Foliant,Pulsegrid,Paperloom,Sentyl,Axonmesh,Servora,Curato,b5fef669,08321160,f5bfffe5,e20d4e90,bcd14e91,4fe27fae,574d1367,14efa601,Edge-AI Hardware,Enterprise Knowledge Retrieval,AI Observability,Document Automation,AI Security,Robotics Orchestration,AI Inference Infrastructure,AI Training Data,2,3,1,4,2,3,4,1,7,1,6,4,2,8,3,5,20,20,20,40,30,25,25,20,-10,-10,5,5,-15,33,69,68,62,70,78,58,69,4,5,6,4,5,4,4,4,17.3,118.5,147.3,129.1,59.1,22.9,82.6,55.6,17.329,127.306,150.027,128.975,75.869,22.76,82.611,55.646,3,14,14,14,14,14,14,14,TRUE,TRUE,TRUE,TRUE,TRUE,TRUE,TRUE,TRUE,133,23,0,22,FALSE,FALSE,FALSE,FALSE,FALSE,FALSE,FALSE,FALSE,27,Female,8,3.8181818181818183,4,"Government Bonds, ETF or ETC, Stock Market, Unit trusts, Angel syndicate, Private Equity fund, Options, Venture Capital fund, Crowdfunding",Black,United States,United States,Part-Time,No,No,NA,NA,how people evaluate startups,no,1844,1280,585
254,5,Pulsegrid,Paperloom,Sentyl,Axonmesh,Servora,Curato,Ironhall,Foliant,dff2e369,84f4d358,0566fd88,c7e2221f,737deb7d,37c0ca72,87b7dfe9,3eed90b1,AI Observability,Document Automation,AI Security,Robotics Orchestration,AI Inference Infrastructure,AI Training Data,Edge-AI Hardware,Enterprise Knowledge Retrieval,2,4,1,3,2,3,1,4,5,1,4,2,3,7,6,8,40,15,25,20,45,10,30,15,5,15,5,25,0,100,92,81,33,61,93,73,71,6,3,5,4,6,3,6,2,150,150,150,150.1,212.5,212.9,292,193.2,150.019,150.028,150.024,150.021,212.239,212.719,291.894,193.212,13,14,13,14,14,14,14,14,TRUE,TRUE,TRUE,TRUE,TRUE,TRUE,TRUE,TRUE,0,0,0,0,FALSE,FALSE,FALSE,FALSE,FALSE,FALSE,FALSE,FALSE,23,Male,0,3.6363636363636362,5,"Government Bonds, Private Equity fund",White,Brazil,Brazil,Unemployed (and job seeking),No,No,NA,NA,"Given the time limit defined in the first task, you might want to understand how that deadline impacts the interpretation of important information due to a more/less dedicated attention. When there was no time limit, the differences in potential were made clearer for me, personally, making it easier to make choices.","They all followed the same structure. I might be wrong, but it seemed to me that the more established the startup was, the less visually appealing its slides were.",2562,1912,948
255,5,Pulsegrid,Paperloom,Sentyl,Axonmesh,Servora,Curato,Ironhall,Foliant,dff2e369,84f4d358,0566fd88,c7e2221f,737deb7d,37c0ca72,87b7dfe9,3eed90b1,AI Observability,Document Automation,AI Security,Robotics Orchestration,AI Inference Infrastructure,AI Training Data,Edge-AI Hardware,Enterprise Knowledge Retrieval,1,2,3,4,2,3,1,4,7,8,4,1,2,6,5,3,50,0,20,30,50,0,50,0,0,20,0,50,0,100,73,51,27,88,100,30,29,5,2,6,4,7,1,7,2,150,150,150,150,192.5,9.2,357.3,18.2,150.009,150.008,150.009,149.9,192.314,9.245,357.246,18.131,6,6,7,6,14,3,14,8,TRUE,TRUE,TRUE,TRUE,TRUE,TRUE,TRUE,TRUE,0,0,0,0,FALSE,FALSE,FALSE,FALSE,FALSE,FALSE,FALSE,FALSE,39,Female,2,3.727272727272727,7,"ETF or ETC, Stock Market, Crowdfunding, Options",White,United States,United States,Full-Time,Maybe a little,No,NA,NA,Not a clue,No,1757,1920,925
256,5,Pulsegrid,Paperloom,Sentyl,Axonmesh,Servora,Curato,Ironhall,Foliant,dff2e369,84f4d358,0566fd88,c7e2221f,737deb7d,37c0ca72,87b7dfe9,3eed90b1,AI Observability,Document Automation,AI Security,Robotics Orchestration,AI Inference Infrastructure,AI Training Data,Edge-AI Hardware,Enterprise Knowledge Retrieval,4,2,1,3,4,3,2,1,3,2,8,1,7,6,4,5,30,10,50,10,40,20,20,20,-10,30,10,10,-20,75,100,53,33,100,100,37,33,5,5,5,3,5,5,4,4,78.8,142.2,136.6,81,28.8,38.5,49.7,61,78.703,142.102,136.6,80.958,28.97,38.363,49.7,60.876,14,14,14,14,14,14,14,14,TRUE,TRUE,TRUE,TRUE,TRUE,TRUE,TRUE,TRUE,72,8,14,70,FALSE,FALSE,FALSE,FALSE,FALSE,FALSE,FALSE,FALSE,43,Male,0,3.909090909090909,6,Crowdfunding,White,United Kingdom,United Kingdom,Full-Time,No,No,NA,NA,Where the time pressure added in task 1 and then removed in task 2 made a difference to fatigue.,No,982,2552,1274
259,5,Pulsegrid,Paperloom,Sentyl,Axonmesh,Servora,Curato,Ironhall,Foliant,dff2e369,84f4d358,0566fd88,c7e2221f,737deb7d,37c0ca72,87b7dfe9,3eed90b1,AI Observability,Document Automation,AI Security,Robotics Orchestration,AI Inference Infrastructure,AI Training Data,Edge-AI Hardware,Enterprise Knowledge Retrieval,1,3,2,4,3,2,4,1,4,3,2,6,5,8,1,7,100,0,0,0,50,0,50,0,50,50,0,50,50,85,91,0,3,95,95,16,0,6,2,2,1,6,4,6,2,150.3,104.3,63.5,63.2,61.1,57.6,58.2,58.6,150.103,104.184,63.623,63.328,61.098,57.549,58.271,58.517,10,14,14,14,14,14,14,14,TRUE,TRUE,TRUE,TRUE,TRUE,TRUE,TRUE,TRUE,0,47,87,88,FALSE,FALSE,FALSE,FALSE,FALSE,FALSE,FALSE,FALSE,60,Male,3,3.090909090909091,5,"ETF or ETC, Government Bonds, Stock Market, Unit trusts, Crowdfunding",Mixed,United States,United States,Part-Time,Maybe a little,Maybe,I think they negatively influenced my opinion of the company pitching,NA,I think it was about how the presentation of sales decks influence opinions.,Some pitch deck were harder to read and were not clearly displayed.,1042,1920,990
260,8,Curato,Ironhall,Foliant,Pulsegrid,Paperloom,Sentyl,Axonmesh,Servora,6b81ec39,3e0eedc2,fa1fe22c,e7f29679,340b9ba1,90a19744,e6065b1a,e06655dc,AI Training Data,Edge-AI Hardware,Enterprise Knowledge Retrieval,AI Observability,Document Automation,AI Security,Robotics Orchestration,AI Inference Infrastructure,2,4,1,3,4,1,3,2,7,3,4,5,1,2,8,6,25,40,35,0,40,20,35,5,15,10,10,25,5,68,53,54,38,72,58,77,20,5,4,5,2,5,3,6,3,124.6,139.4,150,85.3,67.4,255.6,77.4,116.2,124.577,139.401,150.024,85.55,67.579,255.573,77.42,115.964,14,14,13,14,14,14,14,14,TRUE,TRUE,TRUE,TRUE,TRUE,TRUE,TRUE,TRUE,26,11,0,65,FALSE,FALSE,FALSE,FALSE,FALSE,FALSE,FALSE,FALSE,40,Male,2,3.8181818181818183,3,"Stock Market, Crowdfunding",White,United Kingdom,United Kingdom,Full-Time,No,No,NA,NA,Understanding investment opportunities in Ai and deciding which ones would be worth supporting during a seed funding phase of growth.,Not really they did feel very similar in structure possibly Ai generated as it felt like a template was being used.,1552,1366,641
261,5,Pulsegrid,Paperloom,Sentyl,Axonmesh,Servora,Curato,Ironhall,Foliant,dff2e369,84f4d358,0566fd88,c7e2221f,737deb7d,37c0ca72,87b7dfe9,3eed90b1,AI Observability,Document Automation,AI Security,Robotics Orchestration,AI Inference Infrastructure,AI Training Data,Edge-AI Hardware,Enterprise Knowledge Retrieval,3,4,1,2,3,2,4,1,4,5,6,8,7,1,2,3,35,0,25,40,0,35,30,35,-15,10,-15,-20,0,61,23,30,69,78,35,58,51,5,2,3,5,6,3,5,4,150.1,101.8,124,119.4,128,122.4,89.1,89.3,150.015,101.671,123.941,119.294,133.652,122.36,89.276,89.2,14,14,14,14,14,14,14,14,TRUE,TRUE,TRUE,TRUE,TRUE,TRUE,TRUE,TRUE,0,49,27,31,FALSE,FALSE,FALSE,FALSE,FALSE,FALSE,FALSE,FALSE,59,Male,0,2.4545454545454546,5,"ETF or ETC, Stock Market, Unit trusts, Private Equity fund, Government Bonds",White,Canada,Canada,Full-Time,No,No,NA,NA,reading risk reward and assessing which model might succeed.,They spoke in somewhat unknown markets that confused me,1638,1920,1078
262,1,Servora,Curato,Ironhall,Foliant,Pulsegrid,Paperloom,Sentyl,Axonmesh,737deb7d,37c0ca72,87b7dfe9,3eed90b1,dff2e369,84f4d358,0566fd88,c7e2221f,AI Inference Infrastructure,AI Training Data,Edge-AI Hardware,Enterprise Knowledge Retrieval,AI Observability,Document Automation,AI Security,Robotics Orchestration,1,3,2,4,4,1,3,2,8,5,4,7,3,6,1,2,30,0,50,20,45,5,30,20,-20,30,0,25,-20,92,91,53,42,55,98,7,19,5,2,7,5,7,2,6,5,150,128.8,149.9,136.4,92.6,104.6,100.8,88.4,150.016,128.775,150.02,150.029,92.613,104.593,106.685,88.3,14,14,14,14,14,14,14,14,TRUE,TRUE,TRUE,TRUE,TRUE,TRUE,TRUE,TRUE,0,22,0,0,FALSE,FALSE,FALSE,FALSE,FALSE,FALSE,FALSE,FALSE,41,Male,0,4.181818181818182,3,Crowdfunding,White,United Kingdom,United Kingdom,Full-Time,No,No,NA,NA,"I think this was a test to see if the second set of slides would be read more slowly, as there was no timer, and the mind of the participant may have dulled.",They were quite difficult to read - small text and the colours were not complementary to each other.,1348,1536,703
263,3,Sentyl,Axonmesh,Servora,Curato,Ironhall,Foliant,Pulsegrid,Paperloom,bcd14e91,4fe27fae,574d1367,14efa601,b5fef669,08321160,f5bfffe5,e20d4e90,AI Security,Robotics Orchestration,AI Inference Infrastructure,AI Training Data,Edge-AI Hardware,Enterprise Knowledge Retrieval,AI Observability,Document Automation,2,4,1,3,4,3,2,1,4,7,1,8,5,6,2,3,35,15,30,20,35,15,30,20,0,15,0,15,0,94,92,75,73,64,91,86,88,7,6,5,6,5,7,6,7,150.1,150.3,150.1,150,12.8,52.5,54.4,177.8,150.024,150.491,150.027,150.02,12.857,56.914,54.393,177.886,14,14,14,14,14,14,1,14,TRUE,TRUE,TRUE,TRUE,TRUE,TRUE,TRUE,TRUE,0,0,0,0,FALSE,FALSE,FALSE,FALSE,FALSE,FALSE,FALSE,FALSE,36,Female,2,4.363636363636363,1,"ETF or ETC, Private Equity fund, Unit trusts, Stock Market, Options",Black,United States,United States,Full-Time,Maybe a little,No,NA,NA,How I would view startup companies and decide where I would invest my money in the information that was given to me,Some of the decks had a very similar format and the same design of information,2047,1440,765
264,5,Pulsegrid,Paperloom,Sentyl,Axonmesh,Servora,Curato,Ironhall,Foliant,dff2e369,84f4d358,0566fd88,c7e2221f,737deb7d,37c0ca72,87b7dfe9,3eed90b1,AI Observability,Document Automation,AI Security,Robotics Orchestration,AI Inference Infrastructure,AI Training Data,Edge-AI Hardware,Enterprise Knowledge Retrieval,1,4,2,3,2,1,4,3,6,5,1,4,7,8,3,2,25,25,30,20,25,30,20,25,0,5,5,-5,-5,93,89,70,77,86,73,52,66,7,6,5,6,6,5,4,5,113,116,80.5,96.1,90,225.7,89.2,94.8,112.956,115.886,80.57,96.048,90.06,226.829,89.226,94.865,14,14,14,14,14,14,14,14,TRUE,TRUE,TRUE,TRUE,TRUE,TRUE,TRUE,TRUE,38,35,70,54,FALSE,FALSE,FALSE,FALSE,FALSE,FALSE,FALSE,FALSE,32,Male,2,3.6363636363636362,2,"ETF or ETC, Government Bonds, Stock Market, Private Equity fund, Crowdfunding",NA,United Kingdom,United Kingdom,Full-Time,No,No,NA,NA,I think the study was about understanding how people interpret and analyse information.,No,2424,1280,593
265,5,Pulsegrid,Paperloom,Sentyl,Axonmesh,Servora,Curato,Ironhall,Foliant,dff2e369,84f4d358,0566fd88,c7e2221f,737deb7d,37c0ca72,87b7dfe9,3eed90b1,AI Observability,Document Automation,AI Security,Robotics Orchestration,AI Inference Infrastructure,AI Training Data,Edge-AI Hardware,Enterprise Knowledge Retrieval,1,3,2,4,4,3,2,1,8,4,7,5,3,1,2,6,40,10,40,10,20,10,30,40,0,30,-20,0,20,92,89,56,59,95,86,73,98,6,6,3,3,6,5,5,7,150,25.5,137.6,12.4,12,23.1,34.5,45.4,150.029,25.18,149.92,12.468,12.032,23.12,34.584,30.738,11,14,10,14,14,13,14,14,TRUE,TRUE,TRUE,TRUE,TRUE,TRUE,TRUE,TRUE,0,125,0,138,FALSE,FALSE,FALSE,FALSE,FALSE,FALSE,FALSE,FALSE,30,Male,7,4.636363636363637,3,"Crowdfunding, Private Equity fund, Venture Capital fund, Unit trusts, Stock Market, ETF or ETC, Government Bonds",Black,United States,United States,Unemployed (and job seeking),No,No,NA,NA,Evaluating the pitch decks,not any,1222,1829,860
266,8,Curato,Ironhall,Foliant,Pulsegrid,Paperloom,Sentyl,Axonmesh,Servora,6b81ec39,3e0eedc2,fa1fe22c,e7f29679,340b9ba1,90a19744,e6065b1a,e06655dc,AI Training Data,Edge-AI Hardware,Enterprise Knowledge Retrieval,AI Observability,Document Automation,AI Security,Robotics Orchestration,AI Inference Infrastructure,1,3,4,2,2,4,1,3,4,7,2,5,1,6,8,3,10,85,2,3,5,75,5,15,45,-38,30,-40,15,81,92,43,33,53,76,64,55,7,7,3,2,3,6,2,6,143.4,90.4,26.7,79.7,34.3,37.7,35,26.5,143.492,90.469,26.63,79.468,34.324,37.787,35.013,26.411,14,14,14,14,14,14,14,14,TRUE,TRUE,TRUE,TRUE,TRUE,TRUE,TRUE,TRUE,7,60,124,71,FALSE,FALSE,FALSE,FALSE,FALSE,FALSE,FALSE,FALSE,53,Male,2,4.636363636363637,4,"Stock Market, Crowdfunding",White,United States,United States,"Not in paid work (e.g. homemaker', 'retired or disabled)",Maybe a little,Maybe,Some were absolutely more appealing just because they were easier to read.,NA,"Some of the proposals seemed genuinely interesting, while others seed very dated.  The colors chosen seemed to reflect that as well because the grayest and hardest to read ones were the more generic pitches.",The colors seemed to match with some of the ideas.,1151,1920,929
267,2,Axonmesh,Servora,Curato,Ironhall,Foliant,Pulsegrid,Paperloom,Sentyl,f36cc003,e55a120c,cbc833b1,817f1201,46c0bf32,2055e10c,081e5fb5,bfc6f4d0,Robotics Orchestration,AI Inference Infrastructure,AI Training Data,Edge-AI Hardware,Enterprise Knowledge Retrieval,AI Observability,Document Automation,AI Security,4,3,2,1,4,2,1,3,5,7,6,2,1,8,3,4,80,0,0,20,90,0,10,0,30,30,40,50,-10,100,100,10,13,100,100,10,18,6,3,3,5,7,3,5,3,122.6,150.1,150.2,147.4,122,111,102.8,91.6,122.65,150.023,150.012,147.31,121.814,111.154,102.812,91.55,14,14,14,14,14,14,14,14,TRUE,TRUE,TRUE,TRUE,TRUE,TRUE,TRUE,TRUE,28,0,0,3,FALSE,FALSE,FALSE,FALSE,FALSE,FALSE,FALSE,FALSE,47,Male,7,3.272727272727273,2,"ETF or ETC, Government Bonds, Stock Market, Unit trusts, Crowdfunding, Options",White,Canada,Canada,Full-Time,No,No,NA,NA,How the readability of a deck affects investment,Yes two decks per set were very hard to read because they had a filter obscuring the presentation.,2187,1680,881
268,2,Axonmesh,Servora,Curato,Ironhall,Foliant,Pulsegrid,Paperloom,Sentyl,f36cc003,e55a120c,cbc833b1,817f1201,46c0bf32,2055e10c,081e5fb5,bfc6f4d0,Robotics Orchestration,AI Inference Infrastructure,AI Training Data,Edge-AI Hardware,Enterprise Knowledge Retrieval,AI Observability,Document Automation,AI Security,3,2,4,1,1,2,4,3,5,7,2,8,1,6,3,4,25,25,25,25,25,20,30,25,0,0,-5,5,5,66,45,51,38,70,83,61,45,4,4,4,4,4,6,5,4,46.8,61.6,52.3,60.3,52.5,48.4,50.7,54.9,46.696,61.7,52.239,60.256,52.339,48.397,50.625,54.718,14,14,14,14,14,14,14,14,TRUE,TRUE,TRUE,TRUE,TRUE,TRUE,TRUE,TRUE,104,89,98,90,FALSE,FALSE,FALSE,FALSE,FALSE,FALSE,FALSE,FALSE,33,Female,3,3.4545454545454546,5,"ETF or ETC, Government Bonds, Crowdfunding, Venture Capital fund",Asian,United States,United States,Unemployed (and job seeking),No,No,NA,NA,This is the startup pitch study. Thank you,"No,all that clear",967,1366,607
269,5,Pulsegrid,Paperloom,Sentyl,Axonmesh,Servora,Curato,Ironhall,Foliant,dff2e369,84f4d358,0566fd88,c7e2221f,737deb7d,37c0ca72,87b7dfe9,3eed90b1,AI Observability,Document Automation,AI Security,Robotics Orchestration,AI Inference Infrastructure,AI Training Data,Edge-AI Hardware,Enterprise Knowledge Retrieval,3,4,2,1,1,4,2,3,1,6,7,5,4,2,8,3,15,25,45,15,20,30,15,35,-10,10,0,-15,-10,79,93,91,95,89,92,90,87,5,4,7,2,4,5,4,6,33.6,16.3,37.1,150.5,21.1,14.9,13,15.6,33.5,16.081,36.801,150.301,21.1,14.781,12.701,15.605,14,14,14,14,14,14,14,14,TRUE,TRUE,TRUE,TRUE,TRUE,TRUE,TRUE,TRUE,117,135,114,0,FALSE,FALSE,FALSE,FALSE,FALSE,FALSE,FALSE,FALSE,34,Male,8,5,4,"ETF or ETC, Government Bonds, Stock Market, Unit trusts, Angel syndicate, Private Equity fund, Venture Capital fund, Crowdfunding",White,United Kingdom,United Kingdom,Part-Time,No,No,NA,NA,This study tests if people can ignore polished slide designs under time pressure and accurately pick high quality startups using real financial incentives.,no. I didn't,1479,985,926
270,4,Paperloom,Sentyl,Axonmesh,Servora,Curato,Ironhall,Foliant,Pulsegrid,340b9ba1,90a19744,e6065b1a,e06655dc,6b81ec39,3e0eedc2,fa1fe22c,e7f29679,Document Automation,AI Security,Robotics Orchestration,AI Inference Infrastructure,AI Training Data,Edge-AI Hardware,Enterprise Knowledge Retrieval,AI Observability,4,1,2,3,4,2,1,3,8,5,7,3,4,6,2,1,40,20,20,20,25,15,40,20,10,10,-10,15,20,68,64,53,63,55,66,69,60,7,5,3,4,6,4,7,2,93.7,122.1,90.7,48.7,33.2,46.6,251.2,30.2,93.792,122.076,90.675,50.468,33.22,46.483,253.893,30.201,14,14,14,14,14,14,14,14,TRUE,TRUE,TRUE,TRUE,TRUE,TRUE,TRUE,TRUE,57,28,60,100,FALSE,FALSE,FALSE,FALSE,FALSE,FALSE,FALSE,FALSE,47,Male,6,4.363636363636363,3,"Stock Market, Options, Private Equity fund, Venture Capital fund, Government Bonds, ETF or ETC, Unit trusts, Angel syndicate, Crowdfunding",White,United States,United States,Full-Time,Maybe a little,No,NA,NA,Evaluating businesses startups.,Nothing unusual.,1992,1920,945
271,1,Servora,Curato,Ironhall,Foliant,Pulsegrid,Paperloom,Sentyl,Axonmesh,737deb7d,37c0ca72,87b7dfe9,3eed90b1,dff2e369,84f4d358,0566fd88,c7e2221f,AI Inference Infrastructure,AI Training Data,Edge-AI Hardware,Enterprise Knowledge Retrieval,AI Observability,Document Automation,AI Security,Robotics Orchestration,4,3,1,2,1,2,3,4,3,4,5,2,1,6,7,8,30,20,30,20,25,25,40,10,0,10,0,15,0,43,28,57,38,36,57,41,41,6,3,6,4,5,6,5,5,150.1,150.1,149.9,150,234.1,170.3,187.4,192.9,150.015,150.017,150.015,150.014,234.283,170.486,187.398,194.601,12,9,13,6,14,14,14,14,TRUE,TRUE,TRUE,TRUE,TRUE,TRUE,TRUE,TRUE,0,0,0,0,FALSE,FALSE,FALSE,FALSE,FALSE,FALSE,FALSE,FALSE,28,Male,0,3,5,"Stock Market, Crowdfunding, Private Equity fund",Other,United Kingdom,Sweden,NA,Maybe a little,Maybe,the design of the decks was odd but was consistent throughout the decks so i don't think it influenced me,NA,comparing how people evaluate startups under time restriction against how they are evaluated without any time restriction.,the presentation style seemed abit odd,2337,1440,765
272,6,Foliant,Pulsegrid,Paperloom,Sentyl,Axonmesh,Servora,Curato,Ironhall,46c0bf32,2055e10c,081e5fb5,bfc6f4d0,f36cc003,e55a120c,cbc833b1,817f1201,Enterprise Knowledge Retrieval,AI Observability,Document Automation,AI Security,Robotics Orchestration,AI Inference Infrastructure,AI Training Data,Edge-AI Hardware,4,2,1,3,3,2,4,1,5,1,7,2,4,6,8,3,15,45,15,25,15,40,30,15,10,-20,5,-5,5,62,38,33,45,79,77,45,58,6,5,3,4,6,3,6,4,120.7,141,116,76.2,56.7,51.5,33.6,54.2,120.744,140.98,116.045,76.243,56.428,51.486,33.597,54.011,14,14,14,14,14,14,14,14,TRUE,TRUE,TRUE,TRUE,TRUE,TRUE,TRUE,TRUE,30,10,34,74,FALSE,FALSE,FALSE,FALSE,FALSE,FALSE,FALSE,FALSE,50,Male,15,3.727272727272727,4,"Stock Market, Options, Private Equity fund, Venture Capital fund",Mixed,United Kingdom,United Kingdom,Part-Time,Maybe a little,No,NA,NA,"Assessing 4 companies in a group. Studying the industry they work in and servive they provide. To determine the level of potential in each company, and scope for growth. To then decide in conclusion how much to effectively invest in each.",One had no colour which was a disadvantage.,1181,1536,695
273,6,Foliant,Pulsegrid,Paperloom,Sentyl,Axonmesh,Servora,Curato,Ironhall,46c0bf32,2055e10c,081e5fb5,bfc6f4d0,f36cc003,e55a120c,cbc833b1,817f1201,Enterprise Knowledge Retrieval,AI Observability,Document Automation,AI Security,Robotics Orchestration,AI Inference Infrastructure,AI Training Data,Edge-AI Hardware,1,4,3,2,1,3,2,4,8,6,2,5,1,3,7,4,35,20,30,15,25,30,20,25,5,15,5,-5,0,10,19,75,14,27,85,100,78,3,4,6,4,5,6,7,6,109.7,34.4,27.2,99.5,12.9,72.1,13.6,18.3,109.631,132.258,26.993,99.482,12.888,72.001,13.56,18.268,14,14,14,14,14,14,14,14,TRUE,TRUE,TRUE,TRUE,TRUE,TRUE,TRUE,TRUE,41,18,124,51,FALSE,FALSE,FALSE,FALSE,FALSE,FALSE,FALSE,FALSE,34,Female,7,4.181818181818182,7,"Stock Market, Government Bonds, Private Equity fund",Black,United States,United States,Part-Time,Yes,Maybe,NA,NA,It was about how people evaluate and allocate attention or investment across different startups.,"It seemed unusual that the pitch decks were presented in a controlled, timed format. Also couldn't go back once finished.",2521,1280,632
274,4,Paperloom,Sentyl,Axonmesh,Servora,Curato,Ironhall,Foliant,Pulsegrid,340b9ba1,90a19744,e6065b1a,e06655dc,6b81ec39,3e0eedc2,fa1fe22c,e7f29679,Document Automation,AI Security,Robotics Orchestration,AI Inference Infrastructure,AI Training Data,Edge-AI Hardware,Enterprise Knowledge Retrieval,AI Observability,2,1,4,3,1,2,4,3,6,5,3,8,4,7,2,1,40,30,10,20,25,35,20,20,20,0,10,-5,10,100,100,94,56,51,51,57,79,7,7,5,4,4,3,4,5,29.6,69.5,42.9,52.5,37.4,22,29.6,50.3,29.586,69.332,42.993,52.495,37.439,21.863,29.742,50.292,14,14,14,14,14,14,14,14,TRUE,TRUE,TRUE,TRUE,TRUE,TRUE,TRUE,TRUE,121,81,108,98,FALSE,FALSE,FALSE,FALSE,FALSE,FALSE,FALSE,FALSE,43,Female,5,5,1,"ETF or ETC, Government Bonds, Stock Market, Unit trusts, Angel syndicate, Options, Private Equity fund, Venture Capital fund, Crowdfunding",Black,United States,United States,Full-Time,Yes,No,NA,NA,evaluating start up for funding or investing in them,no I did not notice anything unusual,839,1358,644
275,1,Servora,Curato,Ironhall,Foliant,Pulsegrid,Paperloom,Sentyl,Axonmesh,737deb7d,37c0ca72,87b7dfe9,3eed90b1,dff2e369,84f4d358,0566fd88,c7e2221f,AI Inference Infrastructure,AI Training Data,Edge-AI Hardware,Enterprise Knowledge Retrieval,AI Observability,Document Automation,AI Security,Robotics Orchestration,2,4,1,3,4,2,3,1,3,2,7,1,4,8,6,5,20,30,25,25,35,20,25,20,0,-5,5,10,-5,67,59,57,59,62,54,58,55,6,6,6,5,5,6,5,5,150,93.4,150.1,150,60.9,66.8,70.2,121.8,149.901,93.364,149.901,149.9,60.854,66.559,70.164,121.702,14,14,12,14,14,14,14,14,TRUE,TRUE,TRUE,TRUE,TRUE,TRUE,TRUE,TRUE,0,57,0,0,FALSE,FALSE,FALSE,FALSE,FALSE,FALSE,FALSE,FALSE,27,Male,1,3.909090909090909,5,"Stock Market, Government Bonds, ETF or ETC, Angel syndicate, Options, Private Equity fund, Venture Capital fund, Crowdfunding, Other",Asian,India,India,Full-Time,No,No,NA,NA,"In my opinion, this study was about evaluating pitch decks from different AI and tech startups (such as Pulsegrid and Sentyl) and understanding how investors make decisions when allocating investment capital among them","No, everything seemed standard and consistent across all the pitch decks presented.",2229,980,1380
277,5,Pulsegrid,Paperloom,Sentyl,Axonmesh,Servora,Curato,Ironhall,Foliant,dff2e369,84f4d358,0566fd88,c7e2221f,737deb7d,37c0ca72,87b7dfe9,3eed90b1,AI Observability,Document Automation,AI Security,Robotics Orchestration,AI Inference Infrastructure,AI Training Data,Edge-AI Hardware,Enterprise Knowledge Retrieval,2,3,1,4,4,3,2,1,2,1,7,4,5,3,6,8,50,5,30,15,40,5,35,20,5,30,-5,25,10,83,58,79,57,83,26,94,68,6,2,5,3,7,2,7,4,150.6,150.3,150.5,150.6,232.2,192.4,319.2,320.5,150.501,150.409,150.492,150.4,232.326,192.348,319.161,320.472,8,11,5,9,14,14,14,14,TRUE,TRUE,TRUE,TRUE,TRUE,TRUE,TRUE,TRUE,0,0,0,0,FALSE,FALSE,FALSE,FALSE,FALSE,FALSE,FALSE,FALSE,53,Female,0,3.909090909090909,2,"Stock Market, Crowdfunding, ETF or ETC",White,Canada,Canada,Other,No,Yes,NA,I thought that the Curato deck looked amateur.,I honestly am not sure! Perhaps taking a look at how people take in and process repetitive information in short periods of time to judge quality?,They had very similar styles in terms of format and flow and what information was presented. All of the founders were white.,2326,2240,1109
278,3,Sentyl,Axonmesh,Servora,Curato,Ironhall,Foliant,Pulsegrid,Paperloom,bcd14e91,4fe27fae,574d1367,14efa601,b5fef669,08321160,f5bfffe5,e20d4e90,AI Security,Robotics Orchestration,AI Inference Infrastructure,AI Training Data,Edge-AI Hardware,Enterprise Knowledge Retrieval,AI Observability,Document Automation,1,3,2,4,1,3,2,4,2,4,6,8,7,1,5,3,20,0,60,20,50,0,50,0,-30,30,0,50,-30,42,36,0,4,79,94,0,0,4,5,7,6,5,3,6,4,30.6,9.3,18.7,7.7,8.2,9.8,8,12.4,30.563,8.999,18.435,7.594,7.861,9.783,7.891,12.38,14,14,14,14,14,14,14,14,TRUE,TRUE,TRUE,TRUE,TRUE,TRUE,TRUE,TRUE,120,142,132,143,FALSE,FALSE,FALSE,FALSE,FALSE,FALSE,FALSE,FALSE,33,Female,4,3,3,Crowdfunding,White,United Kingdom,United Kingdom,Full-Time,No,Maybe,"No, i was looking at the content",NA,Don't know,Yes they looked terrible and some had some kind of overlay that obscured them.,2684,1920,911
279,7,Ironhall,Foliant,Pulsegrid,Paperloom,Sentyl,Axonmesh,Servora,Curato,b5fef669,08321160,f5bfffe5,e20d4e90,bcd14e91,4fe27fae,574d1367,14efa601,Edge-AI Hardware,Enterprise Knowledge Retrieval,AI Observability,Document Automation,AI Security,Robotics Orchestration,AI Inference Infrastructure,AI Training Data,4,1,2,3,4,2,3,1,4,8,1,7,6,2,5,3,10,15,50,25,62,2,34,2,-25,10,14,46,-39,69,86,69,59,56,75,64,63,5,3,7,3,6,4,7,4,49.2,150.1,110.6,116.2,149.4,58.3,38.6,90.3,49.151,149.922,110.634,116.322,149.412,58.31,38.651,85.757,1,14,14,14,14,14,14,14,TRUE,TRUE,TRUE,TRUE,TRUE,TRUE,TRUE,TRUE,101,0,40,34,FALSE,FALSE,FALSE,FALSE,FALSE,FALSE,FALSE,FALSE,26,Male,2,4.545454545454546,2,"Stock Market, Unit trusts, Private Equity fund, Government Bonds",Prefer not to say,Canada,Canada,Full-Time,No,No,NA,NA,The study was about how funds can be allocated by investment parties for startups based on the startup's capital requirements and the projected yearly returns. From the study the startups that have higher startup capital are likely to get more funds as compared to the smaller startups.,"Nothing unusual. They actually did well in capturing all the details that an investor would need when the idea is being tabled. Information such as the funds required, projected yearly returns, monthly subscriptions rates and the founders are very important in the presentation.",2258,1280,593
280,3,Sentyl,Axonmesh,Servora,Curato,Ironhall,Foliant,Pulsegrid,Paperloom,bcd14e91,4fe27fae,574d1367,14efa601,b5fef669,08321160,f5bfffe5,e20d4e90,AI Security,Robotics Orchestration,AI Inference Infrastructure,AI Training Data,Edge-AI Hardware,Enterprise Knowledge Retrieval,AI Observability,Document Automation,2,3,4,1,2,3,4,1,1,3,6,2,8,7,4,5,25,60,15,0,5,70,20,5,35,-10,25,-25,10,92,72,36,22,85,100,38,33,7,5,2,3,5,7,3,3,141.1,147.1,150.1,147.9,263.2,106.5,74.7,73.5,149.909,150.015,150.008,150.015,269.374,308.373,86.595,73.48,14,14,12,14,14,14,14,14,TRUE,TRUE,TRUE,TRUE,TRUE,TRUE,TRUE,TRUE,0,0,0,0,FALSE,FALSE,FALSE,FALSE,FALSE,FALSE,FALSE,FALSE,44,Male,1,4.636363636363637,3,"ETF or ETC, Stock Market, Private Equity fund",Asian,United Kingdom,United Kingdom,Full-Time,No,Maybe,as as astetically not visually appealing. But the idea is more important and something to relate too.,NA,"i believe the study was about reviewing some start up pitch ideas and then allow me to say which is the better one by investing my 100 tokens. I think you are seeing which one i would invest in, i guess.",yeah some of the slides were like a filtered applied(i mean there was like a grey filter applied to the slides/ptich) making it harder to read the information.,2325,1920,929
282,7,Ironhall,Foliant,Pulsegrid,Paperloom,Sentyl,Axonmesh,Servora,Curato,b5fef669,08321160,f5bfffe5,e20d4e90,bcd14e91,4fe27fae,574d1367,14efa601,Edge-AI Hardware,Enterprise Knowledge Retrieval,AI Observability,Document Automation,AI Security,Robotics Orchestration,AI Inference Infrastructure,AI Training Data,2,4,1,3,2,1,4,3,7,1,8,3,4,5,6,2,38,13,40,9,40,12,35,13,1,28,2,25,-1,74,35,44,22,84,26,79,76,6,2,6,4,6,3,6,3,113.8,110.2,107.4,111.1,32.1,34,232,27.6,113.719,110.201,107.193,117.858,32.135,34.085,232.02,27.487,14,14,14,14,14,14,14,14,TRUE,TRUE,TRUE,TRUE,TRUE,TRUE,TRUE,TRUE,37,40,43,33,FALSE,FALSE,FALSE,FALSE,FALSE,FALSE,FALSE,FALSE,23,Male,2,4.363636363636363,5,"Stock Market, Crowdfunding, Government Bonds",Asian,India,India,Part-Time,Yes,Yes,NA,"Sentyl's dark deck looked sharp and Servora's serif felt premium, so both read as more serious. Curato's plain beige deck felt weaker. I tried to judge on proof, but the look nudged me.",It's testing how investors judge startups. They give four decks that look the same but have different levels of real proof. Then they check what you actually notice and where you put your money.,"Same 14 slide skeleton each time, only the proof swapped. Weak decks reused near identical team wording. Strong ones had granted patents and passed audits. Fonts varied a lot. Also a fifth deck, Paperloom, appeared but was left off the list.",2413,1536,730
286,7,Ironhall,Foliant,Pulsegrid,Paperloom,Sentyl,Axonmesh,Servora,Curato,b5fef669,08321160,f5bfffe5,e20d4e90,bcd14e91,4fe27fae,574d1367,14efa601,Edge-AI Hardware,Enterprise Knowledge Retrieval,AI Observability,Document Automation,AI Security,Robotics Orchestration,AI Inference Infrastructure,AI Training Data,4,1,2,3,2,3,1,4,8,5,3,4,1,2,7,6,10,25,62,3,8,2,15,75,-15,22,-40,-27,25,76,55,12,27,75,35,32,14,7,4,3,1,2,1,6,6,150.4,148.4,137.1,146.6,66.8,77.1,217.5,61.1,150.4,150.511,137.195,146.694,66.766,78.77,217.369,61.12,13,14,14,14,14,14,14,14,TRUE,TRUE,TRUE,TRUE,TRUE,TRUE,TRUE,TRUE,0,0,14,4,FALSE,FALSE,FALSE,FALSE,FALSE,FALSE,FALSE,FALSE,46,Male,2,3.6363636363636362,6,"ETF or ETC, Stock Market, Unit trusts, Government Bonds, Crowdfunding",White,United Kingdom,United Kingdom,Full-Time,No,Yes,NA,A very little amount as if it looked good and was easy to read and interpret I would spend more time on the slides and so I would understand the startup pitch more.,If I can quickly interpret a lot of data and interpret it well enough to make sound financial decisions.,Some were harder than others to read (greyed out) - it was annoying.,1625,2048,1250
287,5,Pulsegrid,Paperloom,Sentyl,Axonmesh,Servora,Curato,Ironhall,Foliant,dff2e369,84f4d358,0566fd88,c7e2221f,737deb7d,37c0ca72,87b7dfe9,3eed90b1,AI Observability,Document Automation,AI Security,Robotics Orchestration,AI Inference Infrastructure,AI Training Data,Edge-AI Hardware,Enterprise Knowledge Retrieval,4,1,3,2,2,3,4,1,2,4,8,5,6,1,7,3,4,60,6,30,65,10,5,20,14,-40,25,20,-11,32,95,13,22,88,81,19,17,5,6,5,5,6,3,4,4,73.5,122.3,61.5,76.6,59,183.5,12.4,129.2,73.626,122.434,61.465,76.406,59.102,183.69,12.283,129.175,14,14,14,14,14,14,14,14,TRUE,TRUE,TRUE,TRUE,TRUE,TRUE,TRUE,TRUE,77,28,89,74,FALSE,FALSE,FALSE,FALSE,FALSE,FALSE,FALSE,FALSE,39,Male,0,3,2,"ETF or ETC, Stock Market, Venture Capital fund, Options",White,United States,United States,Full-Time,No,Yes,NA,"If I can't read what a company is pitching, I think they need to work on their pitch.",Evaluating the pitch decks for best investment opportunities.,Many were very dark and difficult to see. All seemed to be lead by a male and female team.,1273,1536,695
288,3,Sentyl,Axonmesh,Servora,Curato,Ironhall,Foliant,Pulsegrid,Paperloom,bcd14e91,4fe27fae,574d1367,14efa601,b5fef669,08321160,f5bfffe5,e20d4e90,AI Security,Robotics Orchestration,AI Inference Infrastructure,AI Training Data,Edge-AI Hardware,Enterprise Knowledge Retrieval,AI Observability,Document Automation,4,2,1,3,2,4,1,3,8,6,7,1,4,2,3,5,10,80,5,5,10,40,40,10,40,-35,0,0,40,91,100,0,1,89,75,3,1,7,7,1,3,6,4,2,1,144.1,89.9,91.8,43.9,530.6,8.9,108.2,7.5,144.025,89.968,91.501,43.855,530.548,8.705,108.134,9.747,14,14,14,1,14,14,14,14,TRUE,TRUE,TRUE,TRUE,TRUE,TRUE,TRUE,TRUE,6,61,59,107,FALSE,FALSE,FALSE,FALSE,FALSE,FALSE,FALSE,FALSE,44,Male,12,4,5,"ETF or ETC, Government Bonds, Stock Market, Unit trusts, Angel syndicate, Private Equity fund, Crowdfunding",White,United Kingdom,United Kingdom,Full-Time,No,Yes,NA,the better looking ones grabbed my attention,how people take in the information and how much is processed,some were better looking visually than others,1347,1612,948
289,1,Servora,Curato,Ironhall,Foliant,Pulsegrid,Paperloom,Sentyl,Axonmesh,737deb7d,37c0ca72,87b7dfe9,3eed90b1,dff2e369,84f4d358,0566fd88,c7e2221f,AI Inference Infrastructure,AI Training Data,Edge-AI Hardware,Enterprise Knowledge Retrieval,AI Observability,Document Automation,AI Security,Robotics Orchestration,4,2,1,3,1,4,2,3,5,7,8,3,2,6,4,1,20,25,35,20,25,20,45,10,-5,5,-5,20,0,94,64,44,49,48,100,75,23,4,6,6,4,3,6,7,5,50.9,32.3,142.7,32.6,51.6,28.3,30.6,19.9,112.485,32.1,142.701,32.562,51.504,28.122,30.592,19.815,13,12,14,14,14,14,14,13,TRUE,TRUE,TRUE,TRUE,TRUE,TRUE,TRUE,TRUE,38,118,8,118,FALSE,FALSE,FALSE,FALSE,FALSE,FALSE,FALSE,FALSE,30,Female,1,3.909090909090909,5,"Stock Market, Angel syndicate",Black,United Kingdom,Nigeria,Full-Time,No,Yes,NA,Got bored of the same design,start ups looking for to convince investors via pitch desk,They all had the same format,1781,1280,559
290,7,Ironhall,Foliant,Pulsegrid,Paperloom,Sentyl,Axonmesh,Servora,Curato,b5fef669,08321160,f5bfffe5,e20d4e90,bcd14e91,4fe27fae,574d1367,14efa601,Edge-AI Hardware,Enterprise Knowledge Retrieval,AI Observability,Document Automation,AI Security,Robotics Orchestration,AI Inference Infrastructure,AI Training Data,2,4,1,3,4,1,2,3,6,7,5,2,8,3,1,4,35,15,35,15,30,10,30,30,0,20,-10,10,10,100,100,100,77,100,84,74,83,7,7,1,7,7,1,7,7,57,34.2,95.4,52.5,48.5,126.2,87.4,90.2,56.993,34.135,95.526,52.443,48.559,126.028,87.613,90.075,14,14,14,14,14,14,14,14,TRUE,TRUE,TRUE,TRUE,TRUE,TRUE,TRUE,TRUE,94,116,55,98,FALSE,FALSE,FALSE,FALSE,FALSE,FALSE,FALSE,FALSE,39,Male,6,3.909090909090909,5,"Government Bonds, Stock Market, Options, Private Equity fund, Crowdfunding, Other",White,United States,United States,Full-Time,Maybe a little,No,NA,NA,Assessing which startups had the best potential by looking at information presented on slides,"No, not that I could spot",1624,1728,912
292,7,Ironhall,Foliant,Pulsegrid,Paperloom,Sentyl,Axonmesh,Servora,Curato,b5fef669,08321160,f5bfffe5,e20d4e90,bcd14e91,4fe27fae,574d1367,14efa601,Edge-AI Hardware,Enterprise Knowledge Retrieval,AI Observability,Document Automation,AI Security,Robotics Orchestration,AI Inference Infrastructure,AI Training Data,3,4,2,1,3,1,2,4,5,7,1,6,8,3,2,4,30,45,15,10,35,35,25,5,25,-5,20,10,5,100,100,100,0,100,100,35,21,7,5,5,2,6,7,7,1,150,150.2,149.9,150,139.5,195.5,191.9,161,149.9,149.9,149.902,149.9,139.56,195.438,191.946,160.724,13,14,14,14,14,14,14,14,TRUE,TRUE,TRUE,TRUE,TRUE,TRUE,TRUE,TRUE,0,0,0,0,FALSE,FALSE,FALSE,FALSE,FALSE,FALSE,FALSE,FALSE,50,Male,2,4.2727272727272725,1,"Stock Market, Crowdfunding, Other",White,United States,United States,Full-Time,No,Maybe,"The context was more important to me than visuals, I made decisions based on information in the decks, how well they were supported and how innovative.",NA,How individuals assess value when it pertains to startup evaluations.,"The founders were all one man and one woman, all related to AI ventures.",2059,1366,647
293,8,Curato,Ironhall,Foliant,Pulsegrid,Paperloom,Sentyl,Axonmesh,Servora,6b81ec39,3e0eedc2,fa1fe22c,e7f29679,340b9ba1,90a19744,e6065b1a,e06655dc,AI Training Data,Edge-AI Hardware,Enterprise Knowledge Retrieval,AI Observability,Document Automation,AI Security,Robotics Orchestration,AI Inference Infrastructure,2,1,3,4,4,1,2,3,7,3,8,6,5,4,2,1,30,20,35,15,30,20,10,40,0,15,0,-10,0,77,85,42,44,78,84,66,85,5,5,5,3,6,3,4,6,74.5,64.1,41.1,21,19.6,70.6,35.7,14.6,74.4,63.911,41.098,30.456,19.522,70.736,35.695,14.401,14,14,13,14,14,14,12,14,TRUE,TRUE,TRUE,TRUE,TRUE,TRUE,TRUE,TRUE,76,87,109,120,FALSE,FALSE,FALSE,FALSE,FALSE,FALSE,FALSE,FALSE,32,Male,0,3.1818181818181817,3,"Stock Market, Crowdfunding",White,United States,United States,Other,No,No,NA,NA,I'm not sure,I did not notice anything unusual other than some of them had more muted colors.,787,1920,953
294,8,Curato,Ironhall,Foliant,Pulsegrid,Paperloom,Sentyl,Axonmesh,Servora,6b81ec39,3e0eedc2,fa1fe22c,e7f29679,340b9ba1,90a19744,e6065b1a,e06655dc,AI Training Data,Edge-AI Hardware,Enterprise Knowledge Retrieval,AI Observability,Document Automation,AI Security,Robotics Orchestration,AI Inference Infrastructure,1,2,3,4,3,1,2,4,3,7,6,2,4,8,1,5,25,20,25,30,30,10,50,10,-5,0,-10,30,5,100,75,42,82,99,81,90,10,4,5,2,6,7,6,5,2,150,150.2,150,150.6,35.8,128.7,86.3,33.9,150.013,149.901,150.014,150.401,46.812,128.637,86.367,33.943,14,14,4,14,14,9,10,14,TRUE,TRUE,TRUE,TRUE,TRUE,TRUE,TRUE,TRUE,0,0,0,0,FALSE,FALSE,FALSE,FALSE,FALSE,FALSE,FALSE,FALSE,33,Male,10,4.818181818181818,3,"ETF or ETC, Stock Market, Options, Crowdfunding",Mixed,United States,United States,Full-Time,Maybe a little,No,NA,NA,Discerning between different types of startups and designs/copies in order to denote how much attention each startup gained from me mentally.,I noticed that they all looked very similar.,1636,1710,893
295,2,Axonmesh,Servora,Curato,Ironhall,Foliant,Pulsegrid,Paperloom,Sentyl,f36cc003,e55a120c,cbc833b1,817f1201,46c0bf32,2055e10c,081e5fb5,bfc6f4d0,Robotics Orchestration,AI Inference Infrastructure,AI Training Data,Edge-AI Hardware,Enterprise Knowledge Retrieval,AI Observability,Document Automation,AI Security,3,4,2,1,4,3,2,1,8,1,3,5,2,6,4,7,35,20,30,15,35,20,30,15,5,15,5,15,0,84,18,84,74,74,79,86,71,6,4,5,4,6,4,5,4,149.9,150.1,150.2,150,30.1,33,28.3,31.2,150.014,150.015,150.016,150.027,30.075,33.001,28.181,31.162,14,14,14,5,14,14,14,13,TRUE,TRUE,TRUE,TRUE,TRUE,TRUE,TRUE,TRUE,0,0,0,0,FALSE,FALSE,FALSE,FALSE,FALSE,FALSE,FALSE,FALSE,30,Female,2,3.727272727272727,3,"Stock Market, Options, Private Equity fund, Venture Capital fund, ETF or ETC",White,United States,United States,Full-Time,No,No,NA,NA,how to evaluate early stage startups under time constraints,All decks used uniform micro labels like certification status,1986,1821,844
296,8,Curato,Ironhall,Foliant,Pulsegrid,Paperloom,Sentyl,Axonmesh,Servora,6b81ec39,3e0eedc2,fa1fe22c,e7f29679,340b9ba1,90a19744,e6065b1a,e06655dc,AI Training Data,Edge-AI Hardware,Enterprise Knowledge Retrieval,AI Observability,Document Automation,AI Security,Robotics Orchestration,AI Inference Infrastructure,2,4,1,3,2,3,4,1,8,7,4,3,1,6,5,2,20,50,5,25,55,10,30,5,20,-25,15,35,5,34,66,26,35,80,63,61,58,3,5,3,3,5,4,5,4,107.8,79.3,135.8,90.1,76.2,94.3,71.1,60.8,107.82,79.364,135.786,90,76.216,94.229,70.924,60.717,14,14,14,14,14,14,14,14,TRUE,TRUE,TRUE,TRUE,TRUE,TRUE,TRUE,TRUE,43,71,15,60,FALSE,FALSE,FALSE,FALSE,FALSE,FALSE,FALSE,FALSE,64,Female,5,3.272727272727273,2,"ETF or ETC, Stock Market, Unit trusts, Private Equity fund, Venture Capital fund, Crowdfunding",White,United Kingdom,United Kingdom,"Not in paid work (e.g. homemaker', 'retired or disabled)",No,Maybe,Some things certainly stood out more if the appearance was cleaner,NA,How to judge something regardless of what it looks like??,Not familiar enough with pitch decks,1150,1454,744
297,1,Servora,Curato,Ironhall,Foliant,Pulsegrid,Paperloom,Sentyl,Axonmesh,737deb7d,37c0ca72,87b7dfe9,3eed90b1,dff2e369,84f4d358,0566fd88,c7e2221f,AI Inference Infrastructure,AI Training Data,Edge-AI Hardware,Enterprise Knowledge Retrieval,AI Observability,Document Automation,AI Security,Robotics Orchestration,1,2,4,3,3,2,1,4,4,2,3,5,1,7,8,6,60,0,40,0,20,0,50,30,10,50,-30,20,40,67,40,65,60,69,59,70,68,7,3,6,2,5,3,6,6,146.5,150.1,149.9,150,130,149,180.6,110.2,150.023,150.035,150.026,150.028,129.998,149.029,180.704,110.195,3,7,8,9,14,14,14,14,TRUE,TRUE,TRUE,TRUE,TRUE,TRUE,TRUE,TRUE,0,0,0,0,FALSE,FALSE,FALSE,FALSE,FALSE,FALSE,FALSE,FALSE,45,Female,3,3.8181818181818183,5,"Stock Market, Crowdfunding",White,France,Spain,Full-Time,Maybe a little,Maybe,"It was hard to read the information, so it is possible to miss some important data",NA,"The small font and the blur filter over the sliders made it pretty difficult to read the information, while the clock was ticking - it also said each page will last 150s, but that time was given for the full 14-page decks. 

That makes me think the study was about decisions under stressful situations.",The dark blur overlay and the small font difficulting their reading.,2452,1366,607
298,7,Ironhall,Foliant,Pulsegrid,Paperloom,Sentyl,Axonmesh,Servora,Curato,b5fef669,08321160,f5bfffe5,e20d4e90,bcd14e91,4fe27fae,574d1367,14efa601,Edge-AI Hardware,Enterprise Knowledge Retrieval,AI Observability,Document Automation,AI Security,Robotics Orchestration,AI Inference Infrastructure,AI Training Data,1,4,3,2,1,3,4,2,2,6,3,5,4,8,7,1,30,25,20,25,30,20,30,NA,5,0,NA,NA,NA,47,71,65,74,42,80,38,64,5,5,4,5,5,6,4,5,9.9,8,6.8,15.6,17,7,10.2,23.3,9.821,7.991,6.714,15.892,17.204,6.931,10.145,19.555,14,14,14,14,14,2,1,14,TRUE,TRUE,TRUE,TRUE,TRUE,TRUE,TRUE,FALSE,141,143,144,135,FALSE,FALSE,FALSE,FALSE,FALSE,FALSE,FALSE,TRUE,56,Female,7,4,4,"Stock Market, Private Equity fund",White,United States,United States,Part-Time,Maybe a little,No,NA,NA,"The study was about how people evaluate startup pitch decks and decide which companies deserve more investor attention. It appeared to test how the startups’ business potential, traction, team, and other substantive information influence those allocation decisions.

",no,707,767,695
299,6,Foliant,Pulsegrid,Paperloom,Sentyl,Axonmesh,Servora,Curato,Ironhall,46c0bf32,2055e10c,081e5fb5,bfc6f4d0,f36cc003,e55a120c,cbc833b1,817f1201,Enterprise Knowledge Retrieval,AI Observability,Document Automation,AI Security,Robotics Orchestration,AI Inference Infrastructure,AI Training Data,Edge-AI Hardware,4,3,2,1,1,4,2,3,2,3,8,5,1,6,7,4,70,0,30,0,70,30,0,0,20,50,50,20,-30,93,6,94,8,86,8,0,6,6,3,6,3,6,3,1,2,150.1,150.1,145.5,146.3,221.7,168.3,152.6,128.1,149.901,149.902,145.414,146.203,221.681,171.499,152.399,128.211,14,14,14,14,14,14,14,14,TRUE,TRUE,TRUE,TRUE,TRUE,TRUE,TRUE,TRUE,0,0,5,4,FALSE,FALSE,FALSE,FALSE,FALSE,FALSE,FALSE,FALSE,52,Male,0,3.090909090909091,1,"ETF or ETC, Stock Market, Private Equity fund, Government Bonds",White,Canada,Canada,Full-Time,No,Maybe,"While some of the decks were more plain and others more vibrant with colour, I focused on the content of the deck and whether I understood what the pitch was about, along with the details.",NA,"I think the study is about how people review start-up pitch decks and make decisions about which to follow up on or not.  Because the reviewers see so many of these decks, they may tire and not pay as close attention to the details the more they review in a day.  This can lead to good start ups not being given proper consideration.  The study was looking at how tired I was with the second batch and whether I made a good decision or not.","No, I did not notice anything unusual.",2436,1920,945
301,7,Ironhall,Foliant,Pulsegrid,Paperloom,Sentyl,Axonmesh,Servora,Curato,b5fef669,08321160,f5bfffe5,e20d4e90,bcd14e91,4fe27fae,574d1367,14efa601,Edge-AI Hardware,Enterprise Knowledge Retrieval,AI Observability,Document Automation,AI Security,Robotics Orchestration,AI Inference Infrastructure,AI Training Data,2,1,3,4,2,4,3,1,3,2,5,1,6,4,8,7,50,10,30,10,40,30,30,0,10,30,20,20,-10,67,67,15,37,82,80,73,12,7,2,3,3,7,6,7,2,150.1,150.1,149.9,149.9,154.6,146.4,142.3,218.5,150.016,150.017,150.016,149.901,154.671,146.296,144.815,218.654,10,11,12,14,14,14,14,14,TRUE,TRUE,TRUE,TRUE,TRUE,TRUE,TRUE,TRUE,0,0,0,0,FALSE,FALSE,FALSE,FALSE,FALSE,FALSE,FALSE,FALSE,51,Female,0,3.8181818181818183,7,"Stock Market, Private Equity fund",Asian,United Kingdom,Hong Kong,Other,Maybe a little,Yes,NA,"In someway. If the fonts are too small and in faint colour, it will take me longer to study the deck. If it is time-constrained I will be forced to skip a bit",To examine how the participant would evaluate complex and technical investment proposals under the time-constrained and without time-constrained situation.,Formats are quite similar. But some are presented in very small and faint colour fonts that make it very hard to read.,2301,1440,697
302,2,Axonmesh,Servora,Curato,Ironhall,Foliant,Pulsegrid,Paperloom,Sentyl,f36cc003,e55a120c,cbc833b1,817f1201,46c0bf32,2055e10c,081e5fb5,bfc6f4d0,Robotics Orchestration,AI Inference Infrastructure,AI Training Data,Edge-AI Hardware,Enterprise Knowledge Retrieval,AI Observability,Document Automation,AI Security,2,3,4,1,4,3,2,1,4,3,6,5,8,1,2,7,35,15,30,20,35,10,40,15,0,15,-5,25,5,92,100,54,69,74,80,32,27,6,7,4,5,5,5,4,3,149.9,150.1,150,149.8,44.9,104.5,36.5,117.2,150.012,150.02,150.02,150.015,44.908,104.437,36.652,108.254,14,14,14,14,14,14,14,14,TRUE,TRUE,TRUE,TRUE,TRUE,TRUE,TRUE,TRUE,0,0,0,0,FALSE,FALSE,FALSE,FALSE,FALSE,FALSE,FALSE,FALSE,42,Male,6,3.727272727272727,4,"Government Bonds, Stock Market, Crowdfunding",White,United States,United States,Full-Time,Maybe a little,Maybe,"It may have affected how easy the info was easy to read but i answered based on the startups business model, opportunity and overall potential.",NA,I think it's basically how to evaluate startup pitch decks and decide which startups deserves more investment based on the potential of the business.,"Yes, I think they all followed a very similar style with a time limit",2783,1920,993
303,2,Axonmesh,Servora,Curato,Ironhall,Foliant,Pulsegrid,Paperloom,Sentyl,f36cc003,e55a120c,cbc833b1,817f1201,46c0bf32,2055e10c,081e5fb5,bfc6f4d0,Robotics Orchestration,AI Inference Infrastructure,AI Training Data,Edge-AI Hardware,Enterprise Knowledge Retrieval,AI Observability,Document Automation,AI Security,3,1,2,4,1,2,4,3,6,1,8,2,4,5,7,3,15,55,25,5,50,0,35,15,20,-10,0,35,20,69,71,10,34,73,11,5,13,5,5,2,3,6,2,1,1,48.6,50.5,35.6,26.5,23.1,20.8,14.6,20.1,48.622,50.475,35.642,26.464,23.074,20.826,14.631,20.077,1,1,1,1,1,1,1,1,TRUE,TRUE,TRUE,TRUE,TRUE,TRUE,TRUE,TRUE,102,100,115,124,FALSE,FALSE,FALSE,FALSE,FALSE,FALSE,FALSE,FALSE,43,Male,3,4.2727272727272725,5,"Private Equity fund, Stock Market, Government Bonds",Black,United States,United States,Full-Time,Maybe a little,No,NA,NA,evaluation of startups and their potential to grow into real businesses,nothing at all,1283,1536,738
304,7,Ironhall,Foliant,Pulsegrid,Paperloom,Sentyl,Axonmesh,Servora,Curato,b5fef669,08321160,f5bfffe5,e20d4e90,bcd14e91,4fe27fae,574d1367,14efa601,Edge-AI Hardware,Enterprise Knowledge Retrieval,AI Observability,Document Automation,AI Security,Robotics Orchestration,AI Inference Infrastructure,AI Training Data,2,3,1,4,3,2,4,1,4,1,6,3,2,8,7,5,25,25,25,25,25,20,30,25,0,0,-5,5,5,63,58,60,60,64,61,61,69,5,5,5,4,5,6,5,6,135.3,150.1,141.7,137.2,154.6,164.9,163.4,205.8,135.479,149.901,141.905,137.134,157.282,166.145,163.523,208.1,14,14,14,14,14,14,14,14,TRUE,TRUE,TRUE,TRUE,TRUE,TRUE,TRUE,TRUE,15,0,9,13,FALSE,FALSE,FALSE,FALSE,FALSE,FALSE,FALSE,FALSE,27,Male,2,4.2727272727272725,5,"Stock Market, Angel syndicate",Asian,India,India,Part-Time,No,No,NA,NA,The study was about evaluating early-stage startup pitch decks and making strategic investment capital allocation decisions across different technology ventures.,"No, nothing unusual. The pitch decks followed a standard structure and were presented clearly slide by slide.",2632,1536,695
305,4,Paperloom,Sentyl,Axonmesh,Servora,Curato,Ironhall,Foliant,Pulsegrid,340b9ba1,90a19744,e6065b1a,e06655dc,6b81ec39,3e0eedc2,fa1fe22c,e7f29679,Document Automation,AI Security,Robotics Orchestration,AI Inference Infrastructure,AI Training Data,Edge-AI Hardware,Enterprise Knowledge Retrieval,AI Observability,4,2,3,1,3,2,4,1,6,1,7,4,2,5,8,3,50,0,50,0,30,0,70,0,0,50,-20,50,20,51,51,27,33,51,52,32,27,5,4,4,3,4,3,6,2,125.4,110.1,95.3,139.7,68.2,60.2,43,55.7,125.29,109.966,95.238,139.599,68.273,60.261,47.299,59.823,14,14,14,14,14,14,14,14,TRUE,TRUE,TRUE,TRUE,TRUE,TRUE,TRUE,TRUE,25,41,55,11,FALSE,FALSE,FALSE,FALSE,FALSE,FALSE,FALSE,FALSE,44,Female,10,3.1818181818181817,5,"ETF or ETC, Stock Market, Crowdfunding",White,United States,United States,Full-Time,No,No,NA,NA,"Based only on that the last question was about fatigue, maybe something to do with attention spans",Some were faded and some were clear. The faded ones were harder to read,1253,1536,791
306,6,Foliant,Pulsegrid,Paperloom,Sentyl,Axonmesh,Servora,Curato,Ironhall,46c0bf32,2055e10c,081e5fb5,bfc6f4d0,f36cc003,e55a120c,cbc833b1,817f1201,Enterprise Knowledge Retrieval,AI Observability,Document Automation,AI Security,Robotics Orchestration,AI Inference Infrastructure,AI Training Data,Edge-AI Hardware,2,1,4,3,4,2,1,3,1,5,3,7,6,2,8,4,25,25,25,25,25,25,25,25,0,0,0,0,0,0,0,0,0,0,0,0,0,4,4,4,4,4,4,4,4,67,101.9,70.4,47,49.5,72.9,76.1,41.5,66.895,101.763,70.205,46.95,49.519,72.804,76.003,41.542,8,7,9,10,5,9,11,5,TRUE,TRUE,TRUE,TRUE,TRUE,TRUE,TRUE,TRUE,84,49,80,104,FALSE,FALSE,FALSE,FALSE,FALSE,FALSE,FALSE,FALSE,72,Male,5,3.5454545454545454,6,"ETF or ETC, Stock Market, Private Equity fund",White,United Kingdom,United Kingdom,"Not in paid work (e.g. homemaker', 'retired or disabled)",Maybe a little,Yes,NA,"yes, they were hard to look at and read.",I don't know but it could be something to do with how boring and monotonous the pitches were.,"They were hard to read, understand and full of jargon",1245,1920,911
307,8,Curato,Ironhall,Foliant,Pulsegrid,Paperloom,Sentyl,Axonmesh,Servora,6b81ec39,3e0eedc2,fa1fe22c,e7f29679,340b9ba1,90a19744,e6065b1a,e06655dc,AI Training Data,Edge-AI Hardware,Enterprise Knowledge Retrieval,AI Observability,Document Automation,AI Security,Robotics Orchestration,AI Inference Infrastructure,3,2,4,1,3,4,1,2,1,4,2,5,6,8,7,3,35,30,15,20,15,40,25,20,15,0,5,-10,10,71,68,65,51,54,63,44,56,5,5,4,4,5,5,4,4,104.9,99.5,54.5,150,55.8,121.6,54.8,31.8,105.044,99.39,54.626,149.37,57.243,124.576,258.67,31.695,14,14,14,12,14,14,14,14,TRUE,TRUE,TRUE,TRUE,TRUE,TRUE,TRUE,TRUE,45,51,96,0,FALSE,FALSE,FALSE,FALSE,FALSE,FALSE,FALSE,FALSE,30,Male,2,3.909090909090909,3,"Stock Market, Crowdfunding",Black,United Kingdom,United Kingdom,Part-Time,No,Yes,NA,"yes, becuase this helped in helping me select or adding attributes towards pitches that were aesthetically pleasing",I actually liked all the pitch thats were presented each soloving different issues. i can say the study was about understanding persepectives on different kinds of pitch.,I didnt notice anything out of the ordinary while going through,2584,1920,991
308,7,Ironhall,Foliant,Pulsegrid,Paperloom,Sentyl,Axonmesh,Servora,Curato,b5fef669,08321160,f5bfffe5,e20d4e90,bcd14e91,4fe27fae,574d1367,14efa601,Edge-AI Hardware,Enterprise Knowledge Retrieval,AI Observability,Document Automation,AI Security,Robotics Orchestration,AI Inference Infrastructure,AI Training Data,1,4,3,2,4,1,3,2,5,7,2,3,6,4,8,1,30,20,35,15,32,25,26,17,0,15,7,8,-7,86,62,71,20,85,83,37,29,5,4,6,2,6,6,4,3,150,66.4,52.4,122.5,41.4,55.7,49.6,43.8,150.026,66.458,52.391,122.476,41.623,55.605,49.652,43.931,4,14,14,14,14,14,14,14,TRUE,TRUE,TRUE,TRUE,TRUE,TRUE,TRUE,TRUE,0,84,98,28,FALSE,FALSE,FALSE,FALSE,FALSE,FALSE,FALSE,FALSE,26,Male,4,3.8181818181818183,6,"Stock Market, Venture Capital fund, Private Equity fund",Black,Canada,Nigeria,Full-Time,No,No,NA,NA,A very sensitive study,"The decks varied noticeably in visual polish and design quality, with some looking  more professionally designed than others, even though the instructions said the bonus is based on quality, not appearance.",2061,1366,641
309,8,Curato,Ironhall,Foliant,Pulsegrid,Paperloom,Sentyl,Axonmesh,Servora,6b81ec39,3e0eedc2,fa1fe22c,e7f29679,340b9ba1,90a19744,e6065b1a,e06655dc,AI Training Data,Edge-AI Hardware,Enterprise Knowledge Retrieval,AI Observability,Document Automation,AI Security,Robotics Orchestration,AI Inference Infrastructure,1,4,2,3,1,4,2,3,3,4,6,1,5,2,8,7,30,10,40,20,45,10,35,10,-10,20,5,30,-15,51,49,28,20,58,42,42,26,5,4,5,3,5,3,5,3,150,150.1,150,150.1,261.9,167.5,201.5,192.1,149.901,150.016,150.011,150.01,261.853,167.562,201.484,194.161,12,13,12,14,14,14,14,14,TRUE,TRUE,TRUE,TRUE,TRUE,TRUE,TRUE,TRUE,0,0,0,0,FALSE,FALSE,FALSE,FALSE,FALSE,FALSE,FALSE,FALSE,50,Female,6,3.1818181818181817,5,"Stock Market, Crowdfunding",White,United Kingdom,United Kingdom,Full-Time,No,Maybe,"I was very determined not to judge by the appearance of the decks and instead to go by the information provided as this was one of the specific instructions on the study.  However, I would say the more boring ones were more difficult to read and retain information on.  I don't think I chose on this basis though, it was more about the waiting lists, the patents and the founders.",NA,If it is possible to keep good attention levels when being given a lot of information and looking at several documents in one sitting.,"I found all of the style of them quite dull and uninspiring.  Although it was the content and information that was most important, the presentation of them made it more difficult to be enthusiastic about any of them.  There was 1 deck from both rounds (so 2 decks total) that were very grey and quite difficult to read.",2569,1280,551
311,8,Curato,Ironhall,Foliant,Pulsegrid,Paperloom,Sentyl,Axonmesh,Servora,6b81ec39,3e0eedc2,fa1fe22c,e7f29679,340b9ba1,90a19744,e6065b1a,e06655dc,AI Training Data,Edge-AI Hardware,Enterprise Knowledge Retrieval,AI Observability,Document Automation,AI Security,Robotics Orchestration,AI Inference Infrastructure,4,1,3,2,1,4,2,3,8,1,7,3,6,5,2,4,40,10,30,20,45,10,15,30,0,20,5,10,-5,64,77,38,51,87,71,28,67,5,5,3,4,6,5,3,4,110,106.5,73.4,73.7,86.8,106.8,103.9,112,110.311,108.792,92.774,76.17,80.599,106.754,107.664,111.796,14,14,13,11,14,14,14,14,TRUE,TRUE,TRUE,TRUE,TRUE,TRUE,TRUE,TRUE,40,42,58,74,FALSE,FALSE,FALSE,FALSE,FALSE,FALSE,FALSE,FALSE,27,Male,6,3.5454545454545454,3,"ETF or ETC, Stock Market, Options, Private Equity fund, Crowdfunding",White,United States,Panama,Full-Time,Maybe a little,Maybe,Some decks looked more professional than others.,NA,About the perceived quality of pitches by their presentation/actionable window speed. Especially for investment purposes.,"Some pitches had a darker and harder to read combination of colors, some pitches had weird typos and spelling issues. Some deliverable timelines were off in the dates as well.",1388,1870,995
313,1,Servora,Curato,Ironhall,Foliant,Pulsegrid,Paperloom,Sentyl,Axonmesh,737deb7d,37c0ca72,87b7dfe9,3eed90b1,dff2e369,84f4d358,0566fd88,c7e2221f,AI Inference Infrastructure,AI Training Data,Edge-AI Hardware,Enterprise Knowledge Retrieval,AI Observability,Document Automation,AI Security,Robotics Orchestration,2,4,3,1,3,2,4,1,8,4,3,5,7,2,1,6,50,30,10,10,10,35,45,10,30,10,-5,5,35,100,87,72,53,80,100,100,54,7,7,4,4,6,6,7,5,89.7,51.9,45.6,149.9,68.5,45.7,45.2,44.8,89.8,51.849,45.466,150.026,68.769,45.506,45.196,44.665,14,14,14,8,14,14,14,14,TRUE,TRUE,TRUE,TRUE,TRUE,TRUE,TRUE,TRUE,61,99,105,0,FALSE,FALSE,FALSE,FALSE,FALSE,FALSE,FALSE,FALSE,59,Male,5,4.7272727272727275,1,"ETF or ETC, Government Bonds, Stock Market, Crowdfunding",White,United States,United States,Full-Time,No,Yes,NA,The ones that I could read easily I gave more respect and more points to.,A comparison and contrast of different start-up pitches.,Some of them were hard to read with a light font on backgrounds.,1469,1536,729
314,8,Curato,Ironhall,Foliant,Pulsegrid,Paperloom,Sentyl,Axonmesh,Servora,6b81ec39,3e0eedc2,fa1fe22c,e7f29679,340b9ba1,90a19744,e6065b1a,e06655dc,AI Training Data,Edge-AI Hardware,Enterprise Knowledge Retrieval,AI Observability,Document Automation,AI Security,Robotics Orchestration,AI Inference Infrastructure,2,3,1,4,4,1,2,3,1,5,3,6,8,7,2,4,10,30,10,50,40,10,40,10,-10,-30,0,30,-10,63,77,42,42,100,100,49,42,5,7,4,5,7,7,4,4,149.9,150.1,150,150,135.6,92.6,103.4,90.7,149.907,150.032,150.025,150.025,135.776,92.715,103.636,90.705,14,14,11,13,14,14,14,14,TRUE,TRUE,TRUE,TRUE,TRUE,TRUE,TRUE,TRUE,0,0,0,0,FALSE,FALSE,FALSE,FALSE,FALSE,FALSE,FALSE,FALSE,35,Female,8,4.2727272727272725,1,"ETF or ETC, Government Bonds, Stock Market, Unit trusts, Options, Private Equity fund, Venture Capital fund, Crowdfunding",White,Brazil,Brazil,Full-Time,No,No,NA,NA,How the brain responds to a fair amount of technical information plus numbers x the layout of the slides x the product in question.,"Some were visually easier to read, others were harder. Some were more technical, others used a simpler language, etc.",1914,1536,961
315,6,Foliant,Pulsegrid,Paperloom,Sentyl,Axonmesh,Servora,Curato,Ironhall,46c0bf32,2055e10c,081e5fb5,bfc6f4d0,f36cc003,e55a120c,cbc833b1,817f1201,Enterprise Knowledge Retrieval,AI Observability,Document Automation,AI Security,Robotics Orchestration,AI Inference Infrastructure,AI Training Data,Edge-AI Hardware,1,3,2,4,4,1,3,2,2,7,4,8,1,5,3,6,25,25,25,25,25,25,25,25,0,0,0,0,0,17,68,21,22,81,57,28,16,3,4,3,3,5,4,3,3,119.4,60.8,46.6,37.4,24.1,33.1,35.6,28.5,119.29,60.613,46.312,37.447,23.711,33.006,35.608,28.405,14,14,14,14,14,14,14,14,TRUE,TRUE,TRUE,TRUE,TRUE,TRUE,TRUE,TRUE,31,90,104,113,FALSE,FALSE,FALSE,FALSE,FALSE,FALSE,FALSE,FALSE,58,Female,2,2.272727272727273,6,"Stock Market, Crowdfunding",White,United Kingdom,United Kingdom,Unemployed (and job seeking),No,No,NA,NA,Ability to assess start up information with limited data.,"They were similar in structure, but hard to read, small fonts.",797,1536,695
316,2,Axonmesh,Servora,Curato,Ironhall,Foliant,Pulsegrid,Paperloom,Sentyl,f36cc003,e55a120c,cbc833b1,817f1201,46c0bf32,2055e10c,081e5fb5,bfc6f4d0,Robotics Orchestration,AI Inference Infrastructure,AI Training Data,Edge-AI Hardware,Enterprise Knowledge Retrieval,AI Observability,Document Automation,AI Security,3,2,1,4,2,4,3,1,2,3,7,8,6,1,4,5,25,35,20,20,20,40,30,10,10,-5,10,0,0,51,51,52,51,51,51,51,51,4,4,4,4,4,4,4,4,147.5,150.1,150.2,15.2,4.7,4.9,161.4,7.6,147.392,150.012,149.993,15.201,4.683,4.883,161.374,7.49,1,4,1,1,1,2,1,1,TRUE,TRUE,TRUE,TRUE,TRUE,TRUE,TRUE,TRUE,3,0,0,135,FALSE,FALSE,FALSE,FALSE,FALSE,FALSE,FALSE,FALSE,39,Male,8,4,3,"Government Bonds, Stock Market, Private Equity fund, Crowdfunding",Black,United States,United States,Full-Time,Maybe a little,Yes,NA,NA,"Review multiple pitch decks under different conditions

Allocate scarce “attention tokens” or “investment capital”

Make judgments that could earn a bonus based on deck quality

Report your fatigue and perceptions afterward","The time‑limited viewing in Task 1 — having only 150 seconds per deck and not being able to go back is not how investors normally review pitch materials. That constraint seemed intentional to study attention under pressure.

The decks themselves felt somewhat standardized — similar length, similar structure, and similar levels of polish. It seemed like they were designed or curated for research rather than being real, messy, varied founder decks.

The forced allocation mechanic — distributing exactly 100 tokens or capital across the startups is not typical in real investing, so that stood out as part of the experimental design.",2524,1034,722
317,4,Paperloom,Sentyl,Axonmesh,Servora,Curato,Ironhall,Foliant,Pulsegrid,340b9ba1,90a19744,e6065b1a,e06655dc,6b81ec39,3e0eedc2,fa1fe22c,e7f29679,Document Automation,AI Security,Robotics Orchestration,AI Inference Infrastructure,AI Training Data,Edge-AI Hardware,Enterprise Knowledge Retrieval,AI Observability,3,1,2,4,4,1,3,2,7,5,3,8,2,4,1,6,50,10,40,0,45,0,55,0,10,40,-5,50,15,77,54,66,32,60,33,66,66,5,3,5,3,5,3,6,3,107.3,149.9,140.7,87.3,116.5,97.2,99.8,88.4,107.234,149.907,140.723,87.326,116.483,97.345,99.803,88.247,14,14,14,14,14,14,14,14,TRUE,TRUE,TRUE,TRUE,TRUE,TRUE,TRUE,TRUE,43,0,10,63,FALSE,FALSE,FALSE,FALSE,FALSE,FALSE,FALSE,FALSE,50,Male,10,3.8181818181818183,5,"ETF or ETC, Stock Market, Private Equity fund, Crowdfunding",White,United Kingdom,United Kingdom,Full-Time,No,No,NA,NA,Identifying and rating pitches based on a set format,"They looked very similar, same information in the same layout. Several used the same design.",1260,1920,945
318,5,Pulsegrid,Paperloom,Sentyl,Axonmesh,Servora,Curato,Ironhall,Foliant,dff2e369,84f4d358,0566fd88,c7e2221f,737deb7d,37c0ca72,87b7dfe9,3eed90b1,AI Observability,Document Automation,AI Security,Robotics Orchestration,AI Inference Infrastructure,AI Training Data,Edge-AI Hardware,Enterprise Knowledge Retrieval,3,2,1,4,3,4,1,2,5,1,7,2,6,4,8,3,20,10,50,20,30,10,40,20,-20,20,-10,20,-10,48,85,33,38,51,67,44,50,4,3,5,4,4,2,4,4,44.4,23,72.6,28.4,37.7,9.1,35.8,41.9,44.62,23.002,72.794,28.529,37.576,8.806,35.752,41.959,14,14,14,14,14,14,14,14,TRUE,TRUE,TRUE,TRUE,TRUE,TRUE,TRUE,TRUE,106,128,78,122,FALSE,FALSE,FALSE,FALSE,FALSE,FALSE,FALSE,FALSE,38,Female,0,3.3636363636363638,4,"Stock Market, Crowdfunding, ETF or ETC",White,United States,United States,Full-Time,Maybe a little,Maybe,I thought the harder to read ones might be better/a survey condition,NA,Which startups people would prefer.,Some were hard to read.,785,1528,740
319,6,Foliant,Pulsegrid,Paperloom,Sentyl,Axonmesh,Servora,Curato,Ironhall,46c0bf32,2055e10c,081e5fb5,bfc6f4d0,f36cc003,e55a120c,cbc833b1,817f1201,Enterprise Knowledge Retrieval,AI Observability,Document Automation,AI Security,Robotics Orchestration,AI Inference Infrastructure,AI Training Data,Edge-AI Hardware,4,2,3,1,3,2,4,1,3,8,6,4,1,7,5,2,60,10,10,20,40,15,30,15,20,20,5,20,15,75,38,74,63,57,28,90,18,6,4,5,5,4,5,3,3,95.7,128.5,120.6,150,104.6,151.7,78.4,176.6,95.65,128.466,120.568,150.021,104.754,151.642,78.348,176.579,14,14,14,5,14,14,14,14,TRUE,TRUE,TRUE,TRUE,TRUE,TRUE,TRUE,TRUE,55,22,30,0,FALSE,FALSE,FALSE,FALSE,FALSE,FALSE,FALSE,FALSE,29,Female,2,4.454545454545454,5,"ETF or ETC, Stock Market, Government Bonds, Private Equity fund",Black,United States,NA,Unemployed (and job seeking),No,Yes,NA,NA,The study simulates how investors without much time evaluate startups and decide on funding,Yes some had vibrant colours while some were just plain and gray but they generally followed the same structyre,1880,1366,633
320,2,Axonmesh,Servora,Curato,Ironhall,Foliant,Pulsegrid,Paperloom,Sentyl,f36cc003,e55a120c,cbc833b1,817f1201,46c0bf32,2055e10c,081e5fb5,bfc6f4d0,Robotics Orchestration,AI Inference Infrastructure,AI Training Data,Edge-AI Hardware,Enterprise Knowledge Retrieval,AI Observability,Document Automation,AI Security,4,1,2,3,4,2,1,3,7,2,4,5,1,8,6,3,10,30,20,40,25,25,20,30,-10,-20,0,-5,-10,94,91,79,78,88,80,74,60,7,7,6,6,6,6,6,5,150.1,150.1,150,150,93,70,122.1,73,150.027,150.027,150.043,150.027,92.881,70.035,122.1,72.874,14,14,14,14,14,14,14,14,TRUE,TRUE,TRUE,TRUE,TRUE,TRUE,TRUE,TRUE,0,0,0,0,FALSE,FALSE,FALSE,FALSE,FALSE,FALSE,FALSE,FALSE,27,Female,2,5,1,"Stock Market, Private Equity fund, Crowdfunding, Venture Capital fund",Black,United Kingdom,United Kingdom,Full-Time,No,No,NA,NA,The study is about knowing the best business to invest in.,Nothing unusual,2237,1912,948
321,5,Pulsegrid,Paperloom,Sentyl,Axonmesh,Servora,Curato,Ironhall,Foliant,dff2e369,84f4d358,0566fd88,c7e2221f,737deb7d,37c0ca72,87b7dfe9,3eed90b1,AI Observability,Document Automation,AI Security,Robotics Orchestration,AI Inference Infrastructure,AI Training Data,Edge-AI Hardware,Enterprise Knowledge Retrieval,3,1,2,4,4,2,3,1,3,2,4,6,8,7,1,5,20,25,30,25,25,25,25,25,-5,0,0,0,-5,48,78,83,71,85,83,55,36,6,6,6,5,6,6,6,5,133.3,149.9,139.4,103.4,82.6,91.7,91.4,84.8,133.33,150.023,139.582,103.543,82.688,91.734,91.373,84.874,14,14,14,14,14,14,14,14,TRUE,TRUE,TRUE,TRUE,TRUE,TRUE,TRUE,TRUE,17,0,11,47,FALSE,FALSE,FALSE,FALSE,FALSE,FALSE,FALSE,FALSE,26,Male,2,4,6,"Stock Market, Options, Crowdfunding",Black,Canada,Nigeria,Due to start a new job within the next month,No,No,NA,NA,Evaluating pitch decks,They followed the same template pattern to some extent,1402,1536,751
323,7,Ironhall,Foliant,Pulsegrid,Paperloom,Sentyl,Axonmesh,Servora,Curato,b5fef669,08321160,f5bfffe5,e20d4e90,bcd14e91,4fe27fae,574d1367,14efa601,Edge-AI Hardware,Enterprise Knowledge Retrieval,AI Observability,Document Automation,AI Security,Robotics Orchestration,AI Inference Infrastructure,AI Training Data,2,3,4,1,4,3,2,1,3,1,4,7,2,6,8,5,20,10,30,40,30,15,35,20,-20,0,-5,15,-15,23,16,14,14,17,20,34,28,7,5,7,6,6,5,7,6,150,150.1,150,150,110.6,228.8,184.8,358.4,150.014,150.023,150.014,149.904,112.977,228.816,184.634,358.245,10,6,6,6,14,14,14,14,TRUE,TRUE,TRUE,TRUE,TRUE,TRUE,TRUE,TRUE,0,0,0,0,FALSE,FALSE,FALSE,FALSE,FALSE,FALSE,FALSE,FALSE,22,Male,1,4.2727272727272725,3,"Stock Market, Private Equity fund",Mixed,United States,United States,Other,No,No,NA,NA,I think it was about evaluating startup pitch decks and how people make investment decisions.,Just that the decks followed a similar structure and design like they were designed by the same people.,2297,1536,730
325,4,Paperloom,Sentyl,Axonmesh,Servora,Curato,Ironhall,Foliant,Pulsegrid,340b9ba1,90a19744,e6065b1a,e06655dc,6b81ec39,3e0eedc2,fa1fe22c,e7f29679,Document Automation,AI Security,Robotics Orchestration,AI Inference Infrastructure,AI Training Data,Edge-AI Hardware,Enterprise Knowledge Retrieval,AI Observability,1,3,4,2,2,1,3,4,1,6,7,3,2,4,5,8,10,35,40,15,50,10,35,5,-5,0,10,35,-15,76,75,56,60,81,72,75,27,3,5,2,2,6,3,6,1,150,149.9,150.1,150.2,102.9,129,82.7,69.4,150.022,150.02,150.01,150.01,102.924,138.794,82.696,69.563,14,14,14,14,14,14,14,14,TRUE,TRUE,TRUE,TRUE,TRUE,TRUE,TRUE,TRUE,0,0,0,0,FALSE,FALSE,FALSE,FALSE,FALSE,FALSE,FALSE,FALSE,41,Male,2,3.5454545454545454,4,"ETF or ETC, Stock Market, Crowdfunding",White,Germany,Germany,Full-Time,Yes,Maybe,i tried to focus on the numbers but brighter colors made me feel more comfortable with the pitch,NA,How different colors and designs affect the support of a pitch,some were greyed out,1640,1734,1052
327,8,Curato,Ironhall,Foliant,Pulsegrid,Paperloom,Sentyl,Axonmesh,Servora,6b81ec39,3e0eedc2,fa1fe22c,e7f29679,340b9ba1,90a19744,e6065b1a,e06655dc,AI Training Data,Edge-AI Hardware,Enterprise Knowledge Retrieval,AI Observability,Document Automation,AI Security,Robotics Orchestration,AI Inference Infrastructure,1,3,4,2,4,3,2,1,1,3,5,4,8,6,7,2,25,25,25,25,25,25,25,25,0,0,0,0,0,0,1,0,0,100,100,0,0,7,7,7,7,7,1,7,7,150.1,41.2,102.7,52.2,26.9,29.5,31.7,51.5,149.915,41.375,102.404,52.156,26.846,29.378,31.72,51.519,14,14,14,14,14,14,14,14,TRUE,TRUE,TRUE,TRUE,TRUE,TRUE,TRUE,TRUE,0,109,48,98,FALSE,FALSE,FALSE,FALSE,FALSE,FALSE,FALSE,FALSE,29,Male,5,5,7,"Stock Market, Venture Capital fund, ETF or ETC",Black,United States,United States,Full-Time,Yes,No,NA,NA,To understand how human evaluate AI and what type of AI will the be willing to invest in.,"Yes, some where numbered while others where  not.",1360,1366,607
329,7,Ironhall,Foliant,Pulsegrid,Paperloom,Sentyl,Axonmesh,Servora,Curato,b5fef669,08321160,f5bfffe5,e20d4e90,bcd14e91,4fe27fae,574d1367,14efa601,Edge-AI Hardware,Enterprise Knowledge Retrieval,AI Observability,Document Automation,AI Security,Robotics Orchestration,AI Inference Infrastructure,AI Training Data,2,4,1,3,3,1,2,4,7,4,3,6,8,5,1,2,30,40,20,10,10,30,40,20,20,0,-10,0,30,72,65,57,39,78,74,40,23,6,5,4,3,6,5,4,4,91,52.5,17.3,75.4,4.3,8.2,4.2,3.7,117.609,52.468,17.352,75.554,4.272,8.196,4.149,3.736,14,5,4,14,7,1,2,7,TRUE,TRUE,TRUE,TRUE,TRUE,TRUE,TRUE,TRUE,33,98,133,75,FALSE,FALSE,FALSE,FALSE,FALSE,FALSE,FALSE,FALSE,30,Female,4,4.363636363636363,5,"ETF or ETC, Government Bonds, Stock Market, Private Equity fund, Crowdfunding, Venture Capital fund",Asian,United States,Taiwan,Full-Time,No,No,NA,NA,evaluating start ups and investing appropriately,no,1052,1440,686
330,5,Pulsegrid,Paperloom,Sentyl,Axonmesh,Servora,Curato,Ironhall,Foliant,dff2e369,84f4d358,0566fd88,c7e2221f,737deb7d,37c0ca72,87b7dfe9,3eed90b1,AI Observability,Document Automation,AI Security,Robotics Orchestration,AI Inference Infrastructure,AI Training Data,Edge-AI Hardware,Enterprise Knowledge Retrieval,4,2,3,1,2,1,4,3,8,2,5,4,7,3,1,6,25,25,25,25,25,25,25,25,0,0,0,0,0,100,73,93,53,55,81,69,72,7,5,7,4,5,6,5,6,47.7,63.9,42,84.1,135.5,118.3,273.6,174.6,56.436,63.984,42.046,84.043,135.313,118.259,273.711,174.307,14,14,14,14,14,14,14,14,TRUE,TRUE,TRUE,TRUE,TRUE,TRUE,TRUE,TRUE,94,87,108,66,FALSE,FALSE,FALSE,FALSE,FALSE,FALSE,FALSE,FALSE,33,Female,5,4.454545454545454,5,"ETF or ETC, Stock Market, Venture Capital fund, Unit trusts, Government Bonds",Black,United States,United States,Part-Time,No,No,NA,NA,This study evaluated various startup pitch decks to analyze how investment capital or attention tokens are allocated across different B2B software and teck companies.,No. everything appeared normal and good,2675,1366,633
331,8,Curato,Ironhall,Foliant,Pulsegrid,Paperloom,Sentyl,Axonmesh,Servora,6b81ec39,3e0eedc2,fa1fe22c,e7f29679,340b9ba1,90a19744,e6065b1a,e06655dc,AI Training Data,Edge-AI Hardware,Enterprise Knowledge Retrieval,AI Observability,Document Automation,AI Security,Robotics Orchestration,AI Inference Infrastructure,2,1,3,4,3,1,2,4,1,8,7,5,2,6,4,3,30,10,60,0,60,20,20,0,-10,40,30,30,-40,90,94,90,64,96,83,79,69,6,5,7,4,7,6,5,4,136.8,150.1,129,83.6,166.3,140.2,128.4,61.4,136.847,150.025,129.068,83.661,166.163,140.232,128.3,61.528,14,14,14,14,14,14,14,14,TRUE,TRUE,TRUE,TRUE,TRUE,TRUE,TRUE,TRUE,14,0,21,67,FALSE,FALSE,FALSE,FALSE,FALSE,FALSE,FALSE,FALSE,51,Male,15,4.2727272727272725,2,"ETF or ETC, Government Bonds, Stock Market, Crowdfunding",White,United States,United States,Full-Time,No,No,NA,NA,"i think it was about ugly pitch decks for ones that were actually readable , and if that made any difference . Since you always had a man and woman as cofounders it was not about the people , maybe it was actually about the actual quality of the markets and options being presented ? but likely i think it is just about ugly versus clean","2 were very easy to read per set and 2 were very dark and hard to read in each set , you also made sure to have a man and woman as cofounders.",1752,1920,911
332,1,Servora,Curato,Ironhall,Foliant,Pulsegrid,Paperloom,Sentyl,Axonmesh,737deb7d,37c0ca72,87b7dfe9,3eed90b1,dff2e369,84f4d358,0566fd88,c7e2221f,AI Inference Infrastructure,AI Training Data,Edge-AI Hardware,Enterprise Knowledge Retrieval,AI Observability,Document Automation,AI Security,Robotics Orchestration,4,2,1,3,4,2,3,1,3,1,8,5,2,4,7,6,50,5,30,15,50,0,50,0,5,30,0,50,5,49,64,20,26,63,69,57,62,4,2,5,2,6,1,6,3,136.5,150,150,150.1,191.2,171.5,205.7,200.5,136.651,149.901,149.9,149.9,191.166,171.739,205.725,200.685,14,14,5,12,14,14,14,14,TRUE,TRUE,TRUE,TRUE,TRUE,TRUE,TRUE,TRUE,14,0,0,0,FALSE,FALSE,FALSE,FALSE,FALSE,FALSE,FALSE,FALSE,52,Male,2,3,5,"ETF or ETC, Private Equity fund, Crowdfunding",White,United Kingdom,United Kingdom,Full-Time,No,No,NA,NA,Evaluating accuracy and efficiency of assessing pitches with and without time constraints,Some were opaque and harder to read,1981,1536,743
333,6,Foliant,Pulsegrid,Paperloom,Sentyl,Axonmesh,Servora,Curato,Ironhall,46c0bf32,2055e10c,081e5fb5,bfc6f4d0,f36cc003,e55a120c,cbc833b1,817f1201,Enterprise Knowledge Retrieval,AI Observability,Document Automation,AI Security,Robotics Orchestration,AI Inference Infrastructure,AI Training Data,Edge-AI Hardware,4,3,2,1,1,4,2,3,1,2,3,5,4,8,6,7,45,10,35,10,45,25,20,10,5,30,20,15,-15,72,33,67,22,15,36,41,26,5,4,6,5,6,6,5,4,144.7,135.9,139.2,145.3,92.9,78.6,88.2,48.4,150.02,150.011,150.014,150.017,96.261,80.513,88.259,66.589,14,13,11,14,14,14,14,14,TRUE,TRUE,TRUE,TRUE,TRUE,TRUE,TRUE,TRUE,0,0,0,0,FALSE,FALSE,FALSE,FALSE,FALSE,FALSE,FALSE,FALSE,37,Male,0,3.5454545454545454,6,"ETF or ETC, Stock Market, Options, Crowdfunding",White,Germany,Germany,Full-Time,Maybe a little,Maybe,Some where more asthetically pleasing while some where really hard to read due to their color scheming.,NA,Wether the position of a pitch (first/last/mid) influences how much attention / how many tokens it gets.,Very pitch seemed to have a male and a female rep.,1540,1718,1270
335,7,Ironhall,Foliant,Pulsegrid,Paperloom,Sentyl,Axonmesh,Servora,Curato,b5fef669,08321160,f5bfffe5,e20d4e90,bcd14e91,4fe27fae,574d1367,14efa601,Edge-AI Hardware,Enterprise Knowledge Retrieval,AI Observability,Document Automation,AI Security,Robotics Orchestration,AI Inference Infrastructure,AI Training Data,4,2,1,3,3,4,1,2,2,4,1,6,8,7,5,3,30,30,20,20,40,20,25,15,10,0,10,15,0,71,67,15,31,77,74,43,32,6,6,4,3,6,2,5,3,149.9,150,78.9,150.1,132,131.9,117.9,99.5,150.033,149.9,78.946,150.02,131.948,131.751,117.864,99.676,12,10,14,13,14,14,14,14,TRUE,TRUE,TRUE,TRUE,TRUE,TRUE,TRUE,TRUE,0,0,72,0,FALSE,FALSE,FALSE,FALSE,FALSE,FALSE,FALSE,FALSE,67,Female,0,3.5454545454545454,5,"Crowdfunding, Government Bonds, Stock Market",White,Canada,Canada,"Not in paid work (e.g. homemaker', 'retired or disabled)",No,Maybe,"of course, visuals tend to influence decisions, the colour decks made the information a bit easier to digest, and the black and white/monochrome decks were more likely to be glossed over since very little stood out",NA,"not sure, the decks were split between b/w and colour (2 each), and the stats were boring and tech-biased.",two were black and white (monochrome) and two were in colour,1749,1920,911
339,4,Paperloom,Sentyl,Axonmesh,Servora,Curato,Ironhall,Foliant,Pulsegrid,340b9ba1,90a19744,e6065b1a,e06655dc,6b81ec39,3e0eedc2,fa1fe22c,e7f29679,Document Automation,AI Security,Robotics Orchestration,AI Inference Infrastructure,AI Training Data,Edge-AI Hardware,Enterprise Knowledge Retrieval,AI Observability,1,4,2,3,1,3,4,2,8,4,1,7,6,3,2,5,40,10,50,0,50,0,50,0,0,40,0,50,0,98,76,5,12,91,97,8,19,4,4,5,3,5,4,6,4,133.4,150,150.2,138.2,112.8,112.2,105,105.5,133.299,150.024,150.021,138.252,112.626,112.104,105.052,105.454,14,14,12,14,14,14,14,14,TRUE,TRUE,TRUE,TRUE,TRUE,TRUE,TRUE,TRUE,17,0,0,12,FALSE,FALSE,FALSE,FALSE,FALSE,FALSE,FALSE,FALSE,58,Female,0,1.7272727272727273,7,"Angel syndicate, Don't know/Rather not say",White,United States,United States,Full-Time,No,Yes,NA,"I tried to read all of the information, but some of it was really hard to get through visually.","I don't know.
I found some of the decks very hard to read, with gray font on lighter gray backgrounds.
I also didn't understand all of the industries I was reading about.",Some had better graphics and organization than others.,1506,1280,665
340,1,Servora,Curato,Ironhall,Foliant,Pulsegrid,Paperloom,Sentyl,Axonmesh,737deb7d,37c0ca72,87b7dfe9,3eed90b1,dff2e369,84f4d358,0566fd88,c7e2221f,AI Inference Infrastructure,AI Training Data,Edge-AI Hardware,Enterprise Knowledge Retrieval,AI Observability,Document Automation,AI Security,Robotics Orchestration,1,2,4,3,3,4,1,2,2,8,7,1,6,3,4,5,30,20,30,20,35,20,20,25,0,10,5,5,-5,77,78,39,29,99,66,18,32,5,6,3,3,7,5,3,3,32.4,21.1,9.9,16.2,5.3,6.8,12.6,6.2,32.459,21.071,9.701,16.155,5.285,6.872,12.538,6.245,14,14,14,14,14,14,14,14,TRUE,TRUE,TRUE,TRUE,TRUE,TRUE,TRUE,TRUE,118,129,141,134,FALSE,FALSE,FALSE,FALSE,FALSE,FALSE,FALSE,FALSE,36,Male,4,3.1818181818181817,1,"ETF or ETC, Government Bonds, Stock Market, Private Equity fund",White,United Kingdom,United Kingdom,Full-Time,No,Yes,NA,"Certainly, the decks that were brighter and easier to read received more points.",I think the study was about how we think and act when under pressure.,Nothing stood out.,390,1280,585
341,3,Sentyl,Axonmesh,Servora,Curato,Ironhall,Foliant,Pulsegrid,Paperloom,bcd14e91,4fe27fae,574d1367,14efa601,b5fef669,08321160,f5bfffe5,e20d4e90,AI Security,Robotics Orchestration,AI Inference Infrastructure,AI Training Data,Edge-AI Hardware,Enterprise Knowledge Retrieval,AI Observability,Document Automation,1,4,2,3,4,3,1,2,4,6,8,2,3,1,7,5,75,25,0,0,50,50,0,0,50,25,50,0,0,97,68,20,72,36,75,50,53,7,6,5,5,5,6,4,4,107.5,149.9,150,138,188.2,69.7,196.6,244.8,107.337,150.014,150.013,137.969,188.083,69.554,196.568,244.641,14,14,14,14,14,14,14,14,TRUE,TRUE,TRUE,TRUE,TRUE,TRUE,TRUE,TRUE,43,0,0,13,FALSE,FALSE,FALSE,FALSE,FALSE,FALSE,FALSE,FALSE,30,Male,0,3.5454545454545454,5,"ETF or ETC, Stock Market, Options, Crowdfunding",White,United States,United States,Full-Time,No,No,NA,NA,"I'm thinking it measured a couple of things. I think showing pictures of the two cofounders in each one was measuring race and gender bias, and measuring if the amount of money that was already raised affected our judgement of the idea.",They were all clearly AI generated.,1726,1710,949
342,4,Paperloom,Sentyl,Axonmesh,Servora,Curato,Ironhall,Foliant,Pulsegrid,340b9ba1,90a19744,e6065b1a,e06655dc,6b81ec39,3e0eedc2,fa1fe22c,e7f29679,Document Automation,AI Security,Robotics Orchestration,AI Inference Infrastructure,AI Training Data,Edge-AI Hardware,Enterprise Knowledge Retrieval,AI Observability,1,3,4,2,3,1,2,4,6,7,5,3,8,1,4,2,40,0,60,0,50,0,50,0,-10,50,0,50,-10,90,79,36,58,89,86,49,57,6,5,6,4,6,5,6,5,150.2,21,112.2,140.6,117.8,126.2,124.6,100.2,150.017,20.976,112.205,150.013,117.789,138.452,124.367,100.258,13,1,14,14,14,14,14,14,TRUE,TRUE,TRUE,TRUE,TRUE,TRUE,TRUE,TRUE,0,130,38,0,FALSE,FALSE,FALSE,FALSE,FALSE,FALSE,FALSE,FALSE,41,Male,0,2.6363636363636362,5,"ETF or ETC, Stock Market, Crowdfunding",White,Germany,Germany,Full-Time,No,Maybe,"It was harder for me to read and maybe because of that, I have subconsciously decided to invest less tokens in it",NA,How graphics and colourscheme can change ones opinion on a pitch.,"Some of them were nicely presented, the others only in grey and harder to read",1653,3440,1271
344,5,Pulsegrid,Paperloom,Sentyl,Axonmesh,Servora,Curato,Ironhall,Foliant,dff2e369,84f4d358,0566fd88,c7e2221f,737deb7d,37c0ca72,87b7dfe9,3eed90b1,AI Observability,Document Automation,AI Security,Robotics Orchestration,AI Inference Infrastructure,AI Training Data,Edge-AI Hardware,Enterprise Knowledge Retrieval,1,3,2,4,1,2,4,3,3,4,1,5,8,6,7,2,15,30,30,25,10,20,30,40,-5,-5,-20,-10,15,74,55,23,11,61,39,11,5,7,5,5,3,5,5,3,6,149.6,97.7,113.4,95.2,79.7,89.2,100.9,123.7,149.601,97.723,113.317,95.047,79.683,89.076,100.808,123.732,13,14,14,14,14,14,14,14,TRUE,TRUE,TRUE,TRUE,TRUE,TRUE,TRUE,TRUE,1,53,37,55,FALSE,FALSE,FALSE,FALSE,FALSE,FALSE,FALSE,FALSE,26,Male,2,4,2,"Government Bonds, Stock Market, Unit trusts, Crowdfunding",White,United Kingdom,United Kingdom,Full-Time,No,Maybe,"It's less attractive to see something thats fully grey on the screen, it's hard to keep your attention when nothing is popping out at you",NA,To judge how a common person would view how successful they believe these company's can be,They were all very similar in terms of layout. A lot lacked colour,1441,1912,948
345,2,Axonmesh,Servora,Curato,Ironhall,Foliant,Pulsegrid,Paperloom,Sentyl,f36cc003,e55a120c,cbc833b1,817f1201,46c0bf32,2055e10c,081e5fb5,bfc6f4d0,Robotics Orchestration,AI Inference Infrastructure,AI Training Data,Edge-AI Hardware,Enterprise Knowledge Retrieval,AI Observability,Document Automation,AI Security,2,1,4,3,2,1,3,4,4,7,1,3,8,6,5,2,45,0,40,15,40,5,40,15,-5,35,-5,30,0,100,89,17,37,65,100,20,100,7,2,6,5,6,2,6,2,132,150,142.3,145.3,129.9,154.9,107.8,106.5,132.093,150.017,142.284,145.331,130.057,154.88,107.502,106.56,12,14,14,14,14,14,14,14,TRUE,TRUE,TRUE,TRUE,TRUE,TRUE,TRUE,TRUE,18,0,8,5,FALSE,FALSE,FALSE,FALSE,FALSE,FALSE,FALSE,FALSE,38,Female,3,3.3636363636363638,4,"Government Bonds, Stock Market, Private Equity fund, Crowdfunding, Venture Capital fund",White,United Kingdom,United Kingdom,Full-Time,Maybe a little,Maybe,"Maybe the ones which were easier to read I spent more time on. Foliant, for instance, was easier on the eye. The ones with the greyer tone I found more difficult to remain focused on.",NA,To understand how people cope with and make decisions based on quick review over lots of information over a short period of time and our ability to rationalise our thoughts on them,Some were harder to read - the ones which were slightly greyed out. But they all followed roughly the same order ie information on the people was typically on slide 12.,1732,1272,588
346,8,Curato,Ironhall,Foliant,Pulsegrid,Paperloom,Sentyl,Axonmesh,Servora,6b81ec39,3e0eedc2,fa1fe22c,e7f29679,340b9ba1,90a19744,e6065b1a,e06655dc,AI Training Data,Edge-AI Hardware,Enterprise Knowledge Retrieval,AI Observability,Document Automation,AI Security,Robotics Orchestration,AI Inference Infrastructure,4,1,2,3,4,3,2,1,8,4,3,7,6,2,1,5,20,30,35,15,15,35,30,20,0,5,0,-5,0,72,37,83,51,40,66,69,64,6,4,5,4,4,5,4,5,150,150,150,150,90.8,69,140.6,526.9,150.018,150.01,150.016,150.014,90.804,68.994,142.15,526.767,14,14,14,14,14,14,14,14,TRUE,TRUE,TRUE,TRUE,TRUE,TRUE,TRUE,TRUE,0,0,0,0,FALSE,FALSE,FALSE,FALSE,FALSE,FALSE,FALSE,FALSE,33,Male,5,3.5454545454545454,6,Private Equity fund,Black,United Kingdom,Kenya,Part-Time,No,Yes,NA,Some looked very appealing to the eye that made me want to read more.,It was about evaluating startup pitch decks,I did not notice any unusual thing about the pitch decks.,2998,1536,730
347,4,Paperloom,Sentyl,Axonmesh,Servora,Curato,Ironhall,Foliant,Pulsegrid,340b9ba1,90a19744,e6065b1a,e06655dc,6b81ec39,3e0eedc2,fa1fe22c,e7f29679,Document Automation,AI Security,Robotics Orchestration,AI Inference Infrastructure,AI Training Data,Edge-AI Hardware,Enterprise Knowledge Retrieval,AI Observability,1,2,3,4,3,1,4,2,8,6,5,7,4,3,2,1,30,10,50,10,40,10,40,10,-10,30,0,30,-10,30,36,66,24,84,30,77,34,6,3,7,3,7,2,7,3,130.8,108.7,105.4,87.4,51.3,80.2,68.5,65.8,130.896,108.5,105.464,87.101,51.102,80.09,68.483,65.7,14,14,14,14,14,14,14,14,TRUE,TRUE,TRUE,TRUE,TRUE,TRUE,TRUE,TRUE,20,42,45,63,FALSE,FALSE,FALSE,FALSE,FALSE,FALSE,FALSE,FALSE,44,Male,2,4.2727272727272725,3,"ETF or ETC, Stock Market, Crowdfunding",White,United States,United States,Unemployed (and job seeking),No,No,NA,NA,Finding the best start up,All good,1186,1920,945
348,1,Servora,Curato,Ironhall,Foliant,Pulsegrid,Paperloom,Sentyl,Axonmesh,737deb7d,37c0ca72,87b7dfe9,3eed90b1,dff2e369,84f4d358,0566fd88,c7e2221f,AI Inference Infrastructure,AI Training Data,Edge-AI Hardware,Enterprise Knowledge Retrieval,AI Observability,Document Automation,AI Security,Robotics Orchestration,3,2,4,1,3,4,1,2,7,3,4,5,2,6,8,1,50,5,30,15,49,1,49,1,5,30,0,48,5,83,90,43,56,77,95,59,76,7,4,5,2,7,1,7,1,137.9,145.9,144.6,144.5,116.7,104.2,179.5,140.7,150.019,150.023,150.026,150.017,153.613,141.712,244.191,288.981,14,14,14,14,14,14,14,14,TRUE,TRUE,TRUE,TRUE,TRUE,TRUE,TRUE,TRUE,0,0,0,0,FALSE,FALSE,FALSE,FALSE,FALSE,FALSE,FALSE,FALSE,25,Male,1,3.727272727272727,5,"Government Bonds, ETF or ETC, Stock Market, Options, Crowdfunding",Asian,India,India,Unemployed (and job seeking),Maybe a little,No,NA,NA,"This study was about how common people evaluate startup pitches from their decks and the info they provide on those decks, and what decisions we make using all the info that is given to us on these decks","They didn't look like real decks because many of those startups had the same founders, and some of the pitches were very visually unappealing and dull looking",2663,1536,730
349,3,Sentyl,Axonmesh,Servora,Curato,Ironhall,Foliant,Pulsegrid,Paperloom,bcd14e91,4fe27fae,574d1367,14efa601,b5fef669,08321160,f5bfffe5,e20d4e90,AI Security,Robotics Orchestration,AI Inference Infrastructure,AI Training Data,Edge-AI Hardware,Enterprise Knowledge Retrieval,AI Observability,Document Automation,2,1,4,3,3,2,4,1,4,5,1,7,2,6,8,3,30,20,20,30,30,20,30,20,0,0,0,10,0,82,51,65,49,78,79,58,57,6,4,5,4,6,6,5,5,114.2,150,65.9,82.1,152.8,169.4,74.4,155.2,114.136,150.037,65.995,82.122,152.781,169.633,74.375,148.566,14,14,14,14,14,14,14,14,TRUE,TRUE,TRUE,TRUE,TRUE,TRUE,TRUE,TRUE,36,0,85,68,FALSE,FALSE,FALSE,FALSE,FALSE,FALSE,FALSE,FALSE,25,Male,1,4.181818181818182,4,"Stock Market, Crowdfunding",Black,United States,United States,Full-Time,No,Yes,NA,it did. it helped me in understanding our some were unique than others in terms of design,"This study is all about AI,the features . and its improvements",i didn't notice anything unusual,2601,1366,633
350,2,Axonmesh,Servora,Curato,Ironhall,Foliant,Pulsegrid,Paperloom,Sentyl,f36cc003,e55a120c,cbc833b1,817f1201,46c0bf32,2055e10c,081e5fb5,bfc6f4d0,Robotics Orchestration,AI Inference Infrastructure,AI Training Data,Edge-AI Hardware,Enterprise Knowledge Retrieval,AI Observability,Document Automation,AI Security,3,4,1,2,2,4,3,1,2,1,7,6,5,8,4,3,50,10,10,30,40,30,20,10,10,10,20,10,-10,93,22,1,31,98,100,94,88,7,3,1,3,7,6,4,3,150,149.9,150.1,150,153.5,148.3,105.7,126.5,150.013,149.901,150.011,149.901,153.492,148.19,105.561,126.433,14,14,14,14,14,14,14,14,TRUE,TRUE,TRUE,TRUE,TRUE,TRUE,TRUE,TRUE,0,0,0,0,FALSE,FALSE,FALSE,FALSE,FALSE,FALSE,FALSE,FALSE,60,Male,31,4.636363636363637,3,"Stock Market, ETF or ETC, Venture Capital fund",White,Canada,Canada,Full-Time,Maybe a little,Maybe,Some were a little hard to analyze because of their appearance.,NA,Analyzing new companies to possibly make an investment in based on their current metrics and performance data.,They were a bit unorganized.,2179,1110,565
351,4,Paperloom,Sentyl,Axonmesh,Servora,Curato,Ironhall,Foliant,Pulsegrid,340b9ba1,90a19744,e6065b1a,e06655dc,6b81ec39,3e0eedc2,fa1fe22c,e7f29679,Document Automation,AI Security,Robotics Orchestration,AI Inference Infrastructure,AI Training Data,Edge-AI Hardware,Enterprise Knowledge Retrieval,AI Observability,1,3,4,2,4,2,3,1,6,1,4,2,7,8,5,3,0,0,50,50,0,50,50,0,-50,0,0,0,-50,51,50,51,51,51,51,51,51,5,5,4,5,5,4,6,4,116.4,87.9,61.3,102.2,65.5,93.7,128,93.7,116.321,87.859,61.202,102.056,65.55,93.749,128.155,93.574,14,14,14,14,14,14,14,14,TRUE,TRUE,TRUE,TRUE,TRUE,TRUE,TRUE,TRUE,34,63,89,48,FALSE,FALSE,FALSE,FALSE,FALSE,FALSE,FALSE,FALSE,38,Female,5,3.5454545454545454,4,"Stock Market, Crowdfunding",White,United States,United States,Full-Time,No,Yes,NA,absolutely in the first set of slides. in the second set of slides i felt like i wanted to assess the numbers more of each before counting someone out,it felt to me like it was to determine if a poor presentation effected outcome regardless of data points.,"they were presented like PowerPoints. they were similarly formatted. towards the second deck i was paying closer attention to the content- the serviceable population, pricing, etc. The ones that were of poor quality were definitely hard to read, focus on, or care about",1828,1920,945
352,4,Paperloom,Sentyl,Axonmesh,Servora,Curato,Ironhall,Foliant,Pulsegrid,340b9ba1,90a19744,e6065b1a,e06655dc,6b81ec39,3e0eedc2,fa1fe22c,e7f29679,Document Automation,AI Security,Robotics Orchestration,AI Inference Infrastructure,AI Training Data,Edge-AI Hardware,Enterprise Knowledge Retrieval,AI Observability,3,4,1,2,3,4,2,1,7,8,6,2,3,5,1,4,20,40,10,30,50,35,10,5,10,-20,35,10,-25,100,100,100,100,100,100,100,100,6,4,4,4,6,3,6,4,150.2,150.1,150.1,150.1,267,159.8,290.7,244.5,150.016,150.011,150.019,150.024,266.87,159.834,290.587,244.425,14,14,14,14,14,14,14,14,TRUE,TRUE,TRUE,TRUE,TRUE,TRUE,TRUE,TRUE,0,0,0,0,FALSE,FALSE,FALSE,FALSE,FALSE,FALSE,FALSE,FALSE,32,Male,5,4.454545454545454,1,"Stock Market, Options, ETF or ETC, Government Bonds, Crowdfunding, Other",White,United States,United States,Full-Time,No,Maybe,Some designs may have made it easier to read and understand for example,NA,My opinions on potential AI tools and startups.,no,2174,1707,825
353,4,Paperloom,Sentyl,Axonmesh,Servora,Curato,Ironhall,Foliant,Pulsegrid,340b9ba1,90a19744,e6065b1a,e06655dc,6b81ec39,3e0eedc2,fa1fe22c,e7f29679,Document Automation,AI Security,Robotics Orchestration,AI Inference Infrastructure,AI Training Data,Edge-AI Hardware,Enterprise Knowledge Retrieval,AI Observability,1,4,3,2,2,1,3,4,1,2,5,4,3,7,8,6,70,10,10,10,5,10,80,5,30,30,-35,35,65,100,0,68,0,6,55,100,62,6,4,5,4,4,4,7,4,150,144.9,84.7,112,67.3,82.9,54.5,36.9,150.104,144.902,84.682,112.109,67.105,82.736,54.57,37,14,14,13,14,14,14,14,14,TRUE,TRUE,TRUE,TRUE,TRUE,TRUE,TRUE,TRUE,0,6,66,39,FALSE,FALSE,FALSE,FALSE,FALSE,FALSE,FALSE,FALSE,54,Female,1,3.5454545454545454,3,Crowdfunding,White,United Kingdom,United Kingdom,Full-Time,No,Maybe,"Maybe they were more difficult to read, and therefore more difficult to understand",NA,"I am not sure, but I can truthfully say, I did not understand most of these presentations! I did understand a couple, and I scored those higher.",Some were shaded and more difficult to read.,1122,1641,815
354,2,Axonmesh,Servora,Curato,Ironhall,Foliant,Pulsegrid,Paperloom,Sentyl,f36cc003,e55a120c,cbc833b1,817f1201,46c0bf32,2055e10c,081e5fb5,bfc6f4d0,Robotics Orchestration,AI Inference Infrastructure,AI Training Data,Edge-AI Hardware,Enterprise Knowledge Retrieval,AI Observability,Document Automation,AI Security,4,3,1,2,1,2,3,4,7,8,3,1,2,6,5,4,35,15,35,15,30,30,20,20,0,20,10,0,-10,84,80,15,26,79,47,34,25,6,6,4,6,6,6,5,4,149.9,150,150.2,150.3,277.5,214.5,165.7,120.8,150.017,149.901,150.015,150.018,277.477,214.4,442.847,622.282,14,13,14,14,14,14,14,14,TRUE,TRUE,TRUE,TRUE,TRUE,TRUE,TRUE,TRUE,0,0,0,0,FALSE,FALSE,FALSE,FALSE,FALSE,FALSE,FALSE,FALSE,33,Male,0,3.727272727272727,6,"ETF or ETC, Stock Market, Government Bonds, Options, Crowdfunding",White,United States,United States,Full-Time,No,Yes,NA,Some were harder to focus on for sure.,Colors and information in processing decks,"Some were black and white, some had odd layouts",2528,1800,1004
355,3,Sentyl,Axonmesh,Servora,Curato,Ironhall,Foliant,Pulsegrid,Paperloom,bcd14e91,4fe27fae,574d1367,14efa601,b5fef669,08321160,f5bfffe5,e20d4e90,AI Security,Robotics Orchestration,AI Inference Infrastructure,AI Training Data,Edge-AI Hardware,Enterprise Knowledge Retrieval,AI Observability,Document Automation,3,1,2,4,2,3,1,4,1,2,6,5,7,3,4,8,40,10,20,30,40,15,25,20,0,10,5,15,-5,100,86,9,7,100,100,23,10,6,4,6,5,6,4,4,6,139.8,150.3,149.1,112.4,149.4,100.7,119.9,137.5,139.664,150.267,148.967,112.339,149.403,100.677,119.805,137.352,14,14,14,14,14,14,14,14,TRUE,TRUE,TRUE,TRUE,TRUE,TRUE,TRUE,TRUE,11,0,2,38,FALSE,FALSE,FALSE,FALSE,FALSE,FALSE,FALSE,FALSE,35,Male,5,4.181818181818182,2,"Stock Market, Options, Crowdfunding, Government Bonds",Black,United Kingdom,Nigeria,Full-Time,No,No,NA,NA,To understand how startup investment decisions are made when under time pressure.,"Some of them were almost not legible and clear enough to see the written details, thereby forcing me to strain my eyes to read the details. Some were text heavy, while others focused more on the important graphics.",1986,1440,900
356,4,Paperloom,Sentyl,Axonmesh,Servora,Curato,Ironhall,Foliant,Pulsegrid,340b9ba1,90a19744,e6065b1a,e06655dc,6b81ec39,3e0eedc2,fa1fe22c,e7f29679,Document Automation,AI Security,Robotics Orchestration,AI Inference Infrastructure,AI Training Data,Edge-AI Hardware,Enterprise Knowledge Retrieval,AI Observability,1,3,2,4,4,3,1,2,8,1,5,4,3,6,2,7,10,35,35,20,30,40,10,20,-5,-5,20,-10,-25,100,100,7,0,100,100,12,37,6,5,7,4,6,6,5,5,149.9,148.5,150.1,149.9,378.7,104.5,176,127.8,150.021,148.55,150.008,150.018,379.353,104.465,175.881,127.808,11,14,14,14,14,14,14,14,TRUE,TRUE,TRUE,TRUE,TRUE,TRUE,TRUE,TRUE,0,2,0,0,FALSE,FALSE,FALSE,FALSE,FALSE,FALSE,FALSE,FALSE,46,Male,8,4,5,"Government Bonds, Crowdfunding, Stock Market",Mixed,United Kingdom,United Kingdom,Full-Time,No,Maybe,"Possibly, but I tried not to let that happen. Some were more difficult to read due to the background colours chosen, and others were much brighter, but I tried to base my choices on the data, rather than the aesthetic.",NA,to see what criteria people tend to mainly look for when reviewing start-ups,"I don't think so, a number of pages had a few similarities in the data they were presenting, but I believe that was intentional.",2326,2560,1271
357,8,Curato,Ironhall,Foliant,Pulsegrid,Paperloom,Sentyl,Axonmesh,Servora,6b81ec39,3e0eedc2,fa1fe22c,e7f29679,340b9ba1,90a19744,e6065b1a,e06655dc,AI Training Data,Edge-AI Hardware,Enterprise Knowledge Retrieval,AI Observability,Document Automation,AI Security,Robotics Orchestration,AI Inference Infrastructure,4,2,1,3,4,2,1,3,2,5,1,3,4,6,8,7,10,35,30,25,40,20,30,10,-5,-10,10,20,-15,58,63,34,29,80,63,44,68,5,6,5,3,7,5,5,6,150.2,149.9,150,150.1,122,49.3,392.6,67.5,150.011,150.023,150.014,150.02,121.903,49.287,392.618,67.406,12,10,11,14,14,14,8,14,TRUE,TRUE,TRUE,TRUE,TRUE,TRUE,TRUE,TRUE,0,0,0,0,FALSE,FALSE,FALSE,FALSE,FALSE,FALSE,FALSE,FALSE,29,Female,4,4,5,"ETF or ETC, Government Bonds, Stock Market, Unit trusts, Angel syndicate, Options, Private Equity fund",White,United States,United States,Part-Time,Maybe a little,No,NA,NA,reviewing startup ideas,it seemed to be in a book form,2252,1358,636
358,6,Foliant,Pulsegrid,Paperloom,Sentyl,Axonmesh,Servora,Curato,Ironhall,46c0bf32,2055e10c,081e5fb5,bfc6f4d0,f36cc003,e55a120c,cbc833b1,817f1201,Enterprise Knowledge Retrieval,AI Observability,Document Automation,AI Security,Robotics Orchestration,AI Inference Infrastructure,AI Training Data,Edge-AI Hardware,2,3,1,4,2,4,3,1,1,7,8,3,2,5,6,4,35,5,45,15,10,35,40,15,-10,30,-5,0,-5,86,80,77,73,82,80,83,75,6,5,6,4,5,6,5,5,137.5,92.1,150.3,96.9,69.6,77.8,88.7,167.7,137.474,91.931,150.027,125.033,69.582,77.621,88.635,156.147,14,14,14,14,14,14,14,14,TRUE,TRUE,TRUE,TRUE,TRUE,TRUE,TRUE,TRUE,13,59,0,25,FALSE,FALSE,FALSE,FALSE,FALSE,FALSE,FALSE,FALSE,64,Female,4,3.5454545454545454,5,Private Equity fund,Black,United States,Kenya,Part-Time,No,Yes,NA,"The decks that were more visually organized and easier to read made me feel more confident about the company, which influenced how I allocated the funds.","This study was about evaluating startup companies. We reviewed pitch decks with information about the business, team, and traction, remembered key details, and then allocated investment funds across the startups based on which ones we thought were most promising.","No, I did not notice anything unusual. The pitch decks were presented in a similar format with clear information about the company, product, team, and financials.",2300,1920,945
359,6,Foliant,Pulsegrid,Paperloom,Sentyl,Axonmesh,Servora,Curato,Ironhall,46c0bf32,2055e10c,081e5fb5,bfc6f4d0,f36cc003,e55a120c,cbc833b1,817f1201,Enterprise Knowledge Retrieval,AI Observability,Document Automation,AI Security,Robotics Orchestration,AI Inference Infrastructure,AI Training Data,Edge-AI Hardware,2,3,1,4,3,4,1,2,7,5,1,3,8,6,2,4,40,20,20,20,30,20,20,30,10,10,0,0,10,100,58,20,35,66,88,5,41,6,5,4,3,5,4,4,4,147,150.2,132.4,76.6,73.5,68.5,106.6,55.4,146.991,149.902,132.537,76.648,73.544,68.673,116.349,128.587,14,12,14,14,14,14,14,14,TRUE,TRUE,TRUE,TRUE,TRUE,TRUE,TRUE,TRUE,4,0,18,74,FALSE,FALSE,FALSE,FALSE,FALSE,FALSE,FALSE,FALSE,42,Female,1,3.727272727272727,7,"Crowdfunding, Stock Market, Government Bonds",Mixed,United Kingdom,United Kingdom,Full-Time,No,Yes,NA,I found it easier to read the ones with high contrast between the background and text and so probably felt a bit more positively about this organisation,seeing how people assess pitches after receiving/processing quite a lot of information,some were incredibly hard to read - lots of grayscale and not very visually appealing,1449,1440,778
360,5,Pulsegrid,Paperloom,Sentyl,Axonmesh,Servora,Curato,Ironhall,Foliant,dff2e369,84f4d358,0566fd88,c7e2221f,737deb7d,37c0ca72,87b7dfe9,3eed90b1,AI Observability,Document Automation,AI Security,Robotics Orchestration,AI Inference Infrastructure,AI Training Data,Edge-AI Hardware,Enterprise Knowledge Retrieval,1,4,3,2,4,2,1,3,5,1,2,3,8,6,7,4,37,16,27,20,21,21,30,28,3,14,-8,1,11,95,58,15,37,73,86,26,31,6,3,6,6,5,2,6,4,116.2,103.3,96,95.1,17.3,100.6,72.8,52.5,116.045,103.293,95.964,95.061,17.328,100.788,72.858,52.489,14,14,14,14,1,14,14,14,TRUE,TRUE,TRUE,TRUE,TRUE,TRUE,TRUE,TRUE,34,47,55,55,FALSE,FALSE,FALSE,FALSE,FALSE,FALSE,FALSE,FALSE,29,Female,1,4.090909090909091,5,"Government Bonds, Stock Market, Private Equity fund",White,United States,United States,Full-Time,No,No,NA,NA,How people make investment decisions,No,1200,1440,811
361,4,Paperloom,Sentyl,Axonmesh,Servora,Curato,Ironhall,Foliant,Pulsegrid,340b9ba1,90a19744,e6065b1a,e06655dc,6b81ec39,3e0eedc2,fa1fe22c,e7f29679,Document Automation,AI Security,Robotics Orchestration,AI Inference Infrastructure,AI Training Data,Edge-AI Hardware,Enterprise Knowledge Retrieval,AI Observability,2,4,3,1,2,1,4,3,8,7,6,2,3,1,5,4,10,45,35,10,40,10,45,5,5,-5,0,35,5,100,100,100,100,100,100,100,100,4,3,4,6,7,3,7,3,149.9,104.9,149.9,150.2,321.4,273.8,201.6,251,149.92,104.902,150.039,150.023,321.356,273.84,201.457,251.042,12,14,14,9,14,14,14,14,TRUE,TRUE,TRUE,TRUE,TRUE,TRUE,TRUE,TRUE,0,46,0,0,FALSE,FALSE,FALSE,FALSE,FALSE,FALSE,FALSE,FALSE,37,Male,3,4.818181818181818,4,"Government Bonds, Stock Market, Private Equity fund, Unit trusts, Angel syndicate",Black,United States,Kenya,Full-Time,No,No,NA,NA,"To me, this study feels like a deep dive into how people cut through the noise when evaluating early-stage startups. Investors get absolutely flooded with pitch decks, so the researchers seem to be testing what actually grabs a person's attention and drives a funding decision. By varying things across the decks—like whether a patent is fully granted or just pending, if the founders are full-time or part-time, and whether an institutional VC has already stepped up to lead the round—they are likely looking at which of these signals humans rely on most when forced to make quick, high-stakes trade-offs.","Yes, they definitely felt synthetic. Real startup decks are usually messy and filled with personality, but these were completely sanitized and used cookie-cutter, 14-slide layouts with identical fonts and charts—even when swapping between heavy factory hardware and AI data tools. It felt like they were generated by an algorithm to test our decision-making because you could see where specific levers were deliberately flipped, like cleanly changing a patent from ""pending"" to ""granted,"" or bumping a funding round from ""7% soft-committed"" to ""74% with a signed lead institutional VC.""",2929,1280,585
362,5,Pulsegrid,Paperloom,Sentyl,Axonmesh,Servora,Curato,Ironhall,Foliant,dff2e369,84f4d358,0566fd88,c7e2221f,737deb7d,37c0ca72,87b7dfe9,3eed90b1,AI Observability,Document Automation,AI Security,Robotics Orchestration,AI Inference Infrastructure,AI Training Data,Edge-AI Hardware,Enterprise Knowledge Retrieval,4,1,3,2,3,2,1,4,1,8,3,7,5,2,6,4,40,20,30,10,30,30,20,20,10,20,10,0,0,72,60,54,51,33,39,69,30,5,5,5,4,3,4,5,3,150,150.1,149.9,149.9,239.4,81.5,179.2,233.7,150.019,149.903,150.017,150.012,244.686,81.487,221.968,233.751,14,13,14,11,14,5,14,14,TRUE,TRUE,TRUE,TRUE,TRUE,TRUE,TRUE,TRUE,0,0,0,0,FALSE,FALSE,FALSE,FALSE,FALSE,FALSE,FALSE,FALSE,35,Female,3,4,3,"Stock Market, Government Bonds, Private Equity fund",Asian,India,India,Full-Time,Maybe a little,Yes,NA,Some pitches were visually appealing while some were not.,Whether time limits affect the decisions we make.,timed and untimed.,2260,1920,945
363,7,Ironhall,Foliant,Pulsegrid,Paperloom,Sentyl,Axonmesh,Servora,Curato,b5fef669,08321160,f5bfffe5,e20d4e90,bcd14e91,4fe27fae,574d1367,14efa601,Edge-AI Hardware,Enterprise Knowledge Retrieval,AI Observability,Document Automation,AI Security,Robotics Orchestration,AI Inference Infrastructure,AI Training Data,3,4,2,1,4,1,2,3,2,1,5,8,6,7,3,4,40,10,20,30,50,10,30,10,0,10,10,30,-10,59,44,63,43,69,41,31,32,6,5,6,4,5,5,4,4,20.3,35.4,31.7,20.4,33.7,25.6,13.4,22.2,20.314,35.387,31.753,20.395,33.596,25.684,13.38,74.02,9,4,5,10,5,8,4,1,TRUE,TRUE,TRUE,TRUE,TRUE,TRUE,TRUE,TRUE,130,115,119,130,FALSE,FALSE,FALSE,FALSE,FALSE,FALSE,FALSE,FALSE,36,Female,0,2.1818181818181817,2,Crowdfunding,White,United States,United States,Unemployed (and job seeking),No,No,NA,NA,"I have no idea. It was sure unique, though. My best guess... seeing how much 'stock' people are willing to put into AI start ups?","Most of them involved AI, I guess.",1377,1217,874
364,5,Pulsegrid,Paperloom,Sentyl,Axonmesh,Servora,Curato,Ironhall,Foliant,dff2e369,84f4d358,0566fd88,c7e2221f,737deb7d,37c0ca72,87b7dfe9,3eed90b1,AI Observability,Document Automation,AI Security,Robotics Orchestration,AI Inference Infrastructure,AI Training Data,Edge-AI Hardware,Enterprise Knowledge Retrieval,1,2,4,3,2,1,4,3,7,6,2,5,1,8,3,4,40,14,44,2,25,22,20,33,4,34,-3,-5,7,27,64,37,19,36,13,28,44,4,4,4,3,6,4,4,6,145.2,150.1,143.8,120.8,78.3,115.1,68.1,78.3,145.31,150.018,143.677,120.906,78.266,115.149,67.972,78.353,14,14,14,14,14,14,14,14,TRUE,TRUE,TRUE,TRUE,TRUE,TRUE,TRUE,TRUE,5,0,7,30,FALSE,FALSE,FALSE,FALSE,FALSE,FALSE,FALSE,FALSE,43,Male,10,2.8181818181818183,5,"ETF or ETC, Government Bonds, Crowdfunding, Stock Market",White,United States,United States,Full-Time,No,No,NA,NA,How people judge pitch decks for AI companies,Some of them seemed to be faded.,1281,1920,911
365,1,Servora,Curato,Ironhall,Foliant,Pulsegrid,Paperloom,Sentyl,Axonmesh,737deb7d,37c0ca72,87b7dfe9,3eed90b1,dff2e369,84f4d358,0566fd88,c7e2221f,AI Inference Infrastructure,AI Training Data,Edge-AI Hardware,Enterprise Knowledge Retrieval,AI Observability,Document Automation,AI Security,Robotics Orchestration,3,2,1,4,4,2,3,1,1,2,6,7,4,8,5,3,5,15,20,60,80,20,0,0,-30,-25,50,30,-80,92,61,74,100,95,81,28,63,2,3,6,7,7,5,3,5,150,149.9,150,63.5,196.1,174.9,58.1,358.6,150.02,150.023,150.014,63.621,196.186,176.178,58.343,358.467,14,14,6,14,14,14,14,14,TRUE,TRUE,TRUE,TRUE,TRUE,TRUE,TRUE,TRUE,0,0,0,87,FALSE,FALSE,FALSE,FALSE,FALSE,FALSE,FALSE,FALSE,36,Male,6,4,3,"Stock Market, Government Bonds, Crowdfunding",White,United Kingdom,United Kingdom,Full-Time,No,No,NA,NA,Rating startup ideas and how profitable or successful they will be in the future.,"I can't say I noticed anything unusual,",2599,1920,945
366,1,Servora,Curato,Ironhall,Foliant,Pulsegrid,Paperloom,Sentyl,Axonmesh,737deb7d,37c0ca72,87b7dfe9,3eed90b1,dff2e369,84f4d358,0566fd88,c7e2221f,AI Inference Infrastructure,AI Training Data,Edge-AI Hardware,Enterprise Knowledge Retrieval,AI Observability,Document Automation,AI Security,Robotics Orchestration,3,2,1,4,1,2,3,4,2,1,7,5,8,4,3,6,35,10,15,40,35,20,10,35,-5,0,5,-5,-10,87,88,29,34,82,80,41,23,6,5,2,2,5,5,3,3,150.6,150.7,150.4,150.4,77.2,67.7,40.6,44.4,150.401,150.401,150.401,150.402,77.15,67.7,46.231,53.778,14,14,14,14,14,14,14,14,TRUE,TRUE,TRUE,TRUE,TRUE,TRUE,TRUE,TRUE,0,0,0,0,FALSE,FALSE,FALSE,FALSE,FALSE,FALSE,FALSE,FALSE,46,Female,4,4.7272727272727275,2,"Stock Market, Private Equity fund",White,United States,United States,Part-Time,Yes,Yes,NA,"Yes absolutely!! When the font is barely readable and the the pages are just grey, the interest in that pitch drops quickly.",About start up pitches and business models.,"Yes absolutely!! Some were very easy to read and some were very difficult to read: small fonts, backgrounds grey, just not attractive at all.",1516,1537,870
367,8,Curato,Ironhall,Foliant,Pulsegrid,Paperloom,Sentyl,Axonmesh,Servora,6b81ec39,3e0eedc2,fa1fe22c,e7f29679,340b9ba1,90a19744,e6065b1a,e06655dc,AI Training Data,Edge-AI Hardware,Enterprise Knowledge Retrieval,AI Observability,Document Automation,AI Security,Robotics Orchestration,AI Inference Infrastructure,4,3,1,2,2,4,1,3,5,3,7,4,8,6,1,2,25,25,25,25,25,25,25,25,0,0,0,0,0,28,39,66,35,39,63,38,36,6,6,7,6,7,6,5,6,106.4,119.5,150,130.5,70.7,22.9,60.6,22.3,106.335,119.437,150.03,130.326,70.752,22.889,63.817,22.264,14,14,14,14,13,2,14,14,TRUE,TRUE,TRUE,TRUE,TRUE,TRUE,TRUE,TRUE,44,31,0,20,FALSE,FALSE,FALSE,FALSE,FALSE,FALSE,FALSE,FALSE,31,Male,5,5,5,"Stock Market, Government Bonds, Private Equity fund",Black,United States,United States,Unemployed (and job seeking),No,No,NA,NA,It is about making decisions and judgement about different AI technologies.,"Yes, there was a mixture of different technologies and their uses.",1586,1235,616
368,2,Axonmesh,Servora,Curato,Ironhall,Foliant,Pulsegrid,Paperloom,Sentyl,f36cc003,e55a120c,cbc833b1,817f1201,46c0bf32,2055e10c,081e5fb5,bfc6f4d0,Robotics Orchestration,AI Inference Infrastructure,AI Training Data,Edge-AI Hardware,Enterprise Knowledge Retrieval,AI Observability,Document Automation,AI Security,1,3,4,2,1,3,4,2,1,6,5,8,7,2,3,4,50,35,5,10,40,5,45,10,35,5,-5,35,40,83,71,24,17,83,36,7,8,5,3,4,4,7,2,7,5,116.7,83.2,79,76.1,105.5,33.3,31.7,35,116.516,83.089,79.166,75.915,105.459,33.08,31.855,35.092,14,13,14,14,14,14,14,14,TRUE,TRUE,TRUE,TRUE,TRUE,TRUE,TRUE,TRUE,34,67,71,75,FALSE,FALSE,FALSE,FALSE,FALSE,FALSE,FALSE,FALSE,35,Male,3,4.2727272727272725,6,"ETF or ETC, Stock Market, Crowdfunding",White,United Kingdom,United Kingdom,Full-Time,No,No,NA,NA,checking how quickly sucessive pitches are reviewed and recommended for a deeper look,some of the decks were greyed out/low contrast making it more difficult to read,933,1374,788
369,5,Pulsegrid,Paperloom,Sentyl,Axonmesh,Servora,Curato,Ironhall,Foliant,dff2e369,84f4d358,0566fd88,c7e2221f,737deb7d,37c0ca72,87b7dfe9,3eed90b1,AI Observability,Document Automation,AI Security,Robotics Orchestration,AI Inference Infrastructure,AI Training Data,Edge-AI Hardware,Enterprise Knowledge Retrieval,4,2,1,3,3,2,4,1,5,2,1,7,4,8,6,3,44,12,34,10,17,65,10,8,6,28,32,-23,-26,80,94,65,22,28,69,79,17,4,4,5,3,5,5,4,5,104.4,118.3,117.1,106.8,81.6,80.1,14.2,101.6,104.409,121.909,117.065,106.752,81.48,80.053,14.247,101.636,14,14,14,14,14,14,14,14,TRUE,TRUE,TRUE,TRUE,TRUE,TRUE,TRUE,TRUE,46,29,33,44,FALSE,FALSE,FALSE,FALSE,FALSE,FALSE,FALSE,FALSE,24,Male,3,4,3,"ETF or ETC, Government Bonds, Stock Market, Unit trusts, Angel syndicate, Options, Private Equity fund",Mixed,Canada,Tunisia,Part-Time,No,Maybe,I can't fully rule it out. But the visual branding subconsciously read as competence sometimes.,NA,This is an evaluation study on whether attention/capital allocation decisions are driven by quality or aesthetics of deck.,"Two of the decks were really good and had elite founders, but the rest weren't as good or as well presented.",1436,1920,951
371,3,Sentyl,Axonmesh,Servora,Curato,Ironhall,Foliant,Pulsegrid,Paperloom,bcd14e91,4fe27fae,574d1367,14efa601,b5fef669,08321160,f5bfffe5,e20d4e90,AI Security,Robotics Orchestration,AI Inference Infrastructure,AI Training Data,Edge-AI Hardware,Enterprise Knowledge Retrieval,AI Observability,Document Automation,4,3,2,1,4,2,1,3,2,7,5,8,4,6,1,3,55,8,35,2,40,8,50,2,13,40,-2,40,15,100,74,74,57,100,100,85,65,6,3,4,2,7,4,6,2,150.1,149.9,149.9,150.3,111.2,102.3,185,89.2,150.03,150.033,150.031,150.038,111.109,106.519,184.968,89.21,14,13,14,13,14,14,14,14,TRUE,TRUE,TRUE,TRUE,TRUE,TRUE,TRUE,TRUE,0,0,0,0,FALSE,FALSE,FALSE,FALSE,FALSE,FALSE,FALSE,FALSE,38,Female,11,4,1,"ETF or ETC, Government Bonds, Stock Market, Private Equity fund",White,United Kingdom,United Kingdom,Full-Time,No,Maybe,"It's possible, I was aware that the quality differed significantly. I do think that in terms of a presentation, quality is reflective of experience and skill level and is relevant but in this case I did try to focus only on the information contained within the decks.",NA,To gauge how people value startups under time pressure - what key data is viewed as preferential vs how people judge with no time pressure.,Only that some were greyed out or appeared to be visually poor quality,1919,1912,948
372,4,Paperloom,Sentyl,Axonmesh,Servora,Curato,Ironhall,Foliant,Pulsegrid,340b9ba1,90a19744,e6065b1a,e06655dc,6b81ec39,3e0eedc2,fa1fe22c,e7f29679,Document Automation,AI Security,Robotics Orchestration,AI Inference Infrastructure,AI Training Data,Edge-AI Hardware,Enterprise Knowledge Retrieval,AI Observability,3,1,2,4,4,1,2,3,1,7,3,4,8,6,5,2,40,20,20,20,20,20,30,30,10,10,-10,0,20,73,82,38,44,60,74,56,28,6,6,4,5,5,6,6,3,18.3,82.6,106.3,12.4,17.4,12.5,9.5,25.6,73.638,116.517,106.326,97.772,47.911,73.431,20.219,25.52,14,14,14,14,14,14,14,14,TRUE,TRUE,TRUE,TRUE,TRUE,TRUE,TRUE,TRUE,77,34,44,53,FALSE,FALSE,FALSE,FALSE,FALSE,FALSE,FALSE,FALSE,29,Female,2,3.6363636363636362,5,"ETF or ETC, Stock Market, Crowdfunding, Venture Capital fund, Private Equity fund, Options",Asian,Canada,Canada,Full-Time,No,Yes,NA,I liked the ones that didn't have a grey colour over it.,Assessing how startup names effect how much you would invest in it.,Same format a lot of the times,915,1792,998
376,2,Axonmesh,Servora,Curato,Ironhall,Foliant,Pulsegrid,Paperloom,Sentyl,f36cc003,e55a120c,cbc833b1,817f1201,46c0bf32,2055e10c,081e5fb5,bfc6f4d0,Robotics Orchestration,AI Inference Infrastructure,AI Training Data,Edge-AI Hardware,Enterprise Knowledge Retrieval,AI Observability,Document Automation,AI Security,1,2,3,4,3,4,1,2,6,8,7,4,2,5,3,1,35,25,25,15,20,20,30,30,10,10,-10,0,20,70,62,39,29,45,41,79,41,5,4,4,3,5,4,5,4,99.3,38.6,56.6,57.9,63,80.4,90.9,38.6,151.697,77.842,56.486,57.777,63.057,80.47,90.915,725.63,1,14,14,14,14,14,13,13,TRUE,TRUE,TRUE,TRUE,TRUE,TRUE,TRUE,TRUE,0,73,94,93,FALSE,FALSE,FALSE,FALSE,FALSE,FALSE,FALSE,FALSE,35,Male,2,4.090909090909091,5,"Stock Market, Crowdfunding",White,United States,United States,Full-Time,No,Maybe,Some of the ones that were harder to read I may have written off in my mind.,NA,Willingness to take risks on start-ups,Some were formatted weird/hard to read. Didn't know if that was on purpose.,1830,1920,911
377,6,Foliant,Pulsegrid,Paperloom,Sentyl,Axonmesh,Servora,Curato,Ironhall,46c0bf32,2055e10c,081e5fb5,bfc6f4d0,f36cc003,e55a120c,cbc833b1,817f1201,Enterprise Knowledge Retrieval,AI Observability,Document Automation,AI Security,Robotics Orchestration,AI Inference Infrastructure,AI Training Data,Edge-AI Hardware,2,4,1,3,2,3,4,1,5,3,8,7,6,2,4,1,20,20,40,20,20,40,20,20,-10,10,10,-10,-20,69,61,78,74,76,100,62,86,6,4,5,3,3,6,5,5,150.1,149.8,150.5,150,37.3,60.9,192.2,48.8,150.01,150.016,150.495,150.022,37.325,60.762,192.286,48.608,14,14,14,14,14,14,14,14,TRUE,TRUE,TRUE,TRUE,TRUE,TRUE,TRUE,TRUE,0,0,0,0,FALSE,FALSE,FALSE,FALSE,FALSE,FALSE,FALSE,FALSE,39,Male,5,3.909090909090909,1,"Crowdfunding, Stock Market",White,United States,United States,Full-Time,No,No,NA,NA,Judgement about investments.,How information is presented.,1760,1920,953
378,4,Paperloom,Sentyl,Axonmesh,Servora,Curato,Ironhall,Foliant,Pulsegrid,340b9ba1,90a19744,e6065b1a,e06655dc,6b81ec39,3e0eedc2,fa1fe22c,e7f29679,Document Automation,AI Security,Robotics Orchestration,AI Inference Infrastructure,AI Training Data,Edge-AI Hardware,Enterprise Knowledge Retrieval,AI Observability,2,1,4,3,4,1,2,3,7,5,8,1,4,2,6,3,15,30,20,35,28,30,20,22,-5,-15,8,-2,-13,98,82,67,53,79,94,82,67,7,5,6,6,6,6,6,6,150,150,150,128.3,213.5,149.1,219.6,222.7,150.02,150.01,150.012,128.293,214.312,149.204,219.606,223.764,14,14,14,14,14,14,14,14,TRUE,TRUE,TRUE,TRUE,TRUE,TRUE,TRUE,TRUE,0,0,0,22,FALSE,FALSE,FALSE,FALSE,FALSE,FALSE,FALSE,FALSE,26,Male,0,4,3,"Stock Market, Venture Capital fund, Crowdfunding",White,France,France,Full-Time,No,Maybe,I may have been slightly more receptive to some messages than others but I made a conscious effort to stay as impartial and objective as possible,NA,"How do we evaluate the value of startups and decide how much we are willing to invest in them when we are faced with many projects to assess, often within a fairly limited amount of time? Do people tend to prefer certain industries over others?","Many of the projects followed a very similar structure, and some even used very similar visuals which created a certain sense of repetition and required a bit more concentration. Without distinctive visuals it was naturally easier to lose attention over time. On the other hand, some pitch decks were much more colorful and visually engaging. I also noticed that many of the startups were focused on artificial intelligence, although they addressed a wide variety of industries and problems
",2902,1920,911
379,2,Axonmesh,Servora,Curato,Ironhall,Foliant,Pulsegrid,Paperloom,Sentyl,f36cc003,e55a120c,cbc833b1,817f1201,46c0bf32,2055e10c,081e5fb5,bfc6f4d0,Robotics Orchestration,AI Inference Infrastructure,AI Training Data,Edge-AI Hardware,Enterprise Knowledge Retrieval,AI Observability,Document Automation,AI Security,2,3,4,1,3,2,4,1,4,7,5,6,8,3,1,2,10,40,40,10,40,0,60,0,0,0,-10,50,10,93,85,46,47,80,77,50,53,4,5,4,5,5,2,6,2,148.1,138.3,99.1,102.5,107.3,87.2,57.6,80.6,150.031,140.613,130.271,120.506,114.848,97.955,72.525,95.194,14,14,14,14,14,14,14,14,TRUE,TRUE,TRUE,TRUE,TRUE,TRUE,TRUE,TRUE,0,10,20,30,FALSE,FALSE,FALSE,FALSE,FALSE,FALSE,FALSE,FALSE,48,Male,0,3.4545454545454546,1,"ETF or ETC, Government Bonds, Stock Market, Crowdfunding",White,United States,United States,Full-Time,No,Yes,NA,"If a deck was hard to read, I understood it less.",I dont know.,It was unusual they all had very similar format. They also had 1 male and 1 female each. Some decks were hard to read due to the background color.,1469,1280,559
380,3,Sentyl,Axonmesh,Servora,Curato,Ironhall,Foliant,Pulsegrid,Paperloom,bcd14e91,4fe27fae,574d1367,14efa601,b5fef669,08321160,f5bfffe5,e20d4e90,AI Security,Robotics Orchestration,AI Inference Infrastructure,AI Training Data,Edge-AI Hardware,Enterprise Knowledge Retrieval,AI Observability,Document Automation,2,3,1,4,2,1,4,3,2,8,5,7,1,3,4,6,70,30,0,0,45,20,35,0,50,20,15,30,35,44,85,15,39,60,74,17,31,5,6,3,3,5,6,4,3,150,132.9,150.1,79.1,83.1,107.3,78,60.8,150.015,132.718,150.013,79.149,82.994,107.051,77.799,60.724,14,14,14,14,14,14,14,14,TRUE,TRUE,TRUE,TRUE,TRUE,TRUE,TRUE,TRUE,0,18,0,71,FALSE,FALSE,FALSE,FALSE,FALSE,FALSE,FALSE,FALSE,24,Male,0,3.727272727272727,6,"ETF or ETC, Crowdfunding",Asian,United Kingdom,United Kingdom,Other,Maybe a little,Yes,NA,"I was much more invested and focused on the content of the decks that had clearer text/background, without colour clashes and a more professional appearance.",I don't think the content of the decks had much to do with it at all. It's more about testing participants' ability to fix their attention.,Some were much easier to read than others. I'd imagine this was done on purpose.,1268,1470,801
381,2,Axonmesh,Servora,Curato,Ironhall,Foliant,Pulsegrid,Paperloom,Sentyl,f36cc003,e55a120c,cbc833b1,817f1201,46c0bf32,2055e10c,081e5fb5,bfc6f4d0,Robotics Orchestration,AI Inference Infrastructure,AI Training Data,Edge-AI Hardware,Enterprise Knowledge Retrieval,AI Observability,Document Automation,AI Security,3,2,4,1,4,1,3,2,6,8,3,1,5,4,7,2,40,0,60,0,50,0,50,0,-10,50,0,50,-10,81,87,66,22,87,24,31,22,3,3,5,3,6,2,6,2,150,150,133.9,150,66.6,91.4,83.3,62.4,150.017,150.016,133.937,150.021,66.432,91.311,83.191,62.399,14,11,14,11,14,14,14,14,TRUE,TRUE,TRUE,TRUE,TRUE,TRUE,TRUE,TRUE,0,0,17,0,FALSE,FALSE,FALSE,FALSE,FALSE,FALSE,FALSE,FALSE,42,Male,15,4.454545454545454,2,"ETF or ETC, Government Bonds, Stock Market, Unit trusts, Private Equity fund, Venture Capital fund, Options, Crowdfunding",White,United Kingdom,United Kingdom,Full-Time,No,No,NA,NA,How less time is spent on the second batch of pitches in relation to the first.,I think they were probably AI-generated. Some of the names were the same. The data included was consistent.,1403,2560,1271
382,2,Axonmesh,Servora,Curato,Ironhall,Foliant,Pulsegrid,Paperloom,Sentyl,f36cc003,e55a120c,cbc833b1,817f1201,46c0bf32,2055e10c,081e5fb5,bfc6f4d0,Robotics Orchestration,AI Inference Infrastructure,AI Training Data,Edge-AI Hardware,Enterprise Knowledge Retrieval,AI Observability,Document Automation,AI Security,2,3,4,1,1,3,4,2,3,8,1,6,5,2,7,4,35,10,35,20,40,10,45,5,-5,20,0,35,-5,41,56,62,55,50,42,54,47,5,6,6,5,7,4,7,4,142.6,125.7,150,140.7,162.3,170.5,189.3,146.8,142.503,125.732,150.021,140.541,162.206,170.426,189.107,146.724,14,14,14,14,14,14,14,14,TRUE,TRUE,TRUE,TRUE,TRUE,TRUE,TRUE,TRUE,8,25,0,10,FALSE,FALSE,FALSE,FALSE,FALSE,FALSE,FALSE,FALSE,40,Male,3,3.6363636363636362,5,"Stock Market, Government Bonds, Options, Private Equity fund, ETF or ETC",Asian,India,India,Part-Time,No,No,NA,NA,i think the study was about how people evaluate startup pitch decks and decide how to allocate investment or attention bsed on the information presented. It also seemed to measure how people compare different startups and make investment decisions,"i didnt find anything unusual. everything is presented in a consistent format , with similar layouts and slide structures across all of the start ups",2179,1920,945
383,8,Curato,Ironhall,Foliant,Pulsegrid,Paperloom,Sentyl,Axonmesh,Servora,6b81ec39,3e0eedc2,fa1fe22c,e7f29679,340b9ba1,90a19744,e6065b1a,e06655dc,AI Training Data,Edge-AI Hardware,Enterprise Knowledge Retrieval,AI Observability,Document Automation,AI Security,Robotics Orchestration,AI Inference Infrastructure,2,1,4,3,4,3,2,1,6,1,3,7,8,2,5,4,5,20,65,10,70,20,5,5,-25,20,40,25,-65,99,100,42,19,100,100,39,50,7,7,4,2,7,7,3,4,66,77.1,71.7,72.4,26.3,24.8,18.4,32.1,89,100.445,101.501,91.551,26.326,24.9,18.34,44.858,14,14,14,14,14,14,14,14,TRUE,TRUE,TRUE,TRUE,TRUE,TRUE,TRUE,TRUE,62,50,49,59,FALSE,FALSE,FALSE,FALSE,FALSE,FALSE,FALSE,FALSE,39,Male,10,3.090909090909091,1,"Stock Market, Private Equity fund, Venture Capital fund",Asian,United States,United States,Full-Time,No,No,NA,NA,Business evaluations,Some of the photos were blurry,1411,430,829
385,6,Foliant,Pulsegrid,Paperloom,Sentyl,Axonmesh,Servora,Curato,Ironhall,46c0bf32,2055e10c,081e5fb5,bfc6f4d0,f36cc003,e55a120c,cbc833b1,817f1201,Enterprise Knowledge Retrieval,AI Observability,Document Automation,AI Security,Robotics Orchestration,AI Inference Infrastructure,AI Training Data,Edge-AI Hardware,3,4,2,1,1,3,4,2,1,4,2,7,5,8,6,3,18,28,NA,34,20,35,15,30,NA,NA,5,-15,NA,76,51,51,55,64,55,51,51,6,6,5,6,5,6,5,6,82.9,63.4,2.1,113.2,18.8,12.8,6.6,10.1,82.925,63.201,46.472,151.915,18.885,26.668,6.554,9.976,14,14,1,14,14,14,14,14,TRUE,TRUE,TRUE,TRUE,TRUE,TRUE,TRUE,TRUE,68,87,104,0,FALSE,FALSE,TRUE,FALSE,FALSE,FALSE,FALSE,FALSE,23,Male,1,3.727272727272727,5,"ETF or ETC, Crowdfunding, Options, Stock Market",Asian,India,India,Unemployed (and job seeking),Yes,Maybe,Sentyl was making little bit tired because its color were not that much good and not eye attention seeking.,NA,"I think this study aimed to understand how people evaluate startup pitch decks and decide which startups deserve more attention and investment. It also examined how participants allocate limited resources based on a startup's perceived quality, growth potential, and expected future returns.",All the decks were presented very well but i just didnot liked the ppt of sentyl because the bg was already black and similar color were used in it making it hard to see them properly.,1504,1536,872
386,1,Servora,Curato,Ironhall,Foliant,Pulsegrid,Paperloom,Sentyl,Axonmesh,737deb7d,37c0ca72,87b7dfe9,3eed90b1,dff2e369,84f4d358,0566fd88,c7e2221f,AI Inference Infrastructure,AI Training Data,Edge-AI Hardware,Enterprise Knowledge Retrieval,AI Observability,Document Automation,AI Security,Robotics Orchestration,3,1,2,4,3,1,2,4,6,2,3,4,5,8,7,1,60,0,40,0,30,0,70,0,10,50,-20,50,30,76,88,30,11,88,99,21,34,4,2,6,1,6,1,7,5,150.2,149.4,150,97.8,64.5,85.3,97.8,48.3,150.021,149.458,150.027,97.789,64.604,85.307,97.575,48.162,14,14,13,14,14,14,14,14,TRUE,TRUE,TRUE,TRUE,TRUE,TRUE,TRUE,TRUE,0,1,0,53,FALSE,FALSE,FALSE,FALSE,FALSE,FALSE,FALSE,FALSE,37,Male,3,4,5,"ETF or ETC, Government Bonds, Stock Market, Unit trusts, Angel syndicate, Options, Crowdfunding, Other",White,United Kingdom,United Kingdom,Full-Time,No,No,NA,NA,"Seeing how we determine which pitches are most credible - the difference here is often in the level of adoption, ARR and calibre of the founder team.",some were greyed out a lot to be more difficult to read,1312,3440,1305
387,7,Ironhall,Foliant,Pulsegrid,Paperloom,Sentyl,Axonmesh,Servora,Curato,b5fef669,08321160,f5bfffe5,e20d4e90,bcd14e91,4fe27fae,574d1367,14efa601,Edge-AI Hardware,Enterprise Knowledge Retrieval,AI Observability,Document Automation,AI Security,Robotics Orchestration,AI Inference Infrastructure,AI Training Data,3,1,4,2,1,4,3,2,8,4,6,7,3,1,2,5,30,20,30,20,35,15,35,15,0,10,0,20,0,82,75,80,75,77,80,77,75,4,4,6,5,6,5,6,4,150.1,150,150.1,149.9,208.7,147.8,391.4,240.4,150.043,149.911,150.044,149.905,208.6,147.632,394.646,240.288,14,14,14,14,14,14,14,14,TRUE,TRUE,TRUE,TRUE,TRUE,TRUE,TRUE,TRUE,0,0,0,0,FALSE,FALSE,FALSE,FALSE,FALSE,FALSE,FALSE,FALSE,48,Male,12,4,3,"ETF or ETC, Government Bonds, Stock Market, Crowdfunding, Options, Venture Capital fund, Angel syndicate, Other",Black,United Kingdom,United Kingdom,Full-Time,No,Maybe,"In the startup world first impression matters, if you can't have a deck that is well designed, has easy to read fonts and clear structure, some VC might pass on the deal based on that alone",NA,It was about pitch decks for different start up companies and deciding which ones look like the best investment,Yeah some were visually appealing while some were very hard to read,3073,1821,905
389,6,Foliant,Pulsegrid,Paperloom,Sentyl,Axonmesh,Servora,Curato,Ironhall,46c0bf32,2055e10c,081e5fb5,bfc6f4d0,f36cc003,e55a120c,cbc833b1,817f1201,Enterprise Knowledge Retrieval,AI Observability,Document Automation,AI Security,Robotics Orchestration,AI Inference Infrastructure,AI Training Data,Edge-AI Hardware,4,2,3,1,3,1,4,2,8,2,1,3,5,4,6,7,70,5,20,5,10,20,20,50,25,40,-20,-20,45,99,91,82,60,87,99,69,69,7,4,6,5,4,6,6,7,17.7,37.8,27.1,50.3,9.9,29.3,8.6,11.3,17.687,37.67,26.96,50.754,10.013,29.249,8.733,11.459,14,14,14,14,14,14,14,14,TRUE,TRUE,TRUE,TRUE,TRUE,TRUE,TRUE,TRUE,133,113,124,100,FALSE,FALSE,FALSE,FALSE,FALSE,FALSE,FALSE,FALSE,30,Male,0,4.636363636363637,3,"ETF or ETC, Government Bonds, Stock Market, Options, Crowdfunding, Other",White,United States,United States,Full-Time,No,No,NA,NA,Gauging what AI concepts participants think are most useful by predicting the success of multiple AI startups.,No,1563,756,543
393,3,Sentyl,Axonmesh,Servora,Curato,Ironhall,Foliant,Pulsegrid,Paperloom,bcd14e91,4fe27fae,574d1367,14efa601,b5fef669,08321160,f5bfffe5,e20d4e90,AI Security,Robotics Orchestration,AI Inference Infrastructure,AI Training Data,Edge-AI Hardware,Enterprise Knowledge Retrieval,AI Observability,Document Automation,4,3,1,2,1,2,4,3,1,5,4,8,2,3,7,6,41,14,32,13,28,15,39,18,5,23,-7,17,12,70,65,34,12,74,67,82,24,6,3,5,3,4,3,7,2,150.1,142.9,141.9,142.3,138.2,204,158.8,112.6,149.913,142.705,141.797,142.153,138.101,203.913,158.847,112.212,14,14,14,14,14,14,14,14,TRUE,TRUE,TRUE,TRUE,TRUE,TRUE,TRUE,TRUE,0,8,9,8,FALSE,FALSE,FALSE,FALSE,FALSE,FALSE,FALSE,FALSE,60,Male,15,3.909090909090909,5,"Government Bonds, Stock Market, Private Equity fund, Crowdfunding, Unit trusts, ETF or ETC",Black,United Kingdom,United Kingdom,Full-Time,Maybe a little,No,NA,NA,It is about how investors evaluate startup decks and the influence of time on the final decision.,"Some had low visual quality: looked like scanned copies of a document, which was somewhat difficult and less pleasant to review.",2446,1536,730
394,2,Axonmesh,Servora,Curato,Ironhall,Foliant,Pulsegrid,Paperloom,Sentyl,f36cc003,e55a120c,cbc833b1,817f1201,46c0bf32,2055e10c,081e5fb5,bfc6f4d0,Robotics Orchestration,AI Inference Infrastructure,AI Training Data,Edge-AI Hardware,Enterprise Knowledge Retrieval,AI Observability,Document Automation,AI Security,2,1,4,3,4,3,2,1,2,1,8,7,6,5,3,4,40,20,10,30,15,5,40,40,10,0,-30,5,40,95,82,48,36,77,68,41,22,7,6,4,3,7,5,4,2,148,148,115.7,126.2,67.2,63.5,81.5,67.4,148.017,147.954,115.894,126.286,67.042,63.709,81.532,67.394,14,14,14,14,14,14,14,14,TRUE,TRUE,TRUE,TRUE,TRUE,TRUE,TRUE,TRUE,2,3,35,24,FALSE,FALSE,FALSE,FALSE,FALSE,FALSE,FALSE,FALSE,60,Male,15,4.2727272727272725,5,"Government Bonds, Stock Market, Options, Venture Capital fund, Crowdfunding",White,United States,United States,"Not in paid work (e.g. homemaker', 'retired or disabled)",No,Yes,NA,It is only human to be drawn to the presentation that is easier on the eyes and more pleasant to read,"How well we will look into a company or if we would just scan the information.  I admit, bad ideas on the surface tend to get less attention during the presentation. I tried not to make up my mind on the first two slides, but sometimes...","Some were visual pleasant, while other required more work to view.",1403,1536,695
396,4,Paperloom,Sentyl,Axonmesh,Servora,Curato,Ironhall,Foliant,Pulsegrid,340b9ba1,90a19744,e6065b1a,e06655dc,6b81ec39,3e0eedc2,fa1fe22c,e7f29679,Document Automation,AI Security,Robotics Orchestration,AI Inference Infrastructure,AI Training Data,Edge-AI Hardware,Enterprise Knowledge Retrieval,AI Observability,2,4,3,1,2,4,1,3,7,6,2,3,8,1,5,4,25,25,25,25,35,20,10,35,0,0,5,-5,-5,100,90,24,3,85,73,41,38,7,6,3,2,6,6,4,4,42.5,35.3,24.4,64.8,99.6,11.6,41.3,16.2,42.52,35.168,24.134,64.343,99.55,11.435,41.314,15.985,14,14,14,14,14,14,14,14,TRUE,TRUE,TRUE,TRUE,TRUE,TRUE,TRUE,TRUE,108,115,126,87,FALSE,FALSE,FALSE,FALSE,FALSE,FALSE,FALSE,FALSE,40,Male,12,3.909090909090909,5,"ETF or ETC, Government Bonds, Stock Market, Crowdfunding, Venture Capital fund, Other, Options, Angel syndicate",White,Brazil,Brazil,Full-Time,Maybe a little,Maybe,NA,NA,"This study offers a clear and realistic way to analyze how investors allocate limited attention across multiple startups under uncertainty. By tying the bonus to the objectively rated quality of a randomly selected deck, weighted by the participant’s token allocation, the design aligns incentives with careful judgment rather than superficial criteria. Overall, it is a well-structured experiment to observe tradeoffs between concentration and diversification in attention and expected payoff","some of them was difficult do read, less of contrast",927,940,1203
399,1,Servora,Curato,Ironhall,Foliant,Pulsegrid,Paperloom,Sentyl,Axonmesh,737deb7d,37c0ca72,87b7dfe9,3eed90b1,dff2e369,84f4d358,0566fd88,c7e2221f,AI Inference Infrastructure,AI Training Data,Edge-AI Hardware,Enterprise Knowledge Retrieval,AI Observability,Document Automation,AI Security,Robotics Orchestration,1,4,2,3,3,1,2,4,2,7,6,5,4,8,3,1,30,30,20,20,20,25,25,30,10,0,-5,-5,15,98,93,55,36,82,99,44,59,6,7,6,5,7,7,5,5,150.1,150,150.1,150,148.2,135.5,127.4,147.5,150.035,150.033,150.04,150.038,148.24,135.578,127.343,147.386,11,14,14,14,14,14,14,14,TRUE,TRUE,TRUE,TRUE,TRUE,TRUE,TRUE,TRUE,0,0,0,0,FALSE,FALSE,FALSE,FALSE,FALSE,FALSE,FALSE,FALSE,34,Male,4,4.2727272727272725,4,"Stock Market, Private Equity fund, ETF or ETC, Options",White,United States,United States,Full-Time,No,Yes,NA,The ones with better presentation were easy to read and understand and made it seem clearer and trustable than the ones that were dull,How documentation and work presentation affects the investors ability to reliably agree to invest on a product or review it with intentions on investing,They almost were using the same format,2065,1366,679
401,7,Ironhall,Foliant,Pulsegrid,Paperloom,Sentyl,Axonmesh,Servora,Curato,b5fef669,08321160,f5bfffe5,e20d4e90,bcd14e91,4fe27fae,574d1367,14efa601,Edge-AI Hardware,Enterprise Knowledge Retrieval,AI Observability,Document Automation,AI Security,Robotics Orchestration,AI Inference Infrastructure,AI Training Data,3,2,4,1,2,4,3,1,7,4,1,3,6,5,8,2,35,15,40,10,35,25,20,20,0,25,10,5,-10,95,100,65,12,100,92,5,18,6,3,5,1,7,7,5,6,140.7,150.2,139.5,150.1,84.9,17.2,32,105.1,140.478,150.015,139.294,150.022,84.835,16.998,32.036,106.617,14,14,14,7,14,14,14,13,TRUE,TRUE,TRUE,TRUE,TRUE,TRUE,TRUE,TRUE,10,0,11,0,FALSE,FALSE,FALSE,FALSE,FALSE,FALSE,FALSE,FALSE,32,Male,0,3.909090909090909,3,"Government Bonds, Stock Market, Options, Crowdfunding, Other, ETF or ETC",Black,France,Nigeria,Unemployed (and job seeking),No,Maybe,I will say maybe because some were visually appealing but I still went through the contents to make my decision.,NA,"I believe this study is to understand how people make decisions under pressure such as time. Also, how data is consumed and decisions are influenced without pressure or time factor involved",Uhm I think some of the pitch decks had irrelevant and ontradictory information. Also noticed some of these pitch decks must have been real because photos of it was taken directly from a screen. Also some of the pitch decks were generated by AI.,1959,1536,742
402,7,Ironhall,Foliant,Pulsegrid,Paperloom,Sentyl,Axonmesh,Servora,Curato,b5fef669,08321160,f5bfffe5,e20d4e90,bcd14e91,4fe27fae,574d1367,14efa601,Edge-AI Hardware,Enterprise Knowledge Retrieval,AI Observability,Document Automation,AI Security,Robotics Orchestration,AI Inference Infrastructure,AI Training Data,4,3,1,2,3,4,1,2,7,3,4,1,6,2,8,5,30,20,40,10,30,40,20,10,0,20,20,0,-20,72,63,24,28,79,68,16,25,5,4,6,3,5,4,4,3,81.9,71.3,130.5,93.8,27.3,65.3,95,72,82.109,71.294,130.486,93.761,27.08,68.049,97.972,86.318,14,14,14,14,14,14,14,14,TRUE,TRUE,TRUE,TRUE,TRUE,TRUE,TRUE,TRUE,68,79,20,57,FALSE,FALSE,FALSE,FALSE,FALSE,FALSE,FALSE,FALSE,38,Male,0,3.4545454545454546,3,Crowdfunding,White,United Kingdom,United Kingdom,Full-Time,No,No,NA,NA,Evaluating the quality of the statup pitchs.,They all had a male and female creator.,1229,1920,911
403,1,Servora,Curato,Ironhall,Foliant,Pulsegrid,Paperloom,Sentyl,Axonmesh,737deb7d,37c0ca72,87b7dfe9,3eed90b1,dff2e369,84f4d358,0566fd88,c7e2221f,AI Inference Infrastructure,AI Training Data,Edge-AI Hardware,Enterprise Knowledge Retrieval,AI Observability,Document Automation,AI Security,Robotics Orchestration,2,3,4,1,3,1,2,4,4,6,1,2,3,7,8,5,40,0,40,20,20,0,50,30,-10,30,-30,20,20,85,71,35,20,72,78,42,65,6,6,5,3,6,6,4,5,53,41.3,27.6,85.1,16.3,21.6,16.8,17.8,134.798,149.515,151.816,141.769,153.566,85.698,77.036,76.202,14,14,14,14,13,14,14,14,TRUE,TRUE,TRUE,TRUE,TRUE,TRUE,TRUE,TRUE,16,1,0,9,FALSE,FALSE,FALSE,FALSE,FALSE,FALSE,FALSE,FALSE,41,Male,3,4.363636363636363,3,"Stock Market, Crowdfunding",White,United Kingdom,United Kingdom,Full-Time,No,Maybe,i think i looked at the charts the most and also the figures of the size of the oppetunity,NA,trying to understand whihc pitches we though would be successful which deck was the nost intresting to a neutral,all very simlar style and set iut almost identically,1645,1528,732
405,2,Axonmesh,Servora,Curato,Ironhall,Foliant,Pulsegrid,Paperloom,Sentyl,f36cc003,e55a120c,cbc833b1,817f1201,46c0bf32,2055e10c,081e5fb5,bfc6f4d0,Robotics Orchestration,AI Inference Infrastructure,AI Training Data,Edge-AI Hardware,Enterprise Knowledge Retrieval,AI Observability,Document Automation,AI Security,1,4,2,3,4,3,2,1,6,8,4,3,2,5,1,7,65,5,0,30,45,5,45,5,20,15,0,40,20,76,42,68,65,91,60,91,65,6,3,4,5,6,3,6,3,150.1,101.5,135.7,134.1,39.8,61.1,63.3,65.9,150.015,101.596,135.617,133.988,52.809,66.567,72.949,76.969,13,14,14,14,14,14,14,14,TRUE,TRUE,TRUE,TRUE,TRUE,TRUE,TRUE,TRUE,0,49,15,17,FALSE,FALSE,FALSE,FALSE,FALSE,FALSE,FALSE,FALSE,35,Female,2,3.1818181818181817,5,"ETF or ETC, Stock Market, Private Equity fund, Crowdfunding",Mixed,Germany,Germany,Full-Time,No,No,NA,NA,Maybe to see whether a timebox helps focus when studying the pitch desks rather than giving the user as much time as they want.,I think each batch of pitch decks had at least one deck with darker colors.,1337,1512,730
406,4,Paperloom,Sentyl,Axonmesh,Servora,Curato,Ironhall,Foliant,Pulsegrid,340b9ba1,90a19744,e6065b1a,e06655dc,6b81ec39,3e0eedc2,fa1fe22c,e7f29679,Document Automation,AI Security,Robotics Orchestration,AI Inference Infrastructure,AI Training Data,Edge-AI Hardware,Enterprise Knowledge Retrieval,AI Observability,1,3,4,2,3,2,4,1,8,5,4,3,6,2,1,7,20,30,25,25,30,25,20,25,0,-5,5,0,-5,79,81,77,75,74,74,76,85,5,5,4,5,5,5,5,6,66,44.8,62.8,47.1,24.8,21.9,45.4,157.1,151.748,150.024,151.409,151.684,24.649,53.255,45.192,488.202,5,7,3,7,14,14,14,14,TRUE,TRUE,TRUE,TRUE,TRUE,TRUE,TRUE,TRUE,0,0,0,0,FALSE,FALSE,FALSE,FALSE,FALSE,FALSE,FALSE,FALSE,43,Female,5,4,3,Private Equity fund,White,United States,United States,Full-Time,No,No,NA,NA,Decision making,nope,2242,1408,658
407,5,Pulsegrid,Paperloom,Sentyl,Axonmesh,Servora,Curato,Ironhall,Foliant,dff2e369,84f4d358,0566fd88,c7e2221f,737deb7d,37c0ca72,87b7dfe9,3eed90b1,AI Observability,Document Automation,AI Security,Robotics Orchestration,AI Inference Infrastructure,AI Training Data,Edge-AI Hardware,Enterprise Knowledge Retrieval,3,1,4,2,1,4,3,2,1,4,5,8,2,3,7,6,20,15,50,15,5,45,25,25,-15,20,0,-20,-15,75,97,43,41,36,9,65,24,5,6,4,4,3,2,5,3,59.4,79.7,61.9,78.2,85.2,56.8,64.7,56.2,59.426,79.684,61.604,78.255,85.141,56.892,64.645,56.327,14,14,14,14,14,14,14,14,TRUE,TRUE,TRUE,TRUE,TRUE,TRUE,TRUE,TRUE,91,71,89,72,FALSE,FALSE,FALSE,FALSE,FALSE,FALSE,FALSE,FALSE,43,Male,7,3.6363636363636362,1,"ETF or ETC, Government Bonds, Stock Market, Private Equity fund, Venture Capital fund",White,United States,United States,Other,No,Yes,NA,the ones witch looked the best I did give a better score on,startup company pitches I evaluated the best ones and gave what I thought witch one had the best value,yes did not like the black and white ones,1419,1358,636
409,5,Pulsegrid,Paperloom,Sentyl,Axonmesh,Servora,Curato,Ironhall,Foliant,dff2e369,84f4d358,0566fd88,c7e2221f,737deb7d,37c0ca72,87b7dfe9,3eed90b1,AI Observability,Document Automation,AI Security,Robotics Orchestration,AI Inference Infrastructure,AI Training Data,Edge-AI Hardware,Enterprise Knowledge Retrieval,4,1,3,2,2,3,1,4,7,1,6,2,4,8,5,3,10,15,35,40,25,45,20,10,-25,-5,20,-5,-45,72,77,80,89,64,94,80,78,3,4,6,7,3,6,3,4,121.2,81,99.7,86.3,77.3,98.6,72.4,34.3,151.53,197.159,150.021,146.266,99.088,127.535,133.814,156.815,6,7,12,4,14,14,14,14,TRUE,TRUE,TRUE,TRUE,TRUE,TRUE,TRUE,TRUE,0,0,0,0,FALSE,FALSE,FALSE,FALSE,FALSE,FALSE,FALSE,FALSE,42,Male,1,3.4545454545454546,6,"Government Bonds, Private Equity fund",White,Brazil,Brazil,Full-Time,No,No,NA,NA,"On understanding the importance of each of the sectors mentioned for the present and future of information technology, and how much each of these sectors might cost.","I noticed that the first four had a timer and the last four didn't, leaving me free time to read.",2152,1280,551
410,3,Sentyl,Axonmesh,Servora,Curato,Ironhall,Foliant,Pulsegrid,Paperloom,bcd14e91,4fe27fae,574d1367,14efa601,b5fef669,08321160,f5bfffe5,e20d4e90,AI Security,Robotics Orchestration,AI Inference Infrastructure,AI Training Data,Edge-AI Hardware,Enterprise Knowledge Retrieval,AI Observability,Document Automation,2,4,1,3,1,3,2,4,3,6,5,7,8,1,2,4,50,10,30,10,15,40,20,25,10,30,5,-15,5,57,42,69,46,64,61,40,23,4,5,6,4,7,6,3,3,58.9,50.4,44.7,43,53.9,24.9,140,26.3,58.703,50.398,44.572,43.06,53.797,24.99,139.874,26.273,14,14,14,14,14,14,14,14,TRUE,TRUE,TRUE,TRUE,TRUE,TRUE,TRUE,TRUE,92,100,106,108,FALSE,FALSE,FALSE,FALSE,FALSE,FALSE,FALSE,FALSE,66,Male,0,3.1818181818181817,4,Private Equity fund,White,United States,United States,Part-Time,No,Yes,NA,The presentation in some made them seem more appealing.,What information was needed to invest in a start up.,"They were all similar in their info, but the presentation was different and easier to read for others.",914,1280,539
411,7,Ironhall,Foliant,Pulsegrid,Paperloom,Sentyl,Axonmesh,Servora,Curato,b5fef669,08321160,f5bfffe5,e20d4e90,bcd14e91,4fe27fae,574d1367,14efa601,Edge-AI Hardware,Enterprise Knowledge Retrieval,AI Observability,Document Automation,AI Security,Robotics Orchestration,AI Inference Infrastructure,AI Training Data,2,1,3,4,2,4,1,3,8,4,2,1,3,5,7,6,50,0,50,0,0,25,75,0,0,50,-25,25,25,100,100,38,40,100,100,19,16,7,5,3,5,2,5,6,2,149.9,150.2,116.4,114.2,54.7,71.5,102.6,39.2,150.017,150.014,116.634,114.144,54.807,71.623,102.41,39.353,13,11,14,14,11,14,13,11,TRUE,TRUE,TRUE,TRUE,TRUE,TRUE,TRUE,TRUE,0,0,34,36,FALSE,FALSE,FALSE,FALSE,FALSE,FALSE,FALSE,FALSE,44,Male,0,3.090909090909091,4,"Stock Market, Crowdfunding",White,United States,United States,Full-Time,No,No,NA,NA,I don't actually know! The pitches were interesting though!,A lot of the colors were weird or hard to read.,1269,1912,914
412,8,Curato,Ironhall,Foliant,Pulsegrid,Paperloom,Sentyl,Axonmesh,Servora,6b81ec39,3e0eedc2,fa1fe22c,e7f29679,340b9ba1,90a19744,e6065b1a,e06655dc,AI Training Data,Edge-AI Hardware,Enterprise Knowledge Retrieval,AI Observability,Document Automation,AI Security,Robotics Orchestration,AI Inference Infrastructure,3,4,1,2,3,1,4,2,6,3,8,7,5,1,2,4,40,10,50,0,50,0,50,0,0,40,0,50,0,74,66,79,68,79,3,68,61,5,4,6,2,6,2,6,2,150.1,150.1,150.4,150.1,115.5,171.6,70.4,99.2,150.213,150.219,150.278,150.204,115.47,171.572,70.217,99.247,13,14,14,14,14,14,14,14,TRUE,TRUE,TRUE,TRUE,TRUE,TRUE,TRUE,TRUE,0,0,0,0,FALSE,FALSE,FALSE,FALSE,FALSE,FALSE,FALSE,FALSE,37,Male,7,3.3636363636363638,5,"Government Bonds, Stock Market, Crowdfunding",White,United Kingdom,United Kingdom,Full-Time,No,No,NA,NA,Identifying what aspects of a report investors focus on when making decisions,no,1531,1593,886
413,7,Ironhall,Foliant,Pulsegrid,Paperloom,Sentyl,Axonmesh,Servora,Curato,b5fef669,08321160,f5bfffe5,e20d4e90,bcd14e91,4fe27fae,574d1367,14efa601,Edge-AI Hardware,Enterprise Knowledge Retrieval,AI Observability,Document Automation,AI Security,Robotics Orchestration,AI Inference Infrastructure,AI Training Data,4,1,3,2,4,1,3,2,6,4,1,7,5,8,2,3,50,0,50,0,40,0,60,0,0,50,-10,50,10,34,29,18,18,33,30,13,13,3,3,4,2,4,2,4,2,150.2,143.7,150,150,88.7,116.1,98.8,91.4,149.9,143.929,149.901,149.901,88.5,116.182,98.774,91.362,13,14,14,14,14,14,14,14,TRUE,TRUE,TRUE,TRUE,TRUE,TRUE,TRUE,TRUE,0,7,0,0,FALSE,FALSE,FALSE,FALSE,FALSE,FALSE,FALSE,FALSE,56,Male,15,3.5454545454545454,7,"ETF or ETC, Stock Market, Crowdfunding, Options",Asian,United States,United Kingdom,Full-Time,No,No,NA,NA,impact of ppt appearance on audience perception,some decks were grayed out,1519,3072,1611
414,8,Curato,Ironhall,Foliant,Pulsegrid,Paperloom,Sentyl,Axonmesh,Servora,6b81ec39,3e0eedc2,fa1fe22c,e7f29679,340b9ba1,90a19744,e6065b1a,e06655dc,AI Training Data,Edge-AI Hardware,Enterprise Knowledge Retrieval,AI Observability,Document Automation,AI Security,Robotics Orchestration,AI Inference Infrastructure,4,1,3,2,3,2,1,4,7,5,2,4,1,6,3,8,40,10,30,20,40,20,30,10,0,20,10,20,-10,89,58,64,47,76,53,73,60,6,3,5,4,6,4,5,3,149.8,136,150,150.1,184.9,208.2,210.3,212.3,150.024,136.252,149.909,149.908,184.682,208.289,210.296,220.914,14,14,14,14,14,14,14,14,TRUE,TRUE,TRUE,TRUE,TRUE,TRUE,TRUE,TRUE,0,14,0,0,FALSE,FALSE,FALSE,FALSE,FALSE,FALSE,FALSE,FALSE,35,Male,5,4.181818181818182,1,"ETF or ETC, Government Bonds, Stock Market, Options, Private Equity fund, Venture Capital fund",White,United States,United States,Full-Time,No,No,NA,NA,The study was about evaluating startup pitch decks and capital allocation decisions.,No nothing unusual stood out,2247,1536,730
415,1,Servora,Curato,Ironhall,Foliant,Pulsegrid,Paperloom,Sentyl,Axonmesh,737deb7d,37c0ca72,87b7dfe9,3eed90b1,dff2e369,84f4d358,0566fd88,c7e2221f,AI Inference Infrastructure,AI Training Data,Edge-AI Hardware,Enterprise Knowledge Retrieval,AI Observability,Document Automation,AI Security,Robotics Orchestration,2,1,3,4,3,4,1,2,6,4,8,2,1,7,5,3,30,20,30,20,40,30,25,5,0,10,20,15,-20,79,73,51,28,80,80,65,36,6,5,5,4,6,6,5,3,87.7,144.2,80.7,56.3,31.6,51.4,59.6,29.2,87.526,150.017,80.868,56.213,31.654,51.202,59.667,29.269,14,3,14,14,11,14,14,14,TRUE,TRUE,TRUE,TRUE,TRUE,TRUE,TRUE,TRUE,63,0,70,94,FALSE,FALSE,FALSE,FALSE,FALSE,FALSE,FALSE,FALSE,31,Female,3,5,2,"Government Bonds, Stock Market, Private Equity fund",Black,United Kingdom,Nigeria,Full-Time,No,Yes,NA,"I liked pitches that used perfectly contrasting colors because my eyes could easily pick up the text, and it piqued my interest",I think the study was about how people judge and compare startup ideas.,No,1297,1536,730
416,6,Foliant,Pulsegrid,Paperloom,Sentyl,Axonmesh,Servora,Curato,Ironhall,46c0bf32,2055e10c,081e5fb5,bfc6f4d0,f36cc003,e55a120c,cbc833b1,817f1201,Enterprise Knowledge Retrieval,AI Observability,Document Automation,AI Security,Robotics Orchestration,AI Inference Infrastructure,AI Training Data,Edge-AI Hardware,2,4,3,1,3,4,2,1,1,2,5,8,7,3,4,6,100,0,0,0,100,0,0,0,50,50,50,50,0,74,62,65,86,78,69,65,62,7,4,5,5,7,3,5,4,61,18,28.4,59.6,29.5,11.1,26.7,32.9,60.964,17.792,28.555,59.379,29.301,10.943,26.784,33.004,14,14,14,14,14,14,14,14,TRUE,TRUE,TRUE,TRUE,TRUE,TRUE,TRUE,TRUE,90,133,122,91,FALSE,FALSE,FALSE,FALSE,FALSE,FALSE,FALSE,FALSE,31,Male,3,3.090909090909091,2,"ETF or ETC, Stock Market, Venture Capital fund, Crowdfunding",White,Canada,Canada,Full-Time,No,No,NA,NA,How closely people look at the info with and without a time limit,They were all pretty similar,586,958,950
419,8,Curato,Ironhall,Foliant,Pulsegrid,Paperloom,Sentyl,Axonmesh,Servora,6b81ec39,3e0eedc2,fa1fe22c,e7f29679,340b9ba1,90a19744,e6065b1a,e06655dc,AI Training Data,Edge-AI Hardware,Enterprise Knowledge Retrieval,AI Observability,Document Automation,AI Security,Robotics Orchestration,AI Inference Infrastructure,2,4,3,1,4,2,1,3,3,1,4,2,7,5,8,6,25,35,20,20,20,30,25,25,10,-5,0,-5,10,60,90,37,36,38,63,58,42,5,4,3,3,5,5,6,5,63.6,20.5,30.4,46.7,35.3,36.7,29.4,27.5,63.777,20.584,30.187,46.763,35.437,36.625,29.34,27.434,14,14,14,14,14,14,14,14,TRUE,TRUE,TRUE,TRUE,TRUE,TRUE,TRUE,TRUE,87,130,120,104,FALSE,FALSE,FALSE,FALSE,FALSE,FALSE,FALSE,FALSE,49,Female,1,3.8181818181818183,3,"ETF or ETC, Stock Market, Crowdfunding",White,United States,United States,"Not in paid work (e.g. homemaker', 'retired or disabled)",No,Yes,NA,The more colorful and full of charts or graphs caught my attention easier. Some of the grayscale ones were eye catching as well.,determining which startup is better according to layout and information given,"some were in color, and some were in grayscale",939,1280,593
420,3,Sentyl,Axonmesh,Servora,Curato,Ironhall,Foliant,Pulsegrid,Paperloom,bcd14e91,4fe27fae,574d1367,14efa601,b5fef669,08321160,f5bfffe5,e20d4e90,AI Security,Robotics Orchestration,AI Inference Infrastructure,AI Training Data,Edge-AI Hardware,Enterprise Knowledge Retrieval,AI Observability,Document Automation,3,2,4,1,1,2,4,3,8,4,1,6,7,3,2,5,20,30,30,20,40,10,30,20,0,0,0,20,0,68,62,28,60,63,69,67,42,5,4,3,5,5,5,5,3,150.1,150,150,164.1,305.7,158.6,151.6,167.3,150.044,150.035,149.904,170.084,305.6,158.502,151.584,167.249,7,9,9,14,14,14,14,14,TRUE,TRUE,TRUE,TRUE,TRUE,TRUE,TRUE,TRUE,0,0,0,0,FALSE,FALSE,FALSE,FALSE,FALSE,FALSE,FALSE,FALSE,28,Female,1,3.3636363636363638,4,"Stock Market, Crowdfunding",Black,United States,United States,Full-Time,No,Yes,NA,some of the small print was difficult to read and the colors used on some of the decks was boring and not attractive color to draw more attention,looking over different startup pitches and seeing which i think would be better to invest in,yes some were not that easy to see the smaller print,1978,1366,641
421,8,Curato,Ironhall,Foliant,Pulsegrid,Paperloom,Sentyl,Axonmesh,Servora,6b81ec39,3e0eedc2,fa1fe22c,e7f29679,340b9ba1,90a19744,e6065b1a,e06655dc,AI Training Data,Edge-AI Hardware,Enterprise Knowledge Retrieval,AI Observability,Document Automation,AI Security,Robotics Orchestration,AI Inference Infrastructure,1,2,3,4,4,3,1,2,6,5,4,8,2,1,3,7,40,10,10,40,40,40,10,10,0,0,30,0,-30,84,75,3,11,90,91,26,8,6,5,2,2,6,6,2,2,150,139,123.9,107.1,85.6,90.5,82.1,91.4,150.018,138.898,123.973,107.001,85.46,90.552,81.987,91.385,13,14,14,14,14,14,14,14,TRUE,TRUE,TRUE,TRUE,TRUE,TRUE,TRUE,TRUE,0,12,27,43,FALSE,FALSE,FALSE,FALSE,FALSE,FALSE,FALSE,FALSE,36,Male,5,3.6363636363636362,4,"Government Bonds, Stock Market, Private Equity fund",White,United Kingdom,United Kingdom,Full-Time,No,Maybe,some of the bad design ones where in fact bad decks others not so much,NA,how people read pitch decks? the grey on grey ones where fairly difficult to get through,all very similar apart from the badly designed ones (colour wise),1218,1649,809
422,2,Axonmesh,Servora,Curato,Ironhall,Foliant,Pulsegrid,Paperloom,Sentyl,f36cc003,e55a120c,cbc833b1,817f1201,46c0bf32,2055e10c,081e5fb5,bfc6f4d0,Robotics Orchestration,AI Inference Infrastructure,AI Training Data,Edge-AI Hardware,Enterprise Knowledge Retrieval,AI Observability,Document Automation,AI Security,3,1,2,4,4,2,1,3,5,4,1,3,8,2,7,6,35,20,30,15,50,15,25,10,5,15,15,25,-10,55,56,57,54,56,56,100,57,6,6,6,7,5,6,5,5,45,149.9,150,149.9,119.1,532.3,174.2,162,44.927,150.023,150.021,150.027,119.048,532.298,174.155,168.492,4,8,14,13,14,14,14,14,TRUE,TRUE,TRUE,TRUE,TRUE,TRUE,TRUE,TRUE,106,0,0,0,FALSE,FALSE,FALSE,FALSE,FALSE,FALSE,FALSE,FALSE,66,Male,10,4.454545454545454,5,"ETF or ETC, Stock Market, Government Bonds, Crowdfunding, Private Equity fund, Venture Capital fund",White,United States,United States,Part-Time,No,No,NA,NA,"Evaluating startup pitch decks and understanding how investors allocate capital based on team credentials, revenue traction, and risk profiles.",T,2459,1920,953
424,3,Sentyl,Axonmesh,Servora,Curato,Ironhall,Foliant,Pulsegrid,Paperloom,bcd14e91,4fe27fae,574d1367,14efa601,b5fef669,08321160,f5bfffe5,e20d4e90,AI Security,Robotics Orchestration,AI Inference Infrastructure,AI Training Data,Edge-AI Hardware,Enterprise Knowledge Retrieval,AI Observability,Document Automation,3,1,2,4,1,4,2,3,6,5,7,4,8,2,3,1,20,30,30,20,25,30,15,30,0,0,5,-10,-5,72,71,40,38,64,61,43,67,5,6,4,3,5,5,3,5,150.1,150.1,149.9,150,194.4,317.7,128.7,260.6,150.042,150.035,150.02,150.034,194.501,317.57,128.547,260.675,14,6,14,14,14,14,14,14,TRUE,TRUE,TRUE,TRUE,TRUE,TRUE,TRUE,TRUE,0,0,0,0,FALSE,FALSE,FALSE,FALSE,FALSE,FALSE,FALSE,FALSE,59,Female,4,3.6363636363636362,4,"Crowdfunding, Government Bonds",White,United Kingdom,United Kingdom,Full-Time,No,No,NA,NA,looking at the time it takes to make comprehnsive decisions ...if given a structured time is it easier to take in the information given or easier when you are given an allocated time. if no time is given one can take longer/be distracted etc.,"all rather boring, very similar.",2415,1920,919
427,1,Servora,Curato,Ironhall,Foliant,Pulsegrid,Paperloom,Sentyl,Axonmesh,737deb7d,37c0ca72,87b7dfe9,3eed90b1,dff2e369,84f4d358,0566fd88,c7e2221f,AI Inference Infrastructure,AI Training Data,Edge-AI Hardware,Enterprise Knowledge Retrieval,AI Observability,Document Automation,AI Security,Robotics Orchestration,2,1,4,3,2,1,4,3,2,4,5,7,1,6,8,3,25,0,0,75,25,75,0,0,-25,-25,50,-25,-75,100,100,2,0,21,95,0,4,6,6,4,4,5,6,4,4,118.3,150.2,59,88,50.6,71.3,33.5,31.3,118.546,150.021,58.95,87.872,50.549,71.286,33.693,31.354,14,8,14,14,14,14,14,14,TRUE,TRUE,TRUE,TRUE,TRUE,TRUE,TRUE,TRUE,32,0,92,63,FALSE,FALSE,FALSE,FALSE,FALSE,FALSE,FALSE,FALSE,73,Female,12,4.181818181818182,4,"Government Bonds, Stock Market, Private Equity fund, Venture Capital fund",White,United States,United States,"Not in paid work (e.g. homemaker', 'retired or disabled)",Maybe a little,Yes,NA,Could not read or did not want to read the muted gray ones. Even the black background was boring to read.,"Not sure, but it was impossible to read the all gray with faded white decks. Give me color and contrast!",Some were so muted gray they were impossible to read. Only one deck in each group was easy to read.,1069,1536,729
428,7,Ironhall,Foliant,Pulsegrid,Paperloom,Sentyl,Axonmesh,Servora,Curato,b5fef669,08321160,f5bfffe5,e20d4e90,bcd14e91,4fe27fae,574d1367,14efa601,Edge-AI Hardware,Enterprise Knowledge Retrieval,AI Observability,Document Automation,AI Security,Robotics Orchestration,AI Inference Infrastructure,AI Training Data,2,1,4,3,2,4,3,1,7,1,2,5,6,3,4,8,40,30,20,10,45,35,5,15,20,10,30,0,-10,61,63,64,62,63,64,86,51,6,5,4,3,6,3,6,4,71.9,97.2,65.7,71.7,125.6,104.4,119.1,121.9,138.565,150.026,149.912,151.036,200.492,189.083,236.506,233.709,6,5,1,6,14,14,14,14,TRUE,TRUE,TRUE,TRUE,TRUE,TRUE,TRUE,TRUE,12,0,0,0,FALSE,FALSE,FALSE,FALSE,FALSE,FALSE,FALSE,FALSE,33,Male,0,3.4545454545454546,4,"Stock Market, Crowdfunding",Mixed,Brazil,Brazil,Full-Time,No,No,NA,NA,This study was about evaluating startup pitch decks and making investment decisions based on how promising each business seemed.,"No, everything seemed standard; the decks were clear and followed a typical startup pitch format with problem, solution, market, and traction slides.",2547,1366,641
429,5,Pulsegrid,Paperloom,Sentyl,Axonmesh,Servora,Curato,Ironhall,Foliant,dff2e369,84f4d358,0566fd88,c7e2221f,737deb7d,37c0ca72,87b7dfe9,3eed90b1,AI Observability,Document Automation,AI Security,Robotics Orchestration,AI Inference Infrastructure,AI Training Data,Edge-AI Hardware,Enterprise Knowledge Retrieval,2,4,3,1,3,1,4,2,3,8,5,6,2,4,7,1,20,30,30,20,30,25,10,35,0,0,5,-10,-5,88,78,100,72,81,88,79,87,5,6,7,4,5,7,5,7,80.9,98.6,66.9,128.3,31.5,92.4,46.7,85.8,88.36,113.022,78.78,148.665,44.215,96.772,51.709,103.036,14,14,14,14,14,14,14,14,TRUE,TRUE,TRUE,TRUE,TRUE,TRUE,TRUE,TRUE,63,38,72,2,FALSE,FALSE,FALSE,FALSE,FALSE,FALSE,FALSE,FALSE,36,Male,1,3.727272727272727,2,"Government Bonds, Stock Market, Crowdfunding",White,United Kingdom,United Kingdom,Full-Time,No,No,NA,NA,I'm not sure. Perhaps which decks I spent the most attention on?,They looked very samey. I felt they sort of blended into one deck but with different colours.,1125,1920,1065
431,6,Foliant,Pulsegrid,Paperloom,Sentyl,Axonmesh,Servora,Curato,Ironhall,46c0bf32,2055e10c,081e5fb5,bfc6f4d0,f36cc003,e55a120c,cbc833b1,817f1201,Enterprise Knowledge Retrieval,AI Observability,Document Automation,AI Security,Robotics Orchestration,AI Inference Infrastructure,AI Training Data,Edge-AI Hardware,1,3,2,4,3,2,1,4,7,2,3,8,4,5,6,1,20,30,15,35,20,35,15,30,0,-15,5,-15,-5,93,93,93,93,93,92,92,92,6,6,6,6,6,6,6,6,94.9,33.5,36.3,41.5,30.3,27.1,52.1,32.8,94.553,33.1,36.105,41.309,30.356,27.073,53.362,32.755,14,14,14,14,14,14,14,14,TRUE,TRUE,TRUE,TRUE,TRUE,TRUE,TRUE,TRUE,56,117,114,109,FALSE,FALSE,FALSE,FALSE,FALSE,FALSE,FALSE,FALSE,35,Male,15,4,4,"ETF or ETC, Government Bonds, Stock Market, Unit trusts, Angel syndicate, Options, Private Equity fund, Venture Capital fund, Crowdfunding, Other",Mixed,Brazil,Brazil,Full-Time,No,No,NA,NA,I think this study was about how people evaluate startup pitch decks and make investment decisions.,Nothing.,1986,1366,641
432,8,Curato,Ironhall,Foliant,Pulsegrid,Paperloom,Sentyl,Axonmesh,Servora,6b81ec39,3e0eedc2,fa1fe22c,e7f29679,340b9ba1,90a19744,e6065b1a,e06655dc,AI Training Data,Edge-AI Hardware,Enterprise Knowledge Retrieval,AI Observability,Document Automation,AI Security,Robotics Orchestration,AI Inference Infrastructure,2,4,1,3,2,3,1,4,1,2,6,4,7,8,5,3,40,20,10,30,20,30,30,20,10,0,0,0,10,81,74,86,84,86,100,84,22,6,6,6,6,6,7,5,5,150,150.1,134.7,142.3,32,17,43.4,16.5,150.017,150.03,134.699,142.184,32.101,17.086,43.261,16.539,14,14,14,14,14,14,14,1,TRUE,TRUE,TRUE,TRUE,TRUE,TRUE,TRUE,TRUE,0,0,16,8,FALSE,FALSE,FALSE,FALSE,FALSE,FALSE,FALSE,FALSE,47,Female,5,4.545454545454546,6,"Government Bonds, Stock Market, Private Equity fund",White,United States,United States,Full-Time,No,No,NA,NA,I think the study is about  deciding which startup requires more attention and resources,no,1359,1280,551
433,1,Servora,Curato,Ironhall,Foliant,Pulsegrid,Paperloom,Sentyl,Axonmesh,737deb7d,37c0ca72,87b7dfe9,3eed90b1,dff2e369,84f4d358,0566fd88,c7e2221f,AI Inference Infrastructure,AI Training Data,Edge-AI Hardware,Enterprise Knowledge Retrieval,AI Observability,Document Automation,AI Security,Robotics Orchestration,1,4,3,2,3,4,1,2,1,3,6,7,4,5,8,2,20,40,30,10,50,25,15,10,10,0,25,15,-15,77,76,63,65,82,79,70,56,6,5,5,5,7,6,5,5,150.1,150.1,149.9,148,142.9,155.7,212.4,120.3,150.02,149.906,150.026,150.026,142.839,155.567,212.899,120.284,14,14,10,13,14,14,14,14,TRUE,TRUE,TRUE,TRUE,TRUE,TRUE,TRUE,TRUE,0,0,0,0,FALSE,FALSE,FALSE,FALSE,FALSE,FALSE,FALSE,FALSE,42,Female,7,4.090909090909091,5,"Government Bonds, Stock Market, Crowdfunding, Other",White,United Kingdom,United Kingdom,Other,No,Maybe,the dullness was off putting but I tried to focus on the key points regardless.,NA,"Having one task given a time limit and the other not will have something to do with it. Seeing what information I make decisions on given the time pressure. Were the companies very similar between tasks one and 2, perhaps key metrics were.",They seemed to have the same format/order of information. Some appeared darker than others. One almost had a graph/bar chart but no labels which was weird.,1905,2560,1279
434,2,Axonmesh,Servora,Curato,Ironhall,Foliant,Pulsegrid,Paperloom,Sentyl,f36cc003,e55a120c,cbc833b1,817f1201,46c0bf32,2055e10c,081e5fb5,bfc6f4d0,Robotics Orchestration,AI Inference Infrastructure,AI Training Data,Edge-AI Hardware,Enterprise Knowledge Retrieval,AI Observability,Document Automation,AI Security,1,2,4,3,4,1,3,2,8,6,2,1,3,5,7,4,15,25,45,15,20,30,20,30,-10,10,0,-10,-10,84,60,38,35,84,53,46,39,5,5,4,2,4,4,4,4,42.3,60,41.4,90.9,28.2,30,20.4,20.7,77.647,60.267,41.546,125.996,302.297,30.2,20.403,20.949,12,14,14,14,10,14,14,14,TRUE,TRUE,TRUE,TRUE,TRUE,TRUE,TRUE,TRUE,73,90,109,25,FALSE,FALSE,FALSE,FALSE,FALSE,FALSE,FALSE,FALSE,24,Male,1,2.4545454545454546,6,"Stock Market, ETF or ETC, Other, Options, Crowdfunding",Mixed,United Kingdom,United Kingdom,Unemployed (and job seeking),No,Maybe,"The ones that where harder to read - not sure if it was intentional, i paid slightly less focus too as they where very 'grey', everything sort of blended it together, harder to fast read",NA,"Evaluating similar startups, looking at small details",Not really,1036,1600,765
435,4,Paperloom,Sentyl,Axonmesh,Servora,Curato,Ironhall,Foliant,Pulsegrid,340b9ba1,90a19744,e6065b1a,e06655dc,6b81ec39,3e0eedc2,fa1fe22c,e7f29679,Document Automation,AI Security,Robotics Orchestration,AI Inference Infrastructure,AI Training Data,Edge-AI Hardware,Enterprise Knowledge Retrieval,AI Observability,4,3,1,2,4,3,1,2,2,6,3,4,7,5,1,8,45,10,30,15,5,5,60,30,5,25,-40,15,45,86,91,15,64,75,69,38,19,7,5,6,3,2,2,6,4,150.1,141.2,150,150.1,111.9,107.3,128.1,120.9,150.035,141.257,150.015,150.018,111.925,107.308,128.219,120.754,9,14,14,9,14,14,14,14,TRUE,TRUE,TRUE,TRUE,TRUE,TRUE,TRUE,TRUE,0,9,0,0,FALSE,FALSE,FALSE,FALSE,FALSE,FALSE,FALSE,FALSE,43,Male,6,3.909090909090909,2,"Government Bonds, Stock Market, Options, Crowdfunding",White,United Kingdom,United Kingdom,Full-Time,No,Maybe,"It certainly slowed my progress through some of them, and in the timed decks that meant I didn't get through all the slides, so that'll probably have had some impact although I tried to not let the presentation influence me.",NA,"I'm guessing it's about how slide design influences the impression people have of the presentation, some of them were noticeably much harder to read than others.","They were all quite uniform in structure, always having two founders, always having the same sort of charts and arrangements in patent listing etc, but I assume that's just because they're generated for this test.
The other unusual thing was that some of them were quite hard to read with striped backgrounds of nearly the same colour as the font, so I had to lean in to read those.",1803,1808,903
437,1,Servora,Curato,Ironhall,Foliant,Pulsegrid,Paperloom,Sentyl,Axonmesh,737deb7d,37c0ca72,87b7dfe9,3eed90b1,dff2e369,84f4d358,0566fd88,c7e2221f,AI Inference Infrastructure,AI Training Data,Edge-AI Hardware,Enterprise Knowledge Retrieval,AI Observability,Document Automation,AI Security,Robotics Orchestration,1,3,4,2,3,2,1,4,6,8,2,4,3,7,5,1,35,10,25,30,40,10,30,20,-5,10,0,20,-5,100,100,35,5,95,100,3,18,7,6,6,4,7,3,6,3,92.3,150.5,150.6,148.4,80.2,105.4,132.1,59.4,92.228,150.505,150.486,148.374,80.165,105.378,132.096,66.834,14,14,14,14,11,14,14,14,TRUE,TRUE,TRUE,TRUE,TRUE,TRUE,TRUE,TRUE,59,0,0,3,FALSE,FALSE,FALSE,FALSE,FALSE,FALSE,FALSE,FALSE,42,Female,5,4.090909090909091,6,"Stock Market, Private Equity fund",Black,United States,United States,Full-Time,No,No,NA,NA,"I think this study was about evaluating different startups based on good and bad qualities they had, such as high revenue and earnings versus limited experience in their business.","I noticed that some pitch decks were darker than others, and some overall looked more thoughtful.",1645,1440,820
438,6,Foliant,Pulsegrid,Paperloom,Sentyl,Axonmesh,Servora,Curato,Ironhall,46c0bf32,2055e10c,081e5fb5,bfc6f4d0,f36cc003,e55a120c,cbc833b1,817f1201,Enterprise Knowledge Retrieval,AI Observability,Document Automation,AI Security,Robotics Orchestration,AI Inference Infrastructure,AI Training Data,Edge-AI Hardware,2,4,1,3,2,1,4,3,1,7,3,2,8,6,4,5,60,0,40,0,50,0,50,0,10,50,0,50,10,100,83,24,14,91,91,22,46,7,3,7,3,7,7,7,3,130.4,89.1,128.1,102.8,90.7,70.5,74.3,60.1,130.469,88.978,128.11,111.833,90.733,70.342,73.942,60.088,14,14,14,14,14,14,14,14,TRUE,TRUE,TRUE,TRUE,TRUE,TRUE,TRUE,TRUE,21,62,23,39,FALSE,FALSE,FALSE,FALSE,FALSE,FALSE,FALSE,FALSE,35,Female,0,3.8181818181818183,7,"Stock Market, Crowdfunding",White,United Kingdom,United Kingdom,Full-Time,No,No,NA,NA,"I think it was about reviewing information in a short period of time, and seeing how that influences your decision making.",Not really unusual. Some of them seemed to have more information than others.,1156,1440,778
441,7,Ironhall,Foliant,Pulsegrid,Paperloom,Sentyl,Axonmesh,Servora,Curato,b5fef669,08321160,f5bfffe5,e20d4e90,bcd14e91,4fe27fae,574d1367,14efa601,Edge-AI Hardware,Enterprise Knowledge Retrieval,AI Observability,Document Automation,AI Security,Robotics Orchestration,AI Inference Infrastructure,AI Training Data,3,4,1,2,3,1,2,4,2,4,5,1,7,8,6,3,5,10,45,40,50,5,40,5,-35,0,5,40,-40,66,73,69,65,59,59,79,51,6,2,6,3,6,3,7,2,74.5,34.5,131.2,102.2,42.7,177.3,34.5,26.2,74.391,34.515,131.147,102.151,42.781,177.092,34.599,26.211,14,14,14,14,14,14,14,14,TRUE,TRUE,TRUE,TRUE,TRUE,TRUE,TRUE,TRUE,76,116,19,48,FALSE,FALSE,FALSE,FALSE,FALSE,FALSE,FALSE,FALSE,47,Male,6,4.363636363636363,5,"ETF or ETC, Government Bonds, Stock Market, Private Equity fund, Venture Capital fund",Black,United States,United States,Full-Time,No,No,NA,NA,To evaluate how people evaluate early start ups using some data.,No,2570,1920,945
443,4,Paperloom,Sentyl,Axonmesh,Servora,Curato,Ironhall,Foliant,Pulsegrid,340b9ba1,90a19744,e6065b1a,e06655dc,6b81ec39,3e0eedc2,fa1fe22c,e7f29679,Document Automation,AI Security,Robotics Orchestration,AI Inference Infrastructure,AI Training Data,Edge-AI Hardware,Enterprise Knowledge Retrieval,AI Observability,3,4,2,1,3,2,4,1,3,7,5,8,2,4,6,1,30,20,35,15,27,30,18,25,0,15,7,-5,-7,69,32,72,19,98,42,57,38,5,5,7,6,6,6,7,5,16.5,39.9,100.8,111.4,32.7,27.6,57.6,47.5,16.446,40.007,100.864,111.403,32.652,27.6,57.384,52.072,1,14,14,14,14,14,14,14,TRUE,TRUE,TRUE,TRUE,TRUE,TRUE,TRUE,TRUE,134,111,50,39,FALSE,FALSE,FALSE,FALSE,FALSE,FALSE,FALSE,FALSE,22,Female,4,4.545454545454546,5,"ETF or ETC, Government Bonds, Stock Market, Private Equity fund",Black,United States,United States,Full-Time,No,Yes,NA,The presentation of the first page was more captivating to trigger one to remember,Evaluating the mental capacity to handle overcrowded detailed information,No,1931,1280,632
444,7,Ironhall,Foliant,Pulsegrid,Paperloom,Sentyl,Axonmesh,Servora,Curato,b5fef669,08321160,f5bfffe5,e20d4e90,bcd14e91,4fe27fae,574d1367,14efa601,Edge-AI Hardware,Enterprise Knowledge Retrieval,AI Observability,Document Automation,AI Security,Robotics Orchestration,AI Inference Infrastructure,AI Training Data,1,2,3,4,3,1,4,2,1,2,5,4,3,7,8,6,75,0,0,25,100,0,0,0,25,25,50,50,-25,100,90,29,8,100,86,23,20,7,6,3,4,7,6,3,2,150.1,84,106.8,136.2,181.2,171.2,89.5,127.4,150.032,84.024,106.703,136.299,181.285,171.091,89.541,127.446,8,14,14,14,14,14,14,14,TRUE,TRUE,TRUE,TRUE,TRUE,TRUE,TRUE,TRUE,0,66,44,14,FALSE,FALSE,FALSE,FALSE,FALSE,FALSE,FALSE,FALSE,58,Male,0,4.636363636363637,3,Crowdfunding,White,United States,United States,Full-Time,No,Yes,NA,"See previous answer. They grey decks were horrible and difficult to read and gather any meaningful information. Essentially, they were greyed-out word salads.",To determine if format and idea complexity/desirability were related.,"2 in each group were very, VERY difficult to read due to the color scheme (grey background with darker grey font) and font size. Even tried enlarging the screen and the fonts were still virtually impossible to read. The other 2 presentations in each group were in color with easy contrast and better (not great) font sizes. The content format and slide positionings were virtually identical with some minor on page formatting differences.",1769,1601,773
445,2,Axonmesh,Servora,Curato,Ironhall,Foliant,Pulsegrid,Paperloom,Sentyl,f36cc003,e55a120c,cbc833b1,817f1201,46c0bf32,2055e10c,081e5fb5,bfc6f4d0,Robotics Orchestration,AI Inference Infrastructure,AI Training Data,Edge-AI Hardware,Enterprise Knowledge Retrieval,AI Observability,Document Automation,AI Security,4,2,1,3,4,2,1,3,6,5,3,4,2,7,1,8,27,18,25,30,30,20,20,30,-5,2,0,0,-5,65,90,79,80,72,66,78,75,5,6,6,6,7,5,6,6,146.6,130.8,146.4,119.6,178.6,78.4,98.4,104.1,150.012,130.78,150.011,119.533,178.348,78.271,98.262,104.134,14,14,5,14,14,14,14,14,TRUE,TRUE,TRUE,TRUE,TRUE,TRUE,TRUE,TRUE,0,20,0,31,FALSE,FALSE,FALSE,FALSE,FALSE,FALSE,FALSE,FALSE,28,Male,2,4,6,"Private Equity fund, Stock Market, Government Bonds",Black,France,Ghana,Full-Time,No,No,NA,NA,reviewing startup documents andthen making decisions on what to invest in.,"Not much, they all followed a certain format which were good and easy to comprehend.",1465,1440,812
446,8,Curato,Ironhall,Foliant,Pulsegrid,Paperloom,Sentyl,Axonmesh,Servora,6b81ec39,3e0eedc2,fa1fe22c,e7f29679,340b9ba1,90a19744,e6065b1a,e06655dc,AI Training Data,Edge-AI Hardware,Enterprise Knowledge Retrieval,AI Observability,Document Automation,AI Security,Robotics Orchestration,AI Inference Infrastructure,1,3,2,4,1,4,3,2,3,1,4,7,6,8,2,5,50,30,10,10,40,20,20,20,30,10,10,10,20,100,100,5,9,100,77,9,10,6,6,3,4,5,5,5,5,150,120.7,150.2,138.9,123.8,92.9,80.1,104.5,150.213,120.781,150.225,138.998,123.858,92.764,80,104.577,10,11,14,13,14,11,14,13,TRUE,TRUE,TRUE,TRUE,TRUE,TRUE,TRUE,TRUE,0,30,0,12,FALSE,FALSE,FALSE,FALSE,FALSE,FALSE,FALSE,FALSE,24,Male,5,4.909090909090909,6,"ETF or ETC, Government Bonds, Stock Market, Unit trusts, Options, Angel syndicate, Private Equity fund, Venture Capital fund, Crowdfunding, Other",White,United Kingdom,United Kingdom,Full-Time,Maybe a little,Maybe,I spent more time on a few decks that required more effort to read. That may have influenced my processing of the idea a bit. I tried to work against my instrinct to give resources to the best visual decks and towards the best company.,NA,I think that there were a few elements. Looking into whether the quality of the pitch deck influences the ammount of attention and financing that I believe that the idea earned. Looking into which of the ideas I actually thought had the most worth and to compare that to your expected outcomes.,I noticed some were far worse in quality. There were some that were rather poor in explaining precisely what they do early in the deck. There were some that were very clear and easy to work through.,1815,1512,949
447,7,Ironhall,Foliant,Pulsegrid,Paperloom,Sentyl,Axonmesh,Servora,Curato,b5fef669,08321160,f5bfffe5,e20d4e90,bcd14e91,4fe27fae,574d1367,14efa601,Edge-AI Hardware,Enterprise Knowledge Retrieval,AI Observability,Document Automation,AI Security,Robotics Orchestration,AI Inference Infrastructure,AI Training Data,1,4,2,3,4,1,3,2,7,6,4,3,5,8,2,1,15,25,45,15,20,25,20,35,-10,10,-5,-10,-5,72,72,64,62,73,73,19,21,5,5,4,5,4,4,3,3,137,139,138.4,144.9,151,86.5,58.2,61.4,150.014,150.03,150.016,150.017,150.943,86.442,58.051,61.342,13,14,14,14,14,14,14,14,TRUE,TRUE,TRUE,TRUE,TRUE,TRUE,TRUE,TRUE,0,0,0,0,FALSE,FALSE,FALSE,FALSE,FALSE,FALSE,FALSE,FALSE,41,Male,5,3.6363636363636362,5,"Stock Market, ETF or ETC, Government Bonds, Options, Private Equity fund, Unit trusts, Angel syndicate",White,United States,United States,Full-Time,Maybe a little,Yes,NA,"The harder it was to read, the harder it was to understand what they were selling.",How long can someone focus on poorly designed slide decks,Some were difficult to read both in color (gray overlay) and font size,1510,1920,911
448,3,Sentyl,Axonmesh,Servora,Curato,Ironhall,Foliant,Pulsegrid,Paperloom,bcd14e91,4fe27fae,574d1367,14efa601,b5fef669,08321160,f5bfffe5,e20d4e90,AI Security,Robotics Orchestration,AI Inference Infrastructure,AI Training Data,Edge-AI Hardware,Enterprise Knowledge Retrieval,AI Observability,Document Automation,4,3,2,1,4,3,1,2,6,7,2,8,3,5,4,1,30,35,20,15,30,25,20,25,15,0,5,0,10,82,70,98,84,87,77,86,85,6,7,7,5,6,5,7,6,119.8,119.4,130,123.6,82.8,183.1,173.7,115.9,119.692,119.379,129.919,123.538,82.769,183.221,173.68,115.914,14,14,14,14,14,14,14,14,TRUE,TRUE,TRUE,TRUE,TRUE,TRUE,TRUE,TRUE,31,31,21,27,FALSE,FALSE,FALSE,FALSE,FALSE,FALSE,FALSE,FALSE,32,Male,2,4.545454545454546,3,"ETF or ETC, Stock Market, Options, Private Equity fund, Crowdfunding, Venture Capital fund",Black,United States,United States,Full-Time,Maybe a little,Yes,NA,Because of how clean and well organized the design was it was easier to understand the information more quickly and gave me a professional outolook.,I think the study was trying to examine how people evaluate business start ups for investments. It seem to be assessing how people decide which ones should have more attention and priority over the other.,I didn't see anything unusual or any type of presentation error.,1603,1920,957
449,5,Pulsegrid,Paperloom,Sentyl,Axonmesh,Servora,Curato,Ironhall,Foliant,dff2e369,84f4d358,0566fd88,c7e2221f,737deb7d,37c0ca72,87b7dfe9,3eed90b1,AI Observability,Document Automation,AI Security,Robotics Orchestration,AI Inference Infrastructure,AI Training Data,Edge-AI Hardware,Enterprise Knowledge Retrieval,4,2,3,1,2,4,3,1,6,3,1,8,2,5,7,4,10,30,20,40,30,20,40,10,-10,-20,0,20,-10,50,72,49,44,76,64,51,48,3,3,4,5,4,4,5,3,121.6,125.4,127.3,127,76.3,73.6,85.5,74.7,127.244,131.27,131.197,150.016,93.344,79.157,93,90.558,14,14,14,7,14,14,14,14,TRUE,TRUE,TRUE,TRUE,TRUE,TRUE,TRUE,TRUE,23,19,19,0,FALSE,FALSE,FALSE,FALSE,FALSE,FALSE,FALSE,FALSE,28,Male,2,3.4545454545454546,2,"ETF or ETC, Government Bonds, Stock Market, Crowdfunding",Asian,United States,United States,Full-Time,No,No,NA,NA,This study was about how people choose startup funding presentations with limited time and unlimited time.,No.,1540,1728,904
450,5,Pulsegrid,Paperloom,Sentyl,Axonmesh,Servora,Curato,Ironhall,Foliant,dff2e369,84f4d358,0566fd88,c7e2221f,737deb7d,37c0ca72,87b7dfe9,3eed90b1,AI Observability,Document Automation,AI Security,Robotics Orchestration,AI Inference Infrastructure,AI Training Data,Edge-AI Hardware,Enterprise Knowledge Retrieval,4,1,3,2,1,4,2,3,5,8,1,6,3,7,2,4,0,50,0,50,0,0,75,25,0,-50,-50,25,50,58,64,60,69,43,61,58,56,3,6,3,5,3,2,3,4,67.3,150.1,60.5,82.8,66.7,24.4,34,48.8,67.247,150.008,60.589,82.608,66.733,24.337,33.952,48.729,14,9,13,13,9,7,8,10,TRUE,TRUE,TRUE,TRUE,TRUE,TRUE,TRUE,TRUE,83,0,90,68,FALSE,FALSE,FALSE,FALSE,FALSE,FALSE,FALSE,FALSE,50,Male,5,3.5454545454545454,5,"Stock Market, Crowdfunding",White,United States,United States,"Not in paid work (e.g. homemaker', 'retired or disabled)",No,No,NA,NA,Which AI company I would invest in for a startup.,Mist seemed to be AI based which is a real gamble these days.,1190,1088,481
452,2,Axonmesh,Servora,Curato,Ironhall,Foliant,Pulsegrid,Paperloom,Sentyl,f36cc003,e55a120c,cbc833b1,817f1201,46c0bf32,2055e10c,081e5fb5,bfc6f4d0,Robotics Orchestration,AI Inference Infrastructure,AI Training Data,Edge-AI Hardware,Enterprise Knowledge Retrieval,AI Observability,Document Automation,AI Security,3,4,1,2,1,3,4,2,7,8,1,2,3,4,5,6,15,30,20,35,30,22,35,13,-5,-15,2,15,-7,31,69,11,18,66,63,64,20,5,5,3,5,6,5,5,3,67.1,79.7,150,85.1,76.5,49.5,29.1,47.5,66.905,79.645,150.012,85.177,76.384,50.808,29.168,47.43,14,14,12,14,14,14,14,14,TRUE,TRUE,TRUE,TRUE,TRUE,TRUE,TRUE,TRUE,84,71,0,65,FALSE,FALSE,FALSE,FALSE,FALSE,FALSE,FALSE,FALSE,22,Male,1,3.4545454545454546,5,"Crowdfunding, Stock Market",White,Brazil,Brazil,Unemployed (and job seeking),No,Yes,NA,"visual clutter, i paid a lot attetion to the big numbers and some of the first tasks had very small words and bad font

","about how much time you have to complete a task influence how you analyze a proposition.
","yes, the slides were different 
",1149,1366,607
453,1,Servora,Curato,Ironhall,Foliant,Pulsegrid,Paperloom,Sentyl,Axonmesh,737deb7d,37c0ca72,87b7dfe9,3eed90b1,dff2e369,84f4d358,0566fd88,c7e2221f,AI Inference Infrastructure,AI Training Data,Edge-AI Hardware,Enterprise Knowledge Retrieval,AI Observability,Document Automation,AI Security,Robotics Orchestration,1,4,2,3,3,1,4,2,4,5,8,7,3,1,6,2,75,0,25,0,75,0,25,0,25,50,25,50,0,74,38,21,72,100,80,68,68,6,2,3,2,6,2,6,3,150,150.4,150.6,150.4,345.6,407.3,269.4,204.4,150.019,150.401,150.401,150.4,345.727,407.169,269.335,204.456,4,10,4,14,14,14,14,14,TRUE,TRUE,TRUE,TRUE,TRUE,TRUE,TRUE,TRUE,0,0,0,0,FALSE,FALSE,FALSE,FALSE,FALSE,FALSE,FALSE,FALSE,54,Female,2,3.5454545454545454,2,Crowdfunding,White,United Kingdom,United Kingdom,Part-Time,No,Maybe,"The larger font definitely helped but mainly, I looked at what was needed in today's world.",NA,"How much time affects your decision-making? However, the slides were very grey, bar the odd one, so I did wonder if you wanted to see whether people chose the coloured slides, larger font ofr the 'easier to read for the layman' type slides. I looked at the figures and whether I thought the product would stand the test of time or be able to move with the times.","Grey tone, size of font, colours. If I were making an eye-catching deck, they would have caught the eye and would have been clearer to read. I did notice a lot of repetition on the slides. I assumed this was because people only read part of the slide.",3178,1680,1050
455,8,Curato,Ironhall,Foliant,Pulsegrid,Paperloom,Sentyl,Axonmesh,Servora,6b81ec39,3e0eedc2,fa1fe22c,e7f29679,340b9ba1,90a19744,e6065b1a,e06655dc,AI Training Data,Edge-AI Hardware,Enterprise Knowledge Retrieval,AI Observability,Document Automation,AI Security,Robotics Orchestration,AI Inference Infrastructure,3,4,2,1,2,1,3,4,6,2,7,3,8,5,4,1,40,5,15,40,35,10,45,10,-5,5,-5,30,0,69,76,58,38,73,66,37,70,5,4,5,6,6,3,6,4,90.1,82.2,124.2,102.8,83.4,197.6,49.3,27.4,90.101,81.988,124.235,102.807,83.344,198.141,49.206,27.393,9,9,8,14,10,11,14,12,TRUE,TRUE,TRUE,TRUE,TRUE,TRUE,TRUE,TRUE,60,69,26,48,FALSE,FALSE,FALSE,FALSE,FALSE,FALSE,FALSE,FALSE,31,Female,2,3.8181818181818183,5,"ETF or ETC, Government Bonds, Stock Market, Angel syndicate, Options, Unit trusts, Venture Capital fund, Private Equity fund, Crowdfunding, Other",Black,Canada,Canada,Full-Time,No,No,NA,NA,Evaluating how we rate start-ups based on their business plans,Some where darker while others were colorful,1658,1920,912
458,1,Servora,Curato,Ironhall,Foliant,Pulsegrid,Paperloom,Sentyl,Axonmesh,737deb7d,37c0ca72,87b7dfe9,3eed90b1,dff2e369,84f4d358,0566fd88,c7e2221f,AI Inference Infrastructure,AI Training Data,Edge-AI Hardware,Enterprise Knowledge Retrieval,AI Observability,Document Automation,AI Security,Robotics Orchestration,3,2,4,1,1,2,3,4,4,1,5,3,6,8,2,7,15,60,10,15,10,20,40,30,25,-25,-20,0,45,86,86,92,64,100,86,91,82,5,5,6,5,7,6,5,5,81.4,83,55.2,103.7,60.3,49.4,80.5,48.3,81.337,87.103,55.346,103.795,59.836,50.072,81.58,49.66,14,14,14,14,14,14,14,14,TRUE,TRUE,TRUE,TRUE,TRUE,TRUE,TRUE,TRUE,69,63,95,47,FALSE,FALSE,FALSE,FALSE,FALSE,FALSE,FALSE,FALSE,37,Male,2,4.2727272727272725,2,"Stock Market, Private Equity fund",White,United Kingdom,United Kingdom,Full-Time,No,Yes,NA,if it was clearer I was more likely to invest,Selection of investment based on powerpoints,no,959,1272,554
460,4,Paperloom,Sentyl,Axonmesh,Servora,Curato,Ironhall,Foliant,Pulsegrid,340b9ba1,90a19744,e6065b1a,e06655dc,6b81ec39,3e0eedc2,fa1fe22c,e7f29679,Document Automation,AI Security,Robotics Orchestration,AI Inference Infrastructure,AI Training Data,Edge-AI Hardware,Enterprise Knowledge Retrieval,AI Observability,1,2,3,4,3,1,2,4,7,5,6,3,1,4,8,2,32,15,25,28,20,15,40,25,-3,7,-15,10,12,99,83,94,86,83,85,100,91,7,5,6,6,5,5,7,7,71.3,100.6,128.6,150.1,17.8,74.6,71.2,17.4,71.168,100.64,128.663,150.021,17.802,74.536,71.105,17.51,14,14,13,12,14,14,14,14,TRUE,TRUE,TRUE,TRUE,TRUE,TRUE,TRUE,TRUE,79,50,22,0,FALSE,FALSE,FALSE,FALSE,FALSE,FALSE,FALSE,FALSE,37,Male,7,4.2727272727272725,2,"ETF or ETC, Stock Market, Angel syndicate, Venture Capital fund, Crowdfunding",White,United Kingdom,United Kingdom,Full-Time,No,No,NA,NA,I think this study was about how people compare different startup companies and decide which one they would invest money into,They were very similar in structure and presentation.,1513,1536,695
461,3,Sentyl,Axonmesh,Servora,Curato,Ironhall,Foliant,Pulsegrid,Paperloom,bcd14e91,4fe27fae,574d1367,14efa601,b5fef669,08321160,f5bfffe5,e20d4e90,AI Security,Robotics Orchestration,AI Inference Infrastructure,AI Training Data,Edge-AI Hardware,Enterprise Knowledge Retrieval,AI Observability,Document Automation,2,1,3,4,3,1,4,2,4,3,2,7,6,5,1,8,45,20,15,20,45,15,20,20,15,10,10,15,5,67,56,23,20,93,85,16,20,6,4,4,3,6,6,5,3,97.4,150.1,103.6,106.5,104,211.4,112.4,124.5,97.373,150.018,103.632,106.46,104.032,211.385,112.347,124.37,14,11,14,14,14,14,14,14,TRUE,TRUE,TRUE,TRUE,TRUE,TRUE,TRUE,TRUE,53,0,47,44,FALSE,FALSE,FALSE,FALSE,FALSE,FALSE,FALSE,FALSE,31,Female,0,3.272727272727273,5,"Government Bonds, Stock Market, Venture Capital fund",White,United States,United States,Full-Time,Maybe a little,Yes,NA,In general I believe when a presentation is more vibrant and eye-catching I am going to be more interested.,How time limitation changes how you address and memorize information.,Some of them were more vibrant than others. Some almost looked greyed out and dull.,1671,1388,910
462,7,Ironhall,Foliant,Pulsegrid,Paperloom,Sentyl,Axonmesh,Servora,Curato,b5fef669,08321160,f5bfffe5,e20d4e90,bcd14e91,4fe27fae,574d1367,14efa601,Edge-AI Hardware,Enterprise Knowledge Retrieval,AI Observability,Document Automation,AI Security,Robotics Orchestration,AI Inference Infrastructure,AI Training Data,3,2,1,4,1,3,4,2,4,6,5,1,7,8,3,2,15,30,40,15,10,70,10,10,-5,5,30,-30,-35,80,78,57,24,67,87,26,30,5,5,4,2,5,6,4,3,114.3,150.5,150.4,12.7,8.9,7.2,6.1,15.7,114.151,150.4,150.401,123.445,85.514,109.125,6.067,151.503,14,1,8,14,14,14,14,14,TRUE,TRUE,TRUE,TRUE,TRUE,TRUE,TRUE,TRUE,37,0,0,0,FALSE,FALSE,FALSE,FALSE,FALSE,FALSE,FALSE,FALSE,36,Male,7,3.1818181818181817,6,"ETF or ETC, Stock Market, Venture Capital fund",White,United Kingdom,United Kingdom,Full-Time,No,Yes,NA,Too dull,N/a,Greyscale,1295,1440,756
463,3,Sentyl,Axonmesh,Servora,Curato,Ironhall,Foliant,Pulsegrid,Paperloom,bcd14e91,4fe27fae,574d1367,14efa601,b5fef669,08321160,f5bfffe5,e20d4e90,AI Security,Robotics Orchestration,AI Inference Infrastructure,AI Training Data,Edge-AI Hardware,Enterprise Knowledge Retrieval,AI Observability,Document Automation,1,2,4,3,4,1,2,3,4,6,2,3,8,5,7,1,30,10,45,15,40,10,35,15,-10,25,0,25,-10,74,26,84,36,75,49,83,49,6,3,7,3,6,4,6,4,87.4,72,80.1,68.3,68,85.6,77.9,65.9,87.252,71.963,80.172,68.204,73.049,85.49,77.945,65.936,14,14,14,14,14,14,14,14,TRUE,TRUE,TRUE,TRUE,TRUE,TRUE,TRUE,TRUE,63,79,70,82,FALSE,FALSE,FALSE,FALSE,FALSE,FALSE,FALSE,FALSE,23,Female,4,4.636363636363637,4,"Stock Market, Venture Capital fund, Private Equity fund",Black,United States,United States,Full-Time,Yes,Yes,NA,"The decks that looked cleaner and more professional felt more trustworthy to me. The ones that looked simpler or less polished made me think the team might not be as experienced, even if the idea was still good.","It was about seeing how well we can judge which business ideas are worth paying attention to or investing in, based on their pitch decks.",No,1259,1526,1166
464,2,Axonmesh,Servora,Curato,Ironhall,Foliant,Pulsegrid,Paperloom,Sentyl,f36cc003,e55a120c,cbc833b1,817f1201,46c0bf32,2055e10c,081e5fb5,bfc6f4d0,Robotics Orchestration,AI Inference Infrastructure,AI Training Data,Edge-AI Hardware,Enterprise Knowledge Retrieval,AI Observability,Document Automation,AI Security,1,3,2,4,4,2,1,3,8,4,3,5,2,6,1,7,50,50,0,0,50,50,0,0,50,0,50,0,0,67,69,3,4,88,99,3,4,5,4,2,1,6,6,2,1,150,150.2,149.9,150,164.4,133.2,144.4,112.9,150.034,150.047,150.033,150.039,164.302,133.378,144.378,113.063,8,14,14,14,14,14,14,14,TRUE,TRUE,TRUE,TRUE,TRUE,TRUE,TRUE,TRUE,0,0,0,0,FALSE,FALSE,FALSE,FALSE,FALSE,FALSE,FALSE,FALSE,39,Female,10,3.909090909090909,5,"Crowdfunding, Other",White,United Kingdom,United Kingdom,Full-Time,No,Yes,NA,I did not allocate any tokens to the grey/harder to read slide decks,Seeing whether grey or harder to read slide decks were less effective,Some were grey/harder to read,1605,1920,912
465,6,Foliant,Pulsegrid,Paperloom,Sentyl,Axonmesh,Servora,Curato,Ironhall,46c0bf32,2055e10c,081e5fb5,bfc6f4d0,f36cc003,e55a120c,cbc833b1,817f1201,Enterprise Knowledge Retrieval,AI Observability,Document Automation,AI Security,Robotics Orchestration,AI Inference Infrastructure,AI Training Data,Edge-AI Hardware,1,4,3,2,2,4,3,1,7,8,2,6,1,3,5,4,0,25,50,25,50,0,50,0,-25,0,0,50,-25,52,76,26,70,99,90,38,46,4,5,5,5,7,3,6,7,150,88.1,74.8,98,58.8,46,44.5,75.8,150.02,88.141,74.828,98.056,58.506,45.84,44.601,75.505,6,14,14,14,14,14,14,14,TRUE,TRUE,TRUE,TRUE,TRUE,TRUE,TRUE,TRUE,0,62,76,52,FALSE,FALSE,FALSE,FALSE,FALSE,FALSE,FALSE,FALSE,39,Female,3,3.3636363636363638,1,"Crowdfunding, Government Bonds",White,United States,United States,"Not in paid work (e.g. homemaker', 'retired or disabled)",No,No,NA,NA,"I am not quite sure enough to even presume, I'm sorry.",Just very tiny text that made it difficult to read.,1434,1366,633
467,6,Foliant,Pulsegrid,Paperloom,Sentyl,Axonmesh,Servora,Curato,Ironhall,46c0bf32,2055e10c,081e5fb5,bfc6f4d0,f36cc003,e55a120c,cbc833b1,817f1201,Enterprise Knowledge Retrieval,AI Observability,Document Automation,AI Security,Robotics Orchestration,AI Inference Infrastructure,AI Training Data,Edge-AI Hardware,3,2,1,4,4,3,1,2,4,5,7,2,8,1,6,3,35,15,35,15,40,15,30,15,0,20,5,20,-5,70,62,67,64,82,63,61,63,6,3,5,3,5,3,4,3,139.1,150,132.1,150.5,102.7,153.4,159.1,137.9,139.159,150.021,132.001,150.451,102.757,153.576,159.248,137.872,14,12,14,11,14,14,14,14,TRUE,TRUE,TRUE,TRUE,TRUE,TRUE,TRUE,TRUE,11,0,18,0,FALSE,FALSE,FALSE,FALSE,FALSE,FALSE,FALSE,FALSE,55,Female,0,3.3636363636363638,2,"Stock Market, Crowdfunding",White,France,Norway,Full-Time,No,No,NA,NA,"Since you asked about fatigue, maybe your are looking at whether attention dwindles towards the end of the task (did I spend less time reviewing the last decks)?","I don't know what unusual would mean in this context. They were all built on a similar structure and could often be divided in categories (pure AI/AI for existing environments, strong founding team/weak founding team, etc.)",1726,1477,709
468,1,Servora,Curato,Ironhall,Foliant,Pulsegrid,Paperloom,Sentyl,Axonmesh,737deb7d,37c0ca72,87b7dfe9,3eed90b1,dff2e369,84f4d358,0566fd88,c7e2221f,AI Inference Infrastructure,AI Training Data,Edge-AI Hardware,Enterprise Knowledge Retrieval,AI Observability,Document Automation,AI Security,Robotics Orchestration,3,2,4,1,3,1,4,2,6,7,8,5,1,4,3,2,25,40,20,15,20,20,20,40,15,-5,-10,-10,25,61,39,33,58,64,45,40,36,6,3,3,5,5,3,3,3,60.4,150,12.4,130.1,67.8,13.9,6.6,7.8,60.284,150.02,12.409,129.939,67.687,13.706,6.735,10.347,6,14,14,14,14,14,14,14,TRUE,TRUE,TRUE,TRUE,TRUE,TRUE,TRUE,TRUE,90,0,138,21,FALSE,FALSE,FALSE,FALSE,FALSE,FALSE,FALSE,FALSE,35,Male,8,4.090909090909091,6,"Crowdfunding, Stock Market",Black,United Kingdom,United Kingdom,Full-Time,Yes,No,NA,NA,"It looked at how people evaluate and prioritise startup pitch decks and whether factos like team background, market size, traction influences how much attention or investment they allocate to each one.",not particularly,2499,767,695
469,3,Sentyl,Axonmesh,Servora,Curato,Ironhall,Foliant,Pulsegrid,Paperloom,bcd14e91,4fe27fae,574d1367,14efa601,b5fef669,08321160,f5bfffe5,e20d4e90,AI Security,Robotics Orchestration,AI Inference Infrastructure,AI Training Data,Edge-AI Hardware,Enterprise Knowledge Retrieval,AI Observability,Document Automation,4,3,1,2,4,1,3,2,1,5,7,3,4,6,8,2,40,30,10,20,40,30,10,20,20,0,20,0,0,32,70,36,27,75,86,35,69,5,5,6,3,6,6,4,5,30.6,39.8,94.3,75.3,14.1,43.8,38.7,44.3,71.484,64.964,151.905,150.024,30.849,77.137,44.966,48.279,14,14,14,14,14,14,14,14,TRUE,TRUE,TRUE,TRUE,TRUE,TRUE,TRUE,TRUE,79,86,0,0,FALSE,FALSE,FALSE,FALSE,FALSE,FALSE,FALSE,FALSE,41,Male,5,4.2727272727272725,3,"Government Bonds, Stock Market, ETF or ETC, Venture Capital fund, Unit trusts",Black,United States,United States,Part-Time,No,No,NA,NA,It was about how people evaluate startup pitch decks and make investment decisions when given a time limit and without a time limit.,Yes you were not able to return to previous decks. Others were not easily readable while others were very clear,1852,1366,633
470,3,Sentyl,Axonmesh,Servora,Curato,Ironhall,Foliant,Pulsegrid,Paperloom,bcd14e91,4fe27fae,574d1367,14efa601,b5fef669,08321160,f5bfffe5,e20d4e90,AI Security,Robotics Orchestration,AI Inference Infrastructure,AI Training Data,Edge-AI Hardware,Enterprise Knowledge Retrieval,AI Observability,Document Automation,1,2,3,4,4,3,1,2,8,2,3,1,7,5,4,6,20,8,70,2,95,1,3,1,-22,40,46,48,-68,75,35,14,31,100,98,20,6,4,5,7,3,7,1,4,1,150.5,150.4,150.5,150.4,115.5,224.7,235,123.3,150.323,150.317,150.331,150.375,115.324,224.757,248.278,123.29,14,14,14,14,14,14,14,14,TRUE,TRUE,TRUE,TRUE,TRUE,TRUE,TRUE,TRUE,0,0,0,0,FALSE,FALSE,FALSE,FALSE,FALSE,FALSE,FALSE,FALSE,35,Male,5,3.4545454545454546,2,"ETF or ETC, Government Bonds, Stock Market, Unit trusts, Angel syndicate, Options, Private Equity fund, Venture Capital fund, Crowdfunding, Other",Mixed,United States,United States,Full-Time,Maybe a little,Yes,NA,"Yes, presentation is important, if they can't present properly then I'm not interested in investing","Evaluating startup decks as an investor, and grading them in two rounds of 4 each.",They all had the same photos of people or repeated photos as the founders,2019,1016,994
471,3,Sentyl,Axonmesh,Servora,Curato,Ironhall,Foliant,Pulsegrid,Paperloom,bcd14e91,4fe27fae,574d1367,14efa601,b5fef669,08321160,f5bfffe5,e20d4e90,AI Security,Robotics Orchestration,AI Inference Infrastructure,AI Training Data,Edge-AI Hardware,Enterprise Knowledge Retrieval,AI Observability,Document Automation,3,4,1,2,2,3,1,4,3,8,2,7,1,6,4,5,45,5,50,0,55,5,35,5,0,45,10,40,-10,41,37,57,30,40,45,36,91,6,3,7,3,7,4,6,4,131.8,133.8,142.9,127.4,117.5,100.6,100.1,98.3,131.988,133.883,150.01,127.554,117.391,100.601,99.965,98.365,14,12,14,14,14,14,14,12,TRUE,TRUE,TRUE,TRUE,TRUE,TRUE,TRUE,TRUE,19,17,0,23,FALSE,FALSE,FALSE,FALSE,FALSE,FALSE,FALSE,FALSE,45,Male,0,2.3636363636363638,4,"ETF or ETC, Stock Market, Crowdfunding",White,United States,United States,Full-Time,No,No,NA,NA,Trying to determine which startups had the most potential,some of them had no color/graphics,1425,1920,911
474,1,Servora,Curato,Ironhall,Foliant,Pulsegrid,Paperloom,Sentyl,Axonmesh,737deb7d,37c0ca72,87b7dfe9,3eed90b1,dff2e369,84f4d358,0566fd88,c7e2221f,AI Inference Infrastructure,AI Training Data,Edge-AI Hardware,Enterprise Knowledge Retrieval,AI Observability,Document Automation,AI Security,Robotics Orchestration,1,4,2,3,4,2,3,1,7,3,8,1,6,5,2,4,50,20,10,20,25,20,25,30,20,10,-5,0,25,65,72,17,30,37,74,38,30,5,5,2,2,3,5,3,2,150.1,150.1,135.7,102.7,60.1,54.4,56.8,84.2,150.015,150.013,135.662,102.484,60.078,54.459,56.6,84.063,11,12,14,14,14,14,14,14,TRUE,TRUE,TRUE,TRUE,TRUE,TRUE,TRUE,TRUE,0,0,15,48,FALSE,FALSE,FALSE,FALSE,FALSE,FALSE,FALSE,FALSE,42,Male,2,3.090909090909091,5,"Government Bonds, ETF or ETC, Stock Market, Options, Private Equity fund, Other",Mixed,Brazil,Brazil,Part-Time,No,No,NA,NA,I think this study is designed to observe how people make decisions in situations with a high level of uncertainty and when they have much more information to analyze than the available time allows.,Some of them were quite difficult to read because of the gray background.,1505,1642,847
475,5,Pulsegrid,Paperloom,Sentyl,Axonmesh,Servora,Curato,Ironhall,Foliant,dff2e369,84f4d358,0566fd88,c7e2221f,737deb7d,37c0ca72,87b7dfe9,3eed90b1,AI Observability,Document Automation,AI Security,Robotics Orchestration,AI Inference Infrastructure,AI Training Data,Edge-AI Hardware,Enterprise Knowledge Retrieval,2,3,1,4,1,4,3,2,7,4,5,6,2,8,3,1,50,30,0,20,40,40,0,20,30,0,30,-10,0,77,89,36,41,76,96,36,14,4,5,3,3,6,7,5,4,139.3,150,128.1,134.4,178.6,264.7,133.7,129.9,139.549,150.044,128.017,134.511,178.201,264.594,133.55,129.703,14,14,14,14,14,14,14,14,TRUE,TRUE,TRUE,TRUE,TRUE,TRUE,TRUE,TRUE,11,0,22,16,FALSE,FALSE,FALSE,FALSE,FALSE,FALSE,FALSE,FALSE,53,Male,10,3.6363636363636362,5,"ETF or ETC, Stock Market, Unit trusts, Crowdfunding",White,United Kingdom,United Kingdom,Part-Time,No,Yes,NA,I had to dismiss some of the presentations as I just couldn't read enough of the information.,"I'm not sure, although some of the presentation were very difficult to read, so maybe something to do with that.","Some of them had the same information, and some of them were very hard to read.",1839,1366,641
476,5,Pulsegrid,Paperloom,Sentyl,Axonmesh,Servora,Curato,Ironhall,Foliant,dff2e369,84f4d358,0566fd88,c7e2221f,737deb7d,37c0ca72,87b7dfe9,3eed90b1,AI Observability,Document Automation,AI Security,Robotics Orchestration,AI Inference Infrastructure,AI Training Data,Edge-AI Hardware,Enterprise Knowledge Retrieval,4,2,3,1,2,1,4,3,5,7,4,1,6,3,8,2,30,10,25,35,30,10,35,25,-10,5,-10,15,0,64,100,25,17,100,93,31,12,6,6,5,6,2,4,7,5,91.3,122.9,121.4,114.4,95,173.7,60.2,67.8,91.22,122.701,121.35,114.376,94.801,173.605,60.253,67.803,14,14,14,14,14,14,14,14,TRUE,TRUE,TRUE,TRUE,TRUE,TRUE,TRUE,TRUE,59,28,29,36,FALSE,FALSE,FALSE,FALSE,FALSE,FALSE,FALSE,FALSE,29,Male,2,4.2727272727272725,5,"Stock Market, Private Equity fund",Black,Canada,Canada,Part-Time,Maybe a little,Maybe,"The instructions said the focus should be on the quality of the content of the presentation and not the display, so I tried to focus on that even though it meant straining my eyes",NA,"The study aimed at perception on AI topics and applications. Where some pitches were very good but the way it was visually presented wasn't the best, some were blurry or not bright but overall good pitches.

I also took into consideration the cost of using each product.","Yes, some were not displayed clearly enough for the reader even though the pitches were good.",2212,1366,633
477,7,Ironhall,Foliant,Pulsegrid,Paperloom,Sentyl,Axonmesh,Servora,Curato,b5fef669,08321160,f5bfffe5,e20d4e90,bcd14e91,4fe27fae,574d1367,14efa601,Edge-AI Hardware,Enterprise Knowledge Retrieval,AI Observability,Document Automation,AI Security,Robotics Orchestration,AI Inference Infrastructure,AI Training Data,3,1,2,4,1,2,4,3,7,2,3,1,6,5,8,4,20,0,35,45,25,70,5,0,-30,5,45,-20,-75,94,90,35,80,65,92,8,17,5,2,5,6,4,6,3,2,150.1,150.2,149.9,150.1,103.9,251.3,71,242.6,149.901,149.901,149.9,149.901,106.951,256.98,70.897,242.65,14,14,14,14,14,14,14,14,TRUE,TRUE,TRUE,TRUE,TRUE,TRUE,TRUE,TRUE,0,0,0,0,FALSE,FALSE,FALSE,FALSE,FALSE,FALSE,FALSE,FALSE,40,Male,10,3.909090909090909,5,"ETF or ETC, Stock Market, Government Bonds, Options, Private Equity fund",Mixed,United States,United States,Full-Time,No,Yes,NA,It was simply easier for me to fade out of attention when it wasn't presented in a sharp contrasting way.,How focused we are when timed and let to our own devices afterwards.,I noticed a couple in the second deck were faded to a degree it made it harder to focus.,2095,600,836
479,4,Paperloom,Sentyl,Axonmesh,Servora,Curato,Ironhall,Foliant,Pulsegrid,340b9ba1,90a19744,e6065b1a,e06655dc,6b81ec39,3e0eedc2,fa1fe22c,e7f29679,Document Automation,AI Security,Robotics Orchestration,AI Inference Infrastructure,AI Training Data,Edge-AI Hardware,Enterprise Knowledge Retrieval,AI Observability,4,2,1,3,1,4,2,3,2,6,8,4,1,3,5,7,45,8,40,7,30,5,60,5,3,35,-15,40,18,88,90,93,89,86,89,92,86,7,4,5,2,6,2,7,2,134.5,145.3,150.6,117.3,62.6,54.4,73.8,47,134.347,145.235,150.401,117.228,62.532,54.201,73.913,47.027,14,14,14,14,14,14,13,14,TRUE,TRUE,TRUE,TRUE,TRUE,TRUE,TRUE,TRUE,17,6,0,34,FALSE,FALSE,FALSE,FALSE,FALSE,FALSE,FALSE,FALSE,21,Male,1,3.6363636363636362,2,"ETF or ETC, Stock Market, Private Equity fund, Government Bonds",White,United Kingdom,United Kingdom,Full-Time,No,No,NA,NA,Seeing how people's perception of the pitch decks changes depending on how good it looks and if people ignore the data on the slides because the slides look worse.,"Some looked nice like real pitch decks, whilst others were weird and grey.",1635,1440,699
480,7,Ironhall,Foliant,Pulsegrid,Paperloom,Sentyl,Axonmesh,Servora,Curato,b5fef669,08321160,f5bfffe5,e20d4e90,bcd14e91,4fe27fae,574d1367,14efa601,Edge-AI Hardware,Enterprise Knowledge Retrieval,AI Observability,Document Automation,AI Security,Robotics Orchestration,AI Inference Infrastructure,AI Training Data,4,2,1,3,2,4,1,3,2,4,6,3,1,5,8,7,30,20,30,20,30,30,20,20,0,10,10,0,-10,84,79,32,37,69,88,54,19,6,6,5,5,5,7,6,5,89.4,150.2,130.6,150,39.5,147.1,45,217.8,89.211,150.017,130.505,150.014,39.565,147.1,44.925,217.841,14,11,14,14,14,14,14,14,TRUE,TRUE,TRUE,TRUE,TRUE,TRUE,TRUE,TRUE,61,0,20,0,FALSE,FALSE,FALSE,FALSE,FALSE,FALSE,FALSE,FALSE,30,Female,3,4.545454545454546,6,"ETF or ETC, Stock Market, Crowdfunding, Private Equity fund",Asian,United Kingdom,United Kingdom,Part-Time,Maybe a little,Yes,NA,pitch decks with clear font and bright background were visually appealing,the study was about looking at multiple pitch decks and allocating investment accordingly with and without time constraint.,some pitch decks were hard to read as the font was too small and too much information was given that was not easy to remember.,1656,1366,633
481,8,Curato,Ironhall,Foliant,Pulsegrid,Paperloom,Sentyl,Axonmesh,Servora,6b81ec39,3e0eedc2,fa1fe22c,e7f29679,340b9ba1,90a19744,e6065b1a,e06655dc,AI Training Data,Edge-AI Hardware,Enterprise Knowledge Retrieval,AI Observability,Document Automation,AI Security,Robotics Orchestration,AI Inference Infrastructure,1,4,3,2,1,2,3,4,7,4,2,6,3,5,1,8,24,20,30,26,30,50,10,10,-6,4,30,-10,-36,35,49,77,53,90,100,25,58,3,4,6,4,7,7,2,5,150,138.9,47.6,17.3,81.8,70.4,34.5,204.3,150.019,146.731,65.611,17.262,81.742,70.428,34.51,209.175,14,14,14,1,14,14,14,14,TRUE,TRUE,TRUE,TRUE,TRUE,TRUE,TRUE,TRUE,0,4,85,133,FALSE,FALSE,FALSE,FALSE,FALSE,FALSE,FALSE,FALSE,45,Male,5,4.454545454545454,1,"ETF or ETC, Government Bonds, Stock Market, Unit trusts, Private Equity fund, Crowdfunding",Black,Canada,Canada,Full-Time,No,Yes,NA,"Yes, to a small extent. A clear, professional, and well organized design made some decks easier to read and understand, which may have affected my initial impressions .",I think the study was about how people evaluate startup investment opportunities when they have limited attention and information. It examined how participants decide which startups deserve further review and how they allocate investment capital based on their assessment of each company's quality and potential.,"No, I did not notice anything particularly unusual.",2660,1536,695
483,1,Servora,Curato,Ironhall,Foliant,Pulsegrid,Paperloom,Sentyl,Axonmesh,737deb7d,37c0ca72,87b7dfe9,3eed90b1,dff2e369,84f4d358,0566fd88,c7e2221f,AI Inference Infrastructure,AI Training Data,Edge-AI Hardware,Enterprise Knowledge Retrieval,AI Observability,Document Automation,AI Security,Robotics Orchestration,4,2,1,3,4,1,3,2,8,5,7,1,4,6,3,2,40,10,40,10,30,10,40,20,0,30,-10,20,10,100,100,96,80,97,97,99,93,7,4,7,5,7,5,7,7,136.3,128.9,149.1,128,193.9,94.3,113,106.4,136.138,128.721,149.111,128.014,193.94,94.531,112.962,106.223,14,14,14,14,14,14,14,14,TRUE,TRUE,TRUE,TRUE,TRUE,TRUE,TRUE,TRUE,14,22,1,22,FALSE,FALSE,FALSE,FALSE,FALSE,FALSE,FALSE,FALSE,37,Male,3,5,4,"Stock Market, Private Equity fund, Other, Government Bonds, Options",Asian,India,India,Full-Time,Maybe a little,No,NA,NA,This study is focused on the evaluation of startups and how people look at the idea of those startups and get funding from external investors,I think the base format of all the pitch decks was the same and the way they were presented. The order of the slides was the same,2197,1792,923
485,5,Pulsegrid,Paperloom,Sentyl,Axonmesh,Servora,Curato,Ironhall,Foliant,dff2e369,84f4d358,0566fd88,c7e2221f,737deb7d,37c0ca72,87b7dfe9,3eed90b1,AI Observability,Document Automation,AI Security,Robotics Orchestration,AI Inference Infrastructure,AI Training Data,Edge-AI Hardware,Enterprise Knowledge Retrieval,2,3,4,1,4,3,1,2,4,3,1,8,7,6,2,5,35,25,30,10,45,20,10,25,10,15,15,5,-5,77,80,39,43,82,78,37,62,5,5,3,4,7,5,3,5,118.7,150.1,143.1,131.7,105.5,125,85,151.6,118.758,150.019,143.03,131.959,107.519,129.113,85.138,151.657,14,9,14,14,14,14,14,14,TRUE,TRUE,TRUE,TRUE,TRUE,TRUE,TRUE,TRUE,32,0,7,19,FALSE,FALSE,FALSE,FALSE,FALSE,FALSE,FALSE,FALSE,34,Male,2,3.1818181818181817,4,"Stock Market, Venture Capital fund, Crowdfunding, ETF or ETC",Black,United States,United States,Part-Time,No,Maybe,clean and bold designs makes it easy to assimilate the facts and intents of a pitch.,NA,The study is about how people use facts to make investment decisions.,"No, I did not notice anything unusual.",2238,1536,695
486,5,Pulsegrid,Paperloom,Sentyl,Axonmesh,Servora,Curato,Ironhall,Foliant,dff2e369,84f4d358,0566fd88,c7e2221f,737deb7d,37c0ca72,87b7dfe9,3eed90b1,AI Observability,Document Automation,AI Security,Robotics Orchestration,AI Inference Infrastructure,AI Training Data,Edge-AI Hardware,Enterprise Knowledge Retrieval,3,2,4,1,3,1,4,2,1,2,7,3,4,5,6,8,30,15,30,25,30,20,30,20,-5,10,0,10,-5,86,100,75,85,87,84,81,96,5,6,5,6,7,6,6,6,116.2,137.5,133.4,146.5,52.3,72.5,51.7,81.5,116.176,145.689,133.414,149.911,52.348,72.322,51.579,81.514,14,14,14,14,14,14,14,14,TRUE,TRUE,TRUE,TRUE,TRUE,TRUE,TRUE,TRUE,34,5,17,0,FALSE,FALSE,FALSE,FALSE,FALSE,FALSE,FALSE,FALSE,46,Female,2,4.545454545454546,3,"Government Bonds, Private Equity fund",Asian,India,India,Unemployed (and job seeking),No,No,NA,NA,The study was about evaluating startups with the help of pitch decks to understand their business plan and how they are planning to get investor's support,Every pitch deck was different from one another regarding their business plan,1729,1440,812
487,4,Paperloom,Sentyl,Axonmesh,Servora,Curato,Ironhall,Foliant,Pulsegrid,340b9ba1,90a19744,e6065b1a,e06655dc,6b81ec39,3e0eedc2,fa1fe22c,e7f29679,Document Automation,AI Security,Robotics Orchestration,AI Inference Infrastructure,AI Training Data,Edge-AI Hardware,Enterprise Knowledge Retrieval,AI Observability,4,3,1,2,1,4,3,2,1,8,4,6,5,3,7,2,60,0,40,0,50,0,50,0,10,50,0,50,10,61,33,63,20,56,30,63,19,5,4,6,4,6,4,6,4,150.7,150.5,149.9,144.4,150.2,93.8,122.6,123.3,150.401,150.403,149.901,144.57,150.075,93.851,122.591,123.31,14,14,8,14,14,14,14,14,TRUE,TRUE,TRUE,TRUE,TRUE,TRUE,TRUE,TRUE,0,0,0,6,FALSE,FALSE,FALSE,FALSE,FALSE,FALSE,FALSE,FALSE,45,Female,0,3.909090909090909,7,"ETF or ETC, Stock Market, Crowdfunding",White,United Kingdom,United Kingdom,Part-Time,No,Maybe,"I tried to give them all a fair shout based on the data and I do think that my decisions were based on this, but it's possible",NA,"I'm not sure, I thought there might be questions about what we used to make our decisions - I noticed that there was a lot of information that I didn't understand and so my decisions were based more on people stuff - like the founders committment, how much had been committed by others, and patents, that kind of thing. I thought it might be something about that - how we decide stuff when we're overwhelmed or confused?","They were not very visually interesting a lot of the time, a lot of grey and small text. They weren't very human, they didn't present stuff in an appealing way or make a lot of sense to someone who isn't knowledgeable about the field. I went for ones where I could get a bit of a grip on what they were talking about",1725,1272,590
491,4,Paperloom,Sentyl,Axonmesh,Servora,Curato,Ironhall,Foliant,Pulsegrid,340b9ba1,90a19744,e6065b1a,e06655dc,6b81ec39,3e0eedc2,fa1fe22c,e7f29679,Document Automation,AI Security,Robotics Orchestration,AI Inference Infrastructure,AI Training Data,Edge-AI Hardware,Enterprise Knowledge Retrieval,AI Observability,3,1,2,4,2,3,1,4,6,3,4,1,8,2,5,7,20,25,35,20,20,25,25,30,-5,5,-5,-5,0,88,90,35,34,88,93,35,43,4,6,6,5,7,5,6,6,45.4,150,150,44.3,202.6,111.9,514.9,152.9,53.86,150.022,150.035,44.315,202.502,111.663,518.176,154.099,14,14,14,14,14,14,14,14,TRUE,TRUE,TRUE,TRUE,TRUE,TRUE,TRUE,TRUE,97,0,0,106,FALSE,FALSE,FALSE,FALSE,FALSE,FALSE,FALSE,FALSE,25,Female,3,4.545454545454546,2,"ETF or ETC, Crowdfunding, Stock Market, Venture Capital fund, Options",Black,United States,Nigeria,Full-Time,No,No,NA,NA,"The study was about individual view and evaluation of companies with AI incorporation, noting company's goals, target, key position holders.",Some with bright colors seemed dark and had their wordings difficult to comprehend.,2696,1280,585
493,8,Curato,Ironhall,Foliant,Pulsegrid,Paperloom,Sentyl,Axonmesh,Servora,6b81ec39,3e0eedc2,fa1fe22c,e7f29679,340b9ba1,90a19744,e6065b1a,e06655dc,AI Training Data,Edge-AI Hardware,Enterprise Knowledge Retrieval,AI Observability,Document Automation,AI Security,Robotics Orchestration,AI Inference Infrastructure,1,2,3,4,3,1,4,2,3,6,1,4,7,8,2,5,25,25,30,20,25,20,25,30,0,5,-5,0,5,55,55,55,47,52,55,52,55,5,5,4,4,5,4,5,5,150,150.1,147.9,112.7,64.4,214.7,62.6,283.3,150.059,149.916,147.98,112.601,67.729,214.536,62.547,286.379,14,14,14,14,14,14,14,14,TRUE,TRUE,TRUE,TRUE,TRUE,TRUE,TRUE,TRUE,0,0,3,38,FALSE,FALSE,FALSE,FALSE,FALSE,FALSE,FALSE,FALSE,53,Female,8,3.727272727272727,2,"Stock Market, ETF or ETC, Private Equity fund",White,United States,United States,Full-Time,No,No,NA,NA,"Evaluating investor memory, pitch deck metrics, and capital allocation decisions across different early stage startups.","The slide numbers, layout and overall template structure were identical across the different startups decks.",2096,1366,607
495,3,Sentyl,Axonmesh,Servora,Curato,Ironhall,Foliant,Pulsegrid,Paperloom,bcd14e91,4fe27fae,574d1367,14efa601,b5fef669,08321160,f5bfffe5,e20d4e90,AI Security,Robotics Orchestration,AI Inference Infrastructure,AI Training Data,Edge-AI Hardware,Enterprise Knowledge Retrieval,AI Observability,Document Automation,4,1,2,3,2,1,3,4,4,3,7,2,1,8,5,6,15,30,35,20,35,20,20,25,-5,0,5,5,-10,100,96,48,23,73,92,36,34,7,6,4,2,5,7,3,3,150.1,150.1,150.1,150.3,327.5,285.4,307.3,158,150.101,150.15,150.154,150.149,328.716,289.107,307.416,159.119,12,8,14,14,14,14,14,14,TRUE,TRUE,TRUE,TRUE,TRUE,TRUE,TRUE,TRUE,0,0,0,0,FALSE,FALSE,FALSE,FALSE,FALSE,FALSE,FALSE,FALSE,34,Male,1,3.8181818181818183,1,"Stock Market, Crowdfunding, Options, Private Equity fund",White,United States,United States,Full-Time,Maybe a little,No,NA,NA,I think it might have been aimed at collecting data on the amount of time participants spent reviewing different categories of information that were presented in these startup investment proposals in order to establish a hierarchy of importance when it comes to marketing these companies to investors.,I noticed that some of the decks were not that flattering in their design aesthetic and also slightly difficult to read due to their color choices.,2882,1280,607
497,1,Servora,Curato,Ironhall,Foliant,Pulsegrid,Paperloom,Sentyl,Axonmesh,737deb7d,37c0ca72,87b7dfe9,3eed90b1,dff2e369,84f4d358,0566fd88,c7e2221f,AI Inference Infrastructure,AI Training Data,Edge-AI Hardware,Enterprise Knowledge Retrieval,AI Observability,Document Automation,AI Security,Robotics Orchestration,4,1,2,3,1,4,3,2,4,5,6,7,8,1,2,3,25,25,25,25,30,20,40,10,0,0,0,20,0,78,79,86,86,51,51,51,75,7,6,6,6,5,5,5,6,57.2,150.1,150.1,150.1,114.8,43.3,48.8,46.1,57.075,149.899,150.036,150.032,114.787,43.231,48.827,46.162,14,14,13,8,14,14,14,14,TRUE,TRUE,TRUE,TRUE,TRUE,TRUE,TRUE,TRUE,93,0,0,0,FALSE,FALSE,FALSE,FALSE,FALSE,FALSE,FALSE,FALSE,32,Male,1,4.2727272727272725,7,"Government Bonds, Crowdfunding",Black,United States,Kenya,Part-Time,Yes,No,NA,NA,Testing how people evaluate and allocate funding across different startup pitch decks.,No there was nothing unusual.,2221,1280,731
499,5,Pulsegrid,Paperloom,Sentyl,Axonmesh,Servora,Curato,Ironhall,Foliant,dff2e369,84f4d358,0566fd88,c7e2221f,737deb7d,37c0ca72,87b7dfe9,3eed90b1,AI Observability,Document Automation,AI Security,Robotics Orchestration,AI Inference Infrastructure,AI Training Data,Edge-AI Hardware,Enterprise Knowledge Retrieval,3,2,1,4,1,2,3,4,5,4,8,7,6,1,2,3,25,15,30,30,20,40,25,15,-10,5,10,-5,-20,83,100,100,100,100,100,92,100,5,4,7,5,7,6,7,5,118.3,105.2,149.9,98.6,70.1,65.6,74.8,57.5,118.37,105.005,150.022,98.487,69.911,65.459,74.678,57.377,14,7,14,14,14,14,14,14,TRUE,TRUE,TRUE,TRUE,TRUE,TRUE,TRUE,TRUE,32,45,0,52,FALSE,FALSE,FALSE,FALSE,FALSE,FALSE,FALSE,FALSE,31,Male,7,4.090909090909091,1,"ETF or ETC, Stock Market, Unit trusts, Angel syndicate, Private Equity fund",White,United States,United States,Full-Time,No,No,NA,NA,How different individuals evaluate different startup pitch decks.,Nothing was unusual.,1629,1536,730
500,8,Curato,Ironhall,Foliant,Pulsegrid,Paperloom,Sentyl,Axonmesh,Servora,6b81ec39,3e0eedc2,fa1fe22c,e7f29679,340b9ba1,90a19744,e6065b1a,e06655dc,AI Training Data,Edge-AI Hardware,Enterprise Knowledge Retrieval,AI Observability,Document Automation,AI Security,Robotics Orchestration,AI Inference Infrastructure,3,1,4,2,4,2,3,1,4,6,8,1,5,7,2,3,10,40,10,40,35,40,15,10,0,-30,25,0,-25,80,75,30,41,73,90,37,43,5,6,4,5,6,7,3,5,149.9,149.9,120.9,87.8,67.4,99.5,85.7,234.8,150.017,150.013,120.704,105.865,179.073,99.516,85.818,284.984,14,14,14,14,14,14,14,14,TRUE,TRUE,TRUE,TRUE,TRUE,TRUE,TRUE,TRUE,0,0,30,45,FALSE,FALSE,FALSE,FALSE,FALSE,FALSE,FALSE,FALSE,59,Male,3,3.3636363636363638,3,"ETF or ETC, Stock Market, Unit trusts, Crowdfunding",White,United Kingdom,United Kingdom,Full-Time,Maybe a little,No,NA,NA,It was about us trying to evaluate the viability of a business start-up based upon future forecasts,Some of them were on a dull grey background to make them seem less interesting,2172,1536,826
501,6,Foliant,Pulsegrid,Paperloom,Sentyl,Axonmesh,Servora,Curato,Ironhall,46c0bf32,2055e10c,081e5fb5,bfc6f4d0,f36cc003,e55a120c,cbc833b1,817f1201,Enterprise Knowledge Retrieval,AI Observability,Document Automation,AI Security,Robotics Orchestration,AI Inference Infrastructure,AI Training Data,Edge-AI Hardware,1,3,2,4,2,1,4,3,2,1,6,4,5,8,7,3,60,15,10,15,40,15,25,20,25,20,5,15,20,88,40,38,43,88,98,71,60,5,3,3,4,5,4,4,4,148.1,67.8,149.9,33.8,175.6,64.9,55.3,94.7,150.026,91.666,150.04,33.804,175.539,71.275,59.546,99.626,14,14,14,14,14,14,14,14,TRUE,TRUE,TRUE,TRUE,TRUE,TRUE,TRUE,TRUE,0,59,0,117,FALSE,FALSE,FALSE,FALSE,FALSE,FALSE,FALSE,FALSE,25,Male,2,3,1,"ETF or ETC, Stock Market, Private Equity fund, Crowdfunding",Asian,United Kingdom,United Kingdom,Unemployed (and job seeking),No,No,NA,NA,To see if people would spend more or less time when not restricted by the timer and evaluate how that changed their decison making choices.,Some were well designed and bright while others were very grey and dull,1452,1366,651
502,7,Ironhall,Foliant,Pulsegrid,Paperloom,Sentyl,Axonmesh,Servora,Curato,b5fef669,08321160,f5bfffe5,e20d4e90,bcd14e91,4fe27fae,574d1367,14efa601,Edge-AI Hardware,Enterprise Knowledge Retrieval,AI Observability,Document Automation,AI Security,Robotics Orchestration,AI Inference Infrastructure,AI Training Data,2,4,1,3,2,4,3,1,5,6,8,7,1,3,4,2,NA,NA,NA,NA,NA,NA,NA,NA,NA,NA,NA,NA,NA,68,42,65,68,70,65,35,77,5,3,6,5,5,4,3,6,44.9,105.9,89.1,102.5,40.2,68.5,46.8,90.5,111.649,105.791,109.178,102.312,40.079,68.351,46.538,90.403,14,14,14,14,14,14,14,13,FALSE,FALSE,FALSE,FALSE,FALSE,FALSE,FALSE,FALSE,39,45,41,48,TRUE,TRUE,TRUE,TRUE,TRUE,TRUE,TRUE,TRUE,37,Male,0,4.181818181818182,2,"ETF or ETC, Government Bonds, Stock Market, Options, Private Equity fund, Venture Capital fund, Crowdfunding",White,United States,United States,Full-Time,No,Maybe,I might have put more weight on ones I liked more visually.,NA,How we interpret a slide deck and the confidence we put in it.,They felt very fake or AI generated.,881,1847,910
503,7,Ironhall,Foliant,Pulsegrid,Paperloom,Sentyl,Axonmesh,Servora,Curato,b5fef669,08321160,f5bfffe5,e20d4e90,bcd14e91,4fe27fae,574d1367,14efa601,Edge-AI Hardware,Enterprise Knowledge Retrieval,AI Observability,Document Automation,AI Security,Robotics Orchestration,AI Inference Infrastructure,AI Training Data,3,4,2,1,1,4,3,2,3,2,5,1,7,4,6,8,10,30,45,15,25,30,25,20,-10,5,5,0,-15,60,61,48,61,48,60,48,63,6,6,5,5,6,6,6,5,74,150.1,150,150.1,236.7,88.9,185.5,276.4,77.102,150.021,150.014,150.032,236.641,88.883,209.816,276.445,2,8,7,5,14,14,14,14,TRUE,TRUE,TRUE,TRUE,TRUE,TRUE,TRUE,TRUE,73,0,0,0,FALSE,FALSE,FALSE,FALSE,FALSE,FALSE,FALSE,FALSE,29,Female,0,3.6363636363636362,3,"Government Bonds, Crowdfunding",Black,United Kingdom,United Kingdom,Part-Time,No,Yes,NA,"the visual design influenced my decisions slightly. A clean layout, clear structure, and professional presentation made some startups appear more credible and easier to understand.","The study was about how people assess and compare early-stage startups, including their potential, strengths, and risks, then make investment decisions based on the information provided.","Yes, the pitch decks were very polished and followed a similar startup-investor format. They used clear sections, strong visuals, and financial figures, although some claims and projections seemed more ambitious than fully proven.",2831,1036,606
505,3,Sentyl,Axonmesh,Servora,Curato,Ironhall,Foliant,Pulsegrid,Paperloom,bcd14e91,4fe27fae,574d1367,14efa601,b5fef669,08321160,f5bfffe5,e20d4e90,AI Security,Robotics Orchestration,AI Inference Infrastructure,AI Training Data,Edge-AI Hardware,Enterprise Knowledge Retrieval,AI Observability,Document Automation,3,1,4,2,2,1,3,4,2,5,6,8,3,7,1,4,40,10,40,10,40,20,30,10,0,30,10,20,-10,71,100,79,51,87,93,81,56,7,3,7,3,7,4,6,3,150.1,150,150.1,150.2,253.9,245.5,205.4,189.1,150.021,150.02,150.024,150.014,253.907,245.349,205.437,195.003,11,2,14,14,14,14,14,14,TRUE,TRUE,TRUE,TRUE,TRUE,TRUE,TRUE,TRUE,0,0,0,0,FALSE,FALSE,FALSE,FALSE,FALSE,FALSE,FALSE,FALSE,39,Female,4,2.909090909090909,6,"Stock Market, Unit trusts, Other, Venture Capital fund",Black,Canada,Canada,Full-Time,No,No,NA,NA,To asses how potential investors sift through information from different startups to make investment decisions.,Nothing unusual. The pitch decks highlighted key information to facilitate quick decision making.,2619,1280,585
507,5,Pulsegrid,Paperloom,Sentyl,Axonmesh,Servora,Curato,Ironhall,Foliant,dff2e369,84f4d358,0566fd88,c7e2221f,737deb7d,37c0ca72,87b7dfe9,3eed90b1,AI Observability,Document Automation,AI Security,Robotics Orchestration,AI Inference Infrastructure,AI Training Data,Edge-AI Hardware,Enterprise Knowledge Retrieval,3,2,4,1,2,3,1,4,7,5,6,1,2,3,8,4,30,40,15,15,30,40,15,15,20,-5,20,-5,0,63,80,17,63,69,88,21,18,5,5,2,2,4,6,2,2,7.8,36.6,16.8,28.6,19.8,8.5,8.3,8.2,7.875,36.442,16.756,28.48,19.731,8.301,8.294,8.3,14,14,14,14,14,14,14,14,TRUE,TRUE,TRUE,TRUE,TRUE,TRUE,TRUE,TRUE,143,114,134,122,FALSE,FALSE,FALSE,FALSE,FALSE,FALSE,FALSE,FALSE,25,Female,1,3.909090909090909,3,"Stock Market, Crowdfunding, Unit trusts, ETF or ETC, Private Equity fund",Asian,United Kingdom,United Kingdom,Full-Time,No,Yes,NA,the visual design was a great factor because it was first impression the colors used in sliders were somewhst more or less appealing to eye,"In the study the task was to look at four startup pitch decks.
Then to give more attention to the startups which in my opinion think are the best.","some were presented in black and white greyish forms that appeared to be made with less effort, while a couple were were in more modern and appealing way",3069,1920,991
511,7,Ironhall,Foliant,Pulsegrid,Paperloom,Sentyl,Axonmesh,Servora,Curato,b5fef669,08321160,f5bfffe5,e20d4e90,bcd14e91,4fe27fae,574d1367,14efa601,Edge-AI Hardware,Enterprise Knowledge Retrieval,AI Observability,Document Automation,AI Security,Robotics Orchestration,AI Inference Infrastructure,AI Training Data,3,2,1,4,2,3,1,4,5,1,3,7,8,6,4,2,15,35,20,30,25,25,40,10,0,-15,0,15,0,59,75,66,72,73,59,72,71,5,5,5,5,5,4,5,5,67.5,122.2,150,79,72.1,29.1,198.4,49,67.624,122.25,150.019,79.07,72.177,28.972,198.456,48.8,14,14,9,14,14,14,14,14,TRUE,TRUE,TRUE,TRUE,TRUE,TRUE,TRUE,TRUE,83,28,0,71,FALSE,FALSE,FALSE,FALSE,FALSE,FALSE,FALSE,FALSE,32,Male,7,3.4545454545454546,5,"Stock Market, Private Equity fund, Crowdfunding, Venture Capital fund",Black,United Kingdom,United Kingdom,Full-Time,Maybe a little,No,NA,NA,The study was looking at how people judge startup pitches and decide which companies are worth spending more time or money on. It seemed interested in what information people rely on when comparing different startups and making investment or screening decisions.,"The decks were presented in a consistent format, which made them easy to compare.",2966,1098,944
513,1,Servora,Curato,Ironhall,Foliant,Pulsegrid,Paperloom,Sentyl,Axonmesh,737deb7d,37c0ca72,87b7dfe9,3eed90b1,dff2e369,84f4d358,0566fd88,c7e2221f,AI Inference Infrastructure,AI Training Data,Edge-AI Hardware,Enterprise Knowledge Retrieval,AI Observability,Document Automation,AI Security,Robotics Orchestration,1,3,2,4,2,1,3,4,5,4,8,7,6,2,1,3,35,15,30,20,35,25,30,10,0,15,10,15,-10,99,75,85,87,100,94,26,60,7,6,6,5,7,4,4,3,116.5,100,106.1,84.2,97.7,75.8,76.4,74.9,116.35,99.713,106.178,84.217,97.738,75.91,76.415,75.028,14,13,14,10,10,10,14,7,TRUE,TRUE,TRUE,TRUE,TRUE,TRUE,TRUE,TRUE,34,51,44,66,FALSE,FALSE,FALSE,FALSE,FALSE,FALSE,FALSE,FALSE,30,Male,5,3.8181818181818183,5,"ETF or ETC, Government Bonds, Stock Market, Angel syndicate",Black,United States,United States,Part-Time,Maybe a little,No,NA,NA,I think the study was about how people evaluate startup investment opportunities based on pitch decks and how they decide to allocate attention and investment capital among different companies.,No,3171,1528,732
518,6,Foliant,Pulsegrid,Paperloom,Sentyl,Axonmesh,Servora,Curato,Ironhall,46c0bf32,2055e10c,081e5fb5,bfc6f4d0,f36cc003,e55a120c,cbc833b1,817f1201,Enterprise Knowledge Retrieval,AI Observability,Document Automation,AI Security,Robotics Orchestration,AI Inference Infrastructure,AI Training Data,Edge-AI Hardware,2,3,4,1,3,1,2,4,1,6,3,2,7,4,5,8,0,20,80,0,0,0,100,0,-30,30,-50,50,20,100,60,17,0,98,87,5,0,6,5,3,1,7,6,2,1,116.2,72.8,94.5,115.2,43.2,811.1,61.2,80.5,123.865,76.379,98.462,121.208,43.169,811.865,61.336,80.443,14,14,14,14,14,14,14,5,TRUE,TRUE,TRUE,TRUE,TRUE,TRUE,TRUE,TRUE,27,74,52,29,FALSE,FALSE,FALSE,FALSE,FALSE,FALSE,FALSE,FALSE,27,Male,0,4.181818181818182,5,"ETF or ETC, Stock Market, Private Equity fund",Mixed,United Kingdom,Turkey,Full-Time,No,Maybe,"Some were horrible to read but had better ideas. Also, having bad contrast is going to make it less appealing",NA,How people evaluate repetitive information under a time limit and what changes when we remove the limit.,Constrat was horrible in some of the decks,2885,1920,911
521,5,Pulsegrid,Paperloom,Sentyl,Axonmesh,Servora,Curato,Ironhall,Foliant,dff2e369,84f4d358,0566fd88,c7e2221f,737deb7d,37c0ca72,87b7dfe9,3eed90b1,AI Observability,Document Automation,AI Security,Robotics Orchestration,AI Inference Infrastructure,AI Training Data,Edge-AI Hardware,Enterprise Knowledge Retrieval,3,2,4,1,1,3,2,4,6,2,8,1,7,3,4,5,25,15,35,25,30,30,25,15,-10,10,10,5,-20,33,61,61,39,63,73,63,75,4,5,4,6,5,3,5,3,150.1,149.9,150.1,138.5,111.7,101.4,104.8,83.9,149.9,150.026,149.905,150.017,111.695,108.692,104.893,83.812,14,13,14,10,14,14,14,14,TRUE,TRUE,TRUE,TRUE,TRUE,TRUE,TRUE,TRUE,0,0,0,0,FALSE,FALSE,FALSE,FALSE,FALSE,FALSE,FALSE,FALSE,38,Male,2,3.6363636363636362,5,"Government Bonds, ETF or ETC, Stock Market, Crowdfunding, Private Equity fund, Options",White,Canada,Canada,Full-Time,No,Maybe,"By the end of the study, a few of them were beginning to feel a bit like the others",NA,Probably about what data to take into consideration before committing to a decision.,"Nothing unusual per se, maybe a few graphs were a bit off in regards to the data.",1520,1866,955
